0.00239583333333333,-0.0656843185424805
0.00572916666666667,-0.0662803649902344
0.0090625,-0.0665783882141113
0.0123958333333333,-0.0666379928588867
0.0157291666666667,-0.0664591789245605
0.0190625,-0.0660419464111328
0.0223958333333333,-0.0655651092529297
0.0257291666666667,-0.0649094581604004
0.0290625,-0.0641942024230957
0.0323958333333333,-0.0634193420410156
0.0357291666666667,-0.0625252723693848
0.0390625,-0.0616312026977539
0.0423958333333333,-0.0606179237365723
0.0457291666666667,-0.0595450401306152
0.0490625,-0.0583529472351074
0.0523958333333333,-0.0570416450500488
0.0557291666666667,-0.0556111335754395
0.0590625,-0.0540018081665039
0.0623958333333333,-0.0522732734680176
0.0657291666666667,-0.0503659248352051
0.0690625,-0.0482797622680664
0.0723958333333333,-0.0460147857666016
0.0757291666666667,-0.0435709953308105
0.0790625,-0.0410676002502441
0.0823958333333333,-0.0385046005249023
0.0857291666666667,-0.0358819961547852
0.0890625,-0.033259391784668
0.0923958333333333,-0.0305771827697754
0.0957291666666667,-0.0278949737548828
0.0990625,-0.0252127647399902
0.102395833333333,-0.0225305557250977
0.105729166666667,-0.0198483467102051
0.1090625,-0.0171661376953125
0.112395833333333,-0.0144243240356445
0.115729166666667,-0.0116825103759766
0.1190625,-0.0088810920715332
0.122395833333333,-0.00607967376708984
0.125729166666667,-0.00321865081787109
0.1290625,-0.000298023223876953
0.132395833333333,0.00262260437011719
0.135729166666667,0.00566244125366211
0.1390625,0.00882148742675781
0.142395833333333,0.0119805335998535
0.145729166666667,0.0151991844177246
0.1490625,0.0184774398803711
0.152395833333333,0.0217556953430176
0.155729166666667,0.0250339508056641
0.1590625,0.0282526016235352
0.162395833333333,0.0314712524414063
0.165729166666667,0.034630298614502
0.1690625,0.0377297401428223
0.172395833333333,0.0407099723815918
0.175729166666667,0.0435709953308105
0.1790625,0.0463724136352539
0.182395833333333,0.0490546226501465
0.185729166666667,0.0516772270202637
0.1890625,0.0541806221008301
0.192395833333333,0.0566244125366211
0.195729166666667,0.0590085983276367
0.1990625,0.061333179473877
0.202395833333333,0.0635981559753418
0.205729166666667,0.0658631324768066
0.2090625,0.0680088996887207
0.212395833333333,0.0700950622558594
0.215729166666667,0.0721216201782227
0.2190625,0.0740885734558105
0.222395833333333,0.075995922088623
0.225729166666667,0.0777840614318848
0.2290625,0.0795722007751465
0.232395833333333,0.0812411308288574
0.235729166666667,0.082850456237793
0.2390625,0.0843405723571777
0.242395833333333,0.0857114791870117
0.245729166666667,0.0869035720825195
0.2490625,0.0879168510437012
0.252395833333333,0.0886917114257813
0.255729166666667,0.0891685485839844
0.2590625,0.0892877578735352
0.262395833333333,0.089108943939209
0.265729166666667,0.0886321067810059
0.2690625,0.087738037109375
0.272395833333333,0.0864267349243164
0.275729166666667,0.0848174095153809
0.2790625,0.082850456237793
0.282395833333333,0.0805258750915527
0.285729166666667,0.0779032707214355
0.2890625,0.0749826431274414
0.292395833333333,0.0717639923095703
0.295729166666667,0.068366527557373
0.2990625,0.0647306442260742
0.302395833333333,0.0609755516052246
0.305729166666667,0.0571012496948242
0.3090625,0.0532269477844238
0.312395833333333,0.0493526458740234
0.315729166666667,0.0455975532531738
0.3190625,0.0419020652770996
0.322395833333333,0.038444995880127
0.325729166666667,0.0351667404174805
0.3290625,0.0321269035339355
0.332395833333333,0.0293254852294922
0.335729166666667,0.0267624855041504
0.3390625,0.0244975090026855
0.342395833333333,0.0224709510803223
0.345729166666667,0.0206828117370605
0.3490625,0.0191926956176758
0.352395833333333,0.0178813934326172
0.355729166666667,0.0168681144714355
0.3590625,0.0159740447998047
0.362395833333333,0.0153779983520508
0.365729166666667,0.0148415565490723
0.3690625,0.0144839286804199
0.372395833333333,0.0142455101013184
0.375729166666667,0.0140070915222168
0.3790625,0.0138282775878906
0.382395833333333,0.0136494636535645
0.385729166666667,0.0134706497192383
0.3890625,0.0132322311401367
0.392395833333333,0.0128746032714844
0.395729166666667,0.0124573707580566
0.3990625,0.0119209289550781
0.402395833333333,0.0112652778625488
0.405729166666667,0.0104308128356934
0.4090625,0.00947713851928711
0.412395833333333,0.00840425491333008
0.415729166666667,0.00721216201782227
0.4190625,0.00584125518798828
0.422395833333333,0.00435113906860352
0.425729166666667,0.00274181365966797
0.4290625,0.00101327896118164
0.432395833333333,-0.000834465026855469
0.435729166666667,-0.00280141830444336
0.4390625,-0.00488758087158203
0.442395833333333,-0.00703334808349609
0.445729166666667,-0.00929832458496094
0.4490625,-0.0116825103759766
0.452395833333333,-0.0140666961669922
0.455729166666667,-0.0164508819580078
0.4590625,-0.0188946723937988
0.462395833333333,-0.0212788581848145
0.465729166666667,-0.0236630439758301
0.4690625,-0.0259280204772949
0.472395833333333,-0.0281929969787598
0.475729166666667,-0.0303387641906738
0.4790625,-0.0324249267578125
0.482395833333333,-0.0344514846801758
0.485729166666667,-0.0363588333129883
0.4890625,-0.0382065773010254
0.492395833333333,-0.0399351119995117
0.495729166666667,-0.0416040420532227
0.4990625,-0.0431537628173828
0.502395833333333,-0.0446438789367676
0.505729166666667,-0.0460147857666016
0.5090625,-0.0473260879516602
0.512395833333333,-0.0485777854919434
0.515729166666667,-0.0497102737426758
0.5190625,-0.0507235527038574
0.522395833333333,-0.0516176223754883
0.525729166666667,-0.052332878112793
0.5290625,-0.0528693199157715
0.532395833333333,-0.0532865524291992
0.535729166666667,-0.05340576171875
0.5390625,-0.0533461570739746
0.542395833333333,-0.053107738494873
0.545729166666667,-0.0526309013366699
0.5490625,-0.0519156455993652
0.552395833333333,-0.050961971282959
0.555729166666667,-0.0497102737426758
0.5590625,-0.0481605529785156
0.562395833333333,-0.0463724136352539
0.565729166666667,-0.0442862510681152
0.5690625,-0.0420212745666504
0.572395833333333,-0.0396370887756348
0.575729166666667,-0.0371336936950684
0.5790625,-0.0345706939697266
0.582395833333333,-0.0321269035339355
0.585729166666667,-0.0298023223876953
0.5890625,-0.027775764465332
0.592395833333333,-0.0259876251220703
0.595729166666667,-0.0245571136474609
0.5990625,-0.0234842300415039
0.602395833333333,-0.0227093696594238
0.605729166666667,-0.0223517417907715
0.6090625,-0.0223517417907715
0.612395833333333,-0.0227093696594238
0.615729166666667,-0.0234246253967285
0.6190625,-0.0244379043579102
0.622395833333333,-0.0256896018981934
0.625729166666667,-0.0271797180175781
0.6290625,-0.0289082527160645
0.632395833333333,-0.0307559967041016
0.635729166666667,-0.0327229499816895
0.6390625,-0.0348091125488281
0.642395833333333,-0.0368356704711914
0.645729166666667,-0.0388622283935547
0.6490625,-0.040888786315918
0.652395833333333,-0.0427961349487305
0.655729166666667,-0.0446438789367676
0.6590625,-0.0463724136352539
0.662395833333333,-0.0479221343994141
0.665729166666667,-0.049293041229248
0.6690625,-0.0504851341247559
0.672395833333333,-0.0513792037963867
0.675729166666667,-0.052034854888916
0.6790625,-0.0523924827575684
0.682395833333333,-0.0523924827575684
0.685729166666667,-0.0519752502441406
0.6890625,-0.0513195991516113
0.692395833333333,-0.0502467155456543
0.695729166666667,-0.0488758087158203
0.6990625,-0.0472664833068848
0.702395833333333,-0.0454187393188477
0.705729166666667,-0.0433921813964844
0.7090625,-0.0411868095397949
0.712395833333333,-0.0389218330383301
0.715729166666667,-0.0365376472473145
0.7190625,-0.0341534614562988
0.722395833333333,-0.0317692756652832
0.725729166666667,-0.029444694519043
0.7290625,-0.0270605087280273
0.732395833333333,-0.0247955322265625
0.735729166666667,-0.0224709510803223
0.7390625,-0.0202059745788574
0.742395833333333,-0.0179409980773926
0.745729166666667,-0.0156164169311523
0.7490625,-0.0132322311401367
0.752395833333333,-0.0107884407043457
0.755729166666667,-0.0082850456237793
0.7590625,-0.00578165054321289
0.762395833333333,-0.00339746475219727
0.765729166666667,-0.00119209289550781
0.7690625,0.000655651092529297
0.772395833333333,0.00196695327758789
0.775729166666667,0.0025629997253418
0.7790625,0.00220537185668945
0.782395833333333,0.000834465026855469
0.785729166666667,-0.00160932540893555
0.7890625,-0.00524520874023438
0.792395833333333,-0.00995397567749023
0.795729166666667,-0.015556812286377
0.7990625,-0.0219345092773438
0.802395833333333,-0.0287890434265137
0.805729166666667,-0.0359416007995605
0.8090625,-0.043034553527832
0.812395833333333,-0.0499486923217773
0.815729166666667,-0.0563859939575195
0.8190625,-0.0621676445007324
0.822395833333333,-0.0672340393066406
0.825729166666667,-0.0714659690856934
0.8290625,-0.0748634338378906
0.832395833333333,-0.0773072242736816
0.835729166666667,-0.0789165496826172
0.8390625,-0.0795722007751465
0.842395833333333,-0.0793933868408203
0.845729166666667,-0.0782012939453125
0.8490625,-0.0761151313781738
0.852395833333333,-0.0730156898498535
0.855729166666667,-0.0687241554260254
0.8590625,-0.0631809234619141
0.862395833333333,-0.056147575378418
0.865729166666667,-0.0473856925964355
0.8690625,-0.0367164611816406
0.872395833333333,-0.0237226486206055
0.875729166666667,-0.00822544097900391
0.8790625,0.0100135803222656
0.882395833333333,0.0312328338623047
0.885729166666667,0.0554919242858887
0.8890625,0.0827312469482422
0.892395833333333,0.112771987915039
0.895729166666667,0.145196914672852
0.8990625,0.179588794708252
0.902395833333333,0.215232372283936
0.905729166666667,0.251412391662598
0.9090625,0.287353992462158
0.912395833333333,0.322222709655762
0.915729166666667,0.355303287506104
0.9190625,0.38599967956543
0.922395833333333,0.413835048675537
0.925729166666667,0.438570976257324
0.9290625,0.460028648376465
0.932395833333333,0.478267669677734
0.935729166666667,0.49358606338501
0.9390625,0.506162643432617
0.942395833333333,0.516533851623535
0.945729166666667,0.525116920471191
0.9490625,0.532329082489014
0.952395833333333,0.53858757019043
0.955729166666667,0.544250011444092
0.9590625,0.549554824829102
0.962395833333333,0.554800033569336
0.965729166666667,0.56004524230957
0.9690625,0.565230846405029
0.972395833333333,0.570356845855713
0.975729166666667,0.57518482208252
0.9790625,0.579416751861572
0.982395833333333,0.58281421661377
0.985729166666667,0.58513879776001
0.9890625,0.586032867431641
0.992395833333333,0.585198402404785
0.995729166666667,0.582516193389893
0.9990625,0.577867031097412
1.00239583333333,0.571191310882568
1.00572916666667,0.562667846679688
1.0090625,0.55241584777832
1.01239583333333,0.540852546691895
1.01572916666667,0.528335571289063
1.0190625,0.515282154083252
1.02239583333333,0.502228736877441
1.02572916666667,0.489592552185059
1.0290625,0.477910041809082
1.03239583333333,0.467538833618164
1.03572916666667,0.458776950836182
1.0390625,0.451743602752686
1.04239583333333,0.446677207946777
1.04572916666667,0.443398952484131
1.0490625,0.441968441009521
1.05239583333333,0.442087650299072
1.05572916666667,0.443577766418457
1.0590625,0.445961952209473
1.06239583333333,0.449001789093018
1.06572916666667,0.452220439910889
1.0690625,0.455141067504883
1.07239583333333,0.457406044006348
1.07572916666667,0.458598136901855
1.0790625,0.458240509033203
1.08239583333333,0.456035137176514
1.08572916666667,0.451624393463135
1.0890625,0.44482946395874
1.09239583333333,0.435531139373779
1.09572916666667,0.423729419708252
1.0990625,0.409305095672607
1.10239583333333,0.392258167266846
1.10572916666667,0.37229061126709
1.1090625,0.348806381225586
1.11239583333333,0.320672988891602
1.11572916666667,0.285983085632324
1.1190625,0.241637229919434
1.12239583333333,0.183820724487305
1.12572916666667,0.107705593109131
1.1290625,0.00822544097900391
1.13239583333333,-0.119447708129883
1.13572916666667,-0.279068946838379
1.1390625,-0.472187995910645
1.14239583333333,-0.6980299949646
1.14572916666667,-0.952243804931641
1.1490625,-1.22755765914917
1.15239583333333,-1.51342153549194
1.15572916666667,-1.79719924926758
1.1590625,-2.06500291824341
1.16239583333333,-2.30342149734497
1.16572916666667,-2.50059366226196
1.1690625,-2.64739990234375
1.17239583333333,-2.73823738098145
1.17572916666667,-2.77125835418701
1.1790625,-2.74825096130371
1.18239583333333,-2.67434120178223
1.18572916666667,-2.55703926086426
1.1890625,-2.40540504455566
1.19239583333333,-2.22933292388916
1.19572916666667,-2.03853845596313
1.1990625,-1.8419623374939
1.20239583333333,-1.64753198623657
1.20572916666667,-1.46150588989258
1.2090625,-1.28871202468872
1.21239583333333,-1.13248825073242
1.21572916666667,-0.994563102722168
1.2190625,-0.875413417816162
1.22239583333333,-0.774502754211426
1.22572916666667,-0.690281391143799
1.2290625,-0.620543956756592
1.23239583333333,-0.562548637390137
1.23572916666667,-0.512778759002686
1.2390625,-0.464439392089844
1.24239583333333,-0.400841236114502
1.24572916666667,-0.278711318969727
1.2490625,-0.000715255737304688
1.25239583333333,0.61953067779541
1.25572916666667,1.88720226287842
1.2590625,4.23568487167358
1.26239583333333,8.20255279541016
1.26572916666667,14.3737196922302
1.2690625,23.3049988746643
1.27239583333333,35.4345440864563
1.27572916666667,50.9946346282959
1.2790625,69.9291825294495
1.28239583333333,91.8282866477966
1.28572916666667,115.900278091431
1.2890625,141.002714633942
1.29239583333333,165.740609169006
1.29572916666667,188.615679740906
1.2990625,208.192348480225
1.30239583333333,223.245441913605
1.30572916666667,232.869327068329
1.3090625,236.543834209442
1.31239583333333,234.159469604492
1.31572916666667,226.003766059875
1.3190625,212.708353996277
1.32239583333333,195.161879062653
1.32572916666667,174.403131008148
1.3290625,151.515364646912
1.33239583333333,127.538204193115
1.33572916666667,103.406369686127
1.3390625,79.9131393432617
1.34239583333333,57.6921701431274
1.34572916666667,37.2118949890137
1.3490625,18.7791585922241
1.35239583333333,2.55113840103149
1.35572916666667,-11.4454627037048
1.3590625,-23.2899785041809
1.36239583333333,-33.1400632858276
1.36572916666667,-41.2036776542664
1.3690625,-47.7139949798584
1.37239583333333,-52.9082417488098
1.37572916666667,-57.0123791694641
1.3790625,-60.2308511734009
1.38239583333333,-62.7413988113403
1.38572916666667,-64.6932125091553
1.3890625,-66.2081837654114
1.39239583333333,-67.3835873603821
1.39572916666667,-68.2957172393799
1.3990625,-69.0035223960876
1.40239583333333,-69.5521831512451
1.40572916666667,-69.9762105941772
1.4090625,-70.3021287918091
1.41239583333333,-70.5503821372986
1.41572916666667,-70.7368850708008
1.4190625,-70.8742141723633
1.42239583333333,-70.9724426269531
1.42572916666667,-71.0394978523254
1.4290625,-71.0819363594055
1.43239583333333,-71.1046457290649
1.43572916666667,-71.1116194725037
1.4390625,-71.1055994033813
1.44239583333333,-71.0885524749756
1.44572916666667,-71.0614323616028
1.4490625,-71.0245370864868
1.45239583333333,-70.977509021759
1.45572916666667,-70.919394493103
1.4590625,-70.8487033843994
1.46239583333333,-70.7637667655945
1.46572916666667,-70.6625580787659
1.4690625,-70.5428719520569
1.47239583333333,-70.4025626182556
1.47572916666667,-70.2393651008606
1.4790625,-70.0509548187256
1.48239583333333,-69.8351860046387
1.48572916666667,-69.5898532867432
1.4890625,-69.312572479248
1.49239583333333,-69.0010190010071
1.49572916666667,-68.6523914337158
1.4990625,-68.263828754425
1.50239583333333,-67.8319334983826
1.50572916666667,-67.3530101776123
1.5090625,-66.8229460716248
1.51239583333333,-66.2373900413513
1.51572916666667,-65.5916333198547
1.5190625,-64.8807287216187
1.52239583333333,-64.0999674797058
1.52572916666667,-63.2447004318237
1.5290625,-62.3107552528381
1.53239583333333,-61.2946152687073
1.53572916666667,-60.1935386657715
1.5390625,-59.0059161186218
1.54239583333333,-57.7312707901001
1.54572916666667,-56.3704371452332
1.5490625,-54.9257397651672
1.55239583333333,-53.4006357192993
1.55572916666667,-51.7999529838562
1.5590625,-50.129234790802
1.56239583333333,-48.395037651062
1.56572916666667,-46.6040372848511
1.5690625,-44.7633266448975
1.57239583333333,-42.879581451416
1.57572916666667,-40.9592390060425
1.5790625,-39.0083193778992
1.58239583333333,-37.0325446128845
1.58572916666667,-35.0377559661865
1.5890625,-33.0299735069275
1.59239583333333,-31.0163497924805
1.59572916666667,-29.0049910545349
1.5990625,-27.0060896873474
1.60239583333333,-25.0312089920044
1.60572916666667,-23.0940580368042
1.6090625,-21.2092399597168
1.61239583333333,-19.392192363739
1.61572916666667,-17.6581144332886
1.6190625,-16.0210132598877
1.62239583333333,-14.4928097724915
1.62572916666667,-13.0825638771057
1.6290625,-11.7960572242737
1.63239583333333,-10.6353163719177
1.63572916666667,-9.59891080856323
1.6390625,-8.68219137191772
1.64239583333333,-7.87782669067383
1.64572916666667,-7.17610120773315
1.6490625,-6.56574964523315
1.65239583333333,-6.03407621383667
1.65572916666667,-5.56766986846924
1.6590625,-5.15282154083252
1.66239583333333,-4.7760009765625
1.66572916666667,-4.4243335723877
1.6690625,-4.08643484115601
1.67239583333333,-3.75288724899292
1.67572916666667,-3.41665744781494
1.6790625,-3.07327508926392
1.68239583333333,-2.72083282470703
1.68572916666667,-2.35950946807861
1.6890625,-1.99049711227417
1.69239583333333,-1.61564350128174
1.69572916666667,-1.23578310012817
1.6990625,-0.850319862365723
1.70239583333333,-0.456511974334717
1.70572916666667,-0.0493526458740234
1.7090625,0.377655029296875
1.71239583333333,0.832021236419678
1.71572916666667,1.32089853286743
1.7190625,1.85006856918335
1.72239583333333,2.42334604263306
1.72572916666667,3.04162502288818
1.7290625,3.70323657989502
1.73239583333333,4.40376996994019
1.73572916666667,5.13666868209839
1.7390625,5.89412450790405
1.74239583333333,6.66749477386475
1.74572916666667,7.44795799255371
1.7490625,8.22752714157104
1.75239583333333,8.99899005889893
1.75572916666667,9.75638628005981
1.7590625,10.4950070381165
1.76239583333333,11.2117528915405
1.76572916666667,11.9046568870544
1.7690625,12.5733017921448
1.77239583333333,13.2182836532593
1.77572916666667,13.8409733772278
1.7790625,14.443039894104
1.78239583333333,15.0257349014282
1.78572916666667,15.589714050293
1.7890625,16.1343812942505
1.79239583333333,16.657829284668
1.79572916666667,17.1571373939514
1.7990625,17.6284909248352
1.80239583333333,18.0677771568298
1.80572916666667,18.4710621833801
1.8090625,18.8353657722473
1.81239583333333,19.1588997840881
1.81572916666667,19.4414258003235
1.8190625,19.6844339370728
1.82239583333333,19.8907852172852
1.82572916666667,20.0645327568054
1.8290625,20.210325717926
1.83239583333333,20.3331112861633
1.83572916666667,20.4376578330994
1.8390625,20.5283761024475
1.84239583333333,20.6091403961182
1.84572916666667,20.6829905509949
1.8490625,20.7526683807373
1.85239583333333,20.8199620246887
1.85572916666667,20.8864212036133
1.8590625,20.9529995918274
1.86239583333333,21.0202932357788
1.86572916666667,21.0884213447571
1.8690625,21.1569666862488
1.87239583333333,21.2244987487793
1.87572916666667,21.287202835083
1.8790625,21.3375687599182
1.88239583333333,21.361768245697
1.88572916666667,21.3378667831421
1.8890625,21.234929561615
1.89239583333333,21.0145711898804
1.89572916666667,20.6344723701477
1.8990625,20.0535655021667
1.90239583333333,19.2379355430603
1.90572916666667,18.166720867157
1.9090625,16.8371796607971
1.91239583333333,15.2683258056641
1.91572916666667,13.502299785614
1.9190625,11.6022229194641
1.92239583333333,9.64558124542236
1.92572916666667,7.71504640579224
1.9290625,5.88792562484741
1.93239583333333,4.22710180282593
1.93572916666667,2.77549028396606
1.9390625,1.55359506607056
1.94239583333333,0.560283660888672
1.94572916666667,-0.223994255065918
1.9490625,-0.832438468933105
1.95239583333333,-1.30552053451538
1.95572916666667,-1.68490409851074
1.9590625,-2.00766324996948
1.96239583333333,-2.30282545089722
1.96572916666667,-2.58994102478027
1.9690625,-2.87967920303345
1.97239583333333,-3.17567586898804
1.97572916666667,-3.47650051116943
1.9790625,-3.77750396728516
1.98239583333333,-4.07224893569946
1.98572916666667,-4.35382127761841
1.9890625,-4.6154260635376
1.99239583333333,-4.85128164291382
1.99572916666667,-5.05679845809937
1.9990625,-5.22923469543457
2.00239583333333,-5.36710023880005
2.00572916666667,-5.47075271606445
2.0090625,-5.54162263870239
2.01239583333333,-5.58215379714966
2.01572916666667,-5.59520721435547
2.0190625,-5.58406114578247
2.02239583333333,-5.55181503295898
2.02572916666667,-5.50150871276855
2.0290625,-5.43588399887085
2.03239583333333,-5.35732507705688
2.03572916666667,-5.26809692382813
2.0390625,-5.17004728317261
2.04239583333333,-5.06472587585449
2.04572916666667,-4.95344400405884
2.0490625,-4.83709573745728
2.05239583333333,-4.71633672714233
2.05572916666667,-4.59128618240356
2.0590625,-4.46188449859619
2.06239583333333,-4.32765483856201
2.06572916666667,-4.18812036514282
2.0690625,-4.04262542724609
2.07239583333333,-3.89087200164795
2.07572916666667,-3.73268127441406
2.0790625,-3.56817245483398
2.08239583333333,-3.39800119400024
2.08572916666667,-3.22294235229492
2.0890625,-3.04412841796875
2.09239583333333,-2.86275148391724
2.09572916666667,-2.68000364303589
2.0990625,-2.49689817428589
2.10239583333333,-2.31432914733887
2.10572916666667,-2.13289260864258
2.1090625,-1.9528865814209
2.11239583333333,-1.7743706703186
2.11572916666667,-1.59746408462524
2.1190625,-1.42186880111694
2.12239583333333,-1.24764442443848
2.12572916666667,-1.07449293136597
2.1290625,-0.902473926544189
2.13239583333333,-0.731468200683594
2.13572916666667,-0.561535358428955
2.1390625,-0.392675399780273
2.14239583333333,-0.224888324737549
2.14572916666667,-0.0582337379455566
2.1490625,0.107467174530029
2.15239583333333,0.272154808044434
2.15572916666667,0.435888767242432
2.1590625,0.598609447479248
2.16239583333333,0.760138034820557
2.16572916666667,0.92005729675293
2.1690625,1.07789039611816
2.17239583333333,1.23292207717896
2.17572916666667,1.38437747955322
2.1790625,1.53124332427979
2.18239583333333,1.67280435562134
2.18572916666667,1.80834531784058
2.1890625,1.93756818771362
2.19239583333333,2.0604133605957
2.19572916666667,2.17723846435547
2.1990625,2.28869915008545
2.20239583333333,2.39568948745728
2.20572916666667,2.49922275543213
2.2090625,2.60031223297119
2.21239583333333,2.69973278045654
2.21572916666667,2.79808044433594
2.2190625,2.89559364318848
2.22239583333333,2.99203395843506
2.22572916666667,3.08710336685181
2.2290625,3.17996740341187
2.23239583333333,3.26985120773315
2.23572916666667,3.35592031478882
2.2390625,3.43739986419678
2.24239583333333,3.51357460021973
2.24572916666667,3.58384847640991
2.2490625,3.64792346954346
2.25239583333333,3.70544195175171
2.25572916666667,3.75634431838989
2.2590625,3.80045175552368
2.26239583333333,3.83782386779785
2.26572916666667,3.8684606552124
2.2690625,3.89242172241211
2.27239583333333,3.9098858833313
2.27572916666667,3.9210319519043
2.2790625,3.92627716064453
2.28239583333333,3.92597913742065
2.28572916666667,3.92073392868042
2.2890625,3.91113758087158
2.29239583333333,3.89790534973145
2.29572916666667,3.88181209564209
2.2990625,3.86339426040649
2.30239583333333,3.84330749511719
2.30572916666667,3.8219690322876
2.3090625,3.79979610443115
2.31239583333333,3.77702713012695
2.31572916666667,3.75384092330933
2.3190625,3.7304162979126
2.32239583333333,3.70699167251587
2.32572916666667,3.68392467498779
2.3290625,3.66151332855225
2.33239583333333,3.64041328430176
2.33572916666667,3.62104177474976
2.3390625,3.60393524169922
2.34239583333333,3.58957052230835
2.34572916666667,3.57818603515625
2.3490625,3.56978178024292
2.35239583333333,3.56400012969971
2.35572916666667,3.56048345565796
2.3590625,3.55833768844604
2.36239583333333,3.55684757232666
2.36572916666667,3.55499982833862
2.3690625,3.55184078216553
2.37239583333333,3.54665517807007
2.37572916666667,3.53878736495972
2.3790625,3.52770090103149
2.38239583333333,3.51309776306152
2.38572916666667,3.49503755569458
2.3890625,3.47346067428589
2.39239583333333,3.44860553741455
2.39572916666667,3.42077016830444
2.3990625,3.39037179946899
2.40239583333333,3.35782766342163
2.40572916666667,3.32367420196533
2.4090625,3.28832864761353
2.41239583333333,3.25232744216919
2.41572916666667,3.21608781814575
2.4190625,3.18002700805664
2.42239583333333,3.14438343048096
2.42572916666667,3.1093955039978
2.4290625,3.07506322860718
2.43239583333333,3.04138660430908
2.43572916666667,3.00812721252441
2.4390625,2.97516584396362
2.44239583333333,2.94226408004761
2.44572916666667,2.90918350219727
2.4490625,2.8759241104126
2.45239583333333,2.8424859046936
2.45572916666667,2.80916690826416
2.4590625,2.77626514434814
2.46239583333333,2.74425745010376
2.46572916666667,2.71368026733398
2.4690625,2.68501043319702
2.47239583333333,2.65860557556152
2.47572916666667,2.63488292694092
2.4790625,2.61384248733521
2.48239583333333,2.59536504745483
2.48572916666667,2.57915258407593
2.4890625,2.56484746932983
2.49239583333333,2.5518536567688
2.49572916666667,2.53969430923462
2.4990625,2.52789258956909
2.50239583333333,2.51591205596924
2.50572916666667,2.50351428985596
2.5090625,2.49040126800537
2.51239583333333,2.47651338577271
2.51572916666667,2.46179103851318
2.5190625,2.44623422622681
2.52239583333333,2.42996215820313
2.52572916666667,2.41303443908691
2.5290625,2.3956298828125
2.53239583333333,2.37786769866943
2.53572916666667,2.35986709594727
2.5390625,2.3418664932251
2.54239583333333,2.32386589050293
2.54572916666667,2.30616331100464
2.5490625,2.28887796401978
2.55239583333333,2.27195024490356
2.55572916666667,2.25549936294556
2.5590625,2.23946571350098
2.56239583333333,2.22378969192505
2.56572916666667,2.20823287963867
2.5690625,2.19267606735229
2.57239583333333,2.17705965042114
2.57572916666667,2.16126441955566
2.5790625,2.14534997940063
2.58239583333333,2.12949514389038
2.58572916666667,2.11387872695923
2.5890625,2.09885835647583
2.59239583333333,2.08485126495361
2.59572916666667,2.07215547561646
2.5990625,2.06118822097778
2.60239583333333,2.05224752426147
2.60572916666667,2.04545259475708
2.6090625,2.04074382781982
2.61239583333333,2.03812122344971
2.61572916666667,2.03728675842285
2.6190625,2.03794240951538
2.62239583333333,2.03984975814819
2.62572916666667,2.04253196716309
2.6290625,2.04569101333618
2.63239583333333,2.04908847808838
2.63572916666667,2.0524263381958
2.6390625,2.05564498901367
2.64239583333333,2.05856561660767
2.64572916666667,2.06112861633301
2.6490625,2.06339359283447
2.65239583333333,2.06536054611206
2.65572916666667,2.06708908081055
2.6590625,2.06869840621948
2.66239583333333,2.07018852233887
2.66572916666667,2.07173824310303
2.6690625,2.07322835922241
2.67239583333333,2.07465887069702
2.67572916666667,2.07602977752686
2.6790625,2.07716226577759
2.68239583333333,2.07787752151489
2.68572916666667,2.07793712615967
2.6890625,2.07710266113281
2.69239583333333,2.07525491714478
2.69572916666667,2.07227468490601
2.6990625,2.0681619644165
2.70239583333333,2.0630955696106
2.70572916666667,2.05731391906738
2.7090625,2.05117464065552
2.71239583333333,2.0451545715332
2.71572916666667,2.03973054885864
2.7190625,2.03531980514526
2.72239583333333,2.03239917755127
2.72572916666667,2.03114748001099
2.7290625,2.03168392181396
2.73239583333333,2.03400850296021
2.73572916666667,2.03788280487061
2.7390625,2.04300880432129
2.74239583333333,2.04908847808838
2.74572916666667,2.05564498901367
2.7490625,2.06243991851807
2.75239583333333,2.06899642944336
2.75572916666667,2.0751953125
2.7590625,2.08079814910889
2.76239583333333,2.08580493927002
2.76572916666667,2.09015607833862
2.7690625,2.09397077560425
2.77239583333333,2.09736824035645
2.77572916666667,2.10034847259521
2.7790625,2.10309028625488
2.78239583333333,2.10565328598022
2.78572916666667,2.10821628570557
2.7890625,2.11071968078613
2.79239583333333,2.11328268051147
2.79572916666667,2.11590528488159
2.7990625,2.11852788925171
2.80239583333333,2.12109088897705
2.80572916666667,2.12341547012329
2.8090625,2.12556123733521
2.81239583333333,2.12740898132324
2.81572916666667,2.12877988815308
2.8190625,2.12967395782471
2.82239583333333,2.13015079498291
2.82572916666667,2.13009119033813
2.8290625,2.12967395782471
2.83239583333333,2.1289587020874
2.83572916666667,2.12818384170532
2.8390625,2.12740898132324
2.84239583333333,2.12681293487549
2.84572916666667,2.12651491165161
2.8490625,2.12657451629639
2.85239583333333,2.12705135345459
2.85572916666667,2.12794542312622
2.8590625,2.1291971206665
2.86239583333333,2.13068723678589
2.86572916666667,2.1323561668396
2.8690625,2.13402509689331
2.87239583333333,2.13569402694702
2.87572916666667,2.13724374771118
2.8790625,2.13855504989624
2.88239583333333,2.13968753814697
2.88572916666667,2.1405816078186
2.8890625,2.14123725891113
2.89239583333333,2.14165449142456
2.89572916666667,2.14183330535889
2.8990625,2.14183330535889
2.90239583333333,2.14153528213501
2.90572916666667,2.14105844497681
2.9090625,2.1403431892395
2.91239583333333,2.13927030563354
2.91572916666667,2.13783979415894
2.9190625,2.1359920501709
2.92239583333333,2.13360786437988
2.92572916666667,2.13068723678589
2.9290625,2.12705135345459
2.93239583333333,2.12270021438599
2.93572916666667,2.11769342422485
2.9390625,2.11203098297119
2.94239583333333,2.10583209991455
2.94572916666667,2.09927558898926
2.9490625,2.09254026412964
2.95239583333333,2.08586454391479
2.95572916666667,2.07948684692383
2.9590625,2.07364559173584
2.96239583333333,2.06845998764038
2.96572916666667,2.06410884857178
2.9690625,2.06059217453003
2.97239583333333,2.05796957015991
2.97572916666667,2.05600261688232
2.9790625,2.05475091934204
2.98239583333333,2.05397605895996
2.98572916666667,2.05361843109131
2.9890625,2.05343961715698
2.99239583333333,2.05338001251221
2.99572916666667,2.05343961715698
2.9990625,2.05343961715698
3.00239583333333,2.05349922180176
3.00572916666667,2.05361843109131
3.0090625,2.05385684967041
3.01239583333333,2.05427408218384
3.01572916666667,2.05492973327637
3.0190625,2.055823802948
3.02239583333333,2.05689668655396
3.02572916666667,2.05814838409424
3.0290625,2.05940008163452
3.03239583333333,2.06053256988525
3.03572916666667,2.06136703491211
3.0390625,2.06166505813599
3.04239583333333,2.06130743026733
3.04572916666667,2.06005573272705
3.0490625,2.05802917480469
3.05239583333333,2.05510854721069
3.05572916666667,2.05153226852417
3.0590625,2.04753875732422
3.06239583333333,2.04330682754517
3.06572916666667,2.03931331634521
3.0690625,2.03585624694824
3.07239583333333,2.03323364257813
3.07572916666667,2.03180313110352
3.0790625,2.03162431716919
3.08239583333333,2.03287601470947
3.08572916666667,2.03555822372437
3.0890625,2.03949213027954
3.09239583333333,2.04461812973022
3.09572916666667,2.05075740814209
3.0990625,2.05761194229126
3.10239583333333,2.06506252288818
3.10572916666667,2.07298994064331
3.1090625,2.08133459091187
3.11239583333333,2.08991765975952
3.11572916666667,2.09885835647583
3.1190625,2.10809707641602
3.12239583333333,2.11769342422485
3.12572916666667,2.12758779525757
3.1290625,2.13789939880371
3.13239583333333,2.14856863021851
3.13572916666667,2.1594762802124
3.1390625,2.1706223487854
3.14239583333333,2.18182802200317
3.14572916666667,2.19303369522095
3.1490625,2.20417976379395
3.15239583333333,2.21514701843262
3.15572916666667,2.22593545913696
3.1590625,2.23642587661743
3.16239583333333,2.24679708480835
3.16572916666667,2.25698947906494
3.1690625,2.26712226867676
3.17239583333333,2.27737426757813
3.17572916666667,2.28768587112427
3.1790625,2.29835510253906
3.18239583333333,2.30932235717773
3.18572916666667,2.32064723968506
3.1890625,2.33244895935059
3.19239583333333,2.34472751617432
3.19572916666667,2.35742330551147
3.1990625,2.37041711807251
3.20239583333333,2.3837685585022
3.20572916666667,2.39729881286621
3.2090625,2.41100788116455
3.21239583333333,2.42477655410767
3.21572916666667,2.43854522705078
3.2190625,2.45225429534912
3.22239583333333,2.46584415435791
3.22572916666667,2.4791955947876
3.2290625,2.49236822128296
3.23239583333333,2.50524282455444
3.23572916666667,2.51775979995728
3.2390625,2.52985954284668
3.24239583333333,2.54142284393311
3.24572916666667,2.552330493927
3.2490625,2.56246328353882
3.25239583333333,2.57176160812378
3.25572916666667,2.58004665374756
3.2590625,2.58725881576538
3.26239583333333,2.5932788848877
3.26572916666667,2.59816646575928
3.2690625,2.60192155838013
3.27239583333333,2.60460376739502
3.27572916666667,2.60639190673828
3.2790625,2.60746479034424
3.28239583333333,2.60800123214722
3.28572916666667,2.60818004608154
3.2890625,2.60818004608154
3.29239583333333,2.60812044143677
3.29572916666667,2.60812044143677
3.2990625,2.60818004608154
3.30239583333333,2.60829925537109
3.30572916666667,2.60835886001587
3.3090625,2.60829925537109
3.31239583333333,2.60800123214722
3.31572916666667,2.60740518569946
3.3190625,2.60633230209351
3.32239583333333,2.60478258132935
3.32572916666667,2.60269641876221
3.3290625,2.60001420974731
3.33239583333333,2.59679555892944
3.33572916666667,2.59304046630859
3.3390625,2.58874893188477
3.34239583333333,2.58392095565796
3.34572916666667,2.57855653762817
3.3490625,2.57265567779541
3.35239583333333,2.56615877151489
3.35572916666667,2.55900621414185
3.3590625,2.55131721496582
3.36239583333333,2.54291296005249
3.36572916666667,2.53379344940186
3.3690625,2.52401828765869
3.37239583333333,2.513587474823
3.37572916666667,2.50256061553955
3.3790625,2.49093770980835
3.38239583333333,2.47877836227417
3.38572916666667,2.46620178222656
3.3890625,2.45320796966553
3.39239583333333,2.43991613388062
3.39572916666667,2.42626667022705
3.3990625,2.41243839263916
3.40239583333333,2.39837169647217
3.40572916666667,2.38412618637085
3.4090625,2.36970186233521
3.41239583333333,2.35515832901001
3.41572916666667,2.34049558639526
3.4190625,2.32583284378052
3.42239583333333,2.311110496521
3.42572916666667,2.29644775390625
3.4290625,2.28190422058105
3.43239583333333,2.26742029190063
3.43572916666667,2.25323438644409
3.4390625,2.23928689956665
3.44239583333333,2.22557783126831
3.44572916666667,2.2122859954834
3.4490625,2.19935178756714
3.45239583333333,2.18677520751953
3.45572916666667,2.17455625534058
3.4590625,2.16269493103027
3.46239583333333,2.15119123458862
3.46572916666667,2.13998556137085
3.4690625,2.12901830673218
3.47239583333333,2.11828947067261
3.47572916666667,2.10773944854736
3.4790625,2.09730863571167
3.48239583333333,2.0870566368103
3.48572916666667,2.07692384719849
3.4890625,2.06691026687622
3.49239583333333,2.05701589584351
3.49572916666667,2.04730033874512
3.4990625,2.03770399093628
3.50239583333333,2.02828645706177
3.50572916666667,2.01904773712158
3.5090625,2.00998783111572
3.51239583333333,2.00110673904419
3.51572916666667,1.99234485626221
3.5190625,1.98376178741455
3.52239583333333,1.97535753250122
3.52572916666667,1.96707248687744
3.5290625,1.95896625518799
3.53239583333333,1.95103883743286
3.53572916666667,1.94329023361206
3.5390625,1.93578004837036
3.54239583333333,1.92850828170776
3.54572916666667,1.92153453826904
3.5490625,1.91479921340942
3.55239583333333,1.90836191177368
3.55572916666667,1.90222263336182
3.5590625,1.89632177352905
3.56239583333333,1.89077854156494
3.56572916666667,1.88541412353516
3.5690625,1.88028812408447
3.57239583333333,1.87540054321289
3.57572916666667,1.87063217163086
3.5790625,1.8659234046936
3.58239583333333,1.8613338470459
3.58572916666667,1.85686349868774
3.5890625,1.85239315032959
3.59239583333333,1.84804201126099
3.59572916666667,1.84381008148193
3.5990625,1.83975696563721
3.60239583333333,1.83588266372681
3.60572916666667,1.83224678039551
3.6090625,1.82884931564331
3.61239583333333,1.82574987411499
3.61572916666667,1.82288885116577
3.6190625,1.82020664215088
3.62239583333333,1.81770324707031
3.62572916666667,1.8153190612793
3.6290625,1.81305408477783
3.63239583333333,1.81084871292114
3.63572916666667,1.80870294570923
3.6390625,1.80667638778687
3.64239583333333,1.80476903915405
3.64572916666667,1.80298089981079
3.6490625,1.80137157440186
3.65239583333333,1.80000066757202
3.65572916666667,1.79880857467651
3.6590625,1.79779529571533
3.66239583333333,1.79708003997803
3.66572916666667,1.79654359817505
3.6690625,1.79624557495117
3.67239583333333,1.79612636566162
3.67572916666667,1.79624557495117
3.6790625,1.79654359817505
3.68239583333333,1.79702043533325
3.68572916666667,1.79773569107056
3.6890625,1.79857015609741
3.69239583333333,1.79958343505859
3.69572916666667,1.80071592330933
3.6990625,1.80196762084961
3.70239583333333,1.80333852767944
3.70572916666667,1.80470943450928
3.7090625,1.80619955062866
3.71239583333333,1.80768966674805
3.71572916666667,1.80923938751221
3.7190625,1.81090831756592
3.72239583333333,1.81257724761963
3.72572916666667,1.81436538696289
3.7290625,1.81621313095093
3.73239583333333,1.81818008422852
3.73572916666667,1.82026624679565
3.7390625,1.82247161865234
3.74239583333333,1.82485580444336
3.74572916666667,1.82735919952393
3.7490625,1.83004140853882
3.75239583333333,1.83290243148804
3.75572916666667,1.83594226837158
3.7590625,1.83922052383423
3.76239583333333,1.8426775932312
3.76572916666667,1.84643268585205
3.7690625,1.85036659240723
3.77239583333333,1.85459852218628
3.77572916666667,1.85900926589966
3.7790625,1.86371803283691
3.78239583333333,1.86866521835327
3.78572916666667,1.87391042709351
3.7890625,1.87939405441284
3.79239583333333,1.8850564956665
3.79572916666667,1.89101696014404
3.7990625,1.89715623855591
3.80239583333333,1.9034743309021
3.80572916666667,1.90997123718262
3.8090625,1.91652774810791
3.81239583333333,1.92320346832275
3.81572916666667,1.9298791885376
3.8190625,1.93655490875244
3.82239583333333,1.94317102432251
3.82572916666667,1.9497275352478
3.8290625,1.95616483688354
3.83239583333333,1.96248292922974
3.83572916666667,1.96874141693115
3.8390625,1.97488069534302
3.84239583333333,1.98090076446533
3.84572916666667,1.98692083358765
3.8490625,1.99282169342041
3.85239583333333,1.9986629486084
3.85572916666667,2.00438499450684
3.8590625,2.0100474357605
3.86239583333333,2.01565027236938
3.86572916666667,2.0211935043335
3.8690625,2.02667713165283
3.87239583333333,2.03210115432739
3.87572916666667,2.0374059677124
3.8790625,2.04277038574219
3.88239583333333,2.0480751991272
3.88572916666667,2.05332040786743
3.8890625,2.05856561660767
3.89239583333333,2.06375122070313
3.89572916666667,2.06893682479858
3.8990625,2.07394361495972
3.90239583333333,2.07895040512085
3.90572916666667,2.08377838134766
3.9090625,2.08854675292969
3.91239583333333,2.09313631057739
3.91572916666667,2.09760665893555
3.9190625,2.10195779800415
3.92239583333333,2.1061897277832
3.92572916666667,2.11030244827271
3.9290625,2.11429595947266
3.93239583333333,2.11822986602783
3.93572916666667,2.12198495864868
3.9390625,2.12568044662476
3.94239583333333,2.12925672531128
3.94572916666667,2.13265419006348
3.9490625,2.13593244552612
3.95239583333333,2.13903188705444
3.95572916666667,2.14189291000366
3.9590625,2.14451551437378
3.96239583333333,2.14684009552002
3.96572916666667,2.14892625808716
3.9690625,2.15071439743042
3.97239583333333,2.1522045135498
3.97572916666667,2.15339660644531
3.9790625,2.15435028076172
3.98239583333333,2.1551251411438
3.98572916666667,2.15572118759155
3.9890625,2.15619802474976
3.99239583333333,2.15661525726318
3.99572916666667,2.15691328048706
3.9990625,2.15721130371094
4.00239583333333,2.15744972229004
4.00572916666667,2.15768814086914
4.0090625,2.15786695480347
4.01239583333333,2.15798616409302
4.01572916666667,2.15804576873779
4.0190625,2.15804576873779
4.02239583333333,2.15792655944824
4.02572916666667,2.15768814086914
4.0290625,2.15739011764526
4.03239583333333,2.15691328048706
4.03572916666667,2.15631723403931
4.0390625,2.155601978302
4.04239583333333,2.15476751327515
4.04572916666667,2.15375423431396
4.0490625,2.15262174606323
4.05239583333333,2.15131044387817
4.05572916666667,2.14987993240356
4.0590625,2.14827060699463
4.06239583333333,2.14654207229614
4.06572916666667,2.14469432830811
4.0690625,2.14272737503052
4.07239583333333,2.14064121246338
4.07572916666667,2.13849544525146
4.0790625,2.13629007339478
4.08239583333333,2.13402509689331
4.08572916666667,2.13176012039185
4.0890625,2.12943553924561
4.09239583333333,2.12711095809937
4.09572916666667,2.12478637695313
4.0990625,2.12252140045166
4.10239583333333,2.12019681930542
4.10572916666667,2.1178126335144
4.1090625,2.11548805236816
4.11239583333333,2.11310386657715
4.11572916666667,2.11071968078613
4.1190625,2.10833549499512
4.12239583333333,2.10607051849365
4.12572916666667,2.10386514663696
4.1290625,2.10177898406982
4.13239583333333,2.09987163543701
4.13572916666667,2.0982027053833
4.1390625,2.09671258926392
4.14239583333333,2.09540128707886
4.14572916666667,2.0943284034729
4.1490625,2.09337472915649
4.15239583333333,2.09259986877441
4.15572916666667,2.09194421768188
4.1590625,2.09140777587891
4.16239583333333,2.09105014801025
4.16572916666667,2.09081172943115
4.1690625,2.09075212478638
4.17239583333333,2.09081172943115
4.17572916666667,2.0911693572998
4.1790625,2.09164619445801
4.18239583333333,2.09230184555054
4.18572916666667,2.09313631057739
4.1890625,2.0940899848938
4.19239583333333,2.09504365921021
4.19572916666667,2.09611654281616
4.1990625,2.09712982177734
4.20239583333333,2.09814310073853
4.20572916666667,2.09915637969971
4.2090625,2.10016965866089
4.21239583333333,2.10118293762207
4.21572916666667,2.1023154258728
4.2190625,2.10344791412354
4.22239583333333,2.10475921630859
4.22572916666667,2.10613012313843
4.2290625,2.10756063461304
4.23239583333333,2.10905075073242
4.23572916666667,2.11066007614136
4.2390625,2.11220979690552
4.24239583333333,2.11387872695923
4.24572916666667,2.11548805236816
4.2490625,2.11715698242188
4.25239583333333,2.11888551712036
4.25572916666667,2.12061405181885
4.2590625,2.12246179580688
4.26239583333333,2.1243691444397
4.26572916666667,2.12627649307251
4.2690625,2.1282434463501
4.27239583333333,2.13015079498291
4.27572916666667,2.13205814361572
4.2790625,2.13378667831421
4.28239583333333,2.13545560836792
4.28572916666667,2.13688611984253
4.2890625,2.13813781738281
4.29239583333333,2.13915109634399
4.29572916666667,2.13998556137085
4.2990625,2.1405816078186
4.30239583333333,2.14099884033203
4.30572916666667,2.14135646820068
4.3090625,2.14153528213501
4.31239583333333,2.14171409606934
4.31572916666667,2.14183330535889
4.3190625,2.14195251464844
4.32239583333333,2.14213132858276
4.32572916666667,2.14225053787231
4.3290625,2.14236974716187
4.33239583333333,2.14248895645142
4.33572916666667,2.14248895645142
4.3390625,2.14236974716187
4.34239583333333,2.14213132858276
4.34572916666667,2.14177370071411
4.3490625,2.14117765426636
4.35239583333333,2.14046239852905
4.35572916666667,2.1396279335022
4.3590625,2.13861465454102
4.36239583333333,2.13754177093506
4.36572916666667,2.13629007339478
4.3690625,2.13503837585449
4.37239583333333,2.13360786437988
4.37572916666667,2.1321177482605
4.3790625,2.13056802749634
4.38239583333333,2.12883949279785
4.38572916666667,2.12693214416504
4.3890625,2.12490558624268
4.39239583333333,2.12275981903076
4.39572916666667,2.12043523788452
4.3990625,2.11805105209351
4.40239583333333,2.11560726165771
4.40572916666667,2.11316347122192
4.4090625,2.11071968078613
4.41239583333333,2.10833549499512
4.41572916666667,2.10607051849365
4.4190625,2.10386514663696
4.42239583333333,2.10177898406982
4.42572916666667,2.09987163543701
4.4290625,2.09802389144897
4.43239583333333,2.09635496139526
4.43572916666667,2.09474563598633
4.4390625,2.09331512451172
4.44239583333333,2.09194421768188
4.44572916666667,2.0906925201416
4.4490625,2.08950042724609
4.45239583333333,2.08842754364014
4.45572916666667,2.08735466003418
4.4590625,2.086341381073
4.46239583333333,2.08538770675659
4.46572916666667,2.08455324172974
4.4690625,2.08377838134766
4.47239583333333,2.08306312561035
4.47572916666667,2.0824670791626
4.4790625,2.08199024200439
4.48239583333333,2.08163261413574
4.48572916666667,2.08145380020142
4.4890625,2.08133459091187
4.49239583333333,2.08139419555664
4.49572916666667,2.08157300949097
4.4990625,2.08187103271484
4.50239583333333,2.08234786987305
4.50572916666667,2.0829439163208
4.5090625,2.08365917205811
4.51239583333333,2.08455324172974
4.51572916666667,2.08556652069092
4.5190625,2.08669900894165
4.52239583333333,2.08801031112671
4.52572916666667,2.08944082260132
4.5290625,2.09105014801025
4.53239583333333,2.09277868270874
4.53572916666667,2.09474563598633
4.5390625,2.09689140319824
4.54239583333333,2.09927558898926
4.54572916666667,2.10189819335938
4.5490625,2.10475921630859
4.55239583333333,2.10779905319214
4.55572916666667,2.11095809936523
4.5590625,2.11423635482788
4.56239583333333,2.1175742149353
4.56572916666667,2.12091207504272
4.5690625,2.12419033050537
4.57239583333333,2.12734937667847
4.57572916666667,2.13050842285156
4.5790625,2.13354825973511
4.58239583333333,2.1364688873291
4.58572916666667,2.13927030563354
4.5890625,2.14201211929321
4.59239583333333,2.14463472366333
4.59572916666667,2.14719772338867
4.5990625,2.14970111846924
4.60239583333333,2.1522045135498
4.60572916666667,2.1546483039856
4.6090625,2.15703248977661
4.61239583333333,2.1594762802124
4.61572916666667,2.16186046600342
4.6190625,2.16424465179443
4.62239583333333,2.16668844223022
4.62572916666667,2.16907262802124
4.6290625,2.17145681381226
4.63239583333333,2.17372179031372
4.63572916666667,2.17592716217041
4.6390625,2.17795372009277
4.64239583333333,2.17986106872559
4.64572916666667,2.18158960342407
4.6490625,2.18313932418823
4.65239583333333,2.18445062637329
4.65572916666667,2.18552350997925
4.6590625,2.18641757965088
4.66239583333333,2.18707323074341
4.66572916666667,2.18749046325684
4.6690625,2.18778848648071
4.67239583333333,2.18790769577026
4.67572916666667,2.18784809112549
4.6790625,2.18766927719116
4.68239583333333,2.18743085861206
4.68572916666667,2.18707323074341
4.6890625,2.18659639358521
4.69239583333333,2.18605995178223
4.69572916666667,2.1854043006897
4.6990625,2.18456983566284
4.70239583333333,2.18361616134644
4.70572916666667,2.1824836730957
4.7090625,2.18111276626587
4.71239583333333,2.17956304550171
4.71572916666667,2.17771530151367
4.7190625,2.17556953430176
4.72239583333333,2.17312574386597
4.72572916666667,2.1703839302063
4.7290625,2.16734409332275
4.73239583333333,2.16388702392578
4.73572916666667,2.16019153594971
4.7390625,2.15619802474976
4.74239583333333,2.1519660949707
4.74572916666667,2.14749574661255
4.7490625,2.14284658432007
4.75239583333333,2.13801860809326
4.75572916666667,2.13313102722168
4.7590625,2.12818384170532
4.76239583333333,2.12323665618896
4.76572916666667,2.11834907531738
4.7690625,2.11364030838013
4.77239583333333,2.1091103553772
4.77572916666667,2.10481882095337
4.7790625,2.10082530975342
4.78239583333333,2.09724903106689
4.78572916666667,2.09397077560425
4.7890625,2.09110975265503
4.79239583333333,2.08854675292969
4.79572916666667,2.086341381073
4.7990625,2.08437442779541
4.80239583333333,2.08264589309692
4.80572916666667,2.08115577697754
4.8090625,2.07978487014771
4.81239583333333,2.07853317260742
4.81572916666667,2.07734107971191
4.8190625,2.07626819610596
4.82239583333333,2.07525491714478
4.82572916666667,2.07424163818359
4.8290625,2.07334756851196
4.83239583333333,2.07251310348511
4.83572916666667,2.07173824310303
4.8390625,2.07102298736572
4.84239583333333,2.07042694091797
4.84572916666667,2.06995010375977
4.8490625,2.06959247589111
4.85239583333333,2.06941366195679
4.85572916666667,2.06941366195679
4.8590625,2.06965208053589
4.86239583333333,2.07012891769409
4.86572916666667,2.07078456878662
4.8690625,2.07167863845825
4.87239583333333,2.07281112670898
4.87572916666667,2.07418203353882
4.8790625,2.07573175430298
4.88239583333333,2.07740068435669
4.88572916666667,2.0793080329895
4.8890625,2.08133459091187
4.89239583333333,2.08348035812378
4.89572916666667,2.08574533462524
4.8990625,2.08801031112671
4.90239583333333,2.09033489227295
4.90572916666667,2.09265947341919
4.9090625,2.09498405456543
4.91239583333333,2.09718942642212
4.91572916666667,2.09933519363403
4.9190625,2.1013617515564
4.92239583333333,2.10320949554443
4.92572916666667,2.1049976348877
4.9290625,2.10666656494141
4.93239583333333,2.10827589035034
4.93572916666667,2.10988521575928
4.9390625,2.11155414581299
4.94239583333333,2.11328268051147
4.94572916666667,2.11513042449951
4.9490625,2.1170973777771
4.95239583333333,2.11918354034424
4.95572916666667,2.12138891220093
4.9590625,2.12365388870239
4.96239583333333,2.12591886520386
4.96572916666667,2.12812423706055
4.9690625,2.13027000427246
4.97239583333333,2.13229656219482
4.97572916666667,2.13420391082764
4.9790625,2.13593244552612
4.98239583333333,2.13754177093506
4.98572916666667,2.13897228240967
4.9890625,2.14028358459473
4.99239583333333,2.14147567749023
4.99572916666667,2.14248895645142
4.9990625,2.14338302612305
5.00239583333333,2.14415788650513
5.00572916666667,2.14481353759766
5.0090625,2.14540958404541
5.01239583333333,2.14582681655884
5.01572916666667,2.14624404907227
5.0190625,2.14654207229614
5.02239583333333,2.14684009552002
5.02572916666667,2.14707851409912
5.0290625,2.147376537323
5.03239583333333,2.14767456054688
5.03572916666667,2.14803218841553
5.0390625,2.14850902557373
5.04239583333333,2.14898586273193
5.04572916666667,2.14952230453491
5.0490625,2.15005874633789
5.05239583333333,2.15059518814087
5.05572916666667,2.15107202529907
5.0590625,2.15137004852295
5.06239583333333,2.1514892578125
5.06572916666667,2.15142965316772
5.0690625,2.1510124206543
5.07239583333333,2.15035676956177
5.07572916666667,2.14940309524536
5.0790625,2.14815139770508
5.08239583333333,2.14666128158569
5.08572916666667,2.14493274688721
5.0890625,2.14296579360962
5.09239583333333,2.14093923568726
5.09572916666667,2.13879346847534
5.0990625,2.13658809661865
5.10239583333333,2.13438272476196
5.10572916666667,2.13223695755005
5.1090625,2.13021039962769
5.11239583333333,2.12830305099487
5.11572916666667,2.12663412094116
5.1190625,2.125084400177
5.12239583333333,2.12377309799194
5.12572916666667,2.12264060974121
5.1290625,2.12174654006958
5.13239583333333,2.12091207504272
5.13572916666667,2.1202564239502
5.1390625,2.11966037750244
5.14239583333333,2.11906433105469
5.14572916666667,2.11846828460693
5.1490625,2.1178126335144
5.15239583333333,2.1170973777771
5.15572916666667,2.11632251739502
5.1590625,2.11542844772339
5.16239583333333,2.11453437805176
5.16572916666667,2.11358070373535
5.1690625,2.11256742477417
5.17239583333333,2.11161375045776
5.17572916666667,2.11077928543091
5.1790625,2.11000442504883
5.18239583333333,2.10940837860107
5.18572916666667,2.10893154144287
5.1890625,2.10869312286377
5.19239583333333,2.10863351821899
5.19572916666667,2.10875272750854
5.1990625,2.1091103553772
5.20239583333333,2.1095871925354
5.20572916666667,2.11030244827271
5.2090625,2.11113691329956
5.21239583333333,2.11215019226074
5.21572916666667,2.11316347122192
5.2190625,2.11429595947266
5.22239583333333,2.11536884307861
5.22572916666667,2.11644172668457
5.2290625,2.11751461029053
5.23239583333333,2.11840867996216
5.23572916666667,2.11930274963379
5.2390625,2.12007761001587
5.24239583333333,2.1207332611084
5.24572916666667,2.12138891220093
5.2490625,2.12198495864868
5.25239583333333,2.12264060974121
5.25572916666667,2.12329626083374
5.2590625,2.12407112121582
5.26239583333333,2.12490558624268
5.26572916666667,2.12591886520386
5.2690625,2.12711095809937
5.27239583333333,2.12854146957397
5.27572916666667,2.13021039962769
5.2790625,2.13205814361572
5.28239583333333,2.13426351547241
5.28572916666667,2.13664770126343
5.2890625,2.13927030563354
5.29239583333333,2.14213132858276
5.29572916666667,2.14517116546631
5.2990625,2.14827060699463
5.30239583333333,2.1514892578125
5.30572916666667,2.1546483039856
5.3090625,2.15780735015869
5.31239583333333,2.16090679168701
5.31572916666667,2.16382741928101
5.3190625,2.16662883758545
5.32239583333333,2.16931104660034
5.32572916666667,2.17187404632568
5.3290625,2.17437744140625
5.33239583333333,2.17676162719727
5.33572916666667,2.17914581298828
5.3390625,2.1815299987793
5.34239583333333,2.18391418457031
5.34572916666667,2.1863579750061
5.3490625,2.18886137008667
5.35239583333333,2.19136476516724
5.35572916666667,2.1938681602478
5.3590625,2.19643115997314
5.36239583333333,2.19893455505371
5.36572916666667,2.20143795013428
5.3690625,2.20394134521484
5.37239583333333,2.20632553100586
5.37572916666667,2.20859050750732
5.3790625,2.21073627471924
5.38239583333333,2.2127628326416
5.38572916666667,2.21455097198486
5.3890625,2.21610069274902
5.39239583333333,2.21747159957886
5.39572916666667,2.21866369247437
5.3990625,2.21961736679077
5.40239583333333,2.22039222717285
5.40572916666667,2.22104787826538
5.4090625,2.22158432006836
5.41239583333333,2.22206115722656
5.41572916666667,2.22241878509521
5.4190625,2.22271680831909
5.42239583333333,2.22301483154297
5.42572916666667,2.22331285476685
5.4290625,2.22355127334595
5.43239583333333,2.22384929656982
5.43572916666667,2.2241473197937
5.4390625,2.22456455230713
5.44239583333333,2.22492218017578
5.44572916666667,2.22533941268921
5.4490625,2.22569704055786
5.45239583333333,2.22599506378174
5.45572916666667,2.22617387771606
5.4590625,2.22623348236084
5.46239583333333,2.22605466842651
5.46572916666667,2.22569704055786
5.4690625,2.22516059875488
5.47239583333333,2.2243857383728
5.47572916666667,2.2234320640564
5.4790625,2.22229957580566
5.48239583333333,2.22104787826538
5.48572916666667,2.2197961807251
5.4890625,2.21842527389526
5.49239583333333,2.21711397171021
5.49572916666667,2.21580266952515
5.4990625,2.21455097198486
5.50239583333333,2.21341848373413
5.50572916666667,2.21240520477295
5.5090625,2.21151113510132
5.51239583333333,2.21073627471924
5.51572916666667,2.21008062362671
5.5190625,2.20966339111328
5.52239583333333,2.2093653678894
5.52572916666667,2.20924615859985
5.5290625,2.20918655395508
5.53239583333333,2.20918655395508
5.53572916666667,2.20924615859985
5.5390625,2.2093653678894
5.54239583333333,2.20942497253418
5.54572916666667,2.20942497253418
5.5490625,2.20942497253418
5.55239583333333,2.20930576324463
5.55572916666667,2.20918655395508
5.5590625,2.20906734466553
5.56239583333333,2.20894813537598
5.56572916666667,2.20882892608643
5.5690625,2.20876932144165
5.57239583333333,2.20876932144165
5.57572916666667,2.2088885307312
5.5790625,2.2091269493103
5.58239583333333,2.20942497253418
5.58572916666667,2.20996141433716
5.5890625,2.21055746078491
5.59239583333333,2.21139192581177
5.59572916666667,2.21234560012817
5.5990625,2.21353769302368
5.60239583333333,2.21484899520874
5.60572916666667,2.21633911132813
5.6090625,2.21800804138184
5.61239583333333,2.21985578536987
5.61572916666667,2.22176313400269
5.6190625,2.22378969192505
5.62239583333333,2.22587585449219
5.62572916666667,2.2280216217041
5.6290625,2.23022699356079
5.63239583333333,2.23249197006226
5.63572916666667,2.23475694656372
5.6390625,2.23708152770996
5.64239583333333,2.23946571350098
5.64572916666667,2.24196910858154
5.6490625,2.24447250366211
5.65239583333333,2.24703550338745
5.65572916666667,2.24959850311279
5.6590625,2.25222110748291
5.66239583333333,2.25484371185303
5.66572916666667,2.25734710693359
5.6690625,2.25979089736938
5.67239583333333,2.2621750831604
5.67572916666667,2.26444005966187
5.6790625,2.266526222229
5.68239583333333,2.26849317550659
5.68572916666667,2.27028131484985
5.6890625,2.27200984954834
5.69239583333333,2.2735595703125
5.69572916666667,2.27493047714233
5.6990625,2.27624177932739
5.70239583333333,2.27737426757813
5.70572916666667,2.27832794189453
5.7090625,2.27916240692139
5.71239583333333,2.27981805801392
5.71572916666667,2.28035449981689
5.7190625,2.28077173233032
5.72239583333333,2.2810697555542
5.72572916666667,2.2813081741333
5.7290625,2.28148698806763
5.73239583333333,2.28166580200195
5.73572916666667,2.28184461593628
5.7390625,2.28208303451538
5.74239583333333,2.28232145309448
5.74572916666667,2.28255987167358
5.7490625,2.28285789489746
5.75239583333333,2.28321552276611
5.75572916666667,2.28357315063477
5.7590625,2.28393077850342
5.76239583333333,2.28428840637207
5.76572916666667,2.28464603424072
5.7690625,2.28500366210938
5.77239583333333,2.28530168533325
5.77572916666667,2.28559970855713
5.7790625,2.28589773178101
5.78239583333333,2.28607654571533
5.78572916666667,2.28625535964966
5.7890625,2.28625535964966
5.79239583333333,2.28619575500488
5.79572916666667,2.28601694107056
5.7990625,2.28571891784668
5.80239583333333,2.28536128997803
5.80572916666667,2.28482484817505
5.8090625,2.28428840637207
5.81239583333333,2.28363275527954
5.81572916666667,2.28303670883179
5.8190625,2.28232145309448
5.82239583333333,2.28166580200195
5.82572916666667,2.28101015090942
5.8290625,2.28035449981689
5.83239583333333,2.27969884872437
5.83572916666667,2.27898359298706
5.8390625,2.27826833724976
5.84239583333333,2.27749347686768
5.84572916666667,2.27659940719604
5.8490625,2.27570533752441
5.85239583333333,2.27469205856323
5.85572916666667,2.27361917495728
5.8590625,2.27242708206177
5.86239583333333,2.27111577987671
5.86572916666667,2.2696852684021
5.8690625,2.26819515228271
5.87239583333333,2.26658582687378
5.87572916666667,2.26485729217529
5.8790625,2.26306915283203
5.88239583333333,2.26122140884399
5.88572916666667,2.25937366485596
5.8890625,2.2575855255127
5.89239583333333,2.25585699081421
5.89572916666667,2.2541880607605
5.8990625,2.25269794464111
5.90239583333333,2.2512674331665
5.90572916666667,2.24995613098145
5.9090625,2.24876403808594
5.91239583333333,2.24757194519043
5.91572916666667,2.24649906158447
5.9190625,2.24536657333374
5.92239583333333,2.24423408508301
5.92572916666667,2.24310159683228
5.9290625,2.24190950393677
5.93239583333333,2.24071741104126
5.93572916666667,2.23958492279053
5.9390625,2.23839282989502
5.94239583333333,2.23726034164429
5.94572916666667,2.23618745803833
5.9490625,2.23511457443237
5.95239583333333,2.23404169082642
5.95572916666667,2.23308801651001
5.9590625,2.2321343421936
5.96239583333333,2.23124027252197
5.96572916666667,2.23034620285034
5.9690625,2.22951173782349
5.97239583333333,2.22861766815186
5.97572916666667,2.22772359848022
5.9790625,2.22682952880859
5.98239583333333,2.22587585449219
5.98572916666667,2.22492218017578
5.9890625,2.22396850585938
5.99239583333333,2.22289562225342
5.99572916666667,2.22182273864746
5.9990625,2.22069025039673
6.00239583333333,2.21949815750122
6.00572916666667,2.21836566925049
6.0090625,2.21717357635498
6.01239583333333,2.21598148345947
6.01572916666667,2.21484899520874
6.0190625,2.21377611160278
6.02239583333333,2.2127628326416
6.02572916666667,2.21186876296997
6.0290625,2.21115350723267
6.03239583333333,2.21049785614014
6.03572916666667,2.20990180969238
6.0390625,2.20942497253418
6.04239583333333,2.20906734466553
6.04572916666667,2.20876932144165
6.0490625,2.20853090286255
6.05239583333333,2.208411693573
6.05572916666667,2.20835208892822
6.0590625,2.208411693573
6.06239583333333,2.20853090286255
6.06572916666667,2.20876932144165
6.0690625,2.20906734466553
6.07239583333333,2.20948457717896
6.07572916666667,2.20990180969238
6.0790625,2.21043825149536
6.08239583333333,2.21097469329834
6.08572916666667,2.21151113510132
6.0890625,2.2120475769043
6.09239583333333,2.21258401870728
6.09572916666667,2.21318006515503
6.0990625,2.21377611160278
6.10239583333333,2.21431255340576
6.10572916666667,2.21490859985352
6.1090625,2.21544504165649
6.11239583333333,2.21604108810425
6.11572916666667,2.21657752990723
6.1190625,2.21711397171021
6.12239583333333,2.21759080886841
6.12572916666667,2.21812725067139
6.1290625,2.21866369247437
6.13239583333333,2.21914052963257
6.13572916666667,2.21961736679077
6.1390625,2.22009420394897
6.14239583333333,2.2205114364624
6.14572916666667,2.22080945968628
6.1490625,2.22110748291016
6.15239583333333,2.22128629684448
6.15572916666667,2.22134590148926
6.1590625,2.22134590148926
6.16239583333333,2.22134590148926
6.16572916666667,2.22128629684448
6.1690625,2.22128629684448
6.17239583333333,2.22134590148926
6.17572916666667,2.22152471542358
6.1790625,2.22188234329224
6.18239583333333,2.22241878509521
6.18572916666667,2.22313404083252
6.1890625,2.22408771514893
6.19239583333333,2.22527980804443
6.19572916666667,2.22671031951904
6.1990625,2.2282600402832
6.20239583333333,2.22998857498169
6.20572916666667,2.23183631896973
6.2090625,2.23380327224731
6.21239583333333,2.23582983016968
6.21572916666667,2.23785638809204
6.2190625,2.23994255065918
6.22239583333333,2.24196910858154
6.22572916666667,2.24399566650391
6.2290625,2.24596261978149
6.23239583333333,2.24792957305908
6.23572916666667,2.24983692169189
6.2390625,2.25168466567993
6.24239583333333,2.25341320037842
6.24572916666667,2.25508213043213
6.2490625,2.25663185119629
6.25239583333333,2.25812196731567
6.25572916666667,2.25943326950073
6.2590625,2.26062536239624
6.26239583333333,2.2616982460022
6.26572916666667,2.26271152496338
6.2690625,2.26360559463501
6.27239583333333,2.26438045501709
6.27572916666667,2.26509571075439
6.2790625,2.26569175720215
6.28239583333333,2.2662878036499
6.28572916666667,2.26676464080811
6.2890625,2.26718187332153
6.29239583333333,2.26759910583496
6.29572916666667,2.26789712905884
6.2990625,2.26819515228271
6.30239583333333,2.26849317550659
6.30572916666667,2.26885080337524
6.3090625,2.2692084312439
6.31239583333333,2.2696852684021
6.31572916666667,2.27034091949463
6.3190625,2.27111577987671
6.32239583333333,2.27212905883789
6.32572916666667,2.27326154708862
6.3290625,2.27463245391846
6.33239583333333,2.27612257003784
6.33572916666667,2.27779150009155
6.3390625,2.27952003479004
6.34239583333333,2.2813081741333
6.34572916666667,2.28309631347656
6.3490625,2.28482484817505
6.35239583333333,2.28649377822876
6.35572916666667,2.28804349899292
6.3590625,2.28947401046753
6.36239583333333,2.29084491729736
6.36572916666667,2.29209661483765
6.3690625,2.29322910308838
6.37239583333333,2.29436159133911
6.37572916666667,2.29543447494507
6.3790625,2.29644775390625
6.38239583333333,2.29752063751221
6.38572916666667,2.29865312576294
6.3890625,2.2997260093689
6.39239583333333,2.30085849761963
6.39572916666667,2.30193138122559
6.3990625,2.30294466018677
6.40239583333333,2.30389833450317
6.40572916666667,2.30473279953003
6.4090625,2.30538845062256
6.41239583333333,2.30598449707031
6.41572916666667,2.30646133422852
6.4190625,2.30675935745239
6.42239583333333,2.30705738067627
6.42572916666667,2.3072361946106
6.4290625,2.30741500854492
6.43239583333333,2.30765342712402
6.43572916666667,2.30789184570313
6.4390625,2.30824947357178
6.44239583333333,2.30860710144043
6.44572916666667,2.30914354324341
6.4490625,2.30973958969116
6.45239583333333,2.31051445007324
6.45572916666667,2.31146812438965
6.4590625,2.31260061264038
6.46239583333333,2.31385231018066
6.46572916666667,2.31540203094482
6.4690625,2.31707096099854
6.47239583333333,2.31891870498657
6.47572916666667,2.32088565826416
6.4790625,2.3229718208313
6.48239583333333,2.32511758804321
6.48572916666667,2.32726335525513
6.4890625,2.32940912246704
6.49239583333333,2.33149528503418
6.49572916666667,2.33346223831177
6.4990625,2.33536958694458
6.50239583333333,2.33721733093262
6.50572916666667,2.3389458656311
6.5090625,2.34055519104004
6.51239583333333,2.34204530715942
6.51572916666667,2.34347581863403
6.5190625,2.34484672546387
6.52239583333333,2.3462176322937
6.52572916666667,2.34758853912354
6.5290625,2.34895944595337
6.53239583333333,2.35038995742798
6.53572916666667,2.35188007354736
6.5390625,2.3534893989563
6.54239583333333,2.35527753829956
6.54572916666667,2.35718488693237
6.5490625,2.35915184020996
6.55239583333333,2.36117839813232
6.55572916666667,2.36332416534424
6.5590625,2.36541032791138
6.56239583333333,2.36755609512329
6.56572916666667,2.36964225769043
6.5690625,2.37160921096802
6.57239583333333,2.37345695495605
6.57572916666667,2.37524509429932
6.5790625,2.37691402435303
6.58239583333333,2.37852334976196
6.58572916666667,2.38007307052612
6.5890625,2.38156318664551
6.59239583333333,2.38311290740967
6.59572916666667,2.38466262817383
6.5990625,2.38633155822754
6.60239583333333,2.38806009292603
6.60572916666667,2.38990783691406
6.6090625,2.39187479019165
6.61239583333333,2.39384174346924
6.61572916666667,2.3958683013916
6.6190625,2.39783525466919
6.62239583333333,2.39980220794678
6.62572916666667,2.40164995193481
6.6290625,2.40343809127808
6.63239583333333,2.40498781204224
6.63572916666667,2.40635871887207
6.6390625,2.40761041641235
6.64239583333333,2.40862369537354
6.64572916666667,2.40951776504517
6.6490625,2.41023302078247
6.65239583333333,2.410888671875
6.65572916666667,2.41148471832275
6.6590625,2.41208076477051
6.66239583333333,2.41273641586304
6.66572916666667,2.41351127624512
6.6690625,2.41434574127197
6.67239583333333,2.41535902023315
6.67572916666667,2.41655111312866
6.6790625,2.41780281066895
6.68239583333333,2.41917371749878
6.68572916666667,2.42060422897339
6.6890625,2.42197513580322
6.69239583333333,2.42334604263306
6.69572916666667,2.42465734481812
6.6990625,2.42578983306885
6.70239583333333,2.42674350738525
6.70572916666667,2.42757797241211
6.7090625,2.42823362350464
6.71239583333333,2.42877006530762
6.71572916666667,2.42906808853149
6.7190625,2.4293065071106
6.72239583333333,2.42936611175537
6.72572916666667,2.42942571640015
6.7290625,2.42942571640015
6.73239583333333,2.42942571640015
6.73572916666667,2.42942571640015
6.7390625,2.42942571640015
6.74239583333333,2.42942571640015
6.74572916666667,2.42948532104492
6.7490625,2.4295449256897
6.75239583333333,2.42960453033447
6.75572916666667,2.4295449256897
6.7590625,2.42942571640015
6.76239583333333,2.42912769317627
6.76572916666667,2.42877006530762
6.7690625,2.42823362350464
6.77239583333333,2.42751836776733
6.77572916666667,2.42674350738525
6.7790625,2.4259090423584
6.78239583333333,2.42495536804199
6.78572916666667,2.42406129837036
6.7890625,2.42316722869873
6.79239583333333,2.4222731590271
6.79572916666667,2.42149829864502
6.7990625,2.42072343826294
6.80239583333333,2.42006778717041
6.80572916666667,2.41941213607788
6.8090625,2.41869688034058
6.81239583333333,2.41798162460327
6.81572916666667,2.41714715957642
6.8190625,2.41613388061523
6.82239583333333,2.4150013923645
6.82572916666667,2.41363048553467
6.8290625,2.41202116012573
6.83239583333333,2.41023302078247
6.83572916666667,2.40820646286011
6.8390625,2.40594148635864
6.84239583333333,2.40355730056763
6.84572916666667,2.40105390548706
6.8490625,2.39849090576172
6.85239583333333,2.3958683013916
6.85572916666667,2.39330530166626
6.8590625,2.39080190658569
6.86239583333333,2.3883581161499
6.86572916666667,2.38609313964844
6.8690625,2.38394737243652
6.87239583333333,2.38186120986938
6.87572916666667,2.3798942565918
6.8790625,2.37798690795898
6.88239583333333,2.37607955932617
6.88572916666667,2.37423181533813
6.8890625,2.37232446670532
6.89239583333333,2.37041711807251
6.89572916666667,2.36845016479492
6.8990625,2.36648321151733
6.90239583333333,2.36451625823975
6.90572916666667,2.36248970031738
6.9090625,2.36052274703979
6.91239583333333,2.35855579376221
6.91572916666667,2.35670804977417
6.9190625,2.35491991043091
6.92239583333333,2.35319137573242
6.92572916666667,2.35158205032349
6.9290625,2.3500919342041
6.93239583333333,2.34872102737427
6.93572916666667,2.34740972518921
6.9390625,2.34615802764893
6.94239583333333,2.34502553939819
6.94572916666667,2.34389305114746
6.9490625,2.3428201675415
6.95239583333333,2.34168767929077
6.95572916666667,2.34055519104004
6.9590625,2.33936309814453
6.96239583333333,2.33817100524902
6.96572916666667,2.33697891235352
6.9690625,2.33578681945801
6.97239583333333,2.3345947265625
6.97572916666667,2.33346223831177
6.9790625,2.33244895935059
6.98239583333333,2.33155488967896
6.98572916666667,2.33078002929688
6.9890625,2.3302435874939
6.99239583333333,2.32988595962524
6.99572916666667,2.32976675033569
6.9990625,2.32988595962524
7.00239583333333,2.3302435874939
7.00572916666667,2.33083963394165
7.0090625,2.33167409896851
7.01239583333333,2.33268737792969
7.01572916666667,2.3338794708252
7.0190625,2.33519077301025
7.02239583333333,2.33656167984009
7.02572916666667,2.33793258666992
7.0290625,2.33924388885498
7.03239583333333,2.34049558639526
7.03572916666667,2.34168767929077
7.0390625,2.34276056289673
7.04239583333333,2.34371423721313
7.04572916666667,2.34454870223999
7.0490625,2.34526395797729
7.05239583333333,2.34591960906982
7.05572916666667,2.3464560508728
7.0590625,2.34687328338623
7.06239583333333,2.34723091125488
7.06572916666667,2.34752893447876
7.0690625,2.34776735305786
7.07239583333333,2.34788656234741
7.07572916666667,2.34794616699219
7.0790625,2.34788656234741
7.08239583333333,2.34776735305786
7.08572916666667,2.34758853912354
7.0890625,2.34740972518921
7.09239583333333,2.34717130661011
7.09572916666667,2.34693288803101
7.0990625,2.34681367874146
7.10239583333333,2.3466944694519
7.10572916666667,2.34675407409668
7.1090625,2.34693288803101
7.11239583333333,2.34723091125488
7.11572916666667,2.34770774841309
7.1190625,2.34836339950562
7.12239583333333,2.34919786453247
7.12572916666667,2.35021114349365
7.1290625,2.35140323638916
7.13239583333333,2.35265493392944
7.13572916666667,2.35402584075928
7.1390625,2.35539674758911
7.14239583333333,2.35682725906372
7.14572916666667,2.35819816589355
7.1490625,2.35956907272339
7.15239583333333,2.36082077026367
7.15572916666667,2.3619532585144
7.1590625,2.36296653747559
7.16239583333333,2.36386060714722
7.16572916666667,2.36469507217407
7.1690625,2.3653507232666
7.17239583333333,2.36594676971436
7.17572916666667,2.36648321151733
7.1790625,2.36701965332031
7.18239583333333,2.36743688583374
7.18572916666667,2.36785411834717
7.1890625,2.36821174621582
7.19239583333333,2.36845016479492
7.19572916666667,2.36868858337402
7.1990625,2.3687481880188
7.20239583333333,2.36868858337402
7.20572916666667,2.3685097694397
7.2090625,2.36815214157104
7.21239583333333,2.36767530441284
7.21572916666667,2.36701965332031
7.2190625,2.36630439758301
7.22239583333333,2.36552953720093
7.22572916666667,2.36475467681885
7.2290625,2.36409902572632
7.23239583333333,2.36356258392334
7.23572916666667,2.36326456069946
7.2390625,2.36314535140991
7.24239583333333,2.36332416534424
7.24572916666667,2.36374139785767
7.2490625,2.36445665359497
7.25239583333333,2.3653507232666
7.25572916666667,2.36648321151733
7.2590625,2.36773490905762
7.26239583333333,2.36910581588745
7.26572916666667,2.37059593200684
7.2690625,2.37208604812622
7.27239583333333,2.37363576889038
7.27572916666667,2.37518548965454
7.2790625,2.3767352104187
7.28239583333333,2.37822532653809
7.28572916666667,2.37977504730225
7.2890625,2.38126516342163
7.29239583333333,2.38281488418579
7.29572916666667,2.38436460494995
7.2990625,2.38603353500366
7.30239583333333,2.38770246505737
7.30572916666667,2.38949060440063
7.3090625,2.39133834838867
7.31239583333333,2.39330530166626
7.31572916666667,2.3953914642334
7.3190625,2.39747762680054
7.32239583333333,2.39962339401245
7.32572916666667,2.40182876586914
7.3290625,2.40397453308105
7.33239583333333,2.40612030029297
7.33572916666667,2.40826606750488
7.3390625,2.4104118347168
7.34239583333333,2.41255760192871
7.34572916666667,2.4147629737854
7.3490625,2.41708755493164
7.35239583333333,2.41953134536743
7.35572916666667,2.42215394973755
7.3590625,2.42489576339722
7.36239583333333,2.42781639099121
7.36572916666667,2.43085622787476
7.3690625,2.43401527404785
7.37239583333333,2.4372935295105
7.37572916666667,2.4406909942627
7.3790625,2.44414806365967
7.38239583333333,2.44766473770142
7.38572916666667,2.45124101638794
7.3890625,2.45475769042969
7.39239583333333,2.45821475982666
7.39572916666667,2.46161222457886
7.3990625,2.46495008468628
7.40239583333333,2.46816873550415
7.40572916666667,2.47132778167725
7.4090625,2.47442722320557
7.41239583333333,2.47740745544434
7.41572916666667,2.48038768768311
7.4190625,2.48336791992188
7.42239583333333,2.48634815216064
7.42572916666667,2.48932838439941
7.4290625,2.49236822128296
7.43239583333333,2.49546766281128
7.43572916666667,2.4985671043396
7.4390625,2.5017261505127
7.44239583333333,2.50482559204102
7.44572916666667,2.50786542892456
7.4490625,2.51084566116333
7.45239583333333,2.5138258934021
7.45572916666667,2.51662731170654
7.4590625,2.51942873001099
7.46239583333333,2.5220513343811
7.46572916666667,2.52467393875122
7.4690625,2.52711772918701
7.47239583333333,2.5295615196228
7.47572916666667,2.53182649612427
7.4790625,2.53409147262573
7.48239583333333,2.53623723983765
7.48572916666667,2.53826379776001
7.4890625,2.54017114639282
7.49239583333333,2.54201889038086
7.49572916666667,2.54362821578979
7.4990625,2.54511833190918
7.50239583333333,2.54642963409424
7.50572916666667,2.54756212234497
7.5090625,2.54851579666138
7.51239583333333,2.54935026168823
7.51572916666667,2.55000591278076
7.5190625,2.55048274993896
7.52239583333333,2.55095958709717
7.52572916666667,2.55125761032104
7.5290625,2.55155563354492
7.53239583333333,2.55179405212402
7.53572916666667,2.55203247070313
7.5390625,2.55215167999268
7.54239583333333,2.55221128463745
7.54572916666667,2.55215167999268
7.5490625,2.55203247070313
7.55239583333333,2.55179405212402
7.55572916666667,2.5513768196106
7.5590625,2.55089998245239
7.56239583333333,2.55024433135986
7.56572916666667,2.54946947097778
7.5690625,2.54857540130615
7.57239583333333,2.54756212234497
7.57572916666667,2.54637002944946
7.5790625,2.54511833190918
7.58239583333333,2.54368782043457
7.58572916666667,2.54213809967041
7.5890625,2.54052877426147
7.59239583333333,2.53880023956299
7.59572916666667,2.53701210021973
7.5990625,2.53522396087646
7.60239583333333,2.53349542617798
7.60572916666667,2.53188610076904
7.6090625,2.53033638000488
7.61239583333333,2.52890586853027
7.61572916666667,2.52753496170044
7.6190625,2.52634286880493
7.62239583333333,2.5252103805542
7.62572916666667,2.52413749694824
7.6290625,2.52312421798706
7.63239583333333,2.52211093902588
7.63572916666667,2.5210976600647
7.6390625,2.52008438110352
7.64239583333333,2.51913070678711
7.64572916666667,2.51823663711548
7.6490625,2.51734256744385
7.65239583333333,2.51656770706177
7.65572916666667,2.51585245132446
7.6590625,2.51513719558716
7.66239583333333,2.5145411491394
7.66572916666667,2.51388549804688
7.6690625,2.51328945159912
7.67239583333333,2.51269340515137
7.67572916666667,2.51215696334839
7.6790625,2.51162052154541
7.68239583333333,2.51114368438721
7.68572916666667,2.51078605651855
7.6890625,2.51048803329468
7.69239583333333,2.51030921936035
7.69572916666667,2.5101900100708
7.6990625,2.5101900100708
7.70239583333333,2.51030921936035
7.70572916666667,2.5104284286499
7.7090625,2.51060724258423
7.71239583333333,2.51084566116333
7.71572916666667,2.51114368438721
7.7190625,2.51150131225586
7.72239583333333,2.51191854476929
7.72572916666667,2.51245498657227
7.7290625,2.51305103302002
7.73239583333333,2.5138258934021
7.73572916666667,2.51477956771851
7.7390625,2.51591205596924
7.74239583333333,2.5172233581543
7.74572916666667,2.51871347427368
7.7490625,2.52038240432739
7.75239583333333,2.52217054367065
7.75572916666667,2.52401828765869
7.7590625,2.52598524093628
7.76239583333333,2.52801179885864
7.76572916666667,2.53003835678101
7.7690625,2.53212451934814
7.77239583333333,2.53421068191528
7.77572916666667,2.53629684448242
7.7790625,2.53832340240479
7.78239583333333,2.54040956497192
7.78572916666667,2.54237651824951
7.7890625,2.5443434715271
7.79239583333333,2.54613161087036
7.79572916666667,2.54786014556885
7.7990625,2.54946947097778
7.80239583333333,2.55095958709717
7.80572916666667,2.55227088928223
7.8090625,2.55358219146729
7.81239583333333,2.55471467971802
7.81572916666667,2.55578756332397
7.8190625,2.55686044692993
7.82239583333333,2.55787372589111
7.82572916666667,2.55882740020752
7.8290625,2.55978107452393
7.83239583333333,2.56079435348511
7.83572916666667,2.56180763244629
7.8390625,2.56282091140747
7.84239583333333,2.56383419036865
7.84572916666667,2.56490707397461
7.8490625,2.56597995758057
7.85239583333333,2.5671124458313
7.85572916666667,2.56818532943726
7.8590625,2.56931781768799
7.86239583333333,2.57039070129395
7.86572916666667,2.57140398025513
7.8690625,2.57241725921631
7.87239583333333,2.57337093353271
7.87572916666667,2.57432460784912
7.8790625,2.57527828216553
7.88239583333333,2.57617235183716
7.88572916666667,2.57706642150879
7.8890625,2.57796049118042
7.89239583333333,2.5789737701416
7.89572916666667,2.57998704910278
7.8990625,2.58111953735352
7.90239583333333,2.58231163024902
7.90572916666667,2.58356332778931
7.9090625,2.58487462997437
7.91239583333333,2.58630514144897
7.91572916666667,2.58779525756836
7.9190625,2.58934497833252
7.92239583333333,2.59095430374146
7.92572916666667,2.59262323379517
7.9290625,2.59435176849365
7.93239583333333,2.59608030319214
7.93572916666667,2.5978684425354
7.9390625,2.59965658187866
7.94239583333333,2.60144472122192
7.94572916666667,2.60329246520996
7.9490625,2.60508060455322
7.95239583333333,2.60686874389648
7.95572916666667,2.60859727859497
7.9590625,2.61026620864868
7.96239583333333,2.61187553405762
7.96572916666667,2.613365650177
7.9690625,2.61485576629639
7.97239583333333,2.61622667312622
7.97572916666667,2.61759757995605
7.9790625,2.61890888214111
7.98239583333333,2.6201605796814
7.98572916666667,2.62141227722168
7.9890625,2.62266397476196
7.99239583333333,2.62391567230225
7.99572916666667,2.62516736984253
7.9990625,2.62635946273804
8.00239583333333,2.62755155563354
8.00572916666667,2.62868404388428
8.0090625,2.62987613677979
8.01239583333333,2.63106822967529
8.01572916666667,2.63220071792603
8.0190625,2.63339281082153
8.02239583333333,2.63458490371704
8.02572916666667,2.63577699661255
8.0290625,2.63684988021851
8.03239583333333,2.63798236846924
8.03572916666667,2.63899564743042
8.0390625,2.63994932174683
8.04239583333333,2.64078378677368
8.04572916666667,2.64149904251099
8.0490625,2.64215469360352
8.05239583333333,2.64257192611694
8.05572916666667,2.64286994934082
8.0590625,2.64298915863037
8.06239583333333,2.6429295539856
8.06572916666667,2.64263153076172
8.0690625,2.64209508895874
8.07239583333333,2.64132022857666
8.07572916666667,2.64036655426025
8.0790625,2.63917446136475
8.08239583333333,2.63786315917969
8.08572916666667,2.63643264770508
8.0890625,2.63488292694092
8.09239583333333,2.63327360153198
8.09572916666667,2.63166427612305
8.0990625,2.63005495071411
8.10239583333333,2.62856483459473
8.10572916666667,2.62707471847534
8.1090625,2.62570381164551
8.11239583333333,2.62439250946045
8.11572916666667,2.62314081192017
8.1190625,2.62194871902466
8.12239583333333,2.62081623077393
8.12572916666667,2.61974334716797
8.1290625,2.61867046356201
8.13239583333333,2.61759757995605
8.13572916666667,2.61664390563965
8.1390625,2.61569023132324
8.14239583333333,2.61479616165161
8.14572916666667,2.61396169662476
8.1490625,2.6131272315979
8.15239583333333,2.6124119758606
8.15572916666667,2.61163711547852
8.1590625,2.61092185974121
8.16239583333333,2.61020660400391
8.16572916666667,2.60943174362183
8.1690625,2.60865688323975
8.17239583333333,2.60788202285767
8.17572916666667,2.60710716247559
8.1790625,2.60633230209351
8.18239583333333,2.60555744171143
8.18572916666667,2.60484218597412
8.1890625,2.60418653488159
8.19239583333333,2.60359048843384
8.19572916666667,2.60299444198608
8.1990625,2.60257720947266
8.20239583333333,2.602219581604
8.20572916666667,2.6019811630249
8.2090625,2.60186195373535
8.21239583333333,2.60192155838013
8.21572916666667,2.60210037231445
8.2190625,2.60239839553833
8.22239583333333,2.60281562805176
8.22572916666667,2.60341167449951
8.2290625,2.60406732559204
8.23239583333333,2.6049017906189
8.23572916666667,2.60579586029053
8.2390625,2.60680913925171
8.24239583333333,2.60794162750244
8.24572916666667,2.60919332504272
8.2490625,2.61062383651733
8.25239583333333,2.61217355728149
8.25572916666667,2.61396169662476
8.2590625,2.61586904525757
8.26239583333333,2.61789560317993
8.26572916666667,2.62010097503662
8.2690625,2.62236595153809
8.27239583333333,2.62463092803955
8.27572916666667,2.62695550918579
8.2790625,2.62916088104248
8.28239583333333,2.63136625289917
8.28572916666667,2.63345241546631
8.2890625,2.6354193687439
8.29239583333333,2.63726711273193
8.29572916666667,2.63899564743042
8.2990625,2.64060497283936
8.30239583333333,2.64215469360352
8.30572916666667,2.6436448097229
8.3090625,2.64507532119751
8.31239583333333,2.64644622802734
8.31572916666667,2.64781713485718
8.3190625,2.64912843704224
8.32239583333333,2.65049934387207
8.32572916666667,2.65181064605713
8.3290625,2.65318155288696
8.33239583333333,2.65449285507202
8.33572916666667,2.65586376190186
8.3390625,2.65717506408691
8.34239583333333,2.65854597091675
8.34572916666667,2.65991687774658
8.3490625,2.66134738922119
8.35239583333333,2.66283750534058
8.35572916666667,2.66438722610474
8.3590625,2.6659369468689
8.36239583333333,2.66760587692261
8.36572916666667,2.66927480697632
8.3690625,2.6710033416748
8.37239583333333,2.67267227172852
8.37572916666667,2.67434120178223
8.3790625,2.67595052719116
8.38239583333333,2.67744064331055
8.38572916666667,2.67875194549561
8.3890625,2.67988443374634
8.39239583333333,2.68089771270752
8.39572916666667,2.6816725730896
8.3990625,2.68232822418213
8.40239583333333,2.68274545669556
8.40572916666667,2.68304347991943
8.4090625,2.68322229385376
8.41239583333333,2.68328189849854
8.41572916666667,2.68328189849854
8.4190625,2.68322229385376
8.42239583333333,2.68304347991943
8.42572916666667,2.68292427062988
8.4290625,2.68268585205078
8.43239583333333,2.6823878288269
8.43572916666667,2.68203020095825
8.4390625,2.68161296844482
8.44239583333333,2.68113613128662
8.44572916666667,2.68054008483887
8.4490625,2.67988443374634
8.45239583333333,2.67904996871948
8.45572916666667,2.67815589904785
8.4590625,2.67714262008667
8.46239583333333,2.67606973648071
8.46572916666667,2.67493724822998
8.4690625,2.67374515533447
8.47239583333333,2.67255306243896
8.47572916666667,2.67142057418823
8.4790625,2.67022848129272
8.48239583333333,2.66909599304199
8.48572916666667,2.66802310943604
8.4890625,2.66700983047485
8.49239583333333,2.66605615615845
8.49572916666667,2.66504287719727
8.4990625,2.66408920288086
8.50239583333333,2.6630163192749
8.50572916666667,2.66188383102417
8.5090625,2.66075134277344
8.51239583333333,2.65949964523315
8.51572916666667,2.65824794769287
8.5190625,2.65699625015259
8.52239583333333,2.6557445526123
8.52572916666667,2.6545524597168
8.5290625,2.65341997146606
8.53239583333333,2.65246629714966
8.53572916666667,2.65151262283325
8.5390625,2.65073776245117
8.54239583333333,2.64996290206909
8.54572916666667,2.64930725097656
8.5490625,2.64865159988403
8.55239583333333,2.64805555343628
8.55572916666667,2.6475191116333
8.5590625,2.6470422744751
8.56239583333333,2.64662504196167
8.56572916666667,2.64638662338257
8.5690625,2.64620780944824
8.57239583333333,2.64620780944824
8.57572916666667,2.64632701873779
8.5790625,2.64662504196167
8.58239583333333,2.6470422744751
8.58572916666667,2.64757871627808
8.5890625,2.64823436737061
8.59239583333333,2.64900922775269
8.59572916666667,2.64984369277954
8.5990625,2.65073776245117
8.60239583333333,2.65169143676758
8.60572916666667,2.65270471572876
8.6090625,2.65371799468994
8.61239583333333,2.6547908782959
8.61572916666667,2.65592336654663
8.6190625,2.65705585479736
8.62239583333333,2.65830755233765
8.62572916666667,2.65955924987793
8.6290625,2.66087055206299
8.63239583333333,2.6623010635376
8.63572916666667,2.66379117965698
8.6390625,2.66540050506592
8.64239583333333,2.6671290397644
8.64572916666667,2.66879796981812
8.6490625,2.6705265045166
8.65239583333333,2.67219543457031
8.65572916666667,2.67386436462402
8.6590625,2.67535448074341
8.66239583333333,2.67678499221802
8.66572916666667,2.67809629440308
8.6690625,2.67922878265381
8.67239583333333,2.68024206161499
8.67572916666667,2.68113613128662
8.6790625,2.6819109916687
8.68239583333333,2.68256664276123
8.68572916666667,2.68316268920898
8.6890625,2.68357992172241
8.69239583333333,2.68387794494629
8.69572916666667,2.68405675888062
8.6990625,2.68405675888062
8.70239583333333,2.68393754959106
8.70572916666667,2.68363952636719
8.7090625,2.68328189849854
8.71239583333333,2.68280506134033
8.71572916666667,2.68226861953735
8.7190625,2.68173217773438
8.72239583333333,2.6811957359314
8.72572916666667,2.68071889877319
8.7290625,2.68036127090454
8.73239583333333,2.68006324768066
8.73572916666667,2.67988443374634
8.7390625,2.67976522445679
8.74239583333333,2.67970561981201
8.74572916666667,2.67976522445679
8.7490625,2.67982482910156
8.75239583333333,2.68000364303589
8.75572916666667,2.68024206161499
8.7590625,2.68054008483887
8.76239583333333,2.68095731735229
8.76572916666667,2.68149375915527
8.7690625,2.6821494102478
8.77239583333333,2.68292427062988
8.77572916666667,2.68381834030151
8.7790625,2.6848316192627
8.78239583333333,2.6860237121582
8.78572916666667,2.68721580505371
8.7890625,2.68852710723877
8.79239583333333,2.6898980140686
8.79572916666667,2.69126892089844
8.7990625,2.69263982772827
8.80239583333333,2.69401073455811
8.80572916666667,2.69544124603271
8.8090625,2.69687175750732
8.81239583333333,2.69836187362671
8.81572916666667,2.69991159439087
8.8190625,2.7015209197998
8.82239583333333,2.70324945449829
8.82572916666667,2.70503759384155
8.8290625,2.70688533782959
8.83239583333333,2.7087926864624
8.83572916666667,2.71070003509521
8.8390625,2.71272659301758
8.84239583333333,2.71475315093994
8.84572916666667,2.71683931350708
8.8490625,2.71892547607422
8.85239583333333,2.72107124328613
8.85572916666667,2.72327661514282
8.8590625,2.72554159164429
8.86239583333333,2.72780656814575
8.86572916666667,2.73019075393677
8.8690625,2.73257493972778
8.87239583333333,2.7349591255188
8.87572916666667,2.73734331130981
8.8790625,2.73978710174561
8.88239583333333,2.74217128753662
8.88572916666667,2.74455547332764
8.8890625,2.7468204498291
8.89239583333333,2.74908542633057
8.89572916666667,2.75123119354248
8.8990625,2.75325775146484
8.90239583333333,2.75510549545288
8.90572916666667,2.75677442550659
8.9090625,2.75826454162598
8.91239583333333,2.75957584381104
8.91572916666667,2.76070833206177
8.9190625,2.76178121566772
8.92239583333333,2.76267528533936
8.92572916666667,2.76350975036621
8.9290625,2.76434421539307
8.93239583333333,2.76511907577515
8.93572916666667,2.76583433151245
8.9390625,2.76660919189453
8.94239583333333,2.76732444763184
8.94572916666667,2.76803970336914
8.9490625,2.76869535446167
8.95239583333333,2.76929140090942
8.95572916666667,2.76988744735718
8.9590625,2.77048349380493
8.96239583333333,2.77101993560791
8.96572916666667,2.77149677276611
8.9690625,2.77197360992432
8.97239583333333,2.77239084243774
8.97572916666667,2.7727484703064
8.9790625,2.77304649353027
8.98239583333333,2.77334451675415
8.98572916666667,2.77358293533325
8.9890625,2.77388095855713
8.99239583333333,2.77411937713623
8.99572916666667,2.77441740036011
8.9990625,2.77477502822876
9.00239583333333,2.77525186538696
9.00572916666667,2.77590751647949
9.0090625,2.7766227722168
9.01239583333333,2.77745723724365
9.01572916666667,2.77841091156006
9.0190625,2.77942419052124
9.02239583333333,2.78055667877197
9.02572916666667,2.78180837631226
9.0290625,2.78306007385254
9.03239583333333,2.78443098068237
9.03572916666667,2.78580188751221
9.0390625,2.78723239898682
9.04239583333333,2.7887225151062
9.04572916666667,2.79021263122559
9.0490625,2.79176235198975
9.05239583333333,2.79337167739868
9.05572916666667,2.79492139816284
9.0590625,2.79653072357178
9.06239583333333,2.79819965362549
9.06572916666667,2.7998685836792
9.0690625,2.80165672302246
9.07239583333333,2.8035044670105
9.07572916666667,2.80541181564331
9.0790625,2.80749797821045
9.08239583333333,2.80970335006714
9.08572916666667,2.81202793121338
9.0890625,2.81447172164917
9.09239583333333,2.81709432601929
9.09572916666667,2.81983613967896
9.0990625,2.82281637191772
9.10239583333333,2.8260350227356
9.10572916666667,2.82967090606689
9.1090625,2.8337836265564
9.11239583333333,2.83855199813843
9.11572916666667,2.84421443939209
9.1190625,2.85089015960693
9.12239583333333,2.85887718200684
9.12572916666667,2.86835432052612
9.1290625,2.87944078445435
9.13239583333333,2.89237499237061
9.13572916666667,2.90721654891968
9.1390625,2.92420387268066
9.14239583333333,2.94327735900879
9.14572916666667,2.96449661254883
9.1490625,2.98786163330078
9.15239583333334,3.01319360733032
9.15572916666667,3.04043292999268
9.1590625,3.06934118270874
9.16239583333333,3.09962034225464
9.16572916666667,3.13109159469604
9.1690625,3.16351652145386
9.17239583333333,3.19647789001465
9.17572916666667,3.22985649108887
9.1790625,3.26341390609741
9.18239583333333,3.29709053039551
9.18572916666667,3.33088636398315
9.1890625,3.36486101150513
9.19239583333333,3.39937210083008
9.19572916666667,3.43465805053711
9.1990625,3.4712553024292
9.20239583333333,3.50964069366455
9.20572916666667,3.55052947998047
9.2090625,3.59457731246948
9.21239583333333,3.64232063293457
9.21572916666667,3.69435548782349
9.2190625,3.75109910964966
9.22239583333333,3.81267070770264
9.22572916666667,3.87901067733765
9.2290625,3.94982099533081
9.23239583333333,4.02432680130005
9.23572916666667,4.1014552116394
9.2390625,4.17989492416382
9.24239583333333,4.2579174041748
9.24572916666667,4.33367490768433
9.2490625,4.40514087677002
9.25239583333333,4.4703483581543
9.25572916666667,4.52733039855957
9.2590625,4.57429885864258
9.26239583333333,4.60982322692871
9.26572916666667,4.63271141052246
9.2690625,4.6423077583313
9.27239583333333,4.63825464248657
9.27572916666667,4.62067127227783
9.2790625,4.59009408950806
9.28239583333333,4.54747676849365
9.28572916666667,4.49401140213013
9.2890625,4.43112850189209
9.29239583333333,4.36043739318848
9.29572916666667,4.283607006073
9.2990625,4.20248508453369
9.30239583333333,4.11862134933472
9.30572916666667,4.03356552124023
9.3090625,3.94868850708008
9.31239583333333,3.86530160903931
9.31572916666667,3.7844181060791
9.3190625,3.70687246322632
9.32239583333333,3.63332033157349
9.32572916666667,3.56417894363403
9.3290625,3.49968671798706
9.33239583333333,3.44014167785645
9.33572916666667,3.38536500930786
9.3390625,3.33535671234131
9.34239583333333,3.28999757766724
9.34572916666667,3.24887037277222
9.3490625,3.2118558883667
9.35239583333333,3.17859649658203
9.35572916666667,3.14879417419434
9.3590625,3.12215089797974
9.36239583333333,3.09842824935913
9.36572916666667,3.07726860046387
9.3690625,3.05843353271484
9.37239583333333,3.04174423217773
9.37572916666667,3.02684307098389
9.3790625,3.01367044448853
9.38239583333333,3.00192832946777
9.38572916666667,2.99149751663208
9.3890625,2.98219919204712
9.39239583333333,2.97391414642334
9.39572916666667,2.96646356582642
9.3990625,2.95984745025635
9.40239583333334,2.95388698577881
9.40572916666667,2.94852256774902
9.4090625,2.94369459152222
9.41239583333333,2.93928384780884
9.41572916666667,2.93529033660889
9.4190625,2.93171405792236
9.42239583333333,2.92843580245972
9.42572916666667,2.92545557022095
9.4290625,2.92283296585083
9.43239583333333,2.92038917541504
9.43572916666667,2.91824340820313
9.4390625,2.91639566421509
9.44239583333333,2.9146671295166
9.44572916666667,2.91317701339722
9.4490625,2.91192531585693
9.45239583333333,2.9107928276062
9.45572916666667,2.90989875793457
9.4590625,2.90918350219727
9.46239583333333,2.90870666503906
9.46572916666667,2.90846824645996
9.4690625,2.90846824645996
9.47239583333333,2.90876626968384
9.47572916666667,2.90924310684204
9.4790625,2.90995836257935
9.48239583333333,2.91085243225098
9.48572916666667,2.91186571121216
9.4890625,2.91287899017334
9.49239583333333,2.91389226913452
9.49572916666667,2.9149055480957
9.4990625,2.91579961776733
9.50239583333333,2.91663408279419
9.50572916666667,2.91728973388672
9.5090625,2.91788578033447
9.51239583333333,2.91836261749268
9.51572916666667,2.9187798500061
9.5190625,2.91907787322998
9.52239583333333,2.91931629180908
9.52572916666667,2.91943550109863
9.5290625,2.91949510574341
9.53239583333333,2.91943550109863
9.53572916666667,2.91925668716431
9.5390625,2.91895866394043
9.54239583333333,2.918541431427
9.54572916666667,2.9180645942688
9.5490625,2.91752815246582
9.55239583333333,2.91687250137329
9.55572916666667,2.91627645492554
9.5590625,2.91574001312256
9.56239583333333,2.91526317596436
9.56572916666667,2.91484594345093
9.5690625,2.91460752487183
9.57239583333333,2.91448831558228
9.57572916666667,2.91448831558228
9.5790625,2.91460752487183
9.58239583333333,2.91478633880615
9.58572916666667,2.91508436203003
9.5890625,2.91550159454346
9.59239583333333,2.91591882705688
9.59572916666667,2.91633605957031
9.5990625,2.91681289672852
9.60239583333333,2.91728973388672
9.60572916666667,2.91770696640015
9.6090625,2.91818380355835
9.61239583333333,2.91860103607178
9.61572916666667,2.91907787322998
9.6190625,2.91955471038818
9.62239583333333,2.92015075683594
9.62572916666667,2.92074680328369
9.6290625,2.92140245437622
9.63239583333333,2.9221773147583
9.63572916666667,2.92301177978516
9.6390625,2.92396545410156
9.64239583333333,2.92497873306274
9.64572916666667,2.9260516166687
9.6490625,2.92712450027466
9.65239583333334,2.92831659317017
9.65572916666667,2.92950868606567
9.6590625,2.93070077896118
9.66239583333333,2.93195247650146
9.66572916666667,2.93326377868652
9.6690625,2.93463468551636
9.67239583333333,2.93600559234619
9.67572916666667,2.9374361038208
9.6790625,2.93898582458496
9.68239583333333,2.9405951499939
9.68572916666667,2.94232368469238
9.6890625,2.94411182403564
9.69239583333333,2.94595956802368
9.69572916666667,2.94780731201172
9.6990625,2.94965505599976
9.70239583333333,2.95150279998779
9.70572916666667,2.95323133468628
9.7090625,2.95484066009521
9.71239583333333,2.9563307762146
9.71572916666667,2.95770168304443
9.7190625,2.95889377593994
9.72239583333333,2.95990705490112
9.72572916666667,2.96086072921753
9.7290625,2.96163558959961
9.73239583333333,2.96241044998169
9.73572916666667,2.96306610107422
9.7390625,2.96372175216675
9.74239583333333,2.9643177986145
9.74572916666667,2.96497344970703
9.7490625,2.96556949615479
9.75239583333333,2.96622514724731
9.75572916666667,2.96682119369507
9.7590625,2.96741724014282
9.76239583333333,2.96801328659058
9.76572916666667,2.96849012374878
9.7690625,2.96890735626221
9.77239583333333,2.96926498413086
9.77572916666667,2.96944379806519
9.7790625,2.96956300735474
9.78239583333333,2.96956300735474
9.78572916666667,2.96944379806519
9.7890625,2.96920537948608
9.79239583333333,2.96884775161743
9.79572916666667,2.96837091445923
9.7990625,2.96777486801147
9.80239583333333,2.96705961227417
9.80572916666667,2.96628475189209
9.8090625,2.96539068222046
9.81239583333333,2.96437740325928
9.81572916666667,2.96330451965332
9.8190625,2.96217203140259
9.82239583333333,2.96097993850708
9.82572916666667,2.95984745025635
9.8290625,2.95871496200562
9.83239583333333,2.95764207839966
9.83572916666667,2.95662879943848
9.8390625,2.95573472976685
9.84239583333333,2.95495986938477
9.84572916666667,2.95430421829224
9.8490625,2.95388698577881
9.85239583333333,2.95358896255493
9.85572916666667,2.95341014862061
9.8590625,2.95341014862061
9.86239583333333,2.95358896255493
9.86572916666667,2.95388698577881
9.8690625,2.95430421829224
9.87239583333333,2.95484066009521
9.87572916666667,2.95543670654297
9.8790625,2.9560923576355
9.88239583333333,2.95686721801758
9.88572916666667,2.95776128768921
9.8890625,2.95877456665039
9.89239583333333,2.95984745025635
9.89572916666667,2.96109914779663
9.8990625,2.96241044998169
9.90239583333334,2.96390056610107
9.90572916666667,2.96545028686523
9.9090625,2.96705961227417
9.91239583333333,2.96872854232788
9.91572916666667,2.97033786773682
9.9190625,2.97194719314575
9.92239583333333,2.97349691390991
9.92572916666667,2.97504663467407
9.9290625,2.97647714614868
9.93239583333333,2.97790765762329
9.93572916666667,2.9793381690979
9.9390625,2.98076868057251
9.94239583333333,2.98225879669189
9.94572916666667,2.98380851745605
9.9490625,2.98547744750977
9.95239583333333,2.98720598220825
9.95572916666667,2.98905372619629
9.9590625,2.99090147018433
9.96239583333333,2.99286842346191
9.96572916666667,2.9948353767395
9.9690625,2.99680233001709
9.97239583333333,2.99876928329468
9.97572916666667,3.00067663192749
9.9790625,3.00252437591553
9.98239583333333,3.00425291061401
9.98572916666667,3.00592184066772
9.9890625,3.00741195678711
9.99239583333333,3.00878286361694
9.99572916666667,3.00997495651245
9.9990625,3.01098823547363
10.0023958333333,3.01182270050049
10.0057291666667,3.01247835159302
10.0090625,3.01289558410645
10.0123958333333,3.01313400268555
10.0157291666667,3.01319360733032
10.0190625,3.01307439804077
10.0223958333333,3.01283597946167
10.0257291666667,3.01241874694824
10.0290625,3.01194190979004
10.0323958333333,3.01134586334229
10.0357291666667,3.01069021224976
10.0390625,3.01003456115723
10.0423958333333,3.00931930541992
10.0457291666667,3.00866365432739
10.0490625,3.00800800323486
10.0523958333333,3.00741195678711
10.0557291666667,3.00681591033936
10.0590625,3.00639867782593
10.0623958333333,3.00604104995728
10.0657291666667,3.0057430267334
10.0690625,3.00556421279907
10.0723958333333,3.0055046081543
10.0757291666667,3.00562381744385
10.0790625,3.00580263137817
10.0823958333333,3.00616025924683
10.0857291666667,3.0066967010498
10.0890625,3.00741195678711
10.0923958333333,3.00836563110352
10.0957291666667,3.00943851470947
10.0990625,3.01069021224976
10.1023958333333,3.01206111907959
10.1057291666667,3.01355123519897
10.1090625,3.01504135131836
10.1123958333333,3.01665067672729
10.1157291666667,3.01826000213623
10.1190625,3.01980972290039
10.1223958333333,3.02141904830933
10.1257291666667,3.02302837371826
10.1290625,3.02475690841675
10.1323958333333,3.02654504776001
10.1357291666667,3.0285120010376
10.1390625,3.03059816360474
10.1423958333333,3.03292274475098
10.1457291666667,3.03542613983154
10.1490625,3.03810834884644
10.1523958333333,3.04090976715088
10.1557291666667,3.04388999938965
10.1590625,3.04692983627319
10.1623958333333,3.05008888244629
10.1657291666667,3.05324792861938
10.1690625,3.05646657943726
10.1723958333333,3.0597448348999
10.1757291666667,3.06302309036255
10.1790625,3.06624174118042
10.1823958333333,3.06946039199829
10.1857291666667,3.07261943817139
10.1890625,3.07571887969971
10.1923958333333,3.07869911193848
10.1957291666667,3.0815601348877
10.1990625,3.08436155319214
10.2023958333333,3.08704376220703
10.2057291666667,3.08960676193237
10.2090625,3.09205055236816
10.2123958333333,3.09449434280396
10.2157291666667,3.0968189239502
10.2190625,3.09914350509644
10.2223958333333,3.10134887695313
10.2257291666667,3.10349464416504
10.2290625,3.10558080673218
10.2323958333333,3.10760736465454
10.2357291666667,3.10951471328735
10.2390625,3.11130285263062
10.2423958333333,3.11309099197388
10.2457291666667,3.11475992202759
10.2490625,3.1164288520813
10.2523958333333,3.11815738677979
10.2557291666667,3.11988592147827
10.2590625,3.12161445617676
10.2623958333333,3.12346220016479
10.2657291666667,3.12530994415283
10.2690625,3.12721729278564
10.2723958333333,3.12912464141846
10.2757291666667,3.13103199005127
10.2790625,3.13293933868408
10.2823958333333,3.13484668731689
10.2857291666667,3.13669443130493
10.2890625,3.13854217529297
10.2923958333333,3.14038991928101
10.2957291666667,3.14223766326904
10.2990625,3.14414501190186
10.3023958333333,3.14605236053467
10.3057291666667,3.14807891845703
10.3090625,3.15010547637939
10.3123958333333,3.15219163894653
10.3157291666667,3.1542181968689
10.3190625,3.15624475479126
10.3223958333333,3.15821170806885
10.3257291666667,3.15999984741211
10.3290625,3.16160917282104
10.3323958333333,3.16309928894043
10.3357291666667,3.16435098648071
10.3390625,3.16542387008667
10.3423958333333,3.16637754440308
10.3457291666667,3.16727161407471
10.3490625,3.16810607910156
10.3523958333333,3.16900014877319
10.3557291666667,3.1699538230896
10.3590625,3.17096710205078
10.3623958333333,3.17209959030151
10.3657291666667,3.17323207855225
10.3690625,3.17442417144775
10.3723958333333,3.17555665969849
10.3757291666667,3.17668914794922
10.3790625,3.1777024269104
10.3823958333333,3.17871570587158
10.3857291666667,3.17960977554321
10.3890625,3.18050384521484
10.3923958333333,3.18139791488647
10.3957291666667,3.18229198455811
10.3990625,3.18318605422974
10.4023958333333,3.18408012390137
10.4057291666667,3.184974193573
10.4090625,3.18580865859985
10.4123958333333,3.18652391433716
10.4157291666667,3.18711996078491
10.4190625,3.18765640258789
10.4223958333333,3.18807363510132
10.4257291666667,3.1883716583252
10.4290625,3.18866968154907
10.4323958333333,3.18890810012817
10.4357291666667,3.1890869140625
10.4390625,3.1893253326416
10.4423958333333,3.1895637512207
10.4457291666667,3.18974256515503
10.4490625,3.18986177444458
10.4523958333333,3.18992137908936
10.4557291666667,3.18986177444458
10.4590625,3.18968296051025
10.4623958333333,3.18926572799683
10.4657291666667,3.18878889083862
10.4690625,3.18807363510132
10.4723958333333,3.18723917007446
10.4757291666667,3.18634510040283
10.4790625,3.18527221679688
10.4823958333333,3.18419933319092
10.4857291666667,3.18306684494019
10.4890625,3.18193435668945
10.4923958333333,3.18080186843872
10.4957291666667,3.17972898483276
10.4990625,3.17871570587158
10.5023958333333,3.17776203155518
10.5057291666667,3.17692756652832
10.5090625,3.17615270614624
10.5123958333333,3.17543745040894
10.5157291666667,3.17478179931641
10.5190625,3.17418575286865
10.5223958333333,3.1735897064209
10.5257291666667,3.17305326461792
10.5290625,3.17257642745972
10.5323958333333,3.17215919494629
10.5357291666667,3.17174196243286
10.5390625,3.17144393920898
10.5423958333333,3.17120552062988
10.5457291666667,3.17096710205078
10.5490625,3.17084789276123
10.5523958333333,3.1706690788269
10.5557291666667,3.17049026489258
10.5590625,3.17031145095825
10.5623958333333,3.17007303237915
10.5657291666667,3.1697154045105
10.5690625,3.16929817199707
10.5723958333333,3.16876173019409
10.5757291666667,3.16816568374634
10.5790625,3.16745042800903
10.5823958333333,3.16673517227173
10.5857291666667,3.16590070724487
10.5890625,3.16512584686279
10.5923958333333,3.16429138183594
10.5957291666667,3.16351652145386
10.5990625,3.16280126571655
10.6023958333333,3.16214561462402
10.6057291666667,3.16154956817627
10.6090625,3.16101312637329
10.6123958333333,3.16047668457031
10.6157291666667,3.15999984741211
10.6190625,3.15958261489868
10.6223958333333,3.15910577774048
10.6257291666667,3.15862894058228
10.6290625,3.15821170806885
10.6323958333333,3.15779447555542
10.6357291666667,3.15731763839722
10.6390625,3.15696001052856
10.6423958333333,3.15666198730469
10.6457291666667,3.15642356872559
10.6490625,3.15624475479126
10.6523958333333,3.15618515014648
10.6557291666667,3.15630435943604
10.6590625,3.15648317337036
10.6623958333333,3.15672159194946
10.6657291666667,3.15713882446289
10.6690625,3.15761566162109
10.6723958333333,3.15821170806885
10.6757291666667,3.1588077545166
10.6790625,3.15952301025391
10.6823958333333,3.16023826599121
10.6857291666667,3.16101312637329
10.6890625,3.16178798675537
10.6923958333333,3.16250324249268
10.6957291666667,3.16327810287476
10.6990625,3.16405296325684
10.7023958333333,3.16476821899414
10.7057291666667,3.16548347473145
10.7090625,3.16619873046875
10.7123958333333,3.16697359085083
10.7157291666667,3.16774845123291
10.7190625,3.16858291625977
10.7223958333333,3.1694769859314
10.7257291666667,3.17037105560303
10.7290625,3.17132472991943
10.7323958333333,3.17227840423584
10.7357291666667,3.17329168319702
10.7390625,3.17436456680298
10.7423958333333,3.17543745040894
10.7457291666667,3.17651033401489
10.7490625,3.1777024269104
10.7523958333333,3.17889451980591
10.7557291666667,3.18014621734619
10.7590625,3.18145751953125
10.7623958333333,3.18282842636108
10.7657291666667,3.18425893783569
10.7690625,3.18574905395508
10.7723958333333,3.18729877471924
10.7757291666667,3.1888484954834
10.7790625,3.19039821624756
10.7823958333333,3.19200754165649
10.7857291666667,3.19361686706543
10.7890625,3.19522619247437
10.7923958333333,3.1968355178833
10.7957291666667,3.19844484329224
10.7990625,3.20005416870117
10.8023958333333,3.20154428482056
10.8057291666667,3.20303440093994
10.8090625,3.20440530776978
10.8123958333333,3.20565700531006
10.8157291666667,3.20672988891602
10.8190625,3.20756435394287
10.8223958333333,3.2082200050354
10.8257291666667,3.2086968421936
10.8290625,3.20899486541748
10.8323958333333,3.20911407470703
10.8357291666667,3.20917367935181
10.8390625,3.20917367935181
10.8423958333333,3.20911407470703
10.8457291666667,3.20917367935181
10.8490625,3.20923328399658
10.8523958333333,3.20947170257568
10.8557291666667,3.20982933044434
10.8590625,3.21030616760254
10.8623958333333,3.21096181869507
10.8657291666667,3.21173667907715
10.8690625,3.21263074874878
10.8723958333333,3.21364402770996
10.8757291666667,3.21471691131592
10.8790625,3.21590900421143
10.8823958333333,3.21716070175171
10.8857291666667,3.21853160858154
10.8890625,3.21996212005615
10.8923958333333,3.22157144546509
10.8957291666667,3.2232403755188
10.8990625,3.22502851486206
10.9023958333333,3.22693586349487
10.9057291666667,3.22896242141724
10.9090625,3.23110818862915
10.9123958333333,3.23331356048584
10.9157291666667,3.23563814163208
10.9190625,3.23790311813354
10.9223958333333,3.24022769927979
10.9257291666667,3.2426118850708
10.9290625,3.24499607086182
10.9323958333333,3.24738025665283
10.9357291666667,3.24976444244385
10.9390625,3.25214862823486
10.9423958333333,3.25459241867065
10.9457291666667,3.25703620910645
10.9490625,3.25953960418701
10.9523958333333,3.26204299926758
10.9557291666667,3.26454639434814
10.9590625,3.26704978942871
10.9623958333333,3.26955318450928
10.9657291666667,3.27205657958984
10.9690625,3.27455997467041
10.9723958333333,3.2770037651062
10.9757291666667,3.27950716018677
10.9790625,3.28189134597778
10.9823958333333,3.2842755317688
10.9857291666667,3.28665971755981
10.9890625,3.28898429870605
10.9923958333333,3.29118967056274
10.9957291666667,3.29339504241943
10.9990625,3.2954216003418
11.0023958333333,3.29738855361938
11.0057291666667,3.2992959022522
11.0090625,3.30108404159546
11.0123958333333,3.30275297164917
11.0157291666667,3.30436229705811
11.0190625,3.30579280853271
11.0223958333333,3.30716371536255
11.0257291666667,3.30835580825806
11.0290625,3.30936908721924
11.0323958333333,3.31026315689087
11.0357291666667,3.31103801727295
11.0390625,3.31157445907593
11.0423958333333,3.31205129623413
11.0457291666667,3.31234931945801
11.0490625,3.31258773803711
11.0523958333333,3.31282615661621
11.0557291666667,3.31294536590576
11.0590625,3.31306457519531
11.0623958333333,3.31312417984009
11.0657291666667,3.31306457519531
11.0690625,3.31300497055054
11.0723958333333,3.31282615661621
11.0757291666667,3.31252813339233
11.0790625,3.31211090087891
11.0823958333333,3.3116340637207
11.0857291666667,3.31109762191772
11.0890625,3.31050157546997
11.0923958333333,3.30990552902222
11.0957291666667,3.30930948257446
11.0990625,3.30871343612671
11.1023958333333,3.30823659896851
11.1057291666667,3.3077597618103
11.1090625,3.30734252929688
11.1123958333333,3.30698490142822
11.1157291666667,3.30668687820435
11.1190625,3.30638885498047
11.1223958333333,3.30621004104614
11.1257291666667,3.30609083175659
11.1290625,3.30615043640137
11.1323958333333,3.30626964569092
11.1357291666667,3.30656766891479
11.1390625,3.307044506073
11.1423958333333,3.30770015716553
11.1457291666667,3.30853462219238
11.1490625,3.30954790115356
11.1523958333333,3.31073999404907
11.1557291666667,3.31205129623413
11.1590625,3.31348180770874
11.1623958333333,3.3150315284729
11.1657291666667,3.31664085388184
11.1690625,3.31830978393555
11.1723958333333,3.32003831863403
11.1757291666667,3.32170724868774
11.1790625,3.32343578338623
11.1823958333333,3.32504510879517
11.1857291666667,3.3266544342041
11.1890625,3.32820415496826
11.1923958333333,3.32969427108765
11.1957291666667,3.33106517791748
11.1990625,3.33243608474731
11.2023958333333,3.33380699157715
11.2057291666667,3.33517789840698
11.2090625,3.33660840988159
11.2123958333333,3.33809852600098
11.2157291666667,3.33964824676514
11.2190625,3.3411979675293
11.2223958333333,3.34286689758301
11.2257291666667,3.34453582763672
11.2290625,3.34620475769043
11.2323958333333,3.34781408309937
11.2357291666667,3.34936380386353
11.2390625,3.35073471069336
11.2423958333333,3.35192680358887
11.2457291666667,3.35299968719482
11.2490625,3.35389375686646
11.2523958333333,3.35460901260376
11.2557291666667,3.35520505905151
11.2590625,3.35562229156494
11.2623958333333,3.35597991943359
11.2657291666667,3.3562183380127
11.2690625,3.35639715194702
11.2723958333333,3.3564567565918
11.2757291666667,3.3564567565918
11.2790625,3.35639715194702
11.2823958333333,3.3562183380127
11.2857291666667,3.35592031478882
11.2890625,3.35550308227539
11.2923958333333,3.35496664047241
11.2957291666667,3.35425138473511
11.2990625,3.35347652435303
11.3023958333333,3.3525824546814
11.3057291666667,3.35162878036499
11.3090625,3.35067510604858
11.3123958333333,3.3496618270874
11.3157291666667,3.348708152771
11.3190625,3.34787368774414
11.3223958333333,3.34709882736206
11.3257291666667,3.34644317626953
11.3290625,3.34590673446655
11.3323958333333,3.3455491065979
11.3357291666667,3.3453106880188
11.3390625,3.34519147872925
11.3423958333333,3.34525108337402
11.3457291666667,3.34542989730835
11.3490625,3.34584712982178
11.3523958333333,3.34638357162476
11.3557291666667,3.34703922271729
11.3590625,3.34787368774414
11.3623958333333,3.34888696670532
11.3657291666667,3.34995985031128
11.3690625,3.35121154785156
11.3723958333333,3.35252285003662
11.3757291666667,3.35395336151123
11.3790625,3.35550308227539
11.3823958333333,3.3571720123291
11.3857291666667,3.35890054702759
11.3890625,3.36074829101563
11.3923958333333,3.36271524429321
11.3957291666667,3.36486101150513
11.3990625,3.36706638336182
11.4023958333333,3.36939096450806
11.4057291666667,3.37183475494385
11.4090625,3.37439775466919
11.4123958333333,3.37707996368408
11.4157291666667,3.37988138198853
11.4190625,3.38280200958252
11.4223958333333,3.38590145111084
11.4257291666667,3.38912010192871
11.4290625,3.39245796203613
11.4323958333333,3.39585542678833
11.4357291666667,3.39937210083008
11.4390625,3.40288877487183
11.4423958333333,3.40640544891357
11.4457291666667,3.40980291366577
11.4490625,3.41308116912842
11.4523958333333,3.41624021530151
11.4557291666667,3.41910123825073
11.4590625,3.42178344726563
11.4623958333333,3.42416763305664
11.4657291666667,3.42637300491333
11.4690625,3.42828035354614
11.4723958333333,3.4300684928894
11.4757291666667,3.43161821365356
11.4790625,3.4329891204834
11.4823958333333,3.43424081802368
11.4857291666667,3.43531370162964
11.4890625,3.43620777130127
11.4923958333333,3.43698263168335
11.4957291666667,3.43763828277588
11.4990625,3.43805551528931
11.5023958333333,3.43829393386841
11.5057291666667,3.43835353851318
11.5090625,3.43823432922363
11.5123958333333,3.43793630599976
11.5157291666667,3.43745946884155
11.5190625,3.43680381774902
11.5223958333333,3.43602895736694
11.5257291666667,3.43501567840576
11.5290625,3.43388319015503
11.5323958333333,3.43257188796997
11.5357291666667,3.43108177185059
11.5390625,3.42947244644165
11.5423958333333,3.42768430709839
11.5457291666667,3.42577695846558
11.5490625,3.42375040054321
11.5523958333333,3.42172384262085
11.5557291666667,3.41963768005371
11.5590625,3.41755151748657
11.5623958333333,3.41552495956421
11.5657291666667,3.41349840164185
11.5690625,3.41165065765381
11.5723958333333,3.40986251831055
11.5757291666667,3.40819358825684
11.5790625,3.40670347213745
11.5823958333333,3.40533256530762
11.5857291666667,3.40414047241211
11.5890625,3.40306758880615
11.5923958333333,3.4022331237793
11.5957291666667,3.40157747268677
11.5990625,3.40116024017334
11.6023958333333,3.40086221694946
11.6057291666667,3.40074300765991
11.6090625,3.40080261230469
11.6123958333333,3.40110063552856
11.6157291666667,3.40151786804199
11.6190625,3.40217351913452
11.6223958333333,3.40306758880615
11.6257291666667,3.40408086776733
11.6290625,3.40533256530762
11.6323958333333,3.406822681427
11.6357291666667,3.40849161148071
11.6390625,3.41033935546875
11.6423958333333,3.41242551803589
11.6457291666667,3.41463088989258
11.6490625,3.41695547103882
11.6523958333333,3.41939926147461
11.6557291666667,3.42196226119995
11.6590625,3.42464447021484
11.6623958333333,3.42738628387451
11.6657291666667,3.43018770217896
11.6690625,3.4329891204834
11.6723958333333,3.43573093414307
11.6757291666667,3.43853235244751
11.6790625,3.4412145614624
11.6823958333333,3.44383716583252
11.6857291666667,3.44634056091309
11.6890625,3.4487247467041
11.6923958333333,3.45098972320557
11.6957291666667,3.45307588577271
11.6990625,3.45510244369507
11.7023958333333,3.45700979232788
11.7057291666667,3.45879793167114
11.7090625,3.46046686172485
11.7123958333333,3.46207618713379
11.7157291666667,3.46356630325317
11.7190625,3.46493721008301
11.7223958333333,3.46612930297852
11.7257291666667,3.4671425819397
11.7290625,3.467857837677
11.7323958333333,3.46839427947998
11.7357291666667,3.46863269805908
11.7390625,3.46863269805908
11.7423958333333,3.46833467483521
11.7457291666667,3.467857837677
11.7490625,3.4671425819397
11.7523958333333,3.46630811691284
11.7557291666667,3.46535444259644
11.7590625,3.46428155899048
11.7623958333333,3.46320867538452
11.7657291666667,3.46213579177856
11.7690625,3.46100330352783
11.7723958333333,3.4598708152771
11.7757291666667,3.45873832702637
11.7790625,3.45760583877563
11.7823958333333,3.45641374588013
11.7857291666667,3.45516204833984
11.7890625,3.45379114151001
11.7923958333333,3.4523606300354
11.7957291666667,3.45093011856079
11.7990625,3.44944000244141
11.8023958333333,3.44794988632202
11.8057291666667,3.44645977020264
11.8090625,3.44502925872803
11.8123958333333,3.44365835189819
11.8157291666667,3.44228744506836
11.8190625,3.44109535217285
11.8223958333333,3.43990325927734
11.8257291666667,3.43877077102661
11.8290625,3.43775749206543
11.8323958333333,3.43680381774902
11.8357291666667,3.43590974807739
11.8390625,3.43507528305054
11.8423958333333,3.43441963195801
11.8457291666667,3.43388319015503
11.8490625,3.4334659576416
11.8523958333333,3.4332275390625
11.8557291666667,3.43310832977295
11.8590625,3.43310832977295
11.8623958333333,3.43328714370728
11.8657291666667,3.43358516693115
11.8690625,3.43406200408936
11.8723958333333,3.43471765518188
11.8757291666667,3.43549251556396
11.8790625,3.4363865852356
11.8823958333333,3.43751907348633
11.8857291666667,3.43877077102661
11.8890625,3.44020128250122
11.8923958333333,3.44181060791016
11.8957291666667,3.44347953796387
11.8990625,3.44526767730713
11.9023958333333,3.44705581665039
11.9057291666667,3.4489631652832
11.9090625,3.45081090927124
11.9123958333333,3.45277786254883
11.9157291666667,3.45480442047119
11.9190625,3.45683097839355
11.9223958333333,3.45903635025024
11.9257291666667,3.46130132675171
11.9290625,3.4637451171875
11.9323958333333,3.46630811691284
11.9357291666667,3.46893072128296
11.9390625,3.47161293029785
11.9423958333333,3.47435474395752
11.9457291666667,3.47703695297241
11.9490625,3.47965955734253
11.9523958333333,3.48222255706787
11.9557291666667,3.48466634750366
11.9590625,3.48705053329468
11.9623958333333,3.48937511444092
11.9657291666667,3.49158048629761
11.9690625,3.49372625350952
11.9723958333333,3.49581241607666
11.9757291666667,3.4978985786438
11.9790625,3.49992513656616
11.9823958333333,3.50195169448853
11.9857291666667,3.50379943847656
11.9890625,3.50558757781982
11.9923958333333,3.50731611251831
11.9957291666667,3.50886583328247
11.9990625,3.51029634475708
12.0023958333333,3.51160764694214
12.0057291666667,3.51285934448242
12.0090625,3.51399183273315
12.0123958333333,3.51506471633911
12.0157291666667,3.51613759994507
12.0190625,3.51715087890625
12.0223958333333,3.51810455322266
12.0257291666667,3.51893901824951
12.0290625,3.51971387863159
12.0323958333333,3.52036952972412
12.0357291666667,3.52096557617188
12.0390625,3.5213828086853
12.0423958333333,3.52174043655396
12.0457291666667,3.52197885513306
12.0490625,3.52221727371216
12.0523958333333,3.52239608764648
12.0557291666667,3.52263450622559
12.0590625,3.52287292480469
12.0623958333333,3.52317094802856
12.0657291666667,3.52358818054199
12.0690625,3.52400541305542
12.0723958333333,3.52442264556885
12.0757291666667,3.52489948272705
12.0790625,3.52531671524048
12.0823958333333,3.52573394775391
12.0857291666667,3.52615118026733
12.0890625,3.52650880813599
12.0923958333333,3.52680683135986
12.0957291666667,3.52710485458374
12.0990625,3.52746248245239
12.1023958333333,3.52776050567627
12.1057291666667,3.5281777381897
12.1090625,3.5286545753479
12.1123958333333,3.52919101715088
12.1157291666667,3.52984666824341
12.1190625,3.53056192398071
12.1223958333333,3.53133678436279
12.1257291666667,3.5322904586792
12.1290625,3.53324413299561
12.1323958333333,3.53437662124634
12.1357291666667,3.53556871414185
12.1390625,3.5368800163269
12.1423958333333,3.53837013244629
12.1457291666667,3.53997945785522
12.1490625,3.54170799255371
12.1523958333333,3.54361534118652
12.1557291666667,3.54558229446411
12.1590625,3.54772806167603
12.1623958333333,3.54993343353271
12.1657291666667,3.55225801467896
12.1690625,3.5545825958252
12.1723958333333,3.55696678161621
12.1757291666667,3.55935096740723
12.1790625,3.56173515319824
12.1823958333333,3.56411933898926
12.1857291666667,3.56650352478027
12.1890625,3.56882810592651
12.1923958333333,3.57115268707275
12.1957291666667,3.57341766357422
12.1990625,3.57574224472046
12.2023958333333,3.5780668258667
12.2057291666667,3.58051061630249
12.2090625,3.58295440673828
12.2123958333333,3.5855770111084
12.2157291666667,3.58831882476807
12.2190625,3.59117984771729
12.2223958333333,3.59416007995605
12.2257291666667,3.59725952148438
12.2290625,3.60053777694702
12.2323958333333,3.60387563705444
12.2357291666667,3.60733270645142
12.2390625,3.61084938049316
12.2423958333333,3.61448526382446
12.2457291666667,3.61812114715576
12.2490625,3.62175703048706
12.2523958333333,3.62539291381836
12.2557291666667,3.62902879714966
12.2590625,3.63254547119141
12.2623958333333,3.63606214523315
12.2657291666667,3.63945960998535
12.2690625,3.642737865448
12.2723958333333,3.64589691162109
12.2757291666667,3.64893674850464
12.2790625,3.65185737609863
12.2823958333333,3.6545991897583
12.2857291666667,3.65722179412842
12.2890625,3.65954637527466
12.2923958333333,3.66175174713135
12.2957291666667,3.66365909576416
12.2990625,3.66532802581787
12.3023958333333,3.66675853729248
12.3057291666667,3.66801023483276
12.3090625,3.66896390914917
12.3123958333333,3.66973876953125
12.3157291666667,3.67027521133423
12.3190625,3.67057323455811
12.3223958333333,3.67069244384766
12.3257291666667,3.67057323455811
12.3290625,3.67027521133423
12.3323958333333,3.66979837417603
12.3357291666667,3.6691427230835
12.3390625,3.66830825805664
12.3423958333333,3.66741418838501
12.3457291666667,3.66640090942383
12.3490625,3.6652684211731
12.3523958333333,3.66407632827759
12.3557291666667,3.66276502609253
12.3590625,3.6613941192627
12.3623958333333,3.65984439849854
12.3657291666667,3.65829467773438
12.3690625,3.65662574768066
12.3723958333333,3.65495681762695
12.3757291666667,3.65328788757324
12.3790625,3.65167856216431
12.3823958333333,3.65012884140015
12.3857291666667,3.64869832992554
12.3890625,3.64744663238525
12.3923958333333,3.6463737487793
12.3957291666667,3.64542007446289
12.3990625,3.64458560943604
12.4023958333333,3.64387035369873
12.4057291666667,3.64327430725098
12.4090625,3.64267826080322
12.4123958333333,3.64220142364502
12.4157291666667,3.64178419113159
12.4190625,3.64142656326294
12.4223958333333,3.64112854003906
12.4257291666667,3.64094972610474
12.4290625,3.64083051681519
12.4323958333333,3.64077091217041
12.4357291666667,3.64077091217041
12.4390625,3.64083051681519
12.4423958333333,3.64094972610474
12.4457291666667,3.64112854003906
12.4490625,3.64136695861816
12.4523958333333,3.64166498184204
12.4557291666667,3.64202260971069
12.4590625,3.64238023757935
12.4623958333333,3.64285707473755
12.4657291666667,3.64333391189575
12.4690625,3.64392995834351
12.4723958333333,3.64452600479126
12.4757291666667,3.64518165588379
12.4790625,3.64589691162109
12.4823958333333,3.64667177200317
12.4857291666667,3.64744663238525
12.4890625,3.64834070205688
12.4923958333333,3.64929437637329
12.4957291666667,3.65036725997925
12.4990625,3.65155935287476
12.5023958333333,3.65281105041504
12.5057291666667,3.65424156188965
12.5090625,3.65573167800903
12.5123958333333,3.65740060806274
12.5157291666667,3.65918874740601
12.5190625,3.66109609603882
12.5223958333333,3.66312265396118
12.5257291666667,3.6652684211731
12.5290625,3.66747379302979
12.5323958333333,3.6698579788208
12.5357291666667,3.67230176925659
12.5390625,3.67480516433716
12.5423958333333,3.67742776870728
12.5457291666667,3.68010997772217
12.5490625,3.68285179138184
12.5523958333333,3.68565320968628
12.5557291666667,3.6885142326355
12.5590625,3.69137525558472
12.5623958333333,3.69429588317871
12.5657291666667,3.69715690612793
12.5690625,3.70001792907715
12.5723958333333,3.70287895202637
12.5757291666667,3.70562076568604
12.5790625,3.70824337005615
12.5823958333333,3.71080636978149
12.5857291666667,3.71319055557251
12.5890625,3.71545553207397
12.5923958333333,3.71766090393066
12.5957291666667,3.7197470664978
12.5990625,3.72171401977539
12.6023958333333,3.72368097305298
12.6057291666667,3.72558832168579
12.6090625,3.7274956703186
12.6123958333333,3.72940301895142
12.6157291666667,3.73131036758423
12.6190625,3.73321771621704
12.6223958333333,3.73506546020508
12.6257291666667,3.73691320419312
12.6290625,3.7386417388916
12.6323958333333,3.74031066894531
12.6357291666667,3.74191999435425
12.6390625,3.74335050582886
12.6423958333333,3.74472141265869
12.6457291666667,3.7459135055542
12.6490625,3.74698638916016
12.6523958333333,3.74799966812134
12.6557291666667,3.74889373779297
12.6590625,3.74966859817505
12.6623958333333,3.75038385391235
12.6657291666667,3.75103950500488
12.6690625,3.75157594680786
12.6723958333333,3.75205278396606
12.6757291666667,3.75247001647949
12.6790625,3.75276803970337
12.6823958333333,3.75300645828247
12.6857291666667,3.75312566757202
12.6890625,3.7531852722168
12.6923958333333,3.75306606292725
12.6957291666667,3.75288724899292
12.6990625,3.75264883041382
12.7023958333333,3.75235080718994
12.7057291666667,3.75193357467651
12.7090625,3.75151634216309
12.7123958333333,3.75103950500488
12.7157291666667,3.75056266784668
12.7190625,3.75014543533325
12.7223958333333,3.74966859817505
12.7257291666667,3.7493109703064
12.7290625,3.74895334243774
12.7323958333333,3.74859571456909
12.7357291666667,3.74835729598999
12.7390625,3.74817848205566
12.7423958333333,3.74799966812134
12.7457291666667,3.74788045883179
12.7490625,3.74776124954224
12.7523958333333,3.74770164489746
12.7557291666667,3.74764204025269
12.7590625,3.74758243560791
12.7623958333333,3.74752283096313
12.7657291666667,3.74752283096313
12.7690625,3.74746322631836
12.7723958333333,3.74746322631836
12.7757291666667,3.74746322631836
12.7790625,3.74746322631836
12.7823958333333,3.74752283096313
12.7857291666667,3.74758243560791
12.7890625,3.74764204025269
12.7923958333333,3.74776124954224
12.7957291666667,3.74799966812134
12.7990625,3.74823808670044
12.8023958333333,3.74859571456909
12.8057291666667,3.74907255172729
12.8090625,3.7495493888855
12.8123958333333,3.75014543533325
12.8157291666667,3.75074148178101
12.8190625,3.75145673751831
12.8223958333333,3.75217199325562
12.8257291666667,3.75300645828247
12.8290625,3.75384092330933
12.8323958333333,3.75479459762573
12.8357291666667,3.75568866729736
12.8390625,3.75670194625854
12.8423958333333,3.75765562057495
12.8457291666667,3.75866889953613
12.8490625,3.75956296920776
12.8523958333333,3.76045703887939
12.8557291666667,3.76123189926147
12.8590625,3.761887550354
12.8623958333333,3.76242399215698
12.8657291666667,3.76284122467041
12.8690625,3.76325845718384
12.8723958333333,3.76355648040771
12.8757291666667,3.76391410827637
12.8790625,3.76427173614502
12.8823958333333,3.76468896865845
12.8857291666667,3.76522541046143
12.8890625,3.76582145690918
12.8923958333333,3.76659631729126
12.8957291666667,3.76749038696289
12.8990625,3.7684440612793
12.9023958333333,3.76951694488525
12.9057291666667,3.77070903778076
12.9090625,3.77196073532104
12.9123958333333,3.7732720375061
12.9157291666667,3.77464294433594
12.9190625,3.77613306045532
12.9223958333333,3.77768278121948
12.9257291666667,3.77935171127319
12.9290625,3.78108024597168
12.9323958333333,3.78292798995972
12.9357291666667,3.78483533859253
12.9390625,3.78680229187012
12.9423958333333,3.78870964050293
12.9457291666667,3.79067659378052
12.9490625,3.79258394241333
12.9523958333333,3.79443168640137
12.9557291666667,3.7962794303894
12.9590625,3.79806756973267
12.9623958333333,3.79985570907593
12.9657291666667,3.80158424377441
12.9690625,3.80319356918335
12.9723958333333,3.80480289459229
12.9757291666667,3.80629301071167
12.9790625,3.80778312683105
12.9823958333333,3.80915403366089
12.9857291666667,3.81046533584595
12.9890625,3.81171703338623
12.9923958333333,3.81296873092651
12.9957291666667,3.81416082382202
12.9990625,3.81535291671753
13.0023958333333,3.81654500961304
13.0057291666667,3.81767749786377
13.0090625,3.8188099861145
13.0123958333333,3.81988286972046
13.0157291666667,3.82089614868164
13.0190625,3.8219690322876
13.0223958333333,3.82298231124878
13.0257291666667,3.82399559020996
13.0290625,3.82500886917114
13.0323958333333,3.8260817527771
13.0357291666667,3.82715463638306
13.0390625,3.82822751998901
13.0423958333333,3.82930040359497
13.0457291666667,3.83025407791138
13.0490625,3.83108854293823
13.0523958333333,3.83186340332031
13.0557291666667,3.83245944976807
13.0590625,3.83293628692627
13.0623958333333,3.83329391479492
13.0657291666667,3.83353233337402
13.0690625,3.83371114730835
13.0723958333333,3.83388996124268
13.0757291666667,3.83394956588745
13.0790625,3.834068775177
13.0823958333333,3.83412837982178
13.0857291666667,3.83418798446655
13.0890625,3.8343071937561
13.0923958333333,3.83436679840088
13.0957291666667,3.83442640304565
13.0990625,3.83448600769043
13.1023958333333,3.83454561233521
13.1057291666667,3.83460521697998
13.1090625,3.83472442626953
13.1123958333333,3.83484363555908
13.1157291666667,3.83502244949341
13.1190625,3.83520126342773
13.1223958333333,3.83538007736206
13.1257291666667,3.83561849594116
13.1290625,3.83591651916504
13.1323958333333,3.83627414703369
13.1357291666667,3.83669137954712
13.1390625,3.83716821670532
13.1423958333333,3.8377046585083
13.1457291666667,3.83830070495605
13.1490625,3.83895635604858
13.1523958333333,3.83967161178589
13.1557291666667,3.84038686752319
13.1590625,3.84104251861572
13.1623958333333,3.84175777435303
13.1657291666667,3.84247303009033
13.1690625,3.84318828582764
13.1723958333333,3.84390354156494
13.1757291666667,3.84467840194702
13.1790625,3.84557247161865
13.1823958333333,3.84652614593506
13.1857291666667,3.84759902954102
13.1890625,3.84879112243652
13.1923958333333,3.85010242462158
13.1957291666667,3.85159254074097
13.1990625,3.85314226150513
13.2023958333333,3.85481119155884
13.2057291666667,3.85653972625732
13.2090625,3.85838747024536
13.2123958333333,3.86029481887817
13.2157291666667,3.86226177215576
13.2190625,3.86428833007813
13.2223958333333,3.86637449264526
13.2257291666667,3.86852025985718
13.2290625,3.87066602706909
13.2323958333333,3.87281179428101
13.2357291666667,3.87495756149292
13.2390625,3.87716293334961
13.2423958333333,3.8793683052063
13.2457291666667,3.88163328170776
13.2490625,3.88389825820923
13.2523958333333,3.88616323471069
13.2557291666667,3.88842821121216
13.2590625,3.8907527923584
13.2623958333333,3.89301776885986
13.2657291666667,3.8953423500061
13.2690625,3.89766693115234
13.2723958333333,3.89999151229858
13.2757291666667,3.90225648880005
13.2790625,3.90440225601196
13.2823958333333,3.9064884185791
13.2857291666667,3.90851497650146
13.2890625,3.91042232513428
13.2923958333333,3.91221046447754
13.2957291666667,3.91393899917603
13.2990625,3.91560792922974
13.3023958333333,3.91721725463867
13.3057291666667,3.91882658004761
13.3090625,3.92043590545654
13.3123958333333,3.92204523086548
13.3157291666667,3.92371416091919
13.3190625,3.9253830909729
13.3223958333333,3.92711162567139
13.3257291666667,3.9287805557251
13.3290625,3.93038988113403
13.3323958333333,3.93205881118774
13.3357291666667,3.93372774124146
13.3390625,3.93539667129517
13.3423958333333,3.93712520599365
13.3457291666667,3.93897294998169
13.3490625,3.94082069396973
13.3523958333333,3.94278764724731
13.3557291666667,3.94481420516968
13.3590625,3.94690036773682
13.3623958333333,3.94898653030396
13.3657291666667,3.95101308822632
13.3690625,3.95298004150391
13.3723958333333,3.95476818084717
13.3757291666667,3.95631790161133
13.3790625,3.95768880844116
13.3823958333333,3.95876169204712
13.3857291666667,3.95965576171875
13.3890625,3.9602518081665
13.3923958333333,3.96066904067993
13.3957291666667,3.96090745925903
13.3990625,3.96096706390381
13.4023958333333,3.96096706390381
13.4057291666667,3.96078824996948
13.4090625,3.96060943603516
13.4123958333333,3.96037101745605
13.4157291666667,3.96007299423218
13.4190625,3.95971536636353
13.4223958333333,3.95935773849487
13.4257291666667,3.959059715271
13.4290625,3.95870208740234
13.4323958333333,3.95834445953369
13.4357291666667,3.95798683166504
13.4390625,3.95768880844116
13.4423958333333,3.95745038986206
13.4457291666667,3.95715236663818
13.4490625,3.95691394805908
13.4523958333333,3.95667552947998
13.4557291666667,3.9563775062561
13.4590625,3.95607948303223
13.4623958333333,3.95578145980835
13.4657291666667,3.9554238319397
13.4690625,3.95506620407104
13.4723958333333,3.95464897155762
13.4757291666667,3.95417213439941
13.4790625,3.95369529724121
13.4823958333333,3.95309925079346
13.4857291666667,3.9525032043457
13.4890625,3.9517879486084
13.4923958333333,3.95101308822632
13.4957291666667,3.95011901855469
13.4990625,3.94916534423828
13.5023958333333,3.9481520652771
13.5057291666667,3.94701957702637
13.5090625,3.94588708877563
13.5123958333333,3.9447546005249
13.5157291666667,3.94356250762939
13.5190625,3.94237041473389
13.5223958333333,3.94123792648315
13.5257291666667,3.94010543823242
13.5290625,3.93897294998169
13.5323958333333,3.93784046173096
13.5357291666667,3.936767578125
13.5390625,3.93563508987427
13.5423958333333,3.93456220626831
13.5457291666667,3.93348932266235
13.5490625,3.93247604370117
13.5523958333333,3.93158197402954
13.5557291666667,3.93074750900269
13.5590625,3.93003225326538
13.5623958333333,3.92955541610718
13.5657291666667,3.92919778823853
13.5690625,3.9290189743042
13.5723958333333,3.9290189743042
13.5757291666667,3.92913818359375
13.5790625,3.92937660217285
13.5823958333333,3.92967462539673
13.5857291666667,3.93003225326538
13.5890625,3.93038988113403
13.5923958333333,3.93080711364746
13.5957291666667,3.93122434616089
13.5990625,3.93164157867432
13.6023958333333,3.93205881118774
13.6057291666667,3.93253564834595
13.6090625,3.93301248550415
13.6123958333333,3.93348932266235
13.6157291666667,3.93408536911011
13.6190625,3.93468141555786
13.6223958333333,3.93545627593994
13.6257291666667,3.93623113632202
13.6290625,3.93718481063843
13.6323958333333,3.93819808959961
13.6357291666667,3.93933057785034
13.6390625,3.9406418800354
13.6423958333333,3.94201278686523
13.6457291666667,3.94344329833984
13.6490625,3.94493341445923
13.6523958333333,3.94648313522339
13.6557291666667,3.94803285598755
13.6590625,3.94964218139648
13.6623958333333,3.9513111114502
13.6657291666667,3.95303964614868
13.6690625,3.95476818084717
13.6723958333333,3.95661592483521
13.6757291666667,3.95852327346802
13.6790625,3.96049022674561
13.6823958333333,3.96257638931274
13.6857291666667,3.96466255187988
13.6890625,3.9668083190918
13.6923958333333,3.96895408630371
13.6957291666667,3.97109985351563
13.6990625,3.97324562072754
13.7023958333333,3.97539138793945
13.7057291666667,3.97741794586182
13.7090625,3.97950410842896
13.7123958333333,3.98147106170654
13.7157291666667,3.98349761962891
13.7190625,3.98552417755127
13.7223958333333,3.98755073547363
13.7257291666667,3.989577293396
13.7290625,3.99154424667358
13.7323958333333,3.99357080459595
13.7357291666667,3.99547815322876
13.7390625,3.99738550186157
13.7423958333333,3.99917364120483
13.7457291666667,4.00090217590332
13.7490625,4.00251150131226
13.7523958333333,4.00406122207642
13.7557291666667,4.00543212890625
13.7590625,4.00674343109131
13.7623958333333,4.00793552398682
13.7657291666667,4.00906801223755
13.7690625,4.01008129119873
13.7723958333333,4.01109457015991
13.7757291666667,4.01204824447632
13.7790625,4.0130615234375
13.7823958333333,4.01407480239868
13.7857291666667,4.01520729064941
13.7890625,4.01639938354492
13.7923958333333,4.01765108108521
13.7957291666667,4.01902198791504
13.7990625,4.02045249938965
13.8023958333333,4.02188301086426
13.8057291666667,4.02331352233887
13.8090625,4.0246844291687
13.8123958333333,4.02599573135376
13.8157291666667,4.02718782424927
13.8190625,4.0283203125
13.8223958333333,4.02927398681641
13.8257291666667,4.03010845184326
13.8290625,4.03088331222534
13.8323958333333,4.03165817260742
13.8357291666667,4.03237342834473
13.8390625,4.03302907943726
13.8423958333333,4.03380393981934
13.8457291666667,4.03451919555664
13.8490625,4.03529405593872
13.8523958333333,4.0360689163208
13.8557291666667,4.03684377670288
13.8590625,4.03755903244019
13.8623958333333,4.03827428817749
13.8657291666667,4.03892993927002
13.8690625,4.03952598571777
13.8723958333333,4.04006242752075
13.8757291666667,4.04047966003418
13.8790625,4.04083728790283
13.8823958333333,4.04113531112671
13.8857291666667,4.04143333435059
13.8890625,4.04161214828491
13.8923958333333,4.04173135757446
13.8957291666667,4.04179096221924
13.8990625,4.04185056686401
13.9023958333333,4.04179096221924
13.9057291666667,4.04161214828491
13.9090625,4.04137372970581
13.9123958333333,4.04101610183716
13.9157291666667,4.04053926467896
13.9190625,4.0399432182312
13.9223958333333,4.03928756713867
13.9257291666667,4.03851270675659
13.9290625,4.03767824172974
13.9323958333333,4.03678417205811
13.9357291666667,4.03589010238647
13.9390625,4.03505563735962
13.9423958333333,4.03416156768799
13.9457291666667,4.03338670730591
13.9490625,4.03261184692383
13.9523958333333,4.0319561958313
13.9557291666667,4.03136014938354
13.9590625,4.03088331222534
13.9623958333333,4.03046607971191
13.9657291666667,4.03016805648804
13.9690625,4.03004884719849
13.9723958333333,4.02998924255371
13.9757291666667,4.03010845184326
13.9790625,4.03034687042236
13.9823958333333,4.03076410293579
13.9857291666667,4.03136014938354
13.9890625,4.03207540512085
13.9923958333333,4.03290987014771
13.9957291666667,4.03386354446411
13.9990625,4.03493642807007
14.0023958333333,4.03612852096558
14.0057291666667,4.03743982315063
14.0090625,4.03887033462524
14.0123958333333,4.0404200553894
14.0157291666667,4.04214859008789
14.0190625,4.0440559387207
14.0223958333333,4.04620170593262
14.0257291666667,4.04852628707886
14.0290625,4.05114889144897
14.0323958333333,4.05400991439819
14.0357291666667,4.05704975128174
14.0390625,4.06026840209961
14.0423958333333,4.06360626220703
14.0457291666667,4.067063331604
14.0490625,4.07052040100098
14.0523958333333,4.07397747039795
14.0557291666667,4.07743453979492
14.0590625,4.08095121383667
14.0623958333333,4.08446788787842
14.0657291666667,4.08798456192017
14.0690625,4.09150123596191
14.0723958333333,4.09507751464844
14.0757291666667,4.09865379333496
14.0790625,4.10223007202148
14.0823958333333,4.10580635070801
14.0857291666667,4.10932302474976
14.0890625,4.11278009414673
14.0923958333333,4.1162371635437
14.0957291666667,4.11957502365112
14.0990625,4.12291288375854
14.1023958333333,4.12619113922119
14.1057291666667,4.12946939468384
14.1090625,4.13268804550171
14.1123958333333,4.13590669631958
14.1157291666667,4.13906574249268
14.1190625,4.14222478866577
14.1223958333333,4.14532423019409
14.1257291666667,4.14842367172241
14.1290625,4.15146350860596
14.1323958333333,4.15444374084473
14.1357291666667,4.15736436843872
14.1390625,4.16022539138794
14.1423958333333,4.16308641433716
14.1457291666667,4.1658878326416
14.1490625,4.16868925094604
14.1523958333333,4.17149066925049
14.1557291666667,4.17423248291016
14.1590625,4.17697429656982
14.1623958333333,4.17965650558472
14.1657291666667,4.18227910995483
14.1690625,4.18496131896973
14.1723958333333,4.18752431869507
14.1757291666667,4.19002771377563
14.1790625,4.1925311088562
14.1823958333333,4.19491529464722
14.1857291666667,4.19729948043823
14.1890625,4.1995644569397
14.1923958333333,4.20188903808594
14.1957291666667,4.2041540145874
14.1990625,4.20635938644409
14.2023958333333,4.20862436294556
14.2057291666667,4.21082973480225
14.2090625,4.21303510665894
14.2123958333333,4.21524047851563
14.2157291666667,4.21744585037231
14.2190625,4.21953201293945
14.2223958333333,4.22161817550659
14.2257291666667,4.22358512878418
14.2290625,4.22549247741699
14.2323958333333,4.22728061676025
14.2357291666667,4.22906875610352
14.2390625,4.230797290802
14.2423958333333,4.23252582550049
14.2457291666667,4.23425436019897
14.2490625,4.23598289489746
14.2523958333333,4.23777103424072
14.2557291666667,4.23955917358398
14.2590625,4.24140691757202
14.2623958333333,4.24331426620483
14.2657291666667,4.24522161483765
14.2690625,4.24712896347046
14.2723958333333,4.24909591674805
14.2757291666667,4.25106287002563
14.2790625,4.25297021865845
14.2823958333333,4.25493717193604
14.2857291666667,4.25690412521362
14.2890625,4.25893068313599
14.2923958333333,4.26095724105835
14.2957291666667,4.26304340362549
14.2990625,4.26512956619263
14.3023958333333,4.26727533340454
14.3057291666667,4.26942110061646
14.3090625,4.27150726318359
14.3123958333333,4.27359342575073
14.3157291666667,4.2756199836731
14.3190625,4.27746772766113
14.3223958333333,4.27919626235962
14.3257291666667,4.280686378479
14.3290625,4.28199768066406
14.3323958333333,4.28313016891479
14.3357291666667,4.28402423858643
14.3390625,4.28473949432373
14.3423958333333,4.28533554077148
14.3457291666667,4.28575277328491
14.3490625,4.28611040115356
14.3523958333333,4.28640842437744
14.3557291666667,4.28676605224609
14.3590625,4.28712368011475
14.3623958333333,4.2874813079834
14.3657291666667,4.28789854049683
14.3690625,4.28831577301025
14.3723958333333,4.28873300552368
14.3757291666667,4.28920984268188
14.3790625,4.28962707519531
14.3823958333333,4.28998470306396
14.3857291666667,4.29034233093262
14.3890625,4.29064035415649
14.3923958333333,4.2908787727356
14.3957291666667,4.29105758666992
14.3990625,4.29117679595947
14.4023958333333,4.29129600524902
14.4057291666667,4.29141521453857
14.4090625,4.29147481918335
14.4123958333333,4.2915940284729
14.4157291666667,4.29165363311768
14.4190625,4.29171323776245
14.4223958333333,4.29177284240723
14.4257291666667,4.29177284240723
14.4290625,4.29177284240723
14.4323958333333,4.29165363311768
14.4357291666667,4.29147481918335
14.4390625,4.29123640060425
14.4423958333333,4.2908787727356
14.4457291666667,4.29034233093262
14.4490625,4.28974628448486
14.4523958333333,4.28903102874756
14.4557291666667,4.2881965637207
14.4590625,4.2872428894043
14.4623958333333,4.28617000579834
14.4657291666667,4.28509712219238
14.4690625,4.28402423858643
14.4723958333333,4.28295135498047
14.4757291666667,4.28193807601929
14.4790625,4.28104400634766
14.4823958333333,4.28026914596558
14.4857291666667,4.27961349487305
14.4890625,4.27901744842529
14.4923958333333,4.27854061126709
14.4957291666667,4.27818298339844
14.4990625,4.27782535552979
14.5023958333333,4.27752733230591
14.5057291666667,4.27728891372681
14.5090625,4.27705049514771
14.5123958333333,4.2768120765686
14.5157291666667,4.27669286727905
14.5190625,4.27669286727905
14.5223958333333,4.2768120765686
14.5257291666667,4.27705049514771
14.5290625,4.27752733230591
14.5323958333333,4.27818298339844
14.5357291666667,4.27901744842529
14.5390625,4.28009033203125
14.5423958333333,4.28134202957153
14.5457291666667,4.28277254104614
14.5490625,4.28438186645508
14.5523958333333,4.28611040115356
14.5557291666667,4.28789854049683
14.5590625,4.28986549377441
14.5623958333333,4.29195165634155
14.5657291666667,4.29409742355347
14.5690625,4.29636240005493
14.5723958333333,4.29874658584595
14.5757291666667,4.30119037628174
14.5790625,4.3036937713623
14.5823958333333,4.30625677108765
14.5857291666667,4.30881977081299
14.5890625,4.31144237518311
14.5923958333333,4.31406497955322
14.5957291666667,4.31656837463379
14.5990625,4.31907176971436
14.6023958333333,4.32145595550537
14.6057291666667,4.32366132736206
14.6090625,4.32580709457397
14.6123958333333,4.32777404785156
14.6157291666667,4.3296217918396
14.6190625,4.33135032653809
14.6223958333333,4.33284044265747
14.6257291666667,4.3342113494873
14.6290625,4.33546304702759
14.6323958333333,4.33659553527832
14.6357291666667,4.33754920959473
14.6390625,4.33838367462158
14.6423958333333,4.33903932571411
14.6457291666667,4.33963537216187
14.6490625,4.34005260467529
14.6523958333333,4.34035062789917
14.6557291666667,4.3405294418335
14.6590625,4.3405294418335
14.6623958333333,4.34046983718872
14.6657291666667,4.34029102325439
14.6690625,4.33993339538574
14.6723958333333,4.33951616287231
14.6757291666667,4.33892011642456
14.6790625,4.33832406997681
14.6823958333333,4.3376088142395
14.6857291666667,4.3368935585022
14.6890625,4.33611869812012
14.6923958333333,4.33540344238281
14.6957291666667,4.33468818664551
14.6990625,4.33415174484253
14.7023958333333,4.33367490768433
14.7057291666667,4.33337688446045
14.7090625,4.33331727981567
14.7123958333333,4.33337688446045
14.7157291666667,4.33367490768433
14.7190625,4.3342113494873
14.7223958333333,4.33492660522461
14.7257291666667,4.33582067489624
14.7290625,4.33695316314697
14.7323958333333,4.33820486068726
14.7357291666667,4.33957576751709
14.7390625,4.34106588363647
14.7423958333333,4.34261560440063
14.7457291666667,4.34428453445435
14.7490625,4.34601306915283
14.7523958333333,4.34786081314087
14.7557291666667,4.34970855712891
14.7590625,4.35161590576172
14.7623958333333,4.35358285903931
14.7657291666667,4.35560941696167
14.7690625,4.35769557952881
14.7723958333333,4.35984134674072
14.7757291666667,4.36204671859741
14.7790625,4.36437129974365
14.7823958333333,4.36669588088989
14.7857291666667,4.36908006668091
14.7890625,4.3715238571167
14.7923958333333,4.37396764755249
14.7957291666667,4.37647104263306
14.7990625,4.37897443771362
14.8023958333333,4.38153743743896
14.8057291666667,4.38404083251953
14.8090625,4.3865442276001
14.8123958333333,4.38904762268066
14.8157291666667,4.39149141311646
14.8190625,4.3938159942627
14.8223958333333,4.39596176147461
14.8257291666667,4.39804792404175
14.8290625,4.39989566802979
14.8323958333333,4.4015645980835
14.8357291666667,4.40305471420288
14.8390625,4.40430641174316
14.8423958333333,4.40531969070435
14.8457291666667,4.4061541557312
14.8490625,4.40675020217896
14.8523958333333,4.40716743469238
14.8557291666667,4.40746545791626
14.8590625,4.40752506256104
14.8623958333333,4.40746545791626
14.8657291666667,4.40722703933716
14.8690625,4.40680980682373
14.8723958333333,4.40627336502075
14.8757291666667,4.40549850463867
14.8790625,4.40466403961182
14.8823958333333,4.40365076065063
14.8857291666667,4.4025182723999
14.8890625,4.40132617950439
14.8923958333333,4.39995527267456
14.8957291666667,4.39852476119995
14.8990625,4.39697504043579
14.9023958333333,4.39536571502686
14.9057291666667,4.39363718032837
14.9090625,4.39184904098511
14.9123958333333,4.39006090164185
14.9157291666667,4.38821315765381
14.9190625,4.38636541366577
14.9223958333333,4.38451766967773
14.9257291666667,4.38278913497925
14.9290625,4.38112020492554
14.9323958333333,4.3795108795166
14.9357291666667,4.37808036804199
14.9390625,4.37670946121216
14.9423958333333,4.37551736831665
14.9457291666667,4.37444448471069
14.9490625,4.37355041503906
14.9523958333333,4.37277555465698
14.9557291666667,4.37211990356445
14.9590625,4.37164306640625
14.9623958333333,4.37134504318237
14.9657291666667,4.3712854385376
14.9690625,4.37140464782715
14.9723958333333,4.37170267105103
14.9757291666667,4.372239112854
14.9790625,4.37289476394653
14.9823958333333,4.37378883361816
14.9857291666667,4.37474250793457
14.9890625,4.37581539154053
14.9923958333333,4.37694787979126
14.9957291666667,4.37808036804199
14.9990625,4.3792724609375
15.0023958333333,4.38046455383301
15.0057291666667,4.38171625137329
15.0090625,4.38296794891357
15.0123958333333,4.38433885574341
15.0157291666667,4.38576936721802
15.0190625,4.38731908798218
15.0223958333333,4.38892841339111
15.0257291666667,4.3906569480896
15.0290625,4.39244508743286
15.0323958333333,4.3942928314209
15.0357291666667,4.39614057540894
15.0390625,4.39810752868652
15.0423958333333,4.40001487731934
15.0457291666667,4.40198183059692
15.0490625,4.40400838851929
15.0523958333333,4.40609455108643
15.0557291666667,4.40829992294312
15.0590625,4.41056489944458
15.0623958333333,4.4129490852356
15.0657291666667,4.41539287567139
15.0690625,4.41795587539673
15.0723958333333,4.42057847976685
15.0757291666667,4.42326068878174
15.0790625,4.42588329315186
15.0823958333333,4.42850589752197
15.0857291666667,4.43112850189209
15.0890625,4.43363189697266
15.0923958333333,4.43607568740845
15.0957291666667,4.43834066390991
15.0990625,4.4405460357666
15.1023958333333,4.44257259368896
15.1057291666667,4.444420337677
15.1090625,4.44602966308594
15.1123958333333,4.44751977920532
15.1157291666667,4.44871187210083
15.1190625,4.44972515106201
15.1223958333333,4.45050001144409
15.1257291666667,4.45109605789185
15.1290625,4.4514536857605
15.1323958333333,4.4516921043396
15.1357291666667,4.45175170898438
15.1390625,4.4516921043396
15.1423958333333,4.45157289505005
15.1457291666667,4.45139408111572
15.1490625,4.45109605789185
15.1523958333333,4.45073843002319
15.1557291666667,4.45038080215454
15.1590625,4.44996356964111
15.1623958333333,4.44954633712769
15.1657291666667,4.44912910461426
15.1690625,4.44877147674561
15.1723958333333,4.4485330581665
15.1757291666667,4.4482946395874
15.1790625,4.44823503494263
15.1823958333333,4.44823503494263
15.1857291666667,4.4482946395874
15.1890625,4.44847345352173
15.1923958333333,4.44865226745605
15.1957291666667,4.44895029067993
15.1990625,4.44924831390381
15.2023958333333,4.44954633712769
15.2057291666667,4.44990396499634
15.2090625,4.45032119750977
15.2123958333333,4.45067882537842
15.2157291666667,4.45109605789185
15.2190625,4.45151329040527
15.2223958333333,4.45204973220825
15.2257291666667,4.45252656936646
15.2290625,4.45312261581421
15.2323958333333,4.45371866226196
15.2357291666667,4.45443391799927
15.2390625,4.45514917373657
15.2423958333333,4.45592403411865
15.2457291666667,4.45681810379028
15.2490625,4.45777177810669
15.2523958333333,4.45884466171265
15.2557291666667,4.45997714996338
15.2590625,4.46122884750366
15.2623958333333,4.4625997543335
15.2657291666667,4.46403026580811
15.2690625,4.46563959121704
15.2723958333333,4.46730852127075
15.2757291666667,4.46909666061401
15.2790625,4.47088479995728
15.2823958333333,4.47279214859009
15.2857291666667,4.47475910186768
15.2890625,4.47672605514526
15.2923958333333,4.47875261306763
15.2957291666667,4.48077917098999
15.2990625,4.48280572891235
15.3023958333333,4.48495149612427
15.3057291666667,4.48703765869141
15.3090625,4.4892430305481
15.3123958333333,4.49144840240479
15.3157291666667,4.49371337890625
15.3190625,4.49597835540771
15.3223958333333,4.49824333190918
15.3257291666667,4.50050830841064
15.3290625,4.50277328491211
15.3323958333333,4.50509786605835
15.3357291666667,4.50742244720459
15.3390625,4.50980663299561
15.3423958333333,4.51231002807617
15.3457291666667,4.51487302780151
15.3490625,4.51761484146118
15.3523958333333,4.52041625976563
15.3557291666667,4.52327728271484
15.3590625,4.52625751495361
15.3623958333333,4.52923774719238
15.3657291666667,4.53221797943115
15.3690625,4.53513860702515
15.3723958333333,4.53799962997437
15.3757291666667,4.54080104827881
15.3790625,4.5434832572937
15.3823958333333,4.54610586166382
15.3857291666667,4.54866886138916
15.3890625,4.55117225646973
15.3923958333333,4.55361604690552
15.3957291666667,4.55594062805176
15.3990625,4.558265209198
15.4023958333333,4.56053018569946
15.4057291666667,4.56273555755615
15.4090625,4.56482172012329
15.4123958333333,4.56684827804565
15.4157291666667,4.56869602203369
15.4190625,4.57048416137695
15.4223958333333,4.57203388214111
15.4257291666667,4.5735239982605
15.4290625,4.57483530044556
15.4323958333333,4.57602739334106
15.4357291666667,4.57698106765747
15.4390625,4.5778751373291
15.4423958333333,4.57853078842163
15.4457291666667,4.57912683486938
15.4490625,4.57954406738281
15.4523958333333,4.57984209060669
15.4557291666667,4.58002090454102
15.4590625,4.58002090454102
15.4623958333333,4.57990169525146
15.4657291666667,4.57972288131714
15.4690625,4.57948446273804
15.4723958333333,4.57918643951416
15.4757291666667,4.57882881164551
15.4790625,4.57841157913208
15.4823958333333,4.57805395126343
15.4857291666667,4.57763671875
15.4890625,4.57727909088135
15.4923958333333,4.5769214630127
15.4957291666667,4.57656383514404
15.4990625,4.57620620727539
15.5023958333333,4.57584857940674
15.5057291666667,4.57555055618286
15.5090625,4.57525253295898
15.5123958333333,4.57501411437988
15.5157291666667,4.57477569580078
15.5190625,4.57465648651123
15.5223958333333,4.57453727722168
15.5257291666667,4.57459688186646
15.5290625,4.57471609115601
15.5323958333333,4.57501411437988
15.5357291666667,4.57537174224854
15.5390625,4.57584857940674
15.5423958333333,4.57638502120972
15.5457291666667,4.57704067230225
15.5490625,4.57763671875
15.5523958333333,4.57829236984253
15.5557291666667,4.57894802093506
15.5590625,4.57954406738281
15.5623958333333,4.58019971847534
15.5657291666667,4.58085536956787
15.5690625,4.5815110206604
15.5723958333333,4.58228588104248
15.5757291666667,4.58312034606934
15.5790625,4.58407402038574
15.5823958333333,4.58508729934692
15.5857291666667,4.58627939224243
15.5890625,4.58753108978271
15.5923958333333,4.58884239196777
15.5957291666667,4.59015369415283
15.5990625,4.59146499633789
15.6023958333333,4.59277629852295
15.6057291666667,4.59408760070801
15.6090625,4.59533929824829
15.6123958333333,4.5965313911438
15.6157291666667,4.59772348403931
15.6190625,4.59891557693481
15.6223958333333,4.60004806518555
15.6257291666667,4.60118055343628
15.6290625,4.60231304168701
15.6323958333333,4.60344552993774
15.6357291666667,4.60457801818848
15.6390625,4.60571050643921
15.6423958333333,4.60690259933472
15.6457291666667,4.60803508758545
15.6490625,4.60922718048096
15.6523958333333,4.61041927337646
15.6557291666667,4.61161136627197
15.6590625,4.61286306381226
15.6623958333333,4.61417436599731
15.6657291666667,4.61548566818237
15.6690625,4.61673736572266
15.6723958333333,4.61798906326294
15.6757291666667,4.61924076080322
15.6790625,4.62043285369873
15.6823958333333,4.62156534194946
15.6857291666667,4.62275743484497
15.6890625,4.6238899230957
15.6923958333333,4.62508201599121
15.6957291666667,4.62633371353149
15.6990625,4.62764501571655
15.7023958333333,4.62907552719116
15.7057291666667,4.6306848526001
15.7090625,4.63241338729858
15.7123958333333,4.63426113128662
15.7157291666667,4.63628768920898
15.7190625,4.6384334564209
15.7223958333333,4.64075803756714
15.7257291666667,4.64314222335815
15.7290625,4.64576482772827
15.7323958333333,4.64850664138794
15.7357291666667,4.65130805969238
15.7390625,4.65434789657593
15.7423958333333,4.65744733810425
15.7457291666667,4.66072559356689
15.7490625,4.66412305831909
15.7523958333333,4.66775894165039
15.7557291666667,4.67157363891602
15.7590625,4.67562675476074
15.7623958333333,4.6800971031189
15.7657291666667,4.68498468399048
15.7690625,4.69040870666504
15.7723958333333,4.69636917114258
15.7757291666667,4.70292568206787
15.7790625,4.71001863479614
15.7823958333333,4.71764802932739
15.7857291666667,4.72563505172729
15.7890625,4.7338604927063
15.7923958333333,4.74220514297485
15.7957291666667,4.75037097930908
15.7990625,4.75829839706421
15.8023958333333,4.76574897766113
15.8057291666667,4.77254390716553
15.8090625,4.77862358093262
15.8123958333333,4.78392839431763
15.8157291666667,4.78833913803101
15.8190625,4.79185581207275
15.8223958333333,4.79447841644287
15.8257291666667,4.79632616043091
15.8290625,4.79739904403687
15.8323958333333,4.79781627655029
15.8357291666667,4.79769706726074
15.8390625,4.79710102081299
15.8423958333333,4.79626655578613
15.8457291666667,4.79525327682495
15.8490625,4.79406118392944
15.8523958333333,4.79292869567871
15.8557291666667,4.79179620742798
15.8590625,4.79066371917725
15.8623958333333,4.78959083557129
15.8657291666667,4.78845834732056
15.8690625,4.78732585906982
15.8723958333333,4.78607416152954
15.8757291666667,4.78470325469971
15.8790625,4.78315353393555
15.8823958333333,4.78142499923706
15.8857291666667,4.77957725524902
15.8890625,4.77761030197144
15.8923958333333,4.77546453475952
15.8957291666667,4.77331876754761
15.8990625,4.77123260498047
15.9023958333333,4.76920604705811
15.9057291666667,4.76729869842529
15.9090625,4.76562976837158
15.9123958333333,4.76419925689697
15.9157291666667,4.76312637329102
15.9190625,4.76235151290894
15.9223958333333,4.76187467575073
15.9257291666667,4.76175546646118
15.9290625,4.76193428039551
15.9323958333333,4.76229190826416
15.9357291666667,4.76288795471191
15.9390625,4.76354360580444
15.9423958333333,4.76425886154175
15.9457291666667,4.76491451263428
15.9490625,4.76557016372681
15.9523958333333,4.76610660552979
15.9557291666667,4.76658344268799
15.9590625,4.76694107055664
15.9623958333333,4.76717948913574
15.9657291666667,4.76735830307007
15.9690625,4.76753711700439
15.9723958333333,4.76759672164917
15.9757291666667,4.76771593093872
15.9790625,4.76783514022827
15.9823958333333,4.76795434951782
15.9857291666667,4.76813316345215
15.9890625,4.76837158203125
15.9923958333333,4.76866960525513
15.9957291666667,4.76914644241333
15.9990625,4.76974248886108
16.0023958333333,4.77051734924316
16.0057291666667,4.77153062820435
16.0090625,4.77278232574463
16.0123958333333,4.77433204650879
16.0157291666667,4.77617979049683
16.0190625,4.77832555770874
16.0223958333333,4.78082895278931
16.0257291666667,4.78363037109375
16.0290625,4.78672981262207
16.0323958333333,4.79012727737427
16.0357291666667,4.79364395141602
16.0390625,4.79733943939209
16.0423958333333,4.80103492736816
16.0457291666667,4.80473041534424
16.0490625,4.80824708938599
16.0523958333333,4.81152534484863
16.0557291666667,4.81444597244263
16.0590625,4.81700897216797
16.0623958333333,4.81909513473511
16.0657291666667,4.82070446014404
16.0690625,4.82183694839478
16.0723958333333,4.82261180877686
16.0757291666667,4.82302904129028
16.0790625,4.82314825057983
16.0823958333333,4.82320785522461
16.0857291666667,4.82320785522461
16.0890625,4.82332706451416
16.0923958333333,4.82362508773804
16.0957291666667,4.82416152954102
16.0990625,4.82499599456787
16.1023958333333,4.82618808746338
16.1057291666667,4.82773780822754
16.1090625,4.82958555221558
16.1123958333333,4.83173131942749
16.1157291666667,4.83417510986328
16.1190625,4.8367977142334
16.1223958333333,4.83959913253784
16.1257291666667,4.84246015548706
16.1290625,4.84544038772583
16.1323958333333,4.84830141067505
16.1357291666667,4.85098361968994
16.1390625,4.85348701477051
16.1423958333333,4.8556923866272
16.1457291666667,4.85754013061523
16.1490625,4.85897064208984
16.1523958333333,4.85998392105103
16.1557291666667,4.860520362854
16.1590625,4.86075878143311
16.1623958333333,4.86057996749878
16.1657291666667,4.86010313034058
16.1690625,4.85944747924805
16.1723958333333,4.85855340957642
16.1757291666667,4.85754013061523
16.1790625,4.85634803771973
16.1823958333333,4.85509634017944
16.1857291666667,4.85372543334961
16.1890625,4.85217571258545
16.1923958333333,4.85050678253174
16.1957291666667,4.84871864318848
16.1990625,4.84681129455566
16.2023958333333,4.84472513198853
16.2057291666667,4.84251976013184
16.2090625,4.8401951789856
16.2123958333333,4.8377513885498
16.2157291666667,4.83518838882446
16.2190625,4.83256578445435
16.2223958333333,4.82988357543945
16.2257291666667,4.82708215713501
16.2290625,4.82428073883057
16.2323958333333,4.82147932052612
16.2357291666667,4.81873750686646
16.2390625,4.81605529785156
16.2423958333333,4.813551902771
16.2457291666667,4.81122732162476
16.2490625,4.80914115905762
16.2523958333333,4.80735301971436
16.2557291666667,4.80586290359497
16.2590625,4.80467081069946
16.2623958333333,4.80377674102783
16.2657291666667,4.80318069458008
16.2690625,4.80282306671143
16.2723958333333,4.8026442527771
16.2757291666667,4.80270385742188
16.2790625,4.80282306671143
16.2823958333333,4.8031210899353
16.2857291666667,4.80359792709351
16.2890625,4.80407476425171
16.2923958333333,4.80473041534424
16.2957291666667,4.80544567108154
16.2990625,4.80622053146362
16.3023958333333,4.80711460113525
16.3057291666667,4.80800867080688
16.3090625,4.80896234512329
16.3123958333333,4.80997562408447
16.3157291666667,4.81104850769043
16.3190625,4.81218099594116
16.3223958333333,4.81337308883667
16.3257291666667,4.81462478637695
16.3290625,4.81599569320679
16.3323958333333,4.81748580932617
16.3357291666667,4.81903553009033
16.3390625,4.82070446014404
16.3423958333333,4.8224925994873
16.3457291666667,4.82428073883057
16.3490625,4.8261284828186
16.3523958333333,4.82797622680664
16.3557291666667,4.82988357543945
16.3590625,4.83173131942749
16.3623958333333,4.83357906341553
16.3657291666667,4.83542680740356
16.3690625,4.83721494674683
16.3723958333333,4.83900308609009
16.3757291666667,4.84085083007813
16.3790625,4.84263896942139
16.3823958333333,4.84448671340942
16.3857291666667,4.84633445739746
16.3890625,4.84830141067505
16.3923958333333,4.85038757324219
16.3957291666667,4.8525333404541
16.3990625,4.85473871231079
16.4023958333333,4.85706329345703
16.4057291666667,4.85944747924805
16.4090625,4.86183166503906
16.4123958333333,4.86421585083008
16.4157291666667,4.86648082733154
16.4190625,4.86868619918823
16.4223958333333,4.87065315246582
16.4257291666667,4.87250089645386
16.4290625,4.87422943115234
16.4323958333333,4.8757791519165
16.4357291666667,4.87726926803589
16.4390625,4.8786997795105
16.4423958333333,4.88013029098511
16.4457291666667,4.88162040710449
16.4490625,4.88311052322388
16.4523958333333,4.88471984863281
16.4557291666667,4.88632917404175
16.4590625,4.88805770874023
16.4623958333333,4.88972663879395
16.4657291666667,4.89145517349243
16.4690625,4.89318370819092
16.4723958333333,4.89479303359985
16.4757291666667,4.89640235900879
16.4790625,4.89789247512817
16.4823958333333,4.89926338195801
16.4857291666667,4.90057468414307
16.4890625,4.90176677703857
16.4923958333333,4.90283966064453
16.4957291666667,4.90379333496094
16.4990625,4.90468740463257
16.5023958333333,4.90540266036987
16.5057291666667,4.90611791610718
16.5090625,4.90665435791016
16.5123958333333,4.90719079971313
16.5157291666667,4.90760803222656
16.5190625,4.90808486938477
16.5223958333333,4.90850210189819
16.5257291666667,4.90891933441162
16.5290625,4.90933656692505
16.5323958333333,4.90981340408325
16.5357291666667,4.91034984588623
16.5390625,4.91088628768921
16.5423958333333,4.91154193878174
16.5457291666667,4.91219758987427
16.5490625,4.91297245025635
16.5523958333333,4.91374731063843
16.5557291666667,4.91464138031006
16.5590625,4.91559505462646
16.5623958333333,4.91666793823242
16.5657291666667,4.91786003112793
16.5690625,4.91911172866821
16.5723958333333,4.92048263549805
16.5757291666667,4.92197275161743
16.5790625,4.92346286773682
16.5823958333333,4.92501258850098
16.5857291666667,4.92662191390991
16.5890625,4.92823123931885
16.5923958333333,4.92984056472778
16.5957291666667,4.93139028549194
16.5990625,4.9329400062561
16.6023958333333,4.93448972702026
16.6057291666667,4.93597984313965
16.6090625,4.93741035461426
16.6123958333333,4.93890047073364
16.6157291666667,4.94033098220825
16.6190625,4.94176149368286
16.6223958333333,4.94319200515747
16.6257291666667,4.94468212127686
16.6290625,4.94617223739624
16.6323958333333,4.94778156280518
16.6357291666667,4.94939088821411
16.6390625,4.95105981826782
16.6423958333333,4.95278835296631
16.6457291666667,4.95451688766479
16.6490625,4.95630502700806
16.6523958333333,4.95803356170654
16.6557291666667,4.95976209640503
16.6590625,4.96149063110352
16.6623958333333,4.96309995651245
16.6657291666667,4.96470928192139
16.6690625,4.96625900268555
16.6723958333333,4.96780872344971
16.6757291666667,4.96929883956909
16.6790625,4.9707293510437
16.6823958333333,4.97221946716309
16.6857291666667,4.9736499786377
16.6890625,4.97514009475708
16.6923958333333,4.97668981552124
16.6957291666667,4.97829914093018
16.6990625,4.97996807098389
16.7023958333333,4.98175621032715
16.7057291666667,4.98366355895996
16.7090625,4.98563051223755
16.7123958333333,4.98771667480469
16.7157291666667,4.98980283737183
16.7190625,4.99194860458374
16.7223958333333,4.99403476715088
16.7257291666667,4.99606132507324
16.7290625,4.99796867370605
16.7323958333333,4.99969720840454
16.7357291666667,5.00130653381348
16.7390625,5.00261783599854
16.7423958333333,5.00380992889404
16.7457291666667,5.00482320785522
16.7490625,5.00565767288208
16.7523958333333,5.00637292861938
16.7557291666667,5.00702857971191
16.7590625,5.00768423080444
16.7623958333333,5.0082802772522
16.7657291666667,5.00887632369995
16.7690625,5.00959157943726
16.7723958333333,5.01036643981934
16.7757291666667,5.01126050949097
16.7790625,5.0123929977417
16.7823958333333,5.01364469528198
16.7857291666667,5.01513481140137
16.7890625,5.01680374145508
16.7923958333333,5.01871109008789
16.7957291666667,5.02079725265503
16.7990625,5.02300262451172
16.8023958333333,5.02538681030273
16.8057291666667,5.02783060073853
16.8090625,5.03039360046387
16.8123958333333,5.03307580947876
16.8157291666667,5.0358772277832
16.8190625,5.03897666931152
16.8223958333333,5.04231452941895
16.8257291666667,5.04612922668457
16.8290625,5.05048036575317
16.8323958333333,5.05554676055908
16.8357291666667,5.06138801574707
16.8390625,5.06812334060669
16.8423958333333,5.07569313049316
16.8457291666667,5.08415699005127
16.8490625,5.09339570999146
16.8523958333333,5.10329008102417
16.8557291666667,5.11354207992554
16.8590625,5.12391328811646
16.8623958333333,5.13416528701782
16.8657291666667,5.14394044876099
16.8690625,5.15294075012207
16.8723958333333,5.16098737716675
16.8757291666667,5.16778230667114
16.8790625,5.1732063293457
16.8823958333333,5.17719984054565
16.8857291666667,5.17982244491577
16.8890625,5.18107414245605
16.8923958333333,5.18125295639038
16.8957291666667,5.1804780960083
16.8990625,5.17904758453369
16.9023958333333,5.17719984054565
16.9057291666667,5.17517328262329
16.9090625,5.17326593399048
16.9123958333333,5.17171621322632
16.9157291666667,5.17058372497559
16.9190625,5.16998767852783
16.9223958333333,5.16992807388306
16.9257291666667,5.17034530639648
16.9290625,5.17117977142334
16.9323958333333,5.1722526550293
16.9357291666667,5.17350435256958
16.9390625,5.17463684082031
16.9423958333333,5.17559051513672
16.9457291666667,5.17618656158447
16.9490625,5.1763653755188
16.9523958333333,5.17600774765015
16.9557291666667,5.17511367797852
16.9590625,5.17362356185913
16.9623958333333,5.17159700393677
16.9657291666667,5.1690936088562
16.9690625,5.16617298126221
16.9723958333333,5.16295433044434
16.9757291666667,5.15943765640259
16.9790625,5.15580177307129
16.9823958333333,5.15210628509521
16.9857291666667,5.14841079711914
16.9890625,5.14477491378784
16.9923958333333,5.14137744903564
16.9957291666667,5.13815879821777
16.9990625,5.13523817062378
17.0023958333333,5.13249635696411
17.0057291666667,5.13005256652832
17.0090625,5.12778759002686
17.0123958333333,5.12576103210449
17.0157291666667,5.12397289276123
17.0190625,5.12236356735229
17.0223958333333,5.12093305587769
17.0257291666667,5.1196813583374
17.0290625,5.11854887008667
17.0323958333333,5.11753559112549
17.0357291666667,5.11670112609863
17.0390625,5.11598587036133
17.0423958333333,5.11544942855835
17.0457291666667,5.11503219604492
17.0490625,5.11473417282104
17.0523958333333,5.11467456817627
17.0557291666667,5.11473417282104
17.0590625,5.11503219604492
17.0623958333333,5.1155686378479
17.0657291666667,5.11634349822998
17.0690625,5.11729717254639
17.0723958333333,5.11854887008667
17.0757291666667,5.12003898620605
17.0790625,5.12176752090454
17.0823958333333,5.12367486953735
17.0857291666667,5.12588024139404
17.0890625,5.12820482254028
17.0923958333333,5.13064861297607
17.0957291666667,5.13321161270142
17.0990625,5.13589382171631
17.1023958333333,5.1385760307312
17.1057291666667,5.14131784439087
17.1090625,5.14405965805054
17.1123958333333,5.14680147171021
17.1157291666667,5.14954328536987
17.1190625,5.15222549438477
17.1223958333333,5.15484809875488
17.1257291666667,5.157470703125
17.1290625,5.16003370285034
17.1323958333333,5.16259670257568
17.1357291666667,5.16504049301147
17.1390625,5.16748428344727
17.1423958333333,5.16992807388306
17.1457291666667,5.17237186431885
17.1490625,5.17481565475464
17.1523958333333,5.17731904983521
17.1557291666667,5.17982244491577
17.1590625,5.18238544464111
17.1623958333333,5.18494844436646
17.1657291666667,5.18745183944702
17.1690625,5.18995523452759
17.1723958333333,5.1923394203186
17.1757291666667,5.19466400146484
17.1790625,5.19680976867676
17.1823958333333,5.19883632659912
17.1857291666667,5.20068407058716
17.1890625,5.20247220993042
17.1923958333333,5.20408153533936
17.1957291666667,5.20563125610352
17.1990625,5.20706176757813
17.2023958333333,5.20843267440796
17.2057291666667,5.20980358123779
17.2090625,5.21117448806763
17.2123958333333,5.21248579025269
17.2157291666667,5.21385669708252
17.2190625,5.21522760391235
17.2223958333333,5.21665811538696
17.2257291666667,5.2180290222168
17.2290625,5.21945953369141
17.2323958333333,5.22089004516602
17.2357291666667,5.22226095199585
17.2390625,5.22363185882568
17.2423958333333,5.22488355636597
17.2457291666667,5.22613525390625
17.2490625,5.22720813751221
17.2523958333333,5.22816181182861
17.2557291666667,5.22905588150024
17.2590625,5.22977113723755
17.2623958333333,5.23042678833008
17.2657291666667,5.23096323013306
17.2690625,5.23132085800171
17.2723958333333,5.23161888122559
17.2757291666667,5.23173809051514
17.2790625,5.23179769515991
17.2823958333333,5.23161888122559
17.2857291666667,5.23138046264648
17.2890625,5.23096323013306
17.2923958333333,5.23042678833008
17.2957291666667,5.22977113723755
17.2990625,5.22899627685547
17.3023958333333,5.22822141647339
17.3057291666667,5.22744655609131
17.3090625,5.22661209106445
17.3123958333333,5.2257776260376
17.3157291666667,5.22494316101074
17.3190625,5.22404909133911
17.3223958333333,5.22309541702271
17.3257291666667,5.22202253341675
17.3290625,5.22089004516602
17.3323958333333,5.21969795227051
17.3357291666667,5.21832704544067
17.3390625,5.21695613861084
17.3423958333333,5.21552562713623
17.3457291666667,5.21409511566162
17.3490625,5.21272420883179
17.3523958333333,5.21135330200195
17.3557291666667,5.21010160446167
17.3590625,5.20884990692139
17.3623958333333,5.20771741867065
17.3657291666667,5.20658493041992
17.3690625,5.20551204681396
17.3723958333333,5.20431995391846
17.3757291666667,5.20318746566772
17.3790625,5.20193576812744
17.3823958333333,5.20062446594238
17.3857291666667,5.19925355911255
17.3890625,5.19788265228271
17.3923958333333,5.19651174545288
17.3957291666667,5.1952600479126
17.3990625,5.19400835037231
17.4023958333333,5.19293546676636
17.4057291666667,5.19204139709473
17.4090625,5.19126653671265
17.4123958333333,5.19067049026489
17.4157291666667,5.19019365310669
17.4190625,5.18971681594849
17.4223958333333,5.18935918807983
17.4257291666667,5.18900156021118
17.4290625,5.18864393234253
17.4323958333333,5.1882266998291
17.4357291666667,5.1877498626709
17.4390625,5.18721342086792
17.4423958333333,5.18673658370972
17.4457291666667,5.18625974655151
17.4490625,5.18590211868286
17.4523958333333,5.18566370010376
17.4557291666667,5.18560409545898
17.4590625,5.18572330474854
17.4623958333333,5.18608093261719
17.4657291666667,5.18673658370972
17.4690625,5.18757104873657
17.4723958333333,5.1887035369873
17.4757291666667,5.19013404846191
17.4790625,5.19180297851563
17.4823958333333,5.19371032714844
17.4857291666667,5.19591569900513
17.4890625,5.19829988479614
17.4923958333333,5.20098209381104
17.4957291666667,5.20384311676025
17.4990625,5.20694255828857
17.5023958333333,5.210280418396
17.5057291666667,5.21373748779297
17.5090625,5.21731376647949
17.5123958333333,5.22100925445557
17.5157291666667,5.22482395172119
17.5190625,5.22863864898682
17.5223958333333,5.23251295089722
17.5257291666667,5.23632764816284
17.5290625,5.24002313613892
17.5323958333333,5.24371862411499
17.5357291666667,5.24723529815674
17.5390625,5.25063276290894
17.5423958333333,5.25391101837158
17.5457291666667,5.25695085525513
17.5490625,5.25987148284912
17.5523958333333,5.26261329650879
17.5557291666667,5.26523590087891
17.5590625,5.26773929595947
17.5623958333333,5.27012348175049
17.5657291666667,5.27244806289673
17.5690625,5.27471303939819
17.5723958333333,5.27697801589966
17.5757291666667,5.27924299240112
17.5790625,5.28156757354736
17.5823958333333,5.28395175933838
17.5857291666667,5.28639554977417
17.5890625,5.28883934020996
17.5923958333333,5.29134273529053
17.5957291666667,5.29384613037109
17.5990625,5.29634952545166
17.6023958333333,5.29879331588745
17.6057291666667,5.30105829238892
17.6090625,5.30326366424561
17.6123958333333,5.30534982681274
17.6157291666667,5.30725717544556
17.6190625,5.30904531478882
17.6223958333333,5.31071424484253
17.6257291666667,5.31220436096191
17.6290625,5.31363487243652
17.6323958333333,5.31500577926636
17.6357291666667,5.31625747680664
17.6390625,5.31744956970215
17.6423958333333,5.31858205795288
17.6457291666667,5.31959533691406
17.6490625,5.32042980194092
17.6523958333333,5.321204662323
17.6557291666667,5.32186031341553
17.6590625,5.32239675521851
17.6623958333333,5.32281398773193
17.6657291666667,5.32317161560059
17.6690625,5.32335042953491
17.6723958333333,5.32346963882446
17.6757291666667,5.32346963882446
17.6790625,5.32341003417969
17.6823958333333,5.32335042953491
17.6857291666667,5.32323122024536
17.6890625,5.32299280166626
17.6923958333333,5.32281398773193
17.6957291666667,5.32257556915283
17.6990625,5.32233715057373
17.7023958333333,5.3221583366394
17.7057291666667,5.3219199180603
17.7090625,5.32174110412598
17.7123958333333,5.32156229019165
17.7157291666667,5.32138347625732
17.7190625,5.32126426696777
17.7223958333333,5.321204662323
17.7257291666667,5.321204662323
17.7290625,5.32126426696777
17.7323958333333,5.3214430809021
17.7357291666667,5.3216814994812
17.7390625,5.32203912734985
17.7423958333333,5.32257556915283
17.7457291666667,5.32317161560059
17.7490625,5.32394647598267
17.7523958333333,5.32478094100952
17.7557291666667,5.32567501068115
17.7590625,5.32668828964233
17.7623958333333,5.32776117324829
17.7657291666667,5.32889366149902
17.7690625,5.33014535903931
17.7723958333333,5.33145666122437
17.7757291666667,5.33288717269897
17.7790625,5.33443689346313
17.7823958333333,5.33616542816162
17.7857291666667,5.33807277679443
17.7890625,5.34015893936157
17.7923958333333,5.34242391586304
17.7957291666667,5.34486770629883
17.7990625,5.34743070602417
17.8023958333333,5.35017251968384
17.8057291666667,5.35303354263306
17.8090625,5.35601377487183
17.8123958333333,5.3592324256897
17.8157291666667,5.36262989044189
17.8190625,5.36620616912842
17.8223958333333,5.37002086639404
17.8257291666667,5.37401437759399
17.8290625,5.37830591201782
17.8323958333333,5.38283586502075
17.8357291666667,5.38754463195801
17.8390625,5.39249181747437
17.8423958333333,5.39755821228027
17.8457291666667,5.40268421173096
17.8490625,5.40781021118164
17.8523958333333,5.41293621063232
17.8557291666667,5.41794300079346
17.8590625,5.42271137237549
17.8623958333333,5.42730093002319
17.8657291666667,5.43153285980225
17.8690625,5.43546676635742
17.8723958333333,5.43910264968872
17.8757291666667,5.44238090515137
17.8790625,5.44536113739014
17.8823958333333,5.44804334640503
17.8857291666667,5.45048713684082
17.8890625,5.45281171798706
17.8923958333333,5.45501708984375
17.8957291666667,5.45716285705566
17.8990625,5.45930862426758
17.9023958333333,5.46145439147949
17.9057291666667,5.46365976333618
17.9090625,5.46586513519287
17.9123958333333,5.46807050704956
17.9157291666667,5.47027587890625
17.9190625,5.47236204147339
17.9223958333333,5.47432899475098
17.9257291666667,5.47617673873901
17.9290625,5.47772645950317
17.9323958333333,5.47903776168823
17.9357291666667,5.48011064529419
17.9390625,5.48088550567627
17.9423958333333,5.48136234283447
17.9457291666667,5.48160076141357
17.9490625,5.4815411567688
17.9523958333333,5.48136234283447
17.9557291666667,5.48100471496582
17.9590625,5.48046827316284
17.9623958333333,5.47987222671509
17.9657291666667,5.47927618026733
17.9690625,5.4786205291748
17.9723958333333,5.47802448272705
17.9757291666667,5.47748804092407
17.9790625,5.47713041305542
17.9823958333333,5.47683238983154
17.9857291666667,5.47671318054199
17.9890625,5.47671318054199
17.9923958333333,5.47689199447632
17.9957291666667,5.4771900177002
17.9990625,5.47748804092407
18.0023958333333,5.4779052734375
18.0057291666667,5.47832250595093
18.0090625,5.47873973846436
18.0123958333333,5.47915697097778
18.0157291666667,5.47957420349121
18.0190625,5.47993183135986
18.0223958333333,5.48034906387329
18.0257291666667,5.48082590103149
18.0290625,5.48136234283447
18.0323958333333,5.48195838928223
18.0357291666667,5.48261404037476
18.0390625,5.48344850540161
18.0423958333333,5.48434257507324
18.0457291666667,5.4854154586792
18.0490625,5.48654794692993
18.0523958333333,5.48785924911499
18.0557291666667,5.48923015594482
18.0590625,5.49072027206421
18.0623958333333,5.49226999282837
18.0657291666667,5.49393892288208
18.0690625,5.49560785293579
18.0723958333333,5.49733638763428
18.0757291666667,5.49900531768799
18.0790625,5.5006742477417
18.0823958333333,5.50222396850586
18.0857291666667,5.50371408462524
18.0890625,5.50508499145508
18.0923958333333,5.50633668899536
18.0957291666667,5.50752878189087
18.0990625,5.50854206085205
18.1023958333333,5.50943613052368
18.1057291666667,5.51027059555054
18.1090625,5.51104545593262
18.1123958333333,5.51176071166992
18.1157291666667,5.51247596740723
18.1190625,5.51319122314453
18.1223958333333,5.51390647888184
18.1257291666667,5.51474094390869
18.1290625,5.51563501358032
18.1323958333333,5.51658868789673
18.1357291666667,5.51772117614746
18.1390625,5.51897287368774
18.1423958333333,5.52034378051758
18.1457291666667,5.52189350128174
18.1490625,5.52356243133545
18.1523958333333,5.52535057067871
18.1557291666667,5.52725791931152
18.1590625,5.52934408187866
18.1623958333333,5.53148984909058
18.1657291666667,5.53375482559204
18.1690625,5.53607940673828
18.1723958333333,5.53852319717407
18.1757291666667,5.54096698760986
18.1790625,5.54347038269043
18.1823958333333,5.545973777771
18.1857291666667,5.54853677749634
18.1890625,5.55109977722168
18.1923958333333,5.55366277694702
18.1957291666667,5.55628538131714
18.1990625,5.55890798568726
18.2023958333333,5.56159019470215
18.2057291666667,5.56427240371704
18.2090625,5.56695461273193
18.2123958333333,5.5696964263916
18.2157291666667,5.57243824005127
18.2190625,5.57523965835571
18.2223958333333,5.57804107666016
18.2257291666667,5.58090209960938
18.2290625,5.58376312255859
18.2323958333333,5.58668375015259
18.2357291666667,5.58960437774658
18.2390625,5.59252500534058
18.2423958333333,5.59538602828979
18.2457291666667,5.59830665588379
18.2490625,5.60110807418823
18.2523958333333,5.60390949249268
18.2557291666667,5.60659170150757
18.2590625,5.60915470123291
18.2623958333333,5.61171770095825
18.2657291666667,5.61410188674927
18.2690625,5.61648607254028
18.2723958333333,5.61869144439697
18.2757291666667,5.62089681625366
18.2790625,5.6229829788208
18.2823958333333,5.62494993209839
18.2857291666667,5.62691688537598
18.2890625,5.62876462936401
18.2923958333333,5.6304931640625
18.2957291666667,5.63216209411621
18.2990625,5.63371181488037
18.3023958333333,5.63514232635498
18.3057291666667,5.63645362854004
18.3090625,5.63758611679077
18.3123958333333,5.63853979110718
18.3157291666667,5.63925504684448
18.3190625,5.63985109329224
18.3223958333333,5.64014911651611
18.3257291666667,5.64032793045044
18.3290625,5.64026832580566
18.3323958333333,5.64002990722656
18.3357291666667,5.63961267471313
18.3390625,5.63907623291016
18.3423958333333,5.63842058181763
18.3457291666667,5.63758611679077
18.3490625,5.63657283782959
18.3523958333333,5.63538074493408
18.3557291666667,5.63400983810425
18.3590625,5.63240051269531
18.3623958333333,5.6304931640625
18.3657291666667,5.62840700149536
18.3690625,5.62602281570435
18.3723958333333,5.62340021133423
18.3757291666667,5.62065839767456
18.3790625,5.61767816543579
18.3823958333333,5.61463832855225
18.3857291666667,5.61147928237915
18.3890625,5.60832023620605
18.3923958333333,5.60510158538818
18.3957291666667,5.60194253921509
18.3990625,5.59872388839722
18.4023958333333,5.59556484222412
18.4057291666667,5.5924654006958
18.4090625,5.58948516845703
18.4123958333333,5.58656454086304
18.4157291666667,5.58376312255859
18.4190625,5.58114051818848
18.4223958333333,5.57863712310791
18.4257291666667,5.57631254196167
18.4290625,5.57410717010498
18.4323958333333,5.57208061218262
18.4357291666667,5.5701732635498
18.4390625,5.56844472885132
18.4423958333333,5.56677579879761
18.4457291666667,5.56516647338867
18.4490625,5.56367635726929
18.4523958333333,5.56224584579468
18.4557291666667,5.56087493896484
18.4590625,5.55956363677979
18.4623958333333,5.55837154388428
18.4657291666667,5.55723905563354
18.4690625,5.55622577667236
18.4723958333333,5.55527210235596
18.4757291666667,5.55437803268433
18.4790625,5.55360317230225
18.4823958333333,5.55294752120972
18.4857291666667,5.55235147476196
18.4890625,5.55181503295898
18.4923958333333,5.55139780044556
18.4957291666667,5.5510401725769
18.4990625,5.5508017539978
18.5023958333333,5.55062294006348
18.5057291666667,5.5505633354187
18.5090625,5.55050373077393
18.5123958333333,5.55044412612915
18.5157291666667,5.55038452148438
18.5190625,5.5503249168396
18.5223958333333,5.55020570755005
18.5257291666667,5.54996728897095
18.5290625,5.54972887039185
18.5323958333333,5.54943084716797
18.5357291666667,5.54907321929932
18.5390625,5.54865598678589
18.5423958333333,5.54829835891724
18.5457291666667,5.54788112640381
18.5490625,5.54752349853516
18.5523958333333,5.54722547531128
18.5557291666667,5.5469274520874
18.5590625,5.5466890335083
18.5623958333333,5.54651021957397
18.5657291666667,5.5464506149292
18.5690625,5.5464506149292
18.5723958333333,5.54651021957397
18.5757291666667,5.54674863815308
18.5790625,5.54710626602173
18.5823958333333,5.54764270782471
18.5857291666667,5.54835796356201
18.5890625,5.54925203323364
18.5923958333333,5.55038452148438
18.5957291666667,5.55169582366943
18.5990625,5.55324554443359
18.6023958333333,5.55497407913208
18.6057291666667,5.55682182312012
18.6090625,5.55884838104248
18.6123958333333,5.56105375289917
18.6157291666667,5.56343793869019
18.6190625,5.56594133377075
18.6223958333333,5.56856393814087
18.6257291666667,5.57142496109009
18.6290625,5.57434558868408
18.6323958333333,5.57750463485718
18.6357291666667,5.5808424949646
18.6390625,5.58429956436157
18.6423958333333,5.58793544769287
18.6457291666667,5.59163093566895
18.6490625,5.59538602828979
18.6523958333333,5.59914112091064
18.6557291666667,5.60289621353149
18.6590625,5.60665130615234
18.6623958333333,5.61028718948364
18.6657291666667,5.61386346817017
18.6690625,5.61732053756714
18.6723958333333,5.62071800231934
18.6757291666667,5.62405586242676
18.6790625,5.6273341178894
18.6823958333333,5.63055276870728
18.6857291666667,5.63377141952515
18.6890625,5.63693046569824
18.6923958333333,5.64008951187134
18.6957291666667,5.64318895339966
18.6990625,5.64628839492798
18.7023958333333,5.64920902252197
18.7057291666667,5.65207004547119
18.7090625,5.65469264984131
18.7123958333333,5.65719604492188
18.7157291666667,5.65952062606812
18.7190625,5.66166639328003
18.7223958333333,5.66363334655762
18.7257291666667,5.66542148590088
18.7290625,5.66720962524414
18.7323958333333,5.66881895065308
18.7357291666667,5.67042827606201
18.7390625,5.67203760147095
18.7423958333333,5.67358732223511
18.7457291666667,5.67513704299927
18.7490625,5.67662715911865
18.7523958333333,5.67805767059326
18.7557291666667,5.67948818206787
18.7590625,5.68079948425293
18.7623958333333,5.68205118179321
18.7657291666667,5.68324327468872
18.7690625,5.68437576293945
18.7723958333333,5.68538904190063
18.7757291666667,5.68634271621704
18.7790625,5.68723678588867
18.7823958333333,5.68807125091553
18.7857291666667,5.68884611129761
18.7890625,5.68950176239014
18.7923958333333,5.69009780883789
18.7957291666667,5.69063425064087
18.7990625,5.69111108779907
18.8023958333333,5.69146871566772
18.8057291666667,5.69182634353638
18.8090625,5.69212436676025
18.8123958333333,5.69242238998413
18.8157291666667,5.69266080856323
18.8190625,5.69283962249756
18.8223958333333,5.69307804107666
18.8257291666667,5.69325685501099
18.8290625,5.69349527359009
18.8323958333333,5.69379329681396
18.8357291666667,5.69409132003784
18.8390625,5.69450855255127
18.8423958333333,5.6949257850647
18.8457291666667,5.69552183151245
18.8490625,5.69617748260498
18.8523958333333,5.69689273834229
18.8557291666667,5.69778680801392
18.8590625,5.6988000869751
18.8623958333333,5.69981336593628
18.8657291666667,5.70094585418701
18.8690625,5.70213794708252
18.8723958333333,5.70333003997803
18.8757291666667,5.70452213287354
18.8790625,5.70565462112427
18.8823958333333,5.70672750473022
18.8857291666667,5.70774078369141
18.8890625,5.70869445800781
18.8923958333333,5.70952892303467
18.8957291666667,5.71030378341675
18.8990625,5.71101903915405
18.9023958333333,5.71167469024658
18.9057291666667,5.71215152740479
18.9090625,5.71256875991821
18.9123958333333,5.71280717849731
18.9157291666667,5.71280717849731
18.9190625,5.71268796920776
18.9223958333333,5.71227073669434
18.9257291666667,5.71167469024658
18.9290625,5.7108998298645
18.9323958333333,5.70982694625854
18.9357291666667,5.70857524871826
18.9390625,5.70714473724365
18.9423958333333,5.70553541183472
18.9457291666667,5.70374727249146
18.9490625,5.70183992385864
18.9523958333333,5.69981336593628
18.9557291666667,5.69766759872437
18.9590625,5.6954026222229
18.9623958333333,5.69307804107666
18.9657291666667,5.69069385528564
18.9690625,5.68825006484985
18.9723958333333,5.68580627441406
18.9757291666667,5.68336248397827
18.9790625,5.68097829818726
18.9823958333333,5.67859411239624
18.9857291666667,5.67638874053955
18.9890625,5.67430257797241
18.9923958333333,5.6723952293396
18.9957291666667,5.67078590393066
18.9990625,5.66947460174561
19.0023958333333,5.66846132278442
19.0057291666667,5.66786527633667
19.0090625,5.66756725311279
19.0123958333333,5.66774606704712
19.0157291666667,5.6682825088501
19.0190625,5.6692361831665
19.0223958333333,5.67060708999634
19.0257291666667,5.67233562469482
19.0290625,5.67442178726196
19.0323958333333,5.67686557769775
19.0357291666667,5.6796669960022
19.0390625,5.68276643753052
19.0423958333333,5.68616390228271
19.0457291666667,5.68979978561401
19.0490625,5.69367408752441
19.0523958333333,5.69778680801392
19.0557291666667,5.70207834243774
19.0590625,5.70648908615112
19.0623958333333,5.71107864379883
19.0657291666667,5.71584701538086
19.0690625,5.72079420089722
19.0723958333333,5.72580099105835
19.0757291666667,5.73092699050903
19.0790625,5.73605298995972
19.0823958333333,5.7411789894104
19.0857291666667,5.74624538421631
19.0890625,5.75113296508789
19.0923958333333,5.75590133666992
19.0957291666667,5.76037168502808
19.0990625,5.76454401016235
19.1023958333333,5.76847791671753
19.1057291666667,5.77211380004883
19.1090625,5.77545166015625
19.1123958333333,5.77855110168457
19.1157291666667,5.78135251998901
19.1190625,5.78397512435913
19.1223958333333,5.78635931015015
19.1257291666667,5.78862428665161
19.1290625,5.79065084457397
19.1323958333333,5.79255819320679
19.1357291666667,5.7942271232605
19.1390625,5.79577684402466
19.1423958333333,5.79714775085449
19.1457291666667,5.79833984375
19.1490625,5.79935312271118
19.1523958333333,5.80012798309326
19.1557291666667,5.80072402954102
19.1590625,5.80108165740967
19.1623958333333,5.80126047134399
19.1657291666667,5.80126047134399
19.1690625,5.80114126205444
19.1723958333333,5.80090284347534
19.1757291666667,5.80054521560669
19.1790625,5.80006837844849
19.1823958333333,5.79959154129028
19.1857291666667,5.79893589019775
19.1890625,5.79828023910522
19.1923958333333,5.79756498336792
19.1957291666667,5.79673051834106
19.1990625,5.79589605331421
19.2023958333333,5.7949423789978
19.2057291666667,5.7939887046814
19.2090625,5.79303503036499
19.2123958333333,5.79208135604858
19.2157291666667,5.79112768173218
19.2190625,5.79023361206055
19.2223958333333,5.78945875167847
19.2257291666667,5.78874349594116
19.2290625,5.78808784484863
19.2323958333333,5.78761100769043
19.2357291666667,5.787193775177
19.2390625,5.78683614730835
19.2423958333333,5.78659772872925
19.2457291666667,5.7864785194397
19.2490625,5.78635931015015
19.2523958333333,5.78635931015015
19.2557291666667,5.78635931015015
19.2590625,5.7864785194397
19.2623958333333,5.78665733337402
19.2657291666667,5.78689575195313
19.2690625,5.78731298446655
19.2723958333333,5.78778982162476
19.2757291666667,5.78838586807251
19.2790625,5.78916072845459
19.2823958333333,5.79005479812622
19.2857291666667,5.79112768173218
19.2890625,5.79226016998291
19.2923958333333,5.79351186752319
19.2957291666667,5.79488277435303
19.2990625,5.79619407653809
19.3023958333333,5.79756498336792
19.3057291666667,5.79893589019775
19.3090625,5.80018758773804
19.3123958333333,5.80143928527832
19.3157291666667,5.8026909828186
19.3190625,5.80382347106934
19.3223958333333,5.80489635467529
19.3257291666667,5.80596923828125
19.3290625,5.80692291259766
19.3323958333333,5.80787658691406
19.3357291666667,5.80877065658569
19.3390625,5.80954551696777
19.3423958333333,5.8102011680603
19.3457291666667,5.81079721450806
19.3490625,5.81121444702148
19.3523958333333,5.81157207489014
19.3557291666667,5.81187009811401
19.3590625,5.81204891204834
19.3623958333333,5.81216812133789
19.3657291666667,5.81228733062744
19.3690625,5.81240653991699
19.3723958333333,5.81252574920654
19.3757291666667,5.81270456314087
19.3790625,5.81294298171997
19.3823958333333,5.81318140029907
19.3857291666667,5.81353902816772
19.3890625,5.81389665603638
19.3923958333333,5.81425428390503
19.3957291666667,5.81473112106323
19.3990625,5.81514835357666
19.4023958333333,5.81568479537964
19.4057291666667,5.81622123718262
19.4090625,5.81681728363037
19.4123958333333,5.8174729347229
19.4157291666667,5.81830739974976
19.4190625,5.81920146942139
19.4223958333333,5.82027435302734
19.4257291666667,5.82152605056763
19.4290625,5.82289695739746
19.4323958333333,5.8245062828064
19.4357291666667,5.82623481750488
19.4390625,5.82820177078247
19.4423958333333,5.83028793334961
19.4457291666667,5.83255290985107
19.4490625,5.83487749099731
19.4523958333333,5.83726167678833
19.4557291666667,5.83958625793457
19.4590625,5.84197044372559
19.4623958333333,5.84423542022705
19.4657291666667,5.84644079208374
19.4690625,5.84852695465088
19.4723958333333,5.85043430328369
19.4757291666667,5.85216283798218
19.4790625,5.85377216339111
19.4823958333333,5.8552622795105
19.4857291666667,5.85663318634033
19.4890625,5.85782527923584
19.4923958333333,5.8588981628418
19.4957291666667,5.85979223251343
19.4990625,5.86062669754028
19.5023958333333,5.86140155792236
19.5057291666667,5.86199760437012
19.5090625,5.86247444152832
19.5123958333333,5.86289167404175
19.5157291666667,5.86313009262085
19.5190625,5.86318969726563
19.5223958333333,5.86318969726563
19.5257291666667,5.8630108833313
19.5290625,5.8627724647522
19.5323958333333,5.86241483688354
19.5357291666667,5.86199760437012
19.5390625,5.86158037185669
19.5423958333333,5.86116313934326
19.5457291666667,5.86080551147461
19.5490625,5.86050748825073
19.5523958333333,5.86026906967163
19.5557291666667,5.8600902557373
19.5590625,5.85997104644775
19.5623958333333,5.85997104644775
19.5657291666667,5.85997104644775
19.5690625,5.8600902557373
19.5723958333333,5.86032867431641
19.5757291666667,5.86074590682983
19.5790625,5.86128234863281
19.5823958333333,5.86205720901489
19.5857291666667,5.86307048797607
19.5890625,5.86432218551636
19.5923958333333,5.86575269699097
19.5957291666667,5.86742162704468
19.5990625,5.86926937103271
19.6023958333333,5.87129592895508
19.6057291666667,5.87332248687744
19.6090625,5.87540864944458
19.6123958333333,5.87755441665649
19.6157291666667,5.87964057922363
19.6190625,5.88172674179077
19.6223958333333,5.88375329971313
19.6257291666667,5.88583946228027
19.6290625,5.88786602020264
19.6323958333333,5.889892578125
19.6357291666667,5.89197874069214
19.6390625,5.89412450790405
19.6423958333333,5.89632987976074
19.6457291666667,5.89859485626221
19.6490625,5.90085983276367
19.6523958333333,5.90318441390991
19.6557291666667,5.90544939041138
19.6590625,5.90765476226807
19.6623958333333,5.90974092483521
19.6657291666667,5.91164827346802
19.6690625,5.9133768081665
19.6723958333333,5.91492652893066
19.6757291666667,5.91623783111572
19.6790625,5.91731071472168
19.6823958333333,5.91820478439331
19.6857291666667,5.91892004013062
19.6890625,5.91951608657837
19.6923958333333,5.91999292373657
19.6957291666667,5.92041015625
19.6990625,5.92070817947388
19.7023958333333,5.92094659805298
19.7057291666667,5.92106580734253
19.7090625,5.92118501663208
19.7123958333333,5.9211254119873
19.7157291666667,5.92106580734253
19.7190625,5.9208869934082
19.7223958333333,5.9206485748291
19.7257291666667,5.92035055160522
19.7290625,5.9199333190918
19.7323958333333,5.91957569122314
19.7357291666667,5.91915845870972
19.7390625,5.91874122619629
19.7423958333333,5.91838359832764
19.7457291666667,5.91802597045898
19.7490625,5.91778755187988
19.7523958333333,5.91754913330078
19.7557291666667,5.91742992401123
19.7590625,5.91742992401123
19.7623958333333,5.91748952865601
19.7657291666667,5.91760873794556
19.7690625,5.91778755187988
19.7723958333333,5.91808557510376
19.7757291666667,5.91844320297241
19.7790625,5.91880083084106
19.7823958333333,5.91921806335449
19.7857291666667,5.9196949005127
19.7890625,5.92023134231567
19.7923958333333,5.92082738876343
19.7957291666667,5.92154264450073
19.7990625,5.92237710952759
19.8023958333333,5.92339038848877
19.8057291666667,5.9245228767395
19.8090625,5.92589378356934
19.8123958333333,5.92738389968872
19.8157291666667,5.92911243438721
19.8190625,5.93101978302002
19.8223958333333,5.93304634094238
19.8257291666667,5.9351921081543
19.8290625,5.93739748001099
19.8323958333333,5.93966245651245
19.8357291666667,5.94198703765869
19.8390625,5.94431161880493
19.8423958333333,5.94669580459595
19.8457291666667,5.94907999038696
19.8490625,5.95152378082275
19.8523958333333,5.95396757125854
19.8557291666667,5.95647096633911
19.8590625,5.95897436141968
19.8623958333333,5.96153736114502
19.8657291666667,5.96404075622559
19.8690625,5.96660375595093
19.8723958333333,5.96904754638672
19.8757291666667,5.97149133682251
19.8790625,5.97387552261353
19.8823958333333,5.97620010375977
19.8857291666667,5.97846508026123
19.8890625,5.98061084747314
19.8923958333333,5.98275661468506
19.8957291666667,5.98490238189697
19.8990625,5.98692893981934
19.9023958333333,5.9889554977417
19.9057291666667,5.99098205566406
19.9090625,5.99288940429688
19.9123958333333,5.99479675292969
19.9157291666667,5.99658489227295
19.9190625,5.99837303161621
19.9223958333333,6.00004196166992
19.9257291666667,6.00171089172363
19.9290625,6.00332021713257
19.9323958333333,6.00486993789673
19.9357291666667,6.00641965866089
19.9390625,6.00790977478027
19.9423958333333,6.00934028625488
19.9457291666667,6.01071119308472
19.9490625,6.01202249526978
19.9523958333333,6.01321458816528
19.9557291666667,6.01422786712646
19.9590625,6.01518154144287
19.9623958333333,6.01595640182495
19.9657291666667,6.01661205291748
19.9690625,6.01714849472046
19.9723958333333,6.01756572723389
19.9757291666667,6.01792335510254
19.9790625,6.01828098297119
19.9823958333333,6.01863861083984
19.9857291666667,6.01893663406372
19.9890625,6.01935386657715
19.9923958333333,6.0197114944458
19.9957291666667,6.02012872695923
19.9990625,6.02048635482788
20.0023958333333,6.02084398269653
20.0057291666667,6.02114200592041
20.0090625,6.02138042449951
20.0123958333333,6.02149963378906
20.0157291666667,6.02161884307861
20.0190625,6.02161884307861
20.0223958333333,6.02155923843384
20.0257291666667,6.02138042449951
20.0290625,6.02114200592041
20.0323958333333,6.02078437805176
20.0357291666667,6.02024793624878
20.0390625,6.01965188980103
20.0423958333333,6.01887702941895
20.0457291666667,6.01804256439209
20.0490625,6.01708889007568
20.0523958333333,6.01601600646973
20.0557291666667,6.01494312286377
20.0590625,6.01387023925781
20.0623958333333,6.01273775100708
20.0657291666667,6.01166486740112
20.0690625,6.01059198379517
20.0723958333333,6.00957870483398
20.0757291666667,6.00850582122803
20.0790625,6.00737333297729
20.0823958333333,6.00630044937134
20.0857291666667,6.00510835647583
20.0890625,6.0039758682251
20.0923958333333,6.00278377532959
20.0957291666667,6.00165128707886
20.0990625,6.00051879882813
20.1023958333333,5.99944591522217
20.1057291666667,5.99849224090576
20.1090625,5.99759817123413
20.1123958333333,5.99682331085205
20.1157291666667,5.99616765975952
20.1190625,5.99563121795654
20.1223958333333,5.99515438079834
20.1257291666667,5.99485635757446
20.1290625,5.99467754364014
20.1323958333333,5.99461793899536
20.1357291666667,5.99473714828491
20.1390625,5.99503517150879
20.1423958333333,5.99557161331177
20.1457291666667,5.99628686904907
20.1490625,5.99724054336548
20.1523958333333,5.99831342697144
20.1557291666667,5.99950551986694
20.1590625,6.00087642669678
20.1623958333333,6.00230693817139
20.1657291666667,6.00385665893555
20.1690625,6.00546598434448
20.1723958333333,6.00719451904297
20.1757291666667,6.00910186767578
20.1790625,6.01112842559814
20.1823958333333,6.01333379745483
20.1857291666667,6.01571798324585
20.1890625,6.01828098297119
20.1923958333333,6.02108240127563
20.1957291666667,6.02400302886963
20.1990625,6.02704286575317
20.2023958333333,6.03014230728149
20.2057291666667,6.03342056274414
20.2090625,6.03663921356201
20.2123958333333,6.03997707366943
20.2157291666667,6.04337453842163
20.2190625,6.04689121246338
20.2223958333333,6.05064630508423
20.2257291666667,6.05475902557373
20.2290625,6.05946779251099
20.2323958333333,6.0650110244751
20.2357291666667,6.07180595397949
20.2390625,6.0802698135376
20.2423958333333,6.09099864959717
20.2457291666667,6.10458850860596
20.2490625,6.12187385559082
20.2523958333333,6.14345073699951
20.2557291666667,6.17021322250366
20.2590625,6.2028169631958
20.2623958333333,6.24179840087891
20.2657291666667,6.28751516342163
20.2690625,6.34008646011353
20.2723958333333,6.39921426773071
20.2757291666667,6.46430253982544
20.2790625,6.53427839279175
20.2823958333333,6.6077709197998
20.2857291666667,6.6831111907959
20.2890625,6.75833225250244
20.2923958333333,6.83152675628662
20.2957291666667,6.90054893493652
20.2990625,6.96349143981934
20.3023958333333,7.01874494552612
20.3057291666667,7.06493854522705
20.3090625,7.10099935531616
20.3123958333333,7.1263313293457
20.3157291666667,7.14081525802612
20.3190625,7.14468955993652
20.3223958333333,7.13843107223511
20.3257291666667,7.12293386459351
20.3290625,7.09927082061768
20.3323958333333,7.06875324249268
20.3357291666667,7.03257322311401
20.3390625,6.99204206466675
20.3423958333333,6.94853067398071
20.3457291666667,6.90311193466187
20.3490625,6.85691833496094
20.3523958333333,6.81078433990479
20.3557291666667,6.76554441452026
20.3590625,6.7216157913208
20.3623958333333,6.67959451675415
20.3657291666667,6.63971900939941
20.3690625,6.60228729248047
20.3723958333333,6.56729936599731
20.3757291666667,6.53481483459473
20.3790625,6.50489330291748
20.3823958333333,6.4774751663208
20.3857291666667,6.45238161087036
20.3890625,6.42955303192139
20.3923958333333,6.40887022018433
20.3957291666667,6.39021396636963
20.3990625,6.37340545654297
20.4023958333333,6.35826587677002
20.4057291666667,6.34467601776123
20.4090625,6.33245706558228
20.4123958333333,6.32154941558838
20.4157291666667,6.31183385848999
20.4190625,6.30313158035278
20.4223958333333,6.29538297653198
20.4257291666667,6.28846883773804
20.4290625,6.28238916397095
20.4323958333333,6.27708435058594
20.4357291666667,6.27243518829346
20.4390625,6.26838207244873
20.4423958333333,6.26498460769653
20.4457291666667,6.26206398010254
20.4490625,6.25967979431152
20.4523958333333,6.25777244567871
20.4557291666667,6.25628232955933
20.4590625,6.25520944595337
20.4623958333333,6.25449419021606
20.4657291666667,6.25413656234741
20.4690625,6.25407695770264
20.4723958333333,6.25425577163696
20.4757291666667,6.25467300415039
20.4790625,6.25526905059814
20.4823958333333,6.25598430633545
20.4857291666667,6.2568187713623
20.4890625,6.25771284103394
20.4923958333333,6.25860691070557
20.4957291666667,6.25956058502197
20.4990625,6.2604546546936
20.5023958333333,6.26140832901001
20.5057291666667,6.26224279403687
20.5090625,6.26307725906372
20.5123958333333,6.2638521194458
20.5157291666667,6.26456737518311
20.5190625,6.26516342163086
20.5223958333333,6.26564025878906
20.5257291666667,6.26593828201294
20.5290625,6.26611709594727
20.5323958333333,6.26611709594727
20.5357291666667,6.26587867736816
20.5390625,6.26546144485474
20.5423958333333,6.26486539840698
20.5457291666667,6.26403093338013
20.5490625,6.26307725906372
20.5523958333333,6.26194477081299
20.5557291666667,6.26069307327271
20.5590625,6.25938177108765
20.5623958333333,6.25801086425781
20.5657291666667,6.25663995742798
20.5690625,6.25520944595337
20.5723958333333,6.25377893447876
20.5757291666667,6.25240802764893
20.5790625,6.25109672546387
20.5823958333333,6.24978542327881
20.5857291666667,6.24853372573853
20.5890625,6.24728202819824
20.5923958333333,6.24608993530273
20.5957291666667,6.244957447052
20.5990625,6.24388456344604
20.6023958333333,6.24281167984009
20.6057291666667,6.24179840087891
20.6090625,6.24078512191772
20.6123958333333,6.23983144760132
20.6157291666667,6.23893737792969
20.6190625,6.23804330825806
20.6223958333333,6.23732805252075
20.6257291666667,6.236732006073
20.6290625,6.23643398284912
20.6323958333333,6.2364935874939
20.6357291666667,6.23708963394165
20.6390625,6.23846054077148
20.6423958333333,6.24090433120728
20.6457291666667,6.24477863311768
20.6490625,6.25038146972656
20.6523958333333,6.25824928283691
20.6557291666667,6.26879930496216
20.6590625,6.28238916397095
20.6623958333333,6.29955530166626
20.6657291666667,6.3205361366272
20.6690625,6.34551048278809
20.6723958333333,6.37459754943848
20.6757291666667,6.40761852264404
20.6790625,6.44421577453613
20.6823958333333,6.48391246795654
20.6857291666667,6.52593374252319
20.6890625,6.56938552856445
20.6923958333333,6.61325454711914
20.6957291666667,6.65640830993652
20.6990625,6.69771432876587
20.7023958333333,6.736159324646
20.7057291666667,6.77067041397095
20.7090625,6.80041313171387
20.7123958333333,6.824791431427
20.7157291666667,6.84332847595215
20.7190625,6.85572624206543
20.7223958333333,6.86204433441162
20.7257291666667,6.8623423576355
20.7290625,6.85709714889526
20.7323958333333,6.84672594070435
20.7357291666667,6.8318247795105
20.7390625,6.81310892105103
20.7423958333333,6.79129362106323
20.7457291666667,6.76709413528442
20.7490625,6.74116611480713
20.7523958333333,6.71416521072388
20.7557291666667,6.68668746948242
20.7590625,6.65915012359619
20.7623958333333,6.63208961486816
20.7657291666667,6.60580396652222
20.7690625,6.58053159713745
20.7723958333333,6.55639171600342
20.7757291666667,6.53362274169922
20.7790625,6.51222467422485
20.7823958333333,6.4922571182251
20.7857291666667,6.47372007369995
20.7890625,6.45661354064941
20.7923958333333,6.44075870513916
20.7957291666667,6.42621517181396
20.7990625,6.41286373138428
20.8023958333333,6.40064477920532
20.8057291666667,6.38943910598755
20.8090625,6.37918710708618
20.8123958333333,6.36970996856689
20.8157291666667,6.36106729507446
20.8190625,6.35302066802979
20.8223958333333,6.34562969207764
20.8257291666667,6.33871555328369
20.8290625,6.33227825164795
20.8323958333333,6.32631778717041
20.8357291666667,6.32083415985107
20.8390625,6.31570816040039
20.8423958333333,6.31093978881836
20.8457291666667,6.30652904510498
20.8490625,6.30247592926025
20.8523958333333,6.29878044128418
20.8557291666667,6.29532337188721
20.8590625,6.29210472106934
20.8623958333333,6.28912448883057
20.8657291666667,6.2863826751709
20.8690625,6.28387928009033
20.8723958333333,6.28149509429932
20.8757291666667,6.2793493270874
20.8790625,6.27744197845459
20.8823958333333,6.2757134437561
20.8857291666667,6.27422332763672
20.8890625,6.27297163009644
20.8923958333333,6.27195835113525
20.8957291666667,6.27118349075317
20.8990625,6.2706470489502
20.9023958333333,6.27028942108154
20.9057291666667,6.27017021179199
20.9090625,6.27022981643677
20.9123958333333,6.27046823501587
20.9157291666667,6.2708854675293
20.9190625,6.27148151397705
20.9223958333333,6.27237558364868
20.9257291666667,6.27344846725464
20.9290625,6.2747597694397
20.9323958333333,6.27630949020386
20.9357291666667,6.27815723419189
20.9390625,6.28012418746948
20.9423958333333,6.28232955932617
20.9457291666667,6.28465414047241
20.9490625,6.2870979309082
20.9523958333333,6.28960132598877
20.9557291666667,6.29210472106934
20.9590625,6.29466772079468
20.9623958333333,6.29723072052002
20.9657291666667,6.29979372024536
20.9690625,6.30241632461548
20.9723958333333,6.3050389289856
20.9757291666667,6.30778074264526
20.9790625,6.31058216094971
20.9823958333333,6.31338357925415
20.9857291666667,6.31618499755859
20.9890625,6.31898641586304
20.9923958333333,6.32166862487793
20.9957291666667,6.3241720199585
20.9990625,6.32655620574951
21.0023958333333,6.32870197296143
21.0057291666667,6.33066892623901
21.0090625,6.3323974609375
21.0123958333333,6.33394718170166
21.0157291666667,6.33531808853149
21.0190625,6.33656978607178
21.0223958333333,6.33770227432251
21.0257291666667,6.33877515792847
21.0290625,6.33972883224487
21.0323958333333,6.34068250656128
21.0357291666667,6.34157657623291
21.0390625,6.34241104125977
21.0423958333333,6.34318590164185
21.0457291666667,6.34390115737915
21.0490625,6.34455680847168
21.0523958333333,6.34515285491943
21.0557291666667,6.34568929672241
21.0590625,6.34622573852539
21.0623958333333,6.34670257568359
21.0657291666667,6.3471794128418
21.0690625,6.34771585464478
21.0723958333333,6.34825229644775
21.0757291666667,6.34884834289551
21.0790625,6.34956359863281
21.0823958333333,6.35033845901489
21.0857291666667,6.3512921333313
21.0890625,6.35236501693726
21.0923958333333,6.35355710983276
21.0957291666667,6.3549280166626
21.0990625,6.35647773742676
21.1023958333333,6.35826587677002
21.1057291666667,6.36023283004761
21.1090625,6.36237859725952
21.1123958333333,6.36470317840576
21.1157291666667,6.36720657348633
21.1190625,6.36982917785645
21.1223958333333,6.37263059616089
21.1257291666667,6.37549161911011
21.1290625,6.37847185134888
21.1323958333333,6.38145208358765
21.1357291666667,6.38449192047119
21.1390625,6.38759136199951
21.1423958333333,6.39069080352783
21.1457291666667,6.39384984970093
21.1490625,6.39700889587402
21.1523958333333,6.40016794204712
21.1557291666667,6.40332698822021
21.1590625,6.40636682510376
21.1623958333333,6.40934705734253
21.1657291666667,6.41214847564697
21.1690625,6.41483068466187
21.1723958333333,6.41721487045288
21.1757291666667,6.41942024230957
21.1790625,6.42132759094238
21.1823958333333,6.42293691635132
21.1857291666667,6.42436742782593
21.1890625,6.42549991607666
21.1923958333333,6.42639398574829
21.1957291666667,6.4271092414856
21.1990625,6.4275860786438
21.2023958333333,6.4278244972229
21.2057291666667,6.42788410186768
21.2090625,6.42776489257813
21.2123958333333,6.42740726470947
21.2157291666667,6.42693042755127
21.2190625,6.42627477645874
21.2223958333333,6.42549991607666
21.2257291666667,6.42454624176025
21.2290625,6.4234733581543
21.2323958333333,6.42234086990356
21.2357291666667,6.42108917236328
21.2390625,6.41977787017822
21.2423958333333,6.41834735870361
21.2457291666667,6.41685724258423
21.2490625,6.41530752182007
21.2523958333333,6.41369819641113
21.2557291666667,6.4120888710022
21.2590625,6.41041994094849
21.2623958333333,6.40875101089478
21.2657291666667,6.40708208084106
21.2690625,6.40535354614258
21.2723958333333,6.40368461608887
21.2757291666667,6.40195608139038
21.2790625,6.40028715133667
21.2823958333333,6.39861822128296
21.2857291666667,6.39700889587402
21.2890625,6.39539957046509
21.2923958333333,6.3939094543457
21.2957291666667,6.39247894287109
21.2990625,6.39122724533081
21.3023958333333,6.39009475708008
21.3057291666667,6.38920068740845
21.3090625,6.38848543167114
21.3123958333333,6.38794898986816
21.3157291666667,6.38771057128906
21.3190625,6.38771057128906
21.3223958333333,6.38800859451294
21.3257291666667,6.38860464096069
21.3290625,6.3895583152771
21.3323958333333,6.39081001281738
21.3357291666667,6.39230012893677
21.3390625,6.3941478729248
21.3423958333333,6.39623403549194
21.3457291666667,6.39855861663818
21.3490625,6.40100240707397
21.3523958333333,6.40362501144409
21.3557291666667,6.40636682510376
21.3590625,6.40922784805298
21.3623958333333,6.41214847564697
21.3657291666667,6.41518831253052
21.3690625,6.41828775405884
21.3723958333333,6.42144680023193
21.3757291666667,6.42472505569458
21.3790625,6.42800331115723
21.3823958333333,6.43128156661987
21.3857291666667,6.43455982208252
21.3890625,6.43777847290039
21.3923958333333,6.44087791442871
21.3957291666667,6.44385814666748
21.3990625,6.44677877426147
21.4023958333333,6.44952058792114
21.4057291666667,6.45220279693604
21.4090625,6.4547061920166
21.4123958333333,6.45714998245239
21.4157291666667,6.45947456359863
21.4190625,6.4617395401001
21.4223958333333,6.46382570266724
21.4257291666667,6.4658522605896
21.4290625,6.46775960922241
21.4323958333333,6.46954774856567
21.4357291666667,6.47121667861938
21.4390625,6.47270679473877
21.4423958333333,6.4740777015686
21.4457291666667,6.47526979446411
21.4490625,6.47634267807007
21.4523958333333,6.4772367477417
21.4557291666667,6.47813081741333
21.4590625,6.47890567779541
21.4623958333333,6.47968053817749
21.4657291666667,6.48051500320435
21.4690625,6.48146867752075
21.4723958333333,6.48254156112671
21.4757291666667,6.48379325866699
21.4790625,6.48516416549683
21.4823958333333,6.48671388626099
21.4857291666667,6.48844242095947
21.4890625,6.49023056030273
21.4923958333333,6.49213790893555
21.4957291666667,6.49410486221313
21.4990625,6.4961314201355
21.5023958333333,6.49821758270264
21.5057291666667,6.50042295455933
21.5090625,6.50268793106079
21.5123958333333,6.50507211685181
21.5157291666667,6.50763511657715
21.5190625,6.51025772094727
21.5223958333333,6.51311874389648
21.5257291666667,6.51609897613525
21.5290625,6.51919841766357
21.5323958333333,6.52241706848145
21.5357291666667,6.52575492858887
21.5390625,6.52915239334106
21.5423958333333,6.53260946273804
21.5457291666667,6.53606653213501
21.5490625,6.53958320617676
21.5523958333333,6.54298067092896
21.5557291666667,6.54637813568115
21.5590625,6.54971599578857
21.5623958333333,6.55293464660645
21.5657291666667,6.55597448348999
21.5690625,6.55883550643921
21.5723958333333,6.5615177154541
21.5757291666667,6.56390190124512
21.5790625,6.56604766845703
21.5823958333333,6.56783580780029
21.5857291666667,6.56932592391968
21.5890625,6.57045841217041
21.5923958333333,6.57129287719727
21.5957291666667,6.57171010971069
21.5990625,6.57176971435547
21.6023958333333,6.57147169113159
21.6057291666667,6.57075643539429
21.6090625,6.56974315643311
21.6123958333333,6.5683126449585
21.6157291666667,6.56652450561523
21.6190625,6.56431913375854
21.6223958333333,6.5617561340332
21.6257291666667,6.55883550643921
21.6290625,6.55549764633179
21.6323958333333,6.55174255371094
21.6357291666667,6.54768943786621
21.6390625,6.54333829879761
21.6423958333333,6.53862953186035
21.6457291666667,6.53374195098877
21.6490625,6.52867555618286
21.6523958333333,6.5234899520874
21.6557291666667,6.51824474334717
21.6590625,6.51305913925171
21.6623958333333,6.50793313980103
21.6657291666667,6.50292634963989
21.6690625,6.49803876876831
21.6723958333333,6.49333000183105
21.6757291666667,6.48880004882813
21.6790625,6.4845085144043
21.6823958333333,6.48039579391479
21.6857291666667,6.47652149200439
21.6890625,6.47294521331787
21.6923958333333,6.46966695785522
21.6957291666667,6.46668672561646
21.6990625,6.46412372589111
21.7023958333333,6.46191835403442
21.7057291666667,6.46013021469116
21.7090625,6.45869970321655
21.7123958333333,6.45768642425537
21.7157291666667,6.45697116851807
21.7190625,6.45667314529419
21.7223958333333,6.45667314529419
21.7257291666667,6.45697116851807
21.7290625,6.45756721496582
21.7323958333333,6.45846128463745
21.7357291666667,6.45971298217773
21.7390625,6.46120309829712
21.7423958333333,6.46305084228516
21.7457291666667,6.46513700485229
21.7490625,6.46752119064331
21.7523958333333,6.47008419036865
21.7557291666667,6.4728856086731
21.7590625,6.47586584091187
21.7623958333333,6.47902488708496
21.7657291666667,6.48224353790283
21.7690625,6.48564100265503
21.7723958333333,6.489098072052
21.7757291666667,6.49261474609375
21.7790625,6.4961314201355
21.7823958333333,6.49970769882202
21.7857291666667,6.50334358215332
21.7890625,6.50691986083984
21.7923958333333,6.51055574417114
21.7957291666667,6.51401281356812
21.7990625,6.51746988296509
21.8023958333333,6.52074813842773
21.8057291666667,6.52384757995605
21.8090625,6.52676820755005
21.8123958333333,6.52956962585449
21.8157291666667,6.53213262557983
21.8190625,6.53445720672607
21.8223958333333,6.53666257858276
21.8257291666667,6.53868913650513
21.8290625,6.54053688049316
21.8323958333333,6.54226541519165
21.8357291666667,6.54393434524536
21.8390625,6.54548406600952
21.8423958333333,6.54691457748413
21.8457291666667,6.54834508895874
21.8490625,6.5496563911438
21.8523958333333,6.55084848403931
21.8557291666667,6.55192136764526
21.8590625,6.55281543731689
21.8623958333333,6.55359029769897
21.8657291666667,6.55412673950195
21.8690625,6.55442476272583
21.8723958333333,6.55454397201538
21.8757291666667,6.55442476272583
21.8790625,6.55406713485718
21.8823958333333,6.5535306930542
21.8857291666667,6.55275583267212
21.8890625,6.55186176300049
21.8923958333333,6.55084848403931
21.8957291666667,6.5496563911438
21.8990625,6.54840469360352
21.9023958333333,6.54709339141846
21.9057291666667,6.5457820892334
21.9090625,6.54447078704834
21.9123958333333,6.54321908950806
21.9157291666667,6.54202699661255
21.9190625,6.54101371765137
21.9223958333333,6.54006004333496
21.9257291666667,6.53928518295288
21.9290625,6.53868913650513
21.9323958333333,6.53815269470215
21.9357291666667,6.53785467147827
21.9390625,6.53767585754395
21.9423958333333,6.53773546218872
21.9457291666667,6.53797388076782
21.9490625,6.53845071792603
21.9523958333333,6.53916597366333
21.9557291666667,6.54011964797974
21.9590625,6.54137134552002
21.9623958333333,6.5428614616394
21.9657291666667,6.54464960098267
21.9690625,6.54667615890503
21.9723958333333,6.54894113540649
21.9757291666667,6.55144453048706
21.9790625,6.55418634414673
21.9823958333333,6.55710697174072
21.9857291666667,6.56020641326904
21.9890625,6.56354427337646
21.9923958333333,6.56706094741821
21.9957291666667,6.57069683074951
21.9990625,6.57457113265991
22.0023958333333,6.57850503921509
22.0057291666667,6.58249855041504
22.0090625,6.58655166625977
22.0123958333333,6.59054517745972
22.0157291666667,6.59453868865967
22.0190625,6.59835338592529
22.0223958333333,6.60204887390137
22.0257291666667,6.60550594329834
22.0290625,6.60878419876099
22.0323958333333,6.61182403564453
22.0357291666667,6.61462545394897
22.0390625,6.61718845367432
22.0423958333333,6.61951303482056
22.0457291666667,6.6215991973877
22.0490625,6.62344694137573
22.0523958333333,6.62511587142944
22.0557291666667,6.62660598754883
22.0590625,6.62803649902344
22.0623958333333,6.62928819656372
22.0657291666667,6.63048028945923
22.0690625,6.63167238235474
22.0723958333333,6.63280487060547
22.0757291666667,6.63387775421143
22.0790625,6.63495063781738
22.0823958333333,6.63596391677856
22.0857291666667,6.63691759109497
22.0890625,6.63775205612183
22.0923958333333,6.63840770721436
22.0957291666667,6.63900375366211
22.0990625,6.63948059082031
22.1023958333333,6.63989782333374
22.1057291666667,6.64025545120239
22.1090625,6.64061307907104
22.1123958333333,6.6409707069397
22.1157291666667,6.6414475440979
22.1190625,6.64198398590088
22.1223958333333,6.64258003234863
22.1257291666667,6.64323568344116
22.1290625,6.64395093917847
22.1323958333333,6.64466619491577
22.1357291666667,6.64538145065308
22.1390625,6.64615631103516
22.1423958333333,6.64687156677246
22.1457291666667,6.64764642715454
22.1490625,6.6484808921814
22.1523958333333,6.64931535720825
22.1557291666667,6.65026903152466
22.1590625,6.65134191513062
22.1623958333333,6.65253400802612
22.1657291666667,6.65390491485596
22.1690625,6.65545463562012
22.1723958333333,6.65712356567383
22.1757291666667,6.65897130966187
22.1790625,6.66093826293945
22.1823958333333,6.66308403015137
22.1857291666667,6.66540861129761
22.1890625,6.66779279708862
22.1923958333333,6.67029619216919
22.1957291666667,6.67291879653931
22.1990625,6.6756010055542
22.2023958333333,6.67834281921387
22.2057291666667,6.68114423751831
22.2090625,6.6840648651123
22.2123958333333,6.6869854927063
22.2157291666667,6.69002532958984
22.2190625,6.69312477111816
22.2223958333333,6.69628381729126
22.2257291666667,6.69944286346436
22.2290625,6.70260190963745
22.2323958333333,6.70582056045532
22.2357291666667,6.70897960662842
22.2390625,6.71213865280151
22.2423958333333,6.71529769897461
22.2457291666667,6.71833753585815
22.2490625,6.72131776809692
22.2523958333333,6.72429800033569
22.2557291666667,6.72715902328491
22.2590625,6.72996044158936
22.2623958333333,6.7327618598938
22.2657291666667,6.73550367355347
22.2690625,6.73818588256836
22.2723958333333,6.74086809158325
22.2757291666667,6.74355030059814
22.2790625,6.74629211425781
22.2823958333333,6.74897432327271
22.2857291666667,6.75171613693237
22.2890625,6.75445795059204
22.2923958333333,6.75714015960693
22.2957291666667,6.75976276397705
22.2990625,6.76226615905762
22.3023958333333,6.76470994949341
22.3057291666667,6.76697492599487
22.3090625,6.76906108856201
22.3123958333333,6.7710280418396
22.3157291666667,6.77281618118286
22.3190625,6.77448511123657
22.3223958333333,6.77591562271118
22.3257291666667,6.77722692489624
22.3290625,6.77835941314697
22.3323958333333,6.77931308746338
22.3357291666667,6.78002834320068
22.3390625,6.78056478500366
22.3423958333333,6.78092241287231
22.3457291666667,6.78116083145142
22.3490625,6.78116083145142
22.3523958333333,6.78110122680664
22.3557291666667,6.78098201751709
22.3590625,6.78086280822754
22.3623958333333,6.78080320358276
22.3657291666667,6.78086280822754
22.3690625,6.78116083145142
22.3723958333333,6.78169727325439
22.3757291666667,6.78247213363647
22.3790625,6.78360462188721
22.3823958333333,6.78503513336182
22.3857291666667,6.7867636680603
22.3890625,6.78873062133789
22.3923958333333,6.7908763885498
22.3957291666667,6.79320096969604
22.3990625,6.79564476013184
22.4023958333333,6.79802894592285
22.4057291666667,6.80041313171387
22.4090625,6.80255889892578
22.4123958333333,6.80452585220337
22.4157291666667,6.80625438690186
22.4190625,6.80756568908691
22.4223958333333,6.80851936340332
22.4257291666667,6.8090558052063
22.4290625,6.80911540985107
22.4323958333333,6.80869817733765
22.4357291666667,6.80780410766602
22.4390625,6.80643320083618
22.4423958333333,6.80464506149292
22.4457291666667,6.80243968963623
22.4490625,6.79999589920044
22.4523958333333,6.797194480896
22.4557291666667,6.794273853302
22.4590625,6.79117441177368
22.4623958333333,6.78801536560059
22.4657291666667,6.78479671478271
22.4690625,6.78151845932007
22.4723958333333,6.7782998085022
22.4757291666667,6.77508115768433
22.4790625,6.77192211151123
22.4823958333333,6.76876306533813
22.4857291666667,6.76560401916504
22.4890625,6.76256418228149
22.4923958333333,6.7596435546875
22.4957291666667,6.75678253173828
22.4990625,6.75415992736816
22.5023958333333,6.7516565322876
22.5057291666667,6.74939155578613
22.5090625,6.74742460250854
22.5123958333333,6.74569606781006
22.5157291666667,6.74426555633545
22.5190625,6.74319267272949
22.5223958333333,6.74241781234741
22.5257291666667,6.74200057983398
22.5290625,6.74194097518921
22.5323958333333,6.74223899841309
22.5357291666667,6.74295425415039
22.5390625,6.74402713775635
22.5423958333333,6.74551725387573
22.5457291666667,6.74748420715332
22.5490625,6.74992799758911
22.5523958333333,6.75290822982788
22.5557291666667,6.75630569458008
22.5590625,6.76023960113525
22.5623958333333,6.76459074020386
22.5657291666667,6.76941871643066
22.5690625,6.77460432052612
22.5723958333333,6.78014755249023
22.5757291666667,6.786048412323
22.5790625,6.79212808609009
22.5823958333333,6.79844617843628
22.5857291666667,6.80488348007202
22.5890625,6.81138038635254
22.5923958333333,6.81781768798828
22.5957291666667,6.82413578033447
22.5990625,6.83027505874634
22.6023958333333,6.8361759185791
22.6057291666667,6.84171915054321
22.6090625,6.84690475463867
22.6123958333333,6.85161352157593
22.6157291666667,6.85584545135498
22.6190625,6.85954093933105
22.6223958333333,6.86275959014893
22.6257291666667,6.86550140380859
22.6290625,6.86770677566528
22.6323958333333,6.86949491500854
22.6357291666667,6.87086582183838
22.6390625,6.87181949615479
22.6423958333333,6.87247514724731
22.6457291666667,6.87283277511597
22.6490625,6.87289237976074
22.6523958333333,6.87277317047119
22.6557291666667,6.87241554260254
22.6590625,6.87193870544434
22.6623958333333,6.87122344970703
22.6657291666667,6.8703293800354
22.6690625,6.86931610107422
22.6723958333333,6.86818361282349
22.6757291666667,6.86699151992798
22.6790625,6.8657398223877
22.6823958333333,6.86442852020264
22.6857291666667,6.86323642730713
22.6890625,6.86204433441162
22.6923958333333,6.86097145080566
22.6957291666667,6.86007738113403
22.6990625,6.85930252075195
22.7023958333333,6.85876607894897
22.7057291666667,6.85834884643555
22.7090625,6.858229637146
22.7123958333333,6.85834884643555
22.7157291666667,6.8587064743042
22.7190625,6.85936212539673
22.7223958333333,6.86037540435791
22.7257291666667,6.86168670654297
22.7290625,6.86335563659668
22.7323958333333,6.86532258987427
22.7357291666667,6.86764717102051
22.7390625,6.87026977539063
22.7423958333333,6.87313079833984
22.7457291666667,6.87634944915771
22.7490625,6.87974691390991
22.7523958333333,6.88338279724121
22.7557291666667,6.88713788986206
22.7590625,6.89101219177246
22.7623958333333,6.89494609832764
22.7657291666667,6.89882040023804
22.7690625,6.90257549285889
22.7723958333333,6.90627098083496
22.7757291666667,6.90978765487671
22.7790625,6.91312551498413
22.7823958333333,6.91640377044678
22.7857291666667,6.91968202590942
22.7890625,6.92331790924072
22.7923958333333,6.92754983901978
22.7957291666667,6.93309307098389
22.7990625,6.94078207015991
22.8023958333333,6.95180892944336
22.8057291666667,6.96796178817749
22.8090625,6.99162483215332
22.8123958333333,7.02571868896484
22.8157291666667,7.07417726516724
22.8190625,7.14170932769775
22.8223958333333,7.23385810852051
22.8257291666667,7.35688209533691
22.8290625,7.51769542694092
22.8323958333333,7.72321224212646
22.8357291666667,7.98022747039795
22.8390625,8.29464197158813
22.8423958333333,8.67074728012085
22.8457291666667,9.11092758178711
22.8490625,9.61476564407349
22.8523958333333,10.1785063743591
22.8557291666667,10.794997215271
22.8590625,11.4537477493286
22.8623958333333,12.1406316757202
22.8657291666667,12.8389596939087
22.8690625,13.5299563407898
22.8723958333333,14.1937732696533
22.8757291666667,14.8104429244995
22.8790625,15.3612494468689
22.8823958333333,15.8295035362244
22.8857291666667,16.2015557289124
22.8890625,16.4673924446106
22.8923958333333,16.6213512420654
22.8957291666667,16.6617035865784
22.8990625,16.5910720825195
22.9023958333333,16.4157748222351
22.9057291666667,16.1453485488892
22.9090625,15.7918334007263
22.9123958333333,15.3688192367554
22.9157291666667,14.8910880088806
22.9190625,14.3734812736511
22.9223958333333,13.8304829597473
22.9257291666667,13.2755637168884
22.9290625,12.7208232879639
22.9323958333333,12.1767520904541
22.9357291666667,11.6520524024963
22.9390625,11.1534595489502
22.9423958333333,10.6860995292664
22.9457291666667,10.253369808197
22.9490625,9.857177734375
22.9523958333333,9.49811935424805
22.9557291666667,9.17571783065796
22.9590625,8.88866186141968
22.9623958333333,8.63516330718994
22.9657291666667,8.41277837753296
22.9690625,8.21888446807861
22.9723958333333,8.05079936981201
22.9757291666667,7.90572166442871
22.9790625,7.78102874755859
22.9823958333333,7.67421722412109
22.9857291666667,7.58302211761475
22.9890625,7.50529766082764
22.9923958333333,7.43919610977173
22.9957291666667,7.38292932510376
22.9990625,7.33518600463867
23.0023958333333,7.29453563690186
23.0057291666667,7.25996494293213
23.0090625,7.23046064376831
23.0123958333333,7.20518827438354
23.0157291666667,7.18355178833008
23.0190625,7.16495513916016
23.0223958333333,7.14892148971558
23.0257291666667,7.13509321212769
23.0290625,7.12317228317261
23.0323958333333,7.11292028427124
23.0357291666667,7.10415840148926
23.0390625,7.09670782089233
23.0423958333333,7.09038972854614
23.0457291666667,7.08502531051636
23.0490625,7.0805549621582
23.0523958333333,7.07674026489258
23.0557291666667,7.07352161407471
23.0590625,7.07077980041504
23.0623958333333,7.06839561462402
23.0657291666667,7.06630945205688
23.0690625,7.06446170806885
23.0723958333333,7.06279277801514
23.0757291666667,7.06136226654053
23.0790625,7.06005096435547
23.0823958333333,7.05897808074951
23.0857291666667,7.05802440643311
23.0890625,7.05724954605103
23.0923958333333,7.05665349960327
23.0957291666667,7.05617666244507
23.0990625,7.05587863922119
23.1023958333333,7.05575942993164
23.1057291666667,7.05569982528687
23.1090625,7.05581903457642
23.1123958333333,7.05599784851074
23.1157291666667,7.05629587173462
23.1190625,7.05665349960327
23.1223958333333,7.0570707321167
23.1257291666667,7.05748796463013
23.1290625,7.05802440643311
23.1323958333333,7.05856084823608
23.1357291666667,7.05915689468384
23.1390625,7.05975294113159
23.1423958333333,7.06034898757935
23.1457291666667,7.0609450340271
23.1490625,7.0614218711853
23.1523958333333,7.06189870834351
23.1557291666667,7.06219673156738
23.1590625,7.06237554550171
23.1623958333333,7.06243515014648
23.1657291666667,7.06231594085693
23.1690625,7.06213712692261
23.1723958333333,7.06189870834351
23.1757291666667,7.06154108047485
23.1790625,7.0611834526062
23.1823958333333,7.06082582473755
23.1857291666667,7.0604681968689
23.1890625,7.06011056900024
23.1923958333333,7.05969333648682
23.1957291666667,7.05933570861816
23.1990625,7.05891847610474
23.2023958333333,7.05844163894653
23.2057291666667,7.05790519714355
23.2090625,7.0573091506958
23.2123958333333,7.05665349960327
23.2157291666667,7.05593824386597
23.2190625,7.05516338348389
23.2223958333333,7.05432891845703
23.2257291666667,7.0534348487854
23.2290625,7.05254077911377
23.2323958333333,7.05158710479736
23.2357291666667,7.05057382583618
23.2390625,7.04967975616455
23.2423958333333,7.04872608184814
23.2457291666667,7.04789161682129
23.2490625,7.04705715179443
23.2523958333333,7.04622268676758
23.2557291666667,7.0454478263855
23.2590625,7.04473257064819
23.2623958333333,7.04401731491089
23.2657291666667,7.04330205917358
23.2690625,7.0425271987915
23.2723958333333,7.0418119430542
23.2757291666667,7.04103708267212
23.2790625,7.04032182693481
23.2823958333333,7.03954696655273
23.2857291666667,7.03883171081543
23.2890625,7.03811645507813
23.2923958333333,7.0374608039856
23.2957291666667,7.03680515289307
23.2990625,7.03620910644531
23.3023958333333,7.03567266464233
23.3057291666667,7.03519582748413
23.3090625,7.03483819961548
23.3123958333333,7.0345401763916
23.3157291666667,7.03436136245728
23.3190625,7.03418254852295
23.3223958333333,7.03412294387817
23.3257291666667,7.0340633392334
23.3290625,7.03412294387817
23.3323958333333,7.03424215316772
23.3357291666667,7.03442096710205
23.3390625,7.03471899032593
23.3423958333333,7.03519582748413
23.3457291666667,7.03579187393188
23.3490625,7.03662633895874
23.3523958333333,7.03758001327515
23.3557291666667,7.03871250152588
23.3590625,7.03990459442139
23.3623958333333,7.04121589660645
23.3657291666667,7.04258680343628
23.3690625,7.04389810562134
23.3723958333333,7.0452094078064
23.3757291666667,7.04652070999146
23.3790625,7.04777240753174
23.3823958333333,7.04902410507202
23.3857291666667,7.05021619796753
23.3890625,7.05146789550781
23.3923958333333,7.05265998840332
23.3957291666667,7.0539116859436
23.3990625,7.05510377883911
23.4023958333333,7.05629587173462
23.4057291666667,7.05748796463013
23.4090625,7.05862045288086
23.4123958333333,7.05969333648682
23.4157291666667,7.06064701080322
23.4190625,7.06154108047485
23.4223958333333,7.06231594085693
23.4257291666667,7.06297159194946
23.4290625,7.06350803375244
23.4323958333333,7.06398487091064
23.4357291666667,7.0643424987793
23.4390625,7.06470012664795
23.4423958333333,7.0650577545166
23.4457291666667,7.06541538238525
23.4490625,7.06583261489868
23.4523958333333,7.06630945205688
23.4557291666667,7.06684589385986
23.4590625,7.06738233566284
23.4623958333333,7.0679783821106
23.4657291666667,7.06851482391357
23.4690625,7.06899166107178
23.4723958333333,7.06934928894043
23.4757291666667,7.06964731216431
23.4790625,7.06982612609863
23.4823958333333,7.06994533538818
23.4857291666667,7.07000494003296
23.4890625,7.07000494003296
23.4923958333333,7.07000494003296
23.4957291666667,7.06994533538818
23.4990625,7.06994533538818
23.5023958333333,7.07000494003296
23.5057291666667,7.07006454467773
23.5090625,7.07012414932251
23.5123958333333,7.07030296325684
23.5157291666667,7.07048177719116
23.5190625,7.07077980041504
23.5223958333333,7.07119703292847
23.5257291666667,7.07167387008667
23.5290625,7.07226991653442
23.5323958333333,7.07298517227173
23.5357291666667,7.07381963729858
23.5390625,7.07477331161499
23.5423958333333,7.07584619522095
23.5457291666667,7.07703828811646
23.5490625,7.07840919494629
23.5523958333333,7.0798397064209
23.5557291666667,7.08132982254028
23.5590625,7.08293914794922
23.5623958333333,7.08460807800293
23.5657291666667,7.08627700805664
23.5690625,7.08788633346558
23.5723958333333,7.08943605422974
23.5757291666667,7.09092617034912
23.5790625,7.09229707717896
23.5823958333333,7.09348917007446
23.5857291666667,7.09456205368042
23.5890625,7.09545612335205
23.5923958333333,7.09617137908936
23.5957291666667,7.09670782089233
23.5990625,7.09712505340576
23.6023958333333,7.09736347198486
23.6057291666667,7.09742307662964
23.6090625,7.09736347198486
23.6123958333333,7.09712505340576
23.6157291666667,7.09682703018188
23.6190625,7.09640979766846
23.6223958333333,7.09587335586548
23.6257291666667,7.09527730941772
23.6290625,7.0946216583252
23.6323958333333,7.09390640258789
23.6357291666667,7.09319114685059
23.6390625,7.09253549575806
23.6423958333333,7.09187984466553
23.6457291666667,7.09128379821777
23.6490625,7.09080696105957
23.6523958333333,7.09050893783569
23.6557291666667,7.09033012390137
23.6590625,7.09033012390137
23.6623958333333,7.09056854248047
23.6657291666667,7.09092617034912
23.6690625,7.0914626121521
23.6723958333333,7.0921778678894
23.6757291666667,7.09301233291626
23.6790625,7.09408521652222
23.6823958333333,7.09527730941772
23.6857291666667,7.09664821624756
23.6890625,7.09825754165649
23.6923958333333,7.10010528564453
23.6957291666667,7.10219144821167
23.6990625,7.10451602935791
23.7023958333333,7.10707902908325
23.7057291666667,7.10994005203247
23.7090625,7.11303949356079
23.7123958333333,7.11637735366821
23.7157291666667,7.12001323699951
23.7190625,7.12388753890991
23.7223958333333,7.12811946868896
23.7257291666667,7.13258981704712
23.7290625,7.13741779327393
23.7323958333333,7.14254379272461
23.7357291666667,7.14796781539917
23.7390625,7.15368986129761
23.7423958333333,7.15965032577515
23.7457291666667,7.16572999954224
23.7490625,7.17198848724365
23.7523958333333,7.17824697494507
23.7557291666667,7.18456506729126
23.7590625,7.19088315963745
23.7623958333333,7.19714164733887
23.7657291666667,7.20334053039551
23.7690625,7.20936059951782
23.7723958333333,7.21526145935059
23.7757291666667,7.22098350524902
23.7790625,7.22646713256836
23.7823958333333,7.23165273666382
23.7857291666667,7.23642110824585
23.7890625,7.24077224731445
23.7923958333333,7.24458694458008
23.7957291666667,7.2479248046875
23.7990625,7.25066661834717
23.8023958333333,7.25281238555908
23.8057291666667,7.25436210632324
23.8090625,7.25531578063965
23.8123958333333,7.2556734085083
23.8157291666667,7.25549459457397
23.8190625,7.25483894348145
23.8223958333333,7.25370645523071
23.8257291666667,7.25215673446655
23.8290625,7.25013017654419
23.8323958333333,7.2476863861084
23.8357291666667,7.24488496780396
23.8390625,7.24172592163086
23.8423958333333,7.23826885223389
23.8457291666667,7.23445415496826
23.8490625,7.23034143447876
23.8523958333333,7.22604990005493
23.8557291666667,7.22157955169678
23.8590625,7.21698999404907
23.8623958333333,7.21234083175659
23.8657291666667,7.20769166946411
23.8690625,7.20304250717163
23.8723958333333,7.1985125541687
23.8757291666667,7.19410181045532
23.8790625,7.18986988067627
23.8823958333333,7.18587636947632
23.8857291666667,7.18212127685547
23.8890625,7.17872381210327
23.8923958333333,7.17568397521973
23.8957291666667,7.17300176620483
23.8990625,7.17073678970337
23.9023958333333,7.16888904571533
23.9057291666667,7.16745853424072
23.9090625,7.16644525527954
23.9123958333333,7.16590881347656
23.9157291666667,7.16578960418701
23.9190625,7.16608762741089
23.9223958333333,7.16680288314819
23.9257291666667,7.16787576675415
23.9290625,7.16936588287354
23.9323958333333,7.17121362686157
23.9357291666667,7.17347860336304
23.9390625,7.1759819984436
23.9423958333333,7.17878341674805
23.9457291666667,7.18182325363159
23.9490625,7.18498229980469
23.9523958333333,7.18826055526733
23.9557291666667,7.19165802001953
23.9590625,7.19517469406128
23.9623958333333,7.19863176345825
23.9657291666667,7.2021484375
23.9690625,7.20566511154175
23.9723958333333,7.2091817855835
23.9757291666667,7.21263885498047
23.9790625,7.21597671508789
23.9823958333333,7.21913576126099
23.9857291666667,7.22211599349976
23.9890625,7.22485780715942
23.9923958333333,7.22730159759521
23.9957291666667,7.22938776016235
23.9990625,7.23105669021606
24.0023958333333,7.23236799240112
24.0057291666667,7.23332166671753
24.0090625,7.23397731781006
24.0123958333333,7.23427534103394
24.0157291666667,7.23433494567871
24.0190625,7.23415613174438
24.0223958333333,7.23379850387573
24.0257291666667,7.23332166671753
24.0290625,7.23272562026978
24.0323958333333,7.23201036453247
24.0357291666667,7.23123550415039
24.0390625,7.23046064376831
24.0423958333333,7.22962617874146
24.0457291666667,7.2287917137146
24.0490625,7.22795724868774
24.0523958333333,7.22724199295044
24.0557291666667,7.22652673721313
24.0590625,7.22593069076538
24.0623958333333,7.2253942489624
24.0657291666667,7.22503662109375
24.0690625,7.22479820251465
24.0723958333333,7.22473859786987
24.0757291666667,7.22479820251465
24.0790625,7.22503662109375
24.0823958333333,7.22545385360718
24.0857291666667,7.22610950469971
24.0890625,7.22688436508179
24.0923958333333,7.22783803939819
24.0957291666667,7.2290301322937
24.0990625,7.23034143447876
24.1023958333333,7.23189115524292
24.1057291666667,7.23361968994141
24.1090625,7.23552703857422
24.1123958333333,7.23761320114136
24.1157291666667,7.23987817764282
24.1190625,7.24232196807861
24.1223958333333,7.24488496780396
24.1257291666667,7.24762678146362
24.1290625,7.25036859512329
24.1323958333333,7.25322961807251
24.1357291666667,7.25603103637695
24.1390625,7.2588324546814
24.1423958333333,7.26163387298584
24.1457291666667,7.26437568664551
24.1490625,7.2670578956604
24.1523958333333,7.26968050003052
24.1557291666667,7.27230310440063
24.1590625,7.27486610412598
24.1623958333333,7.27748870849609
24.1657291666667,7.27999210357666
24.1690625,7.282555103302
24.1723958333333,7.28499889373779
24.1757291666667,7.28744268417358
24.1790625,7.2898268699646
24.1823958333333,7.29209184646606
24.1857291666667,7.29423761367798
24.1890625,7.29626417160034
24.1923958333333,7.29823112487793
24.1957291666667,7.30007886886597
24.1990625,7.30180740356445
24.2023958333333,7.30353593826294
24.2057291666667,7.30514526367188
24.2090625,7.30675458908081
24.2123958333333,7.30830430984497
24.2157291666667,7.30985403060913
24.2190625,7.31140375137329
24.2223958333333,7.31295347213745
24.2257291666667,7.31444358825684
24.2290625,7.31587409973145
24.2323958333333,7.31724500656128
24.2357291666667,7.31849670410156
24.2390625,7.31968879699707
24.2423958333333,7.32070207595825
24.2457291666667,7.32159614562988
24.2490625,7.32237100601196
24.2523958333333,7.32296705245972
24.2557291666667,7.32338428497314
24.2590625,7.32368230819702
24.2623958333333,7.32386112213135
24.2657291666667,7.32386112213135
24.2690625,7.32368230819702
24.2723958333333,7.32344388961792
24.2757291666667,7.32302665710449
24.2790625,7.32249021530151
24.2823958333333,7.32183456420898
24.2857291666667,7.32117891311646
24.2890625,7.32040405273438
24.2923958333333,7.31962919235229
24.2957291666667,7.31885433197021
24.2990625,7.31819868087769
24.3023958333333,7.31754302978516
24.3057291666667,7.31700658798218
24.3090625,7.31652975082397
24.3123958333333,7.31611251831055
24.3157291666667,7.31575489044189
24.3190625,7.31545686721802
24.3223958333333,7.31515884399414
24.3257291666667,7.31498003005981
24.3290625,7.31480121612549
24.3323958333333,7.31474161148071
24.3357291666667,7.31468200683594
24.3390625,7.31474161148071
24.3423958333333,7.31492042541504
24.3457291666667,7.31521844863892
24.3490625,7.31563568115234
24.3523958333333,7.31617212295532
24.3557291666667,7.31682777404785
24.3590625,7.31766223907471
24.3623958333333,7.31867551803589
24.3657291666667,7.31980800628662
24.3690625,7.32111930847168
24.3723958333333,7.32260942459106
24.3757291666667,7.32415914535522
24.3790625,7.32588768005371
24.3823958333333,7.32773542404175
24.3857291666667,7.32958316802979
24.3890625,7.33155012130737
24.3923958333333,7.33351707458496
24.3957291666667,7.33554363250732
24.3990625,7.33757019042969
24.4023958333333,7.33959674835205
24.4057291666667,7.34168291091919
24.4090625,7.34376907348633
24.4123958333333,7.34591484069824
24.4157291666667,7.34800100326538
24.4190625,7.35008716583252
24.4223958333333,7.35211372375488
24.4257291666667,7.35414028167725
24.4290625,7.35604763031006
24.4323958333333,7.3578953742981
24.4357291666667,7.35962390899658
24.4390625,7.36123323440552
24.4423958333333,7.36266374588013
24.4457291666667,7.36385583877563
24.4490625,7.36480951309204
24.4523958333333,7.36552476882935
24.4557291666667,7.36594200134277
24.4590625,7.36594200134277
24.4623958333333,7.3656439781189
24.4657291666667,7.36498832702637
24.4690625,7.36397504806519
24.4723958333333,7.36260414123535
24.4757291666667,7.36093521118164
24.4790625,7.35902786254883
24.4823958333333,7.35694169998169
24.4857291666667,7.35467672348022
24.4890625,7.35229253768921
24.4923958333333,7.34984874725342
24.4957291666667,7.34734535217285
24.4990625,7.34484195709229
24.5023958333333,7.34239816665649
24.5057291666667,7.3399543762207
24.5090625,7.33762979507446
24.5123958333333,7.335364818573
24.5157291666667,7.33327865600586
24.5190625,7.33137130737305
24.5223958333333,7.32964277267456
24.5257291666667,7.32821226119995
24.5290625,7.32702016830444
24.5323958333333,7.32618570327759
24.5357291666667,7.32564926147461
24.5390625,7.32547044754028
24.5423958333333,7.32570886611938
24.5457291666667,7.32624530792236
24.5490625,7.32725858688354
24.5523958333333,7.32862949371338
24.5557291666667,7.33035802841187
24.5590625,7.332444190979
24.5623958333333,7.33494758605957
24.5657291666667,7.33780860900879
24.5690625,7.34096765518188
24.5723958333333,7.34448432922363
24.5757291666667,7.34829902648926
24.5790625,7.35235214233398
24.5823958333333,7.35658407211304
24.5857291666667,7.36105442047119
24.5890625,7.36558437347412
24.5923958333333,7.3702335357666
24.5957291666667,7.37488269805908
24.5990625,7.37959146499634
24.6023958333333,7.38424062728882
24.6057291666667,7.38883018493652
24.6090625,7.39330053329468
24.6123958333333,7.39771127700806
24.6157291666667,7.40200281143188
24.6190625,7.40617513656616
24.6223958333333,7.41016864776611
24.6257291666667,7.41404294967651
24.6290625,7.41773843765259
24.6323958333333,7.42119550704956
24.6357291666667,7.42447376251221
24.6390625,7.42757320404053
24.6423958333333,7.43043422698975
24.6457291666667,7.43311643600464
24.6490625,7.43556022644043
24.6523958333333,7.43782520294189
24.6557291666667,7.43985176086426
24.6590625,7.44163990020752
24.6623958333333,7.44324922561646
24.6657291666667,7.44467973709106
24.6690625,7.44593143463135
24.6723958333333,7.44694471359253
24.6757291666667,7.44783878326416
24.6790625,7.44861364364624
24.6823958333333,7.44926929473877
24.6857291666667,7.44980573654175
24.6890625,7.45034217834473
24.6923958333333,7.45087862014771
24.6957291666667,7.45135545730591
24.6990625,7.45189189910889
24.7023958333333,7.45248794555664
24.7057291666667,7.45308399200439
24.7090625,7.4537992477417
24.7123958333333,7.454514503479
24.7157291666667,7.45534896850586
24.7190625,7.45618343353271
24.7223958333333,7.45707750320435
24.7257291666667,7.4579119682312
24.7290625,7.45880603790283
24.7323958333333,7.45958089828491
24.7357291666667,7.46029615402222
24.7390625,7.46089220046997
24.7423958333333,7.46142864227295
24.7457291666667,7.46190547943115
24.7490625,7.4622631072998
24.7523958333333,7.46262073516846
24.7557291666667,7.46291875839233
24.7590625,7.46315717697144
24.7623958333333,7.46345520019531
24.7657291666667,7.46375322341919
24.7690625,7.46399164199829
24.7723958333333,7.46423006057739
24.7757291666667,7.46440887451172
24.7790625,7.46446847915649
24.7823958333333,7.46440887451172
24.7857291666667,7.46428966522217
24.7890625,7.46405124664307
24.7923958333333,7.46375322341919
24.7957291666667,7.46339559555054
24.7990625,7.46297836303711
24.8023958333333,7.46256113052368
24.8057291666667,7.46220350265503
24.8090625,7.46184587478638
24.8123958333333,7.46148824691772
24.8157291666667,7.46113061904907
24.8190625,7.4608325958252
24.8223958333333,7.46047496795654
24.8257291666667,7.46011734008789
24.8290625,7.45970010757446
24.8323958333333,7.45934247970581
24.8357291666667,7.45898485183716
24.8390625,7.45868682861328
24.8423958333333,7.45844841003418
24.8457291666667,7.45832920074463
24.8490625,7.45832920074463
24.8523958333333,7.45850801467896
24.8557291666667,7.45886564254761
24.8590625,7.45940208435059
24.8623958333333,7.46017694473267
24.8657291666667,7.46119022369385
24.8690625,7.46244192123413
24.8723958333333,7.46381282806396
24.8757291666667,7.4654221534729
24.8790625,7.46709108352661
24.8823958333333,7.46887922286987
24.8857291666667,7.47066736221313
24.8890625,7.4724555015564
24.8923958333333,7.47424364089966
24.8957291666667,7.47597217559814
24.8990625,7.47764110565186
24.9023958333333,7.47931003570557
24.9057291666667,7.48103857040405
24.9090625,7.48276710510254
24.9123958333333,7.48461484909058
24.9157291666667,7.48652219772339
24.9190625,7.48848915100098
24.9223958333333,7.49051570892334
24.9257291666667,7.4925422668457
24.9290625,7.49462842941284
24.9323958333333,7.49671459197998
24.9357291666667,7.49868154525757
24.9390625,7.50064849853516
24.9423958333333,7.50249624252319
24.9457291666667,7.50428438186646
24.9490625,7.50595331192017
24.9523958333333,7.50750303268433
24.9557291666667,7.50899314880371
24.9590625,7.51036405563354
24.9623958333333,7.5116753578186
24.9657291666667,7.51292705535889
24.9690625,7.51417875289917
24.9723958333333,7.51537084579468
24.9757291666667,7.51656293869019
24.9790625,7.51781463623047
24.9823958333333,7.51900672912598
24.9857291666667,7.52019882202148
24.9890625,7.52139091491699
24.9923958333333,7.52252340316772
24.9957291666667,7.52353668212891
24.9990625,7.52449035644531
25.0023958333333,7.52532482147217
25.0057291666667,7.52609968185425
25.0090625,7.52675533294678
25.0123958333333,7.52735137939453
25.0157291666667,7.52800703048706
25.0190625,7.52866268157959
25.0223958333333,7.52943754196167
25.0257291666667,7.53027200698853
25.0290625,7.53134489059448
25.0323958333333,7.53253698348999
25.0357291666667,7.53384828567505
25.0390625,7.53539800643921
25.0423958333333,7.53700733184814
25.0457291666667,7.53879547119141
25.0490625,7.54070281982422
25.0523958333333,7.54266977310181
25.0557291666667,7.54469633102417
25.0590625,7.54678249359131
25.0623958333333,7.54886865615845
25.0657291666667,7.55101442337036
25.0690625,7.55316019058228
25.0723958333333,7.55530595779419
25.0757291666667,7.55739212036133
25.0790625,7.55953788757324
25.0823958333333,7.56162405014038
25.0857291666667,7.56376981735229
25.0890625,7.56585597991943
25.0923958333333,7.56800174713135
25.0957291666667,7.57014751434326
25.0990625,7.57229328155518
25.1023958333333,7.57437944412231
25.1057291666667,7.57640600204468
25.1090625,7.57837295532227
25.1123958333333,7.5802206993103
25.1157291666667,7.58183002471924
25.1190625,7.58326053619385
25.1223958333333,7.58439302444458
25.1257291666667,7.58522748947144
25.1290625,7.58576393127441
25.1323958333333,7.58594274520874
25.1357291666667,7.58576393127441
25.1390625,7.58528709411621
25.1423958333333,7.58451223373413
25.1457291666667,7.58343935012817
25.1490625,7.58212804794312
25.1523958333333,7.58051872253418
25.1557291666667,7.57873058319092
25.1590625,7.57676362991333
25.1623958333333,7.57461786270142
25.1657291666667,7.57235288619995
25.1690625,7.57002830505371
25.1723958333333,7.56770372390747
25.1757291666667,7.56543874740601
25.1790625,7.56317377090454
25.1823958333333,7.56102800369263
25.1857291666667,7.55906105041504
25.1890625,7.557213306427
25.1923958333333,7.55554437637329
25.1957291666667,7.55411386489868
25.1990625,7.55280256271362
25.2023958333333,7.55167007446289
25.2057291666667,7.55071640014648
25.2090625,7.55000114440918
25.2123958333333,7.54952430725098
25.2157291666667,7.5492262840271
25.2190625,7.54916667938232
25.2223958333333,7.54934549331665
25.2257291666667,7.54976272583008
25.2290625,7.55035877227783
25.2323958333333,7.55125284194946
25.2357291666667,7.55232572555542
25.2390625,7.5535774230957
25.2423958333333,7.55500793457031
25.2457291666667,7.55655765533447
25.2490625,7.55822658538818
25.2523958333333,7.55995512008667
25.2557291666667,7.56174325942993
25.2590625,7.56353139877319
25.2623958333333,7.56531953811646
25.2657291666667,7.56704807281494
25.2690625,7.56865739822388
25.2723958333333,7.57026672363281
25.2757291666667,7.57169723510742
25.2790625,7.57300853729248
25.2823958333333,7.57420063018799
25.2857291666667,7.57521390914917
25.2890625,7.57616758346558
25.2923958333333,7.57700204849243
25.2957291666667,7.57777690887451
25.2990625,7.57855176925659
25.3023958333333,7.5792670249939
25.3057291666667,7.5799822807312
25.3090625,7.58075714111328
25.3123958333333,7.58159160614014
25.3157291666667,7.58236646652222
25.3190625,7.58320093154907
25.3223958333333,7.58403539657593
25.3257291666667,7.58486986160278
25.3290625,7.58564472198486
25.3323958333333,7.58641958236694
25.3357291666667,7.58713483810425
25.3390625,7.58785009384155
25.3423958333333,7.58862495422363
25.3457291666667,7.58934020996094
25.3490625,7.59011507034302
25.3523958333333,7.5908899307251
25.3557291666667,7.59166479110718
25.3590625,7.59243965148926
25.3623958333333,7.59321451187134
25.3657291666667,7.59398937225342
25.3690625,7.5947642326355
25.3723958333333,7.5954794883728
25.3757291666667,7.59613513946533
25.3790625,7.59673118591309
25.3823958333333,7.59732723236084
25.3857291666667,7.59792327880859
25.3890625,7.59845972061157
25.3923958333333,7.59899616241455
25.3957291666667,7.59953260421753
25.3990625,7.60012865066528
25.4023958333333,7.60072469711304
25.4057291666667,7.60132074356079
25.4090625,7.6020359992981
25.4123958333333,7.6027512550354
25.4157291666667,7.60358572006226
25.4190625,7.60447978973389
25.4223958333333,7.60543346405029
25.4257291666667,7.60644674301147
25.4290625,7.60763883590698
25.4323958333333,7.60889053344727
25.4357291666667,7.61038064956665
25.4390625,7.61198997497559
25.4423958333333,7.61377811431885
25.4457291666667,7.61580467224121
25.4490625,7.61806964874268
25.4523958333333,7.62057304382324
25.4557291666667,7.62325525283813
25.4590625,7.62611627578735
25.4623958333333,7.62909650802612
25.4657291666667,7.63213634490967
25.4690625,7.63523578643799
25.4723958333333,7.63833522796631
25.4757291666667,7.64137506484985
25.4790625,7.64435529708862
25.4823958333333,7.64715671539307
25.4857291666667,7.64983892440796
25.4890625,7.65228271484375
25.4923958333333,7.65448808670044
25.4957291666667,7.65645503997803
25.4990625,7.65806436538696
25.5023958333333,7.65931606292725
25.5057291666667,7.66021013259888
25.5090625,7.66074657440186
25.5123958333333,7.66086578369141
25.5157291666667,7.6606273651123
25.5190625,7.65997171401978
25.5223958333333,7.65901803970337
25.5257291666667,7.65782594680786
25.5290625,7.6562762260437
25.5323958333333,7.65448808670044
25.5357291666667,7.65252113342285
25.5390625,7.65037536621094
25.5423958333333,7.6480507850647
25.5457291666667,7.64560699462891
25.5490625,7.64304399490356
25.5523958333333,7.64036178588867
25.5557291666667,7.63767957687378
25.5590625,7.63499736785889
25.5623958333333,7.63237476348877
25.5657291666667,7.62993097305298
25.5690625,7.62772560119629
25.5723958333333,7.6257586479187
25.5757291666667,7.62414932250977
25.5790625,7.62295722961426
25.5823958333333,7.62218236923218
25.5857291666667,7.62182474136353
25.5890625,7.62194395065308
25.5923958333333,7.62248039245605
25.5957291666667,7.62343406677246
25.5990625,7.62468576431274
25.6023958333333,7.62635469436646
25.6057291666667,7.62838125228882
25.6090625,7.63064622879028
25.6123958333333,7.6332688331604
25.6157291666667,7.63612985610962
25.6190625,7.63928890228271
25.6223958333333,7.64274597167969
25.6257291666667,7.64638185501099
25.6290625,7.65019655227661
25.6323958333333,7.65419006347656
25.6357291666667,7.65824317932129
25.6390625,7.66235589981079
25.6423958333333,7.66640901565552
25.6457291666667,7.67040252685547
25.6490625,7.67421722412109
25.6523958333333,7.67785310745239
25.6557291666667,7.68125057220459
25.6590625,7.68440961837769
25.6623958333333,7.6872706413269
25.6657291666667,7.68989324569702
25.6690625,7.69221782684326
25.6723958333333,7.69424438476563
25.6757291666667,7.69597291946411
25.6790625,7.69740343093872
25.6823958333333,7.69853591918945
25.6857291666667,7.69937038421631
25.6890625,7.69990682601929
25.6923958333333,7.70014524459839
25.6957291666667,7.70008563995361
25.6990625,7.69972801208496
25.7023958333333,7.69901275634766
25.7057291666667,7.69799947738647
25.7090625,7.69668817520142
25.7123958333333,7.69501924514771
25.7157291666667,7.69305229187012
25.7190625,7.69078731536865
25.7223958333333,7.68822431564331
25.7257291666667,7.68536329269409
25.7290625,7.68232345581055
25.7323958333333,7.67892599105835
25.7357291666667,7.67534971237183
25.7390625,7.67159461975098
25.7423958333333,7.66760110855103
25.7457291666667,7.66348838806152
25.7490625,7.65925645828247
25.7523958333333,7.65496492385864
25.7557291666667,7.65067338943481
25.7590625,7.64638185501099
25.7623958333333,7.64220952987671
25.7657291666667,7.63821601867676
25.7690625,7.63446092605591
25.7723958333333,7.63100385665894
25.7757291666667,7.62796401977539
25.7790625,7.62522220611572
25.7823958333333,7.62301683425903
25.7857291666667,7.621169090271
25.7890625,7.61979818344116
25.7923958333333,7.61890411376953
25.7957291666667,7.6184868812561
25.7990625,7.61842727661133
25.8023958333333,7.61878490447998
25.8057291666667,7.61944055557251
25.8090625,7.62045383453369
25.8123958333333,7.62176513671875
25.8157291666667,7.62331485748291
25.8190625,7.62516260147095
25.8223958333333,7.62718915939331
25.8257291666667,7.62933492660522
25.8290625,7.63165950775146
25.8323958333333,7.63416290283203
25.8357291666667,7.63672590255737
25.8390625,7.63934850692749
25.8423958333333,7.64203071594238
25.8457291666667,7.64471292495728
25.8490625,7.64745473861694
25.8523958333333,7.65019655227661
25.8557291666667,7.65305757522583
25.8590625,7.65591859817505
25.8623958333333,7.65895843505859
25.8657291666667,7.66211748123169
25.8690625,7.66545534133911
25.8723958333333,7.66903162002563
25.8757291666667,7.67278671264648
25.8790625,7.67678022384644
25.8823958333333,7.68101215362549
25.8857291666667,7.68536329269409
25.8890625,7.68989324569702
25.8923958333333,7.69448280334473
25.8957291666667,7.69913196563721
25.8990625,7.70378112792969
25.9023958333333,7.70843029022217
25.9057291666667,7.71301984786987
25.9090625,7.71743059158325
25.9123958333333,7.72178173065186
25.9157291666667,7.72589445114136
25.9190625,7.72970914840698
25.9223958333333,7.73328542709351
25.9257291666667,7.73650407791138
25.9290625,7.73930549621582
25.9323958333333,7.74174928665161
25.9357291666667,7.74377584457397
25.9390625,7.74532556533813
25.9423958333333,7.74651765823364
25.9457291666667,7.74729251861572
25.9490625,7.74765014648438
25.9523958333333,7.74770975112915
25.9557291666667,7.7473521232605
25.9590625,7.74675607681274
25.9623958333333,7.74586200714111
25.9657291666667,7.74478912353516
25.9690625,7.7434778213501
25.9723958333333,7.74198770523071
25.9757291666667,7.74043798446655
25.9790625,7.73882865905762
25.9823958333333,7.73710012435913
25.9857291666667,7.73537158966064
25.9890625,7.73358345031738
25.9923958333333,7.73179531097412
25.9957291666667,7.72994756698608
25.9990625,7.72804021835327
26.0023958333333,7.72619247436523
26.0057291666667,7.7243447303772
26.0090625,7.72255659103394
26.0123958333333,7.72082805633545
26.0157291666667,7.71921873092651
26.0190625,7.7177882194519
26.0223958333333,7.71647691726685
26.0257291666667,7.71522521972656
26.0290625,7.71415233612061
26.0323958333333,7.7131986618042
26.0357291666667,7.71230459213257
26.0390625,7.71152973175049
26.0423958333333,7.71087408065796
26.0457291666667,7.71027803421021
26.0490625,7.70974159240723
26.0523958333333,7.70938396453857
26.0557291666667,7.70920515060425
26.0590625,7.70914554595947
26.0623958333333,7.70926475524902
26.0657291666667,7.7095627784729
26.0690625,7.7100396156311
26.0723958333333,7.71075487136841
26.0757291666667,7.71170854568481
26.0790625,7.71284103393555
26.0823958333333,7.71427154541016
26.0857291666667,7.71600008010864
26.0890625,7.71796703338623
26.0923958333333,7.72029161453247
26.0957291666667,7.72285461425781
26.0990625,7.72577524185181
26.1023958333333,7.7289342880249
26.1057291666667,7.73227214813232
26.1090625,7.73584842681885
26.1123958333333,7.73948431015015
26.1157291666667,7.743239402771
26.1190625,7.74687528610229
26.1223958333333,7.75045156478882
26.1257291666667,7.75390863418579
26.1290625,7.75712728500366
26.1323958333333,7.76010751724243
26.1357291666667,7.7628493309021
26.1390625,7.76529312133789
26.1423958333333,7.7674388885498
26.1457291666667,7.76928663253784
26.1490625,7.77089595794678
26.1523958333333,7.77214765548706
26.1557291666667,7.77310132980347
26.1590625,7.77381658554077
26.1623958333333,7.7742338180542
26.1657291666667,7.77429342269897
26.1690625,7.77417421340942
26.1723958333333,7.77369737625122
26.1757291666667,7.77304172515869
26.1790625,7.77208805084229
26.1823958333333,7.77089595794678
26.1857291666667,7.76952505111694
26.1890625,7.76803493499756
26.1923958333333,7.76630640029907
26.1957291666667,7.76451826095581
26.1990625,7.76255130767822
26.2023958333333,7.76052474975586
26.2057291666667,7.75843858718872
26.2090625,7.75623321533203
26.2123958333333,7.75402784347534
26.2157291666667,7.75176286697388
26.2190625,7.74955749511719
26.2223958333333,7.7473521232605
26.2257291666667,7.74526596069336
26.2290625,7.743239402771
26.2323958333333,7.74133205413818
26.2357291666667,7.73966312408447
26.2390625,7.73823261260986
26.2423958333333,7.73698091506958
26.2457291666667,7.73608684539795
26.2490625,7.73543119430542
26.2523958333333,7.73513317108154
26.2557291666667,7.73513317108154
26.2590625,7.73543119430542
26.2623958333333,7.73608684539795
26.2657291666667,7.73698091506958
26.2690625,7.73811340332031
26.2723958333333,7.7396035194397
26.2757291666667,7.74139165878296
26.2790625,7.7434778213501
26.2823958333333,7.74586200714111
26.2857291666667,7.74854421615601
26.2890625,7.75158405303955
26.2923958333333,7.75492191314697
26.2957291666667,7.75861740112305
26.2990625,7.762610912323
26.3023958333333,7.76690244674683
26.3057291666667,7.77143239974976
26.3090625,7.77626037597656
26.3123958333333,7.7812671661377
26.3157291666667,7.78645277023315
26.3190625,7.79193639755249
26.3223958333333,7.79753923416138
26.3257291666667,7.80338048934937
26.3290625,7.8093409538269
26.3323958333333,7.81548023223877
26.3357291666667,7.82173871994019
26.3390625,7.82811641693115
26.3423958333333,7.83455371856689
26.3457291666667,7.84105062484741
26.3490625,7.84748792648315
26.3523958333333,7.8539252281189
26.3557291666667,7.86024332046509
26.3590625,7.86644220352173
26.3623958333333,7.87240266799927
26.3657291666667,7.87806510925293
26.3690625,7.88342952728271
26.3723958333333,7.88843631744385
26.3757291666667,7.89296627044678
26.3790625,7.89707899093628
26.3823958333333,7.9006552696228
26.3857291666667,7.9038143157959
26.3890625,7.90643692016602
26.3923958333333,7.90858268737793
26.3957291666667,7.91025161743164
26.3990625,7.9115629196167
26.4023958333333,7.91239738464355
26.4057291666667,7.91287422180176
26.4090625,7.91299343109131
26.4123958333333,7.91269540786743
26.4157291666667,7.91209936141968
26.4190625,7.91114568710327
26.4223958333333,7.90995359420776
26.4257291666667,7.90846347808838
26.4290625,7.90673494338989
26.4323958333333,7.90482759475708
26.4357291666667,7.90274143218994
26.4390625,7.90053606033325
26.4423958333333,7.89821147918701
26.4457291666667,7.895827293396
26.4490625,7.89344310760498
26.4523958333333,7.89099931716919
26.4557291666667,7.88861513137817
26.4590625,7.88617134094238
26.4623958333333,7.88378715515137
26.4657291666667,7.88146257400513
26.4690625,7.87919759750366
26.4723958333333,7.87699222564697
26.4757291666667,7.87496566772461
26.4790625,7.8730583190918
26.4823958333333,7.87132978439331
26.4857291666667,7.86983966827393
26.4890625,7.86858797073364
26.4923958333333,7.86751508712769
26.4957291666667,7.86679983139038
26.4990625,7.8662633895874
26.5023958333333,7.8660249710083
26.5057291666667,7.8660249710083
26.5090625,7.86632299423218
26.5123958333333,7.86679983139038
26.5157291666667,7.86751508712769
26.5190625,7.86840915679932
26.5223958333333,7.86954164505005
26.5257291666667,7.87079334259033
26.5290625,7.87222385406494
26.5323958333333,7.87371397018433
26.5357291666667,7.87532329559326
26.5390625,7.8769326210022
26.5423958333333,7.87860155105591
26.5457291666667,7.88021087646484
26.5490625,7.881760597229
26.5523958333333,7.88319110870361
26.5557291666667,7.8844428062439
26.5590625,7.88557529449463
26.5623958333333,7.88646936416626
26.5657291666667,7.88718461990356
26.5690625,7.88766145706177
26.5723958333333,7.88795948028564
26.5757291666667,7.88795948028564
26.5790625,7.88772106170654
26.5823958333333,7.88730382919312
26.5857291666667,7.88658857345581
26.5890625,7.88569450378418
26.5923958333333,7.88462162017822
26.5957291666667,7.88331031799316
26.5990625,7.881760597229
26.6023958333333,7.88003206253052
26.6057291666667,7.87812471389771
26.6090625,7.87609815597534
26.6123958333333,7.87383317947388
26.6157291666667,7.87150859832764
26.6190625,7.86906480789185
26.6223958333333,7.86656141281128
26.6257291666667,7.86399841308594
26.6290625,7.86149501800537
26.6323958333333,7.8589916229248
26.6357291666667,7.85660743713379
26.6390625,7.8544020652771
26.6423958333333,7.85231590270996
26.6457291666667,7.85040855407715
26.6490625,7.84879922866821
26.6523958333333,7.8473687171936
26.6557291666667,7.84623622894287
26.6590625,7.84540176391602
26.6623958333333,7.84474611282349
26.6657291666667,7.84444808959961
26.6690625,7.84432888031006
26.6723958333333,7.84450769424438
26.6757291666667,7.84492492675781
26.6790625,7.84558057785034
26.6823958333333,7.84653425216675
26.6857291666667,7.84766674041748
26.6890625,7.84903764724731
26.6923958333333,7.85058736801147
26.6957291666667,7.85231590270996
26.6990625,7.85422325134277
26.7023958333333,7.85619020462036
26.7057291666667,7.8582763671875
26.7090625,7.86030292510986
26.7123958333333,7.862389087677
26.7157291666667,7.86441564559937
26.7190625,7.86632299423218
26.7223958333333,7.86817073822021
26.7257291666667,7.8698992729187
26.7290625,7.87150859832764
26.7323958333333,7.87299871444702
26.7357291666667,7.87436962127686
26.7390625,7.87562131881714
26.7423958333333,7.87681341171265
26.7457291666667,7.87782669067383
26.7490625,7.87872076034546
26.7523958333333,7.87955522537231
26.7557291666667,7.88027048110962
26.7590625,7.88086652755737
26.7623958333333,7.88140296936035
26.7657291666667,7.88187980651855
26.7690625,7.88217782974243
26.7723958333333,7.88235664367676
26.7757291666667,7.88241624832153
26.7790625,7.88241624832153
26.7823958333333,7.88229703903198
26.7857291666667,7.88205862045288
26.7890625,7.88187980651855
26.7923958333333,7.881760597229
26.7957291666667,7.881760597229
26.7990625,7.88199901580811
26.8023958333333,7.88247585296631
26.8057291666667,7.88331031799316
26.8090625,7.88450241088867
26.8123958333333,7.88599252700806
26.8157291666667,7.88784027099609
26.8190625,7.88992643356323
26.8223958333333,7.89231061935425
26.8257291666667,7.89487361907959
26.8290625,7.89755582809448
26.8323958333333,7.90035724639893
26.8357291666667,7.90315866470337
26.8390625,7.90607929229736
26.8423958333333,7.90894031524658
26.8457291666667,7.91174173355103
26.8490625,7.91454315185547
26.8523958333333,7.91734457015991
26.8557291666667,7.9200267791748
26.8590625,7.92264938354492
26.8623958333333,7.92527198791504
26.8657291666667,7.92783498764038
26.8690625,7.93033838272095
26.8723958333333,7.93284177780151
26.8757291666667,7.93534517288208
26.8790625,7.93778896331787
26.8823958333333,7.94011354446411
26.8857291666667,7.94243812561035
26.8890625,7.94458389282227
26.8923958333333,7.94649124145508
26.8957291666667,7.94827938079834
26.8990625,7.94976949691772
26.9023958333333,7.95102119445801
26.9057291666667,7.95197486877441
26.9090625,7.95263051986694
26.9123958333333,7.9529881477356
26.9157291666667,7.95310735702515
26.9190625,7.95292854309082
26.9223958333333,7.95257091522217
26.9257291666667,7.95203447341919
26.9290625,7.95125961303711
26.9323958333333,7.95036554336548
26.9357291666667,7.94929265975952
26.9390625,7.94810056686401
26.9423958333333,7.94678926467896
26.9457291666667,7.94535875320435
26.9490625,7.94386863708496
26.9523958333333,7.94225931167603
26.9557291666667,7.94064998626709
26.9590625,7.9389214515686
26.9623958333333,7.93725252151489
26.9657291666667,7.93552398681641
26.9690625,7.93379545211792
26.9723958333333,7.93212652206421
26.9757291666667,7.93051719665527
26.9790625,7.92896747589111
26.9823958333333,7.92741775512695
26.9857291666667,7.92586803436279
26.9890625,7.92437791824341
26.9923958333333,7.92288780212402
26.9957291666667,7.92139768600464
26.9990625,7.91990756988525
27.0023958333333,7.91841745376587
27.0057291666667,7.91692733764648
27.0090625,7.91537761688232
27.0123958333333,7.91388750076294
27.0157291666667,7.91239738464355
27.0190625,7.91096687316895
27.0223958333333,7.90959596633911
27.0257291666667,7.90822505950928
27.0290625,7.90697336196899
27.0323958333333,7.90578126907349
27.0357291666667,7.90464878082275
27.0390625,7.90363550186157
27.0423958333333,7.90274143218994
27.0457291666667,7.90196657180786
27.0490625,7.90137052536011
27.0523958333333,7.9008936882019
27.0557291666667,7.90059566497803
27.0590625,7.90053606033325
27.0623958333333,7.90071487426758
27.0657291666667,7.90107250213623
27.0690625,7.90172815322876
27.0723958333333,7.90256261825562
27.0757291666667,7.90363550186157
27.0790625,7.90488719940186
27.0823958333333,7.90637731552124
27.0857291666667,7.90804624557495
27.0890625,7.90989398956299
27.0923958333333,7.9118013381958
27.0957291666667,7.91382789611816
27.0990625,7.91597366333008
27.1023958333333,7.91811943054199
27.1057291666667,7.92026519775391
27.1090625,7.92241096496582
27.1123958333333,7.92449712753296
27.1157291666667,7.92646408081055
27.1190625,7.92831182479858
27.1223958333333,7.93004035949707
27.1257291666667,7.93164968490601
27.1290625,7.93308019638062
27.1323958333333,7.93439149856567
27.1357291666667,7.93552398681641
27.1390625,7.93659687042236
27.1423958333333,7.93749094009399
27.1457291666667,7.93832540512085
27.1490625,7.93915987014771
27.1523958333333,7.93993473052979
27.1557291666667,7.94076919555664
27.1590625,7.9416036605835
27.1623958333333,7.9425573348999
27.1657291666667,7.94363021850586
27.1690625,7.94482231140137
27.1723958333333,7.9461932182312
27.1757291666667,7.94768333435059
27.1790625,7.94929265975952
27.1823958333333,7.95102119445801
27.1857291666667,7.95292854309082
27.1890625,7.95495510101318
27.1923958333333,7.95704126358032
27.1957291666667,7.95924663543701
27.1990625,7.96157121658325
27.2023958333333,7.96395540237427
27.2057291666667,7.96639919281006
27.2090625,7.96890258789063
27.2123958333333,7.97152519226074
27.2157291666667,7.97414779663086
27.2190625,7.97677040100098
27.2223958333333,7.97945261001587
27.2257291666667,7.98201560974121
27.2290625,7.98457860946655
27.2323958333333,7.98702239990234
27.2357291666667,7.98940658569336
27.2390625,7.99167156219482
27.2423958333333,7.99381732940674
27.2457291666667,7.99578428268433
27.2490625,7.99751281738281
27.2523958333333,7.9990029335022
27.2557291666667,8.00025463104248
27.2590625,8.00126791000366
27.2623958333333,8.00192356109619
27.2657291666667,8.00240039825439
27.2690625,8.00251960754395
27.2723958333333,8.00251960754395
27.2757291666667,8.00228118896484
27.2790625,8.00198316574097
27.2823958333333,8.00162553787231
27.2857291666667,8.00132751464844
27.2890625,8.00108909606934
27.2923958333333,8.00091028213501
27.2957291666667,8.00096988677979
27.2990625,8.00108909606934
27.3023958333333,8.00138711929321
27.3057291666667,8.00186395645142
27.3090625,8.00240039825439
27.3123958333333,8.00299644470215
27.3157291666667,8.00365209579468
27.3190625,8.00430774688721
27.3223958333333,8.00502300262451
27.3257291666667,8.00573825836182
27.3290625,8.00645351409912
27.3323958333333,8.0072283744812
27.3357291666667,8.00800323486328
27.3390625,8.00889730453491
27.3423958333333,8.00979137420654
27.3457291666667,8.01074504852295
27.3490625,8.01181793212891
27.3523958333333,8.01289081573486
27.3557291666667,8.0140233039856
27.3590625,8.01515579223633
27.3623958333333,8.01628828048706
27.3657291666667,8.01742076873779
27.3690625,8.01843404769897
27.3723958333333,8.01938772201538
27.3757291666667,8.02016258239746
27.3790625,8.02081823348999
27.3823958333333,8.02129507064819
27.3857291666667,8.02159309387207
27.3890625,8.02171230316162
27.3923958333333,8.02153348922729
27.3957291666667,8.02123546600342
27.3990625,8.02063941955566
27.4023958333333,8.01980495452881
27.4057291666667,8.01873207092285
27.4090625,8.01736116409302
27.4123958333333,8.01575183868408
27.4157291666667,8.01390409469604
27.4190625,8.01187753677368
27.4223958333333,8.00967216491699
27.4257291666667,8.00734758377075
27.4290625,8.00502300262451
27.4323958333333,8.00269842147827
27.4357291666667,8.00055265426636
27.4390625,7.99864530563354
27.4423958333333,7.99697637557983
27.4457291666667,7.99560546875
27.4490625,7.99459218978882
27.4523958333333,7.99399614334106
27.4557291666667,7.99369812011719
27.4590625,7.99375772476196
27.4623958333333,7.99411535263062
27.4657291666667,7.99483060836792
27.4690625,7.9958438873291
27.4723958333333,7.99709558486938
27.4757291666667,7.99858570098877
27.4790625,8.00037384033203
27.4823958333333,8.00240039825439
27.4857291666667,8.00472497940063
27.4890625,8.00728797912598
27.4923958333333,8.0101490020752
27.4957291666667,8.01324844360352
27.4990625,8.01664590835571
27.5023958333333,8.02028179168701
27.5057291666667,8.02415609359741
27.5090625,8.02820920944214
27.5123958333333,8.03244113922119
27.5157291666667,8.03673267364502
27.5190625,8.04108381271362
27.5223958333333,8.04543495178223
27.5257291666667,8.04972648620605
27.5290625,8.05389881134033
27.5323958333333,8.05795192718506
27.5357291666667,8.06182622909546
27.5390625,8.06552171707153
27.5423958333333,8.06891918182373
27.5457291666667,8.07207822799683
27.5490625,8.07493925094604
27.5523958333333,8.07750225067139
27.5557291666667,8.07982683181763
27.5590625,8.08191299438477
27.5623958333333,8.08387994766235
27.5657291666667,8.08572769165039
27.5690625,8.08757543563843
27.5723958333333,8.08936357498169
27.5757291666667,8.0912709236145
27.5790625,8.09329748153687
27.5823958333333,8.095383644104
27.5857291666667,8.09758901596069
27.5890625,8.09985399246216
27.5923958333333,8.1021785736084
27.5957291666667,8.10450315475464
27.5990625,8.10688734054565
27.6023958333333,8.10933113098145
27.6057291666667,8.11183452606201
27.6090625,8.11439752578735
27.6123958333333,8.11707973480225
27.6157291666667,8.11988115310669
27.6190625,8.12280178070068
27.6223958333333,8.12578201293945
27.6257291666667,8.128821849823
27.6290625,8.13192129135132
27.6323958333333,8.13496112823486
27.6357291666667,8.13794136047363
27.6390625,8.14062356948853
27.6423958333333,8.14306735992432
27.6457291666667,8.14515352249146
27.6490625,8.14676284790039
27.6523958333333,8.14783573150635
27.6557291666667,8.14837217330933
27.6590625,8.14831256866455
27.6623958333333,8.14765691757202
27.6657291666667,8.14640522003174
27.6690625,8.1445574760437
27.6723958333333,8.14223289489746
27.6757291666667,8.13943147659302
27.6790625,8.13627243041992
27.6823958333333,8.13275575637817
27.6857291666667,8.12900066375732
27.6890625,8.12512636184692
27.6923958333333,8.12113285064697
27.6957291666667,8.11713933944702
27.6990625,8.11326503753662
27.7023958333333,8.109450340271
27.7057291666667,8.1058144569397
27.7090625,8.1024169921875
27.7123958333333,8.0992579460144
27.7157291666667,8.09639692306519
27.7190625,8.09389352798462
27.7223958333333,8.09168815612793
27.7257291666667,8.08995962142944
27.7290625,8.08858871459961
27.7323958333333,8.0876350402832
27.7357291666667,8.08709859848022
27.7390625,8.08703899383545
27.7423958333333,8.08733701705933
27.7457291666667,8.08805227279663
27.7490625,8.08906555175781
27.7523958333333,8.09037685394287
27.7557291666667,8.09186697006226
27.7590625,8.09359550476074
27.7623958333333,8.09532403945923
27.7657291666667,8.09711217880249
27.7690625,8.09890031814575
27.7723958333333,8.10056924819946
27.7757291666667,8.10205936431885
27.7790625,8.10337066650391
27.7823958333333,8.10450315475464
27.7857291666667,8.10539722442627
27.7890625,8.10611248016357
27.7923958333333,8.10658931732178
27.7957291666667,8.10694694519043
27.7990625,8.10712575912476
27.8023958333333,8.10718536376953
27.8057291666667,8.10712575912476
27.8090625,8.10700654983521
27.8123958333333,8.10670852661133
27.8157291666667,8.1062912940979
27.8190625,8.10575485229492
27.8223958333333,8.10503959655762
27.8257291666667,8.10420513153076
27.8290625,8.10319185256958
27.8323958333333,8.10211896896362
27.8357291666667,8.10086727142334
27.8390625,8.09955596923828
27.8423958333333,8.09818506240845
27.8457291666667,8.09675455093384
27.8490625,8.09526443481445
27.8523958333333,8.09383392333984
27.8557291666667,8.09240341186523
27.8590625,8.09097290039063
27.8623958333333,8.08966159820557
27.8657291666667,8.08840990066528
27.8690625,8.08733701705933
27.8723958333333,8.0864429473877
27.8757291666667,8.08584690093994
27.8790625,8.08548927307129
27.8823958333333,8.08542966842651
27.8857291666667,8.08578729629517
27.8890625,8.0864429473877
27.8923958333333,8.08745622634888
27.8957291666667,8.08882713317871
27.8990625,8.0905556678772
27.9023958333333,8.09264183044434
27.9057291666667,8.09508562088013
27.9090625,8.09776782989502
27.9123958333333,8.10080766677856
27.9157291666667,8.10420513153076
27.9190625,8.10784101486206
27.9223958333333,8.11171531677246
27.9257291666667,8.11588764190674
27.9290625,8.12017917633057
27.9323958333333,8.12464952468872
27.9357291666667,8.12911987304688
27.9390625,8.13353061676025
27.9423958333333,8.13788175582886
27.9457291666667,8.14205408096313
27.9490625,8.14598798751831
27.9523958333333,8.14956426620483
27.9557291666667,8.15284252166748
27.9590625,8.15576314926147
27.9623958333333,8.15826654434204
27.9657291666667,8.1602931022644
27.9690625,8.16196203231812
27.9723958333333,8.1632137298584
27.9757291666667,8.16410779953003
27.9790625,8.16464424133301
27.9823958333333,8.16494226455688
27.9857291666667,8.16494226455688
27.9890625,8.16476345062256
27.9923958333333,8.16452503204346
27.9957291666667,8.16422700881958
27.9990625,8.16398859024048
28.0023958333333,8.16380977630615
28.0057291666667,8.16380977630615
28.0090625,8.16410779953003
28.0123958333333,8.16464424133301
28.0157291666667,8.16547870635986
28.0190625,8.16667079925537
28.0223958333333,8.16828012466431
28.0257291666667,8.17018747329712
28.0290625,8.17245244979858
28.0323958333333,8.17501544952393
28.0357291666667,8.17781686782837
28.0390625,8.18085670471191
28.0423958333333,8.18401575088501
28.0457291666667,8.18723440170288
28.0490625,8.1905722618103
28.0523958333333,8.19391012191772
28.0557291666667,8.19718837738037
28.0590625,8.20040702819824
28.0623958333333,8.20362567901611
28.0657291666667,8.20666551589966
28.0690625,8.20958614349365
28.0723958333333,8.21226835250854
28.0757291666667,8.21483135223389
28.0790625,8.21709632873535
28.0823958333333,8.21906328201294
28.0857291666667,8.22073221206665
28.0890625,8.22210311889648
28.0923958333333,8.22305679321289
28.0957291666667,8.22359323501587
28.0990625,8.2237720489502
28.1023958333333,8.22353363037109
28.1057291666667,8.22293758392334
28.1090625,8.22198390960693
28.1123958333333,8.22073221206665
28.1157291666667,8.21906328201294
28.1190625,8.2172155380249
28.1223958333333,8.21501016616821
28.1257291666667,8.21256637573242
28.1290625,8.20988416671753
28.1323958333333,8.20696353912354
28.1357291666667,8.20380449295044
28.1390625,8.20034742355347
28.1423958333333,8.19671154022217
28.1457291666667,8.19283723831177
28.1490625,8.18878412246704
28.1523958333333,8.18461179733276
28.1557291666667,8.18032026290894
28.1590625,8.17602872848511
28.1623958333333,8.17173719406128
28.1657291666667,8.16762447357178
28.1690625,8.1636905670166
28.1723958333333,8.15999507904053
28.1757291666667,8.15659761428833
28.1790625,8.15361738204956
28.1823958333333,8.15105438232422
28.1857291666667,8.14896821975708
28.1890625,8.14735889434814
28.1923958333333,8.14640522003174
28.1957291666667,8.14598798751831
28.1990625,8.14616680145264
28.2023958333333,8.14694166183472
28.2057291666667,8.1484317779541
28.2090625,8.15045833587646
28.2123958333333,8.15308094024658
28.2157291666667,8.15623998641968
28.2190625,8.15993547439575
28.2223958333333,8.16404819488525
28.2257291666667,8.16851854324341
28.2290625,8.17328691482544
28.2323958333333,8.17817449569702
28.2357291666667,8.18312168121338
28.2390625,8.18800926208496
28.2423958333333,8.19271802902222
28.2457291666667,8.1971287727356
28.2490625,8.20112228393555
28.2523958333333,8.20475816726685
28.2557291666667,8.20785760879517
28.2590625,8.21053981781006
28.2623958333333,8.21280479431152
28.2657291666667,8.21459293365479
28.2690625,8.21608304977417
28.2723958333333,8.2172155380249
28.2757291666667,8.21810960769653
28.2790625,8.21882486343384
28.2823958333333,8.21936130523682
28.2857291666667,8.21977853775024
28.2890625,8.22001695632935
28.2923958333333,8.2201361656189
28.2957291666667,8.22019577026367
28.2990625,8.2201361656189
28.3023958333333,8.22001695632935
28.3057291666667,8.21989774703979
28.3090625,8.21971893310547
28.3123958333333,8.21954011917114
28.3157291666667,8.21936130523682
28.3190625,8.21930170059204
28.3223958333333,8.21924209594727
28.3257291666667,8.21924209594727
28.3290625,8.21924209594727
28.3323958333333,8.21930170059204
28.3357291666667,8.21930170059204
28.3390625,8.21930170059204
28.3423958333333,8.21930170059204
28.3457291666667,8.21918249130249
28.3490625,8.21900367736816
28.3523958333333,8.21876525878906
28.3557291666667,8.21846723556519
28.3590625,8.21810960769653
28.3623958333333,8.21775197982788
28.3657291666667,8.21733474731445
28.3690625,8.2169771194458
28.3723958333333,8.21667909622192
28.3757291666667,8.21638107299805
28.3790625,8.21614265441895
28.3823958333333,8.21590423583984
28.3857291666667,8.21566581726074
28.3890625,8.21542739868164
28.3923958333333,8.21518898010254
28.3957291666667,8.21495056152344
28.3990625,8.21459293365479
28.4023958333333,8.21417570114136
28.4057291666667,8.21363925933838
28.4090625,8.21304321289063
28.4123958333333,8.21232795715332
28.4157291666667,8.21155309677124
28.4190625,8.21077823638916
28.4223958333333,8.2099437713623
28.4257291666667,8.20916891098022
28.4290625,8.20845365524292
28.4323958333333,8.20779800415039
28.4357291666667,8.20732116699219
28.4390625,8.20702314376831
28.4423958333333,8.20684432983398
28.4457291666667,8.20684432983398
28.4490625,8.20708274841309
28.4523958333333,8.20744037628174
28.4557291666667,8.20797681808472
28.4590625,8.2087516784668
28.4623958333333,8.20976495742798
28.4657291666667,8.21101665496826
28.4690625,8.21256637573242
28.4723958333333,8.21435451507568
28.4757291666667,8.2165002822876
28.4790625,8.21900367736816
28.4823958333333,8.22186470031738
28.4857291666667,8.22514295578003
28.4890625,8.22871923446655
28.4923958333333,8.23259353637695
28.4957291666667,8.23676586151123
28.4990625,8.24123620986938
28.5023958333333,8.24588537216187
28.5057291666667,8.25077295303345
28.5090625,8.25577974319458
28.5123958333333,8.26084613800049
28.5157291666667,8.26597213745117
28.5190625,8.27115774154663
28.5223958333333,8.27622413635254
28.5257291666667,8.28123092651367
28.5290625,8.28605890274048
28.5323958333333,8.29064846038818
28.5357291666667,8.29499959945679
28.5390625,8.29899311065674
28.5423958333333,8.30268859863281
28.5457291666667,8.30590724945068
28.5490625,8.30870866775513
28.5523958333333,8.31109285354614
28.5557291666667,8.31300020217896
28.5590625,8.31437110900879
28.5623958333333,8.31538438796997
28.5657291666667,8.31586122512817
28.5690625,8.3160400390625
28.5723958333333,8.3158016204834
28.5757291666667,8.31526517868042
28.5790625,8.31454992294312
28.5823958333333,8.31359624862671
28.5857291666667,8.31258296966553
28.5890625,8.31151008605957
28.5923958333333,8.31037759780884
28.5957291666667,8.30918550491333
28.5990625,8.30799341201782
28.6023958333333,8.30680131912231
28.6057291666667,8.30566883087158
28.6090625,8.30447673797607
28.6123958333333,8.30334424972534
28.6157291666667,8.30227136611938
28.6190625,8.30119848251343
28.6223958333333,8.30024480819702
28.6257291666667,8.29935073852539
28.6290625,8.29857587814331
28.6323958333333,8.29792022705078
28.6357291666667,8.29732418060303
28.6390625,8.29684734344482
28.6423958333333,8.29648971557617
28.6457291666667,8.29619169235229
28.6490625,8.29601287841797
28.6523958333333,8.29589366912842
28.6557291666667,8.29595327377319
28.6590625,8.29607248306274
28.6623958333333,8.29637050628662
28.6657291666667,8.29672813415527
28.6690625,8.29720497131348
28.6723958333333,8.29780101776123
28.6757291666667,8.29851627349854
28.6790625,8.29935073852539
28.6823958333333,8.30024480819702
28.6857291666667,8.30131769180298
28.6890625,8.30245018005371
28.6923958333333,8.30376148223877
28.6957291666667,8.30531120300293
28.6990625,8.30698013305664
28.7023958333333,8.30888748168945
28.7057291666667,8.31097364425659
28.7090625,8.31329822540283
28.7123958333333,8.31568241119385
28.7157291666667,8.31824541091919
28.7190625,8.32086801528931
28.7223958333333,8.32343101501465
28.7257291666667,8.32599401473999
28.7290625,8.32849740982056
28.7323958333333,8.33088159561157
28.7357291666667,8.33314657211304
28.7390625,8.33523273468018
28.7423958333333,8.33719968795776
28.7457291666667,8.3390474319458
28.7490625,8.34071636199951
28.7523958333333,8.3422064781189
28.7557291666667,8.34357738494873
28.7590625,8.34470987319946
28.7623958333333,8.34572315216064
28.7657291666667,8.34649801254272
28.7690625,8.34709405899048
28.7723958333333,8.34745168685913
28.7757291666667,8.34757089614868
28.7790625,8.34745168685913
28.7823958333333,8.34709405899048
28.7857291666667,8.34643840789795
28.7890625,8.34548473358154
28.7923958333333,8.34435224533081
28.7957291666667,8.34304094314575
28.7990625,8.34149122238159
28.8023958333333,8.33988189697266
28.8057291666667,8.33821296691895
28.8090625,8.33654403686523
28.8123958333333,8.3349347114563
28.8157291666667,8.33344459533691
28.8190625,8.3320140838623
28.8223958333333,8.33076238632202
28.8257291666667,8.32974910736084
28.8290625,8.32885503768921
28.8323958333333,8.32819938659668
28.8357291666667,8.32772254943848
28.8390625,8.3274245262146
28.8423958333333,8.32736492156982
28.8457291666667,8.32754373550415
28.8490625,8.32784175872803
28.8523958333333,8.32837820053101
28.8557291666667,8.32915306091309
28.8590625,8.33010673522949
28.8623958333333,8.33123922348022
28.8657291666667,8.33261013031006
28.8690625,8.33427906036377
28.8723958333333,8.33612680435181
28.8757291666667,8.33815336227417
28.8790625,8.34041833877563
28.8823958333333,8.34286212921143
28.8857291666667,8.34542512893677
28.8890625,8.34816694259644
28.8923958333333,8.35096836090088
28.8957291666667,8.35376977920532
28.8990625,8.35663080215454
28.9023958333333,8.35949182510376
28.9057291666667,8.3622932434082
28.9090625,8.36503505706787
28.9123958333333,8.36765766143799
28.9157291666667,8.37016105651855
28.9190625,8.37248563766479
28.9223958333333,8.37463140487671
28.9257291666667,8.37653875350952
28.9290625,8.37820768356323
28.9323958333333,8.37957859039307
28.9357291666667,8.3807110786438
28.9390625,8.38154554367065
28.9423958333333,8.38208198547363
28.9457291666667,8.38243961334229
28.9490625,8.38255882263184
28.9523958333333,8.38249921798706
28.9557291666667,8.38232040405273
28.9590625,8.38196277618408
28.9623958333333,8.38154554367065
28.9657291666667,8.38112831115723
28.9690625,8.3807110786438
28.9723958333333,8.38041305541992
28.9757291666667,8.38017463684082
28.9790625,8.38005542755127
28.9823958333333,8.38017463684082
28.9857291666667,8.38035345077515
28.9890625,8.3807110786438
28.9923958333333,8.38112831115723
28.9957291666667,8.38154554367065
28.9990625,8.38196277618408
29.0023958333333,8.38226079940796
29.0057291666667,8.38243961334229
29.0090625,8.38249921798706
29.0123958333333,8.38243961334229
29.0157291666667,8.38232040405273
29.0190625,8.38214159011841
29.0223958333333,8.38190317153931
29.0257291666667,8.38166475296021
29.0290625,8.38148593902588
29.0323958333333,8.38136672973633
29.0357291666667,8.38124752044678
29.0390625,8.381187915802
29.0423958333333,8.381187915802
29.0457291666667,8.381187915802
29.0490625,8.38112831115723
29.0523958333333,8.38106870651245
29.0557291666667,8.3809494972229
29.0590625,8.38077068328857
29.0623958333333,8.3804726600647
29.0657291666667,8.38005542755127
29.0690625,8.37957859039307
29.0723958333333,8.37892293930054
29.0757291666667,8.37820768356323
29.0790625,8.3773136138916
29.0823958333333,8.37641954421997
29.0857291666667,8.37546586990356
29.0890625,8.37457180023193
29.0923958333333,8.37373733520508
29.0957291666667,8.37302207946777
29.0990625,8.37254524230957
29.1023958333333,8.37236642837524
29.1057291666667,8.37248563766479
29.1090625,8.372962474823
29.1123958333333,8.37379693984985
29.1157291666667,8.37498903274536
29.1190625,8.37653875350952
29.1223958333333,8.37844610214233
29.1257291666667,8.3807110786438
29.1290625,8.38333368301392
29.1323958333333,8.38625431060791
29.1357291666667,8.38941335678101
29.1390625,8.39275121688843
29.1423958333333,8.39626789093018
29.1457291666667,8.3998441696167
29.1490625,8.40342044830322
29.1523958333333,8.4068775177002
29.1557291666667,8.41015577316284
29.1590625,8.41313600540161
29.1623958333333,8.41587781906128
29.1657291666667,8.41820240020752
29.1690625,8.42022895812988
29.1723958333333,8.42189788818359
29.1757291666667,8.42326879501343
29.1790625,8.42434167861938
29.1823958333333,8.42523574829102
29.1857291666667,8.4260106086731
29.1890625,8.4267258644104
29.1923958333333,8.42744112014771
29.1957291666667,8.42815637588501
29.1990625,8.42905044555664
29.2023958333333,8.43018293380737
29.2057291666667,8.43161344528198
29.2090625,8.43340158462524
29.2123958333333,8.43560695648193
29.2157291666667,8.43828916549683
29.2190625,8.44144821166992
29.2223958333333,8.44520330429077
29.2257291666667,8.44943523406982
29.2290625,8.45420360565186
29.2323958333333,8.45938920974731
29.2357291666667,8.4649920463562
29.2390625,8.47089290618896
29.2423958333333,8.47697257995605
29.2457291666667,8.48311185836792
29.2490625,8.48919153213501
29.2523958333333,8.49509239196777
29.2557291666667,8.50063562393188
29.2590625,8.50564241409302
29.2623958333333,8.5100531578064
29.2657291666667,8.5136890411377
29.2690625,8.51649045944214
29.2723958333333,8.51833820343018
29.2757291666667,8.51929187774658
29.2790625,8.51923227310181
29.2823958333333,8.51821899414063
29.2857291666667,8.51631164550781
29.2890625,8.51362943649292
29.2923958333333,8.51023197174072
29.2957291666667,8.50623846054077
29.2990625,8.50182771682739
29.3023958333333,8.49711894989014
29.3057291666667,8.49223136901855
29.3090625,8.48722457885742
29.3123958333333,8.48233699798584
29.3157291666667,8.47750902175903
29.3190625,8.4729790687561
29.3223958333333,8.46868753433228
29.3257291666667,8.4647536277771
29.3290625,8.46129655838013
29.3323958333333,8.45825672149658
29.3357291666667,8.45575332641602
29.3390625,8.45378637313843
29.3423958333333,8.45241546630859
29.3457291666667,8.45164060592651
29.3490625,8.45146179199219
29.3523958333333,8.45181941986084
29.3557291666667,8.4526538848877
29.3590625,8.45396518707275
29.3623958333333,8.45569372177124
29.3657291666667,8.45766067504883
29.3690625,8.45992565155029
29.3723958333333,8.46230983734131
29.3757291666667,8.46481323242188
29.3790625,8.46737623214722
29.3823958333333,8.46987962722778
29.3857291666667,8.47238302230835
29.3890625,8.47488641738892
29.3923958333333,8.47727060317993
29.3957291666667,8.47965478897095
29.3990625,8.48191976547241
29.4023958333333,8.48418474197388
29.4057291666667,8.48633050918579
29.4090625,8.48847627639771
29.4123958333333,8.49050283432007
29.4157291666667,8.49241018295288
29.4190625,8.49431753158569
29.4223958333333,8.49610567092896
29.4257291666667,8.49783420562744
29.4290625,8.49950313568115
29.4323958333333,8.50117206573486
29.4357291666667,8.50284099578857
29.4390625,8.50445032119751
29.4423958333333,8.50611925125122
29.4457291666667,8.50784778594971
29.4490625,8.50963592529297
29.4523958333333,8.51142406463623
29.4557291666667,8.51327180862427
29.4590625,8.51517915725708
29.4623958333333,8.51714611053467
29.4657291666667,8.51905345916748
29.4690625,8.52102041244507
29.4723958333333,8.52298736572266
29.4757291666667,8.52489471435547
29.4790625,8.52680206298828
29.4823958333333,8.52870941162109
29.4857291666667,8.53055715560913
29.4890625,8.53234529495239
29.4923958333333,8.53407382965088
29.4957291666667,8.53574275970459
29.4990625,8.53735208511353
29.5023958333333,8.53890180587769
29.5057291666667,8.54033231735229
29.5090625,8.5417628288269
29.5123958333333,8.54313373565674
29.5157291666667,8.54450464248657
29.5190625,8.54581594467163
29.5223958333333,8.54718685150146
29.5257291666667,8.5485577583313
29.5290625,8.54998826980591
29.5323958333333,8.55141878128052
29.5357291666667,8.5529088973999
29.5390625,8.55433940887451
29.5423958333333,8.5558295249939
29.5457291666667,8.55720043182373
29.5490625,8.55851173400879
29.5523958333333,8.5597038269043
29.5557291666667,8.56077671051025
29.5590625,8.56167078018188
29.5623958333333,8.56244564056396
29.5657291666667,8.56304168701172
29.5690625,8.56345891952515
29.5723958333333,8.56375694274902
29.5757291666667,8.56393575668335
29.5790625,8.56399536132813
29.5823958333333,8.56399536132813
29.5857291666667,8.56387615203857
29.5890625,8.56369733810425
29.5923958333333,8.56345891952515
29.5957291666667,8.56310129165649
29.5990625,8.56256484985352
29.6023958333333,8.56196880340576
29.6057291666667,8.56119394302368
29.6090625,8.56029987335205
29.6123958333333,8.55916738510132
29.6157291666667,8.55791568756104
29.6190625,8.55642557144165
29.6223958333333,8.55481624603271
29.6257291666667,8.55302810668945
29.6290625,8.55112075805664
29.6323958333333,8.54915380477905
29.6357291666667,8.54718685150146
29.6390625,8.5451602935791
29.6423958333333,8.54325294494629
29.6457291666667,8.5415244102478
29.6490625,8.53991508483887
29.6523958333333,8.53854417800903
29.6557291666667,8.5374116897583
29.6590625,8.53651762008667
29.6623958333333,8.53586196899414
29.6657291666667,8.53550434112549
29.6690625,8.53544473648071
29.6723958333333,8.53562355041504
29.6757291666667,8.53610038757324
29.6790625,8.53681564331055
29.6823958333333,8.53782892227173
29.6857291666667,8.53908061981201
29.6890625,8.54051113128662
29.6923958333333,8.54218006134033
29.6957291666667,8.54402780532837
29.6990625,8.54599475860596
29.7023958333333,8.5480809211731
29.7057291666667,8.55022668838501
29.7090625,8.5524320602417
29.7123958333333,8.55475664138794
29.7157291666667,8.55714082717896
29.7190625,8.55964422225952
29.7223958333333,8.56214761734009
29.7257291666667,8.56477022171021
29.7290625,8.56739282608032
29.7323958333333,8.57007503509521
29.7357291666667,8.57275724411011
29.7390625,8.575439453125
29.7423958333333,8.57806205749512
29.7457291666667,8.58068466186523
29.7490625,8.5831880569458
29.7523958333333,8.58563184738159
29.7557291666667,8.58789682388306
29.7590625,8.59010219573975
29.7623958333333,8.59224796295166
29.7657291666667,8.59421491622925
29.7690625,8.59612226486206
29.7723958333333,8.5979700088501
29.7757291666667,8.59975814819336
29.7790625,8.6016058921814
29.7823958333333,8.60345363616943
29.7857291666667,8.60536098480225
29.7890625,8.60744714736938
29.7923958333333,8.60965251922607
29.7957291666667,8.61203670501709
29.7990625,8.61454010009766
29.8023958333333,8.61728191375732
29.8057291666667,8.62014293670654
29.8090625,8.62318277359009
29.8123958333333,8.62640142440796
29.8157291666667,8.62967967987061
29.8190625,8.6330771446228
29.8223958333333,8.63653421401978
29.8257291666667,8.63999128341675
29.8290625,8.6435079574585
29.8323958333333,8.64690542221069
29.8357291666667,8.65018367767334
29.8390625,8.65328311920166
29.8423958333333,8.65620374679565
29.8457291666667,8.65882635116577
29.8490625,8.66115093231201
29.8523958333333,8.66305828094482
29.8557291666667,8.66448879241943
29.8590625,8.66550207138062
29.8623958333333,8.66597890853882
29.8657291666667,8.66603851318359
29.8690625,8.66550207138062
29.8723958333333,8.66454839706421
29.8757291666667,8.6631178855896
29.8790625,8.66127014160156
29.8823958333333,8.65906476974487
29.8857291666667,8.65656137466431
29.8890625,8.65387916564941
29.8923958333333,8.6510181427002
29.8957291666667,8.64803791046143
29.8990625,8.64505767822266
29.9023958333333,8.64213705062866
29.9057291666667,8.63927602767944
29.9090625,8.63653421401978
29.9123958333333,8.63391160964966
29.9157291666667,8.63134860992432
29.9190625,8.6289644241333
29.9223958333333,8.62663984298706
29.9257291666667,8.62449407577515
29.9290625,8.62240791320801
29.9323958333333,8.62044095993042
29.9357291666667,8.61865282058716
29.9390625,8.61704349517822
29.9423958333333,8.61567258834839
29.9457291666667,8.61454010009766
29.9490625,8.61358642578125
29.9523958333333,8.61293077468872
29.9557291666667,8.61251354217529
29.9590625,8.61227512359619
29.9623958333333,8.61221551895142
29.9657291666667,8.61233472824097
29.9690625,8.61257314682007
29.9723958333333,8.61293077468872
29.9757291666667,8.61340761184692
29.9790625,8.61400365829468
29.9823958333333,8.61471891403198
29.9857291666667,8.61555337905884
29.9890625,8.61650705337524
29.9923958333333,8.61763954162598
29.9957291666667,8.61883163452148
29.9990625,8.62014293670654
30.0023958333333,8.62151384353638
30.0057291666667,8.62294435501099
30.0090625,8.62443447113037
30.0123958333333,8.62592458724976
30.0157291666667,8.62753391265869
30.0190625,8.62926244735718
30.0223958333333,8.63105058670044
30.0257291666667,8.6330771446228
30.0290625,8.63522291183472
30.0323958333333,8.63766670227051
30.0357291666667,8.64028930664063
30.0390625,8.64309072494507
30.0423958333333,8.64607095718384
30.0457291666667,8.64917039871216
30.0490625,8.65238904953003
30.0523958333333,8.65566730499268
30.0557291666667,8.65894556045532
30.0590625,8.66228342056274
30.0623958333333,8.66562128067017
30.0657291666667,8.66895914077759
30.0690625,8.67223739624023
30.0723958333333,8.67551565170288
30.0757291666667,8.67879390716553
30.0790625,8.68195295333862
30.0823958333333,8.68499279022217
30.0857291666667,8.68791341781616
30.0890625,8.69059562683105
30.0923958333333,8.69303941726685
30.0957291666667,8.69512557983398
30.0990625,8.69685411453247
30.1023958333333,8.6982250213623
30.1057291666667,8.69923830032349
30.1090625,8.69983434677124
30.1123958333333,8.70007276535034
30.1157291666667,8.69995355606079
30.1190625,8.69953632354736
30.1223958333333,8.69888067245483
30.1257291666667,8.6979866027832
30.1290625,8.69697332382202
30.1323958333333,8.69578123092651
30.1357291666667,8.69446992874146
30.1390625,8.69309902191162
30.1423958333333,8.69166851043701
30.1457291666667,8.6902379989624
30.1490625,8.68874788284302
30.1523958333333,8.68731737136841
30.1557291666667,8.68594646453857
30.1590625,8.68463516235352
30.1623958333333,8.68350267410278
30.1657291666667,8.68242979049683
30.1690625,8.68159532546997
30.1723958333333,8.68088006973267
30.1757291666667,8.68034362792969
30.1790625,8.67986679077148
30.1823958333333,8.67956876754761
30.1857291666667,8.67933034896851
30.1890625,8.67921113967896
30.1923958333333,8.67921113967896
30.1957291666667,8.67933034896851
30.1990625,8.67950916290283
30.2023958333333,8.67986679077148
30.2057291666667,8.68034362792969
30.2090625,8.68082046508789
30.2123958333333,8.68141651153564
30.2157291666667,8.68195295333862
30.2190625,8.6824893951416
30.2223958333333,8.68290662765503
30.2257291666667,8.68314504623413
30.2290625,8.68326425552368
30.2323958333333,8.68320465087891
30.2357291666667,8.6829662322998
30.2390625,8.68254899978638
30.2423958333333,8.68195295333862
30.2457291666667,8.68123769760132
30.2490625,8.68046283721924
30.2523958333333,8.67956876754761
30.2557291666667,8.6786150932312
30.2590625,8.67766141891479
30.2623958333333,8.67664813995361
30.2657291666667,8.67563486099243
30.2690625,8.67462158203125
30.2723958333333,8.67366790771484
30.2757291666667,8.67283344268799
30.2790625,8.67211818695068
30.2823958333333,8.67158174514771
30.2857291666667,8.67122411727905
30.2890625,8.6711049079895
30.2923958333333,8.67128372192383
30.2957291666667,8.67176055908203
30.2990625,8.67247581481934
30.3023958333333,8.67342948913574
30.3057291666667,8.67462158203125
30.3090625,8.67599248886108
30.3123958333333,8.67754220962524
30.3157291666667,8.67921113967896
30.3190625,8.68093967437744
30.3223958333333,8.68266820907593
30.3257291666667,8.68439674377441
30.3290625,8.68606567382813
30.3323958333333,8.68755578994751
30.3357291666667,8.68892669677734
30.3390625,8.69011878967285
30.3423958333333,8.69113206863403
30.3457291666667,8.69184732437134
30.3490625,8.69232416152954
30.3523958333333,8.69262218475342
30.3557291666667,8.69268178939819
30.3590625,8.69262218475342
30.3623958333333,8.69238376617432
30.3657291666667,8.69214534759521
30.3690625,8.69178771972656
30.3723958333333,8.69154930114746
30.3757291666667,8.69131088256836
30.3790625,8.69119167327881
30.3823958333333,8.69125127792358
30.3857291666667,8.69143009185791
30.3890625,8.69178771972656
30.3923958333333,8.69232416152954
30.3957291666667,8.69297981262207
30.3990625,8.69381427764893
30.4023958333333,8.69482755661011
30.4057291666667,8.69596004486084
30.4090625,8.6972713470459
30.4123958333333,8.69870185852051
30.4157291666667,8.70037078857422
30.4190625,8.70209932327271
30.4223958333333,8.70400667190552
30.4257291666667,8.70603322982788
30.4290625,8.70811939239502
30.4323958333333,8.71032476425171
30.4357291666667,8.71258974075317
30.4390625,8.71485471725464
30.4423958333333,8.71723890304565
30.4457291666667,8.71962308883667
30.4490625,8.72206687927246
30.4523958333333,8.7246298789978
30.4557291666667,8.7273120880127
30.4590625,8.73005390167236
30.4623958333333,8.73297452926636
30.4657291666667,8.73595476150513
30.4690625,8.73899459838867
30.4723958333333,8.74209403991699
30.4757291666667,8.74525308609009
30.4790625,8.74847173690796
30.4823958333333,8.75163078308105
30.4857291666667,8.75484943389893
30.4890625,8.75800848007202
30.4923958333333,8.76122713088989
30.4957291666667,8.76450538635254
30.4990625,8.76772403717041
30.5023958333333,8.77100229263306
30.5057291666667,8.77422094345093
30.5090625,8.77737998962402
30.5123958333333,8.78041982650757
30.5157291666667,8.78322124481201
30.5190625,8.78584384918213
30.5223958333333,8.78816843032837
30.5257291666667,8.79013538360596
30.5290625,8.79174470901489
30.5323958333333,8.7929368019104
30.5357291666667,8.79377126693726
30.5390625,8.79418849945068
30.5423958333333,8.79424810409546
30.5457291666667,8.79400968551636
30.5490625,8.79347324371338
30.5523958333333,8.79275798797607
30.5557291666667,8.79186391830444
30.5590625,8.79079103469849
30.5623958333333,8.78965854644775
30.5657291666667,8.78840684890747
30.5690625,8.78715515136719
30.5723958333333,8.78584384918213
30.5757291666667,8.78459215164185
30.5790625,8.78328084945679
30.5823958333333,8.78196954727173
30.5857291666667,8.78071784973145
30.5890625,8.77952575683594
30.5923958333333,8.77845287322998
30.5957291666667,8.7774395942688
30.5990625,8.77666473388672
30.6023958333333,8.77600908279419
30.6057291666667,8.77559185028076
30.6090625,8.77541303634644
30.6123958333333,8.77541303634644
30.6157291666667,8.77559185028076
30.6190625,8.77600908279419
30.6223958333333,8.77660512924194
30.6257291666667,8.77732038497925
30.6290625,8.7781548500061
30.6323958333333,8.77910852432251
30.6357291666667,8.78012180328369
30.6390625,8.78119468688965
30.6423958333333,8.78232717514038
30.6457291666667,8.78351926803589
30.6490625,8.78465175628662
30.6523958333333,8.78578424453735
30.6557291666667,8.78685712814331
30.6590625,8.78793001174927
30.6623958333333,8.78888368606567
30.6657291666667,8.7897777557373
30.6690625,8.79067182540894
30.6723958333333,8.79150629043579
30.6757291666667,8.7924599647522
30.6790625,8.79347324371338
30.6823958333333,8.79460573196411
30.6857291666667,8.79591703414917
30.6890625,8.79740715026855
30.6923958333333,8.79913568496704
30.6957291666667,8.80104303359985
30.6990625,8.80312919616699
30.7023958333333,8.80533456802368
30.7057291666667,8.80765914916992
30.7090625,8.81010293960571
30.7123958333333,8.81260633468628
30.7157291666667,8.81510972976685
30.7190625,8.81767272949219
30.7223958333333,8.8202953338623
30.7257291666667,8.82291793823242
30.7290625,8.82560014724731
30.7323958333333,8.82834196090698
30.7357291666667,8.8312029838562
30.7390625,8.8341236114502
30.7423958333333,8.83710384368896
30.7457291666667,8.84020328521729
30.7490625,8.84336233139038
30.7523958333333,8.84652137756348
30.7557291666667,8.84974002838135
30.7590625,8.85295867919922
30.7623958333333,8.85617733001709
30.7657291666667,8.85939598083496
30.7690625,8.86261463165283
30.7723958333333,8.86577367782593
30.7757291666667,8.86881351470947
30.7790625,8.87179374694824
30.7823958333333,8.87459516525269
30.7857291666667,8.87715816497803
30.7890625,8.87948274612427
30.7923958333333,8.88144969940186
30.7957291666667,8.88311862945557
30.7990625,8.88442993164063
30.8023958333333,8.88538360595703
30.8057291666667,8.88597965240479
30.8090625,8.88621807098389
30.8123958333333,8.88609886169434
30.8157291666667,8.88574123382568
30.8190625,8.88508558273315
30.8223958333333,8.88419151306152
30.8257291666667,8.88305902481079
30.8290625,8.88174772262573
30.8323958333333,8.88031721115112
30.8357291666667,8.87870788574219
30.8390625,8.87709856033325
30.8423958333333,8.87542963027954
30.8457291666667,8.87382030487061
30.8490625,8.87233018875122
30.8523958333333,8.87095928192139
30.8557291666667,8.86976718902588
30.8590625,8.8687539100647
30.8623958333333,8.86797904968262
30.8657291666667,8.86744260787964
30.8690625,8.86720418930054
30.8723958333333,8.86714458465576
30.8757291666667,8.86726379394531
30.8790625,8.86762142181396
30.8823958333333,8.86815786361694
30.8857291666667,8.8687539100647
30.8890625,8.869469165802
30.8923958333333,8.87030363082886
30.8957291666667,8.87107849121094
30.8990625,8.87191295623779
30.9023958333333,8.87274742126465
30.9057291666667,8.8735818862915
30.9090625,8.87441635131836
30.9123958333333,8.87525081634521
30.9157291666667,8.87602567672729
30.9190625,8.87680053710938
30.9223958333333,8.8774561882019
30.9257291666667,8.87811183929443
30.9290625,8.87858867645264
30.9323958333333,8.87900590896606
30.9357291666667,8.87924432754517
30.9390625,8.87936353683472
30.9423958333333,8.87942314147949
30.9457291666667,8.87936353683472
30.9490625,8.87930393218994
30.9523958333333,8.87918472290039
30.9557291666667,8.87918472290039
30.9590625,8.87918472290039
30.9623958333333,8.87930393218994
30.9657291666667,8.87942314147949
30.9690625,8.87954235076904
30.9723958333333,8.87966156005859
30.9757291666667,8.87978076934814
30.9790625,8.87972116470337
30.9823958333333,8.87960195541382
30.9857291666667,8.87930393218994
30.9890625,8.87882709503174
30.9923958333333,8.87829065322876
30.9957291666667,8.87757539749146
30.9990625,8.87686014175415
31.0023958333333,8.87602567672729
31.0057291666667,8.87525081634521
31.0090625,8.87453556060791
31.0123958333333,8.87382030487061
31.0157291666667,8.87328386306763
31.0190625,8.8728666305542
31.0223958333333,8.87256860733032
31.0257291666667,8.87244939804077
31.0290625,8.87250900268555
31.0323958333333,8.87274742126465
31.0357291666667,8.87322425842285
31.0390625,8.87382030487061
31.0423958333333,8.87453556060791
31.0457291666667,8.87542963027954
31.0490625,8.8765025138855
31.0523958333333,8.87757539749146
31.0557291666667,8.87882709503174
31.0590625,8.88007879257202
31.0623958333333,8.88144969940186
31.0657291666667,8.88288021087646
31.0690625,8.88437032699585
31.0723958333333,8.88603925704956
31.0757291666667,8.8878870010376
31.0790625,8.88991355895996
31.0823958333333,8.89211893081665
31.0857291666667,8.89456272125244
31.0890625,8.89724493026733
31.0923958333333,8.90010595321655
31.0957291666667,8.9031457901001
31.0990625,8.90636444091797
31.1023958333333,8.90976190567017
31.1057291666667,8.91315937042236
31.1090625,8.91661643981934
31.1123958333333,8.92001390457153
31.1157291666667,8.92335176467896
31.1190625,8.92645120620728
31.1223958333333,8.92937183380127
31.1257291666667,8.93193483352661
31.1290625,8.9341402053833
31.1323958333333,8.93592834472656
31.1357291666667,8.93723964691162
31.1390625,8.93819332122803
31.1423958333333,8.93867015838623
31.1457291666667,8.93878936767578
31.1490625,8.93861055374146
31.1523958333333,8.93807411193848
31.1557291666667,8.93723964691162
31.1590625,8.93628597259521
31.1623958333333,8.93509387969971
31.1657291666667,8.93384218215942
31.1690625,8.93241167068481
31.1723958333333,8.93092155456543
31.1757291666667,8.92937183380127
31.1790625,8.92776250839233
31.1823958333333,8.92609357833862
31.1857291666667,8.92436504364014
31.1890625,8.92263650894165
31.1923958333333,8.92090797424316
31.1957291666667,8.91923904418945
31.1990625,8.91757011413574
31.2023958333333,8.91602039337158
31.2057291666667,8.91458988189697
31.2090625,8.91327857971191
31.2123958333333,8.91214609146118
31.2157291666667,8.91119241714478
31.2190625,8.91053676605225
31.2223958333333,8.91017913818359
31.2257291666667,8.91005992889404
31.2290625,8.91023874282837
31.2323958333333,8.91071557998657
31.2357291666667,8.91149044036865
31.2390625,8.91250371932983
31.2423958333333,8.91381502151489
31.2457291666667,8.91530513763428
31.2490625,8.91703367233276
31.2523958333333,8.91894102096558
31.2557291666667,8.92096757888794
31.2590625,8.92311334609985
31.2623958333333,8.92537832260132
31.2657291666667,8.92770290374756
31.2690625,8.9300274848938
31.2723958333333,8.93247127532959
31.2757291666667,8.93485546112061
31.2790625,8.93723964691162
31.2823958333333,8.93956422805786
31.2857291666667,8.94182920455933
31.2890625,8.94403457641602
31.2923958333333,8.9460015296936
31.2957291666667,8.94778966903687
31.2990625,8.94927978515625
31.3023958333333,8.95053148269653
31.3057291666667,8.95142555236816
31.3090625,8.95202159881592
31.3123958333333,8.95226001739502
31.3157291666667,8.95220041275024
31.3190625,8.95184278488159
31.3223958333333,8.95124673843384
31.3257291666667,8.95041227340698
31.3290625,8.94945859909058
31.3323958333333,8.94832611083984
31.3357291666667,8.94713401794434
31.3390625,8.94588232040405
31.3423958333333,8.94469022750854
31.3457291666667,8.94349813461304
31.3490625,8.9423656463623
31.3523958333333,8.94135236740112
31.3557291666667,8.94051790237427
31.3590625,8.93980264663696
31.3623958333333,8.93932580947876
31.3657291666667,8.93902778625488
31.3690625,8.93896818161011
31.3723958333333,8.93908739089966
31.3757291666667,8.93944501876831
31.3790625,8.93992185592651
31.3823958333333,8.94063711166382
31.3857291666667,8.9414119720459
31.3890625,8.9423656463623
31.3923958333333,8.94337892532349
31.3957291666667,8.94451141357422
31.3990625,8.94564390182495
31.4023958333333,8.94683599472046
31.4057291666667,8.94814729690552
31.4090625,8.94951820373535
31.4123958333333,8.95100831985474
31.4157291666667,8.95261764526367
31.4190625,8.95446538925171
31.4223958333333,8.95649194717407
31.4257291666667,8.95887613296509
31.4290625,8.96155834197998
31.4323958333333,8.96459817886353
31.4357291666667,8.96811485290527
31.4390625,8.97204875946045
31.4423958333333,8.9765191078186
31.4457291666667,8.98140668869019
31.4490625,8.9867115020752
31.4523958333333,8.99243354797363
31.4557291666667,8.99851322174072
31.4590625,9.00483131408691
31.4623958333333,9.01126861572266
31.4657291666667,9.0177059173584
31.4690625,9.02408361434937
31.4723958333333,9.03022289276123
31.4757291666667,9.03594493865967
31.4790625,9.0411901473999
31.4823958333333,9.04583930969238
31.4857291666667,9.04977321624756
31.4890625,9.05287265777588
31.4923958333333,9.05507802963257
31.4957291666667,9.0564489364624
31.4990625,9.05680656433105
31.5023958333333,9.05627012252808
31.5057291666667,9.05489921569824
31.5090625,9.05275344848633
31.5123958333333,9.04983282089233
31.5157291666667,9.04637575149536
31.5190625,9.04250144958496
31.5223958333333,9.03820991516113
31.5257291666667,9.0336799621582
31.5290625,9.0290904045105
31.5323958333333,9.02450084686279
31.5357291666667,9.02003049850464
31.5390625,9.01573896408081
31.5423958333333,9.01186466217041
31.5457291666667,9.00828838348389
31.5490625,9.00524854660034
31.5523958333333,9.002685546875
31.5557291666667,9.00059938430786
31.5590625,8.9990496635437
31.5623958333333,8.99803638458252
31.5657291666667,8.99744033813477
31.5690625,8.99738073348999
31.5723958333333,8.99773836135864
31.5757291666667,8.99845361709595
31.5790625,8.99946689605713
31.5823958333333,9.00083780288696
31.5857291666667,9.0024471282959
31.5890625,9.00429487228394
31.5923958333333,9.00626182556152
31.5957291666667,9.00834798812866
31.5990625,9.01049375534058
31.6023958333333,9.01269912719727
31.6057291666667,9.01502370834351
31.6090625,9.01728868484497
31.6123958333333,9.01961326599121
31.6157291666667,9.02199745178223
31.6190625,9.02432203292847
31.6223958333333,9.02670621871948
31.6257291666667,9.02897119522095
31.6290625,9.03123617172241
31.6323958333333,9.03338193893433
31.6357291666667,9.03534889221191
31.6390625,9.03719663619995
31.6423958333333,9.03886556625366
31.6457291666667,9.04029607772827
31.6490625,9.04154777526855
31.6523958333333,9.04256105422974
31.6557291666667,9.04345512390137
31.6590625,9.04417037963867
31.6623958333333,9.04476642608643
31.6657291666667,9.04518365859985
31.6690625,9.04554128646851
31.6723958333333,9.04572010040283
31.6757291666667,9.04583930969238
31.6790625,9.04583930969238
31.6823958333333,9.04572010040283
31.6857291666667,9.04548168182373
31.6890625,9.04518365859985
31.6923958333333,9.04476642608643
31.6957291666667,9.04422998428345
31.6990625,9.04369354248047
31.7023958333333,9.04315710067749
31.7057291666667,9.04262065887451
31.7090625,9.04226303100586
31.7123958333333,9.04202461242676
31.7157291666667,9.04190540313721
31.7190625,9.04202461242676
31.7223958333333,9.04226303100586
31.7257291666667,9.04262065887451
31.7290625,9.04315710067749
31.7323958333333,9.04375314712524
31.7357291666667,9.044349193573
31.7390625,9.04500484466553
31.7423958333333,9.04560089111328
31.7457291666667,9.04619693756104
31.7490625,9.04667377471924
31.7523958333333,9.04715061187744
31.7557291666667,9.04756784439087
31.7590625,9.04786586761475
31.7623958333333,9.04804468154907
31.7657291666667,9.04816389083862
31.7690625,9.04816389083862
31.7723958333333,9.0479850769043
31.7757291666667,9.04768705368042
31.7790625,9.04732942581177
31.7823958333333,9.04679298400879
31.7857291666667,9.04619693756104
31.7890625,9.04548168182373
31.7923958333333,9.04476642608643
31.7957291666667,9.04393196105957
31.7990625,9.04315710067749
31.8023958333333,9.04232263565063
31.8057291666667,9.04148817062378
31.8090625,9.04065370559692
31.8123958333333,9.03987884521484
31.8157291666667,9.03922319412231
31.8190625,9.03868675231934
31.8223958333333,9.03832912445068
31.8257291666667,9.03820991516113
31.8290625,9.03832912445068
31.8323958333333,9.03874635696411
31.8357291666667,9.03946161270142
31.8390625,9.0404748916626
31.8423958333333,9.04178619384766
31.8457291666667,9.04339551925659
31.8490625,9.04524326324463
31.8523958333333,9.04732942581177
31.8557291666667,9.04959440231323
31.8590625,9.05203819274902
31.8623958333333,9.05466079711914
31.8657291666667,9.05740261077881
31.8690625,9.06026363372803
31.8723958333333,9.06330347061157
31.8757291666667,9.06634330749512
31.8790625,9.06950235366821
31.8823958333333,9.07260179519653
31.8857291666667,9.07564163208008
31.8890625,9.07856225967407
31.8923958333333,9.08130407333374
31.8957291666667,9.08386707305908
31.8990625,9.08619165420532
31.9023958333333,9.08815860748291
31.9057291666667,9.08982753753662
31.9090625,9.0910792350769
31.9123958333333,9.09185409545898
31.9157291666667,9.09221172332764
31.9190625,9.09203290939331
31.9223958333333,9.09131765365601
31.9257291666667,9.09006595611572
31.9290625,9.08833742141724
31.9323958333333,9.08613204956055
31.9357291666667,9.08356904983521
31.9390625,9.08064842224121
31.9423958333333,9.07760858535767
31.9457291666667,9.07438993453979
31.9490625,9.07117128372192
31.9523958333333,9.06801223754883
31.9557291666667,9.06497240066528
31.9590625,9.06205177307129
31.9623958333333,9.05930995941162
31.9657291666667,9.05674695968628
31.9690625,9.05448198318481
31.9723958333333,9.05251502990723
31.9757291666667,9.05084609985352
31.9790625,9.04953479766846
31.9823958333333,9.04852151870728
31.9857291666667,9.04786586761475
31.9890625,9.04756784439087
31.9923958333333,9.04762744903564
31.9957291666667,9.04792547225952
31.9990625,9.0484619140625
32.0023958333333,9.0491771697998
32.0057291666667,9.05007123947144
32.0090625,9.05108451843262
32.0123958333333,9.05221700668335
32.0157291666667,9.05328989028931
32.0190625,9.05448198318481
32.0223958333333,9.05561447143555
32.0257291666667,9.0566873550415
32.0290625,9.05770063400269
32.0323958333333,9.05865430831909
32.0357291666667,9.05948877334595
32.0390625,9.06020402908325
32.0423958333333,9.06080007553101
32.0457291666667,9.06133651733398
32.0490625,9.06175374984741
32.0523958333333,9.06217098236084
32.0557291666667,9.06252861022949
32.0590625,9.06288623809814
32.0623958333333,9.06330347061157
32.0657291666667,9.063720703125
32.0690625,9.06425714492798
32.0723958333333,9.06491279602051
32.0757291666667,9.06568765640259
32.0790625,9.06658172607422
32.0823958333333,9.06765460968018
32.0857291666667,9.06890630722046
32.0890625,9.07033681869507
32.0923958333333,9.071946144104
32.0957291666667,9.07373428344727
32.0990625,9.07564163208008
32.1023958333333,9.07766819000244
32.1057291666667,9.07987356185913
32.1090625,9.08225774765015
32.1123958333333,9.08476114273071
32.1157291666667,9.08738374710083
32.1190625,9.09018516540527
32.1223958333333,9.09310579299927
32.1257291666667,9.09608602523804
32.1290625,9.09918546676636
32.1323958333333,9.1022253036499
32.1357291666667,9.10526514053345
32.1390625,9.10818576812744
32.1423958333333,9.11086797714233
32.1457291666667,9.11343097686768
32.1490625,9.11569595336914
32.1523958333333,9.11766290664673
32.1557291666667,9.11939144134521
32.1590625,9.1208815574646
32.1623958333333,9.12213325500488
32.1657291666667,9.12308692932129
32.1690625,9.12386178970337
32.1723958333333,9.12439823150635
32.1757291666667,9.124755859375
32.1790625,9.1249942779541
32.1823958333333,9.1249942779541
32.1857291666667,9.1249942779541
32.1890625,9.12487506866455
32.1923958333333,9.124755859375
32.1957291666667,9.12463665008545
32.1990625,9.12457704544067
32.2023958333333,9.12463665008545
32.2057291666667,9.124755859375
32.2090625,9.12505388259888
32.2123958333333,9.1254711151123
32.2157291666667,9.12600755691528
32.2190625,9.12672281265259
32.2223958333333,9.12761688232422
32.2257291666667,9.1286301612854
32.2290625,9.12988185882568
32.2323958333333,9.13119316101074
32.2357291666667,9.1327428817749
32.2390625,9.13441181182861
32.2423958333333,9.13619995117188
32.2457291666667,9.13804769515991
32.2490625,9.13995504379272
32.2523958333333,9.14186239242554
32.2557291666667,9.14376974105835
32.2590625,9.14561748504639
32.2623958333333,9.14734601974487
32.2657291666667,9.14901494979858
32.2690625,9.15056467056274
32.2723958333333,9.15199518203735
32.2757291666667,9.15330648422241
32.2790625,9.15461778640747
32.2823958333333,9.15586948394775
32.2857291666667,9.15706157684326
32.2890625,9.15825366973877
32.2923958333333,9.15944576263428
32.2957291666667,9.16063785552979
32.2990625,9.16182994842529
32.3023958333333,9.1630220413208
32.3057291666667,9.16409492492676
32.3090625,9.16510820388794
32.3123958333333,9.16606187820435
32.3157291666667,9.16683673858643
32.3190625,9.16749238967896
32.3223958333333,9.16790962219238
32.3257291666667,9.16814804077148
32.3290625,9.16814804077148
32.3323958333333,9.16796922683716
32.3357291666667,9.16749238967896
32.3390625,9.16683673858643
32.3423958333333,9.16600227355957
32.3457291666667,9.16498899459839
32.3490625,9.16391611099243
32.3523958333333,9.1627836227417
32.3557291666667,9.16165113449097
32.3590625,9.16051864624023
32.3623958333333,9.15950536727905
32.3657291666667,9.15861129760742
32.3690625,9.15789604187012
32.3723958333333,9.15729999542236
32.3757291666667,9.15688276290894
32.3790625,9.15670394897461
32.3823958333333,9.15670394897461
32.3857291666667,9.15694236755371
32.3890625,9.15729999542236
32.3923958333333,9.15795564651489
32.3957291666667,9.15873050689697
32.3990625,9.15968418121338
32.4023958333333,9.16075706481934
32.4057291666667,9.16194915771484
32.4090625,9.1632604598999
32.4123958333333,9.16457176208496
32.4157291666667,9.16600227355957
32.4190625,9.16743278503418
32.4223958333333,9.16898250579834
32.4257291666667,9.17059183120728
32.4290625,9.17226076126099
32.4323958333333,9.17404890060425
32.4357291666667,9.17589664459229
32.4390625,9.17786359786987
32.4423958333333,9.17983055114746
32.4457291666667,9.18179750442505
32.4490625,9.18382406234741
32.4523958333333,9.18573141098022
32.4557291666667,9.18757915496826
32.4590625,9.18936729431152
32.4623958333333,9.19103622436523
32.4657291666667,9.19264554977417
32.4690625,9.19413566589355
32.4723958333333,9.19556617736816
32.4757291666667,9.19687747955322
32.4790625,9.19806957244873
32.4823958333333,9.19908285140991
32.4857291666667,9.20003652572632
32.4890625,9.2008113861084
32.4923958333333,9.20140743255615
32.4957291666667,9.20182466506958
32.4990625,9.20212268829346
32.5023958333333,9.20230150222778
32.5057291666667,9.20236110687256
32.5090625,9.20236110687256
32.5123958333333,9.20236110687256
32.5157291666667,9.20242071151733
32.5190625,9.20253992080688
32.5223958333333,9.20277833938599
32.5257291666667,9.20319557189941
32.5290625,9.20379161834717
32.5323958333333,9.20462608337402
32.5357291666667,9.20575857162476
32.5390625,9.20712947845459
32.5423958333333,9.2087984085083
32.5457291666667,9.21082496643066
32.5490625,9.2131495475769
32.5523958333333,9.2158317565918
32.5557291666667,9.21875238418579
32.5590625,9.22191143035889
32.5623958333333,9.22536849975586
32.5657291666667,9.22894477844238
32.5690625,9.23269987106323
32.5723958333333,9.23657417297363
32.5757291666667,9.24050807952881
32.5790625,9.24444198608398
32.5823958333333,9.24837589263916
32.5857291666667,9.25219058990479
32.5890625,9.25594568252563
32.5923958333333,9.25946235656738
32.5957291666667,9.26274061203003
32.5990625,9.26578044891357
32.6023958333333,9.26858186721802
32.6057291666667,9.27102565765381
32.6090625,9.27317142486572
32.6123958333333,9.27501916885376
32.6157291666667,9.27668809890747
32.6190625,9.27811861038208
32.6223958333333,9.27931070327759
32.6257291666667,9.28032398223877
32.6290625,9.2812180519104
32.6323958333333,9.28193330764771
32.6357291666667,9.28246974945068
32.6390625,9.28288698196411
32.6423958333333,9.28312540054321
32.6457291666667,9.28318500518799
32.6490625,9.28306579589844
32.6523958333333,9.28276777267456
32.6557291666667,9.28235054016113
32.6590625,9.28175449371338
32.6623958333333,9.28109884262085
32.6657291666667,9.28044319152832
32.6690625,9.27972793579102
32.6723958333333,9.27907228469849
32.6757291666667,9.27841663360596
32.6790625,9.27788019180298
32.6823958333333,9.27740335464478
32.6857291666667,9.27704572677612
32.6890625,9.27674770355225
32.6923958333333,9.27650928497314
32.6957291666667,9.27639007568359
32.6990625,9.27639007568359
32.7023958333333,9.27650928497314
32.7057291666667,9.27674770355225
32.7090625,9.2771053314209
32.7123958333333,9.27764177322388
32.7157291666667,9.27829742431641
32.7190625,9.27901268005371
32.7223958333333,9.27984714508057
32.7257291666667,9.28062200546265
32.7290625,9.28139686584473
32.7323958333333,9.28205251693726
32.7357291666667,9.28264856338501
32.7390625,9.28318500518799
32.7423958333333,9.28360223770142
32.7457291666667,9.28395986557007
32.7490625,9.28419828414917
32.7523958333333,9.28431749343872
32.7557291666667,9.28431749343872
32.7590625,9.28413867950439
32.7623958333333,9.28372144699097
32.7657291666667,9.28306579589844
32.7690625,9.28199291229248
32.7723958333333,9.2805027961731
32.7757291666667,9.27859544754028
32.7790625,9.27627086639404
32.7823958333333,9.27352905273438
32.7857291666667,9.27037000656128
32.7890625,9.26691293716431
32.7923958333333,9.26309823989868
32.7957291666667,9.25910472869873
32.7990625,9.25493240356445
32.8023958333333,9.25064086914063
32.8057291666667,9.24617052078247
32.8090625,9.24175977706909
32.8123958333333,9.23728942871094
32.8157291666667,9.23287868499756
32.8190625,9.22864675521851
32.8223958333333,9.22465324401855
32.8257291666667,9.22089815139771
32.8290625,9.21744108200073
32.8323958333333,9.21440124511719
32.8357291666667,9.21177864074707
32.8390625,9.20957326889038
32.8423958333333,9.20772552490234
32.8457291666667,9.20635461807251
32.8490625,9.20528173446655
32.8523958333333,9.20462608337402
32.8557291666667,9.20432806015015
32.8590625,9.20432806015015
32.8623958333333,9.2046856880188
32.8657291666667,9.2054009437561
32.8690625,9.20641422271729
32.8723958333333,9.20772552490234
32.8757291666667,9.20933485031128
32.8790625,9.21118259429932
32.8823958333333,9.21338796615601
32.8857291666667,9.21577215194702
32.8890625,9.21845436096191
32.8923958333333,9.22131538391113
32.8957291666667,9.22441482543945
32.8990625,9.2276930809021
32.9023958333333,9.2310905456543
32.9057291666667,9.23460721969604
32.9090625,9.23818349838257
32.9123958333333,9.24181938171387
32.9157291666667,9.24545526504517
32.9190625,9.24903154373169
32.9223958333333,9.25254821777344
32.9257291666667,9.25600528717041
32.9290625,9.25934314727783
32.9323958333333,9.26268100738525
32.9357291666667,9.2659592628479
32.9390625,9.26917791366577
32.9423958333333,9.27233695983887
32.9457291666667,9.27549600601196
32.9490625,9.27859544754028
32.9523958333333,9.28163528442383
32.9557291666667,9.28467512130737
32.9590625,9.28759574890137
32.9623958333333,9.29051637649536
32.9657291666667,9.2933177947998
32.9690625,9.29605960845947
32.9723958333333,9.29868221282959
32.9757291666667,9.30130481719971
32.9790625,9.30380821228027
32.9823958333333,9.30619239807129
32.9857291666667,9.30851697921753
32.9890625,9.31078195571899
32.9923958333333,9.31292772293091
32.9957291666667,9.31501388549805
32.9990625,9.31698083877563
33.0023958333333,9.31882858276367
33.0057291666667,9.32061672210693
33.0090625,9.32228565216064
33.0123958333333,9.3238353729248
33.0157291666667,9.32526588439941
33.0190625,9.32657718658447
33.0223958333333,9.32776927947998
33.0257291666667,9.32890176773071
33.0290625,9.32991504669189
33.0323958333333,9.33080911636353
33.0357291666667,9.33170318603516
33.0390625,9.33247804641724
33.0423958333333,9.33331251144409
33.0457291666667,9.33414697647095
33.0490625,9.33504104614258
33.0523958333333,9.33599472045898
33.0557291666667,9.33700799942017
33.0590625,9.33808088302612
33.0623958333333,9.33927297592163
33.0657291666667,9.34052467346191
33.0690625,9.34189558029175
33.0723958333333,9.34338569641113
33.0757291666667,9.34493541717529
33.0790625,9.346604347229
33.0823958333333,9.34845209121704
33.0857291666667,9.35041904449463
33.0890625,9.35256481170654
33.0923958333333,9.35482978820801
33.0957291666667,9.35721397399902
33.0990625,9.35971736907959
33.1023958333333,9.36233997344971
33.1057291666667,9.36496257781982
33.1090625,9.36752557754517
33.1123958333333,9.37002897262573
33.1157291666667,9.37241315841675
33.1190625,9.37455892562866
33.1223958333333,9.37646627426147
33.1257291666667,9.37807559967041
33.1290625,9.37932729721069
33.1323958333333,9.38022136688232
33.1357291666667,9.38081741333008
33.1390625,9.3809962272644
33.1423958333333,9.38093662261963
33.1457291666667,9.38045978546143
33.1490625,9.37968492507935
33.1523958333333,9.37861204147339
33.1557291666667,9.37724113464355
33.1590625,9.37557220458984
33.1623958333333,9.37366485595703
33.1657291666667,9.37151908874512
33.1690625,9.36925411224365
33.1723958333333,9.36686992645264
33.1757291666667,9.36442613601685
33.1790625,9.36192274093628
33.1823958333333,9.35947895050049
33.1857291666667,9.35709476470947
33.1890625,9.35477018356323
33.1923958333333,9.35256481170654
33.1957291666667,9.35053825378418
33.1990625,9.34869050979614
33.2023958333333,9.34702157974243
33.2057291666667,9.3456506729126
33.2090625,9.34457778930664
33.2123958333333,9.34392213821411
33.2157291666667,9.34362411499023
33.2190625,9.34374332427979
33.2223958333333,9.34427976608276
33.2257291666667,9.34529304504395
33.2290625,9.34672355651855
33.2323958333333,9.34863090515137
33.2357291666667,9.35095548629761
33.2390625,9.3536376953125
33.2423958333333,9.35661792755127
33.2457291666667,9.35995578765869
33.2490625,9.36353206634521
33.2523958333333,9.36728715896606
33.2557291666667,9.37128067016602
33.2590625,9.37539339065552
33.2623958333333,9.37962532043457
33.2657291666667,9.38385725021362
33.2690625,9.38808917999268
33.2723958333333,9.39226150512695
33.2757291666667,9.39637422561646
33.2790625,9.40024852752686
33.2823958333333,9.40394401550293
33.2857291666667,9.4074010848999
33.2890625,9.41061973571777
33.2923958333333,9.41354036331177
33.2957291666667,9.41622257232666
33.2990625,9.41866636276245
33.3023958333333,9.42093133926392
33.3057291666667,9.42301750183105
33.3090625,9.42504405975342
33.3123958333333,9.42689180374146
33.3157291666667,9.42867994308472
33.3190625,9.4304084777832
33.3223958333333,9.43201780319214
33.3257291666667,9.4335675239563
33.3290625,9.43505764007568
33.3323958333333,9.43648815155029
33.3357291666667,9.4379186630249
33.3390625,9.43922996520996
33.3423958333333,9.44060087203979
33.3457291666667,9.4420313835144
33.3490625,9.44346189498901
33.3523958333333,9.4449520111084
33.3557291666667,9.44650173187256
33.3590625,9.44811105728149
33.3623958333333,9.44972038269043
33.3657291666667,9.45144891738892
33.3690625,9.4531774520874
33.3723958333333,9.45496559143066
33.3757291666667,9.45669412612915
33.3790625,9.45848226547241
33.3823958333333,9.46015119552612
33.3857291666667,9.46182012557983
33.3890625,9.46336984634399
33.3923958333333,9.46474075317383
33.3957291666667,9.46593284606934
33.3990625,9.46694612503052
33.4023958333333,9.46766138076782
33.4057291666667,9.46813821792603
33.4090625,9.46831703186035
33.4123958333333,9.46813821792603
33.4157291666667,9.46766138076782
33.4190625,9.46682691574097
33.4223958333333,9.46563482284546
33.4257291666667,9.46414470672607
33.4290625,9.46229696273804
33.4323958333333,9.46015119552612
33.4357291666667,9.45770740509033
33.4390625,9.45496559143066
33.4423958333333,9.45192575454712
33.4457291666667,9.44864749908447
33.4490625,9.4451904296875
33.4523958333333,9.44143533706665
33.4557291666667,9.43756103515625
33.4590625,9.43350791931152
33.4623958333333,9.42933559417725
33.4657291666667,9.42510366439819
33.4690625,9.42081212997437
33.4723958333333,9.41652059555054
33.4757291666667,9.41228866577148
33.4790625,9.40811634063721
33.4823958333333,9.40406322479248
33.4857291666667,9.40024852752686
33.4890625,9.39655303955078
33.4923958333333,9.39315557479858
33.4957291666667,9.38999652862549
33.4990625,9.38719511032104
33.5023958333333,9.38469171524048
33.5057291666667,9.38260555267334
33.5090625,9.38093662261963
33.5123958333333,9.37968492507935
33.5157291666667,9.37891006469727
33.5190625,9.37861204147339
33.5223958333333,9.37879085540771
33.5257291666667,9.37944650650024
33.5290625,9.38063859939575
33.5323958333333,9.38242673873901
33.5357291666667,9.38469171524048
33.5390625,9.3875527381897
33.5423958333333,9.39095020294189
33.5457291666667,9.39494371414185
33.5490625,9.39953327178955
33.5523958333333,9.40471887588501
33.5557291666667,9.41044092178345
33.5590625,9.41675901412964
33.5623958333333,9.42361354827881
33.5657291666667,9.43094491958618
33.5690625,9.43881273269653
33.5723958333333,9.44715738296509
33.5757291666667,9.45603847503662
33.5790625,9.46533679962158
33.5823958333333,9.47517156600952
33.5857291666667,9.48560237884521
33.5890625,9.49651002883911
33.5923958333333,9.50795412063599
33.5957291666667,9.51993465423584
33.5990625,9.53245162963867
33.6023958333333,9.54544544219971
33.6057291666667,9.55897569656372
33.6090625,9.57286357879639
33.6123958333333,9.58710908889771
33.6157291666667,9.60171222686768
33.6190625,9.61661338806152
33.6223958333333,9.63187217712402
33.6257291666667,9.64748859405518
33.6290625,9.66346263885498
33.6323958333333,9.67979431152344
33.6357291666667,9.69642400741577
33.6390625,9.71335172653198
33.6423958333333,9.73057746887207
33.6457291666667,9.74798202514648
33.6490625,9.76556539535522
33.6523958333333,9.78314876556396
33.6557291666667,9.80073213577271
33.6590625,9.81813669204712
33.6623958333333,9.83536243438721
33.6657291666667,9.85229015350342
33.6690625,9.8688006401062
33.6723958333333,9.88483428955078
33.6757291666667,9.90033149719238
33.6790625,9.91523265838623
33.6823958333333,9.92941856384277
33.6857291666667,9.94282960891724
33.6890625,9.95546579360962
33.6923958333333,9.96732711791992
33.6957291666667,9.97829437255859
33.6990625,9.98842716217041
33.7023958333333,9.9976658821106
33.7057291666667,10.0058913230896
33.7090625,10.0131630897522
33.7123958333333,10.0193619728088
33.7157291666667,10.0245475769043
33.7190625,10.028600692749
33.7223958333333,10.0315809249878
33.7257291666667,10.0334882736206
33.7290625,10.0343227386475
33.7323958333333,10.0340843200684
33.7357291666667,10.0328326225281
33.7390625,10.0305676460266
33.7423958333333,10.0274085998535
33.7457291666667,10.023295879364
33.7490625,10.0182890892029
33.7523958333333,10.0125074386597
33.7557291666667,10.0059509277344
33.7590625,9.99867916107178
33.7623958333333,9.99081134796143
33.7657291666667,9.98234748840332
33.7690625,9.97346639633179
33.7723958333333,9.9642276763916
33.7757291666667,9.95463132858276
33.7790625,9.94491577148438
33.7823958333333,9.93502140045166
33.7857291666667,9.92500782012939
33.7890625,9.9150538444519
33.7923958333333,9.90509986877441
33.7957291666667,9.89526510238647
33.7990625,9.88560914993286
33.8023958333333,9.8760724067688
33.8057291666667,9.86677408218384
33.8090625,9.8576545715332
33.8123958333333,9.84871387481689
33.8157291666667,9.84007120132446
33.8190625,9.83172655105591
33.8223958333333,9.82362031936646
33.8257291666667,9.81587171554565
33.8290625,9.80854034423828
33.8323958333333,9.80150699615479
33.8357291666667,9.79495048522949
33.8390625,9.7888708114624
33.8423958333333,9.78320837020874
33.8457291666667,9.77796316146851
33.8490625,9.77319478988647
33.8523958333333,9.7687840461731
33.8557291666667,9.76467132568359
33.8590625,9.76091623306274
33.8623958333333,9.757399559021
33.8657291666667,9.75406169891357
33.8690625,9.75090265274048
33.8723958333333,9.74792242050171
33.8757291666667,9.74494218826294
33.8790625,9.74196195602417
33.8823958333333,9.73892211914063
33.8857291666667,9.7358226776123
33.8890625,9.73254442214966
33.8923958333333,9.72908735275269
33.8957291666667,9.72533226013184
33.8990625,9.72133874893188
33.9023958333333,9.71704721450806
33.9057291666667,9.71251726150513
33.9090625,9.7077488899231
33.9123958333333,9.70286130905151
33.9157291666667,9.69791412353516
33.9190625,9.69290733337402
33.9223958333333,9.68796014785767
33.9257291666667,9.68313217163086
33.9290625,9.67848300933838
33.9323958333333,9.674072265625
33.9357291666667,9.66984033584595
33.9390625,9.66590642929077
33.9423958333333,9.6622109413147
33.9457291666667,9.65875387191772
33.9490625,9.65553522109985
33.9523958333333,9.65261459350586
33.9557291666667,9.64999198913574
33.9590625,9.64772701263428
33.9623958333333,9.64576005935669
33.9657291666667,9.64415073394775
33.9690625,9.64289903640747
33.9723958333333,9.64200496673584
33.9757291666667,9.64146852493286
33.9790625,9.64117050170898
33.9823958333333,9.64117050170898
33.9857291666667,9.64140892028809
33.9890625,9.64176654815674
33.9923958333333,9.64224338531494
33.9957291666667,9.64289903640747
33.9990625,9.64367389678955
34.0023958333333,9.64450836181641
34.0057291666667,9.64546203613281
34.0090625,9.64659452438354
34.0123958333333,9.64784622192383
34.0157291666667,9.64927673339844
34.0190625,9.65088605880737
34.0223958333333,9.65267419815063
34.0257291666667,9.65464115142822
34.0290625,9.65678691864014
34.0323958333333,9.65899229049683
34.0357291666667,9.66131687164307
34.0390625,9.66370105743408
34.0423958333333,9.66602563858032
34.0457291666667,9.66823101043701
34.0490625,9.67031717300415
34.0523958333333,9.67216491699219
34.0557291666667,9.67377424240112
34.0590625,9.67514514923096
34.0623958333333,9.67621803283691
34.0657291666667,9.67699289321899
34.0690625,9.67752933502197
34.0723958333333,9.67782735824585
34.0757291666667,9.6779465675354
34.0790625,9.6779465675354
34.0823958333333,9.67788696289063
34.0857291666667,9.67776775360107
34.0890625,9.67758893966675
34.0923958333333,9.67741012573242
34.0957291666667,9.6772313117981
34.0990625,9.67705249786377
34.1023958333333,9.67687368392944
34.1057291666667,9.67663526535034
34.1090625,9.67639684677124
34.1123958333333,9.67615842819214
34.1157291666667,9.67586040496826
34.1190625,9.67568159103394
34.1223958333333,9.67550277709961
34.1257291666667,9.67544317245483
34.1290625,9.67544317245483
34.1323958333333,9.67562198638916
34.1357291666667,9.67586040496826
34.1390625,9.67621803283691
34.1423958333333,9.67675447463989
34.1457291666667,9.67741012573242
34.1490625,9.6781849861145
34.1523958333333,9.67901945114136
34.1557291666667,9.68003273010254
34.1590625,9.6811056137085
34.1623958333333,9.68223810195923
34.1657291666667,9.68348979949951
34.1690625,9.68474149703979
34.1723958333333,9.68605279922485
34.1757291666667,9.68736410140991
34.1790625,9.68867540359497
34.1823958333333,9.68998670578003
34.1857291666667,9.69123840332031
34.1890625,9.69254970550537
34.1923958333333,9.69374179840088
34.1957291666667,9.69493389129639
34.1990625,9.69606637954712
34.2023958333333,9.69702005386353
34.2057291666667,9.69791412353516
34.2090625,9.69868898391724
34.2123958333333,9.69922542572021
34.2157291666667,9.69964265823364
34.2190625,9.69982147216797
34.2223958333333,9.69994068145752
34.2257291666667,9.69988107681274
34.2290625,9.69970226287842
34.2323958333333,9.69940423965454
34.2357291666667,9.69910621643066
34.2390625,9.69868898391724
34.2423958333333,9.69827175140381
34.2457291666667,9.69779491424561
34.2490625,9.69725847244263
34.2523958333333,9.69666242599487
34.2557291666667,9.69612598419189
34.2590625,9.69552993774414
34.2623958333333,9.69493389129639
34.2657291666667,9.69433784484863
34.2690625,9.69380140304565
34.2723958333333,9.69326496124268
34.2757291666667,9.69278812408447
34.2790625,9.69231128692627
34.2823958333333,9.69195365905762
34.2857291666667,9.69153642654419
34.2890625,9.69123840332031
34.2923958333333,9.69105958938599
34.2957291666667,9.69088077545166
34.2990625,9.69088077545166
34.3023958333333,9.69094038009644
34.3057291666667,9.69111919403076
34.3090625,9.69135761260986
34.3123958333333,9.69171524047852
34.3157291666667,9.69201326370239
34.3190625,9.69231128692627
34.3223958333333,9.69243049621582
34.3257291666667,9.69243049621582
34.3290625,9.69225168228149
34.3323958333333,9.69183444976807
34.3357291666667,9.69123840332031
34.3390625,9.69046354293823
34.3423958333333,9.6895694732666
34.3457291666667,9.68855619430542
34.3490625,9.68748331069946
34.3523958333333,9.68641042709351
34.3557291666667,9.68533754348755
34.3590625,9.68420505523682
34.3623958333333,9.68313217163086
34.3657291666667,9.68199968338013
34.3690625,9.68086719512939
34.3723958333333,9.67967510223389
34.3757291666667,9.6784234046936
34.3790625,9.67711210250854
34.3823958333333,9.67580080032349
34.3857291666667,9.67442989349365
34.3890625,9.67311859130859
34.3923958333333,9.67186689376831
34.3957291666667,9.67073440551758
34.3990625,9.66966152191162
34.4023958333333,9.66870784759521
34.4057291666667,9.66793298721313
34.4090625,9.66727733612061
34.4123958333333,9.66686010360718
34.4157291666667,9.66650247573853
34.4190625,9.66638326644897
34.4223958333333,9.66644287109375
34.4257291666667,9.66668128967285
34.4290625,9.66709852218628
34.4323958333333,9.66769456863403
34.4357291666667,9.66840982437134
34.4390625,9.66924428939819
34.4423958333333,9.67007875442505
34.4457291666667,9.67097282409668
34.4490625,9.67186689376831
34.4523958333333,9.67270135879517
34.4557291666667,9.67347621917725
34.4590625,9.67419147491455
34.4623958333333,9.6747875213623
34.4657291666667,9.67538356781006
34.4690625,9.67597961425781
34.4723958333333,9.67651605606079
34.4757291666667,9.67711210250854
34.4790625,9.6777081489563
34.4823958333333,9.67830419540405
34.4857291666667,9.67884063720703
34.4890625,9.67931747436523
34.4923958333333,9.67967510223389
34.4957291666667,9.67991352081299
34.4990625,9.67997312545776
34.5023958333333,9.67979431152344
34.5057291666667,9.67943668365479
34.5090625,9.67878103256226
34.5123958333333,9.67788696289063
34.5157291666667,9.67675447463989
34.5190625,9.67544317245483
34.5223958333333,9.67389345169067
34.5257291666667,9.67216491699219
34.5290625,9.67025756835938
34.5323958333333,9.66823101043701
34.5357291666667,9.6660852432251
34.5390625,9.66387987136841
34.5423958333333,9.66161489486694
34.5457291666667,9.6592903137207
34.5490625,9.65696573257446
34.5523958333333,9.654700756073
34.5557291666667,9.65249538421631
34.5590625,9.65040922164917
34.5623958333333,9.64850187301636
34.5657291666667,9.64677333831787
34.5690625,9.64528322219849
34.5723958333333,9.64409112930298
34.5757291666667,9.64319705963135
34.5790625,9.64260101318359
34.5823958333333,9.64242219924927
34.5857291666667,9.64260101318359
34.5890625,9.64319705963135
34.5923958333333,9.64409112930298
34.5957291666667,9.64546203613281
34.5990625,9.64713096618652
34.6023958333333,9.64909791946411
34.6057291666667,9.65136289596558
34.6090625,9.65398550033569
34.6123958333333,9.65678691864014
34.6157291666667,9.65982675552368
34.6190625,9.66298580169678
34.6223958333333,9.66638326644897
34.6257291666667,9.66984033584595
34.6290625,9.6733570098877
34.6323958333333,9.67693328857422
34.6357291666667,9.68050956726074
34.6390625,9.68408584594727
34.6423958333333,9.68766212463379
34.6457291666667,9.69123840332031
34.6490625,9.69475507736206
34.6523958333333,9.69827175140381
34.6557291666667,9.70172882080078
34.6590625,9.70512628555298
34.6623958333333,9.70852375030518
34.6657291666667,9.71192121505737
34.6690625,9.71537828445435
34.6723958333333,9.71883535385132
34.6757291666667,9.72229242324829
34.6790625,9.72586870193481
34.6823958333333,9.72944498062134
34.6857291666667,9.73308086395264
34.6890625,9.73671674728394
34.6923958333333,9.74041223526001
34.6957291666667,9.74404811859131
34.6990625,9.74762439727783
34.7023958333333,9.75114107131958
34.7057291666667,9.75459814071655
34.7090625,9.75793600082397
34.7123958333333,9.76115465164185
34.7157291666667,9.76425409317017
34.7190625,9.76729393005371
34.7223958333333,9.77021455764771
34.7257291666667,9.7731351852417
34.7290625,9.77605581283569
34.7323958333333,9.77897644042969
34.7357291666667,9.78201627731323
34.7390625,9.78511571884155
34.7423958333333,9.78851318359375
34.7457291666667,9.79214906692505
34.7490625,9.79626178741455
34.7523958333333,9.80097055435181
34.7557291666667,9.80645418167114
34.7590625,9.81283187866211
34.7623958333333,9.82046127319336
34.7657291666667,9.82946157455444
34.7690625,9.84025001525879
34.7723958333333,9.8530650138855
34.7757291666667,9.86814498901367
34.7790625,9.88572835922241
34.7823958333333,9.90617275238037
34.7857291666667,9.92947816848755
34.7890625,9.95588302612305
34.7923958333333,9.98532772064209
34.7957291666667,10.0176930427551
34.7990625,10.0528597831726
34.8023958333333,10.0904107093811
34.8057291666667,10.1298689842224
34.8090625,10.1707577705383
34.8123958333333,10.2124214172363
34.8157291666667,10.2540254592896
34.8190625,10.2947354316711
34.8223958333333,10.333776473999
34.8257291666667,10.3702545166016
34.8290625,10.4033350944519
34.8323958333333,10.432243347168
34.8357291666667,10.4562640190125
34.8390625,10.4748606681824
34.8423958333333,10.4875564575195
34.8457291666667,10.4941129684448
34.8490625,10.4944109916687
34.8523958333333,10.4885101318359
34.8557291666667,10.4766488075256
34.8590625,10.4592442512512
34.8623958333333,10.4368329048157
34.8657291666667,10.409951210022
34.8690625,10.379433631897
34.8723958333333,10.3460550308228
34.8757291666667,10.3105306625366
34.8790625,10.2737545967102
34.8823958333333,10.236382484436
34.8857291666667,10.1991295814514
34.8890625,10.1625919342041
34.8923958333333,10.1273059844971
34.8957291666667,10.0936889648438
34.8990625,10.0620985031128
34.9023958333333,10.0328326225281
34.9057291666667,10.0060701370239
34.9090625,9.98193025588989
34.9123958333333,9.96047258377075
34.9157291666667,9.94175672531128
34.9190625,9.9257230758667
34.9223958333333,9.91219282150269
34.9257291666667,9.90122556686401
34.9290625,9.89246368408203
34.9323958333333,9.88590717315674
34.9357291666667,9.88119840621948
34.9390625,9.87821817398071
34.9423958333333,9.87672805786133
34.9457291666667,9.87660884857178
34.9490625,9.87750291824341
34.9523958333333,9.87935066223145
34.9557291666667,9.88197326660156
34.9590625,9.88525152206421
34.9623958333333,9.88894701004028
34.9657291666667,9.89294052124023
34.9690625,9.89723205566406
34.9723958333333,9.90164279937744
34.9757291666667,9.9061131477356
34.9790625,9.91052389144897
34.9823958333333,9.9148154258728
34.9857291666667,9.9189281463623
34.9890625,9.92268323898315
34.9923958333333,9.92614030838013
34.9957291666667,9.92918014526367
34.9990625,9.93180274963379
35.0023958333333,9.93400812149048
35.0057291666667,9.93567705154419
35.0090625,9.93692874908447
35.0123958333333,9.93764400482178
35.0157291666667,9.93794202804565
35.0190625,9.93770360946655
35.0223958333333,9.93704795837402
35.0257291666667,9.93597507476807
35.0290625,9.93448495864868
35.0323958333333,9.93257761001587
35.0357291666667,9.9303126335144
35.0390625,9.92774963378906
35.0423958333333,9.92500782012939
35.0457291666667,9.9220871925354
35.0490625,9.91904735565186
35.0523958333333,9.91594791412354
35.0557291666667,9.91290807723999
35.0590625,9.90992784500122
35.0623958333333,9.90712642669678
35.0657291666667,9.90438461303711
35.0690625,9.90176200866699
35.0723958333333,9.8993182182312
35.0757291666667,9.89699363708496
35.0790625,9.89478826522827
35.0823958333333,9.89270210266113
35.0857291666667,9.89079475402832
35.0890625,9.88906621932983
35.0923958333333,9.88751649856567
35.0957291666667,9.88614559173584
35.0990625,9.88501310348511
35.1023958333333,9.8840594291687
35.1057291666667,9.8833441734314
35.1090625,9.88274812698364
35.1123958333333,9.88239049911499
35.1157291666667,9.88209247589111
35.1190625,9.88197326660156
35.1223958333333,9.88191366195679
35.1257291666667,9.88191366195679
35.1290625,9.88197326660156
35.1323958333333,9.88209247589111
35.1357291666667,9.88233089447021
35.1390625,9.88262891769409
35.1423958333333,9.88298654556274
35.1457291666667,9.88346338272095
35.1490625,9.8840594291687
35.1523958333333,9.88477468490601
35.1557291666667,9.88560914993286
35.1590625,9.88650321960449
35.1623958333333,9.88751649856567
35.1657291666667,9.88858938217163
35.1690625,9.88972187042236
35.1723958333333,9.8908543586731
35.1757291666667,9.8920464515686
35.1790625,9.89317893981934
35.1823958333333,9.89431142807007
35.1857291666667,9.8954439163208
35.1890625,9.89645719528198
35.1923958333333,9.89741086959839
35.1957291666667,9.89824533462524
35.1990625,9.89896059036255
35.2023958333333,9.8995566368103
35.2057291666667,9.89997386932373
35.2090625,9.90033149719238
35.2123958333333,9.90056991577148
35.2157291666667,9.90062952041626
35.2190625,9.90062952041626
35.2223958333333,9.90051031112671
35.2257291666667,9.90027189254761
35.2290625,9.89997386932373
35.2323958333333,9.89961624145508
35.2357291666667,9.89919900894165
35.2390625,9.89872217178345
35.2423958333333,9.89824533462524
35.2457291666667,9.89782810211182
35.2490625,9.89741086959839
35.2523958333333,9.89705324172974
35.2557291666667,9.89675521850586
35.2590625,9.89657640457153
35.2623958333333,9.89645719528198
35.2657291666667,9.89639759063721
35.2690625,9.89639759063721
35.2723958333333,9.89645719528198
35.2757291666667,9.89645719528198
35.2790625,9.89651679992676
35.2823958333333,9.89657640457153
35.2857291666667,9.89657640457153
35.2890625,9.89663600921631
35.2923958333333,9.89669561386108
35.2957291666667,9.89675521850586
35.2990625,9.89681482315063
35.3023958333333,9.89687442779541
35.3057291666667,9.89699363708496
35.3090625,9.89705324172974
35.3123958333333,9.89711284637451
35.3157291666667,9.89711284637451
35.3190625,9.89711284637451
35.3223958333333,9.89711284637451
35.3257291666667,9.89711284637451
35.3290625,9.89705324172974
35.3323958333333,9.89705324172974
35.3357291666667,9.89711284637451
35.3390625,9.89717245101929
35.3423958333333,9.89723205566406
35.3457291666667,9.89735126495361
35.3490625,9.89753007888794
35.3523958333333,9.89770889282227
35.3557291666667,9.89794731140137
35.3590625,9.89824533462524
35.3623958333333,9.89854335784912
35.3657291666667,9.898841381073
35.3690625,9.89919900894165
35.3723958333333,9.89961624145508
35.3757291666667,9.90009307861328
35.3790625,9.90062952041626
35.3823958333333,9.90122556686401
35.3857291666667,9.90188121795654
35.3890625,9.90265607833862
35.3923958333333,9.90349054336548
35.3957291666667,9.90444421768188
35.3990625,9.90539789199829
35.4023958333333,9.9063515663147
35.4057291666667,9.9073052406311
35.4090625,9.90819931030273
35.4123958333333,9.90897417068481
35.4157291666667,9.90968942642212
35.4190625,9.91028547286987
35.4223958333333,9.9107027053833
35.4257291666667,9.91111993789673
35.4290625,9.91141796112061
35.4323958333333,9.91165637969971
35.4357291666667,9.91189479827881
35.4390625,9.91219282150269
35.4423958333333,9.91249084472656
35.4457291666667,9.91284847259521
35.4490625,9.91326570510864
35.4523958333333,9.91380214691162
35.4557291666667,9.91445779800415
35.4590625,9.91517305374146
35.4623958333333,9.91600751876831
35.4657291666667,9.91702079772949
35.4690625,9.91815328598022
35.4723958333333,9.91946458816528
35.4757291666667,9.92101430892944
35.4790625,9.92268323898315
35.4823958333333,9.92459058761597
35.4857291666667,9.92661714553833
35.4890625,9.92888212203979
35.4923958333333,9.93132591247559
35.4957291666667,9.93388891220093
35.4990625,9.93657112121582
35.5023958333333,9.93931293487549
35.5057291666667,9.94211435317993
35.5090625,9.9448561668396
35.5123958333333,9.94759798049927
35.5157291666667,9.95028018951416
35.5190625,9.9528431892395
35.5223958333333,9.95528697967529
35.5257291666667,9.95761156082153
35.5290625,9.95981693267822
35.5323958333333,9.96184349060059
35.5357291666667,9.96369123458862
35.5390625,9.96536016464233
35.5423958333333,9.96685028076172
35.5457291666667,9.96804237365723
35.5490625,9.96905565261841
35.5523958333333,9.96983051300049
35.5557291666667,9.97036695480347
35.5590625,9.97072458267212
35.5623958333333,9.97078418731689
35.5657291666667,9.97066497802734
35.5690625,9.97042655944824
35.5723958333333,9.97012853622437
35.5757291666667,9.96971130371094
35.5790625,9.96929407119751
35.5823958333333,9.96899604797363
35.5857291666667,9.96875762939453
35.5890625,9.96875762939453
35.5923958333333,9.96905565261841
35.5957291666667,9.96965169906616
35.5990625,9.97060537338257
35.6023958333333,9.97203588485718
35.6057291666667,9.97400283813477
35.6090625,9.97656583786011
35.6123958333333,9.9797248840332
35.6157291666667,9.98365879058838
35.6190625,9.98836755752563
35.6223958333333,9.99385118484497
35.6257291666667,10.0001692771912
35.6290625,10.0074410438538
35.6323958333333,10.015606880188
35.6357291666667,10.0247263908386
35.6390625,10.0347995758057
35.6423958333333,10.0458264350891
35.6457291666667,10.0577473640442
35.6490625,10.0705027580261
35.6523958333333,10.0840926170349
35.6557291666667,10.098397731781
35.6590625,10.1132988929749
35.6623958333333,10.1286768913269
35.6657291666667,10.1443529129028
35.6690625,10.1601481437683
35.6723958333333,10.1758241653442
35.6757291666667,10.1912021636963
35.6790625,10.2060437202454
35.6823958333333,10.2201700210571
35.6857291666667,10.2333426475525
35.6890625,10.2453231811523
35.6923958333333,10.2559924125671
35.6957291666667,10.2652311325073
35.6990625,10.2729201316833
35.7023958333333,10.2789998054504
35.7057291666667,10.283350944519
35.7090625,10.2859735488892
35.7123958333333,10.2869868278503
35.7157291666667,10.2863907814026
35.7190625,10.2841854095459
35.7223958333333,10.2805495262146
35.7257291666667,10.2755427360535
35.7290625,10.2692842483521
35.7323958333333,10.2618932723999
35.7357291666667,10.2534890174866
35.7390625,10.2442502975464
35.7423958333333,10.2343559265137
35.7457291666667,10.2238655090332
35.7490625,10.2129578590393
35.7523958333333,10.2018117904663
35.7557291666667,10.190486907959
35.7590625,10.1791620254517
35.7623958333333,10.1680159568787
35.7657291666667,10.1571083068848
35.7690625,10.1465582847595
35.7723958333333,10.1364254951477
35.7757291666667,10.1268291473389
35.7790625,10.1178288459778
35.7823958333333,10.1094841957092
35.7857291666667,10.1017951965332
35.7890625,10.0948214530945
35.7923958333333,10.0884437561035
35.7957291666667,10.0827813148499
35.7990625,10.0776553153992
35.8023958333333,10.073184967041
35.8057291666667,10.0693106651306
35.8090625,10.0659728050232
35.8123958333333,10.0631713867188
35.8157291666667,10.0608468055725
35.8190625,10.0589394569397
35.8223958333333,10.0574493408203
35.8257291666667,10.0563764572144
35.8290625,10.0556015968323
35.8323958333333,10.0551843643188
35.8357291666667,10.0550055503845
35.8390625,10.0551247596741
35.8423958333333,10.0555419921875
35.8457291666667,10.05619764328
35.8490625,10.0570321083069
35.8523958333333,10.0581049919128
35.8557291666667,10.0593566894531
35.8590625,10.0607872009277
35.8623958333333,10.0622773170471
35.8657291666667,10.0638866424561
35.8690625,10.0654363632202
35.8723958333333,10.0670456886292
35.8757291666667,10.0685358047485
35.8790625,10.0699663162231
35.8823958333333,10.0712776184082
35.8857291666667,10.0724697113037
35.8890625,10.0734233856201
35.8923958333333,10.0741386413574
35.8957291666667,10.0746154785156
35.8990625,10.0747346878052
35.9023958333333,10.0745558738708
35.9057291666667,10.0739598274231
35.9090625,10.0729465484619
35.9123958333333,10.0715160369873
35.9157291666667,10.069727897644
35.9190625,10.0675821304321
35.9223958333333,10.0651383399963
35.9257291666667,10.0624561309814
35.9290625,10.059654712677
35.9323958333333,10.0567936897278
35.9357291666667,10.0539922714233
35.9390625,10.0513696670532
35.9423958333333,10.0489854812622
35.9457291666667,10.0468993186951
35.9490625,10.0451111793518
35.9523958333333,10.043740272522
35.9557291666667,10.0427269935608
35.9590625,10.0420713424683
35.9623958333333,10.0418925285339
35.9657291666667,10.0420117378235
35.9690625,10.0425481796265
35.9723958333333,10.0433230400085
35.9757291666667,10.0443959236145
35.9790625,10.04558801651
35.9823958333333,10.0468397140503
35.9857291666667,10.0481510162354
35.9890625,10.0494027137756
35.9923958333333,10.0505352020264
35.9957291666667,10.0514888763428
35.9990625,10.0523233413696
36.0023958333333,10.0529193878174
36.0057291666667,10.0533366203308
36.0090625,10.0536346435547
36.0123958333333,10.0536942481995
36.0157291666667,10.0535750389099
36.0190625,10.0532174110413
36.0223958333333,10.0526809692383
36.0257291666667,10.0519061088562
36.0290625,10.0508332252502
36.0323958333333,10.0495219230652
36.0357291666667,10.047972202301
36.0390625,10.0462436676025
36.0423958333333,10.0443363189697
36.0457291666667,10.0423097610474
36.0490625,10.0402235984802
36.0523958333333,10.0381374359131
36.0557291666667,10.0360512733459
36.0590625,10.0341439247131
36.0623958333333,10.0323557853699
36.0657291666667,10.0308060646057
36.0690625,10.0294351577759
36.0723958333333,10.0283622741699
36.0757291666667,10.0275874137878
36.0790625,10.0270509719849
36.0823958333333,10.0268125534058
36.0857291666667,10.0268125534058
36.0890625,10.0271701812744
36.0923958333333,10.0278258323669
36.0957291666667,10.0286602973938
36.0990625,10.0297331809998
36.1023958333333,10.0310444831848
36.1057291666667,10.0324749946594
36.1090625,10.0340843200684
36.1123958333333,10.0358128547668
36.1157291666667,10.0376605987549
36.1190625,10.0395679473877
36.1223958333333,10.0414752960205
36.1257291666667,10.0434422492981
36.1290625,10.0453495979309
36.1323958333333,10.0471973419189
36.1357291666667,10.0489258766174
36.1390625,10.0505948066711
36.1423958333333,10.0521445274353
36.1457291666667,10.0535154342651
36.1490625,10.0548267364502
36.1523958333333,10.0560188293457
36.1557291666667,10.0570917129517
36.1590625,10.0580453872681
36.1623958333333,10.0589394569397
36.1657291666667,10.059654712677
36.1690625,10.0603103637695
36.1723958333333,10.0609064102173
36.1757291666667,10.0613236427307
36.1790625,10.0616216659546
36.1823958333333,10.0618004798889
36.1857291666667,10.0619792938232
36.1890625,10.062038898468
36.1923958333333,10.0620985031128
36.1957291666667,10.0621581077576
36.1990625,10.0622177124023
36.2023958333333,10.0623965263367
36.2057291666667,10.0626945495605
36.2090625,10.0630521774292
36.2123958333333,10.0635886192322
36.2157291666667,10.0641846656799
36.2190625,10.0648403167725
36.2223958333333,10.0656151771545
36.2257291666667,10.0663900375366
36.2290625,10.0672245025635
36.2323958333333,10.0679993629456
36.2357291666667,10.0688338279724
36.2390625,10.069727897644
36.2423958333333,10.0706815719604
36.2457291666667,10.0716948509216
36.2490625,10.0728869438171
36.2523958333333,10.074257850647
36.2557291666667,10.0758075714111
36.2590625,10.0775361061096
36.2623958333333,10.0795030593872
36.2657291666667,10.0816488265991
36.2690625,10.0839138031006
36.2723958333333,10.0863575935364
36.2757291666667,10.0888609886169
36.2790625,10.0914239883423
36.2823958333333,10.0940465927124
36.2857291666667,10.0966095924377
36.2890625,10.0991725921631
36.2923958333333,10.1017355918884
36.2957291666667,10.104238986969
36.2990625,10.1067423820496
36.3023958333333,10.1092457771301
36.3057291666667,10.1116895675659
36.3090625,10.1140141487122
36.3123958333333,10.1163387298584
36.3157291666667,10.1185441017151
36.3190625,10.1206302642822
36.3223958333333,10.1225972175598
36.3257291666667,10.1244449615479
36.3290625,10.1261138916016
36.3323958333333,10.1276636123657
36.3357291666667,10.1289749145508
36.3390625,10.1301670074463
36.3423958333333,10.1311802864075
36.3457291666667,10.1320147514343
36.3490625,10.1326107978821
36.3523958333333,10.1330280303955
36.3557291666667,10.1332664489746
36.3590625,10.1333260536194
36.3623958333333,10.1332664489746
36.3657291666667,10.1330280303955
36.3690625,10.1326704025269
36.3723958333333,10.1323127746582
36.3757291666667,10.1318359375
36.3790625,10.1314187049866
36.3823958333333,10.1309418678284
36.3857291666667,10.1304650306702
36.3890625,10.129988193512
36.3923958333333,10.1295709609985
36.3957291666667,10.1290941238403
36.3990625,10.1286172866821
36.4023958333333,10.1280808448792
36.4057291666667,10.1275444030762
36.4090625,10.1268887519836
36.4123958333333,10.1262927055359
36.4157291666667,10.1256966590881
36.4190625,10.1251006126404
36.4223958333333,10.1246237754822
36.4257291666667,10.1242065429688
36.4290625,10.1239085197449
36.4323958333333,10.1237297058105
36.4357291666667,10.1237297058105
36.4390625,10.1239681243896
36.4423958333333,10.1243853569031
36.4457291666667,10.1249814033508
36.4490625,10.1258158683777
36.4523958333333,10.1268291473389
36.4557291666667,10.1280808448792
36.4590625,10.1295113563538
36.4623958333333,10.1311802864075
36.4657291666667,10.132908821106
36.4690625,10.1348757743835
36.4723958333333,10.1369023323059
36.4757291666667,10.1391077041626
36.4790625,10.1413726806641
36.4823958333333,10.1436972618103
36.4857291666667,10.1460814476013
36.4890625,10.1485848426819
36.4923958333333,10.151207447052
36.4957291666667,10.1538896560669
36.4990625,10.1566910743713
36.5023958333333,10.1595520973206
36.5057291666667,10.1624131202698
36.5090625,10.165274143219
36.5123958333333,10.1681351661682
36.5157291666667,10.1708769798279
36.5190625,10.1734399795532
36.5223958333333,10.1757645606995
36.5257291666667,10.1779103279114
36.5290625,10.1797580718994
36.5323958333333,10.1814270019531
36.5357291666667,10.1828575134277
36.5390625,10.1840496063232
36.5423958333333,10.1851224899292
36.5457291666667,10.1860165596008
36.5490625,10.1868510246277
36.5523958333333,10.1876258850098
36.5557291666667,10.1882219314575
36.5590625,10.1887583732605
36.5623958333333,10.1891160011292
36.5657291666667,10.1893544197083
36.5690625,10.189414024353
36.5723958333333,10.1892352104187
36.5757291666667,10.18887758255
36.5790625,10.1883411407471
36.5823958333333,10.187566280365
36.5857291666667,10.1866722106934
36.5890625,10.1856589317322
36.5923958333333,10.1845264434814
36.5957291666667,10.1833343505859
36.5990625,10.1820826530457
36.6023958333333,10.1808309555054
36.6057291666667,10.1795792579651
36.6090625,10.1783275604248
36.6123958333333,10.1770758628845
36.6157291666667,10.1758241653442
36.6190625,10.1745128631592
36.6223958333333,10.1732015609741
36.6257291666667,10.1718306541443
36.6290625,10.1704597473145
36.6323958333333,10.1690888404846
36.6357291666667,10.1677179336548
36.6390625,10.1664066314697
36.6423958333333,10.1651549339294
36.6457291666667,10.1639628410339
36.6490625,10.162889957428
36.6523958333333,10.1619958877563
36.6557291666667,10.1612210273743
36.6590625,10.1606249809265
36.6623958333333,10.1602673530579
36.6657291666667,10.1600289344788
36.6690625,10.159969329834
36.6723958333333,10.1601481437683
36.6757291666667,10.160505771637
36.6790625,10.1609826087952
36.6823958333333,10.1616978645325
36.6857291666667,10.1625919342041
36.6890625,10.1636648178101
36.6923958333333,10.1649165153503
36.6957291666667,10.166347026825
36.6990625,10.1679563522339
36.7023958333333,10.1697444915771
36.7057291666667,10.1715922355652
36.7090625,10.1735591888428
36.7123958333333,10.1755857467651
36.7157291666667,10.1776123046875
36.7190625,10.1796984672546
36.7223958333333,10.1817846298218
36.7257291666667,10.1838707923889
36.7290625,10.1859569549561
36.7323958333333,10.1880431175232
36.7357291666667,10.1901292800903
36.7390625,10.1921558380127
36.7423958333333,10.1941227912903
36.7457291666667,10.1960897445679
36.7490625,10.1979374885559
36.7523958333333,10.1997256278992
36.7557291666667,10.2014541625977
36.7590625,10.2031230926514
36.7623958333333,10.2047920227051
36.7657291666667,10.206401348114
36.7690625,10.2080106735229
36.7723958333333,10.2096796035767
36.7757291666667,10.2113485336304
36.7790625,10.2130174636841
36.7823958333333,10.2147459983826
36.7857291666667,10.2164149284363
36.7890625,10.21808385849
36.7923958333333,10.2197527885437
36.7957291666667,10.2213025093079
36.7990625,10.2227926254272
36.8023958333333,10.2241039276123
36.8057291666667,10.2252960205078
36.8090625,10.2263689041138
36.8123958333333,10.2272629737854
36.8157291666667,10.2279782295227
36.8190625,10.2285146713257
36.8223958333333,10.2289319038391
36.8257291666667,10.2291107177734
36.8290625,10.2291703224182
36.8323958333333,10.2289915084839
36.8357291666667,10.2286338806152
36.8390625,10.2280974388123
36.8423958333333,10.2273225784302
36.8457291666667,10.2262496948242
36.8490625,10.2249979972839
36.8523958333333,10.2235674858093
36.8557291666667,10.2218985557556
36.8590625,10.2201104164124
36.8623958333333,10.2182030677795
36.8657291666667,10.2161765098572
36.8690625,10.2141499519348
36.8723958333333,10.2121829986572
36.8757291666667,10.2102756500244
36.8790625,10.2084875106812
36.8823958333333,10.2068781852722
36.8857291666667,10.2055072784424
36.8890625,10.2043151855469
36.8923958333333,10.2033019065857
36.8957291666667,10.2025270462036
36.8990625,10.2019906044006
36.9023958333333,10.2015733718872
36.9057291666667,10.2013945579529
36.9090625,10.2013945579529
36.9123958333333,10.2015137672424
36.9157291666667,10.2018117904663
36.9190625,10.2022290229797
36.9223958333333,10.2027654647827
36.9257291666667,10.20348072052
36.9290625,10.2042555809021
36.9323958333333,10.2052092552185
36.9357291666667,10.2062225341797
36.9390625,10.2073550224304
36.9423958333333,10.2085471153259
36.9457291666667,10.2097988128662
36.9490625,10.211169719696
36.9523958333333,10.2125406265259
36.9557291666667,10.2139115333557
36.9590625,10.2152824401855
36.9623958333333,10.2167129516602
36.9657291666667,10.2181434631348
36.9690625,10.2195739746094
36.9723958333333,10.221004486084
36.9757291666667,10.2224349975586
36.9790625,10.2238655090332
36.9823958333333,10.2252960205078
36.9857291666667,10.2267265319824
36.9890625,10.2280974388123
36.9923958333333,10.2294087409973
36.9957291666667,10.2307200431824
36.9990625,10.2319121360779
37.0023958333333,10.2330446243286
37.0057291666667,10.2341175079346
37.0090625,10.2351307868958
37.0123958333333,10.2360844612122
37.0157291666667,10.236918926239
37.0190625,10.2378129959106
37.0223958333333,10.2386474609375
37.0257291666667,10.2394819259644
37.0290625,10.2403163909912
37.0323958333333,10.2412104606628
37.0357291666667,10.2421641349792
37.0390625,10.2431178092957
37.0423958333333,10.2440714836121
37.0457291666667,10.2449655532837
37.0490625,10.2458596229553
37.0523958333333,10.2466940879822
37.0557291666667,10.2474093437195
37.0590625,10.248064994812
37.0623958333333,10.248601436615
37.0657291666667,10.2490782737732
37.0690625,10.2494359016418
37.0723958333333,10.2497935295105
37.0757291666667,10.2500319480896
37.0790625,10.2502703666687
37.0823958333333,10.250449180603
37.0857291666667,10.2506875991821
37.0890625,10.2508664131165
37.0923958333333,10.2510452270508
37.0957291666667,10.2512836456299
37.0990625,10.2515816688538
37.1023958333333,10.2519989013672
37.1057291666667,10.2524757385254
37.1090625,10.2531313896179
37.1123958333333,10.25390625
37.1157291666667,10.2548599243164
37.1190625,10.2559328079224
37.1223958333333,10.2571249008179
37.1257291666667,10.2584958076477
37.1290625,10.2599263191223
37.1323958333333,10.2614164352417
37.1357291666667,10.2629065513611
37.1390625,10.26451587677
37.1423958333333,10.2660655975342
37.1457291666667,10.2676153182983
37.1490625,10.2692246437073
37.1523958333333,10.2707743644714
37.1557291666667,10.2723240852356
37.1590625,10.2738738059998
37.1623958333333,10.2754831314087
37.1657291666667,10.2770328521729
37.1690625,10.2786421775818
37.1723958333333,10.2801918983459
37.1757291666667,10.2818012237549
37.1790625,10.2832913398743
37.1823958333333,10.2847814559937
37.1857291666667,10.2862119674683
37.1890625,10.2875828742981
37.1923958333333,10.2888345718384
37.1957291666667,10.2899670600891
37.1990625,10.2909803390503
37.2023958333333,10.2918744087219
37.2057291666667,10.292649269104
37.2090625,10.2933049201965
37.2123958333333,10.2937817573547
37.2157291666667,10.2941393852234
37.2190625,10.2943778038025
37.2223958333333,10.2944374084473
37.2257291666667,10.2944374084473
37.2290625,10.2943181991577
37.2323958333333,10.2941393852234
37.2357291666667,10.2938413619995
37.2390625,10.2934241294861
37.2423958333333,10.2930068969727
37.2457291666667,10.2924704551697
37.2490625,10.2919936180115
37.2523958333333,10.2914571762085
37.2557291666667,10.2909803390503
37.2590625,10.2905631065369
37.2623958333333,10.2902054786682
37.2657291666667,10.2900266647339
37.2690625,10.2899074554443
37.2723958333333,10.2899670600891
37.2757291666667,10.2902054786682
37.2790625,10.2904438972473
37.2823958333333,10.290801525116
37.2857291666667,10.2911591529846
37.2890625,10.2915167808533
37.2923958333333,10.2918148040771
37.2957291666667,10.292112827301
37.2990625,10.2922320365906
37.3023958333333,10.2922916412354
37.3057291666667,10.2921724319458
37.3090625,10.2919340133667
37.3123958333333,10.2915167808533
37.3157291666667,10.2909803390503
37.3190625,10.290265083313
37.3223958333333,10.2894902229309
37.3257291666667,10.2885365486145
37.3290625,10.2874636650085
37.3323958333333,10.2863907814026
37.3357291666667,10.2851986885071
37.3390625,10.2840065956116
37.3423958333333,10.2828145027161
37.3457291666667,10.2815628051758
37.3490625,10.2803707122803
37.3523958333333,10.27911901474
37.3557291666667,10.2778077125549
37.3590625,10.2765560150146
37.3623958333333,10.2753639221191
37.3657291666667,10.2741122245789
37.3690625,10.2729797363281
37.3723958333333,10.2719068527222
37.3757291666667,10.2709531784058
37.3790625,10.2702379226685
37.3823958333333,10.2696418762207
37.3857291666667,10.2693438529968
37.3890625,10.2692246437073
37.3923958333333,10.2692842483521
37.3957291666667,10.2696418762207
37.3990625,10.2701783180237
37.4023958333333,10.2709531784058
37.4057291666667,10.2719664573669
37.4090625,10.2731585502625
37.4123958333333,10.2745294570923
37.4157291666667,10.2761387825012
37.4190625,10.2779269218445
37.4223958333333,10.2798342704773
37.4257291666667,10.2819800376892
37.4290625,10.2842450141907
37.4323958333333,10.2866291999817
37.4357291666667,10.2891325950623
37.4390625,10.2917551994324
37.4423958333333,10.2945566177368
37.4457291666667,10.2973580360413
37.4490625,10.3002786636353
37.4523958333333,10.303258895874
37.4557291666667,10.3062391281128
37.4590625,10.3092193603516
37.4623958333333,10.3121995925903
37.4657291666667,10.3151202201843
37.4690625,10.3179216384888
37.4723958333333,10.3206038475037
37.4757291666667,10.323166847229
37.4790625,10.32555103302
37.4823958333333,10.3276968002319
37.4857291666667,10.3297233581543
37.4890625,10.3314518928528
37.4923958333333,10.3330612182617
37.4957291666667,10.3343725204468
37.4990625,10.3355050086975
37.5023958333333,10.3364586830139
37.5057291666667,10.3371739387512
37.5090625,10.3377103805542
37.5123958333333,10.3381276130676
37.5157291666667,10.3383660316467
37.5190625,10.3384852409363
37.5223958333333,10.3385448455811
37.5257291666667,10.3384852409363
37.5290625,10.3384256362915
37.5323958333333,10.338306427002
37.5357291666667,10.3381276130676
37.5390625,10.3379487991333
37.5423958333333,10.3377103805542
37.5457291666667,10.3375315666199
37.5490625,10.3373527526855
37.5523958333333,10.3372931480408
37.5557291666667,10.337233543396
37.5590625,10.3373527526855
37.5623958333333,10.3375911712646
37.5657291666667,10.3379487991333
37.5690625,10.3384256362915
37.5723958333333,10.339081287384
37.5757291666667,10.3399157524109
37.5790625,10.3408694267273
37.5823958333333,10.3419423103333
37.5857291666667,10.3431344032288
37.5890625,10.3444457054138
37.5923958333333,10.3458166122437
37.5957291666667,10.347306728363
37.5990625,10.348916053772
37.6023958333333,10.3505849838257
37.6057291666667,10.3523731231689
37.6090625,10.354220867157
37.6123958333333,10.3561878204346
37.6157291666667,10.3582143783569
37.6190625,10.3603601455688
37.6223958333333,10.3625059127808
37.6257291666667,10.3647112846375
37.6290625,10.3669762611389
37.6323958333333,10.3693008422852
37.6357291666667,10.3716254234314
37.6390625,10.3740096092224
37.6423958333333,10.3763937950134
37.6457291666667,10.3788375854492
37.6490625,10.381281375885
37.6523958333333,10.383665561676
37.6557291666667,10.3859305381775
37.6590625,10.3880763053894
37.6623958333333,10.390043258667
37.6657291666667,10.3917717933655
37.6690625,10.3933215141296
37.6723958333333,10.3946328163147
37.6757291666667,10.3957056999207
37.6790625,10.3965997695923
37.6823958333333,10.3973150253296
37.6857291666667,10.3979110717773
37.6890625,10.3983283042908
37.6923958333333,10.3986859321594
37.6957291666667,10.3989243507385
37.6990625,10.3991031646729
37.7023958333333,10.3991627693176
37.7057291666667,10.3991627693176
37.7090625,10.3990435600281
37.7123958333333,10.3989243507385
37.7157291666667,10.3987455368042
37.7190625,10.3985667228699
37.7223958333333,10.3983879089355
37.7257291666667,10.3981494903564
37.7290625,10.3979110717773
37.7323958333333,10.3976726531982
37.7357291666667,10.3974342346191
37.7390625,10.39719581604
37.7423958333333,10.3969573974609
37.7457291666667,10.3966593742371
37.7490625,10.3963613510132
37.7523958333333,10.3960633277893
37.7557291666667,10.3958249092102
37.7590625,10.3955864906311
37.7623958333333,10.3954672813416
37.7657291666667,10.3954076766968
37.7690625,10.3954672813416
37.7723958333333,10.3956460952759
37.7757291666667,10.3960037231445
37.7790625,10.3964805603027
37.7823958333333,10.3970766067505
37.7857291666667,10.3978514671326
37.7890625,10.3987455368042
37.7923958333333,10.3997588157654
37.7957291666667,10.4008316993713
37.7990625,10.4019641876221
37.8023958333333,10.4030966758728
37.8057291666667,10.4042887687683
37.8090625,10.4054808616638
37.8123958333333,10.4066729545593
37.8157291666667,10.4078650474548
37.8190625,10.4090571403503
37.8223958333333,10.4103088378906
37.8257291666667,10.4115605354309
37.8290625,10.4128122329712
37.8323958333333,10.4140639305115
37.8357291666667,10.4153156280518
37.8390625,10.4165077209473
37.8423958333333,10.4176998138428
37.8457291666667,10.4187726974487
37.8490625,10.4198455810547
37.8523958333333,10.4207396507263
37.8557291666667,10.4216337203979
37.8590625,10.4223489761353
37.8623958333333,10.4230046272278
37.8657291666667,10.4236006736755
37.8690625,10.424017906189
37.8723958333333,10.4244351387024
37.8757291666667,10.424792766571
37.8790625,10.4250907897949
37.8823958333333,10.425329208374
37.8857291666667,10.4255676269531
37.8890625,10.425865650177
37.8923958333333,10.4261040687561
37.8957291666667,10.42640209198
37.8990625,10.4267001152039
37.9023958333333,10.4269981384277
37.9057291666667,10.4272365570068
37.9090625,10.4275345802307
37.9123958333333,10.4277729988098
37.9157291666667,10.4279518127441
37.9190625,10.4280710220337
37.9223958333333,10.4281902313232
37.9257291666667,10.4283094406128
37.9290625,10.4283094406128
37.9323958333333,10.4283094406128
37.9357291666667,10.428249835968
37.9390625,10.4281902313232
37.9423958333333,10.4280710220337
37.9457291666667,10.4280114173889
37.9490625,10.4279518127441
37.9523958333333,10.4279518127441
37.9557291666667,10.4280114173889
37.9590625,10.4281902313232
37.9623958333333,10.4285478591919
37.9657291666667,10.4290246963501
37.9690625,10.4296207427979
37.9723958333333,10.4304552078247
37.9757291666667,10.4314088821411
37.9790625,10.4325413703918
37.9823958333333,10.4337930679321
37.9857291666667,10.4352831840515
37.9890625,10.4368925094604
37.9923958333333,10.4386806488037
37.9957291666667,10.4405283927917
37.9990625,10.4424357414246
38.0023958333333,10.4444622993469
38.0057291666667,10.4464292526245
38.0090625,10.4483962059021
38.0123958333333,10.4503631591797
38.0157291666667,10.4522109031677
38.0190625,10.4539394378662
38.0223958333333,10.4555487632751
38.0257291666667,10.4570388793945
38.0290625,10.4584097862244
38.0323958333333,10.4596018791199
38.0357291666667,10.4607343673706
38.0390625,10.461688041687
38.0423958333333,10.4625821113586
38.0457291666667,10.4633569717407
38.0490625,10.4640126228333
38.0523958333333,10.464608669281
38.0557291666667,10.4650855064392
38.0590625,10.4654431343079
38.0623958333333,10.465681552887
38.0657291666667,10.4657411575317
38.0690625,10.4657411575317
38.0723958333333,10.4656219482422
38.0757291666667,10.4653835296631
38.0790625,10.4650259017944
38.0823958333333,10.4646682739258
38.0857291666667,10.4643106460571
38.0890625,10.4638934135437
38.0923958333333,10.4635953903198
38.0957291666667,10.4632973670959
38.0990625,10.4630589485168
38.1023958333333,10.4628205299377
38.1057291666667,10.4627013206482
38.1090625,10.4626417160034
38.1123958333333,10.4626417160034
38.1157291666667,10.4627013206482
38.1190625,10.4628801345825
38.1223958333333,10.4631185531616
38.1257291666667,10.4634761810303
38.1290625,10.4638934135437
38.1323958333333,10.4644298553467
38.1357291666667,10.4650855064392
38.1390625,10.4658603668213
38.1423958333333,10.4666352272034
38.1457291666667,10.4674696922302
38.1490625,10.4683637619019
38.1523958333333,10.4691982269287
38.1557291666667,10.4699730873108
38.1590625,10.4707479476929
38.1623958333333,10.4714035987854
38.1657291666667,10.4719400405884
38.1690625,10.4724764823914
38.1723958333333,10.4728937149048
38.1757291666667,10.4732513427734
38.1790625,10.4736089706421
38.1823958333333,10.4740262031555
38.1857291666667,10.4744434356689
38.1890625,10.4748606681824
38.1923958333333,10.4753971099854
38.1957291666667,10.4759931564331
38.1990625,10.4766488075256
38.2023958333333,10.4774236679077
38.2057291666667,10.4781985282898
38.2090625,10.4790925979614
38.2123958333333,10.4799866676331
38.2157291666667,10.4809403419495
38.2190625,10.4818940162659
38.2223958333333,10.4829072952271
38.2257291666667,10.4839205741882
38.2290625,10.4849934577942
38.2323958333333,10.4860663414001
38.2357291666667,10.4871988296509
38.2390625,10.4884505271912
38.2423958333333,10.4897022247314
38.2457291666667,10.4911327362061
38.2490625,10.4925632476807
38.2523958333333,10.4941129684448
38.2557291666667,10.4957818984985
38.2590625,10.497510433197
38.2623958333333,10.4992985725403
38.2657291666667,10.5010867118835
38.2690625,10.5029344558716
38.2723958333333,10.5047821998596
38.2757291666667,10.5065703392029
38.2790625,10.5084180831909
38.2823958333333,10.510265827179
38.2857291666667,10.5121731758118
38.2890625,10.5140209197998
38.2923958333333,10.5159282684326
38.2957291666667,10.5177760124207
38.2990625,10.5195641517639
38.3023958333333,10.5213522911072
38.3057291666667,10.5230212211609
38.3090625,10.5246305465698
38.3123958333333,10.5261206626892
38.3157291666667,10.5275511741638
38.3190625,10.5288624763489
38.3223958333333,10.5301141738892
38.3257291666667,10.5311870574951
38.3290625,10.5322003364563
38.3323958333333,10.5330944061279
38.3357291666667,10.5338096618652
38.3390625,10.534405708313
38.3423958333333,10.5348229408264
38.3457291666667,10.5351209640503
38.3490625,10.5352997779846
38.3523958333333,10.5352997779846
38.3557291666667,10.5352997779846
38.3590625,10.5351805686951
38.3623958333333,10.5350017547607
38.3657291666667,10.5348825454712
38.3690625,10.5347037315369
38.3723958333333,10.5344653129578
38.3757291666667,10.5342864990234
38.3790625,10.5340480804443
38.3823958333333,10.53386926651
38.3857291666667,10.5335712432861
38.3890625,10.5332732200623
38.3923958333333,10.5329751968384
38.3957291666667,10.5326175689697
38.3990625,10.5321407318115
38.4023958333333,10.5316638946533
38.4057291666667,10.5311870574951
38.4090625,10.5306506156921
38.4123958333333,10.5301737785339
38.4157291666667,10.5296969413757
38.4190625,10.5292797088623
38.4223958333333,10.5289816856384
38.4257291666667,10.5288028717041
38.4290625,10.5287432670593
38.4323958333333,10.5288624763489
38.4357291666667,10.529100894928
38.4390625,10.5294585227966
38.4423958333333,10.5299353599548
38.4457291666667,10.5304718017578
38.4490625,10.5310082435608
38.4523958333333,10.5316638946533
38.4557291666667,10.5323195457458
38.4590625,10.5329751968384
38.4623958333333,10.5336904525757
38.4657291666667,10.5344653129578
38.4690625,10.5352401733398
38.4723958333333,10.5360746383667
38.4757291666667,10.5368494987488
38.4790625,10.5376839637756
38.4823958333333,10.5384588241577
38.4857291666667,10.539174079895
38.4890625,10.5398893356323
38.4923958333333,10.5405449867249
38.4957291666667,10.5413198471069
38.4990625,10.542094707489
38.5023958333333,10.5429291725159
38.5057291666667,10.5438828468323
38.5090625,10.5449557304382
38.5123958333333,10.5461478233337
38.5157291666667,10.5474591255188
38.5190625,10.5487704277039
38.5223958333333,10.5502009391785
38.5257291666667,10.5515718460083
38.5290625,10.5530023574829
38.5323958333333,10.5543732643127
38.5357291666667,10.5558037757874
38.5390625,10.557234287262
38.5423958333333,10.5587244033813
38.5457291666667,10.5602145195007
38.5490625,10.5617642402649
38.5523958333333,10.5633735656738
38.5557291666667,10.5650424957275
38.5590625,10.5667114257813
38.5623958333333,10.5684399604797
38.5657291666667,10.5701684951782
38.5690625,10.5718374252319
38.5723958333333,10.5735063552856
38.5757291666667,10.5751156806946
38.5790625,10.5767250061035
38.5823958333333,10.5783343315125
38.5857291666667,10.5798244476318
38.5890625,10.581374168396
38.5923958333333,10.5828642845154
38.5957291666667,10.5844140052795
38.5990625,10.5859041213989
38.6023958333333,10.5874538421631
38.6057291666667,10.5889439582825
38.6090625,10.5904936790466
38.6123958333333,10.591983795166
38.6157291666667,10.5934739112854
38.6190625,10.59490442276
38.6223958333333,10.5963349342346
38.6257291666667,10.5976462364197
38.6290625,10.59889793396
38.6323958333333,10.6000900268555
38.6357291666667,10.6011629104614
38.6390625,10.6021165847778
38.6423958333333,10.6029510498047
38.6457291666667,10.6036067008972
38.6490625,10.6041431427002
38.6523958333333,10.6045603752136
38.6557291666667,10.6047987937927
38.6590625,10.6048583984375
38.6623958333333,10.6048583984375
38.6657291666667,10.6046795845032
38.6690625,10.6044411659241
38.6723958333333,10.6040835380554
38.6757291666667,10.603666305542
38.6790625,10.6031894683838
38.6823958333333,10.6026530265808
38.6857291666667,10.6019973754883
38.6890625,10.6013417243958
38.6923958333333,10.6006860733032
38.6957291666667,10.6000304222107
38.6990625,10.5993151664734
38.7023958333333,10.5986595153809
38.7057291666667,10.5980634689331
38.7090625,10.5974078178406
38.7123958333333,10.5968713760376
38.7157291666667,10.5963945388794
38.7190625,10.5960369110107
38.7223958333333,10.5957388877869
38.7257291666667,10.5955600738525
38.7290625,10.5955600738525
38.7323958333333,10.5956196784973
38.7357291666667,10.5958580970764
38.7390625,10.5962157249451
38.7423958333333,10.596752166748
38.7457291666667,10.5974078178406
38.7490625,10.5982422828674
38.7523958333333,10.5991959571838
38.7557291666667,10.6003284454346
38.7590625,10.6016397476196
38.7623958333333,10.603129863739
38.7657291666667,10.6047987937927
38.7690625,10.6066465377808
38.7723958333333,10.6086730957031
38.7757291666667,10.610818862915
38.7790625,10.6131434440613
38.7823958333333,10.6155276298523
38.7857291666667,10.6179118156433
38.7890625,10.6203556060791
38.7923958333333,10.6227397918701
38.7957291666667,10.6250047683716
38.7990625,10.6271505355835
38.8023958333333,10.6291770935059
38.8057291666667,10.6309652328491
38.8090625,10.6325745582581
38.8123958333333,10.6339454650879
38.8157291666667,10.6351375579834
38.8190625,10.6361508369446
38.8223958333333,10.6369853019714
38.8257291666667,10.6377601623535
38.8290625,10.6383562088013
38.8323958333333,10.638952255249
38.8357291666667,10.6395483016968
38.8390625,10.6400847434998
38.8423958333333,10.6406807899475
38.8457291666667,10.6412768363953
38.8490625,10.6419920921326
38.8523958333333,10.6427669525146
38.8557291666667,10.6436610221863
38.8590625,10.6447339057922
38.8623958333333,10.6460452079773
38.8657291666667,10.6476545333862
38.8690625,10.6496810913086
38.8723958333333,10.6521248817444
38.8757291666667,10.6550455093384
38.8790625,10.6586217880249
38.8823958333333,10.662853717804
38.8857291666667,10.6678009033203
38.8890625,10.6735229492188
38.8923958333333,10.6800198554993
38.8957291666667,10.6872916221619
38.8990625,10.6952786445618
38.9023958333333,10.7041001319885
38.9057291666667,10.713517665863
38.9090625,10.7235312461853
38.9123958333333,10.7340216636658
38.9157291666667,10.7449293136597
38.9190625,10.7561349868774
38.9223958333333,10.76740026474
38.9257291666667,10.7787251472473
38.9290625,10.7898712158203
38.9323958333333,10.8007192611694
38.9357291666667,10.8110904693604
38.9390625,10.8208656311035
38.9423958333333,10.8298659324646
38.9457291666667,10.8380317687988
38.9490625,10.8451843261719
38.9523958333333,10.8512043952942
38.9557291666667,10.8560919761658
38.9590625,10.8597874641418
38.9623958333333,10.8622312545776
38.9657291666667,10.8635425567627
38.9690625,10.8637809753418
38.9723958333333,10.8630061149597
38.9757291666667,10.8613967895508
38.9790625,10.858952999115
38.9823958333333,10.8559727668762
38.9857291666667,10.8525156974792
38.9890625,10.8488202095032
38.9923958333333,10.8449459075928
38.9957291666667,10.8410716056824
38.9990625,10.8373761177063
39.0023958333333,10.8339786529541
39.0057291666667,10.8309388160706
39.0090625,10.8283758163452
39.0123958333333,10.8264684677124
39.0157291666667,10.8251571655273
39.0190625,10.8245611190796
39.0223958333333,10.8247995376587
39.0257291666667,10.8257532119751
39.0290625,10.8275413513184
39.0323958333333,10.8301043510437
39.0357291666667,10.8334422111511
39.0390625,10.8373165130615
39.0423958333333,10.8417868614197
39.0457291666667,10.8466148376465
39.0490625,10.8516216278076
39.0523958333333,10.8566880226135
39.0557291666667,10.8616352081299
39.0590625,10.8662843704224
39.0623958333333,10.8704566955566
39.0657291666667,10.8740925788879
39.0690625,10.8770132064819
39.0723958333333,10.8792781829834
39.0757291666667,10.880708694458
39.0790625,10.8813643455505
39.0823958333333,10.8811855316162
39.0857291666667,10.8802318572998
39.0890625,10.8785033226013
39.0923958333333,10.8759999275208
39.0957291666667,10.8728408813477
39.0990625,10.869026184082
39.1023958333333,10.8647346496582
39.1057291666667,10.8599066734314
39.1090625,10.8547806739807
39.1123958333333,10.8494758605957
39.1157291666667,10.8441710472107
39.1190625,10.83904504776
39.1223958333333,10.8342170715332
39.1257291666667,10.8298063278198
39.1290625,10.826051235199
39.1323958333333,10.8230710029602
39.1357291666667,10.8209252357483
39.1390625,10.819673538208
39.1423958333333,10.8194947242737
39.1457291666667,10.8202695846558
39.1490625,10.8221769332886
39.1523958333333,10.8250975608826
39.1557291666667,10.8290314674377
39.1590625,10.8339190483093
39.1623958333333,10.8396410942078
39.1657291666667,10.8461976051331
39.1690625,10.8533501625061
39.1723958333333,10.8609795570374
39.1757291666667,10.8689069747925
39.1790625,10.8769536018372
39.1823958333333,10.8850002288818
39.1857291666667,10.8926892280579
39.1890625,10.8999609947205
39.1923958333333,10.9065771102905
39.1957291666667,10.9124183654785
39.1990625,10.9171867370605
39.2023958333333,10.9208822250366
39.2057291666667,10.9233856201172
39.2090625,10.9246373176575
39.2123958333333,10.9245181083679
39.2157291666667,10.9232068061829
39.2190625,10.9205842018127
39.2223958333333,10.9168291091919
39.2257291666667,10.9120011329651
39.2290625,10.9062194824219
39.2323958333333,10.899543762207
39.2357291666667,10.8920931816101
39.2390625,10.8841061592102
39.2423958333333,10.8755826950073
39.2457291666667,10.8668208122253
39.2490625,10.8578205108643
39.2523958333333,10.8487606048584
39.2557291666667,10.8397603034973
39.2590625,10.8308792114258
39.2623958333333,10.8222961425781
39.2657291666667,10.8140110969543
39.2690625,10.8060240745544
39.2723958333333,10.798454284668
39.2757291666667,10.7911825180054
39.2790625,10.7843279838562
39.2823958333333,10.7777714729309
39.2857291666667,10.7715725898743
39.2890625,10.7657313346863
39.2923958333333,10.7602477073669
39.2957291666667,10.7551217079163
39.2990625,10.7503533363342
39.3023958333333,10.7458829879761
39.3057291666667,10.7417106628418
39.3090625,10.7378363609314
39.3123958333333,10.7342004776001
39.3157291666667,10.7308030128479
39.3190625,10.72758436203
39.3223958333333,10.7244849205017
39.3257291666667,10.7215046882629
39.3290625,10.7186436653137
39.3323958333333,10.7157826423645
39.3357291666667,10.7129812240601
39.3390625,10.7102394104004
39.3423958333333,10.7075572013855
39.3457291666667,10.7049942016602
39.3490625,10.7024908065796
39.3523958333333,10.7001066207886
39.3557291666667,10.6979012489319
39.3590625,10.6958150863647
39.3623958333333,10.6939077377319
39.3657291666667,10.6921792030334
39.3690625,10.6905698776245
39.3723958333333,10.6891393661499
39.3757291666667,10.6879472732544
39.3790625,10.6868743896484
39.3823958333333,10.6859803199768
39.3857291666667,10.6852650642395
39.3890625,10.6847882270813
39.3923958333333,10.6844902038574
39.3957291666667,10.6844305992126
39.3990625,10.6845498085022
39.4023958333333,10.6849670410156
39.4057291666667,10.6856226921082
39.4090625,10.686457157135
39.4123958333333,10.6876492500305
39.4157291666667,10.6890797615051
39.4190625,10.6908082962036
39.4223958333333,10.692834854126
39.4257291666667,10.6950998306274
39.4290625,10.6975436210632
39.4323958333333,10.7002258300781
39.4357291666667,10.7030868530273
39.4390625,10.7060670852661
39.4423958333333,10.7091665267944
39.4457291666667,10.7122659683228
39.4490625,10.7154250144958
39.4523958333333,10.7185840606689
39.4557291666667,10.7216835021973
39.4590625,10.7247829437256
39.4623958333333,10.7278823852539
39.4657291666667,10.7308626174927
39.4690625,10.7338428497314
39.4723958333333,10.7367038726807
39.4757291666667,10.7395052909851
39.4790625,10.7422471046448
39.4823958333333,10.7449293136597
39.4857291666667,10.747492313385
39.4890625,10.7499957084656
39.4923958333333,10.7524394989014
39.4957291666667,10.7547640800476
39.4990625,10.7569694519043
39.5023958333333,10.759174823761
39.5057291666667,10.7612609863281
39.5090625,10.7633471488953
39.5123958333333,10.7653141021729
39.5157291666667,10.7672810554504
39.5190625,10.7691884040833
39.5223958333333,10.7710957527161
39.5257291666667,10.7728838920593
39.5290625,10.7746720314026
39.5323958333333,10.7762813568115
39.5357291666667,10.7778310775757
39.5390625,10.7793211936951
39.5423958333333,10.7806324958801
39.5457291666667,10.7818841934204
39.5490625,10.7830166816711
39.5523958333333,10.7840895652771
39.5557291666667,10.7850432395935
39.5590625,10.7859969139099
39.5623958333333,10.7868909835815
39.5657291666667,10.7877850532532
39.5690625,10.78861951828
39.5723958333333,10.7893943786621
39.5757291666667,10.7901096343994
39.5790625,10.7907652854919
39.5823958333333,10.7914209365845
39.5857291666667,10.7919573783875
39.5890625,10.7925534248352
39.5923958333333,10.793149471283
39.5957291666667,10.7938647270203
39.5990625,10.7946395874023
39.6023958333333,10.7956528663635
39.6057291666667,10.7969045639038
39.6090625,10.7983946800232
39.6123958333333,10.800302028656
39.6157291666667,10.8025074005127
39.6190625,10.8052492141724
39.6223958333333,10.8084678649902
39.6257291666667,10.8122229576111
39.6290625,10.8166933059692
39.6323958333333,10.8218789100647
39.6357291666667,10.827898979187
39.6390625,10.8346939086914
39.6423958333333,10.8424425125122
39.6457291666667,10.8510851860046
39.6490625,10.8606219291687
39.6523958333333,10.8710527420044
39.6557291666667,10.8823180198669
39.6590625,10.8942985534668
39.6623958333333,10.906994342804
39.6657291666667,10.9202265739441
39.6690625,10.9338760375977
39.6723958333333,10.9478831291199
39.6757291666667,10.9620094299316
39.6790625,10.9761357307434
39.6823958333333,10.9900236129761
39.6857291666667,11.0035538673401
39.6890625,11.0164880752563
39.6923958333333,11.0285878181458
39.6957291666667,11.039674282074
39.6990625,11.0495090484619
39.7023958333333,11.0580325126648
39.7057291666667,11.0650062561035
39.7090625,11.0703706741333
39.7123958333333,11.0741257667542
39.7157291666667,11.0762119293213
39.7190625,11.0766291618347
39.7223958333333,11.075496673584
39.7257291666667,11.0729336738586
39.7290625,11.0689997673035
39.7323958333333,11.0639333724976
39.7357291666667,11.0577940940857
39.7390625,11.050820350647
39.7423958333333,11.0430121421814
39.7457291666667,11.0346674919128
39.7490625,11.0258460044861
39.7523958333333,11.0166668891907
39.7557291666667,11.0073089599609
39.7590625,10.9978914260864
39.7623958333333,10.9884738922119
39.7657291666667,10.9791159629822
39.7690625,10.9700560569763
39.7723958333333,10.9612345695496
39.7757291666667,10.9527707099915
39.7790625,10.9447836875916
39.7823958333333,10.9372138977051
39.7857291666667,10.9301805496216
39.7890625,10.9236836433411
39.7923958333333,10.9179019927979
39.7957291666667,10.9128355979919
39.7990625,10.9087824821472
39.8023958333333,10.905921459198
39.8057291666667,10.9045505523682
39.8090625,10.9050273895264
39.8123958333333,10.9078884124756
39.8157291666667,10.9137296676636
39.8190625,10.9232664108276
39.8223958333333,10.9373331069946
39.8257291666667,10.9569430351257
39.8290625,10.9831690788269
39.8323958333333,11.0172033309937
39.8357291666667,11.0602974891663
39.8390625,11.1138820648193
39.8423958333333,11.1791491508484
39.8457291666667,11.2574100494385
39.8490625,11.3497376441956
39.8523958333333,11.4569067955017
39.8557291666667,11.5795731544495
39.8590625,11.7178559303284
39.8623958333333,11.8714570999146
39.8657291666667,12.0394825935364
39.8690625,12.2205018997192
39.8723958333333,12.412428855896
39.8757291666667,12.6126408576965
39.8790625,12.817919254303
39.8823958333333,13.0245685577393
39.8857291666667,13.2285356521606
39.8890625,13.4255886077881
39.8923958333333,13.6114358901978
39.8957291666667,13.7817859649658
39.8990625,13.9328241348267
39.9023958333333,14.0610337257385
39.9057291666667,14.1634345054626
39.9090625,14.2378807067871
39.9123958333333,14.2828226089478
39.9157291666667,14.2976045608521
39.9190625,14.2824053764343
39.9223958333333,14.2379999160767
39.9257291666667,14.1662359237671
39.9290625,14.0692591667175
39.9323958333333,13.9499306678772
39.9357291666667,13.8115882873535
39.9390625,13.6576294898987
39.9423958333333,13.4918689727783
39.9457291666667,13.3178234100342
39.9490625,13.1390690803528
39.9523958333333,12.9589438438416
39.9557291666667,12.7804279327393
39.9590625,12.6062035560608
39.9623958333333,12.4384164810181
39.9657291666667,12.2790336608887
39.9690625,12.1293663978577
39.9723958333333,11.990487575531
39.9757291666667,11.8629932403564
39.9790625,11.7471814155579
39.9823958333333,11.6430521011353
39.9857291666667,11.5503072738647
39.9890625,11.4684104919434
39.9923958333333,11.3967657089233
39.9957291666667,11.3344788551331
39.9990625,11.2807154655457
40.0023958333333,11.2345218658447
40.0057291666667,11.1950635910034
40.0090625,11.1614465713501
40.0123958333333,11.1327767372131
40.0157291666667,11.1083388328552
40.0190625,11.0874176025391
40.0223958333333,11.0694169998169
40.0257291666667,11.053740978241
40.0290625,11.0399723052979
40.0323958333333,11.0277533531189
40.0357291666667,11.0166668891907
40.0390625,11.0064744949341
40.0423958333333,10.9970569610596
40.0457291666667,10.9882354736328
40.0490625,10.979950428009
40.0523958333333,10.9721422195435
40.0557291666667,10.9647512435913
40.0590625,10.9578967094421
40.0623958333333,10.9514594078064
40.0657291666667,10.9454989433289
40.0690625,10.9400749206543
40.0723958333333,10.9351277351379
40.0757291666667,10.9307169914246
40.0790625,10.9267830848694
40.0823958333333,10.923445224762
40.0857291666667,10.9205842018127
40.0890625,10.9182596206665
40.0923958333333,10.9165906906128
40.0957291666667,10.9154582023621
40.0990625,10.9149217605591
40.1023958333333,10.9149813652039
40.1057291666667,10.9156966209412
40.1090625,10.917067527771
40.1123958333333,10.9190344810486
40.1157291666667,10.9217166900635
40.1190625,10.9251141548157
40.1223958333333,10.9294056892395
40.1257291666667,10.9346508979797
40.1290625,10.9411478042603
40.1323958333333,10.9490752220154
40.1357291666667,10.9587907791138
40.1390625,10.9707117080688
40.1423958333333,10.9853744506836
40.1457291666667,11.003315448761
40.1490625,11.0252499580383
40.1523958333333,11.0517740249634
40.1557291666667,11.0836625099182
40.1590625,11.1217498779297
40.1623958333333,11.1666321754456
40.1657291666667,11.2191438674927
40.1690625,11.2797021865845
40.1723958333333,11.3489031791687
40.1757291666667,11.4268064498901
40.1790625,11.5135312080383
40.1823958333333,11.6087198257446
40.1857291666667,11.7118358612061
40.1890625,11.8218660354614
40.1923958333333,11.9375586509705
40.1957291666667,12.0573043823242
40.1990625,12.1791362762451
40.2023958333333,12.3009085655212
40.2057291666667,12.4202966690063
40.2090625,12.5348567962646
40.2123958333333,12.6420855522156
40.2157291666667,12.7396583557129
40.2190625,12.8253102302551
40.2223958333333,12.8970742225647
40.2257291666667,12.9534602165222
40.2290625,12.9931569099426
40.2323958333333,13.0154490470886
40.2357291666667,13.0199193954468
40.2390625,13.0067467689514
40.2423958333333,12.9764676094055
40.2457291666667,12.930154800415
40.2490625,12.8691792488098
40.2523958333333,12.7951502799988
40.2557291666667,12.70991563797
40.2590625,12.6156210899353
40.2623958333333,12.5144124031067
40.2657291666667,12.4082565307617
40.2690625,12.2994184494019
40.2723958333333,12.1896862983704
40.2757291666667,12.0808482170105
40.2790625,11.9745135307312
40.2823958333333,11.8719935417175
40.2857291666667,11.7743611335754
40.2890625,11.6824507713318
40.2923958333333,11.5968585014343
40.2957291666667,11.518120765686
40.2990625,11.4462375640869
40.3023958333333,11.3813877105713
40.3057291666667,11.3232731819153
40.3090625,11.2717151641846
40.3123958333333,11.2262964248657
40.3157291666667,11.1866593360901
40.3190625,11.1522674560547
40.3223958333333,11.1227035522461
40.3257291666667,11.0973715782166
40.3290625,11.0758543014526
40.3323958333333,11.0576152801514
40.3357291666667,11.0423564910889
40.3390625,11.0296010971069
40.3423958333333,11.0189318656921
40.3457291666667,11.0100507736206
40.3490625,11.0026597976685
40.3523958333333,10.9964609146118
40.3557291666667,10.9912753105164
40.3590625,10.9868049621582
40.3623958333333,10.9829902648926
40.3657291666667,10.9795928001404
40.3690625,10.9766125679016
40.3723958333333,10.9739899635315
40.3757291666667,10.9715461730957
40.3790625,10.969340801239
40.3823958333333,10.9673142433167
40.3857291666667,10.9655261039734
40.3890625,10.9638571739197
40.3923958333333,10.9623074531555
40.3957291666667,10.9608769416809
40.3990625,10.9595060348511
40.4023958333333,10.9582543373108
40.4057291666667,10.9571218490601
40.4090625,10.9560489654541
40.4123958333333,10.9550952911377
40.4157291666667,10.9542012214661
40.4190625,10.953426361084
40.4223958333333,10.9528303146362
40.4257291666667,10.952353477478
40.4290625,10.9520554542542
40.4323958333333,10.9518766403198
40.4357291666667,10.9517574310303
40.4390625,10.951817035675
40.4423958333333,10.9518766403198
40.4457291666667,10.9519958496094
40.4490625,10.9521746635437
40.4523958333333,10.952353477478
40.4557291666667,10.9525918960571
40.4590625,10.9528303146362
40.4623958333333,10.9530687332153
40.4657291666667,10.9533667564392
40.4690625,10.9537243843079
40.4723958333333,10.9542012214661
40.4757291666667,10.954737663269
40.4790625,10.9553337097168
40.4823958333333,10.9559893608093
40.4857291666667,10.9567046165466
40.4890625,10.9574198722839
40.4923958333333,10.958194732666
40.4957291666667,10.9589695930481
40.4990625,10.9596848487854
40.5023958333333,10.9603404998779
40.5057291666667,10.9609365463257
40.5090625,10.9614729881287
40.5123958333333,10.9618902206421
40.5157291666667,10.9622478485107
40.5190625,10.9625458717346
40.5223958333333,10.9627246856689
40.5257291666667,10.9628438949585
40.5290625,10.962963104248
40.5323958333333,10.9630227088928
40.5357291666667,10.9631419181824
40.5390625,10.9632015228271
40.5423958333333,10.9633803367615
40.5457291666667,10.9636187553406
40.5490625,10.9639167785645
40.5523958333333,10.9643340110779
40.5557291666667,10.9649300575256
40.5590625,10.9655857086182
40.5623958333333,10.966420173645
40.5657291666667,10.9673738479614
40.5690625,10.9684467315674
40.5723958333333,10.9696984291077
40.5757291666667,10.9710693359375
40.5790625,10.9725594520569
40.5823958333333,10.9742879867554
40.5857291666667,10.9761357307434
40.5890625,10.978102684021
40.5923958333333,10.9801888465881
40.5957291666667,10.9823346138
40.5990625,10.9845399856567
40.6023958333333,10.986864566803
40.6057291666667,10.9891891479492
40.6090625,10.9915137290955
40.6123958333333,10.9938383102417
40.6157291666667,10.9961032867432
40.6190625,10.9983086585999
40.6223958333333,11.0004544258118
40.6257291666667,11.0024213790894
40.6290625,11.0042095184326
40.6323958333333,11.0058188438416
40.6357291666667,11.0071301460266
40.6390625,11.0081434249878
40.6423958333333,11.0087990760803
40.6457291666667,11.0090970993042
40.6490625,11.009156703949
40.6523958333333,11.0088586807251
40.6557291666667,11.0082626342773
40.6590625,11.0074877738953
40.6623958333333,11.0065340995789
40.6657291666667,11.0054016113281
40.6690625,11.0042095184326
40.6723958333333,11.0029578208923
40.6757291666667,11.0016465187073
40.6790625,11.0003352165222
40.6823958333333,10.9990239143372
40.6857291666667,10.9977722167969
40.6890625,10.9965205192566
40.6923958333333,10.9953284263611
40.6957291666667,10.9941959381104
40.6990625,10.9931230545044
40.7023958333333,10.9921097755432
40.7057291666667,10.9912753105164
40.7090625,10.9905004501343
40.7123958333333,10.9899044036865
40.7157291666667,10.9894275665283
40.7190625,10.9890699386597
40.7223958333333,10.9889507293701
40.7257291666667,10.9889507293701
40.7290625,10.9891891479492
40.7323958333333,10.9896063804626
40.7357291666667,10.9902620315552
40.7390625,10.9910368919373
40.7423958333333,10.9921097755432
40.7457291666667,10.9933614730835
40.7490625,10.9947919845581
40.7523958333333,10.9964609146118
40.7557291666667,10.9982490539551
40.7590625,11.0002160072327
40.7623958333333,11.0023617744446
40.7657291666667,11.0045671463013
40.7690625,11.0069513320923
40.7723958333333,11.0093951225281
40.7757291666667,11.0119581222534
40.7790625,11.0145807266235
40.7823958333333,11.0173225402832
40.7857291666667,11.0201835632324
40.7890625,11.0231041908264
40.7923958333333,11.0260844230652
40.7957291666667,11.0292434692383
40.7990625,11.0324621200562
40.8023958333333,11.0357999801636
40.8057291666667,11.0391974449158
40.8090625,11.0427737236023
40.8123958333333,11.0464096069336
40.8157291666667,11.0501050949097
40.8190625,11.0539197921753
40.8223958333333,11.0578536987305
40.8257291666667,11.0617876052856
40.8290625,11.0657215118408
40.8323958333333,11.0697150230408
40.8357291666667,11.0736489295959
40.8390625,11.0775828361511
40.8423958333333,11.0814571380615
40.8457291666667,11.0852122306824
40.8490625,11.0889673233032
40.8523958333333,11.0927224159241
40.8557291666667,11.0964179039001
40.8590625,11.100172996521
40.8623958333333,11.1040472984314
40.8657291666667,11.1079216003418
40.8690625,11.1119747161865
40.8723958333333,11.116087436676
40.8757291666667,11.1203193664551
40.8790625,11.1246705055237
40.8823958333333,11.1290216445923
40.8857291666667,11.1334919929504
40.8890625,11.1380219459534
40.8923958333333,11.1426115036011
40.8957291666667,11.1472606658936
40.8990625,11.1520290374756
40.9023958333333,11.1569166183472
40.9057291666667,11.1619830131531
40.9090625,11.1672282218933
40.9123958333333,11.1727118492126
40.9157291666667,11.1784338951111
40.9190625,11.1843943595886
40.9223958333333,11.1905932426453
40.9257291666667,11.1971497535706
40.9290625,11.203944683075
40.9323958333333,11.2110376358032
40.9357291666667,11.2184882164001
40.9390625,11.2261772155762
40.9423958333333,11.2341046333313
40.9457291666667,11.2422108650208
40.9490625,11.2504363059998
40.9523958333333,11.2587213516235
40.9557291666667,11.2670063972473
40.9590625,11.275053024292
40.9623958333333,11.2828016281128
40.9657291666667,11.2901329994202
40.9690625,11.2969279289246
40.9723958333333,11.3030076026917
40.9757291666667,11.3083720207214
40.9790625,11.3128423690796
40.9823958333333,11.3163590431213
40.9857291666667,11.3188624382019
40.9890625,11.3204121589661
40.9923958333333,11.3208889961243
40.9957291666667,11.3204717636108
40.9990625,11.3190412521362
41.0023958333333,11.3168358802795
41.0057291666667,11.3138556480408
41.0090625,11.3101601600647
41.0123958333333,11.3059878349304
41.0157291666667,11.3013386726379
41.0190625,11.2964510917664
41.0223958333333,11.2913250923157
41.0257291666667,11.2861394882202
41.0290625,11.2810134887695
41.0323958333333,11.2760066986084
41.0357291666667,11.2712979316711
41.0390625,11.2669467926025
41.0423958333333,11.2631320953369
41.0457291666667,11.2597942352295
41.0490625,11.2571716308594
41.0523958333333,11.255145072937
41.0557291666667,11.253833770752
41.0590625,11.2531781196594
41.0623958333333,11.2531781196594
41.0657291666667,11.2537741661072
41.0690625,11.2548470497131
41.0723958333333,11.2564563751221
41.0757291666667,11.2583637237549
41.0790625,11.2605690956116
41.0823958333333,11.2628936767578
41.0857291666667,11.2652778625488
41.0890625,11.2675428390503
41.0923958333333,11.2694501876831
41.0957291666667,11.271059513092
41.0990625,11.2720727920532
41.1023958333333,11.2724900245667
41.1057291666667,11.2721920013428
41.1090625,11.2711787223816
41.1123958333333,11.2693309783936
41.1157291666667,11.2667083740234
41.1190625,11.2634301185608
41.1223958333333,11.2594366073608
41.1257291666667,11.2549662590027
41.1290625,11.2499594688416
41.1323958333333,11.244535446167
41.1357291666667,11.2387537956238
41.1390625,11.2327933311462
41.1423958333333,11.2267136573792
41.1457291666667,11.2205147743225
41.1490625,11.2143754959106
41.1523958333333,11.2083554267883
41.1557291666667,11.2024545669556
41.1590625,11.1968517303467
41.1623958333333,11.1915469169617
41.1657291666667,11.1865997314453
41.1690625,11.1820697784424
41.1723958333333,11.1780166625977
41.1757291666667,11.1743211746216
41.1790625,11.1711025238037
41.1823958333333,11.1682415008545
41.1857291666667,11.1657381057739
41.1890625,11.1635327339172
41.1923958333333,11.1616253852844
41.1957291666667,11.1599564552307
41.1990625,11.1585259437561
41.2023958333333,11.1572742462158
41.2057291666667,11.1561417579651
41.2090625,11.1551284790039
41.2123958333333,11.1542940139771
41.2157291666667,11.153519153595
41.2190625,11.1528038978577
41.2223958333333,11.1522078514099
41.2257291666667,11.1516714096069
41.2290625,11.1511945724487
41.2323958333333,11.1507773399353
41.2357291666667,11.1504793167114
41.2390625,11.1501812934875
41.2423958333333,11.1500024795532
41.2457291666667,11.1499428749084
41.2490625,11.1500024795532
41.2523958333333,11.1501216888428
41.2557291666667,11.1503601074219
41.2590625,11.150598526001
41.2623958333333,11.1509561538696
41.2657291666667,11.1513733863831
41.2690625,11.1517906188965
41.2723958333333,11.1522674560547
41.2757291666667,11.1526846885681
41.2790625,11.1531019210815
41.2823958333333,11.1534595489502
41.2857291666667,11.1538767814636
41.2890625,11.1541748046875
41.2923958333333,11.1544132232666
41.2957291666667,11.1546516418457
41.2990625,11.1547708511353
41.3023958333333,11.1547708511353
41.3057291666667,11.1547708511353
41.3090625,11.1546516418457
41.3123958333333,11.1544728279114
41.3157291666667,11.1542344093323
41.3190625,11.1538767814636
41.3223958333333,11.153519153595
41.3257291666667,11.1531019210815
41.3290625,11.1526846885681
41.3323958333333,11.1522078514099
41.3357291666667,11.1516714096069
41.3390625,11.151134967804
41.3423958333333,11.1505389213562
41.3457291666667,11.1499428749084
41.3490625,11.1493468284607
41.3523958333333,11.1487507820129
41.3557291666667,11.14821434021
41.3590625,11.147677898407
41.3623958333333,11.1472010612488
41.3657291666667,11.1467838287354
41.3690625,11.1464858055115
41.3723958333333,11.1463665962219
41.3757291666667,11.1463665962219
41.3790625,11.1465454101563
41.3823958333333,11.1469626426697
41.3857291666667,11.147677898407
41.3890625,11.1486315727234
41.3923958333333,11.1499428749084
41.3957291666667,11.1516118049622
41.3990625,11.1536383628845
41.4023958333333,11.1560225486755
41.4057291666667,11.1587643623352
41.4090625,11.1619830131531
41.4123958333333,11.1655592918396
41.4157291666667,11.1695528030396
41.4190625,11.1739635467529
41.4223958333333,11.1789107322693
41.4257291666667,11.1843347549438
41.4290625,11.1902952194214
41.4323958333333,11.1967325210571
41.4357291666667,11.2037658691406
41.4390625,11.2112760543823
41.4423958333333,11.219322681427
41.4457291666667,11.2277269363403
41.4490625,11.2364292144775
41.4523958333333,11.2454295158386
41.4557291666667,11.2544894218445
41.4590625,11.2635493278503
41.4623958333333,11.2724304199219
41.4657291666667,11.2810134887695
41.4690625,11.2891793251038
41.4723958333333,11.296808719635
41.4757291666667,11.3038420677185
41.4790625,11.3101601600647
41.4823958333333,11.3157033920288
41.4857291666667,11.3203525543213
41.4890625,11.3241672515869
41.4923958333333,11.3270282745361
41.4957291666667,11.3289952278137
41.4990625,11.3300085067749
41.5023958333333,11.3301277160645
41.5057291666667,11.3293528556824
41.5090625,11.3277435302734
41.5123958333333,11.3253593444824
41.5157291666667,11.3222002983093
41.5190625,11.3183259963989
41.5223958333333,11.3138556480408
41.5257291666667,11.3087892532349
41.5290625,11.3032460212708
41.5323958333333,11.2972855567932
41.5357291666667,11.290967464447
41.5390625,11.2844109535217
41.5423958333333,11.2777352333069
41.5457291666667,11.2709403038025
41.5490625,11.2642645835876
41.5523958333333,11.2577080726624
41.5557291666667,11.2513899803162
41.5590625,11.2453699111938
41.5623958333333,11.239767074585
41.5657291666667,11.2345218658447
41.5690625,11.2297534942627
41.5723958333333,11.2254023551941
41.5757291666667,11.2215280532837
41.5790625,11.2180113792419
41.5823958333333,11.2149119377136
41.5857291666667,11.2121105194092
41.5890625,11.2096667289734
41.5923958333333,11.2074613571167
41.5957291666667,11.2054944038391
41.5990625,11.2037658691406
41.6023958333333,11.2022757530212
41.6057291666667,11.2009048461914
41.6090625,11.1997723579407
41.6123958333333,11.1987590789795
41.6157291666667,11.1979842185974
41.6190625,11.1973881721497
41.6223958333333,11.1969709396362
41.6257291666667,11.1966729164124
41.6290625,11.1965537071228
41.6323958333333,11.1966133117676
41.6357291666667,11.1967921257019
41.6390625,11.1970901489258
41.6423958333333,11.1975073814392
41.6457291666667,11.1979842185974
41.6490625,11.1985206604004
41.6523958333333,11.1991763114929
41.6557291666667,11.1998319625854
41.6590625,11.2005472183228
41.6623958333333,11.2013220787048
41.6657291666667,11.2020969390869
41.6690625,11.202871799469
41.6723958333333,11.2036466598511
41.6757291666667,11.2044215202332
41.6790625,11.2051963806152
41.6823958333333,11.2059116363525
41.6857291666667,11.2065076828003
41.6890625,11.207103729248
41.6923958333333,11.2075805664063
41.6957291666667,11.2079381942749
41.6990625,11.2082362174988
41.7023958333333,11.2084746360779
41.7057291666667,11.208713054657
41.7090625,11.2090110778809
41.7123958333333,11.2094283103943
41.7157291666667,11.210024356842
41.7190625,11.2109780311584
41.7223958333333,11.2124085426331
41.7257291666667,11.2144947052002
41.7290625,11.217474937439
41.7323958333333,11.2216472625732
41.7357291666667,11.2273097038269
41.7390625,11.2349987030029
41.7423958333333,11.2453103065491
41.7457291666667,11.2589597702026
41.7490625,11.2767815589905
41.7523958333333,11.2999677658081
41.7557291666667,11.329710483551
41.7590625,11.3674402236938
41.7623958333333,11.4148855209351
41.7657291666667,11.4738345146179
41.7690625,11.54625415802
41.7723958333333,11.634349822998
41.7757291666667,11.7402672767639
41.7790625,11.8661522865295
41.7823958333333,12.0140910148621
41.7857291666667,12.1860504150391
41.7890625,12.3836398124695
41.7923958333333,12.6080513000488
41.7957291666667,12.860119342804
41.7990625,13.1398439407349
41.8023958333333,13.4466290473938
41.8057291666667,13.7789845466614
41.8090625,14.1345262527466
41.8123958333333,14.5100951194763
41.8157291666667,14.9015188217163
41.8190625,15.3037905693054
41.8223958333333,15.71124792099
41.8257291666667,16.1173939704895
41.8290625,16.5154933929443
41.8323958333333,16.8983936309814
41.8357291666667,17.2590613365173
41.8390625,17.5905227661133
41.8423958333333,17.8863406181335
41.8457291666667,18.1405544281006
41.8490625,18.3482766151428
41.8523958333333,18.5055732727051
41.8557291666667,18.6096429824829
41.8590625,18.6588764190674
41.8623958333333,18.6531543731689
41.8657291666667,18.5933709144592
41.8690625,18.4818506240845
41.8723958333333,18.3218121528625
41.8757291666667,18.1177258491516
41.8790625,17.8744792938232
41.8823958333333,17.5979137420654
41.8857291666667,17.2940492630005
41.8890625,16.9692039489746
41.8923958333333,16.6296362876892
41.8957291666667,16.2814855575562
41.8990625,15.9305930137634
41.9023958333333,15.582263469696
41.9057291666667,15.2413249015808
41.9090625,14.9118900299072
41.9123958333333,14.597475528717
41.9157291666667,14.3007636070251
41.9190625,14.0239596366882
41.9223958333333,13.7683749198914
41.9257291666667,13.5348439216614
41.9290625,13.3236646652222
41.9323958333333,13.1344199180603
41.9357291666667,12.966513633728
41.9390625,12.8188729286194
41.9423958333333,12.6901865005493
41.9457291666667,12.5789046287537
41.9490625,12.4833583831787
41.9523958333333,12.4018788337708
41.9557291666667,12.332558631897
41.9590625,12.2737884521484
41.9623958333333,12.2237801551819
41.9657291666667,12.1810436248779
41.9690625,12.1440887451172
41.9723958333333,12.1116638183594
41.9757291666667,12.0826363563538
41.9790625,12.0559930801392
41.9823958333333,12.0308995246887
41.9857291666667,12.0068788528442
41.9890625,11.9832754135132
41.9923958333333,11.9598507881165
41.9957291666667,11.936366558075
41.9990625,11.9126439094543
42.0023958333333,11.8886828422546
42.0057291666667,11.8645429611206
42.0090625,11.8403434753418
42.0123958333333,11.8162631988525
42.0157291666667,11.7924809455872
42.0190625,11.7692351341248
42.0223958333333,11.746883392334
42.0257291666667,11.7257237434387
42.0290625,11.7061734199524
42.0323958333333,11.6885304450989
42.0357291666667,11.6732716560364
42.0390625,11.6608738899231
42.0423958333333,11.6517543792725
42.0457291666667,11.6465091705322
42.0490625,11.6456151008606
42.0523958333333,11.6497278213501
42.0557291666667,11.6594433784485
42.0590625,11.6754770278931
42.0623958333333,11.6986036300659
42.0657291666667,11.7297172546387
42.0690625,11.7697715759277
42.0723958333333,11.8197798728943
42.0757291666667,11.8808746337891
42.0790625,11.9541883468628
42.0823958333333,12.040913105011
42.0857291666667,12.1423006057739
42.0890625,12.2594833374023
42.0923958333333,12.3934745788574
42.0957291666667,12.5452280044556
42.0990625,12.715220451355
42.1023958333333,12.9039287567139
42.1057291666667,13.1111741065979
42.1090625,13.3365392684937
42.1123958333333,13.5789513587952
42.1157291666667,13.8368010520935
42.1190625,14.1079425811768
42.1223958333333,14.3895745277405
42.1257291666667,14.6783590316772
42.1290625,14.9703621864319
42.1323958333333,15.2612924575806
42.1357291666667,15.546441078186
42.1390625,15.8209204673767
42.1423958333333,16.0797238349915
42.1457291666667,16.3179636001587
42.1490625,16.5309906005859
42.1523958333333,16.7146325111389
42.1557291666667,16.8652534484863
42.1590625,16.9798731803894
42.1623958333333,17.056405544281
42.1657291666667,17.0935392379761
42.1690625,17.0909762382507
42.1723958333333,17.0493125915527
42.1757291666667,16.9700980186462
42.1790625,16.8557167053223
42.1823958333333,16.7095065116882
42.1857291666667,16.5352821350098
42.1890625,16.3376927375793
42.1923958333333,16.1216855049133
42.1957291666667,15.8928632736206
42.1990625,15.6568884849548
42.2023958333333,15.4198408126831
42.2057291666667,15.1879191398621
42.2090625,14.9677395820618
42.2123958333333,14.7659778594971
42.2157291666667,14.5899653434753
42.2190625,14.4476294517517
42.2223958333333,14.3479108810425
42.2257291666667,14.3012404441833
42.2290625,14.3198370933533
42.2323958333333,14.4186615943909
42.2357291666667,14.6161913871765
42.2390625,14.9351358413696
42.2423958333333,15.4038667678833
42.2457291666667,16.0574316978455
42.2490625,16.9387459754944
42.2523958333333,18.1001424789429
42.2557291666667,19.6040272712708
42.2590625,21.52419090271
42.2623958333333,23.9460468292236
42.2657291666667,26.9668102264404
42.2690625,30.6946635246277
42.2723958333333,35.2472066879272
42.2757291666667,40.7490730285645
42.2790625,47.3283529281616
42.2823958333333,55.1120638847351
42.2857291666667,64.2205476760864
42.2890625,74.7610926628113
42.2923958333333,86.8211388587952
42.2957291666667,100.460648536682
42.2990625,115.705490112305
42.3023958333333,132.54052400589
42.3057291666667,150.904297828674
42.3090625,170.685231685638
42.3123958333333,191.719174385071
42.3157291666667,213.790118694305
42.3190625,236.632108688354
42.3223958333333,259.934842586517
42.3257291666667,283.350586891174
42.3290625,306.503593921661
42.3323958333333,329.001247882843
42.3357291666667,350.446045398712
42.3390625,370.448291301727
42.3423958333333,388.638854026794
42.3457291666667,404.680907726288
42.3490625,418.280839920044
42.3523958333333,429.196953773499
42.3557291666667,437.246739864349
42.3590625,442.31128692627
42.3623958333333,444.337427616119
42.3657291666667,443.337678909302
42.3690625,439.387440681458
42.3723958333333,432.620763778687
42.3757291666667,423.223733901978
42.3790625,411.427021026611
42.3823958333333,397.497117519379
42.3857291666667,381.72721862793
42.3890625,364.42768573761
42.3923958333333,345.917165279388
42.3957291666667,326.513648033142
42.3990625,306.526839733124
42.4023958333333,286.25100851059
42.4057291666667,265.959560871124
42.4090625,245.900332927704
42.4123958333333,226.292312145233
42.4157291666667,207.323431968689
42.4190625,189.149856567383
42.4223958333333,171.895861625671
42.4257291666667,155.654966831207
42.4290625,140.491425991058
42.4323958333333,126.442849636078
42.4357291666667,113.52276802063
42.4390625,101.723730564117
42.4423958333333,91.0205841064453
42.4457291666667,81.3736319541931
42.4490625,72.731614112854
42.4523958333333,65.0348663330078
42.4557291666667,58.2178235054016
42.4590625,52.2114634513855
42.4623958333333,46.945333480835
42.4657291666667,42.3493385314941
42.4690625,38.3552312850952
42.4723958333333,34.8975658416748
42.4757291666667,31.9145917892456
42.4790625,29.3488502502441
42.4823958333333,27.1475911140442
42.4857291666667,25.262713432312
42.4890625,23.6511826515198
42.4923958333333,22.2744345664978
42.4957291666667,21.0985541343689
42.4990625,20.0937986373901
42.5023958333333,19.2342400550842
42.5057291666667,18.4975862503052
42.5090625,17.8647041320801
42.5123958333333,17.3192620277405
42.5157291666667,16.8474912643433
42.5190625,16.4375901222229
42.5223958333333,16.079843044281
42.5257291666667,15.7660841941833
42.5290625,15.489399433136
42.5323958333333,15.2441263198853
42.5357291666667,15.0255560874939
42.5390625,14.8298144340515
42.5423958333333,14.6536231040955
42.5457291666667,14.4942998886108
42.5490625,14.349639415741
42.5523958333333,14.2177939414978
42.5557291666667,14.0971541404724
42.5590625,13.9864683151245
42.5623958333333,13.8845443725586
42.5657291666667,13.7905478477478
42.5690625,13.7035846710205
42.5723958333333,13.6229395866394
42.5757291666667,13.5480165481567
42.5790625,13.4782195091248
42.5823958333333,13.4131908416748
42.5857291666667,13.3523941040039
42.5890625,13.295590877533
42.5923958333333,13.2423043251038
42.5957291666667,13.1924152374268
42.5990625,13.1455659866333
42.6023958333333,13.1016373634338
42.6057291666667,13.0602717399597
42.6090625,13.0212903022766
42.6123958333333,12.984573841095
42.6157291666667,12.9498839378357
42.6190625,12.9169821739197
42.6223958333333,12.8858685493469
42.6257291666667,12.8562450408936
42.6290625,12.8280520439148
42.6323958333333,12.8011703491211
42.6357291666667,12.7754807472229
42.6390625,12.7509236335754
42.6423958333333,12.7274394035339
42.6457291666667,12.7049088478088
42.6490625,12.6833319664001
42.6523958333333,12.6626491546631
42.6557291666667,12.6428008079529
42.6590625,12.6237869262695
42.6623958333333,12.6055479049683
42.6657291666667,12.5880241394043
42.6690625,12.5712156295776
42.6723958333333,12.5551819801331
42.6757291666667,12.539803981781
42.6790625,12.5250220298767
42.6823958333333,12.5109553337097
42.6857291666667,12.4974846839905
42.6890625,12.4846696853638
42.6923958333333,12.4724507331848
42.6957291666667,12.4607682228088
42.6990625,12.4497413635254
42.7023958333333,12.4393701553345
42.7057291666667,12.4297142028809
42.7090625,12.4208927154541
42.7123958333333,12.4129056930542
42.7157291666667,12.4059319496155
42.7190625,12.4000906944275
42.7223958333333,12.395441532135
42.7257291666667,12.3921036720276
42.7290625,12.3902559280396
42.7323958333333,12.3898983001709
42.7357291666667,12.3910903930664
42.7390625,12.3939514160156
42.7423958333333,12.3984813690186
42.7457291666667,12.4046802520752
42.7490625,12.4126076698303
42.7523958333333,12.4222636222839
42.7557291666667,12.433648109436
42.7590625,12.4467611312866
42.7623958333333,12.4614834785461
42.7657291666667,12.4777555465698
42.7690625,12.4953985214233
42.7723958333333,12.5143527984619
42.7757291666667,12.5343799591064
42.7790625,12.5551223754883
42.7823958333333,12.5764608383179
42.7857291666667,12.597918510437
42.7890625,12.6193165779114
42.7923958333333,12.6402378082275
42.7957291666667,12.6603841781616
42.7990625,12.679398059845
42.8023958333333,12.6969814300537
42.8057291666667,12.7128958702087
42.8090625,12.7267837524414
42.8123958333333,12.7384662628174
42.8157291666667,12.7477645874023
42.8190625,12.7545595169067
42.8223958333333,12.7586722373962
42.8257291666667,12.7601623535156
42.8290625,12.7589106559753
42.8323958333333,12.7549767494202
42.8357291666667,12.7484798431396
42.8390625,12.7394795417786
42.8423958333333,12.7281546592712
42.8457291666667,12.7146244049072
42.8490625,12.6991868019104
42.8523958333333,12.6820206642151
42.8557291666667,12.6634240150452
42.8590625,12.6436352729797
42.8623958333333,12.6229524612427
42.8657291666667,12.6015543937683
42.8690625,12.5798583030701
42.8723958333333,12.5579833984375
42.8757291666667,12.5361680984497
42.8790625,12.5147104263306
42.8823958333333,12.4938488006592
42.8857291666667,12.4737024307251
42.8890625,12.4544501304626
42.8923958333333,12.4362707138062
42.8957291666667,12.4193429946899
42.8990625,12.4037861824036
42.9023958333333,12.3896598815918
42.9057291666667,12.3769640922546
42.9090625,12.3658180236816
42.9123958333333,12.3562812805176
42.9157291666667,12.3482346534729
42.9190625,12.3416781425476
42.9223958333333,12.3365521430969
42.9257291666667,12.3327970504761
42.9290625,12.3302340507507
42.9323958333333,12.3287439346313
42.9357291666667,12.3281478881836
42.9390625,12.3282670974731
42.9423958333333,12.3288035392761
42.9457291666667,12.329638004303
42.9490625,12.3304724693298
42.9523958333333,12.3311281204224
42.9557291666667,12.3313665390015
42.9590625,12.3310089111328
42.9623958333333,12.3299360275269
42.9657291666667,12.3279690742493
42.9690625,12.3249888420105
42.9723958333333,12.320876121521
42.9757291666667,12.3156309127808
42.9790625,12.3091340065002
42.9823958333333,12.3013854026794
42.9857291666667,12.2923851013184
42.9890625,12.2821927070618
42.9923958333333,12.2708082199097
42.9957291666667,12.2583508491516
42.9990625,12.2448801994324
43.0023958333333,12.2306346893311
43.0057291666667,12.2156143188477
43.0090625,12.2001171112061
43.0123958333333,12.184202671051
43.0157291666667,12.1681094169617
43.0190625,12.1519565582275
43.0223958333333,12.1359825134277
43.0257291666667,12.1201872825623
43.0290625,12.1048092842102
43.0323958333333,12.0899081230164
43.0357291666667,12.0756030082703
43.0390625,12.0619535446167
43.0423958333333,12.0489597320557
43.0457291666667,12.0366811752319
43.0490625,12.0251774787903
43.0523958333333,12.0143294334412
43.0557291666667,12.0041966438293
43.0590625,11.9947195053101
43.0623958333333,11.9858980178833
43.0657291666667,11.9776725769043
43.0690625,11.9699835777283
43.0723958333333,11.9628310203552
43.0757291666667,11.9561553001404
43.0790625,11.949896812439
43.0823958333333,11.944055557251
43.0857291666667,11.9385123252869
43.0890625,11.9333267211914
43.0923958333333,11.928379535675
43.0957291666667,11.9236707687378
43.0990625,11.9190812110901
43.1023958333333,11.9147300720215
43.1057291666667,11.9105577468872
43.1090625,11.9064450263977
43.1123958333333,11.9025111198425
43.1157291666667,11.8986964225769
43.1190625,11.8950009346008
43.1223958333333,11.8914246559143
43.1257291666667,11.8879079818726
43.1290625,11.8844509124756
43.1323958333333,11.8810534477234
43.1357291666667,11.877715587616
43.1390625,11.8743181228638
43.1423958333333,11.8709206581116
43.1457291666667,11.8674635887146
43.1490625,11.8640065193176
43.1523958333333,11.8604898452759
43.1557291666667,11.8569135665894
43.1590625,11.8532776832581
43.1623958333333,11.8496417999268
43.1657291666667,11.8460059165955
43.1690625,11.8423700332642
43.1723958333333,11.8387341499329
43.1757291666667,11.8351578712463
43.1790625,11.8316411972046
43.1823958333333,11.8281245231628
43.1857291666667,11.8246674537659
43.1890625,11.8213295936584
43.1923958333333,11.8180513381958
43.1957291666667,11.8148922920227
43.1990625,11.8117928504944
43.2023958333333,11.8089318275452
43.2057291666667,11.8061900138855
43.2090625,11.8036270141602
43.2123958333333,11.8013024330139
43.2157291666667,11.7992758750916
43.2190625,11.7976069450378
43.2223958333333,11.7964148521423
43.2257291666667,11.795699596405
43.2290625,11.7957592010498
43.2323958333333,11.7966532707214
43.2357291666667,11.7987394332886
43.2390625,11.8021965026855
43.2423958333333,11.807382106781
43.2457291666667,11.8147134780884
43.2490625,11.8246674537659
43.2523958333333,11.8377208709717
43.2557291666667,11.8545293807983
43.2590625,11.8756890296936
43.2623958333333,11.9020342826843
43.2657291666667,11.9343400001526
43.2690625,11.9735598564148
43.2723958333333,12.0206475257874
43.2757291666667,12.0764970779419
43.2790625,12.1421217918396
43.2823958333333,12.2184753417969
43.2857291666667,12.3065710067749
43.2890625,12.4071836471558
43.2923958333333,12.5211477279663
43.2957291666667,12.6491189002991
43.2990625,12.7915143966675
43.3023958333333,12.9485726356506
43.3057291666667,13.1204128265381
43.3090625,13.3066773414612
43.3123958333333,13.5068297386169
43.3157291666667,13.7200355529785
43.3190625,13.9449834823608
43.3223958333333,14.180064201355
43.3257291666667,14.4233703613281
43.3290625,14.6726369857788
43.3323958333333,14.9253606796265
43.3357291666667,15.1787400245667
43.3390625,15.4297947883606
43.3423958333333,15.67542552948
43.3457291666667,15.9124732017517
43.3490625,16.1376595497131
43.3523958333333,16.3479447364807
43.3557291666667,16.5403485298157
43.3590625,16.7121291160583
43.3623958333333,16.8608427047729
43.3657291666667,16.9843435287476
43.3690625,17.0810222625732
43.3723958333333,17.1495676040649
43.3757291666667,17.1891450881958
43.3790625,17.1995162963867
43.3823958333333,17.1809196472168
43.3857291666667,17.1339511871338
43.3890625,17.0596837997437
43.3923958333333,16.9596672058105
43.3957291666667,16.8357491493225
43.3990625,16.6901350021362
43.4023958333333,16.5252685546875
43.4057291666667,16.3436532020569
43.4090625,16.1481499671936
43.4123958333333,15.9413814544678
43.4157291666667,15.7262682914734
43.4190625,15.5054926872253
43.4223958333333,15.2816772460938
43.4257291666667,15.057384967804
43.4290625,14.8348212242126
43.4323958333333,14.6161913871765
43.4357291666667,14.403223991394
43.4390625,14.1976475715637
43.4423958333333,14.0007734298706
43.4457291666667,13.8136148452759
43.4490625,13.6370062828064
43.4523958333333,13.4715437889099
43.4557291666667,13.3174061775208
43.4590625,13.174831867218
43.4623958333333,13.0437016487122
43.4657291666667,12.9237174987793
43.4690625,12.8145813941956
43.4723958333333,12.715756893158
43.4757291666667,12.6267075538635
43.4790625,12.5468373298645
43.4823958333333,12.4754905700684
43.4857291666667,12.4120712280273
43.4890625,12.3559236526489
43.4923958333333,12.3063325881958
43.4957291666667,12.2626423835754
43.4990625,12.2242569923401
43.5023958333333,12.1905207633972
43.5057291666667,12.1610164642334
43.5090625,12.1350288391113
43.5123958333333,12.1122002601624
43.5157291666667,12.0920538902283
43.5190625,12.0741128921509
43.5223958333333,12.0580792427063
43.5257291666667,12.0436549186707
43.5290625,12.0306611061096
43.5323958333333,12.0187401771545
43.5357291666667,12.0078325271606
43.5390625,11.9977593421936
43.5423958333333,11.9884610176086
43.5457291666667,11.9798183441162
43.5490625,11.9717717170715
43.5523958333333,11.9642615318298
43.5557291666667,11.9571685791016
43.5590625,11.9505524635315
43.5623958333333,11.9442939758301
43.5657291666667,11.9384527206421
43.5690625,11.932909488678
43.5723958333333,11.9276642799377
43.5757291666667,11.9226574897766
43.5790625,11.9179487228394
43.5823958333333,11.9134187698364
43.5857291666667,11.9091868400574
43.5890625,11.9050741195679
43.5923958333333,11.9011998176575
43.5957291666667,11.8974447250366
43.5990625,11.8938684463501
43.6023958333333,11.8904113769531
43.6057291666667,11.8871331214905
43.6090625,11.8840336799622
43.6123958333333,11.8810534477234
43.6157291666667,11.8782520294189
43.6190625,11.8755698204041
43.6223958333333,11.8731260299683
43.6257291666667,11.8707418441772
43.6290625,11.8685364723206
43.6323958333333,11.8663907051086
43.6357291666667,11.8643641471863
43.6390625,11.8623971939087
43.6423958333333,11.8604302406311
43.6457291666667,11.8585228919983
43.6490625,11.8565559387207
43.6523958333333,11.8545889854431
43.6557291666667,11.8526220321655
43.6590625,11.8505954742432
43.6623958333333,11.848509311676
43.6657291666667,11.8465423583984
43.6690625,11.8445754051208
43.6723958333333,11.842668056488
43.6757291666667,11.8408799171448
43.6790625,11.8392109870911
43.6823958333333,11.8376016616821
43.6857291666667,11.836051940918
43.6890625,11.8345618247986
43.6923958333333,11.833131313324
43.6957291666667,11.8317008018494
43.6990625,11.8302702903748
43.7023958333333,11.8288397789001
43.7057291666667,11.8274092674255
43.7090625,11.8259191513062
43.7123958333333,11.8244886398315
43.7157291666667,11.8229985237122
43.7190625,11.8215084075928
43.7223958333333,11.8199586868286
43.7257291666667,11.8184685707092
43.7290625,11.8170380592346
43.7323958333333,11.8156671524048
43.7357291666667,11.8144154548645
43.7390625,11.8132829666138
43.7423958333333,11.8123292922974
43.7457291666667,11.8114948272705
43.7490625,11.8107795715332
43.7523958333333,11.8101835250854
43.7557291666667,11.8096470832825
43.7590625,11.8091702461243
43.7623958333333,11.8086934089661
43.7657291666667,11.8081569671631
43.7690625,11.8075609207153
43.7723958333333,11.8069052696228
43.7757291666667,11.8061900138855
43.7790625,11.8054151535034
43.7823958333333,11.8046402931213
43.7857291666667,11.803925037384
43.7890625,11.803150177002
43.7923958333333,11.8024945259094
43.7957291666667,11.8018984794617
43.7990625,11.8014216423035
43.8023958333333,11.80100440979
43.8057291666667,11.8007063865662
43.8090625,11.8004679679871
43.8123958333333,11.8003487586975
43.8157291666667,11.8002891540527
43.8190625,11.8001699447632
43.8223958333333,11.8001103401184
43.8257291666667,11.7999315261841
43.8290625,11.7997527122498
43.8323958333333,11.7994546890259
43.8357291666667,11.7990374565125
43.8390625,11.7985606193542
43.8423958333333,11.7979645729065
43.8457291666667,11.797308921814
43.8490625,11.7965936660767
43.8523958333333,11.795699596405
43.8557291666667,11.7948055267334
43.8590625,11.7937326431274
43.8623958333333,11.7926001548767
43.8657291666667,11.7913484573364
43.8690625,11.7899179458618
43.8723958333333,11.7884278297424
43.8757291666667,11.7868185043335
43.8790625,11.7850303649902
43.8823958333333,11.783242225647
43.8857291666667,11.7813944816589
43.8890625,11.7794871330261
43.8923958333333,11.7775797843933
43.8957291666667,11.7756724357605
43.8990625,11.7738246917725
43.9023958333333,11.7720365524292
43.9057291666667,11.7703676223755
43.9090625,11.7686986923218
43.9123958333333,11.7672085762024
43.9157291666667,11.7657780647278
43.9190625,11.7645263671875
43.9223958333333,11.7634534835815
43.9257291666667,11.7624998092651
43.9290625,11.7617249488831
43.9323958333333,11.7611885070801
43.9357291666667,11.7608904838562
43.9390625,11.7607712745667
43.9423958333333,11.7608308792114
43.9457291666667,11.7610096931458
43.9490625,11.7613673210144
43.9523958333333,11.7617845535278
43.9557291666667,11.762261390686
43.9590625,11.762797832489
43.9623958333333,11.763334274292
43.9657291666667,11.763870716095
43.9690625,11.7644071578979
43.9723958333333,11.7650032043457
43.9757291666667,11.7655992507935
43.9790625,11.7663145065308
43.9823958333333,11.7670297622681
43.9857291666667,11.7677450180054
43.9890625,11.7685198783875
43.9923958333333,11.7692947387695
43.9957291666667,11.7700695991516
43.9990625,11.7707848548889
44.0023958333333,11.7714405059814
44.0057291666667,11.7720365524292
44.0090625,11.7725729942322
44.0123958333333,11.7730498313904
44.0157291666667,11.7734670639038
44.0190625,11.7738246917725
44.0223958333333,11.7741823196411
44.0257291666667,11.774480342865
44.0290625,11.7747783660889
44.0323958333333,11.775016784668
44.0357291666667,11.7751955986023
44.0390625,11.7754340171814
44.0423958333333,11.7756128311157
44.0457291666667,11.7758512496948
44.0490625,11.7761492729187
44.0523958333333,11.7765069007874
44.0557291666667,11.7769241333008
44.0590625,11.777400970459
44.0623958333333,11.777937412262
44.0657291666667,11.7784738540649
44.0690625,11.7790699005127
44.0723958333333,11.7795467376709
44.0757291666667,11.7800235748291
44.0790625,11.7803812026978
44.0823958333333,11.7807388305664
44.0857291666667,11.7809772491455
44.0890625,11.7812156677246
44.0923958333333,11.7813348770142
44.0957291666667,11.7813944816589
44.0990625,11.7813944816589
44.1023958333333,11.7813348770142
44.1057291666667,11.7811560630798
44.1090625,11.780858039856
44.1123958333333,11.7804408073425
44.1157291666667,11.7798447608948
44.1190625,11.7791891098022
44.1223958333333,11.7784738540649
44.1257291666667,11.7776393890381
44.1290625,11.776864528656
44.1323958333333,11.7760896682739
44.1357291666667,11.7753148078918
44.1390625,11.7746591567993
44.1423958333333,11.7740035057068
44.1457291666667,11.7734670639038
44.1490625,11.7729306221008
44.1523958333333,11.7724537849426
44.1557291666667,11.772096157074
44.1590625,11.7717385292053
44.1623958333333,11.7714405059814
44.1657291666667,11.7712616920471
44.1690625,11.7711424827576
44.1723958333333,11.7710828781128
44.1757291666667,11.7710828781128
44.1790625,11.7711424827576
44.1823958333333,11.7712616920471
44.1857291666667,11.7713809013367
44.1890625,11.7715001106262
44.1923958333333,11.7716789245605
44.1957291666667,11.7719173431396
44.1990625,11.7721557617188
44.2023958333333,11.7724537849426
44.2057291666667,11.7727518081665
44.2090625,11.7730498313904
44.2123958333333,11.773407459259
44.2157291666667,11.7738246917725
44.2190625,11.7741823196411
44.2223958333333,11.7745399475098
44.2257291666667,11.7748975753784
44.2290625,11.7751955986023
44.2323958333333,11.7754936218262
44.2357291666667,11.7757320404053
44.2390625,11.7759108543396
44.2423958333333,11.7760896682739
44.2457291666667,11.7762088775635
44.2490625,11.776328086853
44.2523958333333,11.7763876914978
44.2557291666667,11.7765665054321
44.2590625,11.7767453193665
44.2623958333333,11.7769837379456
44.2657291666667,11.7772817611694
44.2690625,11.7776393890381
44.2723958333333,11.7780566215515
44.2757291666667,11.7785930633545
44.2790625,11.7791891098022
44.2823958333333,11.77978515625
44.2857291666667,11.7804408073425
44.2890625,11.7810964584351
44.2923958333333,11.7818117141724
44.2957291666667,11.7824673652649
44.2990625,11.7831230163574
44.3023958333333,11.78377866745
44.3057291666667,11.7844343185425
44.3090625,11.785089969635
44.3123958333333,11.7856860160828
44.3157291666667,11.7862820625305
44.3190625,11.7868781089783
44.3223958333333,11.7873549461365
44.3257291666667,11.7877721786499
44.3290625,11.7881894111633
44.3323958333333,11.7884874343872
44.3357291666667,11.7887854576111
44.3390625,11.7890238761902
44.3423958333333,11.7892026901245
44.3457291666667,11.7893815040588
44.3490625,11.7895007133484
44.3523958333333,11.7895603179932
44.3557291666667,11.7896199226379
44.3590625,11.7895603179932
44.3623958333333,11.7893815040588
44.3657291666667,11.7892026901245
44.3690625,11.7889642715454
44.3723958333333,11.7887258529663
44.3757291666667,11.7884278297424
44.3790625,11.7881894111633
44.3823958333333,11.788010597229
44.3857291666667,11.7878913879395
44.3890625,11.7877721786499
44.3923958333333,11.7878317832947
44.3957291666667,11.7878913879395
44.3990625,11.788010597229
44.4023958333333,11.7881894111633
44.4057291666667,11.7883682250977
44.4090625,11.7886662483215
44.4123958333333,11.7890238761902
44.4157291666667,11.7894411087036
44.4190625,11.7899179458618
44.4223958333333,11.7904543876648
44.4257291666667,11.7909908294678
44.4290625,11.7915272712708
44.4323958333333,11.7920637130737
44.4357291666667,11.7926001548767
44.4390625,11.7930173873901
44.4423958333333,11.793315410614
44.4457291666667,11.7935538291931
44.4490625,11.7936134338379
44.4523958333333,11.7936134338379
44.4557291666667,11.7934942245483
44.4590625,11.7932558059692
44.4623958333333,11.7929577827454
44.4657291666667,11.7925405502319
44.4690625,11.7920637130737
44.4723958333333,11.7915272712708
44.4757291666667,11.7908716201782
44.4790625,11.7901563644409
44.4823958333333,11.7893815040588
44.4857291666667,11.7886066436768
44.4890625,11.7877721786499
44.4923958333333,11.786937713623
44.4957291666667,11.786162853241
44.4990625,11.7855072021484
44.5023958333333,11.7848515510559
44.5057291666667,11.7843747138977
44.5090625,11.7840170860291
44.5123958333333,11.7838382720947
44.5157291666667,11.7837190628052
44.5190625,11.78377866745
44.5223958333333,11.7838978767395
44.5257291666667,11.7840170860291
44.5290625,11.7842555046082
44.5323958333333,11.784553527832
44.5357291666667,11.7848515510559
44.5390625,11.7851495742798
44.5423958333333,11.7853879928589
44.5457291666667,11.7856860160828
44.5490625,11.7859840393066
44.5523958333333,11.7862224578857
44.5557291666667,11.7865204811096
44.5590625,11.7867588996887
44.5623958333333,11.7870569229126
44.5657291666667,11.7872953414917
44.5690625,11.7875337600708
44.5723958333333,11.7877721786499
44.5757291666667,11.7880702018738
44.5790625,11.7883086204529
44.5823958333333,11.788547039032
44.5857291666667,11.7888450622559
44.5890625,11.789083480835
44.5923958333333,11.7894411087036
44.5957291666667,11.7897987365723
44.5990625,11.7901563644409
44.6023958333333,11.7905735969543
44.6057291666667,11.7909908294678
44.6090625,11.7914080619812
44.6123958333333,11.7917656898499
44.6157291666667,11.7921233177185
44.6190625,11.7923617362976
44.6223958333333,11.7925405502319
44.6257291666667,11.7926597595215
44.6290625,11.7926001548767
44.6323958333333,11.7924213409424
44.6357291666667,11.7921233177185
44.6390625,11.7917656898499
44.6423958333333,11.7912292480469
44.6457291666667,11.7906332015991
44.6490625,11.7899775505066
44.6523958333333,11.7892026901245
44.6557291666667,11.7883086204529
44.6590625,11.7874145507813
44.6623958333333,11.7864012718201
44.6657291666667,11.7853879928589
44.6690625,11.7843747138977
44.6723958333333,11.7833614349365
44.6757291666667,11.7822885513306
44.6790625,11.7812752723694
44.6823958333333,11.7802619934082
44.6857291666667,11.7793083190918
44.6890625,11.7784142494202
44.6923958333333,11.7776393890381
44.6957291666667,11.776864528656
44.6990625,11.7762088775635
44.7023958333333,11.7756724357605
44.7057291666667,11.7751955986023
44.7090625,11.7748379707336
44.7123958333333,11.7745399475098
44.7157291666667,11.7743015289307
44.7190625,11.7741823196411
44.7223958333333,11.7741227149963
44.7257291666667,11.7741823196411
44.7290625,11.7743611335754
44.7323958333333,11.7746591567993
44.7357291666667,11.7751955986023
44.7390625,11.7758512496948
44.7423958333333,11.7767453193665
44.7457291666667,11.7778182029724
44.7490625,11.7791295051575
44.7523958333333,11.7805600166321
44.7557291666667,11.7821097373962
44.7590625,11.7837190628052
44.7623958333333,11.7853879928589
44.7657291666667,11.7870569229126
44.7690625,11.7886662483215
44.7723958333333,11.7902159690857
44.7757291666667,11.7917060852051
44.7790625,11.7931365966797
44.7823958333333,11.79438829422
44.7857291666667,11.7956399917603
44.7890625,11.796772480011
44.7923958333333,11.7977857589722
44.7957291666667,11.7988586425781
44.7990625,11.7998719215393
44.8023958333333,11.8008852005005
44.8057291666667,11.8018984794617
44.8090625,11.8029713630676
44.8123958333333,11.8041038513184
44.8157291666667,11.8052959442139
44.8190625,11.8066072463989
44.8223958333333,11.807918548584
44.8257291666667,11.8092894554138
44.8290625,11.8106603622437
44.8323958333333,11.8120312690735
44.8357291666667,11.8134021759033
44.8390625,11.8148326873779
44.8423958333333,11.8162631988525
44.8457291666667,11.8177533149719
44.8490625,11.8192434310913
44.8523958333333,11.8207931518555
44.8557291666667,11.8224620819092
44.8590625,11.8242502212524
44.8623958333333,11.82621717453
44.8657291666667,11.8283629417419
44.8690625,11.8306875228882
44.8723958333333,11.8331909179688
44.8757291666667,11.8358731269836
44.8790625,11.8387937545776
44.8823958333333,11.8419528007507
44.8857291666667,11.8452906608582
44.8890625,11.8488669395447
44.8923958333333,11.8527412414551
44.8957291666667,11.8569135665894
44.8990625,11.8615031242371
44.9023958333333,11.8664503097534
44.9057291666667,11.8718147277832
44.9090625,11.8776559829712
44.9123958333333,11.8840932846069
44.9157291666667,11.8910074234009
44.9190625,11.8985772132874
44.9223958333333,11.9066834449768
44.9257291666667,11.915385723114
44.9290625,11.924684047699
44.9323958333333,11.9345784187317
44.9357291666667,11.9450092315674
44.9390625,11.9559168815613
44.9423958333333,11.9672417640686
44.9457291666667,11.9788646697998
44.9490625,11.9908452033997
44.9523958333333,12.0029449462891
44.9557291666667,12.015163898468
44.9590625,12.0272636413574
44.9623958333333,12.0393037796021
44.9657291666667,12.0510458946228
44.9690625,12.0624899864197
44.9723958333333,12.0735168457031
44.9757291666667,12.0840668678284
44.9790625,12.0940804481506
44.9823958333333,12.1034979820251
44.9857291666667,12.1123194694519
44.9890625,12.1203660964966
44.9923958333333,12.1277570724487
44.9957291666667,12.134313583374
44.9990625,12.1400952339172
45.0023958333333,12.1449828147888
45.0057291666667,12.1490359306335
45.0090625,12.1521353721619
45.0123958333333,12.1542811393738
45.0157291666667,12.1555328369141
45.0190625,12.1558904647827
45.0223958333333,12.155294418335
45.0257291666667,12.1538043022156
45.0290625,12.1514201164246
45.0323958333333,12.1481418609619
45.0357291666667,12.1440291404724
45.0390625,12.1390819549561
45.0423958333333,12.1333003044128
45.0457291666667,12.1267437934875
45.0490625,12.1194124221802
45.0523958333333,12.1114253997803
45.0557291666667,12.1028423309326
45.0590625,12.0937824249268
45.0623958333333,12.0843052864075
45.0657291666667,12.0745301246643
45.0690625,12.0646357536316
45.0723958333333,12.0546221733093
45.0757291666667,12.0446085929871
45.0790625,12.0346546173096
45.0823958333333,12.0248794555664
45.0857291666667,12.0153427124023
45.0890625,12.0060443878174
45.0923958333333,11.9970440864563
45.0957291666667,11.9884610176086
45.0990625,11.9802951812744
45.1023958333333,11.9727253913879
45.1057291666667,11.9657516479492
45.1090625,11.9594931602478
45.1123958333333,11.9540095329285
45.1157291666667,11.949360370636
45.1190625,11.9455456733704
45.1223958333333,11.9426846504211
45.1257291666667,11.9408369064331
45.1290625,11.9400024414063
45.1323958333333,11.9401216506958
45.1357291666667,11.9412541389465
45.1390625,11.9433403015137
45.1423958333333,11.9464993476868
45.1457291666667,11.9505524635315
45.1490625,11.9554400444031
45.1523958333333,11.9612216949463
45.1557291666667,11.967658996582
45.1590625,11.9747519493103
45.1623958333333,11.9823813438416
45.1657291666667,11.990487575531
45.1690625,11.9988918304443
45.1723958333333,12.0075941085815
45.1757291666667,12.0164752006531
45.1790625,12.0253562927246
45.1823958333333,12.0341777801514
45.1857291666667,12.0428204536438
45.1890625,12.0511054992676
45.1923958333333,12.0589733123779
45.1957291666667,12.0662450790405
45.1990625,12.072741985321
45.2023958333333,12.0784640312195
45.2057291666667,12.0833516120911
45.2090625,12.0872259140015
45.2123958333333,12.0901465415955
45.2157291666667,12.092113494873
45.2190625,12.0930671691895
45.2223958333333,12.0931267738342
45.2257291666667,12.0923519134521
45.2290625,12.0906829833984
45.2323958333333,12.0882391929626
45.2357291666667,12.0851397514343
45.2390625,12.0813250541687
45.2423958333333,12.0769143104553
45.2457291666667,12.0720267295837
45.2490625,12.0667219161987
45.2523958333333,12.0610594749451
45.2557291666667,12.0551586151123
45.2590625,12.04913854599
45.2623958333333,12.0429992675781
45.2657291666667,12.036919593811
45.2690625,12.0310187339783
45.2723958333333,12.0252966880798
45.2757291666667,12.0198726654053
45.2790625,12.0148062705994
45.2823958333333,12.0102167129517
45.2857291666667,12.0061039924622
45.2890625,12.0025277137756
45.2923958333333,11.9995474815369
45.2957291666667,11.9971632957458
45.2990625,11.9953155517578
45.3023958333333,11.9940042495728
45.3057291666667,11.9932889938354
45.3090625,11.9931101799011
45.3123958333333,11.9934678077698
45.3157291666667,11.9944214820862
45.3190625,11.9959115982056
45.3223958333333,11.9979381561279
45.3257291666667,12.0004415512085
45.3290625,12.0035409927368
45.3323958333333,12.0071172714233
45.3357291666667,12.0112299919128
45.3390625,12.015700340271
45.3423958333333,12.0207071304321
45.3457291666667,12.0260119438171
45.3490625,12.0316743850708
45.3523958333333,12.0376348495483
45.3557291666667,12.0437741279602
45.3590625,12.0499730110168
45.3623958333333,12.056291103363
45.3657291666667,12.0624899864197
45.3690625,12.0684504508972
45.3723958333333,12.0741724967957
45.3757291666667,12.0794773101807
45.3790625,12.0842456817627
45.3823958333333,12.0883584022522
45.3857291666667,12.0918750762939
45.3890625,12.0945572853088
45.3923958333333,12.0964646339417
45.3957291666667,12.0975971221924
45.3990625,12.0977759361267
45.4023958333333,12.097179889679
45.4057291666667,12.0957493782043
45.4090625,12.0935440063477
45.4123958333333,12.0905637741089
45.4157291666667,12.0869874954224
45.4190625,12.0828151702881
45.4223958333333,12.0781064033508
45.4257291666667,12.0729207992554
45.4290625,12.0673775672913
45.4323958333333,12.0615363121033
45.4357291666667,12.0554566383362
45.4390625,12.04913854599
45.4423958333333,12.0427012443542
45.4457291666667,12.0362043380737
45.4490625,12.0296478271484
45.4523958333333,12.0232701301575
45.4557291666667,12.0169520378113
45.4590625,12.0108723640442
45.4623958333333,12.0050311088562
45.4657291666667,11.9994878768921
45.4690625,11.9943022727966
45.4723958333333,11.9895339012146
45.4757291666667,11.9851231575012
45.4790625,11.981189250946
45.4823958333333,11.9776725769043
45.4857291666667,11.9745135307312
45.4890625,11.9718313217163
45.4923958333333,11.9694471359253
45.4957291666667,11.9674801826477
45.4990625,11.9658708572388
45.5023958333333,11.9646191596985
45.5057291666667,11.9636058807373
45.5090625,11.962890625
45.5123958333333,11.9624733924866
45.5157291666667,11.962354183197
45.5190625,11.9625329971313
45.5223958333333,11.9630098342896
45.5257291666667,11.9637846946716
45.5290625,11.9647979736328
45.5323958333333,11.9659900665283
45.5357291666667,11.9674205780029
45.5390625,11.9689702987671
45.5423958333333,11.970579624176
45.5457291666667,11.9722485542297
45.5490625,11.9738578796387
45.5523958333333,11.9754672050476
45.5557291666667,11.976957321167
45.5590625,11.9783282279968
45.5623958333333,11.9795799255371
45.5657291666667,11.9806528091431
45.5690625,11.9816660881042
45.5723958333333,11.9824409484863
45.5757291666667,11.9831562042236
45.5790625,11.9836330413818
45.5823958333333,11.9840502738953
45.5857291666667,11.9842886924744
45.5890625,11.9844079017639
45.5923958333333,11.9844079017639
45.5957291666667,11.9843482971191
45.5990625,11.9841694831848
45.6023958333333,11.9838714599609
45.6057291666667,11.9835734367371
45.6090625,11.9832158088684
45.6123958333333,11.982798576355
45.6157291666667,11.9823217391968
45.6190625,11.9817852973938
45.6223958333333,11.981189250946
45.6257291666667,11.9805932044983
45.6290625,11.9799375534058
45.6323958333333,11.9792819023132
45.6357291666667,11.9785666465759
45.6390625,11.9777917861938
45.6423958333333,11.9770169258118
45.6457291666667,11.9761228561401
45.6490625,11.9752883911133
45.6523958333333,11.9743943214417
45.6557291666667,11.97350025177
45.6590625,11.9725465774536
45.6623958333333,11.9715929031372
45.6657291666667,11.970579624176
45.6690625,11.9695067405701
45.6723958333333,11.9684338569641
45.6757291666667,11.9673609733582
45.6790625,11.9661688804626
45.6823958333333,11.9649767875671
45.6857291666667,11.9637250900269
45.6890625,11.9624137878418
45.6923958333333,11.9611620903015
45.6957291666667,11.959969997406
45.6990625,11.9587779045105
45.7023958333333,11.9576454162598
45.7057291666667,11.9565725326538
45.7090625,11.9556188583374
45.7123958333333,11.9547247886658
45.7157291666667,11.9539499282837
45.7190625,11.9532346725464
45.7223958333333,11.9526386260986
45.7257291666667,11.9521021842957
45.7290625,11.951744556427
45.7323958333333,11.9515061378479
45.7357291666667,11.9514465332031
45.7390625,11.9516849517822
45.7423958333333,11.9521617889404
45.7457291666667,11.9529366493225
45.7490625,11.9540095329285
45.7523958333333,11.9554400444031
45.7557291666667,11.9571685791016
45.7590625,11.9593143463135
45.7623958333333,11.9616985321045
45.7657291666667,11.9644999504089
45.7690625,11.9675397872925
45.7723958333333,11.9708776473999
45.7757291666667,11.9745135307312
45.7790625,11.9783282279968
45.7823958333333,11.9824409484863
45.7857291666667,11.9867324829102
45.7890625,11.9911432266235
45.7923958333333,11.9957327842712
45.7957291666667,12.0004415512085
45.7990625,12.005090713501
45.8023958333333,12.0097994804382
45.8057291666667,12.0145082473755
45.8090625,12.0190978050232
45.8123958333333,12.0236277580261
45.8157291666667,12.0280981063843
45.8190625,12.0325088500977
45.8223958333333,12.0368003845215
45.8257291666667,12.0410919189453
45.8290625,12.0453834533691
45.8323958333333,12.0497345924377
45.8357291666667,12.0541453361511
45.8390625,12.0586752891541
45.8423958333333,12.0633840560913
45.8457291666667,12.0683312416077
45.8490625,12.0736360549927
45.8523958333333,12.0792388916016
45.8557291666667,12.0852589607239
45.8590625,12.0917558670044
45.8623958333333,12.0987296104431
45.8657291666667,12.1062397956848
45.8690625,12.1142864227295
45.8723958333333,12.1228694915771
45.8757291666667,12.1319890022278
45.8790625,12.1417045593262
45.8823958333333,12.1518969535828
45.8857291666667,12.1625065803528
45.8890625,12.1734738349915
45.8923958333333,12.1847987174988
45.8957291666667,12.1962428092957
45.8990625,12.2078061103821
45.9023958333333,12.219250202179
45.9057291666667,12.230396270752
45.9090625,12.2411251068115
45.9123958333333,12.2512578964233
45.9157291666667,12.2606158256531
45.9190625,12.2689604759216
45.9223958333333,12.2763514518738
45.9257291666667,12.2824907302856
45.9290625,12.287437915802
45.9323958333333,12.2910737991333
45.9357291666667,12.2933983802795
45.9390625,12.2944712638855
45.9423958333333,12.2942328453064
45.9457291666667,12.2928619384766
45.9490625,12.290358543396
45.9523958333333,12.2867822647095
45.9557291666667,12.2822523117065
45.9590625,12.2768878936768
45.9623958333333,12.2706890106201
45.9657291666667,12.2638344764709
45.9690625,12.2564435005188
45.9723958333333,12.2485160827637
45.9757291666667,12.2402310371399
45.9790625,12.2317671775818
45.9823958333333,12.2231841087341
45.9857291666667,12.2146606445313
45.9890625,12.2061967849731
45.9923958333333,12.1979713439941
45.9957291666667,12.1899843215942
45.9990625,12.182354927063
46.0023958333333,12.1751427650452
46.0057291666667,12.1682286262512
46.0090625,12.1617317199707
46.0123958333333,12.1555328369141
46.0157291666667,12.1497511863708
46.0190625,12.1442675590515
46.0223958333333,12.1392011642456
46.0257291666667,12.1344327926636
46.0290625,12.1299624443054
46.0323958333333,12.1257901191711
46.0357291666667,12.121856212616
46.0390625,12.1182203292847
46.0423958333333,12.1147632598877
46.0457291666667,12.1114253997803
46.0490625,12.1082663536072
46.0523958333333,12.1051669120789
46.0557291666667,12.1021270751953
46.0590625,12.0990872383118
46.0623958333333,12.096107006073
46.0657291666667,12.0931267738342
46.0690625,12.0902061462402
46.0723958333333,12.087345123291
46.0757291666667,12.0845437049866
46.0790625,12.0818614959717
46.0823958333333,12.0792388916016
46.0857291666667,12.0768547058105
46.0890625,12.0745301246643
46.0923958333333,12.0724439620972
46.0957291666667,12.0704770088196
46.0990625,12.0686888694763
46.1023958333333,12.0670199394226
46.1057291666667,12.0654702186584
46.1090625,12.0640397071838
46.1123958333333,12.062668800354
46.1157291666667,12.0614171028137
46.1190625,12.0602250099182
46.1223958333333,12.0591521263123
46.1257291666667,12.0580196380615
46.1290625,12.0570063591003
46.1323958333333,12.0559930801392
46.1357291666667,12.0549201965332
46.1390625,12.0538473129272
46.1423958333333,12.0527744293213
46.1457291666667,12.0516419410706
46.1490625,12.050449848175
46.1523958333333,12.0492577552795
46.1557291666667,12.0480060577393
46.1590625,12.0468139648438
46.1623958333333,12.0456218719482
46.1657291666667,12.0444297790527
46.1690625,12.0432376861572
46.1723958333333,12.0421051979065
46.1757291666667,12.0409727096558
46.1790625,12.0397806167603
46.1823958333333,12.0386481285095
46.1857291666667,12.037456035614
46.1890625,12.0362639427185
46.1923958333333,12.0350122451782
46.1957291666667,12.0338201522827
46.1990625,12.0325684547424
46.2023958333333,12.0313763618469
46.2057291666667,12.0301842689514
46.2090625,12.0290517807007
46.2123958333333,12.02791929245
46.2157291666667,12.0269060134888
46.2190625,12.0259523391724
46.2223958333333,12.0250582695007
46.2257291666667,12.0242238044739
46.2290625,12.0235085487366
46.2323958333333,12.0229125022888
46.2357291666667,12.0223760604858
46.2390625,12.0218992233276
46.2423958333333,12.021541595459
46.2457291666667,12.0213627815247
46.2490625,12.0212435722351
46.2523958333333,12.0213031768799
46.2557291666667,12.0214819908142
46.2590625,12.0218396186829
46.2623958333333,12.0223164558411
46.2657291666667,12.0230317115784
46.2690625,12.0238661766052
46.2723958333333,12.0248794555664
46.2757291666667,12.0261311531067
46.2790625,12.0275020599365
46.2823958333333,12.0289921760559
46.2857291666667,12.0306611061096
46.2890625,12.0324492454529
46.2923958333333,12.0342969894409
46.2957291666667,12.0362639427185
46.2990625,12.0382905006409
46.3023958333333,12.040376663208
46.3057291666667,12.0424628257751
46.3090625,12.0446085929871
46.3123958333333,12.046754360199
46.3157291666667,12.0488405227661
46.3190625,12.050986289978
46.3223958333333,12.0530128479004
46.3257291666667,12.0550990104675
46.3290625,12.0570659637451
46.3323958333333,12.0589733123779
46.3357291666667,12.0607614517212
46.3390625,12.0624303817749
46.3423958333333,12.0640397071838
46.3457291666667,12.0655298233032
46.3490625,12.0669007301331
46.3523958333333,12.0681524276733
46.3557291666667,12.0692849159241
46.3590625,12.0704174041748
46.3623958333333,12.071430683136
46.3657291666667,12.0723247528076
46.3690625,12.0732188224792
46.3723958333333,12.0739340782166
46.3757291666667,12.0745301246643
46.3790625,12.0750665664673
46.3823958333333,12.0754241943359
46.3857291666667,12.075662612915
46.3890625,12.0757818222046
46.3923958333333,12.0757818222046
46.3957291666667,12.0757222175598
46.3990625,12.0756030082703
46.4023958333333,12.0754241943359
46.4057291666667,12.0752453804016
46.4090625,12.0750665664673
46.4123958333333,12.0748281478882
46.4157291666667,12.0745301246643
46.4190625,12.0741724967957
46.4223958333333,12.073814868927
46.4257291666667,12.0733976364136
46.4290625,12.0729804039001
46.4323958333333,12.0725035667419
46.4357291666667,12.071967124939
46.4390625,12.071430683136
46.4423958333333,12.0709538459778
46.4457291666667,12.0704174041748
46.4490625,12.0698809623718
46.4523958333333,12.0693445205688
46.4557291666667,12.0687484741211
46.4590625,12.0682120323181
46.4623958333333,12.0676159858704
46.4657291666667,12.0670795440674
46.4690625,12.0665431022644
46.4723958333333,12.0660662651062
46.4757291666667,12.065589427948
46.4790625,12.0651721954346
46.4823958333333,12.0647549629211
46.4857291666667,12.0644569396973
46.4890625,12.0641589164734
46.4923958333333,12.0639204978943
46.4957291666667,12.06374168396
46.4990625,12.0636224746704
46.5023958333333,12.0635032653809
46.5057291666667,12.0635032653809
46.5090625,12.0635628700256
46.5123958333333,12.06374168396
46.5157291666667,12.0640397071838
46.5190625,12.0644569396973
46.5223958333333,12.0649933815002
46.5257291666667,12.0657086372375
46.5290625,12.0664834976196
46.5323958333333,12.0673775672913
46.5357291666667,12.0683312416077
46.5390625,12.0693445205688
46.5423958333333,12.07035779953
46.5457291666667,12.0713710784912
46.5490625,12.0724439620972
46.5523958333333,12.0734572410583
46.5557291666667,12.0744109153748
46.5590625,12.0754241943359
46.5623958333333,12.0764374732971
46.5657291666667,12.0773911476135
46.5690625,12.0784044265747
46.5723958333333,12.0794177055359
46.5757291666667,12.0804309844971
46.5790625,12.0813846588135
46.5823958333333,12.0823979377747
46.5857291666667,12.0834112167358
46.5890625,12.0843648910522
46.5923958333333,12.0853185653687
46.5957291666667,12.0862126350403
46.5990625,12.0870471000671
46.6023958333333,12.0877623558044
46.6057291666667,12.088418006897
46.6090625,12.0890140533447
46.6123958333333,12.0894908905029
46.6157291666667,12.0898485183716
46.6190625,12.0902061462402
46.6223958333333,12.0904445648193
46.6257291666667,12.0906829833984
46.6290625,12.0909810066223
46.6323958333333,12.0912790298462
46.6357291666667,12.0916366577148
46.6390625,12.0920538902283
46.6423958333333,12.0925307273865
46.6457291666667,12.0930671691895
46.6490625,12.0936632156372
46.6523958333333,12.094259262085
46.6557291666667,12.0949149131775
46.6590625,12.0956301689148
46.6623958333333,12.0963454246521
46.6657291666667,12.0970606803894
46.6690625,12.0978951454163
46.6723958333333,12.0987296104431
46.6757291666667,12.09956407547
46.6790625,12.1005177497864
46.6823958333333,12.101411819458
46.6857291666667,12.1023058891296
46.6890625,12.1031403541565
46.6923958333333,12.1038556098938
46.6957291666667,12.1045708656311
46.6990625,12.1051073074341
46.7023958333333,12.1056437492371
46.7057291666667,12.1060609817505
46.7090625,12.1064186096191
46.7123958333333,12.106716632843
46.7157291666667,12.1070146560669
46.7190625,12.1073126792908
46.7223958333333,12.1076107025146
46.7257291666667,12.1079683303833
46.7290625,12.108325958252
46.7323958333333,12.1087431907654
46.7357291666667,12.109100818634
46.7390625,12.1095776557922
46.7423958333333,12.1100544929504
46.7457291666667,12.1105909347534
46.7490625,12.1111273765564
46.7523958333333,12.1117830276489
46.7557291666667,12.1124982833862
46.7590625,12.1133327484131
46.7623958333333,12.1141672134399
46.7657291666667,12.1151208877563
46.7690625,12.1160745620728
46.7723958333333,12.1170878410339
46.7757291666667,12.1181607246399
46.7790625,12.1192336082458
46.7823958333333,12.120246887207
46.7857291666667,12.121319770813
46.7890625,12.1223926544189
46.7923958333333,12.1234655380249
46.7957291666667,12.1245384216309
46.7990625,12.1256113052368
46.8023958333333,12.1266841888428
46.8057291666667,12.1278166770935
46.8090625,12.1289491653442
46.8123958333333,12.130081653595
46.8157291666667,12.1312141418457
46.8190625,12.1323466300964
46.8223958333333,12.1335387229919
46.8257291666667,12.1347308158875
46.8290625,12.1359825134277
46.8323958333333,12.1372938156128
46.8357291666667,12.1386647224426
46.8390625,12.140154838562
46.8423958333333,12.1417641639709
46.8457291666667,12.1434330940247
46.8490625,12.1452212333679
46.8523958333333,12.1471285820007
46.8557291666667,12.1491551399231
46.8590625,12.1513605117798
46.8623958333333,12.153685092926
46.8657291666667,12.1561884880066
46.8690625,12.1588110923767
46.8723958333333,12.1614933013916
46.8757291666667,12.1643543243408
46.8790625,12.1672749519348
46.8823958333333,12.1702551841736
46.8857291666667,12.1732950210571
46.8890625,12.1763348579407
46.8923958333333,12.1793746948242
46.8957291666667,12.182354927063
46.8990625,12.1853947639465
46.9023958333333,12.1883749961853
46.9057291666667,12.1914148330688
46.9090625,12.1943950653076
46.9123958333333,12.1973752975464
46.9157291666667,12.2002959251404
46.9190625,12.2032165527344
46.9223958333333,12.2060775756836
46.9257291666667,12.208878993988
46.9290625,12.2116208076477
46.9323958333333,12.214183807373
46.9357291666667,12.2165679931641
46.9390625,12.2188329696655
46.9423958333333,12.2208595275879
46.9457291666667,12.2227072715759
46.9490625,12.2243762016296
46.9523958333333,12.2258067131042
46.9557291666667,12.2270584106445
46.9590625,12.2281312942505
46.9623958333333,12.2290849685669
46.9657291666667,12.2299194335938
46.9690625,12.2305750846863
46.9723958333333,12.2310519218445
46.9757291666667,12.2313499450684
46.9790625,12.2314691543579
46.9823958333333,12.2313499450684
46.9857291666667,12.2309923171997
46.9890625,12.230396270752
46.9923958333333,12.2295618057251
46.9957291666667,12.2284889221191
46.9990625,12.2272372245789
47.0023958333333,12.2258067131042
47.0057291666667,12.2242569923401
47.0090625,12.2226476669312
47.0123958333333,12.2209191322327
47.0157291666667,12.2191309928894
47.0190625,12.2173428535461
47.0223958333333,12.2155547142029
47.0257291666667,12.2138261795044
47.0290625,12.2120976448059
47.0323958333333,12.2103691101074
47.0357291666667,12.2087597846985
47.0390625,12.2072100639343
47.0423958333333,12.2057199478149
47.0457291666667,12.2043490409851
47.0490625,12.2030973434448
47.0523958333333,12.2018456459045
47.0557291666667,12.200653553009
47.0590625,12.1995210647583
47.0623958333333,12.1984481811523
47.0657291666667,12.1974349021912
47.0690625,12.1964812278748
47.0723958333333,12.1955871582031
47.0757291666667,12.194812297821
47.0790625,12.194037437439
47.0823958333333,12.1934413909912
47.0857291666667,12.1929049491882
47.0890625,12.1924877166748
47.0923958333333,12.1921896934509
47.0957291666667,12.1920108795166
47.0990625,12.1919512748718
47.1023958333333,12.1920108795166
47.1057291666667,12.1921300888062
47.1090625,12.1923685073853
47.1123958333333,12.1926665306091
47.1157291666667,12.1930241584778
47.1190625,12.1933817863464
47.1223958333333,12.1937990188599
47.1257291666667,12.1941566467285
47.1290625,12.1945142745972
47.1323958333333,12.194812297821
47.1357291666667,12.1950507164001
47.1390625,12.195348739624
47.1423958333333,12.1955871582031
47.1457291666667,12.1959447860718
47.1490625,12.1963024139404
47.1523958333333,12.1967196464539
47.1557291666667,12.1971368789673
47.1590625,12.1976137161255
47.1623958333333,12.1980905532837
47.1657291666667,12.1985673904419
47.1690625,12.1990442276001
47.1723958333333,12.1995210647583
47.1757291666667,12.1999382972717
47.1790625,12.2003555297852
47.1823958333333,12.2008323669434
47.1857291666667,12.2013688087463
47.1890625,12.2020244598389
47.1923958333333,12.2027993202209
47.1957291666667,12.2036933898926
47.1990625,12.2047066688538
47.2023958333333,12.2058391571045
47.2057291666667,12.2069716453552
47.2090625,12.2082233428955
47.2123958333333,12.209415435791
47.2157291666667,12.2106075286865
47.2190625,12.2116804122925
47.2223958333333,12.2126936912537
47.2257291666667,12.2136473655701
47.2290625,12.2144818305969
47.2323958333333,12.2153162956238
47.2357291666667,12.2160315513611
47.2390625,12.2166872024536
47.2423958333333,12.2173428535461
47.2457291666667,12.2179388999939
47.2490625,12.2184753417969
47.2523958333333,12.2190117835999
47.2557291666667,12.2194886207581
47.2590625,12.2199654579163
47.2623958333333,12.2203826904297
47.2657291666667,12.2207999229431
47.2690625,12.2211575508118
47.2723958333333,12.2215747833252
47.2757291666667,12.2219324111938
47.2790625,12.2222900390625
47.2823958333333,12.2226476669312
47.2857291666667,12.2230052947998
47.2890625,12.2233033180237
47.2923958333333,12.2236013412476
47.2957291666667,12.2239589691162
47.2990625,12.2242569923401
47.3023958333333,12.2246742248535
47.3057291666667,12.2251510620117
47.3090625,12.2256875038147
47.3123958333333,12.2263431549072
47.3157291666667,12.2271180152893
47.3190625,12.2280716896057
47.3223958333333,12.2292041778564
47.3257291666667,12.2304558753967
47.3290625,12.2318863868713
47.3323958333333,12.2334361076355
47.3357291666667,12.235164642334
47.3390625,12.2370719909668
47.3423958333333,12.2392177581787
47.3457291666667,12.2414827346802
47.3490625,12.2440457344055
47.3523958333333,12.2467875480652
47.3557291666667,12.2498273849487
47.3590625,12.2531652450562
47.3623958333333,12.2568607330322
47.3657291666667,12.2609734535217
47.3690625,12.2654438018799
47.3723958333333,12.2703909873962
47.3757291666667,12.2758746147156
47.3790625,12.2817754745483
47.3823958333333,12.2882723808289
47.3857291666667,12.2953653335571
47.3890625,12.3030543327332
47.3923958333333,12.3113989830017
47.3957291666667,12.3204588890076
47.3990625,12.330174446106
47.4023958333333,12.3406648635864
47.4057291666667,12.351930141449
47.4090625,12.3639702796936
47.4123958333333,12.3768448829651
47.4157291666667,12.3904943466187
47.4190625,12.4049186706543
47.4223958333333,12.420117855072
47.4257291666667,12.4359726905823
47.4290625,12.4525427818298
47.4323958333333,12.4697685241699
47.4357291666667,12.4875903129578
47.4390625,12.5058889389038
47.4423958333333,12.5247240066528
47.4457291666667,12.5440359115601
47.4490625,12.5638246536255
47.4523958333333,12.5839710235596
47.4557291666667,12.6044154167175
47.4590625,12.6252174377441
47.4623958333333,12.6461386680603
47.4657291666667,12.6672387123108
47.4690625,12.6883387565613
47.4723958333333,12.7092599868774
47.4757291666667,12.7300024032593
47.4790625,12.7503275871277
47.4823958333333,12.7701163291931
47.4857291666667,12.789249420166
47.4890625,12.8076076507568
47.4923958333333,12.8251314163208
47.4957291666667,12.8417015075684
47.4990625,12.85719871521
47.5023958333333,12.8716230392456
47.5057291666667,12.8849148750305
47.5090625,12.8969550132751
47.5123958333333,12.9077434539795
47.5157291666667,12.917160987854
47.5190625,12.9252076148987
47.5223958333333,12.9318237304688
47.5257291666667,12.9368901252747
47.5290625,12.9404067993164
47.5323958333333,12.942373752594
47.5357291666667,12.9426717758179
47.5390625,12.9413604736328
47.5423958333333,12.9384398460388
47.5457291666667,12.9339098930359
47.5490625,12.927770614624
47.5523958333333,12.920081615448
47.5557291666667,12.9109621047974
47.5590625,12.9005312919617
47.5623958333333,12.8888487815857
47.5657291666667,12.8760933876038
47.5690625,12.8622651100159
47.5723958333333,12.8476023674011
47.5757291666667,12.8321647644043
47.5790625,12.8160715103149
47.5823958333333,12.7993226051331
47.5857291666667,12.782096862793
47.5890625,12.7643346786499
47.5923958333333,12.7461552619934
47.5957291666667,12.7276182174683
47.5990625,12.708842754364
47.6023958333333,12.6898288726807
47.6057291666667,12.6707553863525
47.6090625,12.6516819000244
47.6123958333333,12.6327872276306
47.6157291666667,12.6140713691711
47.6190625,12.5957727432251
47.6223958333333,12.5778317451477
47.6257291666667,12.5604271888733
47.6290625,12.5435590744019
47.6323958333333,12.5272274017334
47.6357291666667,12.5114917755127
47.6390625,12.4963521957397
47.6423958333333,12.4818682670593
47.6457291666667,12.4679803848267
47.6490625,12.4548077583313
47.6523958333333,12.4422907829285
47.6557291666667,12.4304294586182
47.6590625,12.4192833900452
47.6623958333333,12.4087929725647
47.6657291666667,12.3990178108215
47.6690625,12.3898983001709
47.6723958333333,12.3814344406128
47.6757291666667,12.3736262321472
47.6790625,12.3664140701294
47.6823958333333,12.3598575592041
47.6857291666667,12.3538374900818
47.6890625,12.3484134674072
47.6923958333333,12.3435258865356
47.6957291666667,12.339174747467
47.6990625,12.3353004455566
47.7023958333333,12.3319625854492
47.7057291666667,12.3290419578552
47.7090625,12.3265981674194
47.7123958333333,12.3245120048523
47.7157291666667,12.3227834701538
47.7190625,12.3213529586792
47.7223958333333,12.3201608657837
47.7257291666667,12.3192667961121
47.7290625,12.3185515403748
47.7323958333333,12.3180747032166
47.7357291666667,12.3178362846375
47.7390625,12.3177170753479
47.7423958333333,12.3177766799927
47.7457291666667,12.3180747032166
47.7490625,12.3184323310852
47.7523958333333,12.3189091682434
47.7557291666667,12.3195052146912
47.7590625,12.3201608657837
47.7623958333333,12.3208165168762
47.7657291666667,12.3215317726135
47.7690625,12.3222470283508
47.7723958333333,12.3229026794434
47.7757291666667,12.3235583305359
47.7790625,12.3242139816284
47.7823958333333,12.3248696327209
47.7857291666667,12.3254656791687
47.7890625,12.3260021209717
47.7923958333333,12.3265981674194
47.7957291666667,12.3270750045776
47.7990625,12.3275518417358
47.8023958333333,12.3279690742493
47.8057291666667,12.3283267021179
47.8090625,12.3286843299866
47.8123958333333,12.3289227485657
47.8157291666667,12.3290419578552
47.8190625,12.3291611671448
47.8223958333333,12.3291611671448
47.8257291666667,12.3291015625
47.8290625,12.3289823532104
47.8323958333333,12.3288631439209
47.8357291666667,12.3286843299866
47.8390625,12.3285055160522
47.8423958333333,12.3283863067627
47.8457291666667,12.3282670974731
47.8490625,12.3281478881836
47.8523958333333,12.3280882835388
47.8557291666667,12.328028678894
47.8590625,12.3279094696045
47.8623958333333,12.3278498649597
47.8657291666667,12.3277306556702
47.8690625,12.3275518417358
47.8723958333333,12.3273730278015
47.8757291666667,12.3271346092224
47.8790625,12.3269557952881
47.8823958333333,12.3268365859985
47.8857291666667,12.326717376709
47.8890625,12.326717376709
47.8923958333333,12.3267769813538
47.8957291666667,12.3268961906433
47.8990625,12.3271942138672
47.9023958333333,12.3276114463806
47.9057291666667,12.3280882835388
47.9090625,12.3288035392761
47.9123958333333,12.3295783996582
47.9157291666667,12.3305320739746
47.9190625,12.3316645622253
47.9223958333333,12.3329162597656
47.9257291666667,12.3342871665955
47.9290625,12.3358368873596
47.9323958333333,12.3373866081238
47.9357291666667,12.3390555381775
47.9390625,12.3407244682312
47.9423958333333,12.3424530029297
47.9457291666667,12.3442411422729
47.9490625,12.346088886261
47.9523958333333,12.3479962348938
47.9557291666667,12.3500227928162
47.9590625,12.3521089553833
47.9623958333333,12.35431432724
47.9657291666667,12.3565196990967
47.9690625,12.3588442802429
47.9723958333333,12.3611688613892
47.9757291666667,12.3634338378906
47.9790625,12.3656988143921
47.9823958333333,12.3679041862488
47.9857291666667,12.3700499534607
47.9890625,12.3721361160278
47.9923958333333,12.3741626739502
47.9957291666667,12.3761296272278
47.9990625,12.3780369758606
48.0023958333333,12.3798251152039
48.0057291666667,12.3815536499023
48.0090625,12.3832225799561
48.0123958333333,12.384831905365
48.0157291666667,12.3863220214844
48.0190625,12.387752532959
48.0223958333333,12.3891234397888
48.0257291666667,12.3904347419739
48.0290625,12.3916864395142
48.0323958333333,12.3929381370544
48.0357291666667,12.39413022995
48.0390625,12.3952627182007
48.0423958333333,12.3963356018066
48.0457291666667,12.3973488807678
48.0490625,12.3982429504395
48.0523958333333,12.3990178108215
48.0557291666667,12.3996734619141
48.0590625,12.4001502990723
48.0623958333333,12.4005079269409
48.0657291666667,12.40074634552
48.0690625,12.4008655548096
48.0723958333333,12.4008655548096
48.0757291666667,12.4008059501648
48.0790625,12.4006867408752
48.0823958333333,12.4005675315857
48.0857291666667,12.4003291130066
48.0890625,12.4001502990723
48.0923958333333,12.3998522758484
48.0957291666667,12.3996138572693
48.0990625,12.3992562294006
48.1023958333333,12.398898601532
48.1057291666667,12.3984813690186
48.1090625,12.3980045318604
48.1123958333333,12.3974680900574
48.1157291666667,12.3969316482544
48.1190625,12.3963356018066
48.1223958333333,12.3957991600037
48.1257291666667,12.3952031135559
48.1290625,12.3946666717529
48.1323958333333,12.39413022995
48.1357291666667,12.3936533927917
48.1390625,12.3931765556335
48.1423958333333,12.3928189277649
48.1457291666667,12.3924612998962
48.1490625,12.3921632766724
48.1523958333333,12.3919248580933
48.1557291666667,12.3917460441589
48.1590625,12.3915672302246
48.1623958333333,12.3914480209351
48.1657291666667,12.3913288116455
48.1690625,12.391209602356
48.1723958333333,12.3911499977112
48.1757291666667,12.3910307884216
48.1790625,12.3909711837769
48.1823958333333,12.3909711837769
48.1857291666667,12.3909115791321
48.1890625,12.3909711837769
48.1923958333333,12.3910903930664
48.1957291666667,12.3912692070007
48.1990625,12.3915672302246
48.2023958333333,12.3919248580933
48.2057291666667,12.3923420906067
48.2090625,12.3928785324097
48.2123958333333,12.3934745788574
48.2157291666667,12.3941898345947
48.2190625,12.394905090332
48.2223958333333,12.3957395553589
48.2257291666667,12.3965740203857
48.2290625,12.3974084854126
48.2323958333333,12.398362159729
48.2357291666667,12.3993158340454
48.2390625,12.4002695083618
48.2423958333333,12.401282787323
48.2457291666667,12.4022960662842
48.2490625,12.4033093452454
48.2523958333333,12.4042630195618
48.2557291666667,12.4051570892334
48.2590625,12.4059915542603
48.2623958333333,12.4067664146423
48.2657291666667,12.4074220657349
48.2690625,12.4079585075378
48.2723958333333,12.408435344696
48.2757291666667,12.4087929725647
48.2790625,12.4091506004333
48.2823958333333,12.4094486236572
48.2857291666667,12.4096870422363
48.2890625,12.4099850654602
48.2923958333333,12.4102234840393
48.2957291666667,12.4104619026184
48.2990625,12.4107003211975
48.3023958333333,12.4108791351318
48.3057291666667,12.4109983444214
48.3090625,12.4110579490662
48.3123958333333,12.4109983444214
48.3157291666667,12.4108791351318
48.3190625,12.4106407165527
48.3223958333333,12.4104022979736
48.3257291666667,12.410044670105
48.3290625,12.4097466468811
48.3323958333333,12.4094486236572
48.3357291666667,12.4092102050781
48.3390625,12.4090313911438
48.3423958333333,12.4090313911438
48.3457291666667,12.4090909957886
48.3490625,12.4093294143677
48.3523958333333,12.4096274375916
48.3557291666667,12.4099850654602
48.3590625,12.4104022979736
48.3623958333333,12.4108195304871
48.3657291666667,12.4112367630005
48.3690625,12.4115943908691
48.3723958333333,12.4119520187378
48.3757291666667,12.4122500419617
48.3790625,12.4125480651855
48.3823958333333,12.4128460884094
48.3857291666667,12.4132037162781
48.3890625,12.4136209487915
48.3923958333333,12.4141573905945
48.3957291666667,12.4147534370422
48.3990625,12.4154686927795
48.4023958333333,12.4163627624512
48.4057291666667,12.4173164367676
48.4090625,12.4184489250183
48.4123958333333,12.4196410179138
48.4157291666667,12.4208927154541
48.4190625,12.4222636222839
48.4223958333333,12.4236941337585
48.4257291666667,12.4251246452332
48.4290625,12.4266743659973
48.4323958333333,12.4281644821167
48.4357291666667,12.4296545982361
48.4390625,12.4311447143555
48.4423958333333,12.4325752258301
48.4457291666667,12.4339461326599
48.4490625,12.4353170394897
48.4523958333333,12.4366879463196
48.4557291666667,12.4379396438599
48.4590625,12.4391913414001
48.4623958333333,12.4404430389404
48.4657291666667,12.4416351318359
48.4690625,12.4428272247314
48.4723958333333,12.444019317627
48.4757291666667,12.4451518058777
48.4790625,12.4462246894836
48.4823958333333,12.4472975730896
48.4857291666667,12.4483108520508
48.4890625,12.4494433403015
48.4923958333333,12.4506950378418
48.4957291666667,12.4521851539612
48.4990625,12.4540328979492
48.5023958333333,12.456476688385
48.5057291666667,12.4597549438477
48.5090625,12.464165687561
48.5123958333333,12.4700665473938
48.5157291666667,12.4778747558594
48.5190625,12.4881267547607
48.5223958333333,12.5014781951904
48.5257291666667,12.518584728241
48.5290625,12.5402808189392
48.5323958333333,12.5674605369568
48.5357291666667,12.6012563705444
48.5390625,12.6427412033081
48.5423958333333,12.6932859420776
48.5457291666667,12.7542614936829
48.5490625,12.8270983695984
48.5523958333333,12.9134654998779
48.5557291666667,13.0148530006409
48.5590625,13.1328701972961
48.5623958333333,13.2689476013184
48.5657291666667,13.4244561195374
48.5690625,13.6005282402039
48.5723958333333,13.7979984283447
48.5757291666667,14.0172839164734
48.5790625,14.2585039138794
48.5823958333333,14.5211815834045
48.5857291666667,14.8044228553772
48.5890625,15.1066184043884
48.5923958333333,15.4257416725159
48.5957291666667,15.7590508460999
48.5990625,16.1033272743225
48.6023958333333,16.4547562599182
48.6057291666667,16.8090462684631
48.6090625,17.1615481376648
48.6123958333333,17.5073742866516
48.6157291666667,17.8413987159729
48.6190625,18.158495426178
48.6223958333333,18.4535384178162
48.6257291666667,18.7217593193054
48.6290625,18.9587473869324
48.6323958333333,19.1605091094971
48.6357291666667,19.3238854408264
48.6390625,19.4461345672607
48.6423958333333,19.5256471633911
48.6457291666667,19.5613503456116
48.6490625,19.5531249046326
48.6523958333333,19.5017457008362
48.6557291666667,19.408643245697
48.6590625,19.2761421203613
48.6623958333333,19.1070437431335
48.6657291666667,18.9048051834106
48.6690625,18.6732411384583
48.6723958333333,18.4165835380554
48.6757291666667,18.139123916626
48.6790625,17.8454518318176
48.6823958333333,17.5398588180542
48.6857291666667,17.2268152236938
48.6890625,16.9103145599365
48.6923958333333,16.5942907333374
48.6957291666667,16.2821412086487
48.6990625,15.9769058227539
48.7023958333333,15.6813859939575
48.7057291666667,15.3977274894714
48.7090625,15.1277780532837
48.7123958333333,14.8728489875793
48.7157291666667,14.6340131759644
48.7190625,14.4118070602417
48.7223958333333,14.2064690589905
48.7257291666667,14.0179991722107
48.7290625,13.846218585968
48.7323958333333,13.6904716491699
48.7357291666667,13.5501623153687
48.7390625,13.4244561195374
48.7423958333333,13.3124589920044
48.7457291666667,13.2131576538086
48.7490625,13.1255388259888
48.7523958333333,13.0485892295837
48.7557291666667,12.9812955856323
48.7590625,12.9225850105286
48.7623958333333,12.8716230392456
48.7657291666667,12.8275752067566
48.7690625,12.7894878387451
48.7723958333333,12.7567648887634
48.7757291666667,12.728750705719
48.7790625,12.7047300338745
48.7823958333333,12.6842260360718
48.7857291666667,12.6668214797974
48.7890625,12.6520395278931
48.7923958333333,12.6394629478455
48.7957291666667,12.6288533210754
48.7990625,12.6198530197144
48.8023958333333,12.6121640205383
48.8057291666667,12.605607509613
48.8090625,12.6000046730042
48.8123958333333,12.5951170921326
48.8157291666667,12.5908851623535
48.8190625,12.5870704650879
48.8223958333333,12.5836730003357
48.8257291666667,12.5806331634521
48.8290625,12.5777721405029
48.8323958333333,12.5752091407776
48.8357291666667,12.5728249549866
48.8390625,12.5706791877747
48.8423958333333,12.5688314437866
48.8457291666667,12.5671625137329
48.8490625,12.5657916069031
48.8523958333333,12.5647187232971
48.8557291666667,12.5637650489807
48.8590625,12.5630497932434
48.8623958333333,12.5625133514404
48.8657291666667,12.5620365142822
48.8690625,12.5616788864136
48.8723958333333,12.5613212585449
48.8757291666667,12.561023235321
48.8790625,12.5607252120972
48.8823958333333,12.5604271888733
48.8857291666667,12.5601291656494
48.8890625,12.5598907470703
48.8923958333333,12.5596523284912
48.8957291666667,12.5594139099121
48.8990625,12.559175491333
48.9023958333333,12.5589966773987
48.9057291666667,12.5587582588196
48.9090625,12.5585198402405
48.9123958333333,12.5583410263062
48.9157291666667,12.5581622123718
48.9190625,12.5579833984375
48.9223958333333,12.5578045845032
48.9257291666667,12.5577449798584
48.9290625,12.5576853752136
48.9323958333333,12.5576257705688
48.9357291666667,12.5576257705688
48.9390625,12.5576257705688
48.9423958333333,12.5576853752136
48.9457291666667,12.5576853752136
48.9490625,12.5577449798584
48.9523958333333,12.5578641891479
48.9557291666667,12.5579237937927
48.9590625,12.5581026077271
48.9623958333333,12.5582814216614
48.9657291666667,12.5585794448853
48.9690625,12.5589370727539
48.9723958333333,12.5594139099121
48.9757291666667,12.5600099563599
48.9790625,12.5607252120972
48.9823958333333,12.5615000724792
48.9857291666667,12.5623941421509
48.9890625,12.5632882118225
48.9923958333333,12.5642418861389
48.9957291666667,12.5652551651001
48.9990625,12.5663280487061
49.0023958333333,12.567400932312
49.0057291666667,12.5685334205627
49.0090625,12.569785118103
49.0123958333333,12.5710964202881
49.0157291666667,12.5725865364075
49.0190625,12.5742554664612
49.0223958333333,12.5760436058044
49.0257291666667,12.578010559082
49.0290625,12.5800967216492
49.0323958333333,12.5822424888611
49.0357291666667,12.5845670700073
49.0390625,12.5868916511536
49.0423958333333,12.5893354415894
49.0457291666667,12.5918984413147
49.0490625,12.5946402549744
49.0523958333333,12.5975012779236
49.0557291666667,12.6005411148071
49.0590625,12.6038193702698
49.0623958333333,12.6073360443115
49.0657291666667,12.6111507415771
49.0690625,12.6152634620667
49.0723958333333,12.6197338104248
49.0757291666667,12.6245021820068
49.0790625,12.6296281814575
49.0823958333333,12.6352310180664
49.0857291666667,12.6411914825439
49.0890625,12.6476883888245
49.0923958333333,12.6546025276184
49.0957291666667,12.6620531082153
49.0990625,12.6699805259705
49.1023958333333,12.6783847808838
49.1057291666667,12.6872658729553
49.1090625,12.6965641975403
49.1123958333333,12.7062797546387
49.1157291666667,12.7164125442505
49.1190625,12.7268433570862
49.1223958333333,12.7376914024353
49.1257291666667,12.7488374710083
49.1290625,12.7602219581604
49.1323958333333,12.7719044685364
49.1357291666667,12.7837061882019
49.1390625,12.795627117157
49.1423958333333,12.8075480461121
49.1457291666667,12.8194689750671
49.1490625,12.8312110900879
49.1523958333333,12.8427147865295
49.1557291666667,12.8538608551025
49.1590625,12.8646492958069
49.1623958333333,12.874960899353
49.1657291666667,12.8847360610962
49.1690625,12.8939747810364
49.1723958333333,12.9026174545288
49.1757291666667,12.9106044769287
49.1790625,12.9178762435913
49.1823958333333,12.9243731498718
49.1857291666667,12.9300951957703
49.1890625,12.9350423812866
49.1923958333333,12.9390954971313
49.1957291666667,12.942373752594
49.1990625,12.944757938385
49.2023958333333,12.9463672637939
49.2057291666667,12.9472017288208
49.2090625,12.9473209381104
49.2123958333333,12.9467844963074
49.2157291666667,12.9456520080566
49.2190625,12.9438638687134
49.2223958333333,12.9415988922119
49.2257291666667,12.9388570785522
49.2290625,12.9355788230896
49.2323958333333,12.9319429397583
49.2357291666667,12.9279494285583
49.2390625,12.9235982894897
49.2423958333333,12.919008731842
49.2457291666667,12.91424036026
49.2490625,12.9092931747437
49.2523958333333,12.904167175293
49.2557291666667,12.8989815711975
49.2590625,12.8936767578125
49.2623958333333,12.8883719444275
49.2657291666667,12.8829479217529
49.2690625,12.8775238990784
49.2723958333333,12.8720998764038
49.2757291666667,12.8666758537292
49.2790625,12.8612518310547
49.2823958333333,12.8558874130249
49.2857291666667,12.8506422042847
49.2890625,12.8454566001892
49.2923958333333,12.8403902053833
49.2957291666667,12.8353834152222
49.2990625,12.8306150436401
49.3023958333333,12.8259062767029
49.3057291666667,12.8214359283447
49.3090625,12.8170251846313
49.3123958333333,12.8128528594971
49.3157291666667,12.8087401390076
49.3190625,12.8047466278076
49.3223958333333,12.8008127212524
49.3257291666667,12.796938419342
49.3290625,12.7930641174316
49.3323958333333,12.7891898155212
49.3357291666667,12.7852559089661
49.3390625,12.7813220024109
49.3423958333333,12.7772688865662
49.3457291666667,12.7731561660767
49.3490625,12.7690434455872
49.3523958333333,12.7648711204529
49.3557291666667,12.7606987953186
49.3590625,12.7565860748291
49.3623958333333,12.7524137496948
49.3657291666667,12.7483010292053
49.3690625,12.7441883087158
49.3723958333333,12.7400755882263
49.3757291666667,12.7359628677368
49.3790625,12.7317905426025
49.3823958333333,12.7276182174683
49.3857291666667,12.7233266830444
49.3890625,12.7190351486206
49.3923958333333,12.714684009552
49.3957291666667,12.7103328704834
49.3990625,12.7059817314148
49.4023958333333,12.701690196991
49.4057291666667,12.6974582672119
49.4090625,12.6932859420776
49.4123958333333,12.6892328262329
49.4157291666667,12.6853585243225
49.4190625,12.6816034317017
49.4223958333333,12.6779675483704
49.4257291666667,12.6745104789734
49.4290625,12.671172618866
49.4323958333333,12.6680731773376
49.4357291666667,12.6650929450989
49.4390625,12.6623511314392
49.4423958333333,12.6597285270691
49.4457291666667,12.6572847366333
49.4490625,12.6550197601318
49.4523958333333,12.6528143882751
49.4557291666667,12.650728225708
49.4590625,12.6487016677856
49.4623958333333,12.6467943191528
49.4657291666667,12.6449465751648
49.4690625,12.6432180404663
49.4723958333333,12.6415491104126
49.4757291666667,12.6400589942932
49.4790625,12.6387476921082
49.4823958333333,12.6374959945679
49.4857291666667,12.6364231109619
49.4890625,12.6354098320007
49.4923958333333,12.6345157623291
49.4957291666667,12.6336812973022
49.4990625,12.6329064369202
49.5023958333333,12.6321315765381
49.5057291666667,12.6314163208008
49.5090625,12.6307606697083
49.5123958333333,12.6301646232605
49.5157291666667,12.6296281814575
49.5190625,12.6292705535889
49.5223958333333,12.6290917396545
49.5257291666667,12.6290917396545
49.5290625,12.6293301582336
49.5323958333333,12.6298666000366
49.5357291666667,12.6305222511292
49.5390625,12.6314163208008
49.5423958333333,12.632429599762
49.5457291666667,12.6335620880127
49.5490625,12.6347541809082
49.5523958333333,12.6360058784485
49.5557291666667,12.637197971344
49.5590625,12.6383900642395
49.5623958333333,12.639582157135
49.5657291666667,12.6407742500305
49.5690625,12.641966342926
49.5723958333333,12.6432180404663
49.5757291666667,12.6445293426514
49.5790625,12.6459002494812
49.5823958333333,12.6473307609558
49.5857291666667,12.6488208770752
49.5890625,12.6503109931946
49.5923958333333,12.6519203186035
49.5957291666667,12.6535296440125
49.5990625,12.6551985740662
49.6023958333333,12.6568675041199
49.6057291666667,12.6585960388184
49.6090625,12.6603841781616
49.6123958333333,12.6621127128601
49.6157291666667,12.6639604568481
49.6190625,12.6657485961914
49.6223958333333,12.6675367355347
49.6257291666667,12.6693248748779
49.6290625,12.6710534095764
49.6323958333333,12.6727819442749
49.6357291666667,12.6743912696838
49.6390625,12.6760005950928
49.6423958333333,12.6775503158569
49.6457291666667,12.6790404319763
49.6490625,12.6804709434509
49.6523958333333,12.6819014549255
49.6557291666667,12.6832723617554
49.6590625,12.6845240592957
49.6623958333333,12.6857757568359
49.6657291666667,12.6869082450867
49.6690625,12.6880407333374
49.6723958333333,12.6890540122986
49.6757291666667,12.690007686615
49.6790625,12.6908421516418
49.6823958333333,12.6916766166687
49.6857291666667,12.692391872406
49.6890625,12.6931071281433
49.6923958333333,12.6937627792358
49.6957291666667,12.6942992210388
49.6990625,12.694776058197
49.7023958333333,12.6952528953552
49.7057291666667,12.6955509185791
49.7090625,12.695848941803
49.7123958333333,12.6961469650269
49.7157291666667,12.6963257789612
49.7190625,12.6965641975403
49.7223958333333,12.6967430114746
49.7257291666667,12.6968622207642
49.7290625,12.6970410346985
49.7323958333333,12.6971006393433
49.7357291666667,12.697160243988
49.7390625,12.6970410346985
49.7423958333333,12.6969218254089
49.7457291666667,12.6966238021851
49.7490625,12.6962065696716
49.7523958333333,12.6956701278687
49.7557291666667,12.6950740814209
49.7590625,12.6943588256836
49.7623958333333,12.6936435699463
49.7657291666667,12.692928314209
49.7690625,12.6921534538269
49.7723958333333,12.6913785934448
49.7757291666667,12.6906633377075
49.7790625,12.6899480819702
49.7823958333333,12.6892328262329
49.7857291666667,12.6885175704956
49.7890625,12.6878619194031
49.7923958333333,12.6872062683105
49.7957291666667,12.6866102218628
49.7990625,12.6860737800598
49.8023958333333,12.6855969429016
49.8057291666667,12.685239315033
49.8090625,12.6850008964539
49.8123958333333,12.6848816871643
49.8157291666667,12.6849412918091
49.8190625,12.6851797103882
49.8223958333333,12.6855969429016
49.8257291666667,12.6860737800598
49.8290625,12.6867890357971
49.8323958333333,12.687623500824
49.8357291666667,12.6885771751404
49.8390625,12.6897096633911
49.8423958333333,12.6910209655762
49.8457291666667,12.692391872406
49.8490625,12.6938819885254
49.8523958333333,12.6954317092896
49.8557291666667,12.6970410346985
49.8590625,12.6987099647522
49.8623958333333,12.7003192901611
49.8657291666667,12.7018690109253
49.8690625,12.7033591270447
49.8723958333333,12.7047896385193
49.8757291666667,12.7061605453491
49.8790625,12.7074718475342
49.8823958333333,12.7087235450745
49.8857291666667,12.7099752426147
49.8890625,12.7112865447998
49.8923958333333,12.7125978469849
49.8957291666667,12.7139091491699
49.8990625,12.715220451355
49.9023958333333,12.7165913581848
49.9057291666667,12.7179026603699
49.9090625,12.7192735671997
49.9123958333333,12.7205848693848
49.9157291666667,12.721836566925
49.9190625,12.7229690551758
49.9223958333333,12.7240419387817
49.9257291666667,12.7249956130981
49.9290625,12.725830078125
49.9323958333333,12.7264857292175
49.9357291666667,12.726902961731
49.9390625,12.7272009849548
49.9423958333333,12.7272605895996
49.9457291666667,12.7272009849548
49.9490625,12.7270221710205
49.9523958333333,12.7267241477966
49.9557291666667,12.726366519928
49.9590625,12.7260088920593
49.9623958333333,12.7256512641907
49.9657291666667,12.725293636322
49.9690625,12.7249956130981
49.9723958333333,12.7246379852295
49.9757291666667,12.7243399620056
49.9790625,12.7240419387817
49.9823958333333,12.7236843109131
49.9857291666667,12.7232670783997
49.9890625,12.722909450531
49.9923958333333,12.7224922180176
49.9957291666667,12.7220749855042
49.9990625,12.7215981483459
50.0023958333333,12.7211213111877
50.0057291666667,12.7205848693848
50.0090625,12.7200484275818
50.0123958333333,12.7193927764893
50.0157291666667,12.718677520752
50.0190625,12.7179622650146
50.0223958333333,12.7172470092773
50.0257291666667,12.7164721488953
50.0290625,12.7158164978027
50.0323958333333,12.715220451355
50.0357291666667,12.7147436141968
50.0390625,12.7144455909729
50.0423958333333,12.7142667770386
50.0457291666667,12.7143263816833
50.0490625,12.7144455909729
50.0523958333333,12.7147436141968
50.0557291666667,12.7151012420654
50.0590625,12.7155780792236
50.0623958333333,12.7161145210266
50.0657291666667,12.7167701721191
50.0690625,12.7174258232117
50.0723958333333,12.718141078949
50.0757291666667,12.7189755439758
50.0790625,12.7198696136475
50.0823958333333,12.7207636833191
50.0857291666667,12.7217173576355
50.0890625,12.7226710319519
50.0923958333333,12.7236247062683
50.0957291666667,12.7245783805847
50.0990625,12.7255320549011
50.1023958333333,12.726366519928
50.1057291666667,12.7272605895996
50.1090625,12.7281546592712
50.1123958333333,12.7290487289429
50.1157291666667,12.7299427986145
50.1190625,12.7309560775757
50.1223958333333,12.7319693565369
50.1257291666667,12.7331018447876
50.1290625,12.7342939376831
50.1323958333333,12.7355456352234
50.1357291666667,12.7368569374084
50.1390625,12.7382278442383
50.1423958333333,12.7396583557129
50.1457291666667,12.7410888671875
50.1490625,12.7425193786621
50.1523958333333,12.7438902854919
50.1557291666667,12.7452611923218
50.1590625,12.7465724945068
50.1623958333333,12.7478241920471
50.1657291666667,12.7490162849426
50.1690625,12.7501487731934
50.1723958333333,12.7511620521545
50.1757291666667,12.7521157264709
50.1790625,12.7530097961426
50.1823958333333,12.7539038658142
50.1857291666667,12.7547383308411
50.1890625,12.7555131912231
50.1923958333333,12.7562284469604
50.1957291666667,12.7569437026978
50.1990625,12.7575993537903
50.2023958333333,12.758195400238
50.2057291666667,12.7588510513306
50.2090625,12.7594470977783
50.2123958333333,12.7599835395813
50.2157291666667,12.7605795860291
50.2190625,12.7611756324768
50.2223958333333,12.7617120742798
50.2257291666667,12.7623081207275
50.2290625,12.7628445625305
50.2323958333333,12.7634406089783
50.2357291666667,12.7639174461365
50.2390625,12.7643942832947
50.2423958333333,12.7647519111633
50.2457291666667,12.765109539032
50.2490625,12.7653479576111
50.2523958333333,12.7655267715454
50.2557291666667,12.765645980835
50.2590625,12.7657055854797
50.2623958333333,12.7658247947693
50.2657291666667,12.7659440040588
50.2690625,12.7660632133484
50.2723958333333,12.7663016319275
50.2757291666667,12.7666592597961
50.2790625,12.7670168876648
50.2823958333333,12.767493724823
50.2857291666667,12.7679705619812
50.2890625,12.7685070037842
50.2923958333333,12.7690434455872
50.2957291666667,12.7695202827454
50.2990625,12.7700567245483
50.3023958333333,12.7705335617065
50.3057291666667,12.7710103988647
50.3090625,12.7714276313782
50.3123958333333,12.7719640731812
50.3157291666667,12.7724409103394
50.3190625,12.7730369567871
50.3223958333333,12.7736330032349
50.3257291666667,12.7742290496826
50.3290625,12.7748847007751
50.3323958333333,12.7755403518677
50.3357291666667,12.7761960029602
50.3390625,12.7769112586975
50.3423958333333,12.77756690979
50.3457291666667,12.7782821655273
50.3490625,12.7789974212646
50.3523958333333,12.7797722816467
50.3557291666667,12.7805471420288
50.3590625,12.7812623977661
50.3623958333333,12.7820372581482
50.3657291666667,12.7828121185303
50.3690625,12.7835273742676
50.3723958333333,12.7841830253601
50.3757291666667,12.7847790718079
50.3790625,12.7853155136108
50.3823958333333,12.785792350769
50.3857291666667,12.7861499786377
50.3890625,12.7865076065063
50.3923958333333,12.7868056297302
50.3957291666667,12.7871036529541
50.3990625,12.787401676178
50.4023958333333,12.7876400947571
50.4057291666667,12.7878785133362
50.4090625,12.7881169319153
50.4123958333333,12.7883553504944
50.4157291666667,12.7885341644287
50.4190625,12.788712978363
50.4223958333333,12.7888917922974
50.4257291666667,12.7891302108765
50.4290625,12.7893686294556
50.4323958333333,12.7896070480347
50.4357291666667,12.7899646759033
50.4390625,12.7904415130615
50.4423958333333,12.7909183502197
50.4457291666667,12.7915143966675
50.4490625,12.79217004776
50.4523958333333,12.7928853034973
50.4557291666667,12.7936005592346
50.4590625,12.7943158149719
50.4623958333333,12.7950310707092
50.4657291666667,12.7956867218018
50.4690625,12.7962827682495
50.4723958333333,12.7968192100525
50.4757291666667,12.7972960472107
50.4790625,12.7976536750793
50.4823958333333,12.7979516983032
50.4857291666667,12.7982497215271
50.4890625,12.798547744751
50.4923958333333,12.7987861633301
50.4957291666667,12.799084186554
50.4990625,12.7994418144226
50.5023958333333,12.799859046936
50.5057291666667,12.800395488739
50.5090625,12.8010511398315
50.5123958333333,12.8018260002136
50.5157291666667,12.8026604652405
50.5190625,12.8036141395569
50.5223958333333,12.8046870231628
50.5257291666667,12.8057599067688
50.5290625,12.8068923950195
50.5323958333333,12.8080248832703
50.5357291666667,12.8090977668762
50.5390625,12.8101706504822
50.5423958333333,12.8111839294434
50.5457291666667,12.8121376037598
50.5490625,12.8130912780762
50.5523958333333,12.8139853477478
50.5557291666667,12.8148794174194
50.5590625,12.8157138824463
50.5623958333333,12.8166079521179
50.5657291666667,12.8174424171448
50.5690625,12.8182768821716
50.5723958333333,12.8190517425537
50.5757291666667,12.819766998291
50.5790625,12.8204226493835
50.5823958333333,12.8209590911865
50.5857291666667,12.8214359283447
50.5890625,12.8217339515686
50.5923958333333,12.8219723701477
50.5957291666667,12.8220319747925
50.5990625,12.8220319747925
50.6023958333333,12.8218531608582
50.6057291666667,12.8215551376343
50.6090625,12.8211975097656
50.6123958333333,12.8207206726074
50.6157291666667,12.8201842308044
50.6190625,12.8195881843567
50.6223958333333,12.8189921379089
50.6257291666667,12.8183364868164
50.6290625,12.8177404403687
50.6323958333333,12.8172039985657
50.6357291666667,12.8167271614075
50.6390625,12.8162503242493
50.6423958333333,12.8157734870911
50.6457291666667,12.8153562545776
50.6490625,12.814998626709
50.6523958333333,12.8146409988403
50.6557291666667,12.8142833709717
50.6590625,12.8139853477478
50.6623958333333,12.8137469291687
50.6657291666667,12.8135681152344
50.6690625,12.8135681152344
50.6723958333333,12.8136277198792
50.6757291666667,12.8138661384583
50.6790625,12.8142237663269
50.6823958333333,12.8147602081299
50.6857291666667,12.8154754638672
50.6890625,12.8162503242493
50.6923958333333,12.8170847892761
50.6957291666667,12.8179788589478
50.6990625,12.8188729286194
50.7023958333333,12.8198266029358
50.7057291666667,12.8206610679626
50.7090625,12.8214955329895
50.7123958333333,12.8223299980164
50.7157291666667,12.8231048583984
50.7190625,12.8238201141357
50.7223958333333,12.8245949745178
50.7257291666667,12.8254294395447
50.7290625,12.8262639045715
50.7323958333333,12.8271579742432
50.7357291666667,12.8281712532043
50.7390625,12.8292441368103
50.7423958333333,12.8304362297058
50.7457291666667,12.8317475318909
50.7490625,12.8331184387207
50.7523958333333,12.8346681594849
50.7557291666667,12.8363370895386
50.7590625,12.8381252288818
50.7623958333333,12.8400921821594
50.7657291666667,12.8421187400818
50.7690625,12.8442049026489
50.7723958333333,12.8464102745056
50.7757291666667,12.8486156463623
50.7790625,12.8508806228638
50.7823958333333,12.8530263900757
50.7857291666667,12.8551721572876
50.7890625,12.85719871521
50.7923958333333,12.8591060638428
50.7957291666667,12.8610134124756
50.7990625,12.8628611564636
50.8023958333333,12.8647089004517
50.8057291666667,12.8666162490845
50.8090625,12.8685235977173
50.8123958333333,12.8704309463501
50.8157291666667,12.8724575042725
50.8190625,12.8745436668396
50.8223958333333,12.8766894340515
50.8257291666667,12.8788948059082
50.8290625,12.8810405731201
50.8323958333333,12.8831267356873
50.8357291666667,12.8852128982544
50.8390625,12.8872394561768
50.8423958333333,12.8892660140991
50.8457291666667,12.8912329673767
50.8490625,12.8931999206543
50.8523958333333,12.8951072692871
50.8557291666667,12.8970742225647
50.8590625,12.8990411758423
50.8623958333333,12.9011273384094
50.8657291666667,12.9032135009766
50.8690625,12.9052996635437
50.8723958333333,12.9075050354004
50.8757291666667,12.9096508026123
50.8790625,12.911856174469
50.8823958333333,12.9140615463257
50.8857291666667,12.9162073135376
50.8890625,12.9184126853943
50.8923958333333,12.920618057251
50.8957291666667,12.9228830337524
50.8990625,12.9251480102539
50.9023958333333,12.9274129867554
50.9057291666667,12.9297375679016
50.9090625,12.9321217536926
50.9123958333333,12.9345655441284
50.9157291666667,12.9369497299194
50.9190625,12.9393935203552
50.9223958333333,12.9417777061462
50.9257291666667,12.9441618919373
50.9290625,12.9464864730835
50.9323958333333,12.948751449585
50.9357291666667,12.9510164260864
50.9390625,12.9531621932983
50.9423958333333,12.9553079605103
50.9457291666667,12.9573345184326
50.9490625,12.959361076355
50.9523958333333,12.9613280296326
50.9557291666667,12.9632353782654
50.9590625,12.9650831222534
50.9623958333333,12.9668712615967
50.9657291666667,12.9685997962952
50.9690625,12.9702687263489
50.9723958333333,12.9717588424683
50.9757291666667,12.9732489585876
50.9790625,12.9745602607727
50.9823958333333,12.975811958313
50.9857291666667,12.9768848419189
50.9890625,12.9778385162354
50.9923958333333,12.9786133766174
50.9957291666667,12.9792094230652
50.9990625,12.9796266555786
51.0023958333333,12.9798054695129
51.0057291666667,12.9798054695129
51.0090625,12.9795670509338
51.0123958333333,12.9792094230652
51.0157291666667,12.978732585907
51.0190625,12.9781365394592
51.0223958333333,12.9774212837219
51.0257291666667,12.9767656326294
51.0290625,12.9760503768921
51.0323958333333,12.9753947257996
51.0357291666667,12.974739074707
51.0390625,12.9742026329041
51.0423958333333,12.9736661911011
51.0457291666667,12.9732489585876
51.0490625,12.972891330719
51.0523958333333,12.9726529121399
51.0557291666667,12.9724740982056
51.0590625,12.9724740982056
51.0623958333333,12.9725933074951
51.0657291666667,12.9728317260742
51.0690625,12.9733085632324
51.0723958333333,12.9740238189697
51.0757291666667,12.9749774932861
51.0790625,12.9762887954712
51.0823958333333,12.9779577255249
51.0857291666667,12.980043888092
51.0890625,12.9826068878174
51.0923958333333,12.9857063293457
51.0957291666667,12.9894018173218
51.0990625,12.9938125610352
51.1023958333333,12.9989981651306
51.1057291666667,13.0050778388977
51.1090625,13.0122303962708
51.1123958333333,13.0205750465393
51.1157291666667,13.0303502082825
51.1190625,13.0417346954346
51.1223958333333,13.0550265312195
51.1257291666667,13.0703449249268
51.1290625,13.088047504425
51.1323958333333,13.1084322929382
51.1357291666667,13.1317377090454
51.1390625,13.1582617759705
51.1423958333333,13.1884813308716
51.1457291666667,13.2226347923279
51.1490625,13.2611393928528
51.1523958333333,13.3043527603149
51.1557291666667,13.3527517318726
51.1590625,13.4066343307495
51.1623958333333,13.4664177894592
51.1657291666667,13.5325193405151
51.1690625,13.6052370071411
51.1723958333333,13.684868812561
51.1757291666667,13.7717127799988
51.1790625,13.8660669326782
51.1823958333333,13.9680504798889
51.1857291666667,14.0778422355652
51.1890625,14.1955614089966
51.1923958333333,14.3212676048279
51.1957291666667,14.4549012184143
51.1990625,14.5962834358215
51.2023958333333,14.74529504776
51.2057291666667,14.9016976356506
51.2090625,15.06507396698
51.2123958333333,15.2349472045898
51.2157291666667,15.410840511322
51.2190625,15.5920386314392
51.2223958333333,15.7777667045593
51.2257291666667,15.9672498703003
51.2290625,16.1594748497009
51.2323958333333,16.3534283638
51.2357291666667,16.5480971336365
51.2390625,16.7422890663147
51.2423958333333,16.9348120689392
51.2457291666667,17.1244740486145
51.2490625,17.3099637031555
51.2523958333333,17.4900889396667
51.2557291666667,17.6635384559631
51.2590625,17.8290605545044
51.2623958333333,17.985463142395
51.2657291666667,18.1315541267395
51.2690625,18.2663202285767
51.2723958333333,18.3886289596558
51.2757291666667,18.4975862503052
51.2790625,18.5924768447876
51.2823958333333,18.6726450920105
51.2857291666667,18.7374353408813
51.2890625,18.786609172821
51.2923958333333,18.8198089599609
51.2957291666667,18.8369750976563
51.2990625,18.838107585907
51.3023958333333,18.8233852386475
51.3057291666667,18.7931060791016
51.3090625,18.7476873397827
51.3123958333333,18.6877250671387
51.3157291666667,18.613874912262
51.3190625,18.5268521308899
51.3223958333333,18.4274911880493
51.3257291666667,18.3168649673462
51.3290625,18.1958675384521
51.3323958333333,18.0655717849731
51.3357291666667,17.9270505905151
51.3390625,17.7813768386841
51.3423958333333,17.6296234130859
51.3457291666667,17.473042011261
51.3490625,17.3125863075256
51.3523958333333,17.1494483947754
51.3557291666667,16.9847011566162
51.3590625,16.8192982673645
51.3623958333333,16.654372215271
51.3657291666667,16.4906978607178
51.3690625,16.329288482666
51.3723958333333,16.1707401275635
51.3757291666667,16.0158276557922
51.3790625,15.8650875091553
51.3823958333333,15.7190561294556
51.3857291666667,15.5781507492065
51.3890625,15.4427289962769
51.3923958333333,15.3129696846008
51.3957291666667,15.1891708374023
51.3990625,15.0714516639709
51.4023958333333,14.9598121643066
51.4057291666667,14.854371547699
51.4090625,14.7550106048584
51.4123958333333,14.6617293357849
51.4157291666667,14.5743489265442
51.4190625,14.4927501678467
51.4223958333333,14.4166946411133
51.4257291666667,14.3460631370544
51.4290625,14.2805576324463
51.4323958333333,14.2198801040649
51.4357291666667,14.1637921333313
51.4390625,14.1119956970215
51.4423958333333,14.0641927719116
51.4457291666667,14.0200853347778
51.4490625,13.9794945716858
51.4523958333333,13.9420032501221
51.4557291666667,13.9074921607971
51.4590625,13.8756036758423
51.4623958333333,13.846218585968
51.4657291666667,13.8190388679504
51.4690625,13.7938857078552
51.4723958333333,13.7705206871033
51.4757291666667,13.748824596405
51.4790625,13.7286186218262
51.4823958333333,13.7097239494324
51.4857291666667,13.6920809745789
51.4890625,13.6755704879761
51.4923958333333,13.6600732803345
51.4957291666667,13.6454701423645
51.4990625,13.6318206787109
51.5023958333333,13.6189460754395
51.5057291666667,13.6067867279053
51.5090625,13.5952830314636
51.5123958333333,13.5843753814697
51.5157291666667,13.573944568634
51.5190625,13.5639905929565
51.5223958333333,13.5543346405029
51.5257291666667,13.5450959205627
51.5290625,13.5360956192017
51.5323958333333,13.5273933410645
51.5357291666667,13.5189294815063
51.5390625,13.5107040405273
51.5423958333333,13.5027170181274
51.5457291666667,13.4949684143066
51.5490625,13.4875774383545
51.5523958333333,13.4804248809814
51.5557291666667,13.4735703468323
51.5590625,13.467013835907
51.5623958333333,13.4606957435608
51.5657291666667,13.4546160697937
51.5690625,13.4487748146057
51.5723958333333,13.4431719779968
51.5757291666667,13.4377479553223
51.5790625,13.4325623512268
51.5823958333333,13.4276151657104
51.5857291666667,13.4229063987732
51.5890625,13.4184956550598
51.5923958333333,13.4143829345703
51.5957291666667,13.4106278419495
51.5990625,13.4071111679077
51.6023958333333,13.4038925170898
51.6057291666667,13.4009718894958
51.6090625,13.3982300758362
51.6123958333333,13.3957266807556
51.6157291666667,13.3932828903198
51.6190625,13.3910179138184
51.6223958333333,13.3888125419617
51.6257291666667,13.3867263793945
51.6290625,13.3846402168274
51.6323958333333,13.3825540542603
51.6357291666667,13.3805274963379
51.6390625,13.3784413337708
51.6423958333333,13.3764147758484
51.6457291666667,13.374388217926
51.6490625,13.3723616600037
51.6523958333333,13.3703947067261
51.6557291666667,13.3683681488037
51.6590625,13.3664608001709
51.6623958333333,13.3645534515381
51.6657291666667,13.36270570755
51.6690625,13.3609175682068
51.6723958333333,13.3591294288635
51.6757291666667,13.357400894165
51.6790625,13.3556127548218
51.6823958333333,13.3538842201233
51.6857291666667,13.35209608078
51.6890625,13.3503675460815
51.6923958333333,13.3485794067383
51.6957291666667,13.346791267395
51.6990625,13.344943523407
51.7023958333333,13.3431553840637
51.7057291666667,13.3413672447205
51.7090625,13.3395195007324
51.7123958333333,13.3376717567444
51.7157291666667,13.3357644081116
51.7190625,13.333797454834
51.7223958333333,13.3318305015564
51.7257291666667,13.3298635482788
51.7290625,13.3278965950012
51.7323958333333,13.3259892463684
51.7357291666667,13.3240818977356
51.7390625,13.3222937583923
51.7423958333333,13.3206248283386
51.7457291666667,13.3190155029297
51.7490625,13.3175253868103
51.7523958333333,13.3161544799805
51.7557291666667,13.3147835731506
51.7590625,13.3135318756104
51.7623958333333,13.3123397827148
51.7657291666667,13.3111476898193
51.7690625,13.3100152015686
51.7723958333333,13.3089423179626
51.7757291666667,13.3078098297119
51.7790625,13.306736946106
51.7823958333333,13.3056640625
51.7857291666667,13.3045315742493
51.7890625,13.3034586906433
51.7923958333333,13.3023858070374
51.7957291666667,13.3013725280762
51.7990625,13.3002996444702
51.8023958333333,13.299286365509
51.8057291666667,13.2983326911926
51.8090625,13.2973790168762
51.8123958333333,13.2964253425598
51.8157291666667,13.2954716682434
51.8190625,13.294517993927
51.8223958333333,13.2935047149658
51.8257291666667,13.2924914360046
51.8290625,13.2914781570435
51.8323958333333,13.2904648780823
51.8357291666667,13.2894515991211
51.8390625,13.2884979248047
51.8423958333333,13.2875442504883
51.8457291666667,13.2866501808167
51.8490625,13.285756111145
51.8523958333333,13.2849812507629
51.8557291666667,13.2842659950256
51.8590625,13.2835507392883
51.8623958333333,13.282835483551
51.8657291666667,13.2821202278137
51.8690625,13.2814049720764
51.8723958333333,13.2806897163391
51.8757291666667,13.279914855957
51.8790625,13.2790207862854
51.8823958333333,13.2781267166138
51.8857291666667,13.2771134376526
51.8890625,13.2760405540466
51.8923958333333,13.2749080657959
51.8957291666667,13.2737159729004
51.8990625,13.2724642753601
51.9023958333333,13.2712125778198
51.9057291666667,13.2699012756348
51.9090625,13.2686495780945
51.9123958333333,13.2675170898438
51.9157291666667,13.266384601593
51.9190625,13.2653713226318
51.9223958333333,13.2644772529602
51.9257291666667,13.2637023925781
51.9290625,13.2629871368408
51.9323958333333,13.2624506950378
51.9357291666667,13.2619142532349
51.9390625,13.2615566253662
51.9423958333333,13.2611989974976
51.9457291666667,13.2609605789185
51.9490625,13.2608413696289
51.9523958333333,13.2607221603394
51.9557291666667,13.2607817649841
51.9590625,13.2609009742737
51.9623958333333,13.2610201835632
51.9657291666667,13.2612586021423
51.9690625,13.2615566253662
51.9723958333333,13.2617950439453
51.9757291666667,13.2619738578796
51.9790625,13.262152671814
51.9823958333333,13.2622122764587
51.9857291666667,13.2622122764587
51.9890625,13.2620930671692
51.9923958333333,13.2619738578796
51.9957291666667,13.2617950439453
51.9990625,13.2616758346558
52.0023958333333,13.2615566253662
52.0057291666667,13.261616230011
52.0090625,13.2617950439453
52.0123958333333,13.262152671814
52.0157291666667,13.2627487182617
52.0190625,13.263463973999
52.0223958333333,13.2644176483154
52.0257291666667,13.2654309272766
52.0290625,13.2665634155273
52.0323958333333,13.2677555084229
52.0357291666667,13.2688879966736
52.0390625,13.2700204849243
52.0423958333333,13.2709741592407
52.0457291666667,13.2718682289124
52.0490625,13.2727026939392
52.0523958333333,13.2733583450317
52.0557291666667,13.2739543914795
52.0590625,13.2744312286377
52.0623958333333,13.2748484611511
52.0657291666667,13.275146484375
52.0690625,13.2754445075989
52.0723958333333,13.275682926178
52.0757291666667,13.2759213447571
52.0790625,13.2761001586914
52.0823958333333,13.276219367981
52.0857291666667,13.2762789726257
52.0890625,13.2763385772705
52.0923958333333,13.2763981819153
52.0957291666667,13.2763981819153
52.0990625,13.2764577865601
52.1023958333333,13.2765769958496
52.1057291666667,13.2767558097839
52.1090625,13.276994228363
52.1123958333333,13.2772922515869
52.1157291666667,13.2777094841003
52.1190625,13.2782459259033
52.1223958333333,13.2787823677063
52.1257291666667,13.2793188095093
52.1290625,13.2798552513123
52.1323958333333,13.2802724838257
52.1357291666667,13.2806301116943
52.1390625,13.2808685302734
52.1423958333333,13.2810473442078
52.1457291666667,13.2810473442078
52.1490625,13.2809281349182
52.1523958333333,13.2808089256287
52.1557291666667,13.2805705070496
52.1590625,13.2802724838257
52.1623958333333,13.2799744606018
52.1657291666667,13.2796168327332
52.1690625,13.2791996002197
52.1723958333333,13.2786631584167
52.1757291666667,13.2781267166138
52.1790625,13.2774710655212
52.1823958333333,13.2766962051392
52.1857291666667,13.2758617401123
52.1890625,13.2749676704407
52.1923958333333,13.274073600769
52.1957291666667,13.2731795310974
52.1990625,13.2722854614258
52.2023958333333,13.2714509963989
52.2057291666667,13.2707357406616
52.2090625,13.2700204849243
52.2123958333333,13.2694244384766
52.2157291666667,13.2688283920288
52.2190625,13.2682919502258
52.2223958333333,13.2676959037781
52.2257291666667,13.2671594619751
52.2290625,13.2665038108826
52.2323958333333,13.26584815979
52.2357291666667,13.2651329040527
52.2390625,13.2643580436707
52.2423958333333,13.2635831832886
52.2457291666667,13.2627487182617
52.2490625,13.2619142532349
52.2523958333333,13.2610201835632
52.2557291666667,13.2601857185364
52.2590625,13.2594108581543
52.2623958333333,13.2586359977722
52.2657291666667,13.2579803466797
52.2690625,13.2573843002319
52.2723958333333,13.256847858429
52.2757291666667,13.2564306259155
52.2790625,13.2561326026917
52.2823958333333,13.2559537887573
52.2857291666667,13.2558941841125
52.2890625,13.2558941841125
52.2923958333333,13.2560729980469
52.2957291666667,13.2562518119812
52.2990625,13.2565498352051
52.3023958333333,13.2569074630737
52.3057291666667,13.2572650909424
52.3090625,13.257622718811
52.3123958333333,13.2579207420349
52.3157291666667,13.2582187652588
52.3190625,13.2585167884827
52.3223958333333,13.2587552070618
52.3257291666667,13.2589340209961
52.3290625,13.25923204422
52.3323958333333,13.2594704627991
52.3357291666667,13.2598876953125
52.3390625,13.2603645324707
52.3423958333333,13.2609605789185
52.3457291666667,13.2616758346558
52.3490625,13.2625699043274
52.3523958333333,13.2635235786438
52.3557291666667,13.2645964622498
52.3590625,13.2657885551453
52.3623958333333,13.2670402526855
52.3657291666667,13.2684111595154
52.3690625,13.26984167099
52.3723958333333,13.2713913917542
52.3757291666667,13.2730603218079
52.3790625,13.2747888565063
52.3823958333333,13.2766366004944
52.3857291666667,13.2785439491272
52.3890625,13.28045129776
52.3923958333333,13.2823586463928
52.3957291666667,13.2842063903809
52.3990625,13.2859945297241
52.4023958333333,13.2877230644226
52.4057291666667,13.2893919944763
52.4090625,13.2910013198853
52.4123958333333,13.2925510406494
52.4157291666667,13.2940411567688
52.4190625,13.2954716682434
52.4223958333333,13.296902179718
52.4257291666667,13.2982730865479
52.4290625,13.2995843887329
52.4323958333333,13.300895690918
52.4357291666667,13.302206993103
52.4390625,13.3034586906433
52.4423958333333,13.3047699928284
52.4457291666667,13.3060812950134
52.4490625,13.3073925971985
52.4523958333333,13.3087635040283
52.4557291666667,13.3101344108582
52.4590625,13.3115649223328
52.4623958333333,13.3129954338074
52.4657291666667,13.3144855499268
52.4690625,13.3159160614014
52.4723958333333,13.3172869682312
52.4757291666667,13.3185386657715
52.4790625,13.319730758667
52.4823958333333,13.3207440376282
52.4857291666667,13.321578502655
52.4890625,13.3222937583923
52.4923958333333,13.3227705955505
52.4957291666667,13.3230090141296
52.4990625,13.3231282234192
52.5023958333333,13.3229494094849
52.5057291666667,13.3227109909058
52.5090625,13.3222937583923
52.5123958333333,13.3217573165894
52.5157291666667,13.3211612701416
52.5190625,13.3205056190491
52.5223958333333,13.3197903633118
52.5257291666667,13.3191347122192
52.5290625,13.3184194564819
52.5323958333333,13.3177042007446
52.5357291666667,13.3169889450073
52.5390625,13.31627368927
52.5423958333333,13.3154988288879
52.5457291666667,13.3147239685059
52.5490625,13.3139491081238
52.5523958333333,13.3131742477417
52.5557291666667,13.3123993873596
52.5590625,13.3116245269775
52.5623958333333,13.3109092712402
52.5657291666667,13.3101940155029
52.5690625,13.3095383644104
52.5723958333333,13.3088827133179
52.5757291666667,13.3082270622253
52.5790625,13.3075714111328
52.5823958333333,13.3069753646851
52.5857291666667,13.3063197135925
52.5890625,13.3056044578552
52.5923958333333,13.3048892021179
52.5957291666667,13.3041739463806
52.5990625,13.3033990859985
52.6023958333333,13.3026838302612
52.6057291666667,13.3019685745239
52.6090625,13.3012533187866
52.6123958333333,13.3006572723389
52.6157291666667,13.3001208305359
52.6190625,13.2996439933777
52.6223958333333,13.299286365509
52.6257291666667,13.2989883422852
52.6290625,13.2988691329956
52.6323958333333,13.2988691329956
52.6357291666667,13.2990479469299
52.6390625,13.2993459701538
52.6423958333333,13.299822807312
52.6457291666667,13.3004784584045
52.6490625,13.3012533187866
52.6523958333333,13.3021473884583
52.6557291666667,13.3031606674194
52.6590625,13.3042335510254
52.6623958333333,13.3053660392761
52.6657291666667,13.3064985275269
52.6690625,13.3076310157776
52.6723958333333,13.3087635040283
52.6757291666667,13.3098363876343
52.6790625,13.3109092712402
52.6823958333333,13.3119821548462
52.6857291666667,13.3130550384521
52.6890625,13.3140683174133
52.6923958333333,13.3151412010193
52.6957291666667,13.3160948753357
52.6990625,13.3171081542969
52.7023958333333,13.3180022239685
52.7057291666667,13.3188962936401
52.7090625,13.3196711540222
52.7123958333333,13.3203864097595
52.7157291666667,13.3210420608521
52.7190625,13.3216381072998
52.7223958333333,13.3222341537476
52.7257291666667,13.3228898048401
52.7290625,13.3236050605774
52.7323958333333,13.3244395256042
52.7357291666667,13.3253335952759
52.7390625,13.3263468742371
52.7423958333333,13.3275389671326
52.7457291666667,13.3288502693176
52.7490625,13.3302211761475
52.7523958333333,13.3317112922668
52.7557291666667,13.3331418037415
52.7590625,13.3346319198608
52.7623958333333,13.3361220359802
52.7657291666667,13.3374929428101
52.7690625,13.3388042449951
52.7723958333333,13.3399367332458
52.7757291666667,13.340950012207
52.7790625,13.3418440818787
52.7823958333333,13.342559337616
52.7857291666667,13.3430957794189
52.7890625,13.3434534072876
52.7923958333333,13.3436322212219
52.7957291666667,13.3437514305115
52.7990625,13.3436918258667
52.8023958333333,13.3436322212219
52.8057291666667,13.3435726165771
52.8090625,13.3435130119324
52.8123958333333,13.3435130119324
52.8157291666667,13.3435726165771
52.8190625,13.3437514305115
52.8223958333333,13.3440494537354
52.8257291666667,13.344407081604
52.8290625,13.3448243141174
52.8323958333333,13.3453011512756
52.8357291666667,13.3457183837891
52.8390625,13.3461952209473
52.8423958333333,13.3466124534607
52.8457291666667,13.3469700813293
52.8490625,13.347327709198
52.8523958333333,13.3475661277771
52.8557291666667,13.347864151001
52.8590625,13.3480429649353
52.8623958333333,13.3482813835144
52.8657291666667,13.3484601974487
52.8690625,13.3485794067383
52.8723958333333,13.3486986160278
52.8757291666667,13.3488178253174
52.8790625,13.3488774299622
52.8823958333333,13.3488774299622
52.8857291666667,13.3488178253174
52.8890625,13.3486986160278
52.8923958333333,13.3486390113831
52.8957291666667,13.3485198020935
52.8990625,13.3484601974487
52.9023958333333,13.348400592804
52.9057291666667,13.3484601974487
52.9090625,13.3485794067383
52.9123958333333,13.3487582206726
52.9157291666667,13.3490562438965
52.9190625,13.3494138717651
52.9223958333333,13.3498311042786
52.9257291666667,13.3503675460815
52.9290625,13.3509039878845
52.9323958333333,13.3515596389771
52.9357291666667,13.3522152900696
52.9390625,13.3529901504517
52.9423958333333,13.3538842201233
52.9457291666667,13.3548378944397
52.9490625,13.3559703826904
52.9523958333333,13.3571624755859
52.9557291666667,13.3584141731262
52.9590625,13.3597254753113
52.9623958333333,13.3610963821411
52.9657291666667,13.3624672889709
52.9690625,13.3638381958008
52.9723958333333,13.3651494979858
52.9757291666667,13.3663415908813
52.9790625,13.3674740791321
52.9823958333333,13.3684873580933
52.9857291666667,13.3693814277649
52.9890625,13.3702158927917
52.9923958333333,13.3709907531738
52.9957291666667,13.3717656135559
52.9990625,13.3724808692932
53.0023958333333,13.3731961250305
53.0057291666667,13.3740305900574
53.0090625,13.3748054504395
53.0123958333333,13.3756995201111
53.0157291666667,13.3765935897827
53.0190625,13.3775472640991
53.0223958333333,13.3785605430603
53.0257291666667,13.3795738220215
53.0290625,13.3805871009827
53.0323958333333,13.3815407752991
53.0357291666667,13.3825540542603
53.0390625,13.3835673332214
53.0423958333333,13.3845210075378
53.0457291666667,13.3854150772095
53.0490625,13.3863091468811
53.0523958333333,13.3870840072632
53.0557291666667,13.3877992630005
53.0590625,13.388454914093
53.0623958333333,13.388991355896
53.0657291666667,13.3894085884094
53.0690625,13.3897066116333
53.0723958333333,13.3898854255676
53.0757291666667,13.3899450302124
53.0790625,13.3899450302124
53.0823958333333,13.3898258209229
53.0857291666667,13.3896470069885
53.0890625,13.3894681930542
53.0923958333333,13.3892893791199
53.0957291666667,13.3891701698303
53.0990625,13.3891701698303
53.1023958333333,13.3892893791199
53.1057291666667,13.3895874023438
53.1090625,13.3900046348572
53.1123958333333,13.3906006813049
53.1157291666667,13.3913159370422
53.1190625,13.3920907974243
53.1223958333333,13.3929848670959
53.1257291666667,13.3939981460571
53.1290625,13.3950114250183
53.1323958333333,13.3960843086243
53.1357291666667,13.397216796875
53.1390625,13.3984088897705
53.1423958333333,13.3995413780212
53.1457291666667,13.4007930755615
53.1490625,13.4019255638123
53.1523958333333,13.403058052063
53.1557291666667,13.4040713310242
53.1590625,13.4049654006958
53.1623958333333,13.4057402610779
53.1657291666667,13.4063959121704
53.1690625,13.4069919586182
53.1723958333333,13.4074687957764
53.1757291666667,13.4078860282898
53.1790625,13.4082436561584
53.1823958333333,13.4086012840271
53.1857291666667,13.408899307251
53.1890625,13.4091973304749
53.1923958333333,13.4095549583435
53.1957291666667,13.4098529815674
53.1990625,13.4101510047913
53.2023958333333,13.4103894233704
53.2057291666667,13.4106874465942
53.2090625,13.4109258651733
53.2123958333333,13.4111642837524
53.2157291666667,13.4114623069763
53.2190625,13.411819934845
53.2223958333333,13.4121775627136
53.2257291666667,13.4125351905823
53.2290625,13.4129524230957
53.2323958333333,13.4133696556091
53.2357291666667,13.4137868881226
53.2390625,13.4141445159912
53.2423958333333,13.4143829345703
53.2457291666667,13.4146213531494
53.2490625,13.4146809577942
53.2523958333333,13.4146809577942
53.2557291666667,13.4145617485046
53.2590625,13.4144425392151
53.2623958333333,13.414204120636
53.2657291666667,13.4140253067017
53.2690625,13.4137868881226
53.2723958333333,13.4135484695435
53.2757291666667,13.4133100509644
53.2790625,13.4131908416748
53.2823958333333,13.4130716323853
53.2857291666667,13.4130716323853
53.2890625,13.4130716323853
53.2923958333333,13.4131908416748
53.2957291666667,13.4133696556091
53.2990625,13.4136080741882
53.3023958333333,13.4139657020569
53.3057291666667,13.4143233299255
53.3090625,13.414740562439
53.3123958333333,13.4151577949524
53.3157291666667,13.4156942367554
53.3190625,13.4162306785583
53.3223958333333,13.4168267250061
53.3257291666667,13.4174823760986
53.3290625,13.4181380271912
53.3323958333333,13.4189128875732
53.3357291666667,13.4196877479553
53.3390625,13.4205222129822
53.3423958333333,13.421356678009
53.3457291666667,13.4222507476807
53.3490625,13.4230852127075
53.3523958333333,13.4239196777344
53.3557291666667,13.4247541427612
53.3590625,13.4255290031433
53.3623958333333,13.4263038635254
53.3657291666667,13.4270787239075
53.3690625,13.427734375
53.3723958333333,13.4283900260925
53.3757291666667,13.4289860725403
53.3790625,13.429582118988
53.3823958333333,13.430118560791
53.3857291666667,13.430655002594
53.3890625,13.4312510490417
53.3923958333333,13.4319067001343
53.3957291666667,13.4326219558716
53.3990625,13.4334564208984
53.4023958333333,13.4344696998596
53.4057291666667,13.4356617927551
53.4090625,13.437032699585
53.4123958333333,13.4385228157043
53.4157291666667,13.4401917457581
53.4190625,13.4420394897461
53.4223958333333,13.4440064430237
53.4257291666667,13.446033000946
53.4290625,13.4482383728027
53.4323958333333,13.4504437446594
53.4357291666667,13.4527683258057
53.4390625,13.4550929069519
53.4423958333333,13.4575366973877
53.4457291666667,13.4599804878235
53.4490625,13.4624838829041
53.4523958333333,13.4651064872742
53.4557291666667,13.4678483009338
53.4590625,13.4706497192383
53.4623958333333,13.4735703468323
53.4657291666667,13.4766697883606
53.4690625,13.4799480438232
53.4723958333333,13.483464717865
53.4757291666667,13.4871006011963
53.4790625,13.4910345077515
53.4823958333333,13.495147228241
53.4857291666667,13.4995579719543
53.4890625,13.5043263435364
53.4923958333333,13.5093927383423
53.4957291666667,13.5148763656616
53.4990625,13.5207772254944
53.5023958333333,13.5270357131958
53.5057291666667,13.5337114334106
53.5090625,13.5408043861389
53.5123958333333,13.5482549667358
53.5157291666667,13.5560631752014
53.5190625,13.5641098022461
53.5223958333333,13.5724544525146
53.5257291666667,13.580858707428
53.5290625,13.5894417762756
53.5323958333333,13.5979652404785
53.5357291666667,13.6064887046814
53.5390625,13.6148929595947
53.5423958333333,13.623058795929
53.5457291666667,13.6309862136841
53.5490625,13.6385560035706
53.5523958333333,13.6458277702332
53.5557291666667,13.6527419090271
53.5590625,13.6592984199524
53.5623958333333,13.665497303009
53.5657291666667,13.6712789535522
53.5690625,13.6767029762268
53.5723958333333,13.6818289756775
53.5757291666667,13.6865973472595
53.5790625,13.6910080909729
53.5823958333333,13.6951804161072
53.5857291666667,13.6990547180176
53.5890625,13.7026906013489
53.5923958333333,13.7061476707458
53.5957291666667,13.709545135498
53.5990625,13.7129426002502
53.6023958333333,13.7163996696472
53.6057291666667,13.7200951576233
53.6090625,13.7240290641785
53.6123958333333,13.7282609939575
53.6157291666667,13.7329697608948
53.6190625,13.7380957603455
53.6223958333333,13.7436985969543
53.6257291666667,13.7498378753662
53.6290625,13.7565135955811
53.6323958333333,13.7638449668884
53.6357291666667,13.7717723846436
53.6390625,13.780415058136
53.6423958333333,13.7898325920105
53.6457291666667,13.8000845909119
53.6490625,13.8112902641296
53.6523958333333,13.823390007019
53.6557291666667,13.8365626335144
53.6590625,13.8507485389709
53.6623958333333,13.8659477233887
53.6657291666667,13.8821005821228
53.6690625,13.8991475105286
53.6723958333333,13.917088508606
53.6757291666667,13.9358043670654
53.6790625,13.9551758766174
53.6823958333333,13.975203037262
53.6857291666667,13.9957666397095
53.6890625,14.0168070793152
53.6923958333333,14.0382051467896
53.6957291666667,14.0599012374878
53.6990625,14.0817761421204
53.7023958333333,14.1037106513977
53.7057291666667,14.1255855560303
53.7090625,14.1472220420837
53.7123958333333,14.1685009002686
53.7157291666667,14.1891837120056
53.7190625,14.2092108726501
53.7223958333333,14.2282843589783
53.7257291666667,14.2462849617004
53.7290625,14.2630934715271
53.7323958333333,14.2785310745239
53.7357291666667,14.2924785614014
53.7390625,14.3048167228699
53.7423958333333,14.3155455589294
53.7457291666667,14.3244862556458
53.7490625,14.331579208374
53.7523958333333,14.336884021759
53.7557291666667,14.3402218818665
53.7590625,14.3416523933411
53.7623958333333,14.3412351608276
53.7657291666667,14.3389105796814
53.7690625,14.3347978591919
53.7723958333333,14.3288969993591
53.7757291666667,14.3214464187622
53.7790625,14.3124461174011
53.7823958333333,14.3020749092102
53.7857291666667,14.2905116081238
53.7890625,14.2777562141418
53.7923958333333,14.2640471458435
53.7957291666667,14.2495632171631
53.7990625,14.2343640327454
53.8023958333333,14.2185688018799
53.8057291666667,14.202356338501
53.8090625,14.185905456543
53.8123958333333,14.1691565513611
53.8157291666667,14.1523480415344
53.8190625,14.135479927063
53.8223958333333,14.1186118125916
53.8257291666667,14.1018033027649
53.8290625,14.0851140022278
53.8323958333333,14.0685439109802
53.8357291666667,14.0522122383118
53.8390625,14.0360593795776
53.8423958333333,14.0201449394226
53.8457291666667,14.0045285224915
53.8490625,13.989269733429
53.8523958333333,13.9743685722351
53.8557291666667,13.9599442481995
53.8590625,13.9459371566772
53.8623958333333,13.9324069023132
53.8657291666667,13.9193534851074
53.8690625,13.9068365097046
53.8723958333333,13.8949751853943
53.8757291666667,13.883650302887
53.8790625,13.8729214668274
53.8823958333333,13.8628482818604
53.8857291666667,13.8533711433411
53.8890625,13.8445496559143
53.8923958333333,13.8363242149353
53.8957291666667,13.8286948204041
53.8990625,13.8216018676758
53.9023958333333,13.8150453567505
53.9057291666667,13.8089656829834
53.9090625,13.8034224510193
53.9123958333333,13.7982964515686
53.9157291666667,13.7936472892761
53.9190625,13.7894153594971
53.9223958333333,13.7856006622314
53.9257291666667,13.782262802124
53.9290625,13.7792825698853
53.9323958333333,13.7766003608704
53.9357291666667,13.7742757797241
53.9390625,13.772189617157
53.9423958333333,13.7702226638794
53.9457291666667,13.7684345245361
53.9490625,13.7667059898376
53.9523958333333,13.7649774551392
53.9557291666667,13.7633085250854
53.9590625,13.761579990387
53.9623958333333,13.7598514556885
53.9657291666667,13.75812292099
53.9690625,13.7563347816467
53.9723958333333,13.7545466423035
53.9757291666667,13.7526988983154
53.9790625,13.7509107589722
53.9823958333333,13.7490630149841
53.9857291666667,13.7472152709961
53.9890625,13.7454271316528
53.9923958333333,13.7436985969543
53.9957291666667,13.7420296669006
53.9990625,13.7404799461365
54.0023958333333,13.7390494346619
54.0057291666667,13.7377977371216
54.0090625,13.7366652488708
54.0123958333333,13.7357115745544
54.0157291666667,13.7348771095276
54.0190625,13.7342214584351
54.0223958333333,13.7337446212769
54.0257291666667,13.7333869934082
54.0290625,13.7332081794739
54.0323958333333,13.7331485748291
54.0357291666667,13.7332677841187
54.0390625,13.7335062026978
54.0423958333333,13.7338638305664
54.0457291666667,13.7344002723694
54.0490625,13.7350559234619
54.0523958333333,13.7357115745544
54.0557291666667,13.7364864349365
54.0590625,13.7371420860291
54.0623958333333,13.7377977371216
54.0657291666667,13.7383341789246
54.0690625,13.7386918067932
54.0723958333333,13.7388706207275
54.0757291666667,13.7388110160828
54.0790625,13.7386322021484
54.0823958333333,13.738214969635
54.0857291666667,13.7377381324768
54.0890625,13.7370824813843
54.0923958333333,13.7364268302917
54.0957291666667,13.7356519699097
54.0990625,13.7349963188171
54.1023958333333,13.7343406677246
54.1057291666667,13.7337446212769
54.1090625,13.7333273887634
54.1123958333333,13.7330293655396
54.1157291666667,13.7328505516052
54.1190625,13.73291015625
54.1223958333333,13.7331485748291
54.1257291666667,13.7335658073425
54.1290625,13.7342214584351
54.1323958333333,13.7350559234619
54.1357291666667,13.7361288070679
54.1390625,13.7373805046082
54.1423958333333,13.738751411438
54.1457291666667,13.7403011322021
54.1490625,13.7419104576111
54.1523958333333,13.7435793876648
54.1557291666667,13.7453079223633
54.1590625,13.7470364570618
54.1623958333333,13.748824596405
54.1657291666667,13.7505531311035
54.1690625,13.7522220611572
54.1723958333333,13.7538313865662
54.1757291666667,13.7554407119751
54.1790625,13.7568712234497
54.1823958333333,13.7583017349243
54.1857291666667,13.7596130371094
54.1890625,13.7608051300049
54.1923958333333,13.7619972229004
54.1957291666667,13.7631297111511
54.1990625,13.7642621994019
54.2023958333333,13.7654542922974
54.2057291666667,13.7667059898376
54.2090625,13.7680768966675
54.2123958333333,13.7695670127869
54.2157291666667,13.7711763381958
54.2190625,13.7729048728943
54.2223958333333,13.7746930122375
54.2257291666667,13.7765407562256
54.2290625,13.7783885002136
54.2323958333333,13.7802362442017
54.2357291666667,13.7819647789001
54.2390625,13.7836933135986
54.2423958333333,13.7852430343628
54.2457291666667,13.786792755127
54.2490625,13.7881636619568
54.2523958333333,13.7894749641418
54.2557291666667,13.7906670570374
54.2590625,13.7917399406433
54.2623958333333,13.7926936149597
54.2657291666667,13.7935280799866
54.2690625,13.7941837310791
54.2723958333333,13.7947201728821
54.2757291666667,13.7950778007507
54.2790625,13.7952566146851
54.2823958333333,13.7951970100403
54.2857291666667,13.7948989868164
54.2890625,13.794481754303
54.2923958333333,13.7938261032104
54.2957291666667,13.7930512428284
54.2990625,13.792097568512
54.3023958333333,13.7910842895508
54.3057291666667,13.7900114059448
54.3090625,13.7889385223389
54.3123958333333,13.7878656387329
54.3157291666667,13.786792755127
54.3190625,13.7857794761658
54.3223958333333,13.7847661972046
54.3257291666667,13.783872127533
54.3290625,13.7829780578613
54.3323958333333,13.7822031974792
54.3357291666667,13.7815475463867
54.3390625,13.780951499939
54.3423958333333,13.7805342674255
54.3457291666667,13.7801766395569
54.3490625,13.7799978256226
54.3523958333333,13.779878616333
54.3557291666667,13.779878616333
54.3590625,13.7799382209778
54.3623958333333,13.7800574302673
54.3657291666667,13.7801766395569
54.3690625,13.7802958488464
54.3723958333333,13.780415058136
54.3757291666667,13.7804746627808
54.3790625,13.780415058136
54.3823958333333,13.7803554534912
54.3857291666667,13.7801766395569
54.3890625,13.779878616333
54.3923958333333,13.7795209884644
54.3957291666667,13.7790441513062
54.3990625,13.7785077095032
54.4023958333333,13.7777924537659
54.4057291666667,13.7770175933838
54.4090625,13.7761831283569
54.4123958333333,13.7752294540405
54.4157291666667,13.7741565704346
54.4190625,13.7730240821838
54.4223958333333,13.7717723846436
54.4257291666667,13.7704610824585
54.4290625,13.7690901756287
54.4323958333333,13.7676596641541
54.4357291666667,13.7662887573242
54.4390625,13.7648582458496
54.4423958333333,13.7634873390198
54.4457291666667,13.7621760368347
54.4490625,13.7609839439392
54.4523958333333,13.7598514556885
54.4557291666667,13.7588381767273
54.4590625,13.7578845024109
54.4623958333333,13.7569904327393
54.4657291666667,13.7562155723572
54.4690625,13.7555599212646
54.4723958333333,13.7549042701721
54.4757291666667,13.7543678283691
54.4790625,13.7538909912109
54.4823958333333,13.7534737586975
54.4857291666667,13.7531161308289
54.4890625,13.7527585029602
54.4923958333333,13.7524604797363
54.4957291666667,13.7521624565125
54.4990625,13.7518644332886
54.5023958333333,13.7515664100647
54.5057291666667,13.7512683868408
54.5090625,13.7509703636169
54.5123958333333,13.7506723403931
54.5157291666667,13.7503743171692
54.5190625,13.7501358985901
54.5223958333333,13.7500166893005
54.5257291666667,13.7499570846558
54.5290625,13.7501358985901
54.5323958333333,13.7505531311035
54.5357291666667,13.751208782196
54.5390625,13.752281665802
54.5423958333333,13.7537121772766
54.5457291666667,13.7555003166199
54.5490625,13.7577652931213
54.5523958333333,13.7604475021362
54.5557291666667,13.7635469436646
54.5590625,13.7670040130615
54.5623958333333,13.7708187103271
54.5657291666667,13.7749314308167
54.5690625,13.77934217453
54.5723958333333,13.7839317321777
54.5757291666667,13.7887597084045
54.5790625,13.7937068939209
54.5823958333333,13.7988328933716
54.5857291666667,13.804018497467
54.5890625,13.8092637062073
54.5923958333333,13.8146281242371
54.5957291666667,13.8199329376221
54.5990625,13.8252377510071
54.6023958333333,13.8304829597473
54.6057291666667,13.835608959198
54.6090625,13.8404965400696
54.6123958333333,13.8452053070068
54.6157291666667,13.8496160507202
54.6190625,13.8536691665649
54.6223958333333,13.8574242591858
54.6257291666667,13.860821723938
54.6290625,13.8638615608215
54.6323958333333,13.8665437698364
54.6357291666667,13.8689279556274
54.6390625,13.8710141181946
54.6423958333333,13.8728618621826
54.6457291666667,13.8744711875916
54.6490625,13.8759016990662
54.6523958333333,13.8770937919617
54.6557291666667,13.8781666755676
54.6590625,13.8790607452393
54.6623958333333,13.8798356056213
54.6657291666667,13.8803720474243
54.6690625,13.8807892799377
54.6723958333333,13.8810276985168
54.6757291666667,13.8810873031616
54.6790625,13.8810276985168
54.6823958333333,13.8808488845825
54.6857291666667,13.8804912567139
54.6890625,13.8800144195557
54.6923958333333,13.8794183731079
54.6957291666667,13.8787031173706
54.6990625,13.8778686523438
54.7023958333333,13.8769745826721
54.7057291666667,13.8759613037109
54.7090625,13.8748288154602
54.7123958333333,13.8735771179199
54.7157291666667,13.8722658157349
54.7190625,13.8708353042603
54.7223958333333,13.8693451881409
54.7257291666667,13.8677358627319
54.7290625,13.8660073280334
54.7323958333333,13.8642191886902
54.7357291666667,13.8623118400574
54.7390625,13.8603448867798
54.7423958333333,13.858437538147
54.7457291666667,13.8564705848694
54.7490625,13.8546228408813
54.7523958333333,13.8528943061829
54.7557291666667,13.8513445854187
54.7590625,13.8499140739441
54.7623958333333,13.8487219810486
54.7657291666667,13.8477683067322
54.7690625,13.8470530509949
54.7723958333333,13.8465762138367
54.7757291666667,13.8463377952576
54.7790625,13.846218585968
54.7823958333333,13.8463377952576
54.7857291666667,13.8465762138367
54.7890625,13.8469338417053
54.7923958333333,13.8473510742188
54.7957291666667,13.8477683067322
54.7990625,13.8481855392456
54.8023958333333,13.8485431671143
54.8057291666667,13.8488411903381
54.8090625,13.8489603996277
54.8123958333333,13.8490200042725
54.8157291666667,13.8489007949829
54.8190625,13.848602771759
54.8223958333333,13.8481855392456
54.8257291666667,13.8475894927979
54.8290625,13.8468742370605
54.8323958333333,13.8459801673889
54.8357291666667,13.8450264930725
54.8390625,13.8440132141113
54.8423958333333,13.8429403305054
54.8457291666667,13.8418078422546
54.8490625,13.8406753540039
54.8523958333333,13.8394832611084
54.8557291666667,13.8383507728577
54.8590625,13.8372778892517
54.8623958333333,13.8362646102905
54.8657291666667,13.8353705406189
54.8690625,13.8346552848816
54.8723958333333,13.8341784477234
54.8757291666667,13.8338208198547
54.8790625,13.83376121521
54.8823958333333,13.8339400291443
54.8857291666667,13.8343572616577
54.8890625,13.8349533081055
54.8923958333333,13.8357281684875
54.8957291666667,13.836681842804
54.8990625,13.8376951217651
54.9023958333333,13.8388872146606
54.9057291666667,13.8400793075562
54.9090625,13.8413310050964
54.9123958333333,13.8426423072815
54.9157291666667,13.8438940048218
54.9190625,13.8452053070068
54.9223958333333,13.8465166091919
54.9257291666667,13.8477683067322
54.9290625,13.8490200042725
54.9323958333333,13.8502717018127
54.9357291666667,13.8514041900635
54.9390625,13.8525366783142
54.9423958333333,13.8536095619202
54.9457291666667,13.8545632362366
54.9490625,13.8553977012634
54.9523958333333,13.8561129570007
54.9557291666667,13.8566493988037
54.9590625,13.8570666313171
54.9623958333333,13.8572454452515
54.9657291666667,13.8573050498962
54.9690625,13.8571858406067
54.9723958333333,13.8570070266724
54.9757291666667,13.8567686080933
54.9790625,13.8565301895142
54.9823958333333,13.8562321662903
54.9857291666667,13.8559937477112
54.9890625,13.8557553291321
54.9923958333333,13.8556361198425
54.9957291666667,13.8555765151978
54.9990625,13.8556361198425
55.0023958333333,13.8557553291321
55.0057291666667,13.8559341430664
55.0090625,13.8562917709351
55.0123958333333,13.8566493988037
55.0157291666667,13.8571262359619
55.0190625,13.8577222824097
55.0223958333333,13.8583183288574
55.0257291666667,13.85897397995
55.0290625,13.8596296310425
55.0323958333333,13.8602256774902
55.0357291666667,13.8607621192932
55.0390625,13.8612389564514
55.0423958333333,13.8616561889648
55.0457291666667,13.8618946075439
55.0490625,13.8620138168335
55.0523958333333,13.8620138168335
55.0557291666667,13.8619542121887
55.0590625,13.8617753982544
55.0623958333333,13.8615369796753
55.0657291666667,13.8612985610962
55.0690625,13.8610005378723
55.0723958333333,13.8607025146484
55.0757291666667,13.8603448867798
55.0790625,13.8599872589111
55.0823958333333,13.8596296310425
55.0857291666667,13.8592720031738
55.0890625,13.8588547706604
55.0923958333333,13.8585567474365
55.0957291666667,13.8583183288574
55.0990625,13.8581395149231
55.1023958333333,13.8581991195679
55.1057291666667,13.858437538147
55.1090625,13.8589143753052
55.1123958333333,13.8595700263977
55.1157291666667,13.8605237007141
55.1190625,13.8617157936096
55.1223958333333,13.8630867004395
55.1257291666667,13.8646364212036
55.1290625,13.8663053512573
55.1323958333333,13.8681530952454
55.1357291666667,13.8700604438782
55.1390625,13.8720870018005
55.1423958333333,13.8741135597229
55.1457291666667,13.8761401176453
55.1490625,13.8781666755676
55.1523958333333,13.88019323349
55.1557291666667,13.8822197914124
55.1590625,13.8841867446899
55.1623958333333,13.8860940933228
55.1657291666667,13.8879418373108
55.1690625,13.8897895812988
55.1723958333333,13.8916969299316
55.1757291666667,13.8935446739197
55.1790625,13.8954520225525
55.1823958333333,13.8972997665405
55.1857291666667,13.8991475105286
55.1890625,13.9008760452271
55.1923958333333,13.9025449752808
55.1957291666667,13.9041543006897
55.1990625,13.9055848121643
55.2023958333333,13.9068961143494
55.2057291666667,13.9080286026001
55.2090625,13.9091610908508
55.2123958333333,13.910174369812
55.2157291666667,13.9111876487732
55.2190625,13.9122009277344
55.2223958333333,13.9132738113403
55.2257291666667,13.9144062995911
55.2290625,13.9156579971313
55.2323958333333,13.9169096946716
55.2357291666667,13.9182209968567
55.2390625,13.9195919036865
55.2423958333333,13.9209032058716
55.2457291666667,13.9222741127014
55.2490625,13.9236450195313
55.2523958333333,13.9249563217163
55.2557291666667,13.9261484146118
55.2590625,13.9273405075073
55.2623958333333,13.9283537864685
55.2657291666667,13.9292478561401
55.2690625,13.9299631118774
55.2723958333333,13.9304399490356
55.2757291666667,13.9307379722595
55.2790625,13.9308571815491
55.2823958333333,13.9306783676147
55.2857291666667,13.9303803443909
55.2890625,13.9299035072327
55.2923958333333,13.9292478561401
55.2957291666667,13.9285922050476
55.2990625,13.9277577400208
55.3023958333333,13.9269232749939
55.3057291666667,13.926088809967
55.3090625,13.9251947402954
55.3123958333333,13.9243602752686
55.3157291666667,13.9235258102417
55.3190625,13.9227509498596
55.3223958333333,13.9220356941223
55.3257291666667,13.9214396476746
55.3290625,13.9209032058716
55.3323958333333,13.9204859733582
55.3357291666667,13.9202475547791
55.3390625,13.9200687408447
55.3423958333333,13.9200091362
55.3457291666667,13.9201283454895
55.3490625,13.9203071594238
55.3523958333333,13.9206051826477
55.3557291666667,13.9210224151611
55.3590625,13.9215588569641
55.3623958333333,13.9222741127014
55.3657291666667,13.923168182373
55.3690625,13.9241814613342
55.3723958333333,13.9253735542297
55.3757291666667,13.9266848564148
55.3790625,13.9281153678894
55.3823958333333,13.9296054840088
55.3857291666667,13.9311552047729
55.3890625,13.9327049255371
55.3923958333333,13.9341950416565
55.3957291666667,13.9355659484863
55.3990625,13.9368772506714
55.4023958333333,13.9380693435669
55.4057291666667,13.9390826225281
55.4090625,13.9400362968445
55.4123958333333,13.9408707618713
55.4157291666667,13.9415860176086
55.4190625,13.9422416687012
55.4223958333333,13.9427781105042
55.4257291666667,13.9433145523071
55.4290625,13.9437913894653
55.4323958333333,13.9442086219788
55.4357291666667,13.9445662498474
55.4390625,13.9449238777161
55.4423958333333,13.9452815055847
55.4457291666667,13.9455795288086
55.4490625,13.9458775520325
55.4523958333333,13.9461755752563
55.4557291666667,13.9464735984802
55.4590625,13.9468312263489
55.4623958333333,13.9472484588623
55.4657291666667,13.9476656913757
55.4690625,13.9482021331787
55.4723958333333,13.9487981796265
55.4757291666667,13.9495134353638
55.4790625,13.9502286911011
55.4823958333333,13.9510631561279
55.4857291666667,13.9519572257996
55.4890625,13.952910900116
55.4923958333333,13.9538645744324
55.4957291666667,13.9548778533936
55.4990625,13.95583152771
55.5023958333333,13.9568448066711
55.5057291666667,13.9578580856323
55.5090625,13.9588713645935
55.5123958333333,13.9598846435547
55.5157291666667,13.9608979225159
55.5190625,13.9618515968323
55.5223958333333,13.9628648757935
55.5257291666667,13.9637589454651
55.5290625,13.9646530151367
55.5323958333333,13.9654278755188
55.5357291666667,13.9661431312561
55.5390625,13.9667987823486
55.5423958333333,13.9673948287964
55.5457291666667,13.9678716659546
55.5490625,13.968288898468
55.5523958333333,13.9686465263367
55.5557291666667,13.9689445495605
55.5590625,13.9691829681396
55.5623958333333,13.9694213867188
55.5657291666667,13.9695405960083
55.5690625,13.9696598052979
55.5723958333333,13.9697194099426
55.5757291666667,13.9698386192322
55.5790625,13.9699578285217
55.5823958333333,13.9701366424561
55.5857291666667,13.9704346656799
55.5890625,13.9708518981934
55.5923958333333,13.9713883399963
55.5957291666667,13.9721035957336
55.5990625,13.9729380607605
55.6023958333333,13.9738917350769
55.6057291666667,13.9750242233276
55.6090625,13.9762163162231
55.6123958333333,13.9774680137634
55.6157291666667,13.9787793159485
55.6190625,13.9800906181335
55.6223958333333,13.9813423156738
55.6257291666667,13.9826536178589
55.6290625,13.9838457107544
55.6323958333333,13.9849781990051
55.6357291666667,13.9859914779663
55.6390625,13.9869451522827
55.6423958333333,13.9877796173096
55.6457291666667,13.9884948730469
55.6490625,13.9891505241394
55.6523958333333,13.9896869659424
55.6557291666667,13.9902234077454
55.6590625,13.9907598495483
55.6623958333333,13.9912962913513
55.6657291666667,13.9917731285095
55.6690625,13.9923095703125
55.6723958333333,13.9929056167603
55.6757291666667,13.9934420585632
55.6790625,13.9939188957214
55.6823958333333,13.9943957328796
55.6857291666667,13.9948129653931
55.6890625,13.9952301979065
55.6923958333333,13.9955878257751
55.6957291666667,13.9960050582886
55.6990625,13.9964818954468
55.7023958333333,13.9970183372498
55.7057291666667,13.9977335929871
55.7090625,13.9986276626587
55.7123958333333,13.9997005462646
55.7157291666667,14.0010118484497
55.7190625,14.0025615692139
55.7223958333333,14.0042304992676
55.7257291666667,14.0060782432556
55.7290625,14.0080451965332
55.7323958333333,14.0101313591003
55.7357291666667,14.0122771263123
55.7390625,14.0144824981689
55.7423958333333,14.0167474746704
55.7457291666667,14.0190720558167
55.7490625,14.0214562416077
55.7523958333333,14.0237808227539
55.7557291666667,14.0261650085449
55.7590625,14.0284299850464
55.7623958333333,14.0306949615479
55.7657291666667,14.0328407287598
55.7690625,14.0348672866821
55.7723958333333,14.0367746353149
55.7757291666667,14.0385031700134
55.7790625,14.0401124954224
55.7823958333333,14.0416026115417
55.7857291666667,14.0429735183716
55.7890625,14.0442848205566
55.7923958333333,14.0454769134521
55.7957291666667,14.0466094017029
55.7990625,14.0476822853088
55.8023958333333,14.04869556427
55.8057291666667,14.0496492385864
55.8090625,14.0506029129028
55.8123958333333,14.0514969825745
55.8157291666667,14.0523314476013
55.8190625,14.0531659126282
55.8223958333333,14.0539407730103
55.8257291666667,14.0546560287476
55.8290625,14.0553712844849
55.8323958333333,14.0560269355774
55.8357291666667,14.0566229820251
55.8390625,14.0572190284729
55.8423958333333,14.0578150749207
55.8457291666667,14.0584707260132
55.8490625,14.0591859817505
55.8523958333333,14.0600204467773
55.8557291666667,14.060914516449
55.8590625,14.0619874000549
55.8623958333333,14.0631198883057
55.8657291666667,14.0643119812012
55.8690625,14.0655636787415
55.8723958333333,14.0668153762817
55.8757291666667,14.0679478645325
55.8790625,14.0690207481384
55.8823958333333,14.0699744224548
55.8857291666667,14.0708088874817
55.8890625,14.071524143219
55.8923958333333,14.072060585022
55.8957291666667,14.0725374221802
55.8990625,14.0728354454041
55.9023958333333,14.0730738639832
55.9057291666667,14.0732526779175
55.9090625,14.0733122825623
55.9123958333333,14.0732526779175
55.9157291666667,14.0731334686279
55.9190625,14.0730142593384
55.9223958333333,14.0728354454041
55.9257291666667,14.0726566314697
55.9290625,14.0724778175354
55.9323958333333,14.0723586082458
55.9357291666667,14.0722990036011
55.9390625,14.0723586082458
55.9423958333333,14.0724778175354
55.9457291666667,14.0727758407593
55.9490625,14.0731930732727
55.9523958333333,14.0736699104309
55.9557291666667,14.0742659568787
55.9590625,14.0748620033264
55.9623958333333,14.0755772590637
55.9657291666667,14.0763521194458
55.9690625,14.0772461891174
55.9723958333333,14.0783190727234
55.9757291666667,14.0795111656189
55.9790625,14.0808820724487
55.9823958333333,14.0824317932129
55.9857291666667,14.0842199325562
55.9890625,14.086127281189
55.9923958333333,14.0882134437561
55.9957291666667,14.090359210968
55.9990625,14.0924453735352
56.0023958333333,14.0945315361023
56.0057291666667,14.0965580940247
56.0090625,14.0984058380127
56.0123958333333,14.100193977356
56.0157291666667,14.1018033027649
56.0190625,14.1032934188843
56.0223958333333,14.1046047210693
56.0257291666667,14.1059160232544
56.0290625,14.1070485115051
56.0323958333333,14.1081809997559
56.0357291666667,14.109194278717
56.0390625,14.1100883483887
56.0423958333333,14.1109824180603
56.0457291666667,14.1118168830872
56.0490625,14.1125917434692
56.0523958333333,14.1133069992065
56.0557291666667,14.1140222549438
56.0590625,14.1147971153259
56.0623958333333,14.115571975708
56.0657291666667,14.1163468360901
56.0690625,14.1172409057617
56.0723958333333,14.1182541847229
56.0757291666667,14.1192674636841
56.0790625,14.1203999519348
56.0823958333333,14.1215920448303
56.0857291666667,14.1228437423706
56.0890625,14.1241550445557
56.0923958333333,14.1255259513855
56.0957291666667,14.1268968582153
56.0990625,14.1283273696899
56.1023958333333,14.1297578811646
56.1057291666667,14.1313076019287
56.1090625,14.1328573226929
56.1123958333333,14.1344666481018
56.1157291666667,14.1361355781555
56.1190625,14.137864112854
56.1223958333333,14.1396522521973
56.1257291666667,14.1414403915405
56.1290625,14.1432285308838
56.1323958333333,14.1450166702271
56.1357291666667,14.1467452049255
56.1390625,14.148473739624
56.1423958333333,14.1501426696777
56.1457291666667,14.1517519950867
56.1490625,14.1533017158508
56.1523958333333,14.1547322273254
56.1557291666667,14.1561627388
56.1590625,14.1574144363403
56.1623958333333,14.1584873199463
56.1657291666667,14.1594409942627
56.1690625,14.1602158546448
56.1723958333333,14.1608119010925
56.1757291666667,14.1611695289612
56.1790625,14.1614079475403
56.1823958333333,14.1614079475403
56.1857291666667,14.1613483428955
56.1890625,14.1611695289612
56.1923958333333,14.1609907150269
56.1957291666667,14.1608119010925
56.1990625,14.1607522964478
56.2023958333333,14.1607522964478
56.2057291666667,14.1608715057373
56.2090625,14.1611695289612
56.2123958333333,14.1615271568298
56.2157291666667,14.1620635986328
56.2190625,14.1626000404358
56.2223958333333,14.1632556915283
56.2257291666667,14.1639709472656
56.2290625,14.1646862030029
56.2323958333333,14.1655206680298
56.2357291666667,14.1663551330566
56.2390625,14.167308807373
56.2423958333333,14.1683220863342
56.2457291666667,14.1695141792297
56.2490625,14.17076587677
56.2523958333333,14.1721367835999
56.2557291666667,14.1735672950745
56.2590625,14.1751170158386
56.2623958333333,14.1767263412476
56.2657291666667,14.1783952713013
56.2690625,14.180064201355
56.2723958333333,14.1816735267639
56.2757291666667,14.1832828521729
56.2790625,14.1847729682922
56.2823958333333,14.1861438751221
56.2857291666667,14.1874551773071
56.2890625,14.1886472702026
56.2923958333333,14.1897201538086
56.2957291666667,14.190673828125
56.2990625,14.1916275024414
56.3023958333333,14.1924619674683
56.3057291666667,14.1933560371399
56.3090625,14.1941905021667
56.3123958333333,14.1950249671936
56.3157291666667,14.19597864151
56.3190625,14.1969919204712
56.3223958333333,14.1980051994324
56.3257291666667,14.1991376876831
56.3290625,14.2003297805786
56.3323958333333,14.2015814781189
56.3357291666667,14.202892780304
56.3390625,14.2042636871338
56.3423958333333,14.2055749893188
56.3457291666667,14.2069458961487
56.3490625,14.2083168029785
56.3523958333333,14.2097473144531
56.3557291666667,14.2111778259277
56.3590625,14.2126679420471
56.3623958333333,14.2142772674561
56.3657291666667,14.2160058021545
56.3690625,14.2179131507874
56.3723958333333,14.2198801040649
56.3757291666667,14.2220258712769
56.3790625,14.2241716384888
56.3823958333333,14.2264366149902
56.3857291666667,14.2286419868469
56.3890625,14.2307877540588
56.3923958333333,14.2328143119812
56.3957291666667,14.234721660614
56.3990625,14.2363905906677
56.4023958333333,14.2378807067871
56.4057291666667,14.2391324043274
56.4090625,14.2401456832886
56.4123958333333,14.2409205436707
56.4157291666667,14.2414569854736
56.4190625,14.2418146133423
56.4223958333333,14.2419934272766
56.4257291666667,14.2419934272766
56.4290625,14.2419338226318
56.4323958333333,14.2417550086975
56.4357291666667,14.2415761947632
56.4390625,14.2413973808289
56.4423958333333,14.2411589622498
56.4457291666667,14.2408609390259
56.4490625,14.2405033111572
56.4523958333333,14.2400860786438
56.4557291666667,14.2395496368408
56.4590625,14.2389535903931
56.4623958333333,14.238178730011
56.4657291666667,14.2373442649841
56.4690625,14.2363905906677
56.4723958333333,14.2354369163513
56.4757291666667,14.2344236373901
56.4790625,14.2334699630737
56.4823958333333,14.2325162887573
56.4857291666667,14.2316818237305
56.4890625,14.2309665679932
56.4923958333333,14.2303109169006
56.4957291666667,14.2297148704529
56.4990625,14.2292380332947
56.5023958333333,14.228880405426
56.5057291666667,14.2285823822021
56.5090625,14.2284035682678
56.5123958333333,14.2282843589783
56.5157291666667,14.2282843589783
56.5190625,14.2284035682678
56.5223958333333,14.2287015914917
56.5257291666667,14.2290592193604
56.5290625,14.2295360565186
56.5323958333333,14.2300724983215
56.5357291666667,14.2307877540588
56.5390625,14.2315626144409
56.5423958333333,14.232337474823
56.5457291666667,14.2332315444946
56.5490625,14.2340660095215
56.5523958333333,14.2349004745483
56.5557291666667,14.2357349395752
56.5590625,14.2364501953125
56.5623958333333,14.237105846405
56.5657291666667,14.237642288208
56.5690625,14.2380595207214
56.5723958333333,14.2383575439453
56.5757291666667,14.2385959625244
56.5790625,14.238715171814
56.5823958333333,14.2388343811035
56.5857291666667,14.2388939857483
56.5890625,14.2389535903931
56.5923958333333,14.2390727996826
56.5957291666667,14.2392516136169
56.5990625,14.239490032196
56.6023958333333,14.2398476600647
56.6057291666667,14.2403244972229
56.6090625,14.2409205436707
56.6123958333333,14.241635799408
56.6157291666667,14.2424702644348
56.6190625,14.243483543396
56.6223958333333,14.244556427002
56.6257291666667,14.2456889152527
56.6290625,14.2470002174377
56.6323958333333,14.2483115196228
56.6357291666667,14.2497420310974
56.6390625,14.2512321472168
56.6423958333333,14.252781867981
56.6457291666667,14.2543315887451
56.6490625,14.2559409141541
56.6523958333333,14.2574906349182
56.6557291666667,14.2590999603271
56.6590625,14.2606496810913
56.6623958333333,14.2621397972107
56.6657291666667,14.2635107040405
56.6690625,14.2648816108704
56.6723958333333,14.2661333084106
56.6757291666667,14.2673254013062
56.6790625,14.2684578895569
56.6823958333333,14.2695307731628
56.6857291666667,14.270544052124
56.6890625,14.2715573310852
56.6923958333333,14.2725110054016
56.6957291666667,14.273464679718
56.6990625,14.2743587493896
56.7023958333333,14.2752528190613
56.7057291666667,14.2760872840881
56.7090625,14.276921749115
56.7123958333333,14.2776370048523
56.7157291666667,14.2782926559448
56.7190625,14.2788887023926
56.7223958333333,14.2794251441956
56.7257291666667,14.279842376709
56.7290625,14.2802000045776
56.7323958333333,14.280378818512
56.7357291666667,14.2804384231567
56.7390625,14.280378818512
56.7423958333333,14.2802000045776
56.7457291666667,14.2799019813538
56.7490625,14.2796039581299
56.7523958333333,14.279305934906
56.7557291666667,14.2790079116821
56.7590625,14.2788290977478
56.7623958333333,14.2788290977478
56.7657291666667,14.2789483070374
56.7690625,14.2792463302612
56.7723958333333,14.2797231674194
56.7757291666667,14.2803192138672
56.7790625,14.2810940742493
56.7823958333333,14.2819285392761
56.7857291666667,14.2828226089478
56.7890625,14.2838358879089
56.7923958333333,14.2849087715149
56.7957291666667,14.2859816551208
56.7990625,14.2871737480164
56.8023958333333,14.2883658409119
56.8057291666667,14.2896771430969
56.8090625,14.290988445282
56.8123958333333,14.2923593521118
56.8157291666667,14.2937898635864
56.8190625,14.2953395843506
56.8223958333333,14.2968893051147
56.8257291666667,14.2984390258789
56.8290625,14.3000483512878
56.8323958333333,14.3016576766968
56.8357291666667,14.3032670021057
56.8390625,14.3048763275146
56.8423958333333,14.3064260482788
56.8457291666667,14.3079161643982
56.8490625,14.3093466758728
56.8523958333333,14.3106579780579
56.8557291666667,14.3118500709534
56.8590625,14.3129229545593
56.8623958333333,14.313817024231
56.8657291666667,14.3145322799683
56.8690625,14.3150687217712
56.8723958333333,14.3153667449951
56.8757291666667,14.3154859542847
56.8790625,14.3154859542847
56.8823958333333,14.3153071403503
56.8857291666667,14.3150091171265
56.8890625,14.3146514892578
56.8923958333333,14.3142342567444
56.8957291666667,14.3138766288757
56.8990625,14.3135786056519
56.9023958333333,14.3133401870728
56.9057291666667,14.3132209777832
56.9090625,14.3131613731384
56.9123958333333,14.313280582428
56.9157291666667,14.3134593963623
56.9190625,14.3137574195862
56.9223958333333,14.3141746520996
56.9257291666667,14.314591884613
56.9290625,14.315128326416
56.9323958333333,14.3156051635742
56.9357291666667,14.3160820007324
56.9390625,14.3165588378906
56.9423958333333,14.3169164657593
56.9457291666667,14.3172740936279
56.9490625,14.317512512207
56.9523958333333,14.3176913261414
56.9557291666667,14.3178701400757
56.9590625,14.3179893493652
56.9623958333333,14.3181681632996
56.9657291666667,14.3184065818787
56.9690625,14.3187642097473
56.9723958333333,14.3192410469055
56.9757291666667,14.319896697998
56.9790625,14.3206119537354
56.9823958333333,14.3215656280518
56.9857291666667,14.3225789070129
56.9890625,14.3236517906189
56.9923958333333,14.3247842788696
56.9957291666667,14.3259167671204
56.9990625,14.3269300460815
57.0023958333333,14.3278241157532
57.0057291666667,14.3285393714905
57.0090625,14.3290758132935
57.0123958333333,14.3293738365173
57.0157291666667,14.3294930458069
57.0190625,14.3293738365173
57.0223958333333,14.3290758132935
57.0257291666667,14.32865858078
57.0290625,14.3280625343323
57.0323958333333,14.3274068832397
57.0357291666667,14.3266320228577
57.0390625,14.3258571624756
57.0423958333333,14.3250823020935
57.0457291666667,14.324426651001
57.0490625,14.3237709999084
57.0523958333333,14.3232941627502
57.0557291666667,14.3229365348816
57.0590625,14.3226981163025
57.0623958333333,14.3226981163025
57.0657291666667,14.3229365348816
57.0690625,14.3232941627502
57.0723958333333,14.3238306045532
57.0757291666667,14.3246054649353
57.0790625,14.3254995346069
57.0823958333333,14.3265128135681
57.0857291666667,14.3276453018188
57.0890625,14.3288373947144
57.0923958333333,14.3300890922546
57.0957291666667,14.3314599990845
57.0990625,14.3327713012695
57.1023958333333,14.3340826034546
57.1057291666667,14.3354535102844
57.1090625,14.3367648124695
57.1123958333333,14.3380761146545
57.1157291666667,14.3394470214844
57.1190625,14.3408179283142
57.1223958333333,14.342188835144
57.1257291666667,14.3436193466187
57.1290625,14.3450498580933
57.1323958333333,14.3465399742126
57.1357291666667,14.3479108810425
57.1390625,14.3492817878723
57.1423958333333,14.3505334854126
57.1457291666667,14.3516063690186
57.1490625,14.352560043335
57.1523958333333,14.353334903717
57.1557291666667,14.3539905548096
57.1590625,14.3545269966125
57.1623958333333,14.3550038337708
57.1657291666667,14.3554210662842
57.1690625,14.3558382987976
57.1723958333333,14.3561959266663
57.1757291666667,14.3566727638245
57.1790625,14.3571496009827
57.1823958333333,14.3576860427856
57.1857291666667,14.3582224845886
57.1890625,14.3588185310364
57.1923958333333,14.3594145774841
57.1957291666667,14.3600106239319
57.1990625,14.3606066703796
57.2023958333333,14.3613219261169
57.2057291666667,14.362096786499
57.2090625,14.3629908561707
57.2123958333333,14.3640637397766
57.2157291666667,14.3653154373169
57.2190625,14.3666863441467
57.2223958333333,14.3681764602661
57.2257291666667,14.369785785675
57.2290625,14.3714547157288
57.2323958333333,14.3731236457825
57.2357291666667,14.3747329711914
57.2390625,14.3762826919556
57.2423958333333,14.377772808075
57.2457291666667,14.3791437149048
57.2490625,14.3803954124451
57.2523958333333,14.3815875053406
57.2557291666667,14.3827795982361
57.2590625,14.3839120864868
57.2623958333333,14.3851041793823
57.2657291666667,14.3864154815674
57.2690625,14.3877863883972
57.2723958333333,14.3892765045166
57.2757291666667,14.3908858299255
57.2790625,14.392614364624
57.2823958333333,14.3943428993225
57.2857291666667,14.3961310386658
57.2890625,14.3977999687195
57.2923958333333,14.3994688987732
57.2957291666667,14.4009590148926
57.2990625,14.4022107124329
57.3023958333333,14.4033432006836
57.3057291666667,14.4042372703552
57.3090625,14.4049525260925
57.3123958333333,14.4055485725403
57.3157291666667,14.4059658050537
57.3190625,14.4063234329224
57.3223958333333,14.4065022468567
57.3257291666667,14.4066214561462
57.3290625,14.406681060791
57.3323958333333,14.4066214561462
57.3357291666667,14.4065618515015
57.3390625,14.4064426422119
57.3423958333333,14.4063234329224
57.3457291666667,14.4062042236328
57.3490625,14.406144618988
57.3523958333333,14.4062042236328
57.3557291666667,14.4064426422119
57.3590625,14.4068598747253
57.3623958333333,14.4074559211731
57.3657291666667,14.4082903862
57.3690625,14.4093632698059
57.3723958333333,14.4106149673462
57.3757291666667,14.4120454788208
57.3790625,14.413595199585
57.3823958333333,14.4152641296387
57.3857291666667,14.4170522689819
57.3890625,14.4188404083252
57.3923958333333,14.4206285476685
57.3957291666667,14.4224166870117
57.3990625,14.424204826355
57.4023958333333,14.4258737564087
57.4057291666667,14.4274234771729
57.4090625,14.428973197937
57.4123958333333,14.4304633140564
57.4157291666667,14.431893825531
57.4190625,14.4333243370056
57.4223958333333,14.4346952438354
57.4257291666667,14.4361257553101
57.4290625,14.4375562667847
57.4323958333333,14.4390463829041
57.4357291666667,14.4405364990234
57.4390625,14.4420266151428
57.4423958333333,14.4435167312622
57.4457291666667,14.4450068473816
57.4490625,14.4463777542114
57.4523958333333,14.4476890563965
57.4557291666667,14.4489407539368
57.4590625,14.4500136375427
57.4623958333333,14.4509673118591
57.4657291666667,14.4517421722412
57.4690625,14.452338218689
57.4723958333333,14.4528150558472
57.4757291666667,14.453113079071
57.4790625,14.4532918930054
57.4823958333333,14.4533514976501
57.4857291666667,14.4533514976501
57.4890625,14.4532918930054
57.4923958333333,14.4531726837158
57.4957291666667,14.4530534744263
57.4990625,14.4529342651367
57.5023958333333,14.4528150558472
57.5057291666667,14.4527554512024
57.5090625,14.4527554512024
57.5123958333333,14.4528150558472
57.5157291666667,14.4528746604919
57.5190625,14.4530534744263
57.5223958333333,14.4532322883606
57.5257291666667,14.4534707069397
57.5290625,14.4537687301636
57.5323958333333,14.4540667533875
57.5357291666667,14.4544243812561
57.5390625,14.4548416137695
57.5423958333333,14.4553184509277
57.5457291666667,14.4558548927307
57.5490625,14.4563913345337
57.5523958333333,14.4569873809814
57.5557291666667,14.457643032074
57.5590625,14.4582390785217
57.5623958333333,14.4588947296143
57.5657291666667,14.4595503807068
57.5690625,14.4602060317993
57.5723958333333,14.4608616828918
57.5757291666667,14.4615173339844
57.5790625,14.4621729850769
57.5823958333333,14.4628286361694
57.5857291666667,14.4635438919067
57.5890625,14.4643187522888
57.5923958333333,14.4650936126709
57.5957291666667,14.4659280776978
57.5990625,14.4668221473694
57.6023958333333,14.4677758216858
57.6057291666667,14.4687294960022
57.6090625,14.4697427749634
57.6123958333333,14.4707560539246
57.6157291666667,14.4717693328857
57.6190625,14.4726634025574
57.6223958333333,14.473557472229
57.6257291666667,14.4743323326111
57.6290625,14.4749879837036
57.6323958333333,14.4755840301514
57.6357291666667,14.4760012626648
57.6390625,14.4763588905334
57.6423958333333,14.4765377044678
57.6457291666667,14.4767165184021
57.6490625,14.4767761230469
57.6523958333333,14.4768953323364
57.6557291666667,14.477014541626
57.6590625,14.4772529602051
57.6623958333333,14.4776105880737
57.6657291666667,14.4782066345215
57.6690625,14.4790410995483
57.6723958333333,14.4801139831543
57.6757291666667,14.4814848899841
57.6790625,14.4831538200378
57.6823958333333,14.4850611686707
57.6857291666667,14.4872069358826
57.6890625,14.4895911216736
57.6923958333333,14.4921541213989
57.6957291666667,14.4948363304138
57.6990625,14.4976377487183
57.7023958333333,14.5004987716675
57.7057291666667,14.5034193992615
57.7090625,14.5063400268555
57.7123958333333,14.5093202590942
57.7157291666667,14.5122408866882
57.7190625,14.5151615142822
57.7223958333333,14.5180225372314
57.7257291666667,14.5208239555359
57.7290625,14.523446559906
57.7323958333333,14.5260095596313
57.7357291666667,14.5284533500671
57.7390625,14.5306587219238
57.7423958333333,14.5328044891357
57.7457291666667,14.5347714424133
57.7490625,14.5365595817566
57.7523958333333,14.5382881164551
57.7557291666667,14.539897441864
57.7590625,14.5414471626282
57.7623958333333,14.5428776741028
57.7657291666667,14.5442485809326
57.7690625,14.5454406738281
57.7723958333333,14.5465135574341
57.7757291666667,14.5474672317505
57.7790625,14.5481824874878
57.7823958333333,14.5487189292908
57.7857291666667,14.5489573478699
57.7890625,14.5490169525146
57.7923958333333,14.5488977432251
57.7957291666667,14.5485401153564
57.7990625,14.5480632781982
57.8023958333333,14.5474672317505
57.8057291666667,14.5467519760132
57.8090625,14.5460367202759
57.8123958333333,14.5453214645386
57.8157291666667,14.544665813446
57.8190625,14.5440101623535
57.8223958333333,14.5434737205505
57.8257291666667,14.5430564880371
57.8290625,14.542818069458
57.8323958333333,14.5426988601685
57.8357291666667,14.5427584648132
57.8390625,14.5431160926819
57.8423958333333,14.5436525344849
57.8457291666667,14.5444273948669
57.8490625,14.5453810691833
57.8523958333333,14.5465731620789
57.8557291666667,14.5479440689087
57.8590625,14.5494937896729
57.8623958333333,14.5512223243713
57.8657291666667,14.5531296730042
57.8690625,14.5550966262817
57.8723958333333,14.5571827888489
57.8757291666667,14.5593285560608
57.8790625,14.5615339279175
57.8823958333333,14.5637989044189
57.8857291666667,14.5659446716309
57.8890625,14.5681500434875
57.8923958333333,14.5702362060547
57.8957291666667,14.5722031593323
57.8990625,14.5741105079651
57.9023958333333,14.5758986473083
57.9057291666667,14.5776271820068
57.9090625,14.5793557167053
57.9123958333333,14.5809650421143
57.9157291666667,14.5825743675232
57.9190625,14.5841240882874
57.9223958333333,14.5857334136963
57.9257291666667,14.5873427391052
57.9290625,14.5889520645142
57.9323958333333,14.5905613899231
57.9357291666667,14.592170715332
57.9390625,14.593780040741
57.9423958333333,14.5953297615051
57.9457291666667,14.5967602729797
57.9490625,14.5980715751648
57.9523958333333,14.5992636680603
57.9557291666667,14.6002173423767
57.9590625,14.6010518074036
57.9623958333333,14.6017074584961
57.9657291666667,14.6021842956543
57.9690625,14.6024823188782
57.9723958333333,14.6026611328125
57.9757291666667,14.6028399467468
57.9790625,14.6028995513916
57.9823958333333,14.6030187606812
57.9857291666667,14.6031975746155
57.9890625,14.6033763885498
57.9923958333333,14.6037340164185
57.9957291666667,14.6040916442871
57.9990625,14.6046280860901
58.0023958333333,14.6051645278931
58.0057291666667,14.6058201789856
58.0090625,14.6065950393677
58.0123958333333,14.6073698997498
58.0157291666667,14.6082043647766
58.0190625,14.609158039093
58.0223958333333,14.6101117134094
58.0257291666667,14.6111249923706
58.0290625,14.6121382713318
58.0323958333333,14.613151550293
58.0357291666667,14.6141648292542
58.0390625,14.6151185035706
58.0423958333333,14.6160125732422
58.0457291666667,14.6167874336243
58.0490625,14.6175026893616
58.0523958333333,14.6180987358093
58.0557291666667,14.6185755729675
58.0590625,14.6189332008362
58.0623958333333,14.6192312240601
58.0657291666667,14.6193504333496
58.0690625,14.6194100379944
58.0723958333333,14.6192908287048
58.0757291666667,14.6191120147705
58.0790625,14.6187543869019
58.0823958333333,14.6183371543884
58.0857291666667,14.6178603172302
58.0890625,14.6173238754272
58.0923958333333,14.6167874336243
58.0957291666667,14.6163105964661
58.0990625,14.6160125732422
58.1023958333333,14.6157741546631
58.1057291666667,14.6157741546631
58.1090625,14.616072177887
58.1123958333333,14.6165490150452
58.1157291666667,14.6173238754272
58.1190625,14.6183371543884
58.1223958333333,14.6196484565735
58.1257291666667,14.6211981773376
58.1290625,14.6229267120361
58.1323958333333,14.6248340606689
58.1357291666667,14.6268010139465
58.1390625,14.6288275718689
58.1423958333333,14.6308541297913
58.1457291666667,14.6328806877136
58.1490625,14.6348476409912
58.1523958333333,14.6368145942688
58.1557291666667,14.6387815475464
58.1590625,14.640748500824
58.1623958333333,14.6427154541016
58.1657291666667,14.6447420120239
58.1690625,14.6467685699463
58.1723958333333,14.6489143371582
58.1757291666667,14.6510601043701
58.1790625,14.6533250808716
58.1823958333333,14.655590057373
58.1857291666667,14.6578550338745
58.1890625,14.6601796150208
58.1923958333333,14.662504196167
58.1957291666667,14.6648287773132
58.1990625,14.6670937538147
58.2023958333333,14.6693587303162
58.2057291666667,14.6715044975281
58.2090625,14.6735906600952
58.2123958333333,14.6756172180176
58.2157291666667,14.6775245666504
58.2190625,14.6793723106384
58.2223958333333,14.6811008453369
58.2257291666667,14.6827697753906
58.2290625,14.6844387054443
58.2323958333333,14.6859884262085
58.2357291666667,14.6875381469727
58.2390625,14.6889686584473
58.2423958333333,14.6903991699219
58.2457291666667,14.6916508674622
58.2490625,14.6928429603577
58.2523958333333,14.6938562393188
58.2557291666667,14.6947503089905
58.2590625,14.6954655647278
58.2623958333333,14.695942401886
58.2657291666667,14.6962404251099
58.2690625,14.6963596343994
58.2723958333333,14.6963596343994
58.2757291666667,14.6961808204651
58.2790625,14.6958827972412
58.2823958333333,14.6954655647278
58.2857291666667,14.6949887275696
58.2890625,14.6945118904114
58.2923958333333,14.6939158439636
58.2957291666667,14.6933197975159
58.2990625,14.6927237510681
58.3023958333333,14.6921277046204
58.3057291666667,14.6914720535278
58.3090625,14.6908164024353
58.3123958333333,14.6901607513428
58.3157291666667,14.6895051002502
58.3190625,14.6889090538025
58.3223958333333,14.6883130073547
58.3257291666667,14.6878361701965
58.3290625,14.6874189376831
58.3323958333333,14.6871209144592
58.3357291666667,14.6870017051697
58.3390625,14.6869421005249
58.3423958333333,14.6870613098145
58.3457291666667,14.6872401237488
58.3490625,14.6875381469727
58.3523958333333,14.6878361701965
58.3557291666667,14.6881341934204
58.3590625,14.6884322166443
58.3623958333333,14.6887302398682
58.3657291666667,14.689028263092
58.3690625,14.6893262863159
58.3723958333333,14.6896243095398
58.3757291666667,14.6899223327637
58.3790625,14.6902799606323
58.3823958333333,14.6906971931458
58.3857291666667,14.691174030304
58.3890625,14.6917104721069
58.3923958333333,14.6923065185547
58.3957291666667,14.6929621696472
58.3990625,14.6936774253845
58.4023958333333,14.6943926811218
58.4057291666667,14.6952271461487
58.4090625,14.6960616111755
58.4123958333333,14.6968960762024
58.4157291666667,14.6978497505188
58.4190625,14.6988034248352
58.4223958333333,14.6998167037964
58.4257291666667,14.7008299827576
58.4290625,14.7018432617188
58.4323958333333,14.7028565406799
58.4357291666667,14.7038102149963
58.4390625,14.704704284668
58.4423958333333,14.7055983543396
58.4457291666667,14.7064328193665
58.4490625,14.7072672843933
58.4523958333333,14.7079825401306
58.4557291666667,14.7087574005127
58.4590625,14.70947265625
58.4623958333333,14.7101879119873
58.4657291666667,14.7109627723694
58.4690625,14.7116780281067
58.4723958333333,14.712393283844
58.4757291666667,14.7131085395813
58.4790625,14.7137641906738
58.4823958333333,14.7144794464111
58.4857291666667,14.7151947021484
58.4890625,14.7159695625305
58.4923958333333,14.7166848182678
58.4957291666667,14.7175192832947
58.4990625,14.7183537483215
58.5023958333333,14.7192478179932
58.5057291666667,14.7202014923096
58.5090625,14.7212743759155
58.5123958333333,14.7223472595215
58.5157291666667,14.7234797477722
58.5190625,14.7247314453125
58.5223958333333,14.7261023521423
58.5257291666667,14.7275328636169
58.5290625,14.7290229797363
58.5323958333333,14.7306323051453
58.5357291666667,14.732301235199
58.5390625,14.7339701652527
58.5423958333333,14.7356986999512
58.5457291666667,14.7373080253601
58.5490625,14.738917350769
58.5523958333333,14.7404670715332
58.5557291666667,14.7419571876526
58.5590625,14.7433876991272
58.5623958333333,14.7446990013123
58.5657291666667,14.7460103034973
58.5690625,14.7472620010376
58.5723958333333,14.7485136985779
58.5757291666667,14.7497653961182
58.5790625,14.7510766983032
58.5823958333333,14.7524476051331
58.5857291666667,14.7538781166077
58.5890625,14.7554278373718
58.5923958333333,14.7570967674255
58.5957291666667,14.7588849067688
58.5990625,14.7607326507568
58.6023958333333,14.7627592086792
58.6057291666667,14.7648453712463
58.6090625,14.7669911384583
58.6123958333333,14.7690773010254
58.6157291666667,14.7711038589478
58.6190625,14.7730112075806
58.6223958333333,14.7747397422791
58.6257291666667,14.7762298583984
58.6290625,14.7774815559387
58.6323958333333,14.7784352302551
58.6357291666667,14.7792100906372
58.6390625,14.7797465324402
58.6423958333333,14.7801041603088
58.6457291666667,14.7802829742432
58.6490625,14.7804021835327
58.6523958333333,14.7804021835327
58.6557291666667,14.7804021835327
58.6590625,14.7803425788879
58.6623958333333,14.7803425788879
58.6657291666667,14.7802829742432
58.6690625,14.7802829742432
58.6723958333333,14.7802233695984
58.6757291666667,14.7802829742432
58.6790625,14.7803425788879
58.6823958333333,14.7804617881775
58.6857291666667,14.7806406021118
58.6890625,14.7808790206909
58.6923958333333,14.7811770439148
58.6957291666667,14.7815346717834
58.6990625,14.7819519042969
58.7023958333333,14.7824883460999
58.7057291666667,14.7830843925476
58.7090625,14.7837400436401
58.7123958333333,14.784574508667
58.7157291666667,14.7854685783386
58.7190625,14.7864818572998
58.7223958333333,14.7875547409058
58.7257291666667,14.7887468338013
58.7290625,14.7899389266968
58.7323958333333,14.7911310195923
58.7357291666667,14.7923231124878
58.7390625,14.7934556007385
58.7423958333333,14.7944688796997
58.7457291666667,14.7954225540161
58.7490625,14.7963166236877
58.7523958333333,14.7971510887146
58.7557291666667,14.7979855537415
58.7590625,14.7989392280579
58.7623958333333,14.799952507019
58.7657291666667,14.8011445999146
58.7690625,14.8025155067444
58.7723958333333,14.8040652275085
58.7757291666667,14.8058533668518
58.7790625,14.8078799247742
58.7823958333333,14.8100852966309
58.7857291666667,14.8125290870667
58.7890625,14.8150324821472
58.7923958333333,14.8175954818726
58.7957291666667,14.8202180862427
58.7990625,14.822781085968
58.8023958333333,14.8252844810486
58.8057291666667,14.8276090621948
58.8090625,14.829695224762
58.8123958333333,14.8314833641052
58.8157291666667,14.8329734802246
58.8190625,14.8341655731201
58.8223958333333,14.835000038147
58.8257291666667,14.83553647995
58.8290625,14.8357152938843
58.8323958333333,14.8357152938843
58.8357291666667,14.83553647995
58.8390625,14.8351192474365
58.8423958333333,14.8346424102783
58.8457291666667,14.8340463638306
58.8490625,14.833390712738
58.8523958333333,14.8327350616455
58.8557291666667,14.832079410553
58.8590625,14.8314833641052
58.8623958333333,14.8308277130127
58.8657291666667,14.8302912712097
58.8690625,14.8298740386963
58.8723958333333,14.8295164108276
58.8757291666667,14.8292779922485
58.8790625,14.8292183876038
58.8823958333333,14.8292779922485
58.8857291666667,14.8294568061829
58.8890625,14.8297548294067
58.8923958333333,14.8301124572754
58.8957291666667,14.8305892944336
58.8990625,14.831006526947
58.9023958333333,14.8314237594604
58.9057291666667,14.8318409919739
58.9090625,14.8321986198425
58.9123958333333,14.8325562477112
58.9157291666667,14.8327946662903
58.9190625,14.8329734802246
58.9223958333333,14.8331522941589
58.9257291666667,14.8332715034485
58.9290625,14.833390712738
58.9323958333333,14.8335099220276
58.9357291666667,14.8335695266724
58.9390625,14.8336291313171
58.9423958333333,14.8336291313171
58.9457291666667,14.8336887359619
58.9490625,14.8336887359619
58.9523958333333,14.8337483406067
58.9557291666667,14.8338675498962
58.9590625,14.8341059684753
58.9623958333333,14.8344039916992
58.9657291666667,14.8348808288574
58.9690625,14.8354768753052
58.9723958333333,14.8362517356873
58.9757291666667,14.8372054100037
58.9790625,14.8383378982544
58.9823958333333,14.8396492004395
58.9857291666667,14.8410797119141
58.9890625,14.8426294326782
58.9923958333333,14.8442387580872
58.9957291666667,14.8459076881409
58.9990625,14.8476362228394
59.0023958333333,14.8493051528931
59.0057291666667,14.8508548736572
59.0090625,14.8524045944214
59.0123958333333,14.8537755012512
59.0157291666667,14.8549675941467
59.0190625,14.8559808731079
59.0223958333333,14.8568749427795
59.0257291666667,14.8575305938721
59.0290625,14.858067035675
59.0323958333333,14.8584842681885
59.0357291666667,14.8588418960571
59.0390625,14.8591995239258
59.0423958333333,14.8594975471497
59.0457291666667,14.8598551750183
59.0490625,14.8603916168213
59.0523958333333,14.860987663269
59.0557291666667,14.8618817329407
59.0590625,14.8629546165466
59.0623958333333,14.8642659187317
59.0657291666667,14.8658156394958
59.0690625,14.8676037788391
59.0723958333333,14.8695707321167
59.0757291666667,14.8717164993286
59.0790625,14.8739218711853
59.0823958333333,14.876127243042
59.0857291666667,14.8783326148987
59.0890625,14.8805379867554
59.0923958333333,14.8826241493225
59.0957291666667,14.8846507072449
59.0990625,14.8866772651672
59.1023958333333,14.8886442184448
59.1057291666667,14.8905515670776
59.1090625,14.8924589157104
59.1123958333333,14.8942470550537
59.1157291666667,14.896035194397
59.1190625,14.8977041244507
59.1223958333333,14.8992538452148
59.1257291666667,14.9006247520447
59.1290625,14.9018168449402
59.1323958333333,14.9027705192566
59.1357291666667,14.9036645889282
59.1390625,14.9043798446655
59.1423958333333,14.9050354957581
59.1457291666667,14.9056315422058
59.1490625,14.9062275886536
59.1523958333333,14.9068236351013
59.1557291666667,14.9075388908386
59.1590625,14.9083137512207
59.1623958333333,14.9092674255371
59.1657291666667,14.9102807044983
59.1690625,14.911413192749
59.1723958333333,14.9126648902893
59.1757291666667,14.9139761924744
59.1790625,14.915406703949
59.1823958333333,14.9168968200684
59.1857291666667,14.9185061454773
59.1890625,14.9201154708862
59.1923958333333,14.9217247962952
59.1957291666667,14.9233937263489
59.1990625,14.9250030517578
59.2023958333333,14.9266719818115
59.2057291666667,14.9282813072205
59.2090625,14.9298906326294
59.2123958333333,14.9314999580383
59.2157291666667,14.9329900741577
59.2190625,14.9344801902771
59.2223958333333,14.9357914924622
59.2257291666667,14.9371027946472
59.2290625,14.9382948875427
59.2323958333333,14.9394273757935
59.2357291666667,14.9405002593994
59.2390625,14.9415135383606
59.2423958333333,14.9425268173218
59.2457291666667,14.9435997009277
59.2490625,14.9447321891785
59.2523958333333,14.945924282074
59.2557291666667,14.947235584259
59.2590625,14.9486660957336
59.2623958333333,14.9502158164978
59.2657291666667,14.9518251419067
59.2690625,14.95361328125
59.2723958333333,14.955461025238
59.2757291666667,14.9574279785156
59.2790625,14.959454536438
59.2823958333333,14.9615406990051
59.2857291666667,14.963686466217
59.2890625,14.9658918380737
59.2923958333333,14.9680972099304
59.2957291666667,14.9703025817871
59.2990625,14.9725079536438
59.3023958333333,14.9745941162109
59.3057291666667,14.9766206741333
59.3090625,14.9785280227661
59.3123958333333,14.9802565574646
59.3157291666667,14.9818658828735
59.3190625,14.9832367897034
59.3223958333333,14.9844288825989
59.3257291666667,14.9853825569153
59.3290625,14.9860978126526
59.3323958333333,14.9865746498108
59.3357291666667,14.9867534637451
59.3390625,14.9866938591003
59.3423958333333,14.9864554405212
59.3457291666667,14.9860382080078
59.3490625,14.9855017662048
59.3523958333333,14.9849653244019
59.3557291666667,14.9843692779541
59.3590625,14.9837732315063
59.3623958333333,14.9832367897034
59.3657291666667,14.9827003479004
59.3690625,14.982283115387
59.3723958333333,14.9818658828735
59.3757291666667,14.9815678596497
59.3790625,14.9812698364258
59.3823958333333,14.9809718132019
59.3857291666667,14.9807929992676
59.3890625,14.980673789978
59.3923958333333,14.9805545806885
59.3957291666667,14.9806141853333
59.3990625,14.980673789978
59.4023958333333,14.9807929992676
59.4057291666667,14.9809718132019
59.4090625,14.981210231781
59.4123958333333,14.9815082550049
59.4157291666667,14.9818062782288
59.4190625,14.9821639060974
59.4223958333333,14.9825215339661
59.4257291666667,14.9828791618347
59.4290625,14.9832367897034
59.4323958333333,14.9835348129272
59.4357291666667,14.9838328361511
59.4390625,14.9840712547302
59.4423958333333,14.9843096733093
59.4457291666667,14.9844288825989
59.4490625,14.9845480918884
59.4523958333333,14.984667301178
59.4557291666667,14.9847865104675
59.4590625,14.9850249290466
59.4623958333333,14.9853229522705
59.4657291666667,14.9857401847839
59.4690625,14.9863362312317
59.4723958333333,14.9871110916138
59.4757291666667,14.9880647659302
59.4790625,14.9891972541809
59.4823958333333,14.9904489517212
59.4857291666667,14.9918794631958
59.4890625,14.9933695793152
59.4923958333333,14.9948596954346
59.4957291666667,14.9964094161987
59.4990625,14.9978995323181
59.5023958333333,14.9993300437927
59.5057291666667,15.0007009506226
59.5090625,15.0020122528076
59.5123958333333,15.0032043457031
59.5157291666667,15.0043368339539
59.5190625,15.0054097175598
59.5223958333333,15.0064826011658
59.5257291666667,15.007495880127
59.5290625,15.0085091590881
59.5323958333333,15.0095224380493
59.5357291666667,15.0105357170105
59.5390625,15.0114893913269
59.5423958333333,15.0125026702881
59.5457291666667,15.0134563446045
59.5490625,15.0144696235657
59.5523958333333,15.0154232978821
59.5557291666667,15.0163769721985
59.5590625,15.0173902511597
59.5623958333333,15.0183439254761
59.5657291666667,15.019416809082
59.5690625,15.020489692688
59.5723958333333,15.0216221809387
59.5757291666667,15.0228142738342
59.5790625,15.0240659713745
59.5823958333333,15.0254368782043
59.5857291666667,15.026867389679
59.5890625,15.0284171104431
59.5923958333333,15.0300860404968
59.5957291666667,15.0318741798401
59.5990625,15.0337219238281
59.6023958333333,15.0356292724609
59.6057291666667,15.0375962257385
59.6090625,15.0396227836609
59.6123958333333,15.0415897369385
59.6157291666667,15.0435566902161
59.6190625,15.0454044342041
59.6223958333333,15.0471329689026
59.6257291666667,15.0487422943115
59.6290625,15.0501728057861
59.6323958333333,15.0514841079712
59.6357291666667,15.0526762008667
59.6390625,15.0536894798279
59.6423958333333,15.0545835494995
59.6457291666667,15.0553584098816
59.6490625,15.0560736656189
59.6523958333333,15.0566697120667
59.6557291666667,15.0572061538696
59.6590625,15.0575637817383
59.6623958333333,15.0578618049622
59.6657291666667,15.0580406188965
59.6690625,15.0580406188965
59.6723958333333,15.0578618049622
59.6757291666667,15.0574445724487
59.6790625,15.056848526001
59.6823958333333,15.0561332702637
59.6857291666667,15.055239200592
59.6890625,15.0543451309204
59.6923958333333,15.0534510612488
59.6957291666667,15.0526762008667
59.6990625,15.0520801544189
59.7023958333333,15.0516629219055
59.7057291666667,15.051543712616
59.7090625,15.0516033172607
59.7123958333333,15.0519609451294
59.7157291666667,15.0524973869324
59.7190625,15.0531530380249
59.7223958333333,15.0538682937622
59.7257291666667,15.0546431541443
59.7290625,15.0554180145264
59.7323958333333,15.0561332702637
59.7357291666667,15.056848526001
59.7390625,15.0575637817383
59.7423958333333,15.0582194328308
59.7457291666667,15.0589346885681
59.7490625,15.0596499443054
59.7523958333333,15.0603652000427
59.7557291666667,15.0611400604248
59.7590625,15.0619745254517
59.7623958333333,15.0628089904785
59.7657291666667,15.0636434555054
59.7690625,15.0644779205322
59.7723958333333,15.0653123855591
59.7757291666667,15.0662064552307
59.7790625,15.0671005249023
59.7823958333333,15.067994594574
59.7857291666667,15.0689482688904
59.7890625,15.0700211524963
59.7923958333333,15.0711536407471
59.7957291666667,15.0723457336426
59.7990625,15.0736570358276
59.8023958333333,15.0750875473022
59.8057291666667,15.0765776634216
59.8090625,15.0781273841858
59.8123958333333,15.0797963142395
59.8157291666667,15.081524848938
59.8190625,15.0833129882813
59.8223958333333,15.0852203369141
59.8257291666667,15.0870680809021
59.8290625,15.0889158248901
59.8323958333333,15.0907635688782
59.8357291666667,15.0924921035767
59.8390625,15.0941014289856
59.8423958333333,15.0955319404602
59.8457291666667,15.0968432426453
59.8490625,15.097975730896
59.8523958333333,15.0989294052124
59.8557291666667,15.0997638702393
59.8590625,15.1005387306213
59.8623958333333,15.1012539863586
59.8657291666667,15.1019692420959
59.8690625,15.1026844978333
59.8723958333333,15.1034593582153
59.8757291666667,15.1042938232422
59.8790625,15.1051878929138
59.8823958333333,15.1060819625854
59.8857291666667,15.1070356369019
59.8890625,15.1079893112183
59.8923958333333,15.1088833808899
59.8957291666667,15.1098370552063
59.8990625,15.1107907295227
59.9023958333333,15.1116847991943
59.9057291666667,15.1126384735107
59.9090625,15.1135921478271
59.9123958333333,15.1145458221436
59.9157291666667,15.11549949646
59.9190625,15.1164531707764
59.9223958333333,15.117347240448
59.9257291666667,15.1182413101196
59.9290625,15.1191353797913
59.9323958333333,15.1200294494629
59.9357291666667,15.1209235191345
59.9390625,15.1218175888062
59.9423958333333,15.1227712631226
59.9457291666667,15.1237845420837
59.9490625,15.1248574256897
59.9523958333333,15.1259303092957
59.9557291666667,15.1271224021912
59.9590625,15.1283740997314
59.9623958333333,15.1296257972717
59.9657291666667,15.130877494812
59.9690625,15.1321291923523
59.9723958333333,15.1333212852478
59.9757291666667,15.1345729827881
59.9790625,15.1357054710388
59.9823958333333,15.1368379592896
59.9857291666667,15.1379108428955
59.9890625,15.1389837265015
59.9923958333333,15.1400566101074
59.9957291666667,15.1411294937134
59.9990625,15.1422023773193
60.0023958333333,15.1433944702148
60.0057291666667,15.1446461677551
60.0090625,15.1459574699402
60.0123958333333,15.1473879814148
60.0157291666667,15.1489973068237
60.0190625,15.1506662368774
60.0223958333333,15.1524543762207
60.0257291666667,15.1543021202087
60.0290625,15.1562690734863
60.0323958333333,15.1582360267639
60.0357291666667,15.1603221893311
60.0390625,15.1624083518982
60.0423958333333,15.1644945144653
60.0457291666667,15.1666402816772
60.0490625,15.1687860488892
60.0523958333333,15.1709318161011
60.0557291666667,15.173077583313
60.0590625,15.1751637458801
60.0623958333333,15.1772499084473
60.0657291666667,15.1791572570801
60.0690625,15.1810050010681
60.0723958333333,15.1826739311218
60.0757291666667,15.1841640472412
60.0790625,15.185534954071
60.0823958333333,15.1866674423218
60.0857291666667,15.187680721283
60.0890625,15.188455581665
60.0923958333333,15.1891112327576
60.0957291666667,15.1895880699158
60.0990625,15.1898860931396
60.1023958333333,15.1901245117188
60.1057291666667,15.1901841163635
60.1090625,15.1902437210083
60.1123958333333,15.1901841163635
60.1157291666667,15.190064907074
60.1190625,15.1899456977844
60.1223958333333,15.1898264884949
60.1257291666667,15.1897072792053
60.1290625,15.1896476745605
60.1323958333333,15.1896476745605
60.1357291666667,15.1898264884949
60.1390625,15.1901245117188
60.1423958333333,15.1905417442322
60.1457291666667,15.1911377906799
60.1490625,15.1918530464172
60.1523958333333,15.1926279067993
60.1557291666667,15.1934623718262
60.1590625,15.1943564414978
60.1623958333333,15.1952505111694
60.1657291666667,15.1960849761963
60.1690625,15.1968598365784
60.1723958333333,15.1975750923157
60.1757291666667,15.198290348053
60.1790625,15.1990652084351
60.1823958333333,15.1998996734619
60.1857291666667,15.2007937431335
60.1890625,15.2018070220947
60.1923958333333,15.2029395103455
60.1957291666667,15.2041912078857
60.1990625,15.2055025100708
60.2023958333333,15.2068734169006
60.2057291666667,15.2082443237305
60.2090625,15.2096152305603
60.2123958333333,15.2109265327454
60.2157291666667,15.2121186256409
60.2190625,15.2133107185364
60.2223958333333,15.2143836021423
60.2257291666667,15.2153372764587
60.2290625,15.2162909507751
60.2323958333333,15.2171850204468
60.2357291666667,15.2180194854736
60.2390625,15.2188539505005
60.2423958333333,15.2196288108826
60.2457291666667,15.2204632759094
60.2490625,15.2212381362915
60.2523958333333,15.2221322059631
60.2557291666667,15.2230262756348
60.2590625,15.2239799499512
60.2623958333333,15.2249336242676
60.2657291666667,15.2259469032288
60.2690625,15.2270197868347
60.2723958333333,15.2280926704407
60.2757291666667,15.2292847633362
60.2790625,15.2304172515869
60.2823958333333,15.2315497398376
60.2857291666667,15.2327418327332
60.2890625,15.2339339256287
60.2923958333333,15.2350664138794
60.2957291666667,15.2362585067749
60.2990625,15.2374505996704
60.3023958333333,15.2385830879211
60.3057291666667,15.2397155761719
60.3090625,15.2408480644226
60.3123958333333,15.2419805526733
60.3157291666667,15.2430534362793
60.3190625,15.2441263198853
60.3223958333333,15.2451992034912
60.3257291666667,15.2461528778076
60.3290625,15.2471661567688
60.3323958333333,15.2481198310852
60.3357291666667,15.2490735054016
60.3390625,15.2499675750732
60.3423958333333,15.2509212493896
60.3457291666667,15.2518153190613
60.3490625,15.2527093887329
60.3523958333333,15.2536034584045
60.3557291666667,15.2545571327209
60.3590625,15.2555108070374
60.3623958333333,15.2565240859985
60.3657291666667,15.2575969696045
60.3690625,15.2587294578552
60.3723958333333,15.2599811553955
60.3757291666667,15.2612328529358
60.3790625,15.2624845504761
60.3823958333333,15.2638554573059
60.3857291666667,15.2652263641357
60.3890625,15.2667164802551
60.3923958333333,15.2682065963745
60.3957291666667,15.2698159217834
60.3990625,15.2714848518372
60.4023958333333,15.27339220047
60.4057291666667,15.2754187583923
60.4090625,15.277624130249
60.4123958333333,15.28000831604
60.4157291666667,15.2825713157654
60.4190625,15.2852535247803
60.4223958333333,15.2879953384399
60.4257291666667,15.2906775474548
60.4290625,15.2932405471802
60.4323958333333,15.2956247329712
60.4357291666667,15.2977108955383
60.4390625,15.2994394302368
60.4423958333333,15.3007507324219
60.4457291666667,15.3017640113831
60.4490625,15.3023600578308
60.4523958333333,15.3026580810547
60.4557291666667,15.3027772903442
60.4590625,15.3027772903442
60.4623958333333,15.3027772903442
60.4657291666667,15.3027772903442
60.4690625,15.302836894989
60.4723958333333,15.3030753135681
60.4757291666667,15.303373336792
60.4790625,15.3038501739502
60.4823958333333,15.3043270111084
60.4857291666667,15.3048038482666
60.4890625,15.3052806854248
60.4923958333333,15.3056979179382
60.4957291666667,15.3060555458069
60.4990625,15.3063535690308
60.5023958333333,15.3066515922546
60.5057291666667,15.3070092201233
60.5090625,15.3074264526367
60.5123958333333,15.3079032897949
60.5157291666667,15.3085589408875
60.5190625,15.3093338012695
60.5223958333333,15.3102278709412
60.5257291666667,15.3113007545471
60.5290625,15.3123736381531
60.5323958333333,15.3135657310486
60.5357291666667,15.3148770332336
60.5390625,15.3162479400635
60.5423958333333,15.3176784515381
60.5457291666667,15.3191685676575
60.5490625,15.3207182884216
60.5523958333333,15.3223872184753
60.5557291666667,15.3241753578186
60.5590625,15.3260231018066
60.5623958333333,15.3278708457947
60.5657291666667,15.3298377990723
60.5690625,15.3316855430603
60.5723958333333,15.3335332870483
60.5757291666667,15.3353214263916
60.5790625,15.3369307518005
60.5823958333333,15.3384208679199
60.5857291666667,15.339732170105
60.5890625,15.3409242630005
60.5923958333333,15.3419375419617
60.5957291666667,15.3427720069885
60.5990625,15.3434872627258
60.6023958333333,15.3441429138184
60.6057291666667,15.3446793556213
60.6090625,15.3451561927795
60.6123958333333,15.3455138206482
60.6157291666667,15.3458118438721
60.6190625,15.3461098670959
60.6223958333333,15.346348285675
60.6257291666667,15.3465867042542
60.6290625,15.346884727478
60.6323958333333,15.3472423553467
60.6357291666667,15.3477191925049
60.6390625,15.3482556343079
60.6423958333333,15.3489112854004
60.6457291666667,15.3496265411377
60.6490625,15.3504610061646
60.6523958333333,15.3512954711914
60.6557291666667,15.3522491455078
60.6590625,15.3531432151794
60.6623958333333,15.3541564941406
60.6657291666667,15.355110168457
60.6690625,15.3561234474182
60.6723958333333,15.3571963310242
60.6757291666667,15.3583884239197
60.6790625,15.3595805168152
60.6823958333333,15.3608918190002
60.6857291666667,15.3623223304749
60.6890625,15.3637528419495
60.6923958333333,15.3653621673584
60.6957291666667,15.3669714927673
60.6990625,15.368640422821
60.7023958333333,15.3703093528748
60.7057291666667,15.3719782829285
60.7090625,15.3735876083374
60.7123958333333,15.3750777244568
60.7157291666667,15.3764486312866
60.7190625,15.3775811195374
60.7223958333333,15.3785347938538
60.7257291666667,15.3792500495911
60.7290625,15.3796672821045
60.7323958333333,15.379786491394
60.7357291666667,15.3797268867493
60.7390625,15.3794884681702
60.7423958333333,15.3791308403015
60.7457291666667,15.3787136077881
60.7490625,15.3783559799194
60.7523958333333,15.3781175613403
60.7557291666667,15.3780579566956
60.7590625,15.3781771659851
60.7623958333333,15.3785943984985
60.7657291666667,15.3793096542358
60.7690625,15.3802037239075
60.7723958333333,15.3813362121582
60.7757291666667,15.3825879096985
60.7790625,15.3839588165283
60.7823958333333,15.3854489326477
60.7857291666667,15.3870582580566
60.7890625,15.3886079788208
60.7923958333333,15.3902173042297
60.7957291666667,15.3918862342834
60.7990625,15.3936147689819
60.8023958333333,15.3953433036804
60.8057291666667,15.3971910476685
60.8090625,15.3990983963013
60.8123958333333,15.4010057449341
60.8157291666667,15.4029726982117
60.8190625,15.404999256134
60.8223958333333,15.4070258140564
60.8257291666667,15.4090523719788
60.8290625,15.4110193252563
60.8323958333333,15.4130458831787
60.8357291666667,15.4149532318115
60.8390625,15.4168605804443
60.8423958333333,15.4187083244324
60.8457291666667,15.4204964637756
60.8490625,15.4222249984741
60.8523958333333,15.4239535331726
60.8557291666667,15.4255628585815
60.8590625,15.4271125793457
60.8623958333333,15.4286623001099
60.8657291666667,15.4300928115845
60.8690625,15.4314041137695
60.8723958333333,15.4326558113098
60.8757291666667,15.4337882995605
60.8790625,15.434741973877
60.8823958333333,15.435516834259
60.8857291666667,15.4361128807068
60.8890625,15.4364705085754
60.8923958333333,15.4367089271545
60.8957291666667,15.4367685317993
60.8990625,15.4367685317993
60.9023958333333,15.4367089271545
60.9057291666667,15.4367089271545
60.9090625,15.4368281364441
60.9123958333333,15.4370665550232
60.9157291666667,15.4374837875366
60.9190625,15.4380798339844
60.9223958333333,15.4389142990112
60.9257291666667,15.4399275779724
60.9290625,15.4411792755127
60.9323958333333,15.4425501823425
60.9357291666667,15.4440999031067
60.9390625,15.4458284378052
60.9423958333333,15.4476761817932
60.9457291666667,15.4496431350708
60.9490625,15.4517292976379
60.9523958333333,15.4539346694946
60.9557291666667,15.4561400413513
60.9590625,15.4584050178528
60.9623958333333,15.4606699943542
60.9657291666667,15.4629349708557
60.9690625,15.4651403427124
60.9723958333333,15.4673457145691
60.9757291666667,15.4695510864258
60.9790625,15.4716968536377
60.9823958333333,15.4739022254944
60.9857291666667,15.4759883880615
60.9890625,15.4781341552734
60.9923958333333,15.4802203178406
60.9957291666667,15.4823064804077
60.9990625,15.4842734336853
61.0023958333333,15.4861807823181
61.0057291666667,15.4880285263062
61.0090625,15.4897570610046
61.0123958333333,15.4913663864136
61.0157291666667,15.492856502533
61.0190625,15.4942274093628
61.0223958333333,15.4954791069031
61.0257291666667,15.4966115951538
61.0290625,15.4975652694702
61.0323958333333,15.4983401298523
61.0357291666667,15.4989361763
61.0390625,15.4993534088135
61.0423958333333,15.4995322227478
61.0457291666667,15.4995322227478
61.0490625,15.4993534088135
61.0523958333333,15.4989957809448
61.0557291666667,15.4985785484314
61.0590625,15.498161315918
61.0623958333333,15.4978036880493
61.0657291666667,15.4975652694702
61.0690625,15.4975652694702
61.0723958333333,15.4977440834045
61.0757291666667,15.498161315918
61.0790625,15.4988169670105
61.0823958333333,15.4996514320374
61.0857291666667,15.5007243156433
61.0890625,15.5019760131836
61.0923958333333,15.5033469200134
61.0957291666667,15.504777431488
61.0990625,15.506386756897
61.1023958333333,15.5079960823059
61.1057291666667,15.5097246170044
61.1090625,15.5114531517029
61.1123958333333,15.5132412910461
61.1157291666667,15.5150890350342
61.1190625,15.5168771743774
61.1223958333333,15.5186057090759
61.1257291666667,15.5203342437744
61.1290625,15.5220031738281
61.1323958333333,15.5235528945923
61.1357291666667,15.5251026153564
61.1390625,15.5265927314758
61.1423958333333,15.5280232429504
61.1457291666667,15.5293941497803
61.1490625,15.5307650566101
61.1523958333333,15.5321955680847
61.1557291666667,15.5336260795593
61.1590625,15.5351161956787
61.1623958333333,15.5366659164429
61.1657291666667,15.5382752418518
61.1690625,15.5400037765503
61.1723958333333,15.5417919158936
61.1757291666667,15.5435800552368
61.1790625,15.5453085899353
61.1823958333333,15.5470371246338
61.1857291666667,15.5486464500427
61.1890625,15.5500173568726
61.1923958333333,15.5512690544128
61.1957291666667,15.5523419380188
61.1990625,15.5531764030457
61.2023958333333,15.5538320541382
61.2057291666667,15.5543684959412
61.2090625,15.5547857284546
61.2123958333333,15.5551433563232
61.2157291666667,15.5553817749023
61.2190625,15.5556797981262
61.2223958333333,15.5558586120605
61.2257291666667,15.5561566352844
61.2290625,15.5563950538635
61.2323958333333,15.5567526817322
61.2357291666667,15.5572295188904
61.2390625,15.5578255653381
61.2423958333333,15.5586004257202
61.2457291666667,15.5596137046814
61.2490625,15.5608654022217
61.2523958333333,15.5623555183411
61.2557291666667,15.5640840530396
61.2590625,15.5660510063171
61.2623958333333,15.5681371688843
61.2657291666667,15.5704021453857
61.2690625,15.5727863311768
61.2723958333333,15.5752301216125
61.2757291666667,15.5777335166931
61.2790625,15.5801773071289
61.2823958333333,15.5826807022095
61.2857291666667,15.58518409729
61.2890625,15.5876874923706
61.2923958333333,15.5902504920959
61.2957291666667,15.5928730964661
61.2990625,15.5956745147705
61.3023958333333,15.5985951423645
61.3057291666667,15.6016945838928
61.3090625,15.6049728393555
61.3123958333333,15.6083703041077
61.3157291666667,15.6119465827942
61.3190625,15.6156420707703
61.3223958333333,15.6192779541016
61.3257291666667,15.6229734420776
61.3290625,15.6265497207642
61.3323958333333,15.6300663948059
61.3357291666667,15.6334638595581
61.3390625,15.636682510376
61.3423958333333,15.6397819519043
61.3457291666667,15.6427621841431
61.3490625,15.6456232070923
61.3523958333333,15.648365020752
61.3557291666667,15.6509876251221
61.3590625,15.6534910202026
61.3623958333333,15.6558752059937
61.3657291666667,15.6581401824951
61.3690625,15.660285949707
61.3723958333333,15.6622529029846
61.3757291666667,15.6640410423279
61.3790625,15.665590763092
61.3823958333333,15.6669616699219
61.3857291666667,15.6682133674622
61.3890625,15.6691670417786
61.3923958333333,15.6700015068054
61.3957291666667,15.6706571578979
61.3990625,15.6711935997009
61.4023958333333,15.6716108322144
61.4057291666667,15.6720280647278
61.4090625,15.6723856925964
61.4123958333333,15.6728029251099
61.4157291666667,15.6732201576233
61.4190625,15.6736969947815
61.4223958333333,15.6741738319397
61.4257291666667,15.6746506690979
61.4290625,15.6751275062561
61.4323958333333,15.6756043434143
61.4357291666667,15.6760215759277
61.4390625,15.6763792037964
61.4423958333333,15.676736831665
61.4457291666667,15.6770348548889
61.4490625,15.6773328781128
61.4523958333333,15.6776905059814
61.4557291666667,15.6781077384949
61.4590625,15.6786441802979
61.4623958333333,15.6792998313904
61.4657291666667,15.6799554824829
61.4690625,15.680730342865
61.4723958333333,15.6815648078918
61.4757291666667,15.6824588775635
61.4790625,15.6832933425903
61.4823958333333,15.6840085983276
61.4857291666667,15.6847238540649
61.4890625,15.6852602958679
61.4923958333333,15.6857371330261
61.4957291666667,15.6861543655396
61.4990625,15.6864523887634
61.5023958333333,15.6866908073425
61.5057291666667,15.6869888305664
61.5090625,15.6872272491455
61.5123958333333,15.6875252723694
61.5157291666667,15.687882900238
61.5190625,15.6883001327515
61.5223958333333,15.6888365745544
61.5257291666667,15.6894326210022
61.5290625,15.69002866745
61.5323958333333,15.6906247138977
61.5357291666667,15.6911611557007
61.5390625,15.6916975975037
61.5423958333333,15.6921148300171
61.5457291666667,15.692412853241
61.5490625,15.6925916671753
61.5523958333333,15.6926512718201
61.5557291666667,15.6926512718201
61.5590625,15.6925320625305
61.5623958333333,15.6924724578857
61.5657291666667,15.692412853241
61.5690625,15.692412853241
61.5723958333333,15.6925320625305
61.5757291666667,15.6927108764648
61.5790625,15.6930088996887
61.5823958333333,15.6933665275574
61.5857291666667,15.6937837600708
61.5890625,15.694260597229
61.5923958333333,15.6947374343872
61.5957291666667,15.6952142715454
61.5990625,15.6956315040588
61.6023958333333,15.696108341217
61.6057291666667,15.6965255737305
61.6090625,15.6969428062439
61.6123958333333,15.6973600387573
61.6157291666667,15.697717666626
61.6190625,15.6980752944946
61.6223958333333,15.6983137130737
61.6257291666667,15.6984925270081
61.6290625,15.6985521316528
61.6323958333333,15.6984925270081
61.6357291666667,15.6983137130737
61.6390625,15.6980752944946
61.6423958333333,15.6976580619812
61.6457291666667,15.697181224823
61.6490625,15.6967043876648
61.6523958333333,15.696108341217
61.6557291666667,15.6955122947693
61.6590625,15.6949162483215
61.6623958333333,15.6943202018738
61.6657291666667,15.693724155426
61.6690625,15.6931281089783
61.6723958333333,15.6924724578857
61.6757291666667,15.6916975975037
61.6790625,15.6909227371216
61.6823958333333,15.69002866745
61.6857291666667,15.688955783844
61.6890625,15.6878232955933
61.6923958333333,15.6865119934082
61.6957291666667,15.6851410865784
61.6990625,15.683650970459
61.7023958333333,15.68204164505
61.7057291666667,15.6803727149963
61.7090625,15.6787037849426
61.7123958333333,15.6769156455994
61.7157291666667,15.6751871109009
61.7190625,15.6733989715576
61.7223958333333,15.6716108322144
61.7257291666667,15.6698822975159
61.7290625,15.6680941581726
61.7323958333333,15.6664252281189
61.7357291666667,15.6647562980652
61.7390625,15.6631469726563
61.7423958333333,15.6615972518921
61.7457291666667,15.6601667404175
61.7490625,15.6588554382324
61.7523958333333,15.6576633453369
61.7557291666667,15.6566500663757
61.7590625,15.6558752059937
61.7623958333333,15.6552791595459
61.7657291666667,15.6548619270325
61.7690625,15.6547427177429
61.7723958333333,15.6548023223877
61.7757291666667,15.6551003456116
61.7790625,15.655517578125
61.7823958333333,15.6561732292175
61.7857291666667,15.6568884849548
61.7890625,15.6577229499817
61.7923958333333,15.6586170196533
61.7957291666667,15.659511089325
61.7990625,15.6605243682861
61.8023958333333,15.6615376472473
61.8057291666667,15.6626105308533
61.8090625,15.663743019104
61.8123958333333,15.6649947166443
61.8157291666667,15.6663656234741
61.8190625,15.6677961349487
61.8223958333333,15.6693458557129
61.8257291666667,15.6710147857666
61.8290625,15.6726241111755
61.8323958333333,15.674352645874
61.8357291666667,15.675961971283
61.8390625,15.6775712966919
61.8423958333333,15.6790614128113
61.8457291666667,15.6804919242859
61.8490625,15.6817436218262
61.8523958333333,15.6829357147217
61.8557291666667,15.6839489936829
61.8590625,15.6849026679993
61.8623958333333,15.6856775283813
61.8657291666667,15.6863927841187
61.8690625,15.6869888305664
61.8723958333333,15.6874656677246
61.8757291666667,15.6877636909485
61.8790625,15.6880021095276
61.8823958333333,15.6880617141724
61.8857291666667,15.6880021095276
61.8890625,15.6878232955933
61.8923958333333,15.6875252723694
61.8957291666667,15.6871676445007
61.8990625,15.6866908073425
61.9023958333333,15.6862735748291
61.9057291666667,15.6857967376709
61.9090625,15.6853199005127
61.9123958333333,15.684962272644
61.9157291666667,15.6845450401306
61.9190625,15.6842470169067
61.9223958333333,15.6840085983276
61.9257291666667,15.6837701797485
61.9290625,15.6835317611694
61.9323958333333,15.6832933425903
61.9357291666667,15.683114528656
61.9390625,15.6829357147217
61.9423958333333,15.6827569007874
61.9457291666667,15.6826376914978
61.9490625,15.6825184822083
61.9523958333333,15.6824588775635
61.9557291666667,15.6823992729187
61.9590625,15.6823992729187
61.9623958333333,15.6823992729187
61.9657291666667,15.6823992729187
61.9690625,15.6823396682739
61.9723958333333,15.6822800636292
61.9757291666667,15.6821012496948
61.9790625,15.6819224357605
61.9823958333333,15.6816244125366
61.9857291666667,15.6813263893127
61.9890625,15.6810283660889
61.9923958333333,15.680730342865
61.9957291666667,15.6804323196411
61.9990625,15.6802535057068
62.0023958333333,15.6800746917725
62.0057291666667,15.6800150871277
62.0090625,15.6799554824829
62.0123958333333,15.6799554824829
62.0157291666667,15.6800150871277
62.0190625,15.6800746917725
62.0223958333333,15.680193901062
62.0257291666667,15.6803131103516
62.0290625,15.6804323196411
62.0323958333333,15.6805515289307
62.0357291666667,15.680730342865
62.0390625,15.6809091567993
62.0423958333333,15.6810879707336
62.0457291666667,15.681266784668
62.0490625,15.6814455986023
62.0523958333333,15.6816244125366
62.0557291666667,15.6817436218262
62.0590625,15.6818628311157
62.0623958333333,15.6819224357605
62.0657291666667,15.68204164505
62.0690625,15.6821012496948
62.0723958333333,15.6821608543396
62.0757291666667,15.6821608543396
62.0790625,15.6821608543396
62.0823958333333,15.6821012496948
62.0857291666667,15.6819224357605
62.0890625,15.6816840171814
62.0923958333333,15.681266784668
62.0957291666667,15.680730342865
62.0990625,15.6800150871277
62.1023958333333,15.6791806221008
62.1057291666667,15.6782269477844
62.1090625,15.6772136688232
62.1123958333333,15.6761407852173
62.1157291666667,15.6750679016113
62.1190625,15.6740546226501
62.1223958333333,15.6731009483337
62.1257291666667,15.6722664833069
62.1290625,15.6716108322144
62.1323958333333,15.6710743904114
62.1357291666667,15.6705975532532
62.1390625,15.6702399253845
62.1423958333333,15.6700015068054
62.1457291666667,15.6698226928711
62.1490625,15.6697034835815
62.1523958333333,15.6696438789368
62.1557291666667,15.6696438789368
62.1590625,15.6697034835815
62.1623958333333,15.6698226928711
62.1657291666667,15.6699419021606
62.1690625,15.670120716095
62.1723958333333,15.6703591346741
62.1757291666667,15.6705975532532
62.1790625,15.6708359718323
62.1823958333333,15.6710743904114
62.1857291666667,15.6713128089905
62.1890625,15.6715512275696
62.1923958333333,15.6717300415039
62.1957291666667,15.671968460083
62.1990625,15.6720876693726
62.2023958333333,15.6722664833069
62.2057291666667,15.6723260879517
62.2090625,15.6723260879517
62.2123958333333,15.6722664833069
62.2157291666667,15.6720280647278
62.2190625,15.6716704368591
62.2223958333333,15.6712532043457
62.2257291666667,15.6707167625427
62.2290625,15.6701803207397
62.2323958333333,15.669584274292
62.2357291666667,15.669047832489
62.2390625,15.6686902046204
62.2423958333333,15.6684517860413
62.2457291666667,15.6683921813965
62.2490625,15.668511390686
62.2523958333333,15.6687498092651
62.2557291666667,15.6691670417786
62.2590625,15.6697034835815
62.2623958333333,15.6702995300293
62.2657291666667,15.6708955764771
62.2690625,15.6714916229248
62.2723958333333,15.6720280647278
62.2757291666667,15.6725645065308
62.2790625,15.673041343689
62.2823958333333,15.6735777854919
62.2857291666667,15.6740546226501
62.2890625,15.6745314598083
62.2923958333333,15.6751275062561
62.2957291666667,15.6757235527039
62.2990625,15.6764388084412
62.3023958333333,15.6772136688232
62.3057291666667,15.6779885292053
62.3090625,15.6788229942322
62.3123958333333,15.6797170639038
62.3157291666667,15.6805515289307
62.3190625,15.6814455986023
62.3223958333333,15.6823396682739
62.3257291666667,15.6831741333008
62.3290625,15.6839489936829
62.3323958333333,15.6846642494202
62.3357291666667,15.6852602958679
62.3390625,15.6858563423157
62.3423958333333,15.6862735748291
62.3457291666667,15.6866908073425
62.3490625,15.6869888305664
62.3523958333333,15.6872272491455
62.3557291666667,15.6874060630798
62.3590625,15.6876444816589
62.3623958333333,15.6878232955933
62.3657291666667,15.6880617141724
62.3690625,15.6883001327515
62.3723958333333,15.6885981559753
62.3757291666667,15.6888365745544
62.3790625,15.6891345977783
62.3823958333333,15.6893730163574
62.3857291666667,15.6895518302917
62.3890625,15.6897306442261
62.3923958333333,15.6898498535156
62.3957291666667,15.6899094581604
62.3990625,15.6899690628052
62.4023958333333,15.6899690628052
62.4057291666667,15.6899690628052
62.4090625,15.6899094581604
62.4123958333333,15.6898498535156
62.4157291666667,15.6897902488708
62.4190625,15.6896710395813
62.4223958333333,15.689492225647
62.4257291666667,15.6892538070679
62.4290625,15.6888961791992
62.4323958333333,15.688419342041
62.4357291666667,15.687882900238
62.4390625,15.6872868537903
62.4423958333333,15.686571598053
62.4457291666667,15.6857967376709
62.4490625,15.6850218772888
62.4523958333333,15.6842470169067
62.4557291666667,15.6834721565247
62.4590625,15.6826972961426
62.4623958333333,15.6819224357605
62.4657291666667,15.681266784668
62.4690625,15.6806111335754
62.4723958333333,15.6800150871277
62.4757291666667,15.6795382499695
62.4790625,15.6790614128113
62.4823958333333,15.6786441802979
62.4857291666667,15.6784057617188
62.4890625,15.6782269477844
62.4923958333333,15.6781077384949
62.4957291666667,15.6781673431396
62.4990625,15.6782269477844
62.5023958333333,15.6784057617188
62.5057291666667,15.6785845756531
62.5090625,15.6788229942322
62.5123958333333,15.6790018081665
62.5157291666667,15.6792402267456
62.5190625,15.6794786453247
62.5223958333333,15.679657459259
62.5257291666667,15.6798362731934
62.5290625,15.6800150871277
62.5323958333333,15.6801342964172
62.5357291666667,15.6803131103516
62.5390625,15.6803727149963
62.5423958333333,15.6804323196411
62.5457291666667,15.6804323196411
62.5490625,15.6803727149963
62.5523958333333,15.6802535057068
62.5557291666667,15.6801342964172
62.5590625,15.6800150871277
62.5623958333333,15.6798958778381
62.5657291666667,15.6798362731934
62.5690625,15.6798362731934
62.5723958333333,15.6798958778381
62.5757291666667,15.6800150871277
62.5790625,15.6803131103516
62.5823958333333,15.6806111335754
62.5857291666667,15.6809687614441
62.5890625,15.6813859939575
62.5923958333333,15.6818628311157
62.5957291666667,15.6823992729187
62.5990625,15.6828761100769
62.6023958333333,15.6834721565247
62.6057291666667,15.6840085983276
62.6090625,15.6846046447754
62.6123958333333,15.6852006912231
62.6157291666667,15.6857967376709
62.6190625,15.6864523887634
62.6223958333333,15.6870484352112
62.6257291666667,15.6877040863037
62.6290625,15.688419342041
62.6323958333333,15.6891345977783
62.6357291666667,15.6899690628052
62.6390625,15.690803527832
62.6423958333333,15.6917572021484
62.6457291666667,15.6926512718201
62.6490625,15.6936049461365
62.6523958333333,15.6945586204529
62.6557291666667,15.6953930854797
62.6590625,15.6962275505066
62.6623958333333,15.6969428062439
62.6657291666667,15.6974792480469
62.6690625,15.6978964805603
62.6723958333333,15.6981945037842
62.6757291666667,15.6983137130737
62.6790625,15.6983137130737
62.6823958333333,15.6981945037842
62.6857291666667,15.6979560852051
62.6890625,15.697717666626
62.6923958333333,15.6974196434021
62.6957291666667,15.6971216201782
62.6990625,15.6969428062439
62.7023958333333,15.6968235969543
62.7057291666667,15.6967639923096
62.7090625,15.6968235969543
62.7123958333333,15.6970024108887
62.7157291666667,15.6972408294678
62.7190625,15.6974792480469
62.7223958333333,15.6978368759155
62.7257291666667,15.6981348991394
62.7290625,15.6985521316528
62.7323958333333,15.6989097595215
62.7357291666667,15.6992673873901
62.7390625,15.6996250152588
62.7423958333333,15.6999230384827
62.7457291666667,15.7001614570618
62.7490625,15.7003402709961
62.7523958333333,15.7004594802856
62.7557291666667,15.7003998756409
62.7590625,15.7001614570618
62.7623958333333,15.6998634338379
62.7657291666667,15.6993865966797
62.7690625,15.6987309455872
62.7723958333333,15.6979560852051
62.7757291666667,15.6970620155334
62.7790625,15.696108341217
62.7823958333333,15.6950950622559
62.7857291666667,15.6939625740051
62.7890625,15.6928896903992
62.7923958333333,15.6917572021484
62.7957291666667,15.6906843185425
62.7990625,15.6896710395813
62.8023958333333,15.6887173652649
62.8057291666667,15.6878232955933
62.8090625,15.6869888305664
62.8123958333333,15.6862139701843
62.8157291666667,15.6855583190918
62.8190625,15.6849026679993
62.8223958333333,15.6843066215515
62.8257291666667,15.6837105751038
62.8290625,15.6831741333008
62.8323958333333,15.682578086853
62.8357291666667,15.68204164505
62.8390625,15.6815052032471
62.8423958333333,15.6810283660889
62.8457291666667,15.6806111335754
62.8490625,15.680193901062
62.8523958333333,15.6798362731934
62.8557291666667,15.6794786453247
62.8590625,15.6791210174561
62.8623958333333,15.6787633895874
62.8657291666667,15.6782865524292
62.8690625,15.677809715271
62.8723958333333,15.6773328781128
62.8757291666667,15.6767964363098
62.8790625,15.6763195991516
62.8823958333333,15.6759023666382
62.8857291666667,15.6756639480591
62.8890625,15.6755447387695
62.8923958333333,15.6756043434143
62.8957291666667,15.6757831573486
62.8990625,15.6762003898621
62.9023958333333,15.6766772270203
62.9057291666667,15.6772136688232
62.9090625,15.677809715271
62.9123958333333,15.6784057617188
62.9157291666667,15.6789422035217
62.9190625,15.6795382499695
62.9223958333333,15.6800746917725
62.9257291666667,15.6806111335754
62.9290625,15.681266784668
62.9323958333333,15.6819224357605
62.9357291666667,15.6826376914978
62.9390625,15.6834721565247
62.9423958333333,15.6843662261963
62.9457291666667,15.6852602958679
62.9490625,15.6862139701843
62.9523958333333,15.6871676445007
62.9557291666667,15.6880617141724
62.9590625,15.688955783844
62.9623958333333,15.6897902488708
62.9657291666667,15.6905055046082
62.9690625,15.6912207603455
62.9723958333333,15.6919360160828
62.9757291666667,15.6925320625305
62.9790625,15.6931281089783
62.9823958333333,15.693724155426
62.9857291666667,15.6943202018738
62.9890625,15.6948566436768
62.9923958333333,15.695333480835
62.9957291666667,15.6958103179932
62.9990625,15.6962275505066
63.0023958333333,15.69664478302
63.0057291666667,15.6969428062439
63.0090625,15.6971216201782
63.0123958333333,15.6972408294678
63.0157291666667,15.6973004341125
63.0190625,15.697181224823
63.0223958333333,15.6970620155334
63.0257291666667,15.6968235969543
63.0290625,15.6964659690857
63.0323958333333,15.696108341217
63.0357291666667,15.6956911087036
63.0390625,15.6952738761902
63.0423958333333,15.694797039032
63.0457291666667,15.6943798065186
63.0490625,15.6939625740051
63.0523958333333,15.6935453414917
63.0557291666667,15.6931281089783
63.0590625,15.6927704811096
63.0623958333333,15.6923532485962
63.0657291666667,15.6919360160828
63.0690625,15.6915187835693
63.0723958333333,15.6909823417664
63.0757291666667,15.6903862953186
63.0790625,15.6897902488708
63.0823958333333,15.6890749931335
63.0857291666667,15.6883001327515
63.0890625,15.6875252723694
63.0923958333333,15.6867504119873
63.0957291666667,15.68603515625
