0.0015625,0.101089477539063
0.00489583333333333,0.10305643081665
0.00822916666666667,0.105321407318115
0.0115625,0.107765197753906
0.0148958333333333,0.110447406768799
0.0182291666666667,0.113248825073242
0.0215625,0.116229057312012
0.0248958333333333,0.119388103485107
0.0282291666666667,0.122606754302979
0.0315625,0.1259446144104
0.0348958333333333,0.129401683807373
0.0382291666666667,0.132918357849121
0.0415625,0.136435031890869
0.0448958333333333,0.139951705932617
0.0482291666666667,0.143349170684814
0.0515625,0.146687030792236
0.0548958333333333,0.149846076965332
0.0582291666666667,0.152766704559326
0.0615625,0.155508518218994
0.0648958333333333,0.157952308654785
0.0682291666666667,0.160098075866699
0.0715625,0.162005424499512
0.0748958333333333,0.163555145263672
0.0782291666666667,0.16486644744873
0.0815625,0.165939331054688
0.0848958333333333,0.166714191436768
0.0882291666666667,0.167310237884521
0.0915625,0.167727470397949
0.0948958333333333,0.167965888977051
0.0982291666666667,0.168085098266602
0.1015625,0.168144702911377
0.104895833333333,0.168085098266602
0.108229166666667,0.167906284332275
0.1115625,0.167727470397949
0.114895833333333,0.167369842529297
0.118229166666667,0.166952610015869
0.1215625,0.166416168212891
0.124895833333333,0.165700912475586
0.128229166666667,0.16474723815918
0.1315625,0.163495540618896
0.134895833333333,0.161945819854736
0.138229166666667,0.160038471221924
0.1415625,0.157654285430908
0.144895833333333,0.154852867126465
0.148229166666667,0.151574611663818
0.1515625,0.147819519042969
0.154895833333333,0.143527984619141
0.158229166666667,0.138700008392334
0.1615625,0.1334547996521
0.164895833333333,0.127732753753662
0.168229166666667,0.121593475341797
0.1715625,0.11521577835083
0.174895833333333,0.108540058135986
0.178229166666667,0.101685523986816
0.1815625,0.0947117805480957
0.184895833333333,0.0876784324645996
0.188229166666667,0.0806450843811035
0.1915625,0.0736117362976074
0.194895833333333,0.0666975975036621
0.198229166666667,0.0597834587097168
0.2015625,0.0529885292053223
0.204895833333333,0.0462532043457031
0.208229166666667,0.0396370887756348
0.2115625,0.0331997871398926
0.214895833333333,0.0268816947937012
0.218229166666667,0.0208020210266113
0.2215625,0.0150203704833984
0.224895833333333,0.00947713851928711
0.228229166666667,0.00423192977905273
0.2315625,-0.000715255737304688
0.234895833333333,-0.00536441802978516
0.238229166666667,-0.00965595245361328
0.2415625,-0.0135898590087891
0.244895833333333,-0.0172853469848633
0.248229166666667,-0.0206232070922852
0.2515625,-0.0237822532653809
0.254895833333333,-0.0265836715698242
0.258229166666667,-0.0292062759399414
0.2615625,-0.0314712524414063
0.264895833333333,-0.0334978103637695
0.268229166666667,-0.0352859497070313
0.2715625,-0.0367164611816406
0.274895833333333,-0.0377893447875977
0.278229166666667,-0.0385642051696777
0.2815625,-0.0389814376831055
0.284895833333333,-0.0391006469726563
0.288229166666667,-0.0388026237487793
0.2915625,-0.0382065773010254
0.294895833333333,-0.0372529029846191
0.298229166666667,-0.0360012054443359
0.3015625,-0.0343918800354004
0.304895833333333,-0.0324249267578125
0.308229166666667,-0.0300407409667969
0.3115625,-0.0272989273071289
0.314895833333333,-0.0240802764892578
0.318229166666667,-0.020444393157959
0.3215625,-0.0162720680236816
0.324895833333333,-0.0116229057312012
0.328229166666667,-0.00649690628051758
0.3315625,-0.000774860382080078
0.334895833333333,0.00542402267456055
0.338229166666667,0.0120997428894043
0.3415625,0.0192523002624512
0.344895833333333,0.0268220901489258
0.348229166666667,0.0348091125488281
0.3515625,0.0431537628173828
0.354895833333333,0.0517368316650391
0.358229166666667,0.0604987144470215
0.3615625,0.0694394111633301
0.364895833333333,0.0783801078796387
0.368229166666667,0.0872611999511719
0.3715625,0.0960826873779297
0.374895833333333,0.104665756225586
0.378229166666667,0.113010406494141
0.3815625,0.120997428894043
0.384895833333333,0.128686428070068
0.388229166666667,0.135958194732666
0.3915625,0.142812728881836
0.394895833333333,0.149190425872803
0.398229166666667,0.155150890350342
0.4015625,0.160574913024902
0.404895833333333,0.165581703186035
0.408229166666667,0.169992446899414
0.4115625,0.173985958099365
0.414895833333333,0.177443027496338
0.418229166666667,0.180482864379883
0.4215625,0.183045864105225
0.424895833333333,0.185191631317139
0.428229166666667,0.187039375305176
0.4315625,0.188648700714111
0.434895833333333,0.190019607543945
0.438229166666667,0.191390514373779
0.4415625,0.192642211914063
0.444895833333333,0.193953514099121
0.448229166666667,0.195324420928955
0.4515625,0.196754932403564
0.454895833333333,0.198245048522949
0.458229166666667,0.199735164642334
0.4615625,0.201165676116943
0.464895833333333,0.202536582946777
0.468229166666667,0.203788280487061
0.4715625,0.204801559448242
0.474895833333333,0.205576419830322
0.478229166666667,0.206053256988525
0.4815625,0.206232070922852
0.484895833333333,0.206053256988525
0.488229166666667,0.205516815185547
0.4915625,0.204622745513916
0.494895833333333,0.203371047973633
0.498229166666667,0.201761722564697
0.5015625,0.199794769287109
0.504895833333333,0.197529792785645
0.508229166666667,0.194966793060303
0.5115625,0.192105770111084
0.514895833333333,0.188946723937988
0.518229166666667,0.185608863830566
0.5215625,0.182032585144043
0.524895833333333,0.178337097167969
0.528229166666667,0.174522399902344
0.5315625,0.170648097991943
0.534895833333333,0.166714191436768
0.538229166666667,0.162839889526367
0.5415625,0.158965587615967
0.544895833333333,0.155210494995117
0.548229166666667,0.151515007019043
0.5515625,0.147998332977295
0.554895833333333,0.144541263580322
0.558229166666667,0.141322612762451
0.5615625,0.138223171234131
0.564895833333333,0.135362148284912
0.568229166666667,0.132739543914795
0.5715625,0.130295753479004
0.574895833333333,0.12814998626709
0.578229166666667,0.126242637634277
0.5815625,0.124573707580566
0.584895833333333,0.123202800750732
0.588229166666667,0.121951103210449
0.5915625,0.120937824249268
0.594895833333333,0.119984149932861
0.598229166666667,0.119209289550781
0.6015625,0.118494033813477
0.604895833333333,0.117778778076172
0.608229166666667,0.117123126983643
0.6115625,0.116407871246338
0.614895833333333,0.115752220153809
0.618229166666667,0.115036964416504
0.6215625,0.114321708679199
0.624895833333333,0.113487243652344
0.628229166666667,0.112652778625488
0.6315625,0.111758708953857
0.634895833333333,0.110864639282227
0.638229166666667,0.109851360321045
0.6415625,0.108957290649414
0.644895833333333,0.108063220977783
0.648229166666667,0.107288360595703
0.6515625,0.106692314147949
0.654895833333333,0.106275081634521
0.658229166666667,0.106215476989746
0.6615625,0.106453895568848
0.664895833333333,0.107109546661377
0.668229166666667,0.108182430267334
0.6715625,0.109672546386719
0.674895833333333,0.111699104309082
0.678229166666667,0.114142894744873
0.6815625,0.117123126983643
0.684895833333333,0.120580196380615
0.688229166666667,0.124514102935791
0.6915625,0.128805637359619
0.694895833333333,0.13357400894165
0.698229166666667,0.138700008392334
0.7015625,0.144124031066895
0.704895833333333,0.149786472320557
0.708229166666667,0.15568733215332
0.7115625,0.161647796630859
0.714895833333333,0.167667865753174
0.718229166666667,0.173687934875488
0.7215625,0.179529190063477
0.724895833333333,0.185191631317139
0.728229166666667,0.190556049346924
0.7315625,0.195622444152832
0.734895833333333,0.200271606445313
0.738229166666667,0.204563140869141
0.7415625,0.208497047424316
0.744895833333333,0.212013721466064
0.748229166666667,0.21517276763916
0.7515625,0.217974185943604
0.754895833333333,0.22047758102417
0.758229166666667,0.222742557525635
0.7615625,0.224709510803223
0.764895833333333,0.226378440856934
0.768229166666667,0.227868556976318
0.7715625,0.229060649871826
0.774895833333333,0.230073928833008
0.778229166666667,0.230848789215088
0.7815625,0.231325626373291
0.784895833333333,0.231623649597168
0.788229166666667,0.231742858886719
0.7915625,0.231564044952393
0.794895833333333,0.231146812438965
0.798229166666667,0.230550765991211
0.8015625,0.229716300964355
0.804895833333333,0.228583812713623
0.808229166666667,0.227153301239014
0.8115625,0.225305557250977
0.814895833333333,0.223100185394287
0.818229166666667,0.220358371734619
0.8215625,0.217080116271973
0.824895833333333,0.213146209716797
0.828229166666667,0.208616256713867
0.8315625,0.203371047973633
0.834895833333333,0.197529792785645
0.838229166666667,0.191092491149902
0.8415625,0.184178352355957
0.844895833333333,0.176787376403809
0.848229166666667,0.169157981872559
0.8515625,0.161290168762207
0.854895833333333,0.15336275100708
0.858229166666667,0.145435333251953
0.8615625,0.137507915496826
0.864895833333333,0.129818916320801
0.868229166666667,0.122249126434326
0.8715625,0.114917755126953
0.874895833333333,0.107884407043457
0.878229166666667,0.101029872894287
0.8815625,0.0944137573242188
0.884895833333333,0.0880956649780273
0.888229166666667,0.0819563865661621
0.8915625,0.075995922088623
0.894895833333333,0.0703334808349609
0.898229166666667,0.0647902488708496
0.9015625,0.0594854354858398
0.904895833333333,0.0543594360351563
0.908229166666667,0.0493526458740234
0.9115625,0.0446438789367676
0.914895833333333,0.0400543212890625
0.918229166666667,0.0357627868652344
0.9215625,0.0317096710205078
0.924895833333333,0.0279545783996582
0.928229166666667,0.0244379043579102
0.9315625,0.0213384628295898
0.934895833333333,0.0185966491699219
0.938229166666667,0.0162124633789063
0.9415625,0.0143051147460938
0.944895833333333,0.012814998626709
0.948229166666667,0.0118017196655273
0.9515625,0.0112652778625488
0.954895833333333,0.011146068572998
0.958229166666667,0.0116229057312012
0.9615625,0.012516975402832
0.964895833333333,0.0139474868774414
0.968229166666667,0.0158548355102539
0.9715625,0.0181794166564941
0.974895833333333,0.0209212303161621
0.978229166666667,0.0240206718444824
0.9815625,0.0275373458862305
0.984895833333333,0.0313520431518555
0.988229166666667,0.0354647636413574
0.9915625,0.0399947166442871
0.994895833333333,0.0449419021606445
0.998229166666667,0.0504255294799805
1.0015625,0.0563859939575195
1.00489583333333,0.0630021095275879
1.00822916666667,0.0702142715454102
1.0115625,0.0780224800109863
1.01489583333333,0.0864267349243164
1.01822916666667,0.095367431640625
1.0215625,0.104725360870361
1.02489583333333,0.11444091796875
1.02822916666667,0.12439489364624
1.0315625,0.134527683258057
1.03489583333333,0.144839286804199
1.03822916666667,0.155210494995117
1.0415625,0.165700912475586
1.04489583333333,0.176310539245605
1.04822916666667,0.186920166015625
1.0515625,0.197529792785645
1.05489583333333,0.207841396331787
1.05822916666667,0.217795372009277
1.0615625,0.227093696594238
1.06489583333333,0.235438346862793
1.06822916666667,0.24259090423584
1.0715625,0.248312950134277
1.07489583333333,0.25254487991333
1.07822916666667,0.255227088928223
1.0815625,0.256538391113281
1.08489583333333,0.256836414337158
1.08822916666667,0.256538391113281
1.0915625,0.25629997253418
1.09489583333333,0.256836414337158
1.09822916666667,0.258922576904297
1.1015625,0.263333320617676
1.10489583333333,0.270843505859375
1.10822916666667,0.282049179077148
1.1115625,0.297486782073975
1.11489583333333,0.31733512878418
1.11822916666667,0.341594219207764
1.1215625,0.370144844055176
1.12489583333333,0.402569770812988
1.12822916666667,0.438153743743896
1.1315625,0.476181507110596
1.13489583333333,0.515758991241455
1.13822916666667,0.55617094039917
1.1415625,0.596463680267334
1.14489583333333,0.636041164398193
1.14822916666667,0.674247741699219
1.1515625,0.710666179656982
1.15489583333333,0.744998455047607
1.15822916666667,0.777125358581543
1.1615625,0.806868076324463
1.16489583333333,0.834286212921143
1.16822916666667,0.859439373016357
1.1715625,0.882446765899658
1.17489583333333,0.90336799621582
1.17822916666667,0.92238187789917
1.1815625,0.939667224884033
1.18489583333333,0.955343246459961
1.18822916666667,0.969588756561279
1.1915625,0.982701778411865
1.19489583333333,0.994741916656494
1.19822916666667,1.00594758987427
1.2015625,1.01643800735474
1.20489583333333,1.02633237838745
1.20822916666667,1.03569030761719
1.2115625,1.04451179504395
1.21489583333333,1.05267763137817
1.21822916666667,1.06018781661987
1.2215625,1.06686353683472
1.22489583333333,1.07240676879883
1.22822916666667,1.07663869857788
1.2315625,1.0790228843689
1.23489583333333,1.07866525650024
1.23822916666667,1.07377767562866
1.2415625,1.06137990951538
1.24489583333333,1.03616714477539
1.24822916666667,0.989973545074463
1.2515625,0.910758972167969
1.25489583333333,0.782370567321777
1.25822916666667,0.584542751312256
1.2615625,0.2937912940979
1.26489583333333,-0.114500522613525
1.26822916666667,-0.663340091705322
1.2715625,-1.37007236480713
1.27489583333333,-2.24184989929199
1.27822916666667,-3.27152013778687
1.2815625,-4.43440675735474
1.28489583333333,-5.68771362304688
1.28822916666667,-6.97171688079834
1.2915625,-8.21441411972046
1.29489583333333,-9.33796167373657
1.29822916666667,-10.2671980857849
1.3015625,-10.9381675720215
1.30489583333333,-11.3062858581543
1.30822916666667,-11.3522410392761
1.3115625,-11.084258556366
1.31489583333333,-10.5368494987488
1.31822916666667,-9.76413488388062
1.3215625,-8.82947444915771
1.32489583333333,-7.79175758361816
1.32822916666667,-6.69103860855103
1.3315625,-5.53667545318604
1.33489583333333,-4.30154800415039
1.33822916666667,-2.92396545410156
1.3415625,-1.31738185882568
1.34489583333333,0.614941120147705
1.34822916666667,2.96175479888916
1.3515625,5.78606128692627
1.35489583333333,9.10806655883789
1.35822916666667,12.8933191299438
1.3615625,17.0481204986572
1.36489583333333,21.4253067970276
1.36822916666667,25.8415341377258
1.3715625,30.1007032394409
1.37489583333333,34.019410610199
1.37822916666667,37.4484062194824
1.3815625,40.286660194397
1.38489583333333,42.4882173538208
1.38822916666667,44.0616607666016
1.3915625,45.0637340545654
1.39489583333333,45.5869436264038
1.39822916666667,45.7432270050049
1.4015625,45.6470251083374
1.40489583333333,45.3999042510986
1.40822916666667,45.0809001922607
1.4115625,44.7415113449097
1.41489583333333,44.4066524505615
1.41822916666667,44.0787076950073
1.4215625,43.7436103820801
1.42489583333333,43.379008769989
1.42822916666667,42.961597442627
1.4315625,42.4742102622986
1.43489583333333,41.9106483459473
1.43822916666667,41.2777662277222
1.4415625,40.5949950218201
1.44489583333333,39.8909449577332
1.44822916666667,39.1987562179565
1.4515625,38.550078868866
1.45489583333333,37.9689931869507
1.45822916666667,37.4665856361389
1.4615625,37.0373725891113
1.46489583333333,36.659300327301
1.46822916666667,36.2961292266846
1.4715625,35.9033942222595
1.47489583333333,35.4354977607727
1.47822916666667,34.8524451255798
1.4815625,34.1250896453857
1.48489583333333,33.2387685775757
1.48822916666667,32.1937799453735
1.4915625,31.0044288635254
1.49489583333333,29.6956896781921
1.49822916666667,28.2979607582092
1.5015625,26.8422961235046
1.50489583333333,25.3553986549377
1.50822916666667,23.8564610481262
1.5115625,22.3566293716431
1.51489583333333,20.8596587181091
1.51822916666667,19.3647146224976
1.5215625,17.8696513175964
1.52489583333333,16.3736343383789
1.52822916666667,14.879584312439
1.5315625,13.3947134017944
1.53489583333333,11.9303464889526
1.53822916666667,10.500431060791
1.5415625,9.11933183670044
1.54489583333333,7.80016183853149
1.54822916666667,6.55269622802734
1.5515625,5.38229942321777
1.55489583333333,4.28974628448486
1.55822916666667,3.27152013778687
1.5615625,2.32094526290894
1.56489583333333,1.42943859100342
1.56822916666667,0.587999820709229
1.5715625,-0.211954116821289
1.57489583333333,-0.977635383605957
1.57822916666667,-1.71506404876709
1.5815625,-2.42888927459717
1.58489583333333,-3.12250852584839
1.58822916666667,-3.79860401153564
1.5915625,-4.45926189422607
1.59489583333333,-5.10609149932861
1.59822916666667,-5.74022531509399
1.6015625,-6.3626766204834
1.60489583333333,-6.97422027587891
1.60822916666667,-7.57533311843872
1.6115625,-8.16637277603149
1.61489583333333,-8.74745845794678
1.61822916666667,-9.31864976882935
1.6215625,-9.8797082901001
1.62489583333333,-10.4302167892456
1.62822916666667,-10.9696984291077
1.6315625,-11.4974975585938
1.63489583333333,-12.0127201080322
1.63822916666667,-12.514591217041
1.6415625,-13.0022764205933
1.64489583333333,-13.4748220443726
1.64822916666667,-13.9315724372864
1.6515625,-14.3717527389526
1.65489583333333,-14.7949457168579
1.65822916666667,-15.200674533844
1.6615625,-15.5888795852661
1.66489583333333,-15.9594416618347
1.66822916666667,-16.3125395774841
1.6715625,-16.6484117507935
1.67489583333333,-16.9675350189209
1.67822916666667,-17.2703862190247
1.6815625,-17.5575613975525
1.68489583333333,-17.8297758102417
1.68822916666667,-18.0875658988953
1.6915625,-18.3318257331848
1.69489583333333,-18.5630917549133
1.69822916666667,-18.7821984291077
1.7015625,-18.9896821975708
1.70489583333333,-19.1861987113953
1.70822916666667,-19.3723440170288
1.7115625,-19.5485949516296
1.71489583333333,-19.7155475616455
1.71822916666667,-19.8737382888794
1.7215625,-20.0235247612
1.72489583333333,-20.1653838157654
1.72822916666667,-20.2998518943787
1.7315625,-20.4272866249084
1.73489583333333,-20.5480456352234
1.73822916666667,-20.6626653671265
1.7415625,-20.7713842391968
1.74489583333333,-20.8746790885925
1.74822916666667,-20.972728729248
1.7515625,-21.065890789032
1.75489583333333,-21.1544632911682
1.75822916666667,-21.2387442588806
1.7615625,-21.3189125061035
1.76489583333333,-21.3952660560608
1.76822916666667,-21.4680433273315
1.7715625,-21.5373635292053
1.77489583333333,-21.6034650802612
1.77822916666667,-21.6665267944336
1.7815625,-21.726667881012
1.78489583333333,-21.7837691307068
1.78822916666667,-21.837592124939
1.7915625,-21.8871831893921
1.79489583333333,-21.9307541847229
1.79822916666667,-21.9651460647583
1.8015625,-21.9860672950745
1.80489583333333,-21.9879746437073
1.80822916666667,-21.9647884368896
1.8115625,-21.9107270240784
1.81489583333333,-21.8210220336914
1.81822916666667,-21.6929912567139
1.8215625,-21.526575088501
1.82489583333333,-21.3250517845154
1.82822916666667,-21.0949182510376
1.8315625,-20.8455920219421
1.83489583333333,-20.5883383750916
1.83822916666667,-20.3344821929932
1.8415625,-20.0943350791931
1.84489583333333,-19.8754668235779
1.84822916666667,-19.6823477745056
1.8515625,-19.5162296295166
1.85489583333333,-19.3755626678467
1.85822916666667,-19.2568898200989
1.8615625,-19.1559195518494
1.86489583333333,-19.0683603286743
1.86822916666667,-18.9914107322693
1.8715625,-18.9235806465149
1.87489583333333,-18.8653469085693
1.87822916666667,-18.8179016113281
1.8815625,-18.781840801239
1.88489583333333,-18.7557339668274
1.88822916666667,-18.7335610389709
1.8915625,-18.703818321228
1.89489583333333,-18.6482667922974
1.89822916666667,-18.5422301292419
1.9015625,-18.3565020561218
1.90489583333333,-18.0597305297852
1.90822916666667,-17.6221132278442
1.9115625,-17.0193314552307
1.91489583333333,-16.2361264228821
1.91822916666667,-15.2695775032043
1.9215625,-14.1305327415466
1.92489583333333,-12.8437280654907
1.92822916666667,-11.4455819129944
1.9315625,-9.98038053512573
1.93489583333333,-8.49521160125732
1.93822916666667,-7.03525543212891
1.9415625,-5.63931465148926
1.94489583333333,-4.33683395385742
1.94822916666667,-3.14676761627197
1.9515625,-2.07763910293579
1.95489583333333,-1.12879276275635
1.95822916666667,-0.293314456939697
1.9615625,0.439822673797607
1.96489583333333,1.08259916305542
1.96822916666667,1.64622068405151
1.9715625,2.1396279335022
1.97489583333333,2.56949663162231
1.97822916666667,2.94017791748047
1.9815625,3.25459241867065
1.98489583333333,3.51488590240479
1.98822916666667,3.72326374053955
1.9915625,3.88193130493164
1.99489583333333,3.99380922317505
1.99822916666667,4.06217575073242
2.0015625,4.09054756164551
2.00489583333333,4.08297777175903
2.00822916666667,4.04322147369385
2.0115625,3.97521257400513
2.01489583333333,3.88264656066895
2.01822916666667,3.7689208984375
2.0215625,3.63725423812866
2.02489583333333,3.49044799804688
2.02822916666667,3.33112478256226
2.0315625,3.16137075424194
2.03489583333333,2.98315286636353
2.03822916666667,2.79790163040161
2.0415625,2.60680913925171
2.04489583333333,2.41070985794067
2.04822916666667,2.21008062362671
2.0515625,2.00521945953369
2.05489583333333,1.79594755172729
2.05822916666667,1.58190727233887
2.0615625,1.36262178421021
2.06489583333333,1.13743543624878
2.06822916666667,0.905454158782959
2.0715625,0.666022300720215
2.07489583333333,0.418424606323242
2.07822916666667,0.162184238433838
2.0815625,-0.10305643081665
2.08489583333333,-0.377058982849121
2.08822916666667,-0.659584999084473
2.0915625,-0.949621200561523
2.09489583333333,-1.24609470367432
2.09822916666667,-1.54739618301392
2.1015625,-1.85173749923706
2.10489583333333,-2.15721130371094
2.10822916666667,-2.46179103851318
2.1115625,-2.76350975036621
2.11489583333333,-3.06051969528198
2.11822916666667,-3.35127115249634
2.1215625,-3.63427400588989
2.12489583333333,-3.90851497650146
2.12822916666667,-4.17286157608032
2.1315625,-4.42653894424438
2.13489583333333,-4.66877222061157
2.13822916666667,-4.89896535873413
2.1415625,-5.11640310287476
2.14489583333333,-5.32048940658569
2.14822916666667,-5.51062822341919
2.1515625,-5.68622350692749
2.15489583333333,-5.84679841995239
2.15822916666667,-5.99193572998047
2.1615625,-6.12139701843262
2.16489583333333,-6.23500347137451
2.16822916666667,-6.33275508880615
2.1715625,-6.41483068466187
2.17489583333333,-6.4813494682312
2.17822916666667,-6.53260946273804
2.1815625,-6.56908750534058
2.18489583333333,-6.59102201461792
2.18822916666667,-6.59900903701782
2.1915625,-6.59340620040894
2.19489583333333,-6.57474994659424
2.19822916666667,-6.54351711273193
2.2015625,-6.50012493133545
2.20489583333333,-6.44505023956299
2.20822916666667,-6.37876987457275
2.2115625,-6.30176067352295
2.21489583333333,-6.21438026428223
2.21822916666667,-6.11710548400879
2.2215625,-6.01023435592651
2.22489583333333,-5.8942437171936
2.22822916666667,-5.76943159103394
2.2315625,-5.63615560531616
2.23489583333333,-5.49465417861938
2.23822916666667,-5.34540414810181
2.2415625,-5.18858432769775
2.24489583333333,-5.0244927406311
2.24822916666667,-4.85342741012573
2.2515625,-4.67574596405029
2.25489583333333,-4.49162721633911
2.25822916666667,-4.30142879486084
2.2615625,-4.10544872283936
2.26489583333333,-3.90404462814331
2.26822916666667,-3.69757413864136
2.2715625,-3.48645448684692
2.27489583333333,-3.27110290527344
2.27822916666667,-3.05211544036865
2.2815625,-2.82996892929077
2.28489583333333,-2.60519981384277
2.28822916666667,-2.37846374511719
2.2915625,-2.15029716491699
2.29489583333333,-1.92129611968994
2.29822916666667,-1.69211626052856
2.3015625,-1.46341323852539
2.30489583333333,-1.2357234954834
2.30822916666667,-1.00970268249512
2.3115625,-0.78582763671875
2.31489583333333,-0.564813613891602
2.31822916666667,-0.3470778465271
2.3215625,-0.133216381072998
2.32489583333333,0.0764131546020508
2.32822916666667,0.281274318695068
2.3315625,0.481009483337402
2.33489583333333,0.675320625305176
2.33822916666667,0.863790512084961
2.3415625,1.04624032974243
2.34489583333333,1.22243165969849
2.34822916666667,1.3921856880188
2.3515625,1.55532360076904
2.35489583333333,1.71190500259399
2.35822916666667,1.86169147491455
2.3615625,2.00480222702026
2.36489583333333,2.14123725891113
2.36822916666667,2.27093696594238
2.3715625,2.39402055740356
2.37489583333333,2.51048803329468
2.37822916666667,2.6203989982605
2.3815625,2.7238130569458
2.38489583333333,2.82078981399536
2.38822916666667,2.91138887405396
2.3915625,2.99566984176636
2.39489583333333,3.07387113571167
2.39822916666667,3.14599275588989
2.4015625,3.21245193481445
2.40489583333333,3.27330827713013
2.40822916666667,3.32903861999512
2.4115625,3.3799409866333
2.41489583333333,3.42637300491333
2.41822916666667,3.46875190734863
2.4215625,3.50737571716309
2.42489583333333,3.54266166687012
2.42822916666667,3.57478857040405
2.4315625,3.60399484634399
2.43489583333333,3.63039970397949
2.43822916666667,3.65418195724487
2.4415625,3.67528200149536
2.44489583333333,3.69369983673096
2.44822916666667,3.70949506759644
2.4515625,3.72254848480225
2.45489583333333,3.73286008834839
2.45822916666667,3.74042987823486
2.4615625,3.74525785446167
2.46489583333333,3.74752283096313
2.46822916666667,3.74716520309448
2.4715625,3.74442338943481
2.47489583333333,3.73941659927368
2.47822916666667,3.73226404190063
2.4815625,3.72320413589478
2.48489583333333,3.71229648590088
2.48822916666667,3.6998987197876
2.4915625,3.68607044219971
2.49489583333333,3.67105007171631
2.49822916666667,3.65495681762695
2.5015625,3.63802909851074
2.50489583333333,3.62032651901245
2.50822916666667,3.60208749771118
2.5115625,3.58337163925171
2.51489583333333,3.56441736221313
2.51822916666667,3.54522466659546
2.5215625,3.52591276168823
2.52489583333333,3.50648164749146
2.52822916666667,3.48705053329468
2.5315625,3.4676194190979
2.53489583333333,3.44818830490112
2.53822916666667,3.42875719070435
2.5415625,3.40920686721802
2.54489583333333,3.38959693908691
2.54822916666667,3.36986780166626
2.5515625,3.3499002456665
2.55489583333333,3.32975387573242
2.55822916666667,3.30930948257446
2.5615625,3.28856706619263
2.56489583333333,3.26746702194214
2.56822916666667,3.24606895446777
2.5715625,3.22431325912476
2.57489583333333,3.20219993591309
2.57822916666667,3.17978858947754
2.5815625,3.15707921981812
2.58489583333333,3.13413143157959
2.58822916666667,3.11088562011719
2.5915625,3.08740139007568
2.59489583333333,3.06373834609985
2.59822916666667,3.03995609283447
2.6015625,3.01611423492432
2.60489583333333,2.99227237701416
2.60822916666667,2.96849012374878
2.6115625,2.94488668441772
2.61489583333333,2.92158126831055
2.61822916666667,2.89863348007202
2.6215625,2.87610292434692
2.62489583333333,2.85404920578003
2.62822916666667,2.83247232437134
2.6315625,2.8114914894104
2.63489583333333,2.79110670089722
2.63822916666667,2.77125835418701
2.6415625,2.75200605392456
2.64489583333333,2.73323059082031
2.64822916666667,2.71505117416382
2.6515625,2.69728899002075
2.65489583333333,2.68006324768066
2.65822916666667,2.663254737854
2.6615625,2.64686346054077
2.66489583333333,2.63088941574097
2.66822916666667,2.61533260345459
2.6715625,2.60007381439209
2.67489583333333,2.58523225784302
2.67822916666667,2.57062911987305
2.6815625,2.55638360977173
2.68489583333333,2.54237651824951
2.68822916666667,2.52866744995117
2.6915625,2.51513719558716
2.69489583333333,2.50184535980225
2.69822916666667,2.48873233795166
2.7015625,2.4757981300354
2.70489583333333,2.46304273605347
2.70822916666667,2.45040655136108
2.7115625,2.43788957595825
2.71489583333333,2.4254322052002
2.71822916666667,2.41303443908691
2.7215625,2.40069627761841
2.72489583333333,2.38847732543945
2.72822916666667,2.37631797790527
2.7315625,2.36421823501587
2.73489583333333,2.35229730606079
2.73822916666667,2.34055519104004
2.7415625,2.32911109924316
2.74489583333333,2.31790542602539
2.74822916666667,2.30711698532104
2.7515625,2.29668617248535
2.75489583333333,2.28673219680786
2.75822916666667,2.27725505828857
2.7615625,2.26825475692749
2.76489583333333,2.25967168807983
2.76822916666667,2.25162506103516
2.7715625,2.24399566650391
2.77489583333333,2.23678350448608
2.77822916666667,2.22992897033691
2.7815625,2.22355127334595
2.78489583333333,2.21747159957886
2.78822916666667,2.21168994903564
2.7915625,2.20620632171631
2.79489583333333,2.20102071762085
2.79822916666667,2.19595432281494
2.8015625,2.19106674194336
2.80489583333333,2.18623876571655
2.80822916666667,2.18147039413452
2.8115625,2.17670202255249
2.81489583333333,2.17175483703613
2.81822916666667,2.166748046875
2.8215625,2.16156244277954
2.82489583333333,2.15619802474976
2.82822916666667,2.15053558349609
2.8315625,2.14463472366333
2.83489583333333,2.13837623596191
2.83822916666667,2.13181972503662
2.8415625,2.12496519088745
2.84489583333333,2.11769342422485
2.84822916666667,2.1100640296936
2.8515625,2.10213661193848
2.85489583333333,2.09391117095947
2.85822916666667,2.08550691604614
2.8615625,2.07692384719849
2.86489583333333,2.06828117370605
2.86822916666667,2.05975770950317
2.8715625,2.05141305923462
2.87489583333333,2.04336643218994
2.87822916666667,2.03573703765869
2.8815625,2.02846527099609
2.88489583333333,2.0216703414917
2.88822916666667,2.01535224914551
2.8915625,2.00951099395752
2.89489583333333,2.00414657592773
2.89822916666667,1.99919939041138
2.9015625,1.99472904205322
2.90489583333333,1.9906759262085
2.90822916666667,1.9870400428772
2.9115625,1.98376178741455
2.91489583333333,1.98096036911011
2.91822916666667,1.97851657867432
2.9215625,1.97649002075195
2.92489583333333,1.97482109069824
2.92822916666667,1.97356939315796
2.9315625,1.97267532348633
2.93489583333333,1.97213888168335
2.93822916666667,1.9720196723938
2.9415625,1.97231769561768
2.94489583333333,1.97297334671021
2.94822916666667,1.97404623031616
2.9515625,1.975417137146
2.95489583333333,1.97702646255493
2.95822916666667,1.97899341583252
2.9615625,1.98107957839966
2.96489583333333,1.98328495025635
2.96822916666667,1.98560953140259
2.9715625,1.98793411254883
2.97489583333333,1.99031829833984
2.97822916666667,1.99270248413086
2.9815625,1.9950270652771
2.98489583333333,1.99741125106812
2.98822916666667,1.99985504150391
2.9915625,2.0022988319397
2.99489583333333,2.00486183166504
2.99822916666667,2.00748443603516
3.0015625,2.01022624969482
3.00489583333333,2.01308727264404
3.00822916666667,2.01612710952759
3.0115625,2.01928615570068
3.01489583333333,2.02262401580811
3.01822916666667,2.02614068984985
3.0215625,2.02983617782593
3.02489583333333,2.03371047973633
3.02822916666667,2.03776359558105
3.0315625,2.04199552536011
3.03489583333333,2.04634666442871
3.03822916666667,2.05087661743164
3.0415625,2.05552577972412
3.04489583333333,2.06035375595093
3.04822916666667,2.06530094146729
3.0515625,2.07030773162842
3.05489583333333,2.07537412643433
3.05822916666667,2.08044052124023
3.0615625,2.08544731140137
3.06489583333333,2.0904541015625
3.06822916666667,2.09522247314453
3.0715625,2.09981203079224
3.07489583333333,2.10416316986084
3.07822916666667,2.10821628570557
3.0815625,2.11197137832642
3.08489583333333,2.11530923843384
3.08822916666667,2.11840867996216
3.0915625,2.12109088897705
3.09489583333333,2.12341547012329
3.09822916666667,2.12538242340088
3.1015625,2.12699174880981
3.10489583333333,2.12818384170532
3.10822916666667,2.12901830673218
3.1115625,2.12949514389038
3.11489583333333,2.12961435317993
3.11822916666667,2.12937593460083
3.1215625,2.12877988815308
3.12489583333333,2.12794542312622
3.12822916666667,2.12693214416504
3.1315625,2.12574005126953
3.13489583333333,2.12448835372925
3.13822916666667,2.12329626083374
3.1415625,2.12216377258301
3.14489583333333,2.12115049362183
3.14822916666667,2.12037563323975
3.1515625,2.11983919143677
3.15489583333333,2.11954116821289
3.15822916666667,2.11954116821289
3.1615625,2.11989879608154
3.16489583333333,2.1204948425293
3.16822916666667,2.12150812149048
3.1715625,2.12275981903076
3.17489583333333,2.12442874908447
3.17822916666667,2.12639570236206
3.1815625,2.12866067886353
3.18489583333333,2.13122367858887
3.18822916666667,2.13402509689331
3.1915625,2.13700532913208
3.19489583333333,2.1401047706604
3.19822916666667,2.14332342147827
3.2015625,2.14648246765137
3.20489583333333,2.14958190917969
3.20822916666667,2.15250253677368
3.2115625,2.15524435043335
3.21489583333333,2.15774774551392
3.21822916666667,2.15989351272583
3.2215625,2.16174125671387
3.22489583333333,2.16323137283325
3.22822916666667,2.16430425643921
3.2315625,2.16501951217651
3.23489583333333,2.16531753540039
3.23822916666667,2.16525793075562
3.2415625,2.16484069824219
3.24489583333333,2.16406583786011
3.24822916666667,2.16293334960938
3.2515625,2.16150283813477
3.25489583333333,2.15977430343628
3.25822916666667,2.15786695480347
3.2615625,2.15578079223633
3.26489583333333,2.15357542037964
3.26822916666667,2.1512508392334
3.2715625,2.14898586273193
3.27489583333333,2.14666128158569
3.27822916666667,2.14439630508423
3.2815625,2.14225053787231
3.28489583333333,2.14022397994995
3.28822916666667,2.13837623596191
3.2915625,2.1367073059082
3.29489583333333,2.13521718978882
3.29822916666667,2.13390588760376
3.3015625,2.13271379470825
3.30489583333333,2.13170051574707
3.30822916666667,2.13074684143066
3.3115625,2.12979316711426
3.31489583333333,2.12883949279785
3.31822916666667,2.12788581848145
3.3215625,2.12687253952026
3.32489583333333,2.12579965591431
3.32822916666667,2.12466716766357
3.3315625,2.12353467941284
3.33489583333333,2.12240219116211
3.33822916666667,2.12132930755615
3.3415625,2.12031602859497
3.34489583333333,2.11936235427856
3.34822916666667,2.11858749389648
3.3515625,2.11793184280396
3.35489583333333,2.11745500564575
3.35822916666667,2.11721658706665
3.3615625,2.11721658706665
3.36489583333333,2.11751461029053
3.36822916666667,2.11822986602783
3.3715625,2.11942195892334
3.37489583333333,2.1212100982666
3.37822916666667,2.12359428405762
3.3815625,2.12675333023071
3.38489583333333,2.13062763214111
3.38822916666667,2.13533639907837
3.3915625,2.14093923568726
3.39489583333333,2.14743614196777
3.39822916666667,2.15476751327515
3.4015625,2.16299295425415
3.40489583333333,2.17205286026001
3.40822916666667,2.18194723129272
3.4115625,2.19261646270752
3.41489583333333,2.20406055450439
3.41822916666667,2.21610069274902
3.4215625,2.22879648208618
3.42489583333333,2.24196910858154
3.42822916666667,2.25561857223511
3.4315625,2.26956605911255
3.43489583333333,2.28381156921387
3.43822916666667,2.29817628860474
3.4415625,2.31260061264038
3.44489583333333,2.32690572738647
3.44822916666667,2.34109163284302
3.4515625,2.35497951507568
3.45489583333333,2.3685097694397
3.45822916666667,2.38156318664551
3.4615625,2.39419937133789
3.46489583333333,2.40617990493774
3.46822916666667,2.41762399673462
3.4715625,2.42847204208374
3.47489583333333,2.43872404098511
3.47822916666667,2.4484395980835
3.4815625,2.45749950408936
3.48489583333333,2.46608257293701
3.48822916666667,2.47412919998169
3.4915625,2.48169898986816
3.49489583333333,2.48885154724121
3.49822916666667,2.49558687210083
3.5015625,2.50190496444702
3.50489583333333,2.50780582427979
3.50822916666667,2.51328945159912
3.5115625,2.51835584640503
3.51489583333333,2.52288579940796
3.51822916666667,2.52693891525269
3.5215625,2.53039598464966
3.52489583333333,2.5331974029541
3.52822916666667,2.53540277481079
3.5315625,2.53677368164063
3.53489583333333,2.53736972808838
3.53822916666667,2.53701210021973
3.5415625,2.53570079803467
3.54489583333333,2.53331661224365
3.54822916666667,2.52974033355713
3.5515625,2.5249719619751
3.55489583333333,2.51895189285278
3.55822916666667,2.51168012619019
3.5615625,2.5031566619873
3.56489583333333,2.49332189559937
3.56822916666667,2.48229503631592
3.5715625,2.47007608413696
3.57489583333333,2.45678424835205
3.57822916666667,2.44241952896118
3.5815625,2.42710113525391
3.58489583333333,2.410888671875
3.58822916666667,2.39390134811401
3.5915625,2.37619876861572
3.59489583333333,2.35790014266968
3.59822916666667,2.33918428421021
3.6015625,2.3200511932373
3.60489583333333,2.3006796836853
3.60822916666667,2.28112936019897
3.6115625,2.2614598274231
3.61489583333333,2.24179029464722
3.61822916666667,2.22212076187134
3.6215625,2.20251083374023
3.62489583333333,2.18290090560913
3.62822916666667,2.16341018676758
3.6315625,2.14391946792603
3.63489583333333,2.12454795837402
3.63822916666667,2.10529565811157
3.6415625,2.0861029624939
3.64489583333333,2.06702947616577
3.64822916666667,2.04813480377197
3.6515625,2.02935934066772
3.65489583333333,2.0107626914978
3.65822916666667,1.99240446090698
3.6615625,1.97416543960571
3.66489583333333,1.95610523223877
3.66822916666667,1.93816423416138
3.6715625,1.92040205001831
3.67489583333333,1.90281867980957
3.67822916666667,1.88535451889038
3.6815625,1.86800956726074
3.68489583333333,1.85078382492065
3.68822916666667,1.83379650115967
3.6915625,1.81704759597778
3.69489583333333,1.80059671401978
3.69822916666667,1.7845630645752
3.7015625,1.76894664764404
3.70489583333333,1.75392627716064
3.70822916666667,1.73944234848022
3.7115625,1.72561407089233
3.71489583333333,1.71250104904175
3.71822916666667,1.70016288757324
3.7215625,1.68853998184204
3.72489583333333,1.67763233184814
3.72822916666667,1.66749954223633
3.7315625,1.65802240371704
3.73489583333333,1.64926052093506
3.73822916666667,1.64115428924561
3.7415625,1.63364410400391
3.74489583333333,1.62672996520996
3.74822916666667,1.62035226821899
3.7515625,1.61445140838623
3.75489583333333,1.60896778106689
3.75822916666667,1.60384178161621
3.7615625,1.59907341003418
3.76489583333333,1.59460306167603
3.76822916666667,1.59037113189697
3.7715625,1.58631801605225
3.77489583333333,1.58244371414185
3.77822916666667,1.57862901687622
3.7815625,1.57499313354492
3.78489583333333,1.5714168548584
3.78822916666667,1.56790018081665
3.7915625,1.5643835067749
3.79489583333333,1.56092643737793
3.79822916666667,1.55746936798096
3.8015625,1.55407190322876
3.80489583333333,1.55067443847656
3.80822916666667,1.54733657836914
3.8115625,1.54417753219604
3.81489583333333,1.5411376953125
3.81822916666667,1.53833627700806
3.8215625,1.53571367263794
3.82489583333333,1.53344869613647
3.82822916666667,1.53148174285889
3.8315625,1.52987241744995
3.83489583333333,1.52868032455444
3.83822916666667,1.52784585952759
3.8415625,1.52742862701416
3.84489583333333,1.52736902236938
3.84822916666667,1.52772665023804
3.8515625,1.52838230133057
3.85489583333333,1.52939558029175
3.85822916666667,1.53064727783203
3.8615625,1.53219699859619
3.86489583333333,1.53392553329468
3.86822916666667,1.53577327728271
3.8715625,1.53768062591553
3.87489583333333,1.53964757919312
3.87822916666667,1.5416145324707
3.8815625,1.54352188110352
3.88489583333333,1.54536962509155
3.88822916666667,1.54709815979004
3.8915625,1.54870748519897
3.89489583333333,1.55013799667358
3.89822916666667,1.55138969421387
3.9015625,1.5525221824646
3.90489583333333,1.55347585678101
3.90822916666667,1.55436992645264
3.9115625,1.55514478683472
3.91489583333333,1.5559196472168
3.91822916666667,1.55669450759888
3.9215625,1.55758857727051
3.92489583333333,1.55860185623169
3.92822916666667,1.5597939491272
3.9315625,1.56122446060181
3.93489583333333,1.56289339065552
3.93822916666667,1.56480073928833
3.9415625,1.56706571578979
3.94489583333333,1.56962871551514
3.94822916666667,1.57243013381958
3.9515625,1.57558917999268
3.95489583333333,1.57898664474487
3.95822916666667,1.5825629234314
3.9615625,1.5864372253418
3.96489583333333,1.59043073654175
3.96822916666667,1.59448385238647
3.9715625,1.5985369682312
3.97489583333333,1.60253047943115
3.97822916666667,1.60640478134155
3.9815625,1.61010026931763
3.98489583333333,1.6135573387146
3.98822916666667,1.6167163848877
3.9915625,1.61957740783691
3.99489583333333,1.62214040756226
3.99822916666667,1.62434577941895
4.0015625,1.62631273269653
4.00489583333333,1.62804126739502
4.00822916666667,1.62947177886963
4.0115625,1.63078308105469
4.01489583333333,1.63191556930542
4.01822916666667,1.6329288482666
4.0215625,1.63388252258301
4.02489583333333,1.63489580154419
4.02822916666667,1.63602828979492
4.0315625,1.63722038269043
4.03489583333333,1.63865089416504
4.03822916666667,1.64031982421875
4.0415625,1.64222717285156
4.04489583333333,1.64443254470825
4.04822916666667,1.64687633514404
4.0515625,1.64961814880371
4.05489583333333,1.65259838104248
4.05822916666667,1.65581703186035
4.0615625,1.65921449661255
4.06489583333333,1.66285037994385
4.06822916666667,1.66666507720947
4.0715625,1.6707181930542
4.07489583333333,1.67489051818848
4.07822916666667,1.6791820526123
4.0815625,1.68365240097046
4.08489583333333,1.68824195861816
4.08822916666667,1.69289112091064
4.0915625,1.6975998878479
4.09489583333333,1.70236825942993
4.09822916666667,1.70701742172241
4.1015625,1.71166658401489
4.10489583333333,1.7162561416626
4.10822916666667,1.72072649002075
4.1115625,1.72501802444458
4.11489583333333,1.72924995422363
4.11822916666667,1.73324346542358
4.1215625,1.73705816268921
4.12489583333333,1.74069404602051
4.12822916666667,1.74415111541748
4.1315625,1.74742937088013
4.13489583333333,1.75058841705322
4.13822916666667,1.75356864929199
4.1415625,1.75637006759644
4.14489583333333,1.7591118812561
4.14822916666667,1.76167488098145
4.1515625,1.76411867141724
4.15489583333333,1.76644325256348
4.15822916666667,1.76852941513062
4.1615625,1.77043676376343
4.16489583333333,1.77210569381714
4.16822916666667,1.77347660064697
4.1715625,1.77443027496338
4.17489583333333,1.77502632141113
4.17822916666667,1.77520513534546
4.1815625,1.77484750747681
4.18489583333333,1.77407264709473
4.18822916666667,1.77270174026489
4.1915625,1.77085399627686
4.19489583333333,1.76835060119629
4.19822916666667,1.76531076431274
4.2015625,1.76173448562622
4.20489583333333,1.75756216049194
4.20822916666667,1.75285339355469
4.2115625,1.74766778945923
4.21489583333333,1.74212455749512
4.21822916666667,1.73622369766235
4.2215625,1.73008441925049
4.22489583333333,1.72382593154907
4.22822916666667,1.71750783920288
4.2315625,1.71130895614624
4.23489583333333,1.70522928237915
4.23822916666667,1.69938802719116
4.2415625,1.69384479522705
4.24489583333333,1.68871879577637
4.24822916666667,1.68395042419434
4.2515625,1.67953968048096
4.25489583333333,1.67560577392578
4.25822916666667,1.67196989059448
4.2615625,1.66875123977661
4.26489583333333,1.66577100753784
4.26822916666667,1.66308879852295
4.2715625,1.66058540344238
4.27489583333333,1.65832042694092
4.27822916666667,1.656174659729
4.2815625,1.65414810180664
4.28489583333333,1.65224075317383
4.28822916666667,1.65039300918579
4.2915625,1.6486644744873
4.29489583333333,1.64687633514404
4.29822916666667,1.64520740509033
4.3015625,1.64353847503662
4.30489583333333,1.64186954498291
4.30822916666667,1.64026021957397
4.3115625,1.63865089416504
4.31489583333333,1.63716077804565
4.31822916666667,1.63578987121582
4.3215625,1.63453817367554
4.32489583333333,1.63346529006958
4.32822916666667,1.6326904296875
4.3315625,1.63215398788452
4.33489583333333,1.63203477859497
4.33822916666667,1.63227319717407
4.3415625,1.63298845291138
4.34489583333333,1.63418054580688
4.34822916666667,1.63590908050537
4.3515625,1.63823366165161
4.35489583333333,1.64103507995605
4.35822916666667,1.64443254470825
4.3615625,1.64836645126343
4.36489583333333,1.65271759033203
4.36822916666667,1.65754556655884
4.3715625,1.66279077529907
4.37489583333333,1.66827440261841
4.37822916666667,1.67399644851685
4.3815625,1.67989730834961
4.38489583333333,1.68591737747192
4.38822916666667,1.69187784194946
4.3915625,1.697838306427
4.39489583333333,1.70361995697021
4.39822916666667,1.70928239822388
4.4015625,1.71476602554321
4.40489583333333,1.72001123428345
4.40822916666667,1.72501802444458
4.4115625,1.72990560531616
4.41489583333333,1.73461437225342
4.41822916666667,1.73914432525635
4.4215625,1.74355506896973
4.42489583333333,1.74784660339355
4.42822916666667,1.75207853317261
4.4315625,1.75613164901733
4.43489583333333,1.76012516021729
4.43822916666667,1.76399946212769
4.4415625,1.76775455474854
4.44489583333333,1.77133083343506
4.44822916666667,1.77472829818726
4.4515625,1.77794694900513
4.45489583333333,1.78098678588867
4.45822916666667,1.78372859954834
4.4615625,1.78611278533936
4.46489583333333,1.78819894790649
4.46822916666667,1.78986787796021
4.4715625,1.79105997085571
4.47489583333333,1.79165601730347
4.47822916666667,1.79165601730347
4.4815625,1.79100036621094
4.48489583333333,1.78968906402588
4.48822916666667,1.78760290145874
4.4915625,1.7848014831543
4.49489583333333,1.78122520446777
4.49822916666667,1.77699327468872
4.5015625,1.77198648452759
4.50489583333333,1.7663836479187
4.50822916666667,1.76018476486206
4.5115625,1.75350904464722
4.51489583333333,1.74641609191895
4.51822916666667,1.73908472061157
4.5215625,1.73157453536987
4.52489583333333,1.72394514083862
4.52822916666667,1.71637535095215
4.5315625,1.70886516571045
4.53489583333333,1.70153379440308
4.53822916666667,1.69432163238525
4.5415625,1.68728828430176
4.54489583333333,1.68043375015259
4.54822916666667,1.67369842529297
4.5515625,1.6670823097229
4.55489583333333,1.66040658950806
4.55822916666667,1.65373086929321
4.5615625,1.64699554443359
4.56489583333333,1.64014101028442
4.56822916666667,1.6331672668457
4.5715625,1.62601470947266
4.57489583333333,1.61868333816528
4.57822916666667,1.61117315292358
4.5815625,1.60354375839233
4.58489583333333,1.59573554992676
4.58822916666667,1.58780813217163
4.5915625,1.5798807144165
4.59489583333333,1.57195329666138
4.59822916666667,1.56408548355103
4.6015625,1.556396484375
4.60489583333333,1.54894590377808
4.60822916666667,1.54173374176025
4.6115625,1.53487920761108
4.61489583333333,1.52850151062012
4.61822916666667,1.52260065078735
4.6215625,1.51717662811279
4.62489583333333,1.51228904724121
4.62822916666667,1.50793790817261
4.6315625,1.50412321090698
4.63489583333333,1.50084495544434
4.63822916666667,1.49810314178467
4.6415625,1.4958381652832
4.64489583333333,1.49399042129517
4.64822916666667,1.49261951446533
4.6515625,1.49154663085938
4.65489583333333,1.49077177047729
4.65822916666667,1.49029493331909
4.6615625,1.48999691009521
4.66489583333333,1.48993730545044
4.66822916666667,1.48993730545044
4.6715625,1.48999691009521
4.67489583333333,1.49017572402954
4.67822916666667,1.49029493331909
4.6815625,1.49047374725342
4.68489583333333,1.49059295654297
4.68822916666667,1.49071216583252
4.6915625,1.49089097976685
4.69489583333333,1.49106979370117
4.69822916666667,1.49130821228027
4.7015625,1.49166584014893
4.70489583333333,1.49214267730713
4.70822916666667,1.49279832839966
4.7115625,1.49369239807129
4.71489583333333,1.49476528167725
4.71822916666667,1.4960765838623
4.7215625,1.49762630462646
4.72489583333333,1.49929523468018
4.72822916666667,1.50114297866821
4.7315625,1.5031099319458
4.73489583333333,1.50507688522339
4.73822916666667,1.50704383850098
4.7415625,1.50895118713379
4.74489583333333,1.51073932647705
4.74822916666667,1.51228904724121
4.7515625,1.51371955871582
4.75489583333333,1.51485204696655
4.75822916666667,1.51580572128296
4.7615625,1.51640176773071
4.76489583333333,1.51675939559937
4.76822916666667,1.51681900024414
4.7715625,1.51652097702026
4.77489583333333,1.51592493057251
4.77822916666667,1.51509046554565
4.7815625,1.51395797729492
4.78489583333333,1.51270627975464
4.78822916666667,1.51127576828003
4.7915625,1.5099048614502
4.79489583333333,1.50847434997559
4.79822916666667,1.5072226524353
4.8015625,1.50614976882935
4.80489583333333,1.50531530380249
4.80822916666667,1.50465965270996
4.8115625,1.50424242019653
4.81489583333333,1.50406360626221
4.81822916666667,1.50406360626221
4.8215625,1.50418281555176
4.82489583333333,1.50430202484131
4.82822916666667,1.50442123413086
4.8315625,1.50442123413086
4.83489583333333,1.50430202484131
4.83822916666667,1.50394439697266
4.8415625,1.50328874588013
4.84489583333333,1.50233507156372
4.84822916666667,1.50102376937866
4.8515625,1.4994740486145
4.85489583333333,1.49756669998169
4.85822916666667,1.49542093276978
4.8615625,1.49303674697876
4.86489583333333,1.49053335189819
4.86822916666667,1.48791074752808
4.8715625,1.48534774780273
4.87489583333333,1.48278474807739
4.87822916666667,1.48028135299683
4.8815625,1.47801637649536
4.88489583333333,1.47593021392822
4.88822916666667,1.47408246994019
4.8915625,1.47247314453125
4.89489583333333,1.47110223770142
4.89822916666667,1.47002935409546
4.9015625,1.4691948890686
4.90489583333333,1.46859884262085
4.90822916666667,1.46812200546265
4.9115625,1.46782398223877
4.91489583333333,1.46752595901489
4.91822916666667,1.46728754043579
4.9215625,1.46698951721191
4.92489583333333,1.46657228469849
4.92822916666667,1.46603584289551
4.9315625,1.4653205871582
4.93489583333333,1.46442651748657
4.93822916666667,1.46329402923584
4.9415625,1.46204233169556
4.94489583333333,1.46055221557617
4.94822916666667,1.45894289016724
4.9515625,1.45721435546875
4.95489583333333,1.45542621612549
4.95822916666667,1.45363807678223
4.9615625,1.45184993743896
4.96489583333333,1.45018100738525
4.96822916666667,1.44863128662109
4.9715625,1.44720077514648
4.97489583333333,1.44600868225098
4.97822916666667,1.44499540328979
4.9815625,1.44416093826294
4.98489583333333,1.44356489181519
4.98822916666667,1.44314765930176
4.9915625,1.44290924072266
4.99489583333333,1.44273042678833
4.99822916666667,1.44267082214355
5.0015625,1.442551612854
5.00489583333333,1.44243240356445
5.00822916666667,1.44225358963013
5.0115625,1.44189596176147
5.01489583333333,1.44129991531372
5.01822916666667,1.44052505493164
5.0215625,1.43951177597046
5.02489583333333,1.43826007843018
5.02822916666667,1.43682956695557
5.0315625,1.43527984619141
5.03489583333333,1.43355131149292
5.03822916666667,1.43182277679443
5.0415625,1.43009424209595
5.04489583333333,1.42836570739746
5.04822916666667,1.42675638198853
5.0515625,1.42526626586914
5.05489583333333,1.42395496368408
5.05822916666667,1.42282247543335
5.0615625,1.42192840576172
5.06489583333333,1.42127275466919
5.06822916666667,1.42085552215576
5.0715625,1.42073631286621
5.07489583333333,1.42085552215576
5.07822916666667,1.42127275466919
5.0815625,1.42186880111694
5.08489583333333,1.4227032661438
5.08822916666667,1.42359733581543
5.0915625,1.42461061477661
5.09489583333333,1.42562389373779
5.09822916666667,1.42651796340942
5.1015625,1.4272928237915
5.10489583333333,1.42788887023926
5.10822916666667,1.42818689346313
5.1115625,1.42830610275269
5.11489583333333,1.42824649810791
5.11822916666667,1.42794847488403
5.1215625,1.42747163772583
5.12489583333333,1.42693519592285
5.12822916666667,1.4263391494751
5.1315625,1.42568349838257
5.13489583333333,1.42508745193481
5.13822916666667,1.42455101013184
5.1415625,1.42419338226318
5.14489583333333,1.42395496368408
5.14822916666667,1.42389535903931
5.1515625,1.42401456832886
5.15489583333333,1.42431259155273
5.15822916666667,1.42478942871094
5.1615625,1.42544507980347
5.16489583333333,1.42621994018555
5.16822916666667,1.42699480056763
5.1715625,1.42771005630493
5.17489583333333,1.42824649810791
5.17822916666667,1.42860412597656
5.1815625,1.42860412597656
5.18489583333333,1.42830610275269
5.18822916666667,1.42759084701538
5.1915625,1.4265775680542
5.19489583333333,1.42514705657959
5.19822916666667,1.42347812652588
5.2015625,1.42157077789307
5.20489583333333,1.4195442199707
5.20822916666667,1.41739845275879
5.2115625,1.4151930809021
5.21489583333333,1.41298770904541
5.21822916666667,1.41090154647827
5.2215625,1.40887498855591
5.22489583333333,1.4069676399231
5.22822916666667,1.40517950057983
5.2315625,1.4035701751709
5.23489583333333,1.40202045440674
5.23822916666667,1.40058994293213
5.2415625,1.39927864074707
5.24489583333333,1.39796733856201
5.24822916666667,1.39665603637695
5.2515625,1.39528512954712
5.25489583333333,1.39385461807251
5.25822916666667,1.39230489730835
5.2615625,1.39063596725464
5.26489583333333,1.38884782791138
5.26822916666667,1.38694047927856
5.2715625,1.3849139213562
5.27489583333333,1.38270854949951
5.27822916666667,1.38044357299805
5.2815625,1.37805938720703
5.28489583333333,1.37555599212646
5.28822916666667,1.37299299240112
5.2915625,1.37037038803101
5.29489583333333,1.36768817901611
5.29822916666667,1.365065574646
5.3015625,1.36244297027588
5.30489583333333,1.35987997055054
5.30822916666667,1.35749578475952
5.3115625,1.35535001754761
5.31489583333333,1.35338306427002
5.31822916666667,1.35165452957153
5.3215625,1.35022401809692
5.32489583333333,1.34903192520142
5.32822916666667,1.34801864624023
5.3315625,1.3471245765686
5.33489583333333,1.34634971618652
5.33822916666667,1.34551525115967
5.3415625,1.34468078613281
5.34489583333333,1.34366750717163
5.34822916666667,1.34247541427612
5.3515625,1.34104490280151
5.35489583333333,1.3393759727478
5.35822916666667,1.33752822875977
5.3615625,1.33544206619263
5.36489583333333,1.33329629898071
5.36822916666667,1.33109092712402
5.3715625,1.32882595062256
5.37489583333333,1.32668018341064
5.37822916666667,1.32465362548828
5.3815625,1.32274627685547
5.38489583333333,1.32107734680176
5.38822916666667,1.31964683532715
5.3915625,1.31851434707642
5.39489583333333,1.31767988204956
5.39822916666667,1.31714344024658
5.4015625,1.31684541702271
5.40489583333333,1.31690502166748
5.40822916666667,1.31720304489136
5.4115625,1.31767988204956
5.41489583333333,1.31839513778687
5.41822916666667,1.31922960281372
5.4215625,1.32012367248535
5.42489583333333,1.32113695144653
5.42822916666667,1.32215023040771
5.4315625,1.3231635093689
5.43489583333333,1.3241171836853
5.43822916666667,1.32501125335693
5.4415625,1.32590532302856
5.44489583333333,1.32668018341064
5.44822916666667,1.32745504379272
5.4515625,1.32811069488525
5.45489583333333,1.32870674133301
5.45822916666667,1.32936239242554
5.4615625,1.32995843887329
5.46489583333333,1.33055448532104
5.46822916666667,1.33121013641357
5.4715625,1.33198499679565
5.47489583333333,1.33281946182251
5.47822916666667,1.33371353149414
5.4815625,1.3347864151001
5.48489583333333,1.33585929870605
5.48822916666667,1.33699178695679
5.4915625,1.33818387985229
5.49489583333333,1.33925676345825
5.49822916666667,1.34027004241943
5.5015625,1.34116411209106
5.50489583333333,1.34181976318359
5.50822916666667,1.34217739105225
5.5115625,1.3422966003418
5.51489583333333,1.34211778640747
5.51822916666667,1.34164094924927
5.5215625,1.34086608886719
5.52489583333333,1.33991241455078
5.52822916666667,1.33872032165527
5.5315625,1.33740901947021
5.53489583333333,1.33597850799561
5.53822916666667,1.334547996521
5.5415625,1.33317708969116
5.54489583333333,1.3318657875061
5.54822916666667,1.33073329925537
5.5515625,1.32977962493896
5.55489583333333,1.32900476455688
5.55822916666667,1.32834911346436
5.5615625,1.32793188095093
5.56489583333333,1.32769346237183
5.56822916666667,1.3275146484375
5.5715625,1.32745504379272
5.57489583333333,1.32745504379272
5.57822916666667,1.32745504379272
5.5815625,1.32745504379272
5.58489583333333,1.32739543914795
5.58822916666667,1.3272762298584
5.5915625,1.32709741592407
5.59489583333333,1.3267993927002
5.59822916666667,1.32638216018677
5.6015625,1.32590532302856
5.60489583333333,1.32530927658081
5.60822916666667,1.32471323013306
5.6115625,1.32405757904053
5.61489583333333,1.32334232330322
5.61822916666667,1.32256746292114
5.6215625,1.32185220718384
5.62489583333333,1.32113695144653
5.62822916666667,1.32042169570923
5.6315625,1.31970643997192
5.63489583333333,1.31899118423462
5.63822916666667,1.31827592849731
5.6415625,1.31744146347046
5.64489583333333,1.3166069984436
5.64822916666667,1.3156533241272
5.6515625,1.31464004516602
5.65489583333333,1.31350755691528
5.65822916666667,1.31219625473022
5.6615625,1.31070613861084
5.66489583333333,1.30903720855713
5.66822916666667,1.30724906921387
5.6715625,1.30516290664673
5.67489583333333,1.30289793014526
5.67822916666667,1.3003945350647
5.6815625,1.2977123260498
5.68489583333333,1.29485130310059
5.68822916666667,1.29187107086182
5.6915625,1.2887716293335
5.69489583333333,1.28573179244995
5.69822916666667,1.28269195556641
5.7015625,1.27983093261719
5.70489583333333,1.27714872360229
5.70822916666667,1.27476453781128
5.7115625,1.27267837524414
5.71489583333333,1.27089023590088
5.71822916666667,1.26951932907104
5.7215625,1.26838684082031
5.72489583333333,1.26761198043823
5.72822916666667,1.26701593399048
5.7315625,1.26653909683228
5.73489583333333,1.26618146896362
5.73822916666667,1.2657642364502
5.7415625,1.26528739929199
5.74489583333333,1.26475095748901
5.74822916666667,1.26403570175171
5.7515625,1.26320123672485
5.75489583333333,1.26224756240845
5.75822916666667,1.26129388809204
5.7615625,1.26028060913086
5.76489583333333,1.25932693481445
5.76822916666667,1.25843286514282
5.7715625,1.25771760940552
5.77489583333333,1.25712156295776
5.77822916666667,1.25670433044434
5.7815625,1.25646591186523
5.78489583333333,1.25634670257568
5.78822916666667,1.25640630722046
5.7915625,1.25646591186523
5.79489583333333,1.25658512115479
5.79822916666667,1.25670433044434
5.8015625,1.25682353973389
5.80489583333333,1.25688314437866
5.80822916666667,1.25682353973389
5.8115625,1.25664472579956
5.81489583333333,1.25640630722046
5.81822916666667,1.25604867935181
5.8215625,1.25551223754883
5.82489583333333,1.25491619110107
5.82822916666667,1.25420093536377
5.8315625,1.25336647033691
5.83489583333333,1.25247240066528
5.83822916666667,1.2514591217041
5.8415625,1.25044584274292
5.84489583333333,1.24931335449219
5.84822916666667,1.24824047088623
5.8515625,1.24716758728027
5.85489583333333,1.24609470367432
5.85822916666667,1.24514102935791
5.8615625,1.24424695968628
5.86489583333333,1.24353170394897
5.86822916666667,1.24293565750122
5.8715625,1.24251842498779
5.87489583333333,1.24228000640869
5.87822916666667,1.24210119247437
5.8815625,1.24204158782959
5.88489583333333,1.24198198318481
5.88822916666667,1.24198198318481
5.8915625,1.24186277389526
5.89489583333333,1.24168395996094
5.89822916666667,1.24132633209229
5.9015625,1.24090909957886
5.90489583333333,1.2403130531311
5.90822916666667,1.2395977973938
5.9115625,1.23882293701172
5.91489583333333,1.23792886734009
5.91822916666667,1.23703479766846
5.9215625,1.23614072799683
5.92489583333333,1.2352466583252
5.92822916666667,1.23441219329834
5.9315625,1.23369693756104
5.93489583333333,1.23304128646851
5.93822916666667,1.23244524002075
5.9415625,1.23196840286255
5.94489583333333,1.23155117034912
5.94822916666667,1.23119354248047
5.9515625,1.23083591461182
5.95489583333333,1.23047828674316
5.95822916666667,1.23012065887451
5.9615625,1.22970342636108
5.96489583333333,1.22922658920288
5.96822916666667,1.2286901473999
5.9715625,1.22809410095215
5.97489583333333,1.22743844985962
5.97822916666667,1.22672319412231
5.9815625,1.22600793838501
5.98489583333333,1.22523307800293
5.98822916666667,1.22445821762085
5.9915625,1.22374296188354
5.99489583333333,1.22308731079102
5.99822916666667,1.22255086898804
6.0015625,1.22219324111938
6.00489583333333,1.22189521789551
6.00822916666667,1.22183561325073
6.0115625,1.22195482254028
6.01489583333333,1.22219324111938
6.01822916666667,1.22267007827759
6.0215625,1.22326612472534
6.02489583333333,1.22398138046265
6.02822916666667,1.2248158454895
6.0315625,1.22570991516113
6.03489583333333,1.22666358947754
6.03822916666667,1.22767686843872
6.0415625,1.22874975204468
6.04489583333333,1.22982263565063
6.04822916666667,1.23095512390137
6.0515625,1.23214721679688
6.05489583333333,1.23333930969238
6.05822916666667,1.23453140258789
6.0615625,1.2357234954834
6.06489583333333,1.23697519302368
6.06822916666667,1.23816728591919
6.0715625,1.23941898345947
6.07489583333333,1.24067068099976
6.07822916666667,1.24186277389526
6.0815625,1.24311447143555
6.08489583333333,1.24442577362061
6.08822916666667,1.24579668045044
6.0915625,1.24728679656982
6.09489583333333,1.24883651733398
6.09822916666667,1.25044584274292
6.1015625,1.25217437744141
6.10489583333333,1.25390291213989
6.10822916666667,1.25563144683838
6.1115625,1.25730037689209
6.11489583333333,1.25885009765625
6.11822916666667,1.26028060913086
6.1215625,1.26141309738159
6.12489583333333,1.26230716705322
6.12822916666667,1.26290321350098
6.1315625,1.26320123672485
6.13489583333333,1.26320123672485
6.13822916666667,1.26290321350098
6.1415625,1.26230716705322
6.14489583333333,1.26159191131592
6.14822916666667,1.26063823699951
6.1515625,1.25962495803833
6.15489583333333,1.25861167907715
6.15822916666667,1.25759840011597
6.1615625,1.25658512115479
6.16489583333333,1.25569105148315
6.16822916666667,1.2548565864563
6.1715625,1.25414133071899
6.17489583333333,1.25354528427124
6.17822916666667,1.25300884246826
6.1815625,1.25253200531006
6.18489583333333,1.25205516815186
6.18822916666667,1.25151872634888
6.1915625,1.25092267990112
6.19489583333333,1.25026702880859
6.19822916666667,1.24937295913696
6.2015625,1.24835968017578
6.20489583333333,1.24716758728027
6.20822916666667,1.24573707580566
6.2115625,1.2441873550415
6.21489583333333,1.24245882034302
6.21822916666667,1.24067068099976
6.2215625,1.23870372772217
6.22489583333333,1.23673677444458
6.22822916666667,1.23471021652222
6.2315625,1.23268365859985
6.23489583333333,1.23059749603271
6.23822916666667,1.22851133346558
6.2415625,1.22630596160889
6.24489583333333,1.2241005897522
6.24822916666667,1.22183561325073
6.2515625,1.21939182281494
6.25489583333333,1.2168288230896
6.25822916666667,1.21414661407471
6.2615625,1.21122598648071
6.26489583333333,1.20818614959717
6.26822916666667,1.2049674987793
6.2715625,1.2015700340271
6.27489583333333,1.19805335998535
6.27822916666667,1.19447708129883
6.2815625,1.19078159332275
6.28489583333333,1.18708610534668
6.28822916666667,1.18339061737061
6.2915625,1.17975473403931
6.29489583333333,1.17617845535278
6.29822916666667,1.17266178131104
6.3015625,1.16920471191406
6.30489583333333,1.16586685180664
6.30822916666667,1.16258859634399
6.3115625,1.1594295501709
6.31489583333333,1.15633010864258
6.31822916666667,1.15323066711426
6.3215625,1.15019083023071
6.32489583333333,1.14721059799194
6.32822916666667,1.14423036575317
6.3315625,1.14119052886963
6.33489583333333,1.13815069198608
6.33822916666667,1.13517045974731
6.3415625,1.13213062286377
6.34489583333333,1.12909078598022
6.34822916666667,1.12605094909668
6.3515625,1.12307071685791
6.35489583333333,1.12015008926392
6.35822916666667,1.11734867095947
6.3615625,1.11466646194458
6.36489583333333,1.11222267150879
6.36822916666667,1.1100172996521
6.3715625,1.10799074172974
6.37489583333333,1.1063814163208
6.37822916666667,1.10507011413574
6.3815625,1.10411643981934
6.38489583333333,1.10352039337158
6.38822916666667,1.10334157943726
6.3915625,1.10357999801636
6.39489583333333,1.10411643981934
6.39822916666667,1.10501050949097
6.4015625,1.1061429977417
6.40489583333333,1.10745429992676
6.40822916666667,1.10894441604614
6.4115625,1.11055374145508
6.41489583333333,1.11222267150879
6.41822916666667,1.11395120620728
6.4215625,1.11567974090576
6.42489583333333,1.1175274848938
6.42822916666667,1.11943483352661
6.4315625,1.12152099609375
6.43489583333333,1.12372636795044
6.43822916666667,1.12605094909668
6.4415625,1.12861394882202
6.44489583333333,1.13123655319214
6.44822916666667,1.13391876220703
6.4515625,1.1366605758667
6.45489583333333,1.13928318023682
6.45822916666667,1.14178657531738
6.4615625,1.14405155181885
6.46489583333333,1.14607810974121
6.46822916666667,1.14786624908447
6.4715625,1.14923715591431
6.47489583333333,1.15031003952026
6.47822916666667,1.15108489990234
6.4815625,1.15156173706055
6.48489583333333,1.15180015563965
6.48822916666667,1.15180015563965
6.4915625,1.15162134170532
6.49489583333333,1.15126371383667
6.49822916666667,1.15078687667847
6.5015625,1.15013122558594
6.50489583333333,1.14941596984863
6.50822916666667,1.14858150482178
6.5115625,1.14768743515015
6.51489583333333,1.14679336547852
6.51822916666667,1.14583969116211
6.5215625,1.14482641220093
6.52489583333333,1.14387273788452
6.52822916666667,1.14285945892334
6.5315625,1.14190578460693
6.53489583333333,1.14095211029053
6.53822916666667,1.13999843597412
6.5415625,1.13898515701294
6.54489583333333,1.13791227340698
6.54822916666667,1.13677978515625
6.5515625,1.13564729690552
6.55489583333333,1.13445520401001
6.55822916666667,1.13332271575928
6.5615625,1.13219022750854
6.56489583333333,1.13123655319214
6.56822916666667,1.13034248352051
6.5715625,1.12974643707275
6.57489583333333,1.12932920455933
6.57822916666667,1.12932920455933
6.5815625,1.1296272277832
6.58489583333333,1.13028287887573
6.58822916666667,1.13129615783691
6.5915625,1.13272666931152
6.59489583333333,1.13451480865479
6.59822916666667,1.1366605758667
6.6015625,1.13910436630249
6.60489583333333,1.14184617996216
6.60822916666667,1.14482641220093
6.6115625,1.1480450630188
6.61489583333333,1.15150213241577
6.61822916666667,1.15501880645752
6.6215625,1.15871429443359
6.62489583333333,1.16252899169922
6.62822916666667,1.16634368896484
6.6315625,1.17027759552002
6.63489583333333,1.17409229278564
6.63822916666667,1.17790699005127
6.6415625,1.18160247802734
6.64489583333333,1.18517875671387
6.64822916666667,1.18863582611084
6.6515625,1.19185447692871
6.65489583333333,1.19483470916748
6.65822916666667,1.19757652282715
6.6615625,1.19996070861816
6.66489583333333,1.2020468711853
6.66822916666667,1.20377540588379
6.6715625,1.20514631271362
6.67489583333333,1.20604038238525
6.67822916666667,1.20645761489868
6.6815625,1.20639801025391
6.68489583333333,1.2059211730957
6.68822916666667,1.20490789413452
6.6915625,1.20347738265991
6.69489583333333,1.20162963867188
6.69822916666667,1.19948387145996
6.7015625,1.19704008102417
6.70489583333333,1.19441747665405
6.70822916666667,1.19167566299438
6.7115625,1.18899345397949
6.71489583333333,1.18637084960938
6.71822916666667,1.18392705917358
6.7215625,1.18166208267212
6.72489583333333,1.17963552474976
6.72822916666667,1.17784738540649
6.7315625,1.17629766464233
6.73489583333333,1.17498636245728
6.73822916666667,1.17385387420654
6.7415625,1.17284059524536
6.74489583333333,1.17194652557373
6.74822916666667,1.17111206054688
6.7515625,1.17033720016479
6.75489583333333,1.16968154907227
6.75822916666667,1.16902589797974
6.7615625,1.16842985153198
6.76489583333333,1.16795301437378
6.76822916666667,1.16747617721558
6.7715625,1.16711854934692
6.77489583333333,1.16682052612305
6.77822916666667,1.16664171218872
6.7815625,1.16646289825439
6.78489583333333,1.16640329360962
6.78822916666667,1.16634368896484
6.7915625,1.16634368896484
6.79489583333333,1.16628408432007
6.79822916666667,1.16622447967529
6.8015625,1.16598606109619
6.80489583333333,1.16562843322754
6.80822916666667,1.16509199142456
6.8115625,1.16431713104248
6.81489583333333,1.1633038520813
6.81822916666667,1.16193294525146
6.8215625,1.16026401519775
6.82489583333333,1.15829706192017
6.82822916666667,1.15609169006348
6.8315625,1.15352869033813
6.83489583333333,1.15078687667847
6.83822916666667,1.1478066444397
6.8415625,1.1446475982666
6.84489583333333,1.14142894744873
6.84822916666667,1.13809108734131
6.8515625,1.13481283187866
6.85489583333333,1.13147497177124
6.85822916666667,1.12813711166382
6.8615625,1.12485885620117
6.86489583333333,1.12158060073853
6.86822916666667,1.1182427406311
6.8715625,1.11490488052368
6.87489583333333,1.11150741577148
6.87822916666667,1.10799074172974
6.8815625,1.10435485839844
6.88489583333333,1.10065937042236
6.88822916666667,1.09678506851196
6.8915625,1.09285116195679
6.89489583333333,1.08885765075684
6.89822916666667,1.08486413955688
6.9015625,1.08093023300171
6.90489583333333,1.07711553573608
6.90822916666667,1.07342004776001
6.9115625,1.06990337371826
6.91489583333333,1.06650590896606
6.91822916666667,1.06328725814819
6.9215625,1.06018781661987
6.92489583333333,1.0572075843811
6.92822916666667,1.05428695678711
6.9315625,1.05148553848267
6.93489583333333,1.048743724823
6.93822916666667,1.04612112045288
6.9415625,1.04361772537231
6.94489583333333,1.0412335395813
6.94822916666667,1.03902816772461
6.9515625,1.03694200515747
6.95489583333333,1.03509426116943
6.95822916666667,1.03342533111572
6.9615625,1.03193521499634
6.96489583333333,1.03068351745605
6.96822916666667,1.0296106338501
6.9715625,1.02871656417847
6.97489583333333,1.02800130844116
6.97822916666667,1.02752447128296
6.9815625,1.02722644805908
6.98489583333333,1.02710723876953
6.98822916666667,1.02722644805908
6.9915625,1.02752447128296
6.99489583333333,1.02800130844116
6.99822916666667,1.02871656417847
7.0015625,1.0296106338501
7.00489583333333,1.03068351745605
7.00822916666667,1.03187561035156
7.0115625,1.03318691253662
7.01489583333333,1.03455781936646
7.01822916666667,1.03604793548584
7.0215625,1.03753805160522
7.02489583333333,1.03908777236938
7.02822916666667,1.04069709777832
7.0315625,1.04230642318726
7.03489583333333,1.04403495788574
7.03822916666667,1.04576349258423
7.0415625,1.04755163192749
7.04489583333333,1.0494589805603
7.04822916666667,1.05130672454834
7.0515625,1.05327367782593
7.05489583333333,1.05518102645874
7.05822916666667,1.05708837509155
7.0615625,1.05893611907959
7.06489583333333,1.06078386306763
7.06822916666667,1.06251239776611
7.0715625,1.06412172317505
7.07489583333333,1.06561183929443
7.07822916666667,1.06698274612427
7.0815625,1.06823444366455
7.08489583333333,1.06942653656006
7.08822916666667,1.07055902481079
7.0915625,1.07163190841675
7.09489583333333,1.07276439666748
7.09822916666667,1.07389688491821
7.1015625,1.07520818710327
7.10489583333333,1.07669830322266
7.10822916666667,1.07836723327637
7.1115625,1.08027458190918
7.11489583333333,1.08242034912109
7.11822916666667,1.08480453491211
7.1215625,1.08736753463745
7.12489583333333,1.09016895294189
7.12822916666667,1.09302997589111
7.1315625,1.09601020812988
7.13489583333333,1.09905004501343
7.13822916666667,1.10214948654175
7.1415625,1.10518932342529
7.14489583333333,1.10816955566406
7.14822916666667,1.11109018325806
7.1515625,1.1138916015625
7.15489583333333,1.11657381057739
7.15822916666667,1.11907720565796
7.1615625,1.1214017868042
7.16489583333333,1.12342834472656
7.16822916666667,1.12515687942505
7.1715625,1.12658739089966
7.17489583333333,1.12771987915039
7.17822916666667,1.12849473953247
7.1815625,1.1289119720459
7.18489583333333,1.1289119720459
7.18822916666667,1.12855434417725
7.1915625,1.12777948379517
7.19489583333333,1.12658739089966
7.19822916666667,1.12491846084595
7.2015625,1.12277269363403
7.20489583333333,1.12020969390869
7.20822916666667,1.11722946166992
7.2115625,1.11383199691772
7.21489583333333,1.11007690429688
7.21822916666667,1.10608339309692
7.2215625,1.10185146331787
7.22489583333333,1.09755992889404
7.22822916666667,1.09320878982544
7.2315625,1.08885765075684
7.23489583333333,1.08456611633301
7.23822916666667,1.08045339584351
7.2415625,1.07645988464355
7.24489583333333,1.07258558273315
7.24822916666667,1.06889009475708
7.2515625,1.06531381607056
7.25489583333333,1.06191635131836
7.25822916666667,1.05863809585571
7.2615625,1.05547904968262
7.26489583333333,1.05249881744385
7.26822916666667,1.04963779449463
7.2715625,1.04695558547974
7.27489583333333,1.04451179504395
7.27822916666667,1.04224681854248
7.2815625,1.04022026062012
7.28489583333333,1.03849172592163
7.28822916666667,1.03706121444702
7.2915625,1.03580951690674
7.29489583333333,1.03485584259033
7.29822916666667,1.03414058685303
7.3015625,1.03360414505005
7.30489583333333,1.03330612182617
7.30822916666667,1.03306770324707
7.3115625,1.03300809860229
7.31489583333333,1.03306770324707
7.31822916666667,1.0332465171814
7.3215625,1.0334849357605
7.32489583333333,1.03384256362915
7.32822916666667,1.03425979614258
7.3315625,1.03479623794556
7.33489583333333,1.03533267974854
7.33822916666667,1.03586912155151
7.3415625,1.03640556335449
7.34489583333333,1.03700160980225
7.34822916666667,1.03753805160522
7.3515625,1.0380744934082
7.35489583333333,1.03867053985596
7.35822916666667,1.03926658630371
7.3615625,1.03998184204102
7.36489583333333,1.04081630706787
7.36822916666667,1.04182958602905
7.3715625,1.04302167892456
7.37489583333333,1.04439258575439
7.37822916666667,1.04588270187378
7.3815625,1.04749202728271
7.38489583333333,1.04916095733643
7.38822916666667,1.05094909667969
7.3915625,1.05267763137817
7.39489583333333,1.05446577072144
7.39822916666667,1.05613470077515
7.4015625,1.05780363082886
7.40489583333333,1.05941295623779
7.40822916666667,1.06102228164673
7.4115625,1.06257200241089
7.41489583333333,1.06412172317505
7.41822916666667,1.06567144393921
7.4215625,1.06722116470337
7.42489583333333,1.06871128082275
7.42822916666667,1.07020139694214
7.4315625,1.07157230377197
7.43489583333333,1.07282400131226
7.43822916666667,1.07401609420776
7.4415625,1.07496976852417
7.44489583333333,1.07574462890625
7.44822916666667,1.07628107070923
7.4515625,1.07663869857788
7.45489583333333,1.07669830322266
7.45822916666667,1.07651948928833
7.4615625,1.07616186141968
7.46489583333333,1.07556581497192
7.46822916666667,1.07491016387939
7.4715625,1.07407569885254
7.47489583333333,1.07318162918091
7.47822916666667,1.07228755950928
7.4815625,1.07133388519287
7.48489583333333,1.07043981552124
7.48822916666667,1.06954574584961
7.4915625,1.06865167617798
7.49489583333333,1.06769800186157
7.49822916666667,1.06662511825562
7.5015625,1.06549263000488
7.50489583333333,1.06430053710938
7.50822916666667,1.06292963027954
7.5115625,1.06137990951538
7.51489583333333,1.05971097946167
7.51822916666667,1.05786323547363
7.5215625,1.05589628219604
7.52489583333333,1.05386972427368
7.52822916666667,1.05172395706177
7.5315625,1.04951858520508
7.53489583333333,1.04731321334839
7.53822916666667,1.04504823684692
7.5415625,1.04272365570068
7.54489583333333,1.04039907455444
7.54822916666667,1.03801488876343
7.5515625,1.03557109832764
7.55489583333333,1.03306770324707
7.55822916666667,1.0305643081665
7.5615625,1.02800130844116
7.56489583333333,1.02537870407104
7.56822916666667,1.0228157043457
7.5715625,1.02025270462036
7.57489583333333,1.01774930953979
7.57822916666667,1.01542472839355
7.5815625,1.01321935653687
7.58489583333333,1.01125240325928
7.58822916666667,1.00958347320557
7.5915625,1.00815296173096
7.59489583333333,1.00713968276978
7.59822916666667,1.00642442703247
7.6015625,1.00612640380859
7.60489583333333,1.00618600845337
7.60822916666667,1.00666284561157
7.6115625,1.00743770599365
7.61489583333333,1.00862979888916
7.61822916666667,1.01011991500854
7.6215625,1.01196765899658
7.62489583333333,1.01405382156372
7.62822916666667,1.01649761199951
7.6315625,1.01923942565918
7.63489583333333,1.0223388671875
7.63822916666667,1.02567672729492
7.6415625,1.02931261062622
7.64489583333333,1.0332465171814
7.64822916666667,1.0373592376709
7.6515625,1.0417103767395
7.65489583333333,1.04618072509766
7.65822916666667,1.05077028274536
7.6615625,1.05535984039307
7.66489583333333,1.059889793396
7.66822916666667,1.06436014175415
7.6715625,1.06871128082275
7.67489583333333,1.07282400131226
7.67822916666667,1.07675790786743
7.6815625,1.08045339584351
7.68489583333333,1.0838508605957
7.68822916666667,1.0870099067688
7.6915625,1.08987092971802
7.69489583333333,1.09237432479858
7.69822916666667,1.09457969665527
7.7015625,1.09642744064331
7.70489583333333,1.0979175567627
7.70822916666667,1.0991096496582
7.7115625,1.09994411468506
7.71489583333333,1.10054016113281
7.71822916666667,1.10083818435669
7.7215625,1.10095739364624
7.72489583333333,1.10089778900146
7.72822916666667,1.10077857971191
7.7315625,1.10059976577759
7.73489583333333,1.10036134719849
7.73822916666667,1.10012292861938
7.7415625,1.09982490539551
7.74489583333333,1.09952688217163
7.74822916666667,1.0991096496582
7.7515625,1.09869241714478
7.75489583333333,1.0981559753418
7.75822916666667,1.09750032424927
7.7615625,1.09678506851196
7.76489583333333,1.09595060348511
7.76822916666667,1.09505653381348
7.7715625,1.09404325485229
7.77489583333333,1.09297037124634
7.77822916666667,1.09177827835083
7.7815625,1.09052658081055
7.78489583333333,1.08927488327026
7.78822916666667,1.08784437179565
7.7915625,1.08641386032104
7.79489583333333,1.08486413955688
7.79822916666667,1.08325481414795
7.8015625,1.08152627944946
7.80489583333333,1.0797381401062
7.80822916666667,1.07783079147339
7.8115625,1.0758638381958
7.81489583333333,1.07383728027344
7.81822916666667,1.07169151306152
7.8215625,1.06954574584961
7.82489583333333,1.06734037399292
7.82822916666667,1.06513500213623
7.8315625,1.06292963027954
7.83489583333333,1.06072425842285
7.83822916666667,1.05851888656616
7.8415625,1.05643272399902
7.84489583333333,1.05452537536621
7.84822916666667,1.05273723602295
7.8515625,1.05112791061401
7.85489583333333,1.04987621307373
7.85822916666667,1.04892253875732
7.8615625,1.04826688766479
7.86489583333333,1.04796886444092
7.86822916666667,1.04802846908569
7.8715625,1.04832649230957
7.87489583333333,1.04892253875732
7.87822916666667,1.0496973991394
7.8815625,1.05065107345581
7.88489583333333,1.05172395706177
7.88822916666667,1.0528564453125
7.8915625,1.05404853820801
7.89489583333333,1.05530023574829
7.89822916666667,1.05655193328857
7.9015625,1.05780363082886
7.90489583333333,1.05899572372437
7.90822916666667,1.06018781661987
7.9115625,1.06126070022583
7.91489583333333,1.06221437454224
7.91822916666667,1.06304883956909
7.9215625,1.06370449066162
7.92489583333333,1.0642409324646
7.92822916666667,1.06459856033325
7.9315625,1.06477737426758
7.93489583333333,1.06477737426758
7.93822916666667,1.06465816497803
7.9415625,1.06436014175415
7.94489583333333,1.06388330459595
7.94822916666667,1.06328725814819
7.9515625,1.06257200241089
7.95489583333333,1.06161832809448
7.95822916666667,1.06048583984375
7.9615625,1.05917453765869
7.96489583333333,1.05768442153931
7.96822916666667,1.05595588684082
7.9715625,1.05404853820801
7.97489583333333,1.05196237564087
7.97822916666667,1.04975700378418
7.9815625,1.04737281799316
7.98489583333333,1.0448694229126
7.98822916666667,1.04224681854248
7.9915625,1.03956460952759
7.99489583333333,1.0368824005127
7.99822916666667,1.03414058685303
8.0015625,1.03127956390381
8.00489583333333,1.02841854095459
8.00822916666667,1.02555751800537
8.0115625,1.02263689041138
8.01489583333333,1.01971626281738
8.01822916666667,1.01679563522339
8.0215625,1.01393461227417
8.02489583333333,1.01113319396973
8.02822916666667,1.00839138031006
8.0315625,1.00576877593994
8.03489583333333,1.0032057762146
8.03822916666667,1.00076198577881
8.0415625,0.998437404632568
8.04489583333333,0.996232032775879
8.04822916666667,0.994086265563965
8.0515625,0.992059707641602
8.05489583333333,0.990092754364014
8.05822916666667,0.988245010375977
8.0615625,0.986576080322266
8.06489583333333,0.98496675491333
8.06822916666667,0.983595848083496
8.0715625,0.982403755187988
8.07489583333333,0.981330871582031
8.07822916666667,0.980496406555176
8.0815625,0.979781150817871
8.08489583333333,0.979244709014893
8.08822916666667,0.978827476501465
8.0915625,0.978529453277588
8.09489583333333,0.978291034698486
8.09822916666667,0.978231430053711
8.1015625,0.978231430053711
8.10489583333333,0.978410243988037
8.10822916666667,0.978708267211914
8.1115625,0.979185104370117
8.11489583333333,0.979781150817871
8.11822916666667,0.980556011199951
8.1215625,0.981450080871582
8.12489583333333,0.982403755187988
8.12822916666667,0.983357429504395
8.1315625,0.984311103820801
8.13489583333333,0.985145568847656
8.13822916666667,0.985920429229736
8.1415625,0.986456871032715
8.14489583333333,0.986933708190918
8.14822916666667,0.987231731414795
8.1515625,0.987410545349121
8.15489583333333,0.987470149993896
8.15822916666667,0.987470149993896
8.1615625,0.987470149993896
8.16489583333333,0.987410545349121
8.16822916666667,0.987410545349121
8.1715625,0.987470149993896
8.17489583333333,0.987529754638672
8.17822916666667,0.987648963928223
8.1815625,0.987827777862549
8.18489583333333,0.988125801086426
8.18822916666667,0.988483428955078
8.1915625,0.988900661468506
8.19489583333333,0.989437103271484
8.19822916666667,0.990033149719238
8.2015625,0.990748405456543
8.20489583333333,0.991582870483398
8.20822916666667,0.992536544799805
8.2115625,0.993490219116211
8.21489583333333,0.994563102722168
8.21822916666667,0.99557638168335
8.2215625,0.996589660644531
8.22489583333333,0.997483730316162
8.22822916666667,0.998258590698242
8.2315625,0.998854637145996
8.23489583333333,0.999212265014648
8.23822916666667,0.999391078948975
8.2415625,0.999331474304199
8.24489583333333,0.999033451080322
8.24822916666667,0.998556613922119
8.2515625,0.997841358184814
8.25489583333333,0.997006893157959
8.25822916666667,0.995993614196777
8.2615625,0.99492073059082
8.26489583333333,0.993728637695313
8.26822916666667,0.992476940155029
8.2715625,0.991225242614746
8.27489583333333,0.989913940429688
8.27822916666667,0.988543033599854
8.2815625,0.98717212677002
8.28489583333333,0.985860824584961
8.28822916666667,0.984609127044678
8.2915625,0.98341703414917
8.29489583333333,0.982344150543213
8.29822916666667,0.981330871582031
8.3015625,0.980496406555176
8.30489583333333,0.979781150817871
8.30822916666667,0.979185104370117
8.3115625,0.978767871856689
8.31489583333333,0.978529453277588
8.31822916666667,0.978469848632813
8.3215625,0.978529453277588
8.32489583333333,0.978767871856689
8.32822916666667,0.979185104370117
8.3315625,0.979781150817871
8.33489583333333,0.9804368019104
8.33822916666667,0.98121166229248
8.3415625,0.981986522674561
8.34489583333333,0.982820987701416
8.34822916666667,0.983595848083496
8.3515625,0.984311103820801
8.35489583333333,0.985026359558105
8.35822916666667,0.985622406005859
8.3615625,0.986158847808838
8.36489583333333,0.986635684967041
8.36822916666667,0.987052917480469
8.3715625,0.987529754638672
8.37489583333333,0.988006591796875
8.37822916666667,0.988483428955078
8.3815625,0.989079475402832
8.38489583333333,0.989615917205811
8.38822916666667,0.990211963653564
8.3915625,0.990867614746094
8.39489583333333,0.991523265838623
8.39822916666667,0.992119312286377
8.4015625,0.992715358734131
8.40489583333333,0.993251800537109
8.40822916666667,0.993788242340088
8.4115625,0.994265079498291
8.41489583333333,0.994622707366943
8.41822916666667,0.994980335235596
8.4215625,0.995218753814697
8.42489583333333,0.995397567749023
8.42822916666667,0.995516777038574
8.4315625,0.995635986328125
8.43489583333333,0.9956955909729
8.43822916666667,0.995635986328125
8.4415625,0.99557638168335
8.44489583333333,0.995457172393799
8.44822916666667,0.995278358459473
8.4515625,0.994980335235596
8.45489583333333,0.994622707366943
8.45822916666667,0.994086265563965
8.4615625,0.99337100982666
8.46489583333333,0.992536544799805
8.46822916666667,0.991404056549072
8.4715625,0.990152359008789
8.47489583333333,0.988602638244629
8.47822916666667,0.986874103546143
8.4815625,0.98496675491333
8.48489583333333,0.982880592346191
8.48822916666667,0.980734825134277
8.4915625,0.978469848632813
8.49489583333333,0.976204872131348
8.49822916666667,0.973999500274658
8.5015625,0.97191333770752
8.50489583333333,0.969886779785156
8.50822916666667,0.968098640441895
8.5115625,0.966548919677734
8.51489583333333,0.965237617492676
8.51822916666667,0.964164733886719
8.5215625,0.963330268859863
8.52489583333333,0.962793827056885
8.52822916666667,0.962495803833008
8.5315625,0.962436199188232
8.53489583333333,0.962615013122559
8.53822916666667,0.963032245635986
8.5415625,0.963687896728516
8.54489583333333,0.964522361755371
8.54822916666667,0.965535640716553
8.5515625,0.966787338256836
8.55489583333333,0.968217849731445
8.55822916666667,0.96970796585083
8.5615625,0.971376895904541
8.56489583333333,0.973105430603027
8.56822916666667,0.974893569946289
8.5715625,0.976800918579102
8.57489583333333,0.978648662567139
8.57822916666667,0.980556011199951
8.5815625,0.982463359832764
8.58489583333333,0.984370708465576
8.58822916666667,0.986337661743164
8.5915625,0.988245010375977
8.59489583333333,0.990152359008789
8.59822916666667,0.992059707641602
8.6015625,0.993967056274414
8.60489583333333,0.995814800262451
8.60822916666667,0.997602939605713
8.6115625,0.999391078948975
8.61489583333333,1.00111961364746
8.61822916666667,1.00278854370117
8.6215625,1.00433826446533
8.62489583333333,1.00582838058472
8.62822916666667,1.00725889205933
8.6315625,1.00857019424438
8.63489583333333,1.00976228713989
8.63822916666667,1.01077556610107
8.6415625,1.01155042648315
8.64489583333333,1.01214647293091
8.64822916666667,1.01244449615479
8.6515625,1.01244449615479
8.65489583333333,1.01214647293091
8.65822916666667,1.01149082183838
8.6615625,1.0104775428772
8.66489583333333,1.00910663604736
8.66822916666667,1.00737810134888
8.6715625,1.00529193878174
8.67489583333333,1.00290775299072
8.67822916666667,1.00022554397583
8.6815625,0.997245311737061
8.68489583333333,0.994086265563965
8.68822916666667,0.990688800811768
8.6915625,0.98717212677002
8.69489583333333,0.983536243438721
8.69822916666667,0.979781150817871
8.7015625,0.976026058197021
8.70489583333333,0.972330570220947
8.70822916666667,0.968635082244873
8.7115625,0.965118408203125
8.71489583333333,0.961661338806152
8.71822916666667,0.958442687988281
8.7215625,0.955402851104736
8.72489583333333,0.952661037445068
8.72822916666667,0.950157642364502
8.7315625,0.947952270507813
8.73489583333333,0.946044921875
8.73822916666667,0.944435596466064
8.7415625,0.943124294281006
8.74489583333333,0.942051410675049
8.74822916666667,0.941216945648193
8.7515625,0.940501689910889
8.75489583333333,0.93996524810791
8.75822916666667,0.939428806304932
8.7615625,0.938951969146729
8.76489583333333,0.938355922698975
8.76822916666667,0.937700271606445
8.7715625,0.93686580657959
8.77489583333333,0.935852527618408
8.77822916666667,0.9346604347229
8.7815625,0.933229923248291
8.78489583333333,0.931620597839355
8.78822916666667,0.929772853851318
8.7915625,0.92780590057373
8.79489583333333,0.925719738006592
8.79822916666667,0.923573970794678
8.8015625,0.921428203582764
8.80489583333333,0.919342041015625
8.80822916666667,0.917434692382813
8.8115625,0.915706157684326
8.81489583333333,0.914275646209717
8.81822916666667,0.91320276260376
8.8215625,0.91242790222168
8.82489583333333,0.912070274353027
8.82822916666667,0.912189483642578
8.8315625,0.912785530090332
8.83489583333333,0.913858413696289
8.83822916666667,0.91552734375
8.8415625,0.917732715606689
8.84489583333333,0.920474529266357
8.84822916666667,0.923871994018555
8.8515625,0.92780590057373
8.85489583333333,0.932276248931885
8.85822916666667,0.937163829803467
8.8615625,0.942528247833252
8.86489583333333,0.948250293731689
8.86822916666667,0.954210758209229
8.8715625,0.960350036621094
8.87489583333333,0.966668128967285
8.87822916666667,0.972986221313477
8.8815625,0.979363918304443
8.88489583333333,0.985622406005859
8.88822916666667,0.9918212890625
8.8915625,0.997841358184814
8.89489583333333,1.0036826133728
8.89822916666667,1.00934505462646
8.9015625,1.01464986801147
8.90489583333333,1.01971626281738
8.90822916666667,1.02448463439941
8.9115625,1.02889537811279
8.91489583333333,1.03300809860229
8.91822916666667,1.03682279586792
8.9215625,1.04033946990967
8.92489583333333,1.04343891143799
8.92822916666667,1.04629993438721
8.9315625,1.048743724823
8.93489583333333,1.05082988739014
8.93822916666667,1.05249881744385
8.9415625,1.05375051498413
8.94489583333333,1.05458498001099
8.94822916666667,1.05500221252441
8.9515625,1.05494260787964
8.95489583333333,1.05458498001099
8.95822916666667,1.05381011962891
8.9615625,1.05273723602295
8.96489583333333,1.05136632919312
8.96822916666667,1.04975700378418
8.9715625,1.04790925979614
8.97489583333333,1.04594230651855
8.97822916666667,1.04373693466187
8.9815625,1.04141235351563
8.98489583333333,1.03884935379028
8.98822916666667,1.03610754013062
8.9915625,1.03318691253662
8.99489583333333,1.0300874710083
8.99822916666667,1.02680921554565
9.0015625,1.02335214614868
9.00489583333333,1.01983547210693
9.00822916666667,1.01625919342041
9.0115625,1.01274251937866
9.01489583333333,1.00928544998169
9.01822916666667,1.00594758987427
9.0215625,1.00284814834595
9.02489583333333,0.999987125396729
9.02822916666667,0.997364521026611
9.0315625,0.995099544525146
9.03489583333333,0.993132591247559
9.03822916666667,0.991404056549072
9.0415625,0.990033149719238
9.04489583333333,0.988900661468506
9.04822916666667,0.988006591796875
9.0515625,0.987410545349121
9.05489583333333,0.986993312835693
9.05822916666667,0.986754894256592
9.0615625,0.986695289611816
9.06489583333333,0.986754894256592
9.06822916666667,0.986933708190918
9.0715625,0.987231731414795
9.07489583333333,0.987648963928223
9.07822916666667,0.98806619644165
9.0815625,0.988543033599854
9.08489583333333,0.989079475402832
9.08822916666667,0.989556312561035
9.0915625,0.990033149719238
9.09489583333333,0.990450382232666
9.09822916666667,0.990748405456543
9.1015625,0.990927219390869
9.10489583333333,0.990986824035645
9.10822916666667,0.990927219390869
9.1115625,0.990629196166992
9.11489583333333,0.990211963653564
9.11822916666667,0.989615917205811
9.1215625,0.988960266113281
9.12489583333333,0.988185405731201
9.12822916666667,0.987410545349121
9.1315625,0.986695289611816
9.13489583333333,0.985980033874512
9.13822916666667,0.985324382781982
9.1415625,0.984787940979004
9.14489583333333,0.984370708465576
9.14822916666667,0.984132289886475
9.1515625,0.984013080596924
9.15489583333333,0.984072685241699
9.15822916666667,0.984311103820801
9.1615625,0.984728336334229
9.16489583333333,0.985264778137207
9.16822916666667,0.986039638519287
9.1715625,0.986933708190918
9.17489583333333,0.9879469871521
9.17822916666667,0.989079475402832
9.1815625,0.990211963653564
9.18489583333333,0.991344451904297
9.18822916666667,0.992417335510254
9.1915625,0.993490219116211
9.19489583333333,0.994384288787842
9.19822916666667,0.995218753814697
9.2015625,0.995993614196777
9.20489583333333,0.996649265289307
9.20822916666667,0.997245311737061
9.2115625,0.997841358184814
9.21489583333334,0.998377799987793
9.21822916666667,0.998854637145996
9.2215625,0.999331474304199
9.22489583333333,0.999808311462402
9.22822916666667,1.00022554397583
9.2315625,1.00070238113403
9.23489583333333,1.00111961364746
9.23822916666667,1.00159645080566
9.2415625,1.00213289260864
9.24489583333333,1.00278854370117
9.24822916666667,1.00356340408325
9.2515625,1.00451707839966
9.25489583333333,1.00570917129517
9.25822916666667,1.00702047348022
9.2615625,1.00857019424438
9.26489583333333,1.01035833358765
9.26822916666667,1.01232528686523
9.2715625,1.01447105407715
9.27489583333333,1.01673603057861
9.27822916666667,1.01923942565918
9.2815625,1.02192163467407
9.28489583333333,1.02478265762329
9.28822916666667,1.02788209915161
9.2915625,1.03116035461426
9.29489583333333,1.03461742401123
9.29822916666667,1.03825330734253
9.3015625,1.04200839996338
9.30489583333333,1.045823097229
9.30822916666667,1.04963779449463
9.3115625,1.05345249176025
9.31489583333333,1.0572075843811
9.31822916666667,1.0608434677124
9.3215625,1.0642409324646
9.32489583333333,1.06751918792725
9.32822916666667,1.07055902481079
9.3315625,1.07342004776001
9.33489583333333,1.07604265213013
9.33822916666667,1.07854604721069
9.3415625,1.08075141906738
9.34489583333333,1.08283758163452
9.34822916666667,1.08462572097778
9.3515625,1.08623504638672
9.35489583333333,1.08754634857178
9.35822916666667,1.08855962753296
9.3615625,1.08933448791504
9.36489583333333,1.08969211578369
9.36822916666667,1.08981132507324
9.3715625,1.08951330184937
9.37489583333333,1.08891725540161
9.37822916666667,1.08802318572998
9.3815625,1.0867714881897
9.38489583333333,1.08516216278076
9.38822916666667,1.08325481414795
9.3915625,1.08093023300171
9.39489583333333,1.07830762863159
9.39822916666667,1.07532739639282
9.4015625,1.0719895362854
9.40489583333333,1.0683536529541
9.40822916666667,1.06436014175415
9.4115625,1.0601282119751
9.41489583333333,1.05565786361694
9.41822916666667,1.05100870132446
9.4215625,1.04629993438721
9.42489583333333,1.04153156280518
9.42822916666667,1.03676319122314
9.4315625,1.03211402893066
9.43489583333333,1.02764368057251
9.43822916666667,1.02329254150391
9.4415625,1.01923942565918
9.44489583333333,1.01536512374878
9.44822916666667,1.01184844970703
9.4515625,1.00862979888916
9.45489583333333,1.00576877593994
9.45822916666667,1.0032057762146
9.4615625,1.00100040435791
9.46489583333334,0.999093055725098
9.46822916666667,0.997543334960938
9.4715625,0.99635124206543
9.47489583333333,0.995397567749023
9.47822916666667,0.994682312011719
9.4815625,0.994205474853516
9.48489583333333,0.993847846984863
9.48822916666667,0.993609428405762
9.4915625,0.99337100982666
9.49489583333333,0.993072986602783
9.49822916666667,0.992774963378906
9.5015625,0.992417335510254
9.50489583333333,0.991940498352051
9.50822916666667,0.991344451904297
9.5115625,0.990629196166992
9.51489583333333,0.989794731140137
9.51822916666667,0.98884105682373
9.5215625,0.987827777862549
9.52489583333333,0.986754894256592
9.52822916666667,0.985503196716309
9.5315625,0.98419189453125
9.53489583333333,0.982820987701416
9.53822916666667,0.981330871582031
9.5415625,0.979781150817871
9.54489583333333,0.978171825408936
9.54822916666667,0.976502895355225
9.5515625,0.974833965301514
9.55489583333333,0.973224639892578
9.55822916666667,0.971555709838867
9.5615625,0.970005989074707
9.56489583333333,0.968575477600098
9.56822916666667,0.967204570770264
9.5715625,0.96595287322998
9.57489583333333,0.964879989624023
9.57822916666667,0.963985919952393
9.5815625,0.963330268859863
9.58489583333333,0.96285343170166
9.58822916666667,0.962615013122559
9.5915625,0.962555408477783
9.59489583333333,0.962674617767334
9.59822916666667,0.962972640991211
9.6015625,0.963449478149414
9.60489583333333,0.963985919952393
9.60822916666667,0.964581966400146
9.6115625,0.965237617492676
9.61489583333333,0.965893268585205
9.61822916666667,0.96660852432251
9.6215625,0.967323780059814
9.62489583333333,0.968039035797119
9.62822916666667,0.968813896179199
9.6315625,0.96970796585083
9.63489583333333,0.970661640167236
9.63822916666667,0.971794128417969
9.6415625,0.973045825958252
9.64489583333333,0.974535942077637
9.64822916666667,0.976264476776123
9.6515625,0.978231430053711
9.65489583333333,0.980377197265625
9.65822916666667,0.982701778411865
9.6615625,0.985264778137207
9.66489583333333,0.9879469871521
9.66822916666667,0.990748405456543
9.6715625,0.993609428405762
9.67489583333333,0.996530055999756
9.67822916666667,0.999569892883301
9.6815625,1.00255012512207
9.68489583333333,1.00564956665039
9.68822916666667,1.00874900817871
9.6915625,1.01184844970703
9.69489583333333,1.01500749588013
9.69822916666667,1.01804733276367
9.7015625,1.02108716964722
9.70489583333333,1.02400779724121
9.70822916666667,1.02674961090088
9.7115625,1.02931261062622
9.71489583333334,1.03157758712769
9.71822916666667,1.0334849357605
9.7215625,1.03509426116943
9.72489583333333,1.03628635406494
9.72822916666667,1.0371208190918
9.7315625,1.03759765625
9.73489583333333,1.03765726089478
9.73822916666667,1.03741884231567
9.7415625,1.0368824005127
9.74489583333333,1.03610754013062
9.74822916666667,1.03509426116943
9.7515625,1.03390216827393
9.75489583333333,1.03253126144409
9.75822916666667,1.03104114532471
9.7615625,1.02943181991577
9.76489583333333,1.02776288986206
9.76822916666667,1.0259747505188
9.7715625,1.02412700653076
9.77489583333333,1.02221965789795
9.77822916666667,1.02025270462036
9.7815625,1.018226146698
9.78489583333333,1.01625919342041
9.78822916666667,1.01423263549805
9.7915625,1.01226568222046
9.79489583333333,1.01029872894287
9.79822916666667,1.00833177566528
9.8015625,1.00642442703247
9.80489583333333,1.00445747375488
9.80822916666667,1.00243091583252
9.8115625,1.00034475326538
9.81489583333333,0.998139381408691
9.81822916666667,0.995814800262451
9.8215625,0.993430614471436
9.82489583333333,0.990927219390869
9.82822916666667,0.988304615020752
9.8315625,0.98574161529541
9.83489583333333,0.983178615570068
9.83822916666667,0.980734825134277
9.8415625,0.978469848632813
9.84489583333333,0.976383686065674
9.84822916666667,0.974595546722412
9.8515625,0.972986221313477
9.85489583333333,0.971615314483643
9.85822916666667,0.97048282623291
9.8615625,0.969588756561279
9.86489583333333,0.968873500823975
9.86822916666667,0.968337059020996
9.8715625,0.967979431152344
9.87489583333333,0.967800617218018
9.87822916666667,0.967800617218018
9.8815625,0.967979431152344
9.88489583333333,0.968396663665771
9.88822916666667,0.96893310546875
9.8915625,0.969648361206055
9.89489583333333,0.97048282623291
9.89822916666667,0.971376895904541
9.9015625,0.972270965576172
9.90489583333333,0.973224639892578
9.90822916666667,0.974178314208984
9.9115625,0.975072383880615
9.91489583333333,0.976085662841797
9.91822916666667,0.977039337158203
9.9215625,0.97811222076416
9.92489583333333,0.979244709014893
9.92822916666667,0.980496406555176
9.9315625,0.981807708740234
9.93489583333333,0.983297824859619
9.93822916666667,0.984847545623779
9.9415625,0.98651647567749
9.94489583333333,0.988245010375977
9.94822916666667,0.990033149719238
9.9515625,0.991940498352051
9.95489583333333,0.993847846984863
9.95822916666667,0.995814800262451
9.9615625,0.997781753540039
9.96489583333334,0.999689102172852
9.96822916666667,1.00159645080566
9.9715625,1.00338459014893
9.97489583333333,1.00505352020264
9.97822916666667,1.0066032409668
9.9815625,1.00797414779663
9.98489583333333,1.00910663604736
9.98822916666667,1.01000070571899
9.9915625,1.01065635681152
9.99489583333333,1.0109543800354
9.99822916666667,1.0109543800354
10.0015625,1.01059675216675
10.0048958333333,1.00988149642944
10.0082291666667,1.00886821746826
10.0115625,1.00749731063843
10.0148958333333,1.00576877593994
10.0182291666667,1.00380182266235
10.0215625,1.00165605545044
10.0248958333333,0.999331474304199
10.0282291666667,0.996887683868408
10.0315625,0.994384288787842
10.0348958333333,0.991940498352051
10.0382291666667,0.989437103271484
10.0415625,0.987112522125244
10.0448958333333,0.984787940979004
10.0482291666667,0.98264217376709
10.0515625,0.980615615844727
10.0548958333333,0.978767871856689
10.0582291666667,0.976979732513428
10.0615625,0.975370407104492
10.0648958333333,0.973880290985107
10.0682291666667,0.972509384155273
10.0715625,0.97125768661499
10.0748958333333,0.970065593719482
10.0782291666667,0.968992710113525
10.0815625,0.967979431152344
10.0848958333333,0.967025756835938
10.0882291666667,0.966191291809082
10.0915625,0.965416431427002
10.0948958333333,0.964760780334473
10.0982291666667,0.964224338531494
10.1015625,0.963747501373291
10.1048958333333,0.963449478149414
10.1082291666667,0.963330268859863
10.1115625,0.963389873504639
10.1148958333333,0.963568687438965
10.1182291666667,0.963926315307617
10.1215625,0.964522361755371
10.1248958333333,0.965237617492676
10.1282291666667,0.966191291809082
10.1315625,0.96738338470459
10.1348958333333,0.968813896179199
10.1382291666667,0.970542430877686
10.1415625,0.972568988800049
10.1448958333333,0.974893569946289
10.1482291666667,0.977635383605957
10.1515625,0.980734825134277
10.1548958333333,0.98419189453125
10.1582291666667,0.988006591796875
10.1615625,0.992178916931152
10.1648958333333,0.996530055999756
10.1682291666667,1.00111961364746
10.1715625,1.00594758987427
10.1748958333333,1.01083517074585
10.1782291666667,1.01584196090698
10.1815625,1.02084875106812
10.1848958333333,1.02591514587402
10.1882291666667,1.03098154067993
10.1915625,1.03598833084106
10.1948958333333,1.04093551635742
10.1982291666667,1.04576349258423
10.2015625,1.05041265487671
10.2048958333333,1.05482339859009
10.2082291666667,1.05899572372437
10.2115625,1.06287002563477
10.2148958333333,1.06644630432129
10.2182291666667,1.06966495513916
10.2215625,1.07252597808838
10.2248958333333,1.07508897781372
10.2282291666667,1.07723474502563
10.2315625,1.07914209365845
10.2348958333333,1.08069181442261
10.2382291666667,1.08194351196289
10.2415625,1.0828971862793
10.2448958333333,1.0836124420166
10.2482291666667,1.08402967453003
10.2515625,1.08426809310913
10.2548958333333,1.08420848846436
10.2582291666667,1.08391046524048
10.2615625,1.08343362808228
10.2648958333333,1.0826587677002
10.2682291666667,1.08164548873901
10.2715625,1.08033418655396
10.2748958333333,1.07884407043457
10.2782291666667,1.07705593109131
10.2815625,1.07508897781372
10.2848958333333,1.07288360595703
10.2882291666667,1.07043981552124
10.2915625,1.0678768157959
10.2948958333333,1.06513500213623
10.2982291666667,1.06233358383179
10.3015625,1.05941295623779
10.3048958333333,1.05655193328857
10.3082291666667,1.05363130569458
10.3115625,1.05082988739014
10.3148958333333,1.04802846908569
10.3182291666667,1.04528665542603
10.3215625,1.04260444641113
10.3248958333333,1.03998184204102
10.3282291666667,1.0373592376709
10.3315625,1.03479623794556
10.3348958333333,1.03223323822021
10.3382291666667,1.02972984313965
10.3415625,1.02722644805908
10.3448958333333,1.02478265762329
10.3482291666667,1.02239847183228
10.3515625,1.02007389068604
10.3548958333333,1.01786851882935
10.3582291666667,1.01578235626221
10.3615625,1.01387500762939
10.3648958333333,1.01214647293091
10.3682291666667,1.01053714752197
10.3715625,1.00910663604736
10.3748958333333,1.00785493850708
10.3782291666667,1.0068416595459
10.3815625,1.00600719451904
10.3848958333333,1.00535154342651
10.3882291666667,1.00487470626831
10.3915625,1.00457668304443
10.3948958333333,1.00439786911011
10.3982291666667,1.00439786911011
10.4015625,1.00451707839966
10.4048958333333,1.00481510162354
10.4082291666667,1.00523233413696
10.4115625,1.00582838058472
10.4148958333333,1.0066032409668
10.4182291666667,1.0075569152832
10.4215625,1.00874900817871
10.4248958333333,1.01006031036377
10.4282291666667,1.01155042648315
10.4315625,1.01310014724731
10.4348958333333,1.01476907730103
10.4382291666667,1.01649761199951
10.4415625,1.01810693740845
10.4448958333333,1.01971626281738
10.4482291666667,1.02114677429199
10.4515625,1.02245807647705
10.4548958333333,1.02353096008301
10.4582291666667,1.02430582046509
10.4615625,1.02484226226807
10.4648958333333,1.02508068084717
10.4682291666667,1.02502107620239
10.4715625,1.02460384368896
10.4748958333333,1.02400779724121
10.4782291666667,1.02317333221436
10.4815625,1.02216005325317
10.4848958333333,1.02108716964722
10.4882291666667,1.02001428604126
10.4915625,1.0189414024353
10.4948958333333,1.0179877281189
10.4982291666667,1.01709365844727
10.5015625,1.01625919342041
10.5048958333333,1.01560354232788
10.5082291666667,1.01494789123535
10.5115625,1.0143518447876
10.5148958333333,1.01381540298462
10.5182291666667,1.01321935653687
10.5215625,1.01268291473389
10.5248958333333,1.01208686828613
10.5282291666667,1.01155042648315
10.5315625,1.01101398468018
10.5348958333333,1.0104775428772
10.5382291666667,1.00994110107422
10.5415625,1.00946426391602
10.5448958333333,1.00892782211304
10.5482291666667,1.00833177566528
10.5515625,1.00773572921753
10.5548958333333,1.007080078125
10.5582291666667,1.0063648223877
10.5615625,1.00553035736084
10.5648958333333,1.00457668304443
10.5682291666667,1.00356340408325
10.5715625,1.00243091583252
10.5748958333333,1.00123882293701
10.5782291666667,1.0000467300415
10.5815625,0.998795032501221
10.5848958333333,0.997543334960938
10.5882291666667,0.996291637420654
10.5915625,0.995099544525146
10.5948958333333,0.994026660919189
10.5982291666667,0.993013381958008
10.6015625,0.992178916931152
10.6048958333333,0.991523265838623
10.6082291666667,0.990927219390869
10.6115625,0.990509986877441
10.6148958333333,0.990211963653564
10.6182291666667,0.990033149719238
10.6215625,0.989913940429688
10.6248958333333,0.989854335784912
10.6282291666667,0.989794731140137
10.6315625,0.989735126495361
10.6348958333333,0.989615917205811
10.6382291666667,0.98949670791626
10.6415625,0.989258289337158
10.6448958333333,0.989019870758057
10.6482291666667,0.98872184753418
10.6515625,0.988423824310303
10.6548958333333,0.988185405731201
10.6582291666667,0.98806619644165
10.6615625,0.988006591796875
10.6648958333333,0.98806619644165
10.6682291666667,0.988245010375977
10.6715625,0.988602638244629
10.6748958333333,0.989139080047607
10.6782291666667,0.989794731140137
10.6815625,0.990629196166992
10.6848958333333,0.991642475128174
10.6882291666667,0.992774963378906
10.6915625,0.994086265563965
10.6948958333333,0.995516777038574
10.6982291666667,0.997066497802734
10.7015625,0.99867582321167
10.7048958333333,1.00040435791016
10.7082291666667,1.00213289260864
10.7115625,1.0039210319519
10.7148958333333,1.00570917129517
10.7182291666667,1.00749731063843
10.7215625,1.00934505462646
10.7248958333333,1.0111927986145
10.7282291666667,1.01304054260254
10.7315625,1.01494789123535
10.7348958333333,1.01685523986816
10.7382291666667,1.01876258850098
10.7415625,1.02061033248901
10.7448958333333,1.02239847183228
10.7482291666667,1.02412700653076
10.7515625,1.02579593658447
10.7548958333333,1.02734565734863
10.7582291666667,1.02883577346802
10.7615625,1.03020668029785
10.7648958333333,1.03157758712769
10.7682291666667,1.03288888931274
10.7715625,1.03425979614258
10.7748958333333,1.03563070297241
10.7782291666667,1.03706121444702
10.7815625,1.03861093521118
10.7848958333333,1.04027986526489
10.7882291666667,1.04218721389771
10.7915625,1.04433298110962
10.7948958333333,1.04683637619019
10.7982291666667,1.04975700378418
10.8015625,1.05315446853638
10.8048958333333,1.0572075843811
10.8082291666667,1.06197595596313
10.8115625,1.0676383972168
10.8148958333333,1.07425451278687
10.8182291666667,1.08206272125244
10.8215625,1.09118223190308
10.8248958333333,1.1017918586731
10.8282291666667,1.11407041549683
10.8315625,1.12825632095337
10.8348958333333,1.14452838897705
10.8382291666667,1.16294622421265
10.8415625,1.18374824523926
10.8448958333333,1.20687484741211
10.8482291666667,1.23250484466553
10.8515625,1.26045942306519
10.8548958333333,1.29067897796631
10.8582291666667,1.32298469543457
10.8615625,1.35719776153564
10.8648958333333,1.39307975769043
10.8682291666667,1.43027305603027
10.8715625,1.46853923797607
10.8748958333333,1.50758028030396
10.8782291666667,1.54703855514526
10.8815625,1.5866756439209
10.8848958333333,1.62637233734131
10.8882291666667,1.66594982147217
10.8915625,1.70546770095825
10.8948958333333,1.74504518508911
10.8982291666667,1.78486108779907
10.9015625,1.82533264160156
10.9048958333333,1.86681747436523
10.9082291666667,1.90979242324829
10.9115625,1.95485353469849
10.9148958333333,2.00235843658447
10.9182291666667,2.05260515213013
10.9215625,2.10583209991455
10.9248958333333,2.16197967529297
10.9282291666667,2.2207498550415
10.9315625,2.2815465927124
10.9348958333333,2.34359502792358
10.9382291666667,2.40570306777954
10.9415625,2.46661901473999
10.9448958333333,2.52467393875122
10.9482291666667,2.57837772369385
10.9515625,2.62594223022461
10.9548958333333,2.66587734222412
10.9582291666667,2.69657373428345
10.9615625,2.7167797088623
10.9648958333333,2.72560119628906
10.9682291666667,2.72232294082642
10.9715625,2.70670652389526
10.9748958333333,2.67881155014038
10.9782291666667,2.63923406600952
10.9815625,2.58868932723999
10.9848958333333,2.52836942672729
10.9882291666667,2.45964527130127
10.9915625,2.38412618637085
10.9948958333333,2.3033618927002
10.9982291666667,2.21914052963257
11.0015625,2.1330714225769
11.0048958333333,2.04676389694214
11.0082291666667,1.96158885955811
11.0115625,1.87879800796509
11.0148958333333,1.79940462112427
11.0182291666667,1.7242431640625
11.0215625,1.65390968322754
11.0248958333333,1.58870220184326
11.0282291666667,1.52897834777832
11.0315625,1.47455930709839
11.0348958333333,1.42544507980347
11.0382291666667,1.38133764266968
11.0415625,1.34193897247314
11.0448958333333,1.30683183670044
11.0482291666667,1.27577781677246
11.0515625,1.24824047088623
11.0548958333333,1.22392177581787
11.0582291666667,1.20240449905396
11.0615625,1.18350982666016
11.0648958333333,1.16682052612305
11.0682291666667,1.1521577835083
11.0715625,1.13934278488159
11.0748958333333,1.12807750701904
11.0782291666667,1.11830234527588
11.0815625,1.109778881073
11.0848958333333,1.10232830047607
11.0882291666667,1.09595060348511
11.0915625,1.09034776687622
11.0948958333333,1.08551979064941
11.0982291666667,1.08134746551514
11.1015625,1.07765197753906
11.1048958333333,1.07449293136597
11.1082291666667,1.0717511177063
11.1115625,1.06936693191528
11.1148958333333,1.06734037399292
11.1182291666667,1.06561183929443
11.1215625,1.06412172317505
11.1248958333333,1.06287002563477
11.1282291666667,1.06179714202881
11.1315625,1.06090307235718
11.1348958333333,1.0601282119751
11.1382291666667,1.05947256088257
11.1415625,1.05887651443481
11.1448958333333,1.05834007263184
11.1482291666667,1.05792284011841
11.1515625,1.05750560760498
11.1548958333333,1.0572075843811
11.1582291666667,1.056969165802
11.1615625,1.0567307472229
11.1648958333333,1.0564923286438
11.1682291666667,1.05631351470947
11.1715625,1.05613470077515
11.1748958333333,1.05589628219604
11.1782291666667,1.05559825897217
11.1815625,1.05524063110352
11.1848958333333,1.05476379394531
11.1882291666667,1.05416774749756
11.1915625,1.05351209640503
11.1948958333333,1.05273723602295
11.1982291666667,1.05190277099609
11.2015625,1.05106830596924
11.2048958333333,1.05023384094238
11.2082291666667,1.04939937591553
11.2115625,1.04868412017822
11.2148958333333,1.04802846908569
11.2182291666667,1.04749202728271
11.2215625,1.04701519012451
11.2248958333333,1.04665756225586
11.2282291666667,1.04635953903198
11.2315625,1.04606151580811
11.2348958333333,1.04570388793945
11.2382291666667,1.0453462600708
11.2415625,1.0448694229126
11.2448958333333,1.04427337646484
11.2482291666667,1.04349851608276
11.2515625,1.04254484176636
11.2548958333333,1.0414719581604
11.2582291666667,1.04022026062012
11.2615625,1.03878974914551
11.2648958333333,1.03724002838135
11.2682291666667,1.03563070297241
11.2715625,1.0339617729187
11.2748958333333,1.03223323822021
11.2782291666667,1.0305643081665
11.2815625,1.02895498275757
11.2848958333333,1.02734565734863
11.2882291666667,1.02585554122925
11.2915625,1.02448463439941
11.2948958333333,1.02317333221436
11.2982291666667,1.02192163467407
11.3015625,1.02084875106812
11.3048958333333,1.01989507675171
11.3082291666667,1.0191798210144
11.3115625,1.01864337921143
11.3148958333333,1.01834535598755
11.3182291666667,1.01828575134277
11.3215625,1.01834535598755
11.3248958333333,1.01858377456665
11.3282291666667,1.0189414024353
11.3315625,1.01929903030396
11.3348958333333,1.01959705352783
11.3382291666667,1.01983547210693
11.3415625,1.02001428604126
11.3448958333333,1.02001428604126
11.3482291666667,1.01995468139648
11.3515625,1.01983547210693
11.3548958333333,1.01959705352783
11.3582291666667,1.01935863494873
11.3615625,1.0191798210144
11.3648958333333,1.01900100708008
11.3682291666667,1.01888179779053
11.3715625,1.01888179779053
11.3748958333333,1.01900100708008
11.3782291666667,1.0191798210144
11.3815625,1.01947784423828
11.3848958333333,1.01989507675171
11.3882291666667,1.02037191390991
11.3915625,1.02096796035767
11.3948958333333,1.02168321609497
11.3982291666667,1.02245807647705
11.4015625,1.02329254150391
11.4048958333333,1.02424621582031
11.4082291666667,1.02525949478149
11.4115625,1.02633237838745
11.4148958333333,1.02752447128296
11.4182291666667,1.02883577346802
11.4215625,1.03014707565308
11.4248958333333,1.03151798248291
11.4282291666667,1.03288888931274
11.4315625,1.03425979614258
11.4348958333333,1.03569030761719
11.4382291666667,1.0371208190918
11.4415625,1.03849172592163
11.4448958333333,1.03986263275146
11.4482291666667,1.04111433029175
11.4515625,1.04236602783203
11.4548958333333,1.04355812072754
11.4582291666667,1.0446310043335
11.4615625,1.04564428329468
11.4648958333333,1.04653835296631
11.4682291666667,1.04731321334839
11.4715625,1.04802846908569
11.4748958333333,1.048743724823
11.4782291666667,1.04939937591553
11.4815625,1.05011463165283
11.4848958333333,1.05088949203491
11.4882291666667,1.05166435241699
11.4915625,1.05249881744385
11.4948958333333,1.05339288711548
11.4982291666667,1.05434656143188
11.5015625,1.05518102645874
11.5048958333333,1.0560154914856
11.5082291666667,1.05679035186768
11.5115625,1.05738639831543
11.5148958333333,1.05786323547363
11.5182291666667,1.05828046798706
11.5215625,1.05857849121094
11.5248958333333,1.05881690979004
11.5282291666667,1.05899572372437
11.5315625,1.05911493301392
11.5348958333333,1.05929374694824
11.5382291666667,1.05953216552734
11.5415625,1.05983018875122
11.5448958333333,1.06018781661987
11.5482291666667,1.06066465377808
11.5515625,1.06120109558105
11.5548958333333,1.06185674667358
11.5582291666667,1.06251239776611
11.5615625,1.06322765350342
11.5648958333333,1.06394290924072
11.5682291666667,1.06465816497803
11.5715625,1.06531381607056
11.5748958333333,1.06590986251831
11.5782291666667,1.06644630432129
11.5815625,1.06686353683472
11.5848958333333,1.06716156005859
11.5882291666667,1.06728076934814
11.5915625,1.06728076934814
11.5948958333333,1.06710195541382
11.5982291666667,1.06668472290039
11.6015625,1.06602907180786
11.6048958333333,1.06513500213623
11.6082291666667,1.0640025138855
11.6115625,1.06263160705566
11.6148958333333,1.0610818862915
11.6182291666667,1.05929374694824
11.6215625,1.05732679367065
11.6248958333333,1.05530023574829
11.6282291666667,1.05321407318115
11.6315625,1.05118751525879
11.6348958333333,1.0492205619812
11.6382291666667,1.04737281799316
11.6415625,1.04570388793945
11.6448958333333,1.04421377182007
11.6482291666667,1.04290246963501
11.6515625,1.04176998138428
11.6548958333333,1.04087591171265
11.6582291666667,1.04022026062012
11.6615625,1.03968381881714
11.6648958333333,1.03932619094849
11.6682291666667,1.03908777236938
11.6715625,1.03890895843506
11.6748958333333,1.03884935379028
11.6782291666667,1.03878974914551
11.6815625,1.03884935379028
11.6848958333333,1.03890895843506
11.6882291666667,1.03890895843506
11.6915625,1.03890895843506
11.6948958333333,1.03896856307983
11.6982291666667,1.03896856307983
11.7015625,1.03896856307983
11.7048958333333,1.03896856307983
11.7082291666667,1.03896856307983
11.7115625,1.03902816772461
11.7148958333333,1.03914737701416
11.7182291666667,1.03926658630371
11.7215625,1.03950500488281
11.7248958333333,1.03980302810669
11.7282291666667,1.04016065597534
11.7315625,1.04063749313354
11.7348958333333,1.04117393493652
11.7382291666667,1.04182958602905
11.7415625,1.04260444641113
11.7448958333333,1.04349851608276
11.7482291666667,1.04445219039917
11.7515625,1.04552507400513
11.7548958333333,1.04671716690063
11.7582291666667,1.04802846908569
11.7615625,1.04939937591553
11.7648958333333,1.05082988739014
11.7682291666667,1.05232000350952
11.7715625,1.05381011962891
11.7748958333333,1.05524063110352
11.7782291666667,1.05655193328857
11.7815625,1.05774402618408
11.7848958333333,1.05881690979004
11.7882291666667,1.05965137481689
11.7915625,1.06030702590942
11.7948958333333,1.06072425842285
11.7982291666667,1.06102228164673
11.8015625,1.06114149093628
11.8048958333333,1.0610818862915
11.8082291666667,1.06102228164673
11.8115625,1.0608434677124
11.8148958333333,1.0606050491333
11.8182291666667,1.06030702590942
11.8215625,1.06000900268555
11.8248958333333,1.05959177017212
11.8282291666667,1.05917453765869
11.8315625,1.05863809585571
11.8348958333333,1.05804204940796
11.8382291666667,1.05726718902588
11.8415625,1.05643272399902
11.8448958333333,1.05541944503784
11.8482291666667,1.05434656143188
11.8515625,1.05315446853638
11.8548958333333,1.05196237564087
11.8582291666667,1.05065107345581
11.8615625,1.04933977127075
11.8648958333333,1.04808807373047
11.8682291666667,1.04677677154541
11.8715625,1.04546546936035
11.8748958333333,1.04427337646484
11.8782291666667,1.04308128356934
11.8815625,1.04188919067383
11.8848958333333,1.0407567024231
11.8882291666667,1.03968381881714
11.8915625,1.03861093521118
11.8948958333333,1.03765726089478
11.8982291666667,1.03670358657837
11.9015625,1.03586912155151
11.9048958333333,1.03509426116943
11.9082291666667,1.0344386100769
11.9115625,1.03390216827393
11.9148958333333,1.0334849357605
11.9182291666667,1.03312730789185
11.9215625,1.03288888931274
11.9248958333333,1.03265047073364
11.9282291666667,1.03247165679932
11.9315625,1.03223323822021
11.9348958333333,1.03193521499634
11.9382291666667,1.03151798248291
11.9415625,1.03104114532471
11.9448958333333,1.03050470352173
11.9482291666667,1.02990865707397
11.9515625,1.02925300598145
11.9548958333333,1.02859735488892
11.9582291666667,1.02794170379639
11.9615625,1.02734565734863
11.9648958333333,1.02686882019043
11.9682291666667,1.02639198303223
11.9715625,1.02609395980835
11.9748958333333,1.02579593658447
11.9782291666667,1.02561712265015
11.9815625,1.02555751800537
11.9848958333333,1.02561712265015
11.9882291666667,1.02579593658447
11.9915625,1.02603435516357
11.9948958333333,1.026451587677
11.9982291666667,1.02692842483521
12.0015625,1.02752447128296
12.0048958333333,1.02812051773071
12.0082291666667,1.02883577346802
12.0115625,1.02949142456055
12.0148958333333,1.03014707565308
12.0182291666667,1.03074312210083
12.0215625,1.03127956390381
12.0248958333333,1.03181600570679
12.0282291666667,1.03223323822021
12.0315625,1.03259086608887
12.0348958333333,1.03288888931274
12.0382291666667,1.03318691253662
12.0415625,1.03354454040527
12.0448958333333,1.03384256362915
12.0482291666667,1.03425979614258
12.0515625,1.03467702865601
12.0548958333333,1.03515386581421
12.0582291666667,1.03574991226196
12.0615625,1.03634595870972
12.0648958333333,1.03706121444702
12.0682291666667,1.03777647018433
12.0715625,1.03861093521118
12.0748958333333,1.03944540023804
12.0782291666667,1.04039907455444
12.0815625,1.04129314422607
12.0848958333333,1.04224681854248
12.0882291666667,1.04314088821411
12.0915625,1.04403495788574
12.0948958333333,1.04492902755737
12.0982291666667,1.045823097229
12.1015625,1.04665756225586
12.1048958333333,1.04749202728271
12.1082291666667,1.04826688766479
12.1115625,1.04904174804688
12.1148958333333,1.04981660842896
12.1182291666667,1.05047225952148
12.1215625,1.05100870132446
12.1248958333333,1.05148553848267
12.1282291666667,1.05184316635132
12.1315625,1.05208158493042
12.1348958333333,1.05220079421997
12.1382291666667,1.05226039886475
12.1415625,1.05220079421997
12.1448958333333,1.0521411895752
12.1482291666667,1.05202198028564
12.1515625,1.05196237564087
12.1548958333333,1.05184316635132
12.1582291666667,1.05184316635132
12.1615625,1.05178356170654
12.1648958333333,1.05184316635132
12.1682291666667,1.05184316635132
12.1715625,1.05190277099609
12.1748958333333,1.05196237564087
12.1782291666667,1.0521411895752
12.1815625,1.05232000350952
12.1848958333333,1.0526180267334
12.1882291666667,1.05303525924683
12.1915625,1.05351209640503
12.1948958333333,1.05410814285278
12.1982291666667,1.05476379394531
12.2015625,1.05559825897217
12.2048958333333,1.05643272399902
12.2082291666667,1.05732679367065
12.2115625,1.05834007263184
12.2148958333333,1.05935335159302
12.2182291666667,1.06048583984375
12.2215625,1.06167793273926
12.2248958333333,1.06292963027954
12.2282291666667,1.06436014175415
12.2315625,1.06596946716309
12.2348958333333,1.0676383972168
12.2382291666667,1.06948614120483
12.2415625,1.07145309448242
12.2448958333333,1.07353925704956
12.2482291666667,1.07568502426147
12.2515625,1.07777118682861
12.2548958333333,1.07985734939575
12.2582291666667,1.08182430267334
12.2615625,1.08355283737183
12.2648958333333,1.08516216278076
12.2682291666667,1.08647346496582
12.2715625,1.08754634857178
12.2748958333333,1.08832120895386
12.2782291666667,1.08885765075684
12.2815625,1.08915567398071
12.2848958333333,1.08921527862549
12.2882291666667,1.08909606933594
12.2915625,1.08885765075684
12.2948958333333,1.08850002288818
12.2982291666667,1.08808279037476
12.3015625,1.08754634857178
12.3048958333333,1.0870099067688
12.3082291666667,1.08647346496582
12.3115625,1.08587741851807
12.3148958333333,1.08528137207031
12.3182291666667,1.08468532562256
12.3215625,1.0840892791748
12.3248958333333,1.08355283737183
12.3282291666667,1.08307600021362
12.3315625,1.08259916305542
12.3348958333333,1.08218193054199
12.3382291666667,1.08176469802856
12.3415625,1.08134746551514
12.3448958333333,1.08093023300171
12.3482291666667,1.08051300048828
12.3515625,1.08003616333008
12.3548958333333,1.0794997215271
12.3582291666667,1.07890367507935
12.3615625,1.07824802398682
12.3648958333333,1.07747316360474
12.3682291666667,1.07669830322266
12.3715625,1.07580423355103
12.3748958333333,1.07485055923462
12.3782291666667,1.07377767562866
12.3815625,1.07258558273315
12.3848958333333,1.0712742805481
12.3882291666667,1.06978416442871
12.3915625,1.068115234375
12.3948958333333,1.06632709503174
12.3982291666667,1.06441974639893
12.4015625,1.06239318847656
12.4048958333333,1.06030702590942
12.4082291666667,1.05816125869751
12.4115625,1.0560154914856
12.4148958333333,1.05381011962891
12.4182291666667,1.05160474777222
12.4215625,1.0494589805603
12.4248958333333,1.04725360870361
12.4282291666667,1.0451078414917
12.4315625,1.04296207427979
12.4348958333333,1.04081630706787
12.4382291666667,1.03873014450073
12.4415625,1.03676319122314
12.4448958333333,1.03491544723511
12.4482291666667,1.03330612182617
12.4515625,1.03193521499634
12.4548958333333,1.03098154067993
12.4582291666667,1.03038549423218
12.4615625,1.03026628494263
12.4648958333333,1.03062391281128
12.4682291666667,1.03145837783813
12.4715625,1.03271007537842
12.4748958333333,1.0344386100769
12.4782291666667,1.03646516799927
12.4815625,1.03873014450073
12.4848958333333,1.04117393493652
12.4882291666667,1.04373693466187
12.4915625,1.04635953903198
12.4948958333333,1.04892253875732
12.4982291666667,1.05130672454834
12.5015625,1.0535717010498
12.5048958333333,1.05559825897217
12.5082291666667,1.05738639831543
12.5115625,1.05893611907959
12.5148958333333,1.06018781661987
12.5182291666667,1.06114149093628
12.5215625,1.06179714202881
12.5248958333333,1.06215476989746
12.5282291666667,1.06227397918701
12.5315625,1.06221437454224
12.5348958333333,1.06185674667358
12.5382291666667,1.06137990951538
12.5415625,1.06072425842285
12.5448958333333,1.06000900268555
12.5482291666667,1.05911493301392
12.5515625,1.05816125869751
12.5548958333333,1.05714797973633
12.5582291666667,1.0560154914856
12.5615625,1.05488300323486
12.5648958333333,1.05363130569458
12.5682291666667,1.0523796081543
12.5715625,1.05112791061401
12.5748958333333,1.04987621307373
12.5782291666667,1.04862451553345
12.5815625,1.04749202728271
12.5848958333333,1.04647874832153
12.5882291666667,1.04552507400513
12.5915625,1.04475021362305
12.5948958333333,1.04415416717529
12.5982291666667,1.04373693466187
12.6015625,1.04349851608276
12.6048958333333,1.04349851608276
12.6082291666667,1.04373693466187
12.6115625,1.04415416717529
12.6148958333333,1.04480981826782
12.6182291666667,1.04564428329468
12.6215625,1.04671716690063
12.6248958333333,1.04790925979614
12.6282291666667,1.0492205619812
12.6315625,1.05053186416626
12.6348958333333,1.05184316635132
12.6382291666667,1.0530948638916
12.6415625,1.05416774749756
12.6448958333333,1.05512142181396
12.6482291666667,1.05583667755127
12.6515625,1.05637311935425
12.6548958333333,1.0567307472229
12.6582291666667,1.05684995651245
12.6615625,1.05679035186768
12.6648958333333,1.05661153793335
12.6682291666667,1.05637311935425
12.6715625,1.05595588684082
12.6748958333333,1.05553865432739
12.6782291666667,1.05500221252441
12.6815625,1.05452537536621
12.6848958333333,1.05404853820801
12.6882291666667,1.05363130569458
12.6915625,1.0533332824707
12.6948958333333,1.05321407318115
12.6982291666667,1.05321407318115
12.7015625,1.05339288711548
12.7048958333333,1.05375051498413
12.7082291666667,1.05434656143188
12.7115625,1.05506181716919
12.7148958333333,1.0560154914856
12.7182291666667,1.05708837509155
12.7215625,1.05828046798706
12.7248958333333,1.05965137481689
12.7282291666667,1.06114149093628
12.7315625,1.06281042098999
12.7348958333333,1.06459856033325
12.7382291666667,1.06650590896606
12.7415625,1.0685920715332
12.7448958333333,1.07079744338989
12.7482291666667,1.07306241989136
12.7515625,1.07550621032715
12.7548958333333,1.07795000076294
12.7582291666667,1.08045339584351
12.7615625,1.08295679092407
12.7648958333333,1.08551979064941
12.7682291666667,1.08814239501953
12.7715625,1.09076499938965
12.7748958333333,1.09338760375977
12.7782291666667,1.09612941741943
12.7815625,1.0988712310791
12.7848958333333,1.10161304473877
12.7882291666667,1.10441446304321
12.7915625,1.10715627670288
12.7948958333333,1.10983848571777
12.7982291666667,1.11246109008789
12.8015625,1.11496448516846
12.8048958333333,1.1172890663147
12.8082291666667,1.11943483352661
12.8115625,1.1214017868042
12.8148958333333,1.12313032150269
12.8182291666667,1.12468004226685
12.8215625,1.12593173980713
12.8248958333333,1.12700462341309
12.8282291666667,1.12777948379517
12.8315625,1.12825632095337
12.8348958333333,1.12855434417725
12.8382291666667,1.12861394882202
12.8415625,1.12849473953247
12.8448958333333,1.12819671630859
12.8482291666667,1.12771987915039
12.8515625,1.12718343734741
12.8548958333333,1.12652778625488
12.8582291666667,1.12587213516235
12.8615625,1.12515687942505
12.8648958333333,1.12450122833252
12.8682291666667,1.12384557723999
12.8715625,1.12318992614746
12.8748958333333,1.12259387969971
12.8782291666667,1.12205743789673
12.8815625,1.12152099609375
12.8848958333333,1.12104415893555
12.8882291666667,1.12050771713257
12.8915625,1.11997127532959
12.8948958333333,1.11943483352661
12.8982291666667,1.11877918243408
12.9015625,1.11818313598633
12.9048958333333,1.11746788024902
12.9082291666667,1.11669301986694
12.9115625,1.11591815948486
12.9148958333333,1.11514329910278
12.9182291666667,1.11424922943115
12.9215625,1.11335515975952
12.9248958333333,1.11240148544312
12.9282291666667,1.11138820648193
12.9315625,1.11031532287598
12.9348958333333,1.10918283462524
12.9382291666667,1.10793113708496
12.9415625,1.1066198348999
12.9448958333333,1.10524892807007
12.9482291666667,1.10381841659546
12.9515625,1.10232830047607
12.9548958333333,1.10083818435669
12.9582291666667,1.09928846359253
12.9615625,1.09779834747314
12.9648958333333,1.09630823135376
12.9682291666667,1.0947585105896
12.9715625,1.09320878982544
12.9748958333333,1.09165906906128
12.9782291666667,1.09004974365234
12.9815625,1.08838081359863
12.9848958333333,1.0867714881897
12.9882291666667,1.08516216278076
12.9915625,1.08367204666138
12.9948958333333,1.08224153518677
12.9982291666667,1.08098983764648
13.0015625,1.0799765586853
13.0048958333333,1.07920169830322
13.0082291666667,1.07866525650024
13.0115625,1.07842683792114
13.0148958333333,1.07830762863159
13.0182291666667,1.07842683792114
13.0215625,1.07860565185547
13.0248958333333,1.07890367507935
13.0282291666667,1.07920169830322
13.0315625,1.0794997215271
13.0348958333333,1.07967853546143
13.0382291666667,1.0797381401062
13.0415625,1.0797381401062
13.0448958333333,1.07961893081665
13.0482291666667,1.07938051223755
13.0515625,1.07908248901367
13.0548958333333,1.07866525650024
13.0582291666667,1.07818841934204
13.0615625,1.07765197753906
13.0648958333333,1.07711553573608
13.0682291666667,1.07651948928833
13.0715625,1.07592344284058
13.0748958333333,1.0753870010376
13.0782291666667,1.07485055923462
13.0815625,1.07443332672119
13.0848958333333,1.07419490814209
13.0882291666667,1.07413530349731
13.0915625,1.07425451278687
13.0948958333333,1.07455253601074
13.0982291666667,1.07502937316895
13.1015625,1.07568502426147
13.1048958333333,1.07645988464355
13.1082291666667,1.07735395431519
13.1115625,1.07830762863159
13.1148958333333,1.07932090759277
13.1182291666667,1.08027458190918
13.1215625,1.08128786087036
13.1248958333333,1.08218193054199
13.1282291666667,1.08307600021362
13.1315625,1.08391046524048
13.1348958333333,1.08468532562256
13.1382291666667,1.08540058135986
13.1415625,1.08617544174194
13.1448958333333,1.08689069747925
13.1482291666667,1.0877251625061
13.1515625,1.08855962753296
13.1548958333333,1.08951330184937
13.1582291666667,1.09058618545532
13.1615625,1.09171867370605
13.1648958333333,1.09291076660156
13.1682291666667,1.09410285949707
13.1715625,1.09529495239258
13.1748958333333,1.09648704528809
13.1782291666667,1.09750032424927
13.1815625,1.09845399856567
13.1848958333333,1.09928846359253
13.1882291666667,1.10000371932983
13.1915625,1.10065937042236
13.1948958333333,1.10119581222534
13.1982291666667,1.10167264938354
13.2015625,1.1020302772522
13.2048958333333,1.10238790512085
13.2082291666667,1.10268592834473
13.2115625,1.10292434692383
13.2148958333333,1.10304355621338
13.2182291666667,1.10316276550293
13.2215625,1.10328197479248
13.2248958333333,1.10340118408203
13.2282291666667,1.10352039337158
13.2315625,1.10375881195068
13.2348958333333,1.10405683517456
13.2382291666667,1.10447406768799
13.2415625,1.10495090484619
13.2448958333333,1.10554695129395
13.2482291666667,1.10608339309692
13.2515625,1.1066198348999
13.2548958333333,1.10703706741333
13.2582291666667,1.10739469528198
13.2615625,1.10757350921631
13.2648958333333,1.10763311386108
13.2682291666667,1.10757350921631
13.2715625,1.10733509063721
13.2748958333333,1.10691785812378
13.2782291666667,1.10644102096558
13.2815625,1.10584497451782
13.2848958333333,1.10518932342529
13.2882291666667,1.10447406768799
13.2915625,1.10369920730591
13.2948958333333,1.10292434692383
13.2982291666667,1.10214948654175
13.3015625,1.10143423080444
13.3048958333333,1.10077857971191
13.3082291666667,1.10018253326416
13.3115625,1.09970569610596
13.3148958333333,1.09940767288208
13.3182291666667,1.09922885894775
13.3215625,1.09922885894775
13.3248958333333,1.09946727752686
13.3282291666667,1.09982490539551
13.3315625,1.10036134719849
13.3348958333333,1.10107660293579
13.3382291666667,1.10185146331787
13.3415625,1.10280513763428
13.3448958333333,1.10381841659546
13.3482291666667,1.10489130020142
13.3515625,1.10596418380737
13.3548958333333,1.10709667205811
13.3582291666667,1.10822916030884
13.3615625,1.10936164855957
13.3648958333333,1.1104941368103
13.3682291666667,1.11168622970581
13.3715625,1.11287832260132
13.3748958333333,1.1141300201416
13.3782291666667,1.11544132232666
13.3815625,1.11681222915649
13.3848958333333,1.11812353134155
13.3882291666667,1.11943483352661
13.3915625,1.12068653106689
13.3948958333333,1.12181901931763
13.3982291666667,1.12283229827881
13.4015625,1.12360715866089
13.4048958333333,1.12414360046387
13.4082291666667,1.12444162368774
13.4115625,1.12450122833252
13.4148958333333,1.12420320510864
13.4182291666667,1.12372636795044
13.4215625,1.12307071685791
13.4248958333333,1.12223625183105
13.4282291666667,1.12134218215942
13.4315625,1.12038850784302
13.4348958333333,1.11949443817139
13.4382291666667,1.11871957778931
13.4415625,1.11818313598633
13.4448958333333,1.11782550811768
13.4482291666667,1.11782550811768
13.4515625,1.11806392669678
13.4548958333333,1.11865997314453
13.4582291666667,1.11961364746094
13.4615625,1.12086534500122
13.4648958333333,1.12235546112061
13.4682291666667,1.12408399581909
13.4715625,1.1259913444519
13.4748958333333,1.12807750701904
13.4782291666667,1.13016366958618
13.4815625,1.1323094367981
13.4848958333333,1.13439559936523
13.4882291666667,1.13654136657715
13.4915625,1.13856792449951
13.4948958333333,1.14047527313232
13.4982291666667,1.14238262176514
13.5015625,1.14411115646362
13.5048958333333,1.14566087722778
13.5082291666667,1.14709138870239
13.5115625,1.14834308624268
13.5148958333333,1.14941596984863
13.5182291666667,1.15025043487549
13.5215625,1.15084648132324
13.5248958333333,1.15120410919189
13.5282291666667,1.15132331848145
13.5315625,1.15126371383667
13.5348958333333,1.15096569061279
13.5382291666667,1.15054845809937
13.5415625,1.14989280700684
13.5448958333333,1.14905834197998
13.5482291666667,1.14798545837402
13.5515625,1.14679336547852
13.5548958333333,1.14542245864868
13.5582291666667,1.14387273788452
13.5615625,1.14220380783081
13.5648958333333,1.14047527313232
13.5682291666667,1.13868713378906
13.5715625,1.13695859909058
13.5748958333333,1.13523006439209
13.5782291666667,1.13356113433838
13.5815625,1.13207101821899
13.5848958333333,1.13064050674438
13.5882291666667,1.1293888092041
13.5915625,1.12831592559814
13.5948958333333,1.12730264663696
13.5982291666667,1.12652778625488
13.6015625,1.12581253051758
13.6048958333333,1.1252760887146
13.6082291666667,1.12485885620117
13.6115625,1.12456083297729
13.6148958333333,1.12444162368774
13.6182291666667,1.12450122833252
13.6215625,1.12462043762207
13.6248958333333,1.12491846084595
13.6282291666667,1.12533569335938
13.6315625,1.12593173980713
13.6348958333333,1.12664699554443
13.6382291666667,1.12754106521606
13.6415625,1.12861394882202
13.6448958333333,1.1298656463623
13.6482291666667,1.13129615783691
13.6515625,1.13290548324585
13.6548958333333,1.13463401794434
13.6582291666667,1.13654136657715
13.6615625,1.13850831985474
13.6648958333333,1.14059448242188
13.6682291666667,1.14262104034424
13.6715625,1.14458799362183
13.6748958333333,1.14649534225464
13.6782291666667,1.14822387695313
13.6815625,1.14983320236206
13.6848958333333,1.15120410919189
13.6882291666667,1.1523962020874
13.6915625,1.15334987640381
13.6948958333333,1.15400552749634
13.6982291666667,1.15436315536499
13.7015625,1.15442276000977
13.7048958333333,1.15418434143066
13.7082291666667,1.15364789962769
13.7115625,1.15281343460083
13.7148958333333,1.15174055099487
13.7182291666667,1.15036964416504
13.7215625,1.14881992340088
13.7248958333333,1.14715099334717
13.7282291666667,1.14542245864868
13.7315625,1.14363431930542
13.7348958333333,1.14196538925171
13.7382291666667,1.14041566848755
13.7415625,1.13910436630249
13.7448958333333,1.13797187805176
13.7482291666667,1.1371374130249
13.7515625,1.13660097122192
13.7548958333333,1.13636255264282
13.7582291666667,1.1364221572876
13.7615625,1.13677978515625
13.7648958333333,1.13731622695923
13.7682291666667,1.13815069198608
13.7715625,1.13910436630249
13.7748958333333,1.14023685455322
13.7782291666667,1.14148855209351
13.7815625,1.14291906356812
13.7848958333333,1.1444091796875
13.7882291666667,1.14607810974121
13.7915625,1.1478066444397
13.7948958333333,1.14959478378296
13.7982291666667,1.15150213241577
13.8015625,1.15340948104858
13.8048958333333,1.15543603897095
13.8082291666667,1.15746259689331
13.8115625,1.1594295501709
13.8148958333333,1.16139650344849
13.8182291666667,1.16324424743652
13.8215625,1.16497278213501
13.8248958333333,1.16652250289917
13.8282291666667,1.16783380508423
13.8315625,1.16890668869019
13.8348958333333,1.16968154907227
13.8382291666667,1.17015838623047
13.8415625,1.17027759552002
13.8448958333333,1.17009878158569
13.8482291666667,1.16968154907227
13.8515625,1.16896629333496
13.8548958333333,1.16801261901855
13.8582291666667,1.1669397354126
13.8615625,1.16568803787231
13.8648958333333,1.16431713104248
13.8682291666667,1.16288661956787
13.8715625,1.16133689880371
13.8748958333333,1.15978717803955
13.8782291666667,1.15811824798584
13.8815625,1.15638971328735
13.8848958333333,1.15466117858887
13.8882291666667,1.15281343460083
13.8915625,1.15096569061279
13.8948958333333,1.14911794662476
13.8982291666667,1.14727020263672
13.9015625,1.14542245864868
13.9048958333333,1.14363431930542
13.9082291666667,1.14190578460693
13.9115625,1.140296459198
13.9148958333333,1.13880634307861
13.9182291666667,1.13743543624878
13.9215625,1.1361837387085
13.9248958333333,1.13511085510254
13.9282291666667,1.13421678543091
13.9315625,1.13344192504883
13.9348958333333,1.1327862739563
13.9382291666667,1.1323094367981
13.9415625,1.13201141357422
13.9448958333333,1.13189220428467
13.9482291666667,1.13201141357422
13.9515625,1.1323094367981
13.9548958333333,1.1327862739563
13.9582291666667,1.13344192504883
13.9615625,1.13421678543091
13.9648958333333,1.13511085510254
13.9682291666667,1.13612413406372
13.9715625,1.13707780838013
13.9748958333333,1.13809108734131
13.9782291666667,1.13898515701294
13.9815625,1.13981962203979
13.9848958333333,1.14059448242188
13.9882291666667,1.1412501335144
13.9915625,1.14184617996216
13.9948958333333,1.14238262176514
13.9982291666667,1.14297866821289
14.0015625,1.14357471466064
14.0048958333333,1.14423036575317
14.0082291666667,1.14500522613525
14.0115625,1.14595890045166
14.0148958333333,1.14709138870239
14.0182291666667,1.14834308624268
14.0215625,1.14977359771729
14.0248958333333,1.15126371383667
14.0282291666667,1.15287303924561
14.0315625,1.15448236465454
14.0348958333333,1.15615129470825
14.0382291666667,1.15770101547241
14.0415625,1.1591911315918
14.0448958333333,1.16056203842163
14.0482291666667,1.16181373596191
14.0515625,1.16288661956787
14.0548958333333,1.16389989852905
14.0582291666667,1.16473436355591
14.0615625,1.16544961929321
14.0648958333333,1.16610527038574
14.0682291666667,1.16658210754395
14.0715625,1.1669397354126
14.0748958333333,1.1671781539917
14.0782291666667,1.16729736328125
14.0815625,1.16735696792603
14.0848958333333,1.16723775863647
14.0882291666667,1.16705894470215
14.0915625,1.16682052612305
14.0948958333333,1.16658210754395
14.0982291666667,1.16628408432007
14.1015625,1.16598606109619
14.1048958333333,1.16574764251709
14.1082291666667,1.16544961929321
14.1115625,1.16521120071411
14.1148958333333,1.16497278213501
14.1182291666667,1.16473436355591
14.1215625,1.16449594497681
14.1248958333333,1.16431713104248
14.1282291666667,1.16407871246338
14.1315625,1.16389989852905
14.1348958333333,1.1637806892395
14.1382291666667,1.16366147994995
14.1415625,1.16366147994995
14.1448958333333,1.16372108459473
14.1482291666667,1.1637806892395
14.1515625,1.16395950317383
14.1548958333333,1.16419792175293
14.1582291666667,1.16443634033203
14.1615625,1.16461515426636
14.1648958333333,1.16479396820068
14.1682291666667,1.16491317749023
14.1715625,1.16497278213501
14.1748958333333,1.16497278213501
14.1782291666667,1.16491317749023
14.1815625,1.16473436355591
14.1848958333333,1.16449594497681
14.1882291666667,1.16419792175293
14.1915625,1.16395950317383
14.1948958333333,1.16366147994995
14.1982291666667,1.16336345672607
14.2015625,1.16300582885742
14.2048958333333,1.16264820098877
14.2082291666667,1.16229057312012
14.2115625,1.16187334060669
14.2148958333333,1.16145610809326
14.2182291666667,1.16109848022461
14.2215625,1.16074085235596
14.2248958333333,1.16044282913208
14.2282291666667,1.16032361984253
14.2315625,1.16026401519775
14.2348958333333,1.1603832244873
14.2382291666667,1.16062164306641
14.2415625,1.16091966629028
14.2448958333333,1.16127729415894
14.2482291666667,1.16175413131714
14.2515625,1.16217136383057
14.2548958333333,1.16264820098877
14.2582291666667,1.1630654335022
14.2615625,1.16348266601563
14.2648958333333,1.16384029388428
14.2682291666667,1.16425752639771
14.2715625,1.16461515426636
14.2748958333333,1.16503238677979
14.2782291666667,1.16544961929321
14.2815625,1.16586685180664
14.2848958333333,1.16634368896484
14.2882291666667,1.16682052612305
14.2915625,1.16735696792603
14.2948958333333,1.16795301437378
14.2982291666667,1.16854906082153
14.3015625,1.16914510726929
14.3048958333333,1.16980075836182
14.3082291666667,1.17045640945435
14.3115625,1.17117166519165
14.3148958333333,1.17182731628418
14.3182291666667,1.17254257202148
14.3215625,1.17319822311401
14.3248958333333,1.17379426956177
14.3282291666667,1.17439031600952
14.3315625,1.1749267578125
14.3348958333333,1.17534399032593
14.3382291666667,1.17570161819458
14.3415625,1.17594003677368
14.3448958333333,1.17605924606323
14.3482291666667,1.17605924606323
14.3515625,1.17599964141846
14.3548958333333,1.17582082748413
14.3582291666667,1.17558240890503
14.3615625,1.17528438568115
14.3648958333333,1.1749267578125
14.3682291666667,1.17450952529907
14.3715625,1.17403268814087
14.3748958333333,1.17361545562744
14.3782291666667,1.17313861846924
14.3815625,1.17266178131104
14.3848958333333,1.17212533950806
14.3882291666667,1.17164850234985
14.3915625,1.17123126983643
14.3948958333333,1.170814037323
14.3982291666667,1.17051601409912
14.4015625,1.17033720016479
14.4048958333333,1.17027759552002
14.4082291666667,1.17033720016479
14.4115625,1.1705756187439
14.4148958333333,1.17099285125732
14.4182291666667,1.17158889770508
14.4215625,1.17230415344238
14.4248958333333,1.17319822311401
14.4282291666667,1.1742115020752
14.4315625,1.17534399032593
14.4348958333333,1.17653608322144
14.4382291666667,1.17778778076172
14.4415625,1.179039478302
14.4448958333333,1.18029117584229
14.4482291666667,1.18154287338257
14.4515625,1.18273496627808
14.4548958333333,1.18386745452881
14.4582291666667,1.18494033813477
14.4615625,1.18589401245117
14.4648958333333,1.1867880821228
14.4682291666667,1.18750333786011
14.4715625,1.18803977966309
14.4748958333333,1.18845701217651
14.4782291666667,1.18869543075562
14.4815625,1.18881464004517
14.4848958333333,1.18881464004517
14.4882291666667,1.18869543075562
14.4915625,1.18851661682129
14.4948958333333,1.18833780288696
14.4982291666667,1.18821859359741
14.5015625,1.18815898895264
14.5048958333333,1.18809938430786
14.5082291666667,1.18815898895264
14.5115625,1.18833780288696
14.5148958333333,1.18857622146606
14.5182291666667,1.18899345397949
14.5215625,1.18952989578247
14.5248958333333,1.19024515151978
14.5282291666667,1.19113922119141
14.5315625,1.19221210479736
14.5348958333333,1.19346380233765
14.5382291666667,1.19489431381226
14.5415625,1.19644403457642
14.5448958333333,1.19811296463013
14.5482291666667,1.19978189468384
14.5515625,1.20151042938232
14.5548958333333,1.20329856872559
14.5582291666667,1.20502710342407
14.5615625,1.20681524276733
14.5648958333333,1.2086033821106
14.5682291666667,1.21039152145386
14.5715625,1.21223926544189
14.5748958333333,1.21396780014038
14.5782291666667,1.21569633483887
14.5815625,1.21724605560303
14.5848958333333,1.21861696243286
14.5882291666667,1.21980905532837
14.5915625,1.22064352035522
14.5948958333333,1.2211799621582
14.5982291666667,1.2214183807373
14.6015625,1.22129917144775
14.6048958333333,1.2209415435791
14.6082291666667,1.2202262878418
14.6115625,1.21939182281494
14.6148958333333,1.21831893920898
14.6182291666667,1.21724605560303
14.6215625,1.21611356735229
14.6248958333333,1.21498107910156
14.6282291666667,1.21396780014038
14.6315625,1.21307373046875
14.6348958333333,1.21235847473145
14.6382291666667,1.21170282363892
14.6415625,1.21116638183594
14.6448958333333,1.21068954467773
14.6482291666667,1.21027231216431
14.6515625,1.20985507965088
14.6548958333333,1.20943784713745
14.6582291666667,1.20890140533447
14.6615625,1.20836496353149
14.6648958333333,1.20764970779419
14.6682291666667,1.20693445205688
14.6715625,1.2061595916748
14.6748958333333,1.20532512664795
14.6782291666667,1.20449066162109
14.6815625,1.20371580123901
14.6848958333333,1.20300054550171
14.6882291666667,1.20240449905396
14.6915625,1.20192766189575
14.6948958333333,1.20168924331665
14.6982291666667,1.20162963867188
14.7015625,1.2018084526062
14.7048958333333,1.20222568511963
14.7082291666667,1.20282173156738
14.7115625,1.20353698730469
14.7148958333333,1.20449066162109
14.7182291666667,1.20556354522705
14.7215625,1.20663642883301
14.7248958333333,1.20782852172852
14.7282291666667,1.20902061462402
14.7315625,1.21015310287476
14.7348958333333,1.21128559112549
14.7382291666667,1.21235847473145
14.7415625,1.2134313583374
14.7448958333333,1.21444463729858
14.7482291666667,1.21551752090454
14.7515625,1.21653079986572
14.7548958333333,1.21760368347168
14.7582291666667,1.21867656707764
14.7615625,1.21986865997314
14.7648958333333,1.22106075286865
14.7682291666667,1.22225284576416
14.7715625,1.22350454330444
14.7748958333333,1.22475624084473
14.7782291666667,1.22588872909546
14.7815625,1.22696161270142
14.7848958333333,1.22785568237305
14.7882291666667,1.22857093811035
14.7915625,1.22904777526855
14.7948958333333,1.22928619384766
14.7982291666667,1.22928619384766
14.8015625,1.22904777526855
14.8048958333333,1.22863054275513
14.8082291666667,1.22803449630737
14.8115625,1.22725963592529
14.8148958333333,1.22636556625366
14.8182291666667,1.22541189193726
14.8215625,1.22427940368652
14.8248958333333,1.22308731079102
14.8282291666667,1.22177600860596
14.8315625,1.22040510177612
14.8348958333333,1.21897459030151
14.8382291666667,1.21742486953735
14.8415625,1.21581554412842
14.8448958333333,1.21408700942993
14.8482291666667,1.21229887008667
14.8515625,1.21045112609863
14.8548958333333,1.20854377746582
14.8582291666667,1.20657682418823
14.8615625,1.20460987091064
14.8648958333333,1.20264291763306
14.8682291666667,1.20073556900024
14.8715625,1.19900703430176
14.8748958333333,1.19733810424805
14.8782291666667,1.19584798812866
14.8815625,1.19459629058838
14.8848958333333,1.19352340698242
14.8882291666667,1.19268894195557
14.8915625,1.19203329086304
14.8948958333333,1.19155645370483
14.8982291666667,1.19125843048096
14.9015625,1.19113922119141
14.9048958333333,1.19113922119141
14.9082291666667,1.19131803512573
14.9115625,1.19161605834961
14.9148958333333,1.19209289550781
14.9182291666667,1.19274854660034
14.9215625,1.1935830116272
14.9248958333333,1.19465589523315
14.9282291666667,1.19590759277344
14.9315625,1.19733810424805
14.9348958333333,1.19888782501221
14.9382291666667,1.20061635971069
14.9415625,1.20240449905396
14.9448958333333,1.20419263839722
14.9482291666667,1.2059211730957
14.9515625,1.20764970779419
14.9548958333333,1.20925903320313
14.9582291666667,1.21068954467773
14.9615625,1.21200084686279
14.9648958333333,1.21313333511353
14.9682291666667,1.21408700942993
14.9715625,1.21492147445679
14.9748958333333,1.21551752090454
14.9782291666667,1.21599435806274
14.9815625,1.2163519859314
14.9848958333333,1.21653079986572
14.9882291666667,1.2165904045105
14.9915625,1.2165904045105
14.9948958333333,1.21647119522095
14.9982291666667,1.21629238128662
15.0015625,1.21599435806274
15.0048958333333,1.21575593948364
15.0082291666667,1.21539831161499
15.0115625,1.21510028839111
15.0148958333333,1.21480226516724
15.0182291666667,1.21456384658813
15.0215625,1.21432542800903
15.0248958333333,1.21420621871948
15.0282291666667,1.21420621871948
15.0315625,1.21438503265381
15.0348958333333,1.21462345123291
15.0382291666667,1.21510028839111
15.0415625,1.21569633483887
15.0448958333333,1.21641159057617
15.0482291666667,1.2173056602478
15.0515625,1.21831893920898
15.0548958333333,1.21939182281494
15.0582291666667,1.2204647064209
15.0615625,1.22153759002686
15.0648958333333,1.22261047363281
15.0682291666667,1.22356414794922
15.0715625,1.22445821762085
15.0748958333333,1.22523307800293
15.0782291666667,1.22588872909546
15.0815625,1.22642517089844
15.0848958333333,1.22690200805664
15.0882291666667,1.22731924057007
15.0915625,1.22767686843872
15.0948958333333,1.2279748916626
15.0982291666667,1.22833251953125
15.1015625,1.22874975204468
15.1048958333333,1.22916698455811
15.1082291666667,1.22970342636108
15.1115625,1.23023986816406
15.1148958333333,1.23089551925659
15.1182291666667,1.23155117034912
15.1215625,1.23226642608643
15.1248958333333,1.23304128646851
15.1282291666667,1.23381614685059
15.1315625,1.23465061187744
15.1348958333333,1.2354850769043
15.1382291666667,1.23631954193115
15.1415625,1.23715400695801
15.1448958333333,1.23798847198486
15.1482291666667,1.23882293701172
15.1515625,1.23965740203857
15.1548958333333,1.24055147171021
15.1582291666667,1.24144554138184
15.1615625,1.24245882034302
15.1648958333333,1.24365091323853
15.1682291666667,1.24502182006836
15.1715625,1.24657154083252
15.1748958333333,1.24841928482056
15.1782291666667,1.2505054473877
15.1815625,1.25288963317871
15.1848958333333,1.25563144683838
15.1882291666667,1.25861167907715
15.1915625,1.26194953918457
15.1948958333333,1.26546621322632
15.1982291666667,1.26934051513672
15.2015625,1.27333402633667
15.2048958333333,1.27756595611572
15.2082291666667,1.2819766998291
15.2115625,1.28632783889771
15.2148958333333,1.29073858261108
15.2182291666667,1.29503011703491
15.2215625,1.29908323287964
15.2248958333333,1.30283832550049
15.2282291666667,1.30623579025269
15.2315625,1.30903720855713
15.2348958333333,1.31130218505859
15.2382291666667,1.31285190582275
15.2415625,1.31362676620483
15.2448958333333,1.31362676620483
15.2482291666667,1.31285190582275
15.2515625,1.31124258041382
15.2548958333333,1.3088583946228
15.2582291666667,1.30581855773926
15.2615625,1.30218267440796
15.2648958333333,1.29812955856323
15.2682291666667,1.29371881484985
15.2715625,1.28912925720215
15.2748958333333,1.28442049026489
15.2782291666667,1.27983093261719
15.2815625,1.27542018890381
15.2848958333333,1.27136707305908
15.2882291666667,1.26761198043823
15.2915625,1.26433372497559
15.2948958333333,1.26153230667114
15.2982291666667,1.25926733016968
15.3015625,1.25753879547119
15.3048958333333,1.25640630722046
15.3082291666667,1.25581026077271
15.3115625,1.25569105148315
15.3148958333333,1.25610828399658
15.3182291666667,1.25694274902344
15.3215625,1.25813484191895
15.3248958333333,1.25962495803833
15.3282291666667,1.26129388809204
15.3315625,1.26314163208008
15.3348958333333,1.26504898071289
15.3382291666667,1.2669563293457
15.3415625,1.26886367797852
15.3448958333333,1.27065181732178
15.3482291666667,1.27243995666504
15.3515625,1.27404928207397
15.3548958333333,1.27559900283813
15.3582291666667,1.27708911895752
15.3615625,1.27851963043213
15.3648958333333,1.27989053726196
15.3682291666667,1.28114223480225
15.3715625,1.28233432769775
15.3748958333333,1.28340721130371
15.3782291666667,1.28436088562012
15.3815625,1.28525495529175
15.3848958333333,1.28597021102905
15.3882291666667,1.28662586212158
15.3915625,1.28722190856934
15.3948958333333,1.28769874572754
15.3982291666667,1.28817558288574
15.4015625,1.28853321075439
15.4048958333333,1.28895044326782
15.4082291666667,1.2892484664917
15.4115625,1.28954648971558
15.4148958333333,1.2897253036499
15.4182291666667,1.28978490829468
15.4215625,1.28978490829468
15.4248958333333,1.28960609436035
15.4282291666667,1.2892484664917
15.4315625,1.28883123397827
15.4348958333333,1.28823518753052
15.4382291666667,1.28746032714844
15.4415625,1.28662586212158
15.4448958333333,1.28573179244995
15.4482291666667,1.28471851348877
15.4515625,1.28370523452759
15.4548958333333,1.28269195556641
15.4582291666667,1.28179788589478
15.4615625,1.28090381622314
15.4648958333333,1.28018856048584
15.4682291666667,1.27959251403809
15.4715625,1.27911567687988
15.4748958333333,1.27887725830078
15.4782291666667,1.27881765365601
15.4815625,1.27893686294556
15.4848958333333,1.27917528152466
15.4882291666667,1.27959251403809
15.4915625,1.28012895584106
15.4948958333333,1.28072500228882
15.4982291666667,1.28138065338135
15.5015625,1.28215551376343
15.5048958333333,1.28293037414551
15.5082291666667,1.28376483917236
15.5115625,1.28465890884399
15.5148958333333,1.28549337387085
15.5182291666667,1.28632783889771
15.5215625,1.28710269927979
15.5248958333333,1.28775835037231
15.5282291666667,1.28829479217529
15.5315625,1.28865242004395
15.5348958333333,1.2887716293335
15.5382291666667,1.2887716293335
15.5415625,1.28847360610962
15.5448958333333,1.28805637359619
15.5482291666667,1.28746032714844
15.5515625,1.28668546676636
15.5548958333333,1.28591060638428
15.5582291666667,1.28507614135742
15.5615625,1.28430128097534
15.5648958333333,1.28358602523804
15.5682291666667,1.28310918807983
15.5715625,1.28281116485596
15.5748958333333,1.28281116485596
15.5782291666667,1.28304958343506
15.5815625,1.28358602523804
15.5848958333333,1.28436088562012
15.5882291666667,1.28543376922607
15.5915625,1.28662586212158
15.5948958333333,1.28805637359619
15.5982291666667,1.28954648971558
15.6015625,1.29109621047974
15.6048958333333,1.2926459312439
15.6082291666667,1.29419565200806
15.6115625,1.29568576812744
15.6148958333333,1.29711627960205
15.6182291666667,1.29848718643188
15.6215625,1.29973888397217
15.6248958333333,1.30093097686768
15.6282291666667,1.30206346511841
15.6315625,1.30307674407959
15.6348958333333,1.30397081375122
15.6382291666667,1.3047456741333
15.6415625,1.30546092987061
15.6448958333333,1.30605697631836
15.6482291666667,1.30647420883179
15.6515625,1.30683183670044
15.6548958333333,1.30701065063477
15.6582291666667,1.30707025527954
15.6615625,1.30701065063477
15.6648958333333,1.30677223205566
15.6682291666667,1.30635499954224
15.6715625,1.30575895309448
15.6748958333333,1.3049840927124
15.6782291666667,1.30409002304077
15.6815625,1.30295753479004
15.6848958333333,1.30170583724976
15.6882291666667,1.30033493041992
15.6915625,1.29884481430054
15.6948958333333,1.2972354888916
15.6982291666667,1.29562616348267
15.7015625,1.29401683807373
15.7048958333333,1.29240751266479
15.7082291666667,1.29085779190063
15.7115625,1.28936767578125
15.7148958333333,1.28805637359619
15.7182291666667,1.28680467605591
15.7215625,1.28579139709473
15.7248958333333,1.2848973274231
15.7282291666667,1.28424167633057
15.7315625,1.28376483917236
15.7348958333333,1.28352642059326
15.7382291666667,1.28346681594849
15.7415625,1.28352642059326
15.7448958333333,1.28376483917236
15.7482291666667,1.28400325775146
15.7515625,1.28430128097534
15.7548958333333,1.28459930419922
15.7582291666667,1.28483772277832
15.7615625,1.28501653671265
15.7648958333333,1.28507614135742
15.7682291666667,1.28495693206787
15.7715625,1.28477811813354
15.7748958333333,1.28442049026489
15.7782291666667,1.28388404846191
15.7815625,1.28322839736938
15.7848958333333,1.2824535369873
15.7882291666667,1.28155946731567
15.7915625,1.28054618835449
15.7948958333333,1.27947330474854
15.7982291666667,1.2783408164978
15.8015625,1.27714872360229
15.8048958333333,1.27601623535156
15.8082291666667,1.27500295639038
15.8115625,1.27404928207397
15.8148958333333,1.27321481704712
15.8182291666667,1.27255916595459
15.8215625,1.27208232879639
15.8248958333333,1.27184391021729
15.8282291666667,1.27172470092773
15.8315625,1.27172470092773
15.8348958333333,1.27196311950684
15.8382291666667,1.27232074737549
15.8415625,1.27285718917847
15.8448958333333,1.273512840271
15.8482291666667,1.27428770065308
15.8515625,1.27518177032471
15.8548958333333,1.27613544464111
15.8582291666667,1.27720832824707
15.8615625,1.27828121185303
15.8648958333333,1.27941370010376
15.8682291666667,1.28048658370972
15.8715625,1.28155946731567
15.8748958333333,1.28257274627686
15.8782291666667,1.28358602523804
15.8815625,1.28448009490967
15.8848958333333,1.28543376922607
15.8882291666667,1.28638744354248
15.8915625,1.28740072250366
15.8948958333333,1.28847360610962
15.8982291666667,1.28966569900513
15.9015625,1.29091739654541
15.9048958333333,1.29234790802002
15.9082291666667,1.29389762878418
15.9115625,1.29556655883789
15.9148958333333,1.29735469818115
15.9182291666667,1.29932165145874
15.9215625,1.30140781402588
15.9248958333333,1.30361318588257
15.9282291666667,1.30587816238403
15.9315625,1.30826234817505
15.9348958333333,1.31076574325562
15.9382291666667,1.31320953369141
15.9415625,1.31571292877197
15.9448958333333,1.31815671920776
15.9482291666667,1.320481300354
15.9515625,1.32262706756592
15.9548958333333,1.32459402084351
15.9582291666667,1.32626295089722
15.9615625,1.32763385772705
15.9648958333333,1.32870674133301
15.9682291666667,1.32936239242554
15.9715625,1.32960081100464
15.9748958333333,1.32942199707031
15.9782291666667,1.32882595062256
15.9815625,1.32781267166138
15.9848958333333,1.32656097412109
15.9882291666667,1.32495164871216
15.9915625,1.32322311401367
15.9948958333333,1.32137537002563
15.9982291666667,1.31946802139282
16.0015625,1.31762027740479
16.0048958333333,1.3158917427063
16.0082291666667,1.31428241729736
16.0115625,1.31291151046753
16.0148958333333,1.31171941757202
16.0182291666667,1.31076574325562
16.0215625,1.30999088287354
16.0248958333333,1.30945444107056
16.0282291666667,1.30903720855713
16.0315625,1.30879878997803
16.0348958333333,1.30873918533325
16.0382291666667,1.30873918533325
16.0415625,1.30879878997803
16.0448958333333,1.30903720855713
16.0482291666667,1.30927562713623
16.0515625,1.30963325500488
16.0548958333333,1.31011009216309
16.0582291666667,1.31058692932129
16.0615625,1.31112337112427
16.0648958333333,1.31171941757202
16.0682291666667,1.31231546401978
16.0715625,1.31291151046753
16.0748958333333,1.31344795227051
16.0782291666667,1.31386518478394
16.0815625,1.31422281265259
16.0848958333333,1.31446123123169
16.0882291666667,1.31446123123169
16.0915625,1.31440162658691
16.0948958333333,1.31410360336304
16.0982291666667,1.31368637084961
16.1015625,1.31320953369141
16.1048958333333,1.31255388259888
16.1082291666667,1.31189823150635
16.1115625,1.31118297576904
16.1148958333333,1.31040811538696
16.1182291666667,1.30963325500488
16.1215625,1.30879878997803
16.1248958333333,1.30802392959595
16.1282291666667,1.30724906921387
16.1315625,1.30647420883179
16.1348958333333,1.30575895309448
16.1382291666667,1.30510330200195
16.1415625,1.3045072555542
16.1448958333333,1.30397081375122
16.1482291666667,1.30349397659302
16.1515625,1.30307674407959
16.1548958333333,1.30265951156616
16.1582291666667,1.30224227905273
16.1615625,1.30188465118408
16.1648958333333,1.30146741867065
16.1682291666667,1.30099058151245
16.1715625,1.30045413970947
16.1748958333333,1.29985809326172
16.1782291666667,1.29926204681396
16.1815625,1.29854679107666
16.1848958333333,1.29789113998413
16.1882291666667,1.2972354888916
16.1915625,1.29657983779907
16.1948958333333,1.29604339599609
16.1982291666667,1.29562616348267
16.2015625,1.29532814025879
16.2048958333333,1.29520893096924
16.2082291666667,1.29526853561401
16.2115625,1.29568576812744
16.2148958333333,1.29640102386475
16.2182291666667,1.29753351211548
16.2215625,1.29914283752441
16.2248958333333,1.30128860473633
16.2282291666667,1.304030418396
16.2315625,1.30736827850342
16.2348958333333,1.31130218505859
16.2382291666667,1.31583213806152
16.2415625,1.32089853286743
16.2448958333333,1.32638216018677
16.2482291666667,1.33222341537476
16.2515625,1.33830308914185
16.2548958333333,1.34444236755371
16.2582291666667,1.35058164596558
16.2615625,1.35654211044312
16.2648958333333,1.36220455169678
16.2682291666667,1.36739015579224
16.2715625,1.37203931808472
16.2748958333333,1.37609243392944
16.2782291666667,1.37931108474731
16.2815625,1.38181447982788
16.2848958333333,1.38354301452637
16.2882291666667,1.384437084198
16.2915625,1.3846755027771
16.2948958333333,1.38437747955322
16.2982291666667,1.38360261917114
16.3015625,1.38252973556519
16.3048958333333,1.38133764266968
16.3082291666667,1.38020515441895
16.3115625,1.37925148010254
16.3148958333333,1.37859582901001
16.3182291666667,1.37823820114136
16.3215625,1.37823820114136
16.3248958333333,1.37853622436523
16.3282291666667,1.37913227081299
16.3315625,1.37996673583984
16.3348958333333,1.38086080551147
16.3382291666667,1.38175487518311
16.3415625,1.38258934020996
16.3448958333333,1.38330459594727
16.3482291666667,1.38372182846069
16.3515625,1.38384103775024
16.3548958333333,1.38366222381592
16.3582291666667,1.38306617736816
16.3615625,1.38211250305176
16.3648958333333,1.38074159622192
16.3682291666667,1.37895345687866
16.3715625,1.37680768966675
16.3748958333333,1.37436389923096
16.3782291666667,1.37162208557129
16.3815625,1.36864185333252
16.3848958333333,1.36548280715942
16.3882291666667,1.36232376098633
16.3915625,1.35910511016846
16.3948958333333,1.35600566864014
16.3982291666667,1.35314464569092
16.4015625,1.35046243667603
16.4048958333333,1.34807825088501
16.4082291666667,1.34605169296265
16.4115625,1.34444236755371
16.4148958333333,1.34313106536865
16.4182291666667,1.34223699569702
16.4215625,1.34164094924927
16.4248958333333,1.34128332138062
16.4282291666667,1.34122371673584
16.4315625,1.34140253067017
16.4348958333333,1.34176015853882
16.4382291666667,1.3422966003418
16.4415625,1.34295225143433
16.4448958333333,1.34378671646118
16.4482291666667,1.34474039077759
16.4515625,1.34581327438354
16.4548958333333,1.34706497192383
16.4582291666667,1.34837627410889
16.4615625,1.34986639022827
16.4648958333333,1.35147571563721
16.4682291666667,1.35320425033569
16.4715625,1.35493278503418
16.4748958333333,1.35672092437744
16.4782291666667,1.35856866836548
16.4815625,1.36035680770874
16.4848958333333,1.36208534240723
16.4882291666667,1.36381387710571
16.4915625,1.36542320251465
16.4948958333333,1.36697292327881
16.4982291666667,1.36840343475342
16.5015625,1.36971473693848
16.5048958333333,1.37096643447876
16.5082291666667,1.37209892272949
16.5115625,1.37311220169067
16.5148958333333,1.3740062713623
16.5182291666667,1.37472152709961
16.5215625,1.37531757354736
16.5248958333333,1.37579441070557
16.5282291666667,1.37603282928467
16.5315625,1.37615203857422
16.5348958333333,1.37609243392944
16.5382291666667,1.37591361999512
16.5415625,1.37555599212646
16.5448958333333,1.37507915496826
16.5482291666667,1.37448310852051
16.5515625,1.3737678527832
16.5548958333333,1.37299299240112
16.5582291666667,1.37221813201904
16.5615625,1.37144327163696
16.5648958333333,1.37078762054443
16.5682291666667,1.37025117874146
16.5715625,1.3698935508728
16.5748958333333,1.36977434158325
16.5782291666667,1.36983394622803
16.5815625,1.3701319694519
16.5848958333333,1.37060880661011
16.5882291666667,1.37120485305786
16.5915625,1.37197971343994
16.5948958333333,1.3728141784668
16.5982291666667,1.3737678527832
16.6015625,1.37472152709961
16.6048958333333,1.37573480606079
16.6082291666667,1.37674808502197
16.6115625,1.37776136398315
16.6148958333333,1.37877464294434
16.6182291666667,1.37978792190552
16.6215625,1.38074159622192
16.6248958333333,1.38163566589355
16.6282291666667,1.38247013092041
16.6315625,1.38324499130249
16.6348958333333,1.38384103775024
16.6382291666667,1.38431787490845
16.6415625,1.38473510742188
16.6448958333333,1.38497352600098
16.6482291666667,1.3851523399353
16.6515625,1.38527154922485
16.6548958333333,1.38533115386963
16.6582291666667,1.3853907585144
16.6615625,1.38545036315918
16.6648958333333,1.38550996780396
16.6682291666667,1.38556957244873
16.6715625,1.38568878173828
16.6748958333333,1.38586759567261
16.6782291666667,1.38610601425171
16.6815625,1.38634443283081
16.6848958333333,1.38676166534424
16.6882291666667,1.38723850250244
16.6915625,1.3878345489502
16.6948958333333,1.3885498046875
16.6982291666667,1.38932466506958
16.7015625,1.39027833938599
16.7048958333333,1.39135122299194
16.7082291666667,1.39248371124268
16.7115625,1.39367580413818
16.7148958333333,1.39486789703369
16.7182291666667,1.3960599899292
16.7215625,1.39719247817993
16.7248958333333,1.39826536178589
16.7282291666667,1.39927864074707
16.7315625,1.40023231506348
16.7348958333333,1.40106678009033
16.7382291666667,1.40190124511719
16.7415625,1.40267610549927
16.7448958333333,1.40345096588135
16.7482291666667,1.40422582626343
16.7515625,1.40500068664551
16.7548958333333,1.40583515167236
16.7582291666667,1.40661001205444
16.7615625,1.40738487243652
16.7648958333333,1.40810012817383
16.7682291666667,1.40869617462158
16.7715625,1.40917301177979
16.7748958333333,1.40953063964844
16.7782291666667,1.40970945358276
16.7815625,1.40976905822754
16.7848958333333,1.40964984893799
16.7882291666667,1.40947103500366
16.7915625,1.40911340713501
16.7948958333333,1.40875577926636
16.7982291666667,1.40827894210815
16.8015625,1.4076828956604
16.8048958333333,1.40714645385742
16.8082291666667,1.40649080276489
16.8115625,1.40583515167236
16.8148958333333,1.40511989593506
16.8182291666667,1.40440464019775
16.8215625,1.40362977981567
16.8248958333333,1.40285491943359
16.8282291666667,1.40196084976196
16.8315625,1.40106678009033
16.8348958333333,1.40005350112915
16.8382291666667,1.39892101287842
16.8415625,1.39766931533813
16.8448958333333,1.3962984085083
16.8482291666667,1.39474868774414
16.8515625,1.39307975769043
16.8548958333333,1.39129161834717
16.8582291666667,1.38938426971436
16.8615625,1.38747692108154
16.8648958333333,1.38545036315918
16.8682291666667,1.38348340988159
16.8715625,1.381516456604
16.8748958333333,1.37960910797119
16.8782291666667,1.37782096862793
16.8815625,1.37615203857422
16.8848958333333,1.37460231781006
16.8882291666667,1.37323141098022
16.8915625,1.37197971343994
16.8948958333333,1.37096643447876
16.8982291666667,1.3701319694519
16.9015625,1.3694167137146
16.9048958333333,1.36888027191162
16.9082291666667,1.36852264404297
16.9115625,1.36828422546387
16.9148958333333,1.36816501617432
16.9182291666667,1.36816501617432
16.9215625,1.36828422546387
16.9248958333333,1.36852264404297
16.9282291666667,1.36888027191162
16.9315625,1.36935710906982
16.9348958333333,1.3698935508728
16.9382291666667,1.37054920196533
16.9415625,1.37132406234741
16.9448958333333,1.37209892272949
16.9482291666667,1.37293338775635
16.9515625,1.37382745742798
16.9548958333333,1.37466192245483
16.9582291666667,1.37549638748169
16.9615625,1.37621164321899
16.9648958333333,1.3769268989563
16.9682291666667,1.37752294540405
16.9715625,1.37805938720703
16.9748958333333,1.37853622436523
16.9782291666667,1.37901306152344
16.9815625,1.37948989868164
16.9848958333333,1.37996673583984
16.9882291666667,1.3805627822876
16.9915625,1.3812780380249
16.9948958333333,1.38211250305176
16.9982291666667,1.38312578201294
17.0015625,1.384437084198
17.0048958333333,1.38598680496216
17.0082291666667,1.38795375823975
17.0115625,1.39027833938599
17.0148958333333,1.39296054840088
17.0182291666667,1.39617919921875
17.0215625,1.39981508255005
17.0248958333333,1.40386819839478
17.0282291666667,1.40839815139771
17.0315625,1.41322612762451
17.0348958333333,1.41829252243042
17.0382291666667,1.42347812652588
17.0415625,1.42866373062134
17.0448958333333,1.43378973007202
17.0482291666667,1.43873691558838
17.0515625,1.44338607788086
17.0548958333333,1.44761800765991
17.0582291666667,1.45137310028076
17.0615625,1.45459175109863
17.0648958333333,1.4573335647583
17.0682291666667,1.45941972732544
17.0715625,1.46090984344482
17.0748958333333,1.46186351776123
17.0782291666667,1.46222114562988
17.0815625,1.46198272705078
17.0848958333333,1.46126747131348
17.0882291666667,1.46001577377319
17.0915625,1.45840644836426
17.0948958333333,1.45649909973145
17.0982291666667,1.45429372787476
17.1015625,1.45196914672852
17.1048958333333,1.44946575164795
17.1082291666667,1.44696235656738
17.1115625,1.44439935684204
17.1148958333333,1.44189596176147
17.1182291666667,1.43945217132568
17.1215625,1.43706798553467
17.1248958333333,1.43486261367798
17.1282291666667,1.43277645111084
17.1315625,1.4309287071228
17.1348958333333,1.42920017242432
17.1382291666667,1.42765045166016
17.1415625,1.4263391494751
17.1448958333333,1.42526626586914
17.1482291666667,1.42443180084229
17.1515625,1.42377614974976
17.1548958333333,1.4234185218811
17.1582291666667,1.42323970794678
17.1615625,1.42329931259155
17.1648958333333,1.42359733581543
17.1682291666667,1.42401456832886
17.1715625,1.42449140548706
17.1748958333333,1.42502784729004
17.1782291666667,1.42562389373779
17.1815625,1.426100730896
17.1848958333333,1.42651796340942
17.1882291666667,1.42675638198853
17.1915625,1.42693519592285
17.1948958333333,1.42693519592285
17.1982291666667,1.4268159866333
17.2015625,1.4265775680542
17.2048958333333,1.42639875411987
17.2082291666667,1.42616033554077
17.2115625,1.42598152160645
17.2148958333333,1.42586231231689
17.2182291666667,1.42592191696167
17.2215625,1.42616033554077
17.2248958333333,1.4265775680542
17.2282291666667,1.42711400985718
17.2315625,1.42788887023926
17.2348958333333,1.42878293991089
17.2382291666667,1.42979621887207
17.2415625,1.43080949783325
17.2448958333333,1.43194198608398
17.2482291666667,1.43301486968994
17.2515625,1.4340877532959
17.2548958333333,1.4350414276123
17.2582291666667,1.43593549728394
17.2615625,1.43671035766602
17.2648958333333,1.43736600875854
17.2682291666667,1.43790245056152
17.2715625,1.43826007843018
17.2748958333333,1.4384388923645
17.2782291666667,1.4384388923645
17.2815625,1.43826007843018
17.2848958333333,1.4379620552063
17.2882291666667,1.4374852180481
17.2915625,1.43688917160034
17.2948958333333,1.43611431121826
17.2982291666667,1.43527984619141
17.3015625,1.43438577651978
17.3048958333333,1.43331289291382
17.3082291666667,1.43218040466309
17.3115625,1.43098831176758
17.3148958333333,1.42973661422729
17.3182291666667,1.42842531204224
17.3215625,1.4270544052124
17.3248958333333,1.42574310302734
17.3282291666667,1.42449140548706
17.3315625,1.42335891723633
17.3348958333333,1.42240524291992
17.3382291666667,1.42174959182739
17.3415625,1.42133235931396
17.3448958333333,1.42127275466919
17.3482291666667,1.42157077789307
17.3515625,1.4222264289856
17.3548958333333,1.42323970794678
17.3582291666667,1.42461061477661
17.3615625,1.4263391494751
17.3648958333333,1.42824649810791
17.3682291666667,1.4304518699646
17.3715625,1.43277645111084
17.3748958333333,1.43522024154663
17.3782291666667,1.43778324127197
17.3815625,1.44034624099731
17.3848958333333,1.44290924072266
17.3882291666667,1.44541263580322
17.3915625,1.44791603088379
17.3948958333333,1.45041942596436
17.3982291666667,1.45286321640015
17.4015625,1.45518779754639
17.4048958333333,1.45745277404785
17.4082291666667,1.45959854125977
17.4115625,1.46162509918213
17.4148958333333,1.46347284317017
17.4182291666667,1.46514177322388
17.4215625,1.46651268005371
17.4248958333333,1.46770477294922
17.4282291666667,1.46859884262085
17.4315625,1.46925449371338
17.4348958333333,1.46967172622681
17.4382291666667,1.46985054016113
17.4415625,1.46979093551636
17.4448958333333,1.46949291229248
17.4482291666667,1.4689564704895
17.4515625,1.4682412147522
17.4548958333333,1.46734714508057
17.4582291666667,1.46633386611938
17.4615625,1.46514177322388
17.4648958333333,1.46383047103882
17.4682291666667,1.46234035491943
17.4715625,1.46079063415527
17.4748958333333,1.45918130874634
17.4782291666667,1.45739316940308
17.4815625,1.45560503005981
17.4848958333333,1.45375728607178
17.4882291666667,1.45179033279419
17.4915625,1.4498233795166
17.4948958333333,1.44785642623901
17.4982291666667,1.44588947296143
17.5015625,1.44392251968384
17.5048958333333,1.4420747756958
17.5082291666667,1.44022703170776
17.5115625,1.4384388923645
17.5148958333333,1.43671035766602
17.5182291666667,1.4350414276123
17.5215625,1.43349170684814
17.5248958333333,1.43200159072876
17.5282291666667,1.43063068389893
17.5315625,1.42931938171387
17.5348958333333,1.42812728881836
17.5382291666667,1.42711400985718
17.5415625,1.42621994018555
17.5448958333333,1.42550468444824
17.5482291666667,1.42490863800049
17.5515625,1.42449140548706
17.5548958333333,1.42425298690796
17.5582291666667,1.42419338226318
17.5615625,1.42425298690796
17.5648958333333,1.42455101013184
17.5682291666667,1.42502784729004
17.5715625,1.42568349838257
17.5748958333333,1.4265775680542
17.5782291666667,1.42759084701538
17.5815625,1.42878293991089
17.5848958333333,1.43015384674072
17.5882291666667,1.43164396286011
17.5915625,1.43319368362427
17.5948958333333,1.43492221832275
17.5982291666667,1.43665075302124
17.6015625,1.43855810165405
17.6048958333333,1.44046545028687
17.6082291666667,1.44249200820923
17.6115625,1.44451856613159
17.6148958333333,1.44660472869873
17.6182291666667,1.44863128662109
17.6215625,1.45059823989868
17.6248958333333,1.45244598388672
17.6282291666667,1.45417451858521
17.6315625,1.45572423934937
17.6348958333333,1.45715475082397
17.6382291666667,1.45834684371948
17.6415625,1.45941972732544
17.6448958333333,1.46037340164185
17.6482291666667,1.4612078666687
17.6515625,1.46180391311646
17.6548958333333,1.46228075027466
17.6582291666667,1.46251916885376
17.6615625,1.46251916885376
17.6648958333333,1.46234035491943
17.6682291666667,1.46186351776123
17.6715625,1.4612078666687
17.6748958333333,1.46031379699707
17.6782291666667,1.45930051803589
17.6815625,1.45822763442993
17.6848958333333,1.45715475082397
17.6882291666667,1.45620107650757
17.6915625,1.45542621612549
17.6948958333333,1.45477056503296
17.6982291666667,1.45435333251953
17.7015625,1.45411491394043
17.7048958333333,1.45405530929565
17.7082291666667,1.45417451858521
17.7115625,1.45441293716431
17.7148958333333,1.45483016967773
17.7182291666667,1.45530700683594
17.7215625,1.45584344863892
17.7248958333333,1.45649909973145
17.7282291666667,1.45727396011353
17.7315625,1.45804882049561
17.7348958333333,1.45894289016724
17.7382291666667,1.45995616912842
17.7415625,1.46102905273438
17.7448958333333,1.46222114562988
17.7482291666667,1.46353244781494
17.7515625,1.46484375
17.7548958333333,1.46627426147461
17.7582291666667,1.46770477294922
17.7615625,1.4691948890686
17.7648958333333,1.47062540054321
17.7682291666667,1.4721155166626
17.7715625,1.47354602813721
17.7748958333333,1.47485733032227
17.7782291666667,1.4762282371521
17.7815625,1.47747993469238
17.7848958333333,1.47867202758789
17.7882291666667,1.4798641204834
17.7915625,1.48099660873413
17.7948958333333,1.48212909698486
17.7982291666667,1.48332118988037
17.8015625,1.4844536781311
17.8048958333333,1.48570537567139
17.8082291666667,1.48695707321167
17.8115625,1.4883279800415
17.8148958333333,1.48975849151611
17.8182291666667,1.49118900299072
17.8215625,1.49267911911011
17.8248958333333,1.49416923522949
17.8282291666667,1.49565935134888
17.8315625,1.49708986282349
17.8348958333333,1.49846076965332
17.8382291666667,1.4997124671936
17.8415625,1.50090456008911
17.8448958333333,1.50197744369507
17.8482291666667,1.50293111801147
17.8515625,1.50376558303833
17.8548958333333,1.50454044342041
17.8582291666667,1.50525569915771
17.8615625,1.50585174560547
17.8648958333333,1.50638818740845
17.8682291666667,1.50686502456665
17.8715625,1.5072226524353
17.8748958333333,1.50752067565918
17.8782291666667,1.50769948959351
17.8815625,1.50769948959351
17.8848958333333,1.50763988494873
17.8882291666667,1.50740146636963
17.8915625,1.5069842338562
17.8948958333333,1.50644779205322
17.8982291666667,1.50579214096069
17.9015625,1.50507688522339
17.9048958333333,1.50424242019653
17.9082291666667,1.50328874588013
17.9115625,1.5023946762085
17.9148958333333,1.50144100189209
17.9182291666667,1.50054693222046
17.9215625,1.4997124671936
17.9248958333333,1.49893760681152
17.9282291666667,1.49828195571899
17.9315625,1.49774551391602
17.9348958333333,1.49744749069214
17.9382291666667,1.49732828140259
17.9415625,1.49750709533691
17.9448958333333,1.49798393249512
17.9482291666667,1.49881839752197
17.9515625,1.50001049041748
17.9548958333333,1.50161981582642
17.9582291666667,1.50364637374878
17.9615625,1.50609016418457
17.9648958333333,1.50895118713379
17.9682291666667,1.51205062866211
17.9715625,1.51544809341431
17.9748958333333,1.51896476745605
17.9782291666667,1.5224814414978
17.9815625,1.52599811553955
17.9848958333333,1.52939558029175
17.9882291666667,1.53261423110962
17.9915625,1.53547525405884
17.9948958333333,1.53803825378418
17.9982291666667,1.54024362564087
18.0015625,1.54209136962891
18.0048958333333,1.54358148574829
18.0082291666667,1.54471397399902
18.0115625,1.54560804367065
18.0148958333333,1.54620409011841
18.0182291666667,1.54662132263184
18.0215625,1.54697895050049
18.0248958333333,1.54721736907959
18.0282291666667,1.54739618301392
18.0315625,1.54763460159302
18.0348958333333,1.54793262481689
18.0382291666667,1.54829025268555
18.0415625,1.54876708984375
18.0448958333333,1.54942274093628
18.0482291666667,1.55025720596313
18.0515625,1.55121088027954
18.0548958333333,1.55240297317505
18.0582291666667,1.55377388000488
18.0615625,1.55538320541382
18.0648958333333,1.55705213546753
18.0682291666667,1.55884027481079
18.0715625,1.56068801879883
18.0748958333333,1.56253576278687
18.0782291666667,1.56432390213013
18.0815625,1.56599283218384
18.0848958333333,1.56748294830322
18.0882291666667,1.56873464584351
18.0915625,1.56962871551514
18.0948958333333,1.57028436660767
18.0982291666667,1.57052278518677
18.1015625,1.57040357589722
18.1048958333333,1.56992673873901
18.1082291666667,1.56903266906738
18.1115625,1.5677809715271
18.1148958333333,1.56605243682861
18.1182291666667,1.56402587890625
18.1215625,1.56164169311523
18.1248958333333,1.55895948410034
18.1282291666667,1.55603885650635
18.1315625,1.55293941497803
18.1348958333333,1.54966115951538
18.1382291666667,1.54644250869751
18.1415625,1.54316425323486
18.1448958333333,1.53994560241699
18.1482291666667,1.53690576553345
18.1515625,1.53404474258423
18.1548958333333,1.53130292892456
18.1582291666667,1.52879953384399
18.1615625,1.52653455734253
18.1648958333333,1.52444839477539
18.1682291666667,1.52254104614258
18.1715625,1.52081251144409
18.1748958333333,1.51932239532471
18.1782291666667,1.51795148849487
18.1815625,1.51669979095459
18.1848958333333,1.51568651199341
18.1882291666667,1.51479244232178
18.1915625,1.5140175819397
18.1948958333333,1.51354074478149
18.1982291666667,1.51324272155762
18.2015625,1.51318311691284
18.2048958333333,1.51342153549194
18.2082291666667,1.51389837265015
18.2115625,1.51455402374268
18.2148958333333,1.51544809341431
18.2182291666667,1.51652097702026
18.2215625,1.51777267456055
18.2248958333333,1.51920318603516
18.2282291666667,1.52081251144409
18.2315625,1.5224814414978
18.2348958333333,1.52426958084106
18.2382291666667,1.52617692947388
18.2415625,1.52820348739624
18.2448958333333,1.5302300453186
18.2482291666667,1.53231620788574
18.2515625,1.53434276580811
18.2548958333333,1.53636932373047
18.2582291666667,1.53833627700806
18.2615625,1.54024362564087
18.2648958333333,1.54209136962891
18.2682291666667,1.54381990432739
18.2715625,1.54542922973633
18.2748958333333,1.54703855514526
18.2782291666667,1.54846906661987
18.2815625,1.54978036880493
18.2848958333333,1.55103206634521
18.2882291666667,1.5520453453064
18.2915625,1.5529990196228
18.2948958333333,1.55371427536011
18.2982291666667,1.55431032180786
18.3015625,1.55472755432129
18.3048958333333,1.55496597290039
18.3082291666667,1.55508518218994
18.3115625,1.55514478683472
18.3148958333333,1.55508518218994
18.3182291666667,1.55502557754517
18.3215625,1.55484676361084
18.3248958333333,1.55460834503174
18.3282291666667,1.55436992645264
18.3315625,1.55401229858398
18.3348958333333,1.55359506607056
18.3382291666667,1.55311822891235
18.3415625,1.5525221824646
18.3448958333333,1.55180692672729
18.3482291666667,1.55097246170044
18.3515625,1.55007839202881
18.3548958333333,1.5491247177124
18.3582291666667,1.54805183410645
18.3615625,1.54697895050049
18.3648958333333,1.54590606689453
18.3682291666667,1.54489278793335
18.3715625,1.54381990432739
18.3748958333333,1.54280662536621
18.3782291666667,1.5418529510498
18.3815625,1.5408992767334
18.3848958333333,1.54000520706177
18.3882291666667,1.53917074203491
18.3915625,1.53833627700806
18.3948958333333,1.53756141662598
18.3982291666667,1.53684616088867
18.4015625,1.53625011444092
18.4048958333333,1.53571367263794
18.4082291666667,1.53529644012451
18.4115625,1.53499841690063
18.4148958333333,1.53481960296631
18.4182291666667,1.53481960296631
18.4215625,1.53481960296631
18.4248958333333,1.53499841690063
18.4282291666667,1.53517723083496
18.4315625,1.53541564941406
18.4348958333333,1.53565406799316
18.4382291666667,1.53595209121704
18.4415625,1.53625011444092
18.4448958333333,1.53660774230957
18.4482291666667,1.53690576553345
18.4515625,1.5372633934021
18.4548958333333,1.53762102127075
18.4582291666667,1.5379786491394
18.4615625,1.53827667236328
18.4648958333333,1.53857469558716
18.4682291666667,1.53887271881104
18.4715625,1.53899192810059
18.4748958333333,1.53911113739014
18.4782291666667,1.53905153274536
18.4815625,1.53887271881104
18.4848958333333,1.53851509094238
18.4882291666667,1.53803825378418
18.4915625,1.53744220733643
18.4948958333333,1.53660774230957
18.4982291666667,1.53565406799316
18.5015625,1.53458118438721
18.5048958333333,1.5333890914917
18.5082291666667,1.53213739395142
18.5115625,1.53082609176636
18.5148958333333,1.52945518493652
18.5182291666667,1.52802467346191
18.5215625,1.52671337127686
18.5248958333333,1.52534246444702
18.5282291666667,1.52409076690674
18.5315625,1.52289867401123
18.5348958333333,1.52182579040527
18.5382291666667,1.52087211608887
18.5415625,1.52003765106201
18.5448958333333,1.51938199996948
18.5482291666667,1.51890516281128
18.5515625,1.51854753494263
18.5548958333333,1.51842832565308
18.5582291666667,1.51848793029785
18.5615625,1.51866674423218
18.5648958333333,1.51902437210083
18.5682291666667,1.51944160461426
18.5715625,1.52003765106201
18.5748958333333,1.52063369750977
18.5782291666667,1.52134895324707
18.5815625,1.52218341827393
18.5848958333333,1.52301788330078
18.5882291666667,1.52385234832764
18.5915625,1.52480602264404
18.5948958333333,1.52575969696045
18.5982291666667,1.52677297592163
18.6015625,1.52778625488281
18.6048958333333,1.52891874313354
18.6082291666667,1.53005123138428
18.6115625,1.53130292892456
18.6148958333333,1.53261423110962
18.6182291666667,1.53404474258423
18.6215625,1.53553485870361
18.6248958333333,1.53708457946777
18.6282291666667,1.53869390487671
18.6315625,1.54030323028564
18.6348958333333,1.54191255569458
18.6382291666667,1.54352188110352
18.6415625,1.54507160186768
18.6448958333333,1.54662132263184
18.6482291666667,1.54811143875122
18.6515625,1.54948234558105
18.6548958333333,1.55079364776611
18.6582291666667,1.55210494995117
18.6615625,1.55329704284668
18.6648958333333,1.55436992645264
18.6682291666667,1.55544281005859
18.6715625,1.55645608901978
18.6748958333333,1.55735015869141
18.6782291666667,1.55818462371826
18.6815625,1.55895948410034
18.6848958333333,1.55961513519287
18.6882291666667,1.56009197235107
18.6915625,1.56044960021973
18.6948958333333,1.56068801879883
18.6982291666667,1.5607476234436
18.7015625,1.56068801879883
18.7048958333333,1.5605092048645
18.7082291666667,1.56021118164063
18.7115625,1.55991315841675
18.7148958333333,1.5595555305481
18.7182291666667,1.55919790267944
18.7215625,1.55884027481079
18.7248958333333,1.55848264694214
18.7282291666667,1.55812501907349
18.7315625,1.55776739120483
18.7348958333333,1.55735015869141
18.7382291666667,1.55699253082275
18.7415625,1.55657529830933
18.7448958333333,1.5561580657959
18.7482291666667,1.55574083328247
18.7515625,1.55538320541382
18.7548958333333,1.55502557754517
18.7582291666667,1.55472755432129
18.7615625,1.55442953109741
18.7648958333333,1.55419111251831
18.7682291666667,1.55401229858398
18.7715625,1.55383348464966
18.7748958333333,1.55365467071533
18.7782291666667,1.55347585678101
18.7815625,1.55329704284668
18.7848958333333,1.55305862426758
18.7882291666667,1.55287981033325
18.7915625,1.55264139175415
18.7948958333333,1.55246257781982
18.7982291666667,1.5522837638855
18.8015625,1.55216455459595
18.8048958333333,1.55210494995117
18.8082291666667,1.5520453453064
18.8115625,1.5520453453064
18.8148958333333,1.55210494995117
18.8182291666667,1.55216455459595
18.8215625,1.55216455459595
18.8248958333333,1.55216455459595
18.8282291666667,1.55210494995117
18.8315625,1.5520453453064
18.8348958333333,1.55192613601685
18.8382291666667,1.55180692672729
18.8415625,1.55162811279297
18.8448958333333,1.55144929885864
18.8482291666667,1.55121088027954
18.8515625,1.55097246170044
18.8548958333333,1.55073404312134
18.8582291666667,1.55043601989746
18.8615625,1.55007839202881
18.8648958333333,1.54972076416016
18.8682291666667,1.54930353164673
18.8715625,1.5488862991333
18.8748958333333,1.5484094619751
18.8782291666667,1.54799222946167
18.8815625,1.54751539230347
18.8848958333333,1.54715776443481
18.8882291666667,1.54680013656616
18.8915625,1.54650211334229
18.8948958333333,1.54632329940796
18.8982291666667,1.54620409011841
18.9015625,1.54620409011841
18.9048958333333,1.54620409011841
18.9082291666667,1.54632329940796
18.9115625,1.54644250869751
18.9148958333333,1.54656171798706
18.9182291666667,1.54668092727661
18.9215625,1.54674053192139
18.9248958333333,1.54674053192139
18.9282291666667,1.54674053192139
18.9315625,1.54662132263184
18.9348958333333,1.54650211334229
18.9382291666667,1.54638290405273
18.9415625,1.54626369476318
18.9448958333333,1.54608488082886
18.9482291666667,1.54596567153931
18.9515625,1.54578685760498
18.9548958333333,1.54566764831543
18.9582291666667,1.54554843902588
18.9615625,1.54536962509155
18.9648958333333,1.54519081115723
18.9682291666667,1.54495239257813
18.9715625,1.54465436935425
18.9748958333333,1.5442967414856
18.9782291666667,1.54393911361694
18.9815625,1.54346227645874
18.9848958333333,1.54298543930054
18.9882291666667,1.54238939285278
18.9915625,1.5418529510498
18.9948958333333,1.54119729995728
18.9982291666667,1.54054164886475
19.0015625,1.53982639312744
19.0048958333333,1.53905153274536
19.0082291666667,1.53827667236328
19.0115625,1.5375018119812
19.0148958333333,1.53672695159912
19.0182291666667,1.53595209121704
19.0215625,1.53529644012451
19.0248958333333,1.53470039367676
19.0282291666667,1.53416395187378
19.0315625,1.53368711471558
19.0348958333333,1.53332948684692
19.0382291666667,1.53303146362305
19.0415625,1.53279304504395
19.0448958333333,1.53267383575439
19.0482291666667,1.53261423110962
19.0515625,1.53273344039917
19.0548958333333,1.53303146362305
19.0582291666667,1.5336275100708
19.0615625,1.53446197509766
19.0648958333333,1.53565406799316
19.0682291666667,1.53714418411255
19.0715625,1.53893232345581
19.0748958333333,1.54101848602295
19.0782291666667,1.54340267181396
19.0815625,1.54596567153931
19.0848958333333,1.54870748519897
19.0882291666667,1.55156850814819
19.0915625,1.55454874038696
19.0948958333333,1.55764818191528
19.0982291666667,1.5607476234436
19.1015625,1.56384706497192
19.1048958333333,1.56694650650024
19.1082291666667,1.57004594802856
19.1115625,1.57302618026733
19.1148958333333,1.57588720321655
19.1182291666667,1.57862901687622
19.1215625,1.58119201660156
19.1248958333333,1.5835165977478
19.1282291666667,1.58572196960449
19.1315625,1.58768892288208
19.1348958333333,1.58947706222534
19.1382291666667,1.5910267829895
19.1415625,1.59245729446411
19.1448958333333,1.59376859664917
19.1482291666667,1.5949010848999
19.1515625,1.59591436386108
19.1548958333333,1.59692764282227
19.1582291666667,1.59788131713867
19.1615625,1.5987753868103
19.1648958333333,1.59966945648193
19.1682291666667,1.60050392150879
19.1715625,1.60133838653564
19.1748958333333,1.60211324691772
19.1782291666667,1.60282850265503
19.1815625,1.60342454910278
19.1848958333333,1.60384178161621
19.1882291666667,1.60408020019531
19.1915625,1.60413980484009
19.1948958333333,1.60396099090576
19.1982291666667,1.60360336303711
19.2015625,1.60300731658936
19.2048958333333,1.60223245620728
19.2082291666667,1.60127878189087
19.2115625,1.60020589828491
19.2148958333333,1.5990138053894
19.2182291666667,1.59764289855957
19.2215625,1.59615278244019
19.2248958333333,1.59448385238647
19.2282291666667,1.59275531768799
19.2315625,1.59084796905518
19.2348958333333,1.58882141113281
19.2382291666667,1.58661603927612
19.2415625,1.58429145812988
19.2448958333333,1.58190727233887
19.2482291666667,1.57946348190308
19.2515625,1.57701969146729
19.2548958333333,1.57451629638672
19.2582291666667,1.57207250595093
19.2615625,1.56974792480469
19.2648958333333,1.56748294830322
19.2682291666667,1.56533718109131
19.2715625,1.56331062316895
19.2748958333333,1.56152248382568
19.2782291666667,1.55985355377197
19.2815625,1.55842304229736
19.2848958333333,1.55717134475708
19.2882291666667,1.5561580657959
19.2915625,1.55538320541382
19.2948958333333,1.55478715896606
19.2982291666667,1.55442953109741
19.3015625,1.55431032180786
19.3048958333333,1.55436992645264
19.3082291666667,1.55466794967651
19.3115625,1.55514478683472
19.3148958333333,1.55586004257202
19.3182291666667,1.55669450759888
19.3215625,1.55782699584961
19.3248958333333,1.55907869338989
19.3282291666667,1.56062841415405
19.3315625,1.56235694885254
19.3348958333333,1.56432390213013
19.3382291666667,1.56646966934204
19.3415625,1.56879425048828
19.3448958333333,1.57123804092407
19.3482291666667,1.57374143600464
19.3515625,1.57630443572998
19.3548958333333,1.57886743545532
19.3582291666667,1.58137083053589
19.3615625,1.5837550163269
19.3648958333333,1.58613920211792
19.3682291666667,1.58840417861938
19.3715625,1.5905499458313
19.3748958333333,1.59263610839844
19.3782291666667,1.59460306167603
19.3815625,1.59645080566406
19.3848958333333,1.59811973571777
19.3882291666667,1.59966945648193
19.3915625,1.60098075866699
19.3948958333333,1.60211324691772
19.3982291666667,1.60306692123413
19.4015625,1.60384178161621
19.4048958333333,1.60443782806396
19.4082291666667,1.60479545593262
19.4115625,1.60503387451172
19.4148958333333,1.60503387451172
19.4182291666667,1.60491466522217
19.4215625,1.60455703735352
19.4248958333333,1.60413980484009
19.4282291666667,1.60354375839233
19.4315625,1.60282850265503
19.4348958333333,1.60199403762817
19.4382291666667,1.60109996795654
19.4415625,1.60008668899536
19.4448958333333,1.5990138053894
19.4482291666667,1.59794092178345
19.4515625,1.59686803817749
19.4548958333333,1.59573554992676
19.4582291666667,1.59460306167603
19.4615625,1.59347057342529
19.4648958333333,1.59239768981934
19.4682291666667,1.59138441085815
19.4715625,1.59043073654175
19.4748958333333,1.58959627151489
19.4782291666667,1.58894062042236
19.4815625,1.58840417861938
19.4848958333333,1.58816576004028
19.4882291666667,1.58816576004028
19.4915625,1.58840417861938
19.4948958333333,1.58905982971191
19.4982291666667,1.58995389938354
19.5015625,1.59114599227905
19.5048958333333,1.59263610839844
19.5082291666667,1.59436464309692
19.5115625,1.59633159637451
19.5148958333333,1.59841775894165
19.5182291666667,1.60062313079834
19.5215625,1.60294771194458
19.5248958333333,1.60527229309082
19.5282291666667,1.60759687423706
19.5315625,1.6099214553833
19.5348958333333,1.61218643188477
19.5382291666667,1.61439180374146
19.5415625,1.61653757095337
19.5448958333333,1.61868333816528
19.5482291666667,1.62070989608765
19.5515625,1.62273645401001
19.5548958333333,1.6247034072876
19.5582291666667,1.62655115127563
19.5615625,1.6283392906189
19.5648958333333,1.63006782531738
19.5682291666667,1.63167715072632
19.5715625,1.63322687149048
19.5748958333333,1.63459777832031
19.5782291666667,1.63590908050537
19.5815625,1.6370415687561
19.5848958333333,1.63799524307251
19.5882291666667,1.63888931274414
19.5915625,1.63960456848145
19.5948958333333,1.64026021957397
19.5982291666667,1.64073705673218
19.6015625,1.64115428924561
19.6048958333333,1.64139270782471
19.6082291666667,1.64151191711426
19.6115625,1.64151191711426
19.6148958333333,1.64133310317993
19.6182291666667,1.64103507995605
19.6215625,1.64055824279785
19.6248958333333,1.63984298706055
19.6282291666667,1.63894891738892
19.6315625,1.63781642913818
19.6348958333333,1.63650512695313
19.6382291666667,1.63501501083374
19.6415625,1.63334608078003
19.6448958333333,1.63143873214722
19.6482291666667,1.62947177886963
19.6515625,1.62732601165771
19.6548958333333,1.62506103515625
19.6582291666667,1.62267684936523
19.6615625,1.62017345428467
19.6648958333333,1.61761045455933
19.6682291666667,1.61492824554443
19.6715625,1.61212682723999
19.6748958333333,1.60932540893555
19.6782291666667,1.6065239906311
19.6815625,1.60372257232666
19.6848958333333,1.60104036331177
19.6882291666667,1.59859657287598
19.6915625,1.59627199172974
19.6948958333333,1.59424543380737
19.6982291666667,1.59251689910889
19.7015625,1.5910267829895
19.7048958333333,1.58989429473877
19.7082291666667,1.58900022506714
19.7115625,1.58846378326416
19.7148958333333,1.58822536468506
19.7182291666667,1.58828496932983
19.7215625,1.58864259719849
19.7248958333333,1.58935785293579
19.7282291666667,1.59037113189697
19.7315625,1.59174203872681
19.7348958333333,1.59335136413574
19.7382291666667,1.59525871276855
19.7415625,1.59728527069092
19.7448958333333,1.59949064254761
19.7482291666667,1.6016960144043
19.7515625,1.60396099090576
19.7548958333333,1.60622596740723
19.7582291666667,1.60837173461914
19.7615625,1.61045789718628
19.7648958333333,1.61248445510864
19.7682291666667,1.61433219909668
19.7715625,1.61617994308472
19.7748958333333,1.6179084777832
19.7782291666667,1.61957740783691
19.7815625,1.62118673324585
19.7848958333333,1.62273645401001
19.7882291666667,1.62428617477417
19.7915625,1.62577629089355
19.7948958333333,1.62726640701294
19.7982291666667,1.62875652313232
19.8015625,1.63024663925171
19.8048958333333,1.63173675537109
19.8082291666667,1.6331672668457
19.8115625,1.63465738296509
19.8148958333333,1.63614749908447
19.8182291666667,1.63769721984863
19.8215625,1.63918733596802
19.8248958333333,1.64073705673218
19.8282291666667,1.64222717285156
19.8315625,1.64365768432617
19.8348958333333,1.64502859115601
19.8382291666667,1.64633989334106
19.8415625,1.64765119552612
19.8448958333333,1.64878368377686
19.8482291666667,1.64991617202759
19.8515625,1.65092945098877
19.8548958333333,1.6518235206604
19.8582291666667,1.65259838104248
19.8615625,1.65331363677979
19.8648958333333,1.65390968322754
19.8682291666667,1.65438652038574
19.8715625,1.65474414825439
19.8748958333333,1.6549825668335
19.8782291666667,1.65504217147827
19.8815625,1.65492296218872
19.8848958333333,1.65474414825439
19.8882291666667,1.65438652038574
19.8915625,1.65390968322754
19.8948958333333,1.65337324142456
19.8982291666667,1.65283679962158
19.9015625,1.6523003578186
19.9048958333333,1.65176391601563
19.9082291666667,1.6513466835022
19.9115625,1.65104866027832
19.9148958333333,1.65081024169922
19.9182291666667,1.65069103240967
19.9215625,1.65075063705444
19.9248958333333,1.65081024169922
19.9282291666667,1.65104866027832
19.9315625,1.6513466835022
19.9348958333333,1.65176391601563
19.9382291666667,1.6523003578186
19.9415625,1.65289640426636
19.9448958333333,1.65361166000366
19.9482291666667,1.65438652038574
19.9515625,1.6552209854126
19.9548958333333,1.65599584579468
19.9582291666667,1.65683031082153
19.9615625,1.65754556655884
19.9648958333333,1.65826082229614
19.9682291666667,1.6588568687439
19.9715625,1.65945291519165
19.9748958333333,1.65998935699463
19.9782291666667,1.66058540344238
19.9815625,1.66118144989014
19.9848958333333,1.66177749633789
19.9882291666667,1.66237354278564
19.9915625,1.66290998458862
19.9948958333333,1.6634464263916
19.9982291666667,1.66380405426025
20.0015625,1.66398286819458
20.0048958333333,1.66398286819458
20.0082291666667,1.66374444961548
20.0115625,1.66338682174683
20.0148958333333,1.66285037994385
20.0182291666667,1.66213512420654
20.0215625,1.66130065917969
20.0248958333333,1.66040658950806
20.0282291666667,1.65939331054688
20.0315625,1.65838003158569
20.0348958333333,1.65730714797974
20.0382291666667,1.656174659729
20.0415625,1.65504217147827
20.0448958333333,1.65385007858276
20.0482291666667,1.65265798568726
20.0515625,1.65152549743652
20.0548958333333,1.65045261383057
20.0582291666667,1.64943933486938
20.0615625,1.64848566055298
20.0648958333333,1.64765119552612
20.0682291666667,1.64687633514404
20.0715625,1.64616107940674
20.0748958333333,1.64550542831421
20.0782291666667,1.64484977722168
20.0815625,1.6443133354187
20.0848958333333,1.64377689361572
20.0882291666667,1.64335966110229
20.0915625,1.64306163787842
20.0948958333333,1.64300203323364
20.0982291666667,1.64312124252319
20.1015625,1.64347887039185
20.1048958333333,1.6440749168396
20.1082291666667,1.64496898651123
20.1115625,1.64604187011719
20.1148958333333,1.64735317230225
20.1182291666667,1.64878368377686
20.1215625,1.65033340454102
20.1248958333333,1.65200233459473
20.1282291666667,1.65367126464844
20.1315625,1.65539979934692
20.1348958333333,1.65712833404541
20.1382291666667,1.65891647338867
20.1415625,1.66064500808716
20.1448958333333,1.66243314743042
20.1482291666667,1.66428089141846
20.1515625,1.66612863540649
20.1548958333333,1.66803598403931
20.1582291666667,1.66994333267212
20.1615625,1.67185068130493
20.1648958333333,1.67375802993774
20.1682291666667,1.67560577392578
20.1715625,1.67739391326904
20.1748958333333,1.67912244796753
20.1782291666667,1.68073177337646
20.1815625,1.68216228485107
20.1848958333333,1.68347358703613
20.1882291666667,1.68460607528687
20.1915625,1.68555974960327
20.1948958333333,1.68633460998535
20.1982291666667,1.68699026107788
20.2015625,1.68746709823608
20.2048958333333,1.68776512145996
20.2082291666667,1.68806314468384
20.2115625,1.68824195861816
20.2148958333333,1.68842077255249
20.2182291666667,1.68865919113159
20.2215625,1.68889760971069
20.2248958333333,1.68919563293457
20.2282291666667,1.689612865448
20.2315625,1.6900897026062
20.2348958333333,1.69068574905396
20.2382291666667,1.69134140014648
20.2415625,1.69211626052856
20.2448958333333,1.69289112091064
20.2482291666667,1.69378519058228
20.2515625,1.69467926025391
20.2548958333333,1.69557332992554
20.2582291666667,1.69646739959717
20.2615625,1.6973614692688
20.2648958333333,1.69813632965088
20.2682291666667,1.69885158538818
20.2715625,1.69944763183594
20.2748958333333,1.69986486434937
20.2782291666667,1.70010328292847
20.2815625,1.70016288757324
20.2848958333333,1.70004367828369
20.2882291666667,1.69980525970459
20.2915625,1.69938802719116
20.2948958333333,1.69891119003296
20.2982291666667,1.69837474822998
20.3015625,1.69777870178223
20.3048958333333,1.6971230506897
20.3082291666667,1.69646739959717
20.3115625,1.69569253921509
20.3148958333333,1.69485807418823
20.3182291666667,1.69390439987183
20.3215625,1.69277191162109
20.3248958333333,1.69152021408081
20.3282291666667,1.6900897026062
20.3315625,1.68848037719727
20.3348958333333,1.686692237854
20.3382291666667,1.68484449386597
20.3415625,1.68287754058838
20.3448958333333,1.68079137802124
20.3482291666667,1.6787052154541
20.3515625,1.67655944824219
20.3548958333333,1.67441368103027
20.3582291666667,1.67232751846313
20.3615625,1.670241355896
20.3648958333333,1.66821479797363
20.3682291666667,1.66624784469604
20.3715625,1.66440010070801
20.3748958333333,1.66261196136475
20.3782291666667,1.66094303131104
20.3815625,1.65945291519165
20.3848958333333,1.65814161300659
20.3882291666667,1.65694952011108
20.3915625,1.65587663650513
20.3948958333333,1.6549825668335
20.3982291666667,1.65426731109619
20.4015625,1.65367126464844
20.4048958333333,1.65325403213501
20.4082291666667,1.65295600891113
20.4115625,1.65283679962158
20.4148958333333,1.65277719497681
20.4182291666667,1.65277719497681
20.4215625,1.65283679962158
20.4248958333333,1.65295600891113
20.4282291666667,1.65307521820068
20.4315625,1.65319442749023
20.4348958333333,1.65337324142456
20.4382291666667,1.65349245071411
20.4415625,1.65367126464844
20.4448958333333,1.65385007858276
20.4482291666667,1.65414810180664
20.4515625,1.65444612503052
20.4548958333333,1.65480375289917
20.4582291666667,1.65528059005737
20.4615625,1.65575742721558
20.4648958333333,1.65629386901855
20.4682291666667,1.65694952011108
20.4715625,1.65760517120361
20.4748958333333,1.65838003158569
20.4782291666667,1.65927410125732
20.4815625,1.66022777557373
20.4848958333333,1.66136026382446
20.4882291666667,1.66261196136475
20.4915625,1.66404247283936
20.4948958333333,1.66571140289307
20.4982291666667,1.66749954223633
20.5015625,1.66946649551392
20.5048958333333,1.67161226272583
20.5082291666667,1.67381763458252
20.5115625,1.67620182037354
20.5148958333333,1.67858600616455
20.5182291666667,1.68108940124512
20.5215625,1.68353319168091
20.5248958333333,1.68609619140625
20.5282291666667,1.68859958648682
20.5315625,1.69122219085693
20.5348958333333,1.69378519058228
20.5382291666667,1.69646739959717
20.5415625,1.69909000396729
20.5448958333333,1.70177221298218
20.5482291666667,1.70433521270752
20.5515625,1.70677900314331
20.5548958333333,1.70910358428955
20.5582291666667,1.71130895614624
20.5615625,1.71321630477905
20.5648958333333,1.71494483947754
20.5682291666667,1.71643495559692
20.5715625,1.71768665313721
20.5748958333333,1.71869993209839
20.5782291666667,1.71965360641479
20.5815625,1.72042846679688
20.5848958333333,1.7210841178894
20.5882291666667,1.72162055969238
20.5915625,1.72203779220581
20.5948958333333,1.72227621078491
20.5982291666667,1.72239542007446
20.6015625,1.72227621078491
20.6048958333333,1.72203779220581
20.6082291666667,1.72162055969238
20.6115625,1.7210841178894
20.6148958333333,1.7203688621521
20.6182291666667,1.71959400177002
20.6215625,1.71875953674316
20.6248958333333,1.71786546707153
20.6282291666667,1.7169713973999
20.6315625,1.71613693237305
20.6348958333333,1.71530246734619
20.6382291666667,1.71452760696411
20.6415625,1.71387195587158
20.6448958333333,1.71321630477905
20.6482291666667,1.71267986297607
20.6515625,1.71220302581787
20.6548958333333,1.71184539794922
20.6582291666667,1.71154737472534
20.6615625,1.71136856079102
20.6648958333333,1.71130895614624
20.6682291666667,1.71130895614624
20.6715625,1.71136856079102
20.6748958333333,1.71148777008057
20.6782291666667,1.71160697937012
20.6815625,1.71178579330444
20.6848958333333,1.71196460723877
20.6882291666667,1.7121434211731
20.6915625,1.71232223510742
20.6948958333333,1.71244144439697
20.6982291666667,1.71250104904175
20.7015625,1.7126202583313
20.7048958333333,1.71273946762085
20.7082291666667,1.71291828155518
20.7115625,1.71321630477905
20.7148958333333,1.71363353729248
20.7182291666667,1.71416997909546
20.7215625,1.71494483947754
20.7248958333333,1.71583890914917
20.7282291666667,1.71685218811035
20.7315625,1.71804428100586
20.7348958333333,1.71929597854614
20.7382291666667,1.72066688537598
20.7415625,1.72197818756104
20.7448958333333,1.72328948974609
20.7482291666667,1.72454118728638
20.7515625,1.72573328018188
20.7548958333333,1.72692537307739
20.7582291666667,1.72805786132813
20.7615625,1.72913074493408
20.7648958333333,1.73026323318481
20.7682291666667,1.73139572143555
20.7715625,1.73252820968628
20.7748958333333,1.73372030258179
20.7782291666667,1.73485279083252
20.7815625,1.73604488372803
20.7848958333333,1.73717737197876
20.7882291666667,1.73830986022949
20.7915625,1.73938274383545
20.7948958333333,1.74033641815186
20.7982291666667,1.74129009246826
20.8015625,1.74212455749512
20.8048958333333,1.74295902252197
20.8082291666667,1.74373388290405
20.8115625,1.74456834793091
20.8148958333333,1.74540281295776
20.8182291666667,1.74623727798462
20.8215625,1.74713134765625
20.8248958333333,1.74808502197266
20.8282291666667,1.74909830093384
20.8315625,1.75011157989502
20.8348958333333,1.7511248588562
20.8382291666667,1.75213813781738
20.8415625,1.75303220748901
20.8448958333333,1.75392627716064
20.8482291666667,1.75464153289795
20.8515625,1.75517797470093
20.8548958333333,1.75565481185913
20.8582291666667,1.75595283508301
20.8615625,1.75613164901733
20.8648958333333,1.75619125366211
20.8682291666667,1.75619125366211
20.8715625,1.75613164901733
20.8748958333333,1.75601243972778
20.8782291666667,1.75589323043823
20.8815625,1.75583362579346
20.8848958333333,1.75583362579346
20.8882291666667,1.75583362579346
20.8915625,1.75583362579346
20.8948958333333,1.75589323043823
20.8982291666667,1.75589323043823
20.9015625,1.75589323043823
20.9048958333333,1.75589323043823
20.9082291666667,1.75577402114868
20.9115625,1.75565481185913
20.9148958333333,1.75553560256958
20.9182291666667,1.75541639328003
20.9215625,1.75529718399048
20.9248958333333,1.7552375793457
20.9282291666667,1.75517797470093
20.9315625,1.75517797470093
20.9348958333333,1.75517797470093
20.9382291666667,1.7552375793457
20.9415625,1.7552375793457
20.9448958333333,1.7552375793457
20.9482291666667,1.75517797470093
20.9515625,1.75505876541138
20.9548958333333,1.75487995147705
20.9582291666667,1.75458192825317
20.9615625,1.75422430038452
20.9648958333333,1.75374746322632
20.9682291666667,1.75327062606812
20.9715625,1.75267457962036
20.9748958333333,1.75207853317261
20.9782291666667,1.75148248672485
20.9815625,1.7508864402771
20.9848958333333,1.75034999847412
20.9882291666667,1.74981355667114
20.9915625,1.74933671951294
20.9948958333333,1.74891948699951
20.9982291666667,1.74856185913086
21.0015625,1.74826383590698
21.0048958333333,1.74796581268311
21.0082291666667,1.74766778945923
21.0115625,1.74736976623535
21.0148958333333,1.74713134765625
21.0182291666667,1.74683332443237
21.0215625,1.74659490585327
21.0248958333333,1.74641609191895
21.0282291666667,1.74635648727417
21.0315625,1.74629688262939
21.0348958333333,1.74635648727417
21.0382291666667,1.7465353012085
21.0415625,1.74683332443237
21.0448958333333,1.74713134765625
21.0482291666667,1.74760818481445
21.0515625,1.74808502197266
21.0548958333333,1.74862146377563
21.0582291666667,1.74915790557861
21.0615625,1.74969434738159
21.0648958333333,1.75023078918457
21.0682291666667,1.75076723098755
21.0715625,1.75118446350098
21.0748958333333,1.75154209136963
21.0782291666667,1.75184011459351
21.0815625,1.75189971923828
21.0848958333333,1.75189971923828
21.0882291666667,1.75166130065918
21.0915625,1.75130367279053
21.0948958333333,1.75076723098755
21.0982291666667,1.74999237060547
21.1015625,1.74909830093384
21.1048958333333,1.74802541732788
21.1082291666667,1.74671411514282
21.1115625,1.74534320831299
21.1148958333333,1.74373388290405
21.1182291666667,1.74206495285034
21.1215625,1.7402172088623
21.1248958333333,1.73836946487427
21.1282291666667,1.73640251159668
21.1315625,1.73455476760864
21.1348958333333,1.73270702362061
21.1382291666667,1.73091888427734
21.1415625,1.72930955886841
21.1448958333333,1.7278790473938
21.1482291666667,1.72656774520874
21.1515625,1.72537565231323
21.1548958333333,1.72436237335205
21.1582291666667,1.72334909439087
21.1615625,1.72245502471924
21.1648958333333,1.72162055969238
21.1682291666667,1.72078609466553
21.1715625,1.72001123428345
21.1748958333333,1.71935558319092
21.1782291666667,1.71875953674316
21.1815625,1.71828269958496
21.1848958333333,1.71804428100586
21.1882291666667,1.71798467636108
21.1915625,1.71816349029541
21.1948958333333,1.71852111816406
21.1982291666667,1.71905755996704
21.2015625,1.71971321105957
21.2048958333333,1.72042846679688
21.2082291666667,1.72126293182373
21.2115625,1.72203779220581
21.2148958333333,1.72287225723267
21.2182291666667,1.72370672225952
21.2215625,1.72454118728638
21.2248958333333,1.72537565231323
21.2282291666667,1.72632932662964
21.2315625,1.72734260559082
21.2348958333333,1.72847509384155
21.2382291666667,1.72978639602661
21.2415625,1.73115730285645
21.2448958333333,1.73270702362061
21.2482291666667,1.73443555831909
21.2515625,1.73622369766235
21.2548958333333,1.73819065093994
21.2582291666667,1.7402172088623
21.2615625,1.74236297607422
21.2648958333333,1.74462795257568
21.2682291666667,1.74695253372192
21.2715625,1.74939632415771
21.2748958333333,1.75184011459351
21.2782291666667,1.7542839050293
21.2815625,1.75678730010986
21.2848958333333,1.75923109054565
21.2882291666667,1.76173448562622
21.2915625,1.76417827606201
21.2948958333333,1.76656246185303
21.2982291666667,1.76900625228882
21.3015625,1.77133083343506
21.3048958333333,1.77371501922607
21.3082291666667,1.77597999572754
21.3115625,1.77812576293945
21.3148958333333,1.78021192550659
21.3182291666667,1.7821192741394
21.3215625,1.78378820419312
21.3248958333333,1.78533792495728
21.3282291666667,1.78670883178711
21.3315625,1.78790092468262
21.3348958333333,1.78903341293335
21.3382291666667,1.79004669189453
21.3415625,1.79100036621094
21.3448958333333,1.79195404052734
21.3482291666667,1.79290771484375
21.3515625,1.79392099380493
21.3548958333333,1.79493427276611
21.3582291666667,1.79594755172729
21.3615625,1.7969012260437
21.3648958333333,1.79791450500488
21.3682291666667,1.79892778396606
21.3715625,1.79988145828247
21.3748958333333,1.80083513259888
21.3782291666667,1.80178880691528
21.3815625,1.80280208587646
21.3848958333333,1.80381536483765
21.3882291666667,1.8048882484436
21.3915625,1.80602073669434
21.3948958333333,1.80715322494507
21.3982291666667,1.80834531784058
21.4015625,1.80953741073608
21.4048958333333,1.81072950363159
21.4082291666667,1.81186199188232
21.4115625,1.81293487548828
21.4148958333333,1.81388854980469
21.4182291666667,1.81472301483154
21.4215625,1.81537866592407
21.4248958333333,1.81585550308228
21.4282291666667,1.81615352630615
21.4315625,1.81615352630615
21.4348958333333,1.81591510772705
21.4382291666667,1.81549787521362
21.4415625,1.81484222412109
21.4448958333333,1.81400775909424
21.4482291666667,1.81305408477783
21.4515625,1.81198120117188
21.4548958333333,1.81084871292114
21.4582291666667,1.80977582931519
21.4615625,1.80870294570923
21.4648958333333,1.80768966674805
21.4682291666667,1.80685520172119
21.4715625,1.80613994598389
21.4748958333333,1.80560350418091
21.4782291666667,1.80524587631226
21.4815625,1.80506706237793
21.4848958333333,1.80500745773315
21.4882291666667,1.80518627166748
21.4915625,1.80548429489136
21.4948958333333,1.80596113204956
21.4982291666667,1.80655717849731
21.5015625,1.80727243423462
21.5048958333333,1.80810689926147
21.5082291666667,1.80900096893311
21.5115625,1.81001424789429
21.5148958333333,1.81108713150024
21.5182291666667,1.8121600151062
21.5215625,1.81329250335693
21.5248958333333,1.81436538696289
21.5282291666667,1.81549787521362
21.5315625,1.81657075881958
21.5348958333333,1.81758403778076
21.5382291666667,1.81853771209717
21.5415625,1.81949138641357
21.5448958333333,1.82038545608521
21.5482291666667,1.82127952575684
21.5515625,1.82217359542847
21.5548958333333,1.8230676651001
21.5582291666667,1.8240213394165
21.5615625,1.82485580444336
21.5648958333333,1.82574987411499
21.5682291666667,1.82652473449707
21.5715625,1.8271803855896
21.5748958333333,1.82771682739258
21.5782291666667,1.82801485061646
21.5815625,1.82819366455078
21.5848958333333,1.82813405990601
21.5882291666667,1.82795524597168
21.5915625,1.82759761810303
21.5948958333333,1.8271803855896
21.5982291666667,1.8267035484314
21.6015625,1.82622671127319
21.6048958333333,1.82580947875977
21.6082291666667,1.82545185089111
21.6115625,1.82521343231201
21.6148958333333,1.82503461837769
21.6182291666667,1.82491540908813
21.6215625,1.82485580444336
21.6248958333333,1.82491540908813
21.6282291666667,1.82497501373291
21.6315625,1.82509422302246
21.6348958333333,1.82527303695679
21.6382291666667,1.82563066482544
21.6415625,1.82610750198364
21.6448958333333,1.82682275772095
21.6482291666667,1.82801485061646
21.6515625,1.82968378067017
21.6548958333333,1.83212757110596
21.6582291666667,1.83552503585815
21.6615625,1.84017419815063
21.6648958333333,1.84643268585205
21.6682291666667,1.85447931289673
21.6715625,1.86479091644287
21.6748958333333,1.87772512435913
21.6782291666667,1.89363956451416
21.6815625,1.91289186477661
21.6848958333333,1.93572044372559
21.6882291666667,1.96236371994019
21.6915625,1.99276208877563
21.6948958333333,2.02691555023193
21.6982291666667,2.06458568572998
21.7015625,2.1052360534668
21.7048958333333,2.14821100234985
21.7082291666667,2.19267606735229
21.7115625,2.23761796951294
21.7148958333333,2.2817850112915
21.7182291666667,2.32404470443726
21.7215625,2.36302614212036
21.7248958333333,2.39759683609009
21.7282291666667,2.4266242980957
21.7315625,2.4491548538208
21.7348958333333,2.46459245681763
21.7382291666667,2.47246026992798
21.7415625,2.47275829315186
21.7448958333333,2.46554613113403
21.7482291666667,2.45136022567749
21.7515625,2.43091583251953
21.7548958333333,2.40510702133179
21.7582291666667,2.37494707107544
21.7615625,2.34150886535645
21.7648958333333,2.30592489242554
21.7682291666667,2.2692084312439
21.7715625,2.23231315612793
21.7748958333333,2.19613313674927
21.7782291666667,2.16120481491089
21.7815625,2.1282434463501
21.7848958333333,2.09742784500122
21.7882291666667,2.06911563873291
21.7915625,2.04336643218994
21.7948958333333,2.02018022537231
21.7982291666667,1.99949741363525
21.8015625,1.98119878768921
21.8048958333333,1.96516513824463
21.8082291666667,1.95109844207764
21.8115625,1.93893909454346
21.8148958333333,1.92844867706299
21.8182291666667,1.91950798034668
21.8215625,1.91187858581543
21.8248958333333,1.90544128417969
21.8282291666667,1.9000768661499
21.8315625,1.89566612243652
21.8348958333333,1.89197063446045
21.8382291666667,1.8889307975769
21.8415625,1.88642740249634
21.8448958333333,1.88422203063965
21.8482291666667,1.88225507736206
21.8515625,1.88040733337402
21.8548958333333,1.87861919403076
21.8582291666667,1.8768310546875
21.8615625,1.87504291534424
21.8648958333333,1.8731951713562
21.8682291666667,1.87140703201294
21.8715625,1.86961889266968
21.8748958333333,1.86783075332642
21.8782291666667,1.86610221862793
21.8815625,1.86449289321899
21.8848958333333,1.86300277709961
21.8882291666667,1.86151266098022
21.8915625,1.86020135879517
21.8948958333333,1.85900926589966
21.8982291666667,1.85787677764893
21.9015625,1.85686349868774
21.9048958333333,1.85590982437134
21.9082291666667,1.85501575469971
21.9115625,1.85418128967285
21.9148958333333,1.85340642929077
21.9182291666667,1.85269117355347
21.9215625,1.85197591781616
21.9248958333333,1.85126066207886
21.9282291666667,1.85060501098633
21.9315625,1.84988975524902
21.9348958333333,1.84917449951172
21.9382291666667,1.84851884841919
21.9415625,1.84780359268188
21.9448958333333,1.84708833694458
21.9482291666667,1.84643268585205
21.9515625,1.84577703475952
21.9548958333333,1.84524059295654
21.9582291666667,1.84476375579834
21.9615625,1.84446573257446
21.9648958333333,1.84428691864014
21.9682291666667,1.84422731399536
21.9715625,1.84440612792969
21.9748958333333,1.84482336044312
21.9782291666667,1.84530019760132
21.9815625,1.84595584869385
21.9848958333333,1.84673070907593
21.9882291666667,1.84756517410278
21.9915625,1.84839963912964
21.9948958333333,1.84923410415649
21.9982291666667,1.85006856918335
22.0015625,1.85084342956543
22.0048958333333,1.85161828994751
22.0082291666667,1.85233354568481
22.0115625,1.85298919677734
22.0148958333333,1.85352563858032
22.0182291666667,1.85394287109375
22.0215625,1.85424089431763
22.0248958333333,1.85441970825195
22.0282291666667,1.85447931289673
22.0315625,1.85436010360718
22.0348958333333,1.85424089431763
22.0382291666667,1.8540620803833
22.0415625,1.85388326644897
22.0448958333333,1.8538236618042
22.0482291666667,1.85394287109375
22.0515625,1.85436010360718
22.0548958333333,1.85513496398926
22.0582291666667,1.85644626617432
22.0615625,1.85853242874146
22.0648958333333,1.86151266098022
22.0682291666667,1.86562538146973
22.0715625,1.87116861343384
22.0748958333333,1.87849998474121
22.0782291666667,1.88785791397095
22.0815625,1.89965963363647
22.0848958333333,1.91408395767212
22.0882291666667,1.93148851394653
22.0915625,1.95199251174927
22.0948958333333,1.97571516036987
22.0982291666667,2.00259685516357
22.1015625,2.03251838684082
22.1048958333333,2.06512212753296
22.1082291666667,2.09993124008179
22.1115625,2.13629007339478
22.1148958333333,2.17348337173462
22.1182291666667,2.21055746078491
22.1215625,2.24655866622925
22.1248958333333,2.280592918396
22.1282291666667,2.3115873336792
22.1315625,2.338707447052
22.1348958333333,2.36117839813232
22.1382291666667,2.37822532653809
22.1415625,2.38955020904541
22.1448958333333,2.39485502243042
22.1482291666667,2.39402055740356
22.1515625,2.38728523254395
22.1548958333333,2.37494707107544
22.1582291666667,2.35754251480103
22.1615625,2.33572721481323
22.1648958333333,2.31033563613892
22.1682291666667,2.28214263916016
22.1715625,2.25198268890381
22.1748958333333,2.2207498550415
22.1782291666667,2.18915939331055
22.1815625,2.15798616409302
22.1848958333333,2.12782621383667
22.1882291666667,2.09915637969971
22.1915625,2.07233428955078
22.1948958333333,2.04765796661377
22.1982291666667,2.02518701553345
22.2015625,2.00504064559937
22.2048958333333,1.98715925216675
22.2082291666667,1.97142362594604
22.2115625,1.95771455764771
22.2148958333333,1.9458532333374
22.2182291666667,1.93566083908081
22.2215625,1.92707777023315
22.2248958333333,1.91980600357056
22.2282291666667,1.91378593444824
22.2315625,1.90883874893188
22.2348958333333,1.90478563308716
22.2382291666667,1.90156698226929
22.2415625,1.89894437789917
22.2448958333333,1.89691781997681
22.2482291666667,1.8952488899231
22.2515625,1.89393758773804
22.2548958333333,1.8928050994873
22.2582291666667,1.8918514251709
22.2615625,1.89101696014404
22.2648958333333,1.89024209976196
22.2682291666667,1.88952684402466
22.2715625,1.88887119293213
22.2748958333333,1.88815593719482
22.2782291666667,1.88744068145752
22.2815625,1.88678503036499
22.2848958333333,1.88612937927246
22.2882291666667,1.88547372817993
22.2915625,1.88487768173218
22.2948958333333,1.8843412399292
22.2982291666667,1.88380479812622
22.3015625,1.88338756561279
22.3048958333333,1.88308954238892
22.3082291666667,1.88285112380981
22.3115625,1.88267230987549
22.3148958333333,1.88255310058594
22.3182291666667,1.88255310058594
22.3215625,1.88261270523071
22.3248958333333,1.88273191452026
22.3282291666667,1.88291072845459
22.3315625,1.88320875167847
22.3348958333333,1.88350677490234
22.3382291666667,1.88392400741577
22.3415625,1.8843412399292
22.3448958333333,1.8848180770874
22.3482291666667,1.88535451889038
22.3515625,1.88589096069336
22.3548958333333,1.88654661178589
22.3582291666667,1.88720226287842
22.3615625,1.8879771232605
22.3648958333333,1.88887119293213
22.3682291666667,1.88982486724854
22.3715625,1.89095735549927
22.3748958333333,1.89220905303955
22.3782291666667,1.89363956451416
22.3815625,1.89518928527832
22.3848958333333,1.89691781997681
22.3882291666667,1.89882516860962
22.3915625,1.90085172653198
22.3948958333333,1.90305709838867
22.3982291666667,1.90538167953491
22.4015625,1.90776586532593
22.4048958333333,1.91026926040649
22.4082291666667,1.91283226013184
22.4115625,1.91539525985718
22.4148958333333,1.91795825958252
22.4182291666667,1.92058086395264
22.4215625,1.92314386367798
22.4248958333333,1.92570686340332
22.4282291666667,1.92821025848389
22.4315625,1.93065404891968
22.4348958333333,1.93303823471069
22.4382291666667,1.93536281585693
22.4415625,1.93768739700317
22.4448958333333,1.93995237350464
22.4482291666667,1.94215774536133
22.4515625,1.94442272186279
22.4548958333333,1.94668769836426
22.4582291666667,1.9490122795105
22.4615625,1.95133686065674
22.4648958333333,1.95372104644775
22.4682291666667,1.95604562759399
22.4715625,1.95837020874023
22.4748958333333,1.96057558059692
22.4782291666667,1.96272134780884
22.4815625,1.96468830108643
22.4848958333333,1.96659564971924
22.4882291666667,1.96826457977295
22.4915625,1.96981430053711
22.4948958333333,1.97118520736694
22.4982291666667,1.97237730026245
22.5015625,1.97345018386841
22.5048958333333,1.97440385818481
22.5082291666667,1.97511911392212
22.5115625,1.97577476501465
22.5148958333333,1.97625160217285
22.5182291666667,1.9766092300415
22.5215625,1.97690725326538
22.5248958333333,1.97726488113403
22.5282291666667,1.97756290435791
22.5315625,1.97798013687134
22.5348958333333,1.97839736938477
22.5382291666667,1.97899341583252
22.5415625,1.97958946228027
22.5448958333333,1.98030471801758
22.5482291666667,1.98101997375488
22.5515625,1.98173522949219
22.5548958333333,1.98233127593994
22.5582291666667,1.9829273223877
22.5615625,1.98334455490112
22.5648958333333,1.98370218276978
22.5682291666667,1.98394060134888
22.5715625,1.98405981063843
22.5748958333333,1.98405981063843
22.5782291666667,1.98394060134888
22.5815625,1.98376178741455
22.5848958333333,1.9834041595459
22.5882291666667,1.9829273223877
22.5915625,1.98239088058472
22.5948958333333,1.98167562484741
22.5982291666667,1.98084115982056
22.6015625,1.97988748550415
22.6048958333333,1.97881460189819
22.6082291666667,1.97774171829224
22.6115625,1.9766092300415
22.6148958333333,1.975417137146
22.6182291666667,1.97428464889526
22.6215625,1.97309255599976
22.6248958333333,1.97196006774902
22.6282291666667,1.97076797485352
22.6315625,1.96957588195801
22.6348958333333,1.9683837890625
22.6382291666667,1.96719169616699
22.6415625,1.96599960327148
22.6448958333333,1.96480751037598
22.6482291666667,1.96355581283569
22.6515625,1.96230411529541
22.6548958333333,1.9611120223999
22.6582291666667,1.95991992950439
22.6615625,1.95872783660889
22.6648958333333,1.95753574371338
22.6682291666667,1.95634365081787
22.6715625,1.95521116256714
22.6748958333333,1.95401906967163
22.6782291666667,1.9528865814209
22.6815625,1.95175409317017
22.6848958333333,1.95062160491943
22.6882291666667,1.94954872131348
22.6915625,1.94847583770752
22.6948958333333,1.94746255874634
22.6982291666667,1.94644927978516
22.7015625,1.94549560546875
22.7048958333333,1.94454193115234
22.7082291666667,1.94358825683594
22.7115625,1.94263458251953
22.7148958333333,1.9417405128479
22.7182291666667,1.94084644317627
22.7215625,1.93995237350464
22.7248958333333,1.93911790847778
22.7282291666667,1.93828344345093
22.7315625,1.93756818771362
22.7348958333333,1.93685293197632
22.7382291666667,1.93625688552856
22.7415625,1.93578004837036
22.7448958333333,1.93542242050171
22.7482291666667,1.93518400192261
22.7515625,1.93506479263306
22.7548958333333,1.93506479263306
22.7582291666667,1.93524360656738
22.7615625,1.93548202514648
22.7648958333333,1.93583965301514
22.7682291666667,1.93631649017334
22.7715625,1.93685293197632
22.7748958333333,1.93750858306885
22.7782291666667,1.93822383880615
22.7815625,1.93899869918823
22.7848958333333,1.93989276885986
22.7882291666667,1.94090604782104
22.7915625,1.94185972213745
22.7948958333333,1.94287300109863
22.7982291666667,1.94382667541504
22.8015625,1.94472074508667
22.8048958333333,1.94549560546875
22.8082291666667,1.94615125656128
22.8115625,1.94662809371948
22.8148958333333,1.94698572158813
22.8182291666667,1.94716453552246
22.8215625,1.94728374481201
22.8248958333333,1.94722414016724
22.8282291666667,1.94716453552246
22.8315625,1.94710493087769
22.8348958333333,1.94698572158813
22.8382291666667,1.94692611694336
22.8415625,1.94686651229858
22.8448958333333,1.94680690765381
22.8482291666667,1.94668769836426
22.8515625,1.94656848907471
22.8548958333333,1.94633007049561
22.8582291666667,1.94603204727173
22.8615625,1.9456148147583
22.8648958333333,1.94507837295532
22.8682291666667,1.94448232650757
22.8715625,1.94382667541504
22.8748958333333,1.94317102432251
22.8782291666667,1.94251537322998
22.8815625,1.941978931427
22.8848958333333,1.9415020942688
22.8882291666667,1.94108486175537
22.8915625,1.94078683853149
22.8948958333333,1.94060802459717
22.8982291666667,1.94048881530762
22.9015625,1.94054841995239
22.9048958333333,1.94072723388672
22.9082291666667,1.94096565246582
22.9115625,1.94138288497925
22.9148958333333,1.941978931427
22.9182291666667,1.94275379180908
22.9215625,1.94370746612549
22.9248958333333,1.94483995437622
22.9282291666667,1.94621086120605
22.9315625,1.94770097732544
22.9348958333333,1.94936990737915
22.9382291666667,1.95115804672241
22.9415625,1.95300579071045
22.9448958333333,1.95497274398804
22.9482291666667,1.9569993019104
22.9515625,1.95896625518799
22.9548958333333,1.96093320846558
22.9582291666667,1.96290016174316
22.9615625,1.9647479057312
22.9648958333333,1.96659564971924
22.9682291666667,1.9683837890625
22.9715625,1.97005271911621
22.9748958333333,1.97166204452515
22.9782291666667,1.97321176528931
22.9815625,1.97458267211914
22.9848958333333,1.9758939743042
22.9882291666667,1.97708606719971
22.9915625,1.97815895080566
22.9948958333333,1.97911262512207
22.9982291666667,1.97988748550415
23.0015625,1.98054313659668
23.0048958333333,1.98113918304443
23.0082291666667,1.98155641555786
23.0115625,1.98191404342651
23.0148958333333,1.98221206665039
23.0182291666667,1.98245048522949
23.0215625,1.98256969451904
23.0248958333333,1.98268890380859
23.0282291666667,1.98280811309814
23.0315625,1.98280811309814
23.0348958333333,1.98286771774292
23.0382291666667,1.98286771774292
23.0415625,1.98286771774292
23.0448958333333,1.98286771774292
23.0482291666667,1.98286771774292
23.0515625,1.9829273223877
23.0548958333333,1.98304653167725
23.0582291666667,1.98310613632202
23.0615625,1.98322534561157
23.0648958333333,1.98328495025635
23.0682291666667,1.9834041595459
23.0715625,1.9834041595459
23.0748958333333,1.9834041595459
23.0782291666667,1.98328495025635
23.0815625,1.98310613632202
23.0848958333333,1.9829273223877
23.0882291666667,1.98262929916382
23.0915625,1.98227167129517
23.0948958333333,1.98185443878174
23.0982291666667,1.98131799697876
23.1015625,1.98072195053101
23.1048958333333,1.98006629943848
23.1082291666667,1.9792914390564
23.1115625,1.97845697402954
23.1148958333333,1.97756290435791
23.1182291666667,1.97654962539673
23.1215625,1.97547674179077
23.1248958333333,1.97440385818481
23.1282291666667,1.97327136993408
23.1315625,1.97219848632813
23.1348958333333,1.97112560272217
23.1382291666667,1.97011232376099
23.1415625,1.96921825408936
23.1448958333333,1.9683837890625
23.1482291666667,1.9676685333252
23.1515625,1.96701288223267
23.1548958333333,1.96653604507446
23.1582291666667,1.96617841720581
23.1615625,1.96593999862671
23.1648958333333,1.96576118469238
23.1682291666667,1.96570158004761
23.1715625,1.96564197540283
23.1748958333333,1.96570158004761
23.1782291666667,1.96576118469238
23.1815625,1.96588039398193
23.1848958333333,1.96593999862671
23.1882291666667,1.96599960327148
23.1915625,1.96605920791626
23.1948958333333,1.96611881256104
23.1982291666667,1.96617841720581
23.2015625,1.96623802185059
23.2048958333333,1.96623802185059
23.2082291666667,1.96623802185059
23.2115625,1.96623802185059
23.2148958333333,1.96629762649536
23.2182291666667,1.96629762649536
23.2215625,1.96641683578491
23.2248958333333,1.96653604507446
23.2282291666667,1.96677446365356
23.2315625,1.96707248687744
23.2348958333333,1.96748971939087
23.2382291666667,1.96808576583862
23.2415625,1.96880102157593
23.2448958333333,1.96969509124756
23.2482291666667,1.97076797485352
23.2515625,1.9720196723938
23.2548958333333,1.97350978851318
23.2582291666667,1.97517871856689
23.2615625,1.97708606719971
23.2648958333333,1.97917222976685
23.2682291666667,1.98149681091309
23.2715625,1.98394060134888
23.2748958333333,1.98656320571899
23.2782291666667,1.98924541473389
23.2815625,1.99198722839355
23.2848958333333,1.99472904205322
23.2882291666667,1.99735164642334
23.2915625,1.99991464614868
23.2948958333333,2.0022988319397
23.2982291666667,2.00456380844116
23.3015625,2.00670957565308
23.3048958333333,2.00867652893066
23.3082291666667,2.0105242729187
23.3115625,2.01231241226196
23.3148958333333,2.0139217376709
23.3182291666667,2.01547145843506
23.3215625,2.01696157455444
23.3248958333333,2.01839208602905
23.3282291666667,2.01976299285889
23.3315625,2.02107429504395
23.3348958333333,2.02232599258423
23.3382291666667,2.02351808547974
23.3415625,2.02465057373047
23.3448958333333,2.02566385269165
23.3482291666667,2.02655792236328
23.3515625,2.02733278274536
23.3548958333333,2.02798843383789
23.3582291666667,2.02840566635132
23.3615625,2.02864408493042
23.3648958333333,2.02864408493042
23.3682291666667,2.02846527099609
23.3715625,2.02804803848267
23.3748958333333,2.02739238739014
23.3782291666667,2.02661752700806
23.3815625,2.02560424804688
23.3848958333333,2.02453136444092
23.3882291666667,2.02327966690063
23.3915625,2.0219087600708
23.3948958333333,2.02053785324097
23.3982291666667,2.01916694641113
23.4015625,2.0177960395813
23.4048958333333,2.01654434204102
23.4082291666667,2.01535224914551
23.4115625,2.01433897018433
23.4148958333333,2.0134449005127
23.4182291666667,2.01278924942017
23.4215625,2.01231241226196
23.4248958333333,2.01207399368286
23.4282291666667,2.01201438903809
23.4315625,2.01213359832764
23.4348958333333,2.01249122619629
23.4382291666667,2.01296806335449
23.4415625,2.01362371444702
23.4448958333333,2.0143985748291
23.4482291666667,2.01529264450073
23.4515625,2.01624631881714
23.4548958333333,2.0173192024231
23.4582291666667,2.01839208602905
23.4615625,2.01952457427979
23.4648958333333,2.02071666717529
23.4682291666667,2.02184915542603
23.4715625,2.02304124832153
23.4748958333333,2.02417373657227
23.4782291666667,2.02524662017822
23.4815625,2.0262598991394
23.4848958333333,2.02715396881104
23.4882291666667,2.02798843383789
23.4915625,2.02864408493042
23.4948958333333,2.02924013137817
23.4982291666667,2.02971696853638
23.5015625,2.03001499176025
23.5048958333333,2.03031301498413
23.5082291666667,2.03049182891846
23.5115625,2.03061103820801
23.5148958333333,2.03067064285278
23.5182291666667,2.03073024749756
23.5215625,2.03067064285278
23.5248958333333,2.03061103820801
23.5282291666667,2.03049182891846
23.5315625,2.03037261962891
23.5348958333333,2.0301342010498
23.5382291666667,2.0298957824707
23.5415625,2.02953815460205
23.5448958333333,2.0291805267334
23.5482291666667,2.0287036895752
23.5515625,2.02822685241699
23.5548958333333,2.02775001525879
23.5582291666667,2.02721357345581
23.5615625,2.02661752700806
23.5648958333333,2.0260214805603
23.5682291666667,2.02542543411255
23.5715625,2.02482938766479
23.5748958333333,2.02423334121704
23.5782291666667,2.02363729476929
23.5815625,2.02304124832153
23.5848958333333,2.02244520187378
23.5882291666667,2.0219087600708
23.5915625,2.02137231826782
23.5948958333333,2.02095508575439
23.5982291666667,2.02059745788574
23.6015625,2.02041864395142
23.6048958333333,2.02029943466187
23.6082291666667,2.02029943466187
23.6115625,2.02041864395142
23.6148958333333,2.02065706253052
23.6182291666667,2.02095508575439
23.6215625,2.02131271362305
23.6248958333333,2.02172994613647
23.6282291666667,2.0221471786499
23.6315625,2.02256441116333
23.6348958333333,2.02298164367676
23.6382291666667,2.02333927154541
23.6415625,2.02369689941406
23.6448958333333,2.02399492263794
23.6482291666667,2.02429294586182
23.6515625,2.02459096908569
23.6548958333333,2.02494859695435
23.6582291666667,2.02524662017822
23.6615625,2.02560424804688
23.6648958333333,2.02596187591553
23.6682291666667,2.02637910842896
23.6715625,2.02685594558716
23.6748958333333,2.02739238739014
23.6782291666667,2.02798843383789
23.6815625,2.0287036895752
23.6848958333333,2.02947854995728
23.6882291666667,2.03037261962891
23.6915625,2.03138589859009
23.6948958333333,2.03251838684082
23.6982291666667,2.03371047973633
23.7015625,2.03496217727661
23.7048958333333,2.03639268875122
23.7082291666667,2.03788280487061
23.7115625,2.03943252563477
23.7148958333333,2.04110145568848
23.7182291666667,2.04282999038696
23.7215625,2.04461812973022
23.7248958333333,2.04652547836304
23.7282291666667,2.04849243164063
23.7315625,2.05045938491821
23.7348958333333,2.05236673355103
23.7382291666667,2.05427408218384
23.7415625,2.05612182617188
23.7448958333333,2.05779075622559
23.7482291666667,2.05934047698975
23.7515625,2.0606517791748
23.7548958333333,2.06184387207031
23.7582291666667,2.06273794174194
23.7615625,2.06345319747925
23.7648958333333,2.06398963928223
23.7682291666667,2.06434726715088
23.7715625,2.06452608108521
23.7748958333333,2.06452608108521
23.7782291666667,2.06434726715088
23.7815625,2.06410884857178
23.7848958333333,2.0638108253479
23.7882291666667,2.06345319747925
23.7915625,2.06303596496582
23.7948958333333,2.06261873245239
23.7982291666667,2.06226110458374
23.8015625,2.06190347671509
23.8048958333333,2.06166505813599
23.8082291666667,2.06142663955688
23.8115625,2.06136703491211
23.8148958333333,2.06136703491211
23.8182291666667,2.06148624420166
23.8215625,2.06178426742554
23.8248958333333,2.06226110458374
23.8282291666667,2.06285715103149
23.8315625,2.06369161605835
23.8348958333333,2.06470489501953
23.8382291666667,2.06589698791504
23.8415625,2.06732749938965
23.8448958333333,2.06881761550903
23.8482291666667,2.07042694091797
23.8515625,2.07215547561646
23.8548958333333,2.07388401031494
23.8582291666667,2.07555294036865
23.8615625,2.07716226577759
23.8648958333333,2.0785927772522
23.8682291666667,2.07978487014771
23.8715625,2.08079814910889
23.8748958333333,2.08157300949097
23.8782291666667,2.08216905593872
23.8815625,2.08252668380737
23.8848958333333,2.08264589309692
23.8882291666667,2.0827054977417
23.8915625,2.08258628845215
23.8948958333333,2.08240747451782
23.8982291666667,2.0822286605835
23.9015625,2.08199024200439
23.9048958333333,2.08175182342529
23.9082291666667,2.08151340484619
23.9115625,2.08133459091187
23.9148958333333,2.08115577697754
23.9182291666667,2.08097696304321
23.9215625,2.08091735839844
23.9248958333333,2.08091735839844
23.9282291666667,2.08103656768799
23.9315625,2.08127498626709
23.9348958333333,2.08157300949097
23.9382291666667,2.08199024200439
23.9415625,2.08252668380737
23.9448958333333,2.08312273025513
23.9482291666667,2.08383798599243
23.9515625,2.08467245101929
23.9548958333333,2.08556652069092
23.9582291666667,2.0865797996521
23.9615625,2.08765268325806
23.9648958333333,2.08878517150879
23.9682291666667,2.08991765975952
23.9715625,2.09105014801025
23.9748958333333,2.09212303161621
23.9782291666667,2.09307670593262
23.9815625,2.09391117095947
23.9848958333333,2.094566822052
23.9882291666667,2.09498405456543
23.9915625,2.09516286849976
23.9948958333333,2.09510326385498
23.9982291666667,2.09474563598633
24.0015625,2.09414958953857
24.0048958333333,2.09325551986694
24.0082291666667,2.09212303161621
24.0115625,2.09075212478638
24.0148958333333,2.08920240402222
24.0182291666667,2.08753347396851
24.0215625,2.08580493927002
24.0248958333333,2.08413600921631
24.0282291666667,2.08264589309692
24.0315625,2.08127498626709
24.0348958333333,2.08020210266113
24.0382291666667,2.07942724227905
24.0415625,2.07895040512085
24.0448958333333,2.0788311958313
24.0482291666667,2.07895040512085
24.0515625,2.07936763763428
24.0548958333333,2.07996368408203
24.0582291666667,2.08073854446411
24.0615625,2.08169221878052
24.0648958333333,2.08264589309692
24.0682291666667,2.08371877670288
24.0715625,2.08473205566406
24.0748958333333,2.08574533462524
24.0782291666667,2.0865797996521
24.0815625,2.0872950553894
24.0848958333333,2.08783149719238
24.0882291666667,2.08806991577148
24.0915625,2.08812952041626
24.0948958333333,2.08789110183716
24.0982291666667,2.08735466003418
24.1015625,2.0865797996521
24.1048958333333,2.08562612533569
24.1082291666667,2.08449363708496
24.1115625,2.0831823348999
24.1148958333333,2.08187103271484
24.1182291666667,2.08050012588501
24.1215625,2.07912921905518
24.1248958333333,2.07787752151489
24.1282291666667,2.07674503326416
24.1315625,2.07585096359253
24.1348958333333,2.07507610321045
24.1382291666667,2.0744800567627
24.1415625,2.07406282424927
24.1448958333333,2.07382440567017
24.1482291666667,2.07376480102539
24.1515625,2.07382440567017
24.1548958333333,2.07394361495972
24.1582291666667,2.07418203353882
24.1615625,2.07459926605225
24.1648958333333,2.07507610321045
24.1682291666667,2.0756721496582
24.1715625,2.07644701004028
24.1748958333333,2.07734107971191
24.1782291666667,2.07829475402832
24.1815625,2.07936763763428
24.1848958333333,2.08044052124023
24.1882291666667,2.08157300949097
24.1915625,2.08264589309692
24.1948958333333,2.08365917205811
24.1982291666667,2.08461284637451
24.2015625,2.08550691604614
24.2048958333333,2.08640098571777
24.2082291666667,2.0872950553894
24.2115625,2.08818912506104
24.2148958333333,2.08914279937744
24.2182291666667,2.09015607833862
24.2215625,2.09122896194458
24.2248958333333,2.09242105484009
24.2282291666667,2.09367275238037
24.2315625,2.09498405456543
24.2348958333333,2.09641456604004
24.2382291666667,2.09790468215942
24.2415625,2.09945440292358
24.2448958333333,2.10106372833252
24.2482291666667,2.10267305374146
24.2515625,2.10434198379517
24.2548958333333,2.10601091384888
24.2582291666667,2.10767984390259
24.2615625,2.10928916931152
24.2648958333333,2.11089849472046
24.2682291666667,2.11238861083984
24.2715625,2.11381912231445
24.2748958333333,2.11513042449951
24.2782291666667,2.11626291275024
24.2815625,2.11739540100098
24.2848958333333,2.11834907531738
24.2882291666667,2.11924314498901
24.2915625,2.12001800537109
24.2948958333333,2.12079286575317
24.2982291666667,2.12150812149048
24.3015625,2.12210416793823
24.3048958333333,2.12275981903076
24.3082291666667,2.12335586547852
24.3115625,2.12395191192627
24.3148958333333,2.12448835372925
24.3182291666667,2.125084400177
24.3215625,2.12562084197998
24.3248958333333,2.12609767913818
24.3282291666667,2.12657451629639
24.3315625,2.12705135345459
24.3348958333333,2.12746858596802
24.3382291666667,2.12782621383667
24.3415625,2.12806463241577
24.3448958333333,2.12830305099487
24.3482291666667,2.1284818649292
24.3515625,2.12854146957397
24.3548958333333,2.12860107421875
24.3582291666667,2.12866067886353
24.3615625,2.12866067886353
24.3648958333333,2.12866067886353
24.3682291666667,2.1287202835083
24.3715625,2.12883949279785
24.3748958333333,2.1289587020874
24.3782291666667,2.1291971206665
24.3815625,2.12955474853516
24.3848958333333,2.12991237640381
24.3882291666667,2.13032960891724
24.3915625,2.13080644607544
24.3948958333333,2.13128328323364
24.3982291666667,2.13176012039185
24.4015625,2.1321177482605
24.4048958333333,2.1323561668396
24.4082291666667,2.1323561668396
24.4115625,2.13217735290527
24.4148958333333,2.13176012039185
24.4182291666667,2.13110446929932
24.4215625,2.13021039962769
24.4248958333333,2.12913751602173
24.4282291666667,2.128005027771
24.4315625,2.12687253952026
24.4348958333333,2.12597846984863
24.4382291666667,2.12550163269043
24.4415625,2.12579965591431
24.4448958333333,2.12728977203369
24.4482291666667,2.13056802749634
24.4515625,2.1364688873291
24.4548958333333,2.14612483978271
24.4582291666667,2.16102600097656
24.4615625,2.18319892883301
24.4648958333333,2.21520662307739
24.4682291666667,2.26020812988281
24.4715625,2.32207775115967
24.4748958333333,2.40546464920044
24.4782291666667,2.51579284667969
24.4815625,2.65878438949585
24.4848958333333,2.84087657928467
24.4882291666667,3.06832790374756
24.4915625,3.34715843200684
24.4948958333333,3.68261337280273
24.4982291666667,4.07838821411133
24.5015625,4.53639030456543
24.5048958333333,5.05596399307251
24.5082291666667,5.63335418701172
24.5115625,6.26164674758911
24.5148958333333,6.93041086196899
24.5182291666667,7.62581825256348
24.5215625,8.33123922348022
24.5248958333333,9.02760028839111
24.5282291666667,9.69451665878296
24.5315625,10.3112459182739
24.5348958333333,10.8576416969299
24.5382291666667,11.3155841827393
24.5415625,11.6699934005737
24.5448958333333,11.9094848632813
24.5482291666667,12.027382850647
24.5515625,12.0216608047485
24.5548958333333,11.8952393531799
24.5582291666667,11.6554498672485
24.5615625,11.3136172294617
24.5648958333333,10.8842849731445
24.5682291666667,10.3839039802551
24.5715625,9.83047485351563
24.5748958333333,9.24187898635864
24.5782291666667,8.63552093505859
24.5815625,8.02731513977051
24.5848958333333,7.4310302734375
24.5882291666667,6.85834884643555
24.5915625,6.31827116012573
24.5948958333333,5.8172345161438
24.5982291666667,5.35935163497925
24.6015625,4.94658946990967
24.6048958333333,4.57900762557983
24.6082291666667,4.25535440444946
24.6115625,3.97306680679321
24.6148958333333,3.72916460037231
24.6182291666667,3.51983308792114
24.6215625,3.3414363861084
24.6248958333333,3.19010019302368
24.6282291666667,3.06224822998047
24.6315625,2.95448303222656
24.6348958333333,2.86388397216797
24.6382291666667,2.78770923614502
24.6415625,2.72369384765625
24.6448958333333,2.66993045806885
24.6482291666667,2.62469053268433
24.6515625,2.58660316467285
24.6548958333333,2.55453586578369
24.6582291666667,2.52753496170044
24.6615625,2.50494480133057
24.6648958333333,2.48605012893677
24.6682291666667,2.47043371200562
24.6715625,2.45761871337891
24.6748958333333,2.44736671447754
24.6782291666667,2.43926048278809
24.6815625,2.433180809021
24.6848958333333,2.42882966995239
24.6882291666667,2.42596864700317
24.6915625,2.42441892623901
24.6948958333333,2.42400169372559
24.6982291666667,2.42453813552856
24.7015625,2.42584943771362
24.7048958333333,2.42775678634644
24.7082291666667,2.43020057678223
24.7115625,2.43288278579712
24.7148958333333,2.43568420410156
24.7182291666667,2.43848562240601
24.7215625,2.44110822677612
24.7248958333333,2.44343280792236
24.7282291666667,2.44534015655518
24.7315625,2.44671106338501
24.7348958333333,2.44742631912231
24.7382291666667,2.44754552841187
24.7415625,2.44700908660889
24.7448958333333,2.4457573890686
24.7482291666667,2.44385004043579
24.7515625,2.44128704071045
24.7548958333333,2.43806838989258
24.7582291666667,2.43419408798218
24.7615625,2.4297833442688
24.7648958333333,2.42483615875244
24.7682291666667,2.41941213607788
24.7715625,2.41345167160034
24.7748958333333,2.40713357925415
24.7782291666667,2.40045785903931
24.7815625,2.39348411560059
24.7848958333333,2.38633155822754
24.7882291666667,2.37900018692017
24.7915625,2.37154960632324
24.7948958333333,2.36409902572632
24.7982291666667,2.35664844512939
24.8015625,2.34919786453247
24.8048958333333,2.34192609786987
24.8082291666667,2.33477354049683
24.8115625,2.32779979705811
24.8148958333333,2.32106447219849
24.8182291666667,2.31444835662842
24.8215625,2.30807065963745
24.8248958333333,2.30193138122559
24.8282291666667,2.29597091674805
24.8315625,2.29030847549438
24.8348958333333,2.28482484817505
24.8382291666667,2.27963924407959
24.8415625,2.27475166320801
24.8448958333333,2.27010250091553
24.8482291666667,2.2658109664917
24.8515625,2.26181745529175
24.8548958333333,2.25812196731567
24.8582291666667,2.25478410720825
24.8615625,2.25174427032471
24.8648958333333,2.24900245666504
24.8682291666667,2.24655866622925
24.8715625,2.24435329437256
24.8748958333333,2.24244594573975
24.8782291666667,2.24071741104126
24.8815625,2.2391676902771
24.8848958333333,2.23773717880249
24.8882291666667,2.23648548126221
24.8915625,2.23523378372192
24.8948958333333,2.23404169082642
24.8982291666667,2.23284959793091
24.9015625,2.2316575050354
24.9048958333333,2.23052501678467
24.9082291666667,2.22933292388916
24.9115625,2.22814083099365
24.9148958333333,2.22694873809814
24.9182291666667,2.22569704055786
24.9215625,2.2243857383728
24.9248958333333,2.22301483154297
24.9282291666667,2.22152471542358
24.9315625,2.21991539001465
24.9348958333333,2.21818685531616
24.9382291666667,2.21633911132813
24.9415625,2.21449136734009
24.9448958333333,2.2125244140625
24.9482291666667,2.21055746078491
24.9515625,2.2086501121521
24.9548958333333,2.20680236816406
24.9582291666667,2.20507383346558
24.9615625,2.20340490341187
24.9648958333333,2.20185518264771
24.9682291666667,2.2004246711731
24.9715625,2.19911336898804
24.9748958333333,2.19780206680298
24.9782291666667,2.19660997390747
24.9815625,2.19541788101196
24.9848958333333,2.19428539276123
24.9882291666667,2.19321250915527
24.9915625,2.19225883483887
24.9948958333333,2.19142436981201
24.9982291666667,2.19070911407471
25.0015625,2.1902322769165
25.0048958333333,2.18993425369263
25.0082291666667,2.18981504440308
25.0115625,2.18987464904785
25.0148958333333,2.19017267227173
25.0182291666667,2.19064950942993
25.0215625,2.19124555587769
25.0248958333333,2.19202041625977
25.0282291666667,2.19285488128662
25.0315625,2.1938681602478
25.0348958333333,2.19500064849854
25.0382291666667,2.19613313674927
25.0415625,2.19738483428955
25.0448958333333,2.19869613647461
25.0482291666667,2.20000743865967
25.0515625,2.20125913619995
25.0548958333333,2.20245122909546
25.0582291666667,2.20352411270142
25.0615625,2.20441818237305
25.0648958333333,2.20519304275513
25.0682291666667,2.20572948455811
25.0715625,2.20608711242676
25.0748958333333,2.20626592636108
25.0782291666667,2.20626592636108
25.0815625,2.20614671707153
25.0848958333333,2.20596790313721
25.0882291666667,2.20566987991333
25.0915625,2.20531225204468
25.0948958333333,2.20489501953125
25.0982291666667,2.20441818237305
25.1015625,2.20394134521484
25.1048958333333,2.20340490341187
25.1082291666667,2.20274925231934
25.1115625,2.20209360122681
25.1148958333333,2.20131874084473
25.1182291666667,2.20048427581787
25.1215625,2.19959020614624
25.1248958333333,2.19863653182983
25.1282291666667,2.19768285751343
25.1315625,2.19672918319702
25.1348958333333,2.19577550888062
25.1382291666667,2.19482183456421
25.1415625,2.19392776489258
25.1448958333333,2.19309329986572
25.1482291666667,2.19225883483887
25.1515625,2.19154357910156
25.1548958333333,2.19082832336426
25.1582291666667,2.1902322769165
25.1615625,2.18969583511353
25.1648958333333,2.18921899795532
25.1682291666667,2.18886137008667
25.1715625,2.18856334686279
25.1748958333333,2.18838453292847
25.1782291666667,2.18820571899414
25.1815625,2.18814611434937
25.1848958333333,2.18808650970459
25.1882291666667,2.18808650970459
25.1915625,2.18814611434937
25.1948958333333,2.18832492828369
25.1982291666667,2.18850374221802
25.2015625,2.18886137008667
25.2048958333333,2.18921899795532
25.2082291666667,2.1897554397583
25.2115625,2.19029188156128
25.2148958333333,2.19088792800903
25.2182291666667,2.19148397445679
25.2215625,2.19202041625977
25.2248958333333,2.19255685806274
25.2282291666667,2.19303369522095
25.2315625,2.19351053237915
25.2348958333333,2.1938681602478
25.2382291666667,2.19416618347168
25.2415625,2.19446420669556
25.2448958333333,2.19482183456421
25.2482291666667,2.19511985778809
25.2515625,2.19547748565674
25.2548958333333,2.19583511352539
25.2582291666667,2.19625234603882
25.2615625,2.19672918319702
25.2648958333333,2.19720602035522
25.2682291666667,2.19780206680298
25.2715625,2.19839811325073
25.2748958333333,2.19911336898804
25.2782291666667,2.19994783401489
25.2815625,2.20084190368652
25.2848958333333,2.20185518264771
25.2882291666667,2.20292806625366
25.2915625,2.20417976379395
25.2948958333333,2.205491065979
25.2982291666667,2.20686197280884
25.3015625,2.20829248428345
25.3048958333333,2.20972299575806
25.3082291666667,2.21115350723267
25.3115625,2.2125244140625
25.3148958333333,2.21389532089233
25.3182291666667,2.21520662307739
25.3215625,2.21645832061768
25.3248958333333,2.21771001815796
25.3282291666667,2.21890211105347
25.3315625,2.22009420394897
25.3348958333333,2.22122669219971
25.3382291666667,2.22229957580566
25.3415625,2.22331285476685
25.3448958333333,2.22426652908325
25.3482291666667,2.22504138946533
25.3515625,2.22569704055786
25.3548958333333,2.22611427307129
25.3582291666667,2.22641229629517
25.3615625,2.22641229629517
25.3648958333333,2.22629308700562
25.3682291666667,2.22599506378174
25.3715625,2.22557783126831
25.3748958333333,2.22504138946533
25.3782291666667,2.22444534301758
25.3815625,2.22378969192505
25.3848958333333,2.22307443618774
25.3882291666667,2.22235918045044
25.3915625,2.22158432006836
25.3948958333333,2.2207498550415
25.3982291666667,2.21985578536987
25.4015625,2.21884250640869
25.4048958333333,2.21782922744751
25.4082291666667,2.21669673919678
25.4115625,2.21550464630127
25.4148958333333,2.21431255340576
25.4182291666667,2.21312046051025
25.4215625,2.21192836761475
25.4248958333333,2.21085548400879
25.4282291666667,2.20984220504761
25.4315625,2.20894813537598
25.4348958333333,2.20823287963867
25.4382291666667,2.20757722854614
25.4415625,2.20710039138794
25.4448958333333,2.20674276351929
25.4482291666667,2.20656394958496
25.4515625,2.20644474029541
25.4548958333333,2.20650434494019
25.4582291666667,2.20668315887451
25.4615625,2.20698118209839
25.4648958333333,2.20739841461182
25.4682291666667,2.20799446105957
25.4715625,2.20876932144165
25.4748958333333,2.20972299575806
25.4782291666667,2.21091508865356
25.4815625,2.2122859954834
25.4848958333333,2.21389532089233
25.4882291666667,2.21562385559082
25.4915625,2.21759080886841
25.4948958333333,2.21961736679077
25.4982291666667,2.22176313400269
25.5015625,2.2239089012146
25.5048958333333,2.22605466842651
25.5082291666667,2.22814083099365
25.5115625,2.23010778427124
25.5148958333333,2.23195552825928
25.5182291666667,2.23368406295776
25.5215625,2.23517417907715
25.5248958333333,2.23660469055176
25.5282291666667,2.23785638809204
25.5315625,2.23898887634277
25.5348958333333,2.24006175994873
25.5382291666667,2.24101543426514
25.5415625,2.24190950393677
25.5448958333333,2.24268436431885
25.5482291666667,2.24339962005615
25.5515625,2.24405527114868
25.5548958333333,2.24459171295166
25.5582291666667,2.24500894546509
25.5615625,2.24524736404419
25.5648958333333,2.24536657333374
25.5682291666667,2.24530696868896
25.5715625,2.24506855010986
25.5748958333333,2.24471092224121
25.5782291666667,2.24417448043823
25.5815625,2.24345922470093
25.5848958333333,2.24274396896362
25.5882291666667,2.24190950393677
25.5915625,2.24101543426514
25.5948958333333,2.24012136459351
25.5982291666667,2.23928689956665
25.6015625,2.23839282989502
25.6048958333333,2.23755836486816
25.6082291666667,2.23678350448608
25.6115625,2.236008644104
25.6148958333333,2.23523378372192
25.6182291666667,2.23451852798462
25.6215625,2.23380327224731
25.6248958333333,2.23320722579956
25.6282291666667,2.23261117935181
25.6315625,2.23207473754883
25.6348958333333,2.23159790039063
25.6382291666667,2.2311806678772
25.6415625,2.23082304000854
25.6448958333333,2.23052501678467
25.6482291666667,2.23028659820557
25.6515625,2.23004817962646
25.6548958333333,2.22992897033691
25.6582291666667,2.22975015640259
25.6615625,2.22969055175781
25.6648958333333,2.22963094711304
25.6682291666667,2.22969055175781
25.6715625,2.22980976104736
25.6748958333333,2.23004817962646
25.6782291666667,2.23034620285034
25.6815625,2.23076343536377
25.6848958333333,2.23124027252197
25.6882291666667,2.2318959236145
25.6915625,2.23261117935181
25.6948958333333,2.23338603973389
25.6982291666667,2.23422050476074
25.7015625,2.23511457443237
25.7048958333333,2.23606824874878
25.7082291666667,2.23708152770996
25.7115625,2.23809480667114
25.7148958333333,2.2391676902771
25.7182291666667,2.24024057388306
25.7215625,2.24143266677856
25.7248958333333,2.24268436431885
25.7282291666667,2.24393606185913
25.7315625,2.24530696868896
25.7348958333333,2.24673748016357
25.7382291666667,2.24816799163818
25.7415625,2.24977731704712
25.7448958333333,2.25138664245605
25.7482291666667,2.25305557250977
25.7515625,2.25484371185303
25.7548958333333,2.25663185119629
25.7582291666667,2.2585391998291
25.7615625,2.26038694381714
25.7648958333333,2.2621750831604
25.7682291666667,2.26390361785889
25.7715625,2.2655725479126
25.7748958333333,2.26706266403198
25.7782291666667,2.26837396621704
25.7815625,2.26950645446777
25.7848958333333,2.27046012878418
25.7882291666667,2.27129459381104
25.7915625,2.27189064025879
25.7948958333333,2.27242708206177
25.7982291666667,2.2728443145752
25.8015625,2.27320194244385
25.8048958333333,2.27344036102295
25.8082291666667,2.27361917495728
25.8115625,2.27367877960205
25.8148958333333,2.27367877960205
25.8182291666667,2.27361917495728
25.8215625,2.27344036102295
25.8248958333333,2.27326154708862
25.8282291666667,2.2730827331543
25.8315625,2.27296352386475
25.8348958333333,2.2728443145752
25.8382291666667,2.2728443145752
25.8415625,2.27296352386475
25.8448958333333,2.27320194244385
25.8482291666667,2.2735595703125
25.8515625,2.2740364074707
25.8548958333333,2.27457284927368
25.8582291666667,2.27522850036621
25.8615625,2.27594375610352
25.8648958333333,2.2767186164856
25.8682291666667,2.27755308151245
25.8715625,2.27838754653931
25.8748958333333,2.27934122085571
25.8782291666667,2.28023529052734
25.8815625,2.28112936019897
25.8848958333333,2.28208303451538
25.8882291666667,2.28303670883179
25.8915625,2.28404998779297
25.8948958333333,2.28506326675415
25.8982291666667,2.28607654571533
25.9015625,2.28708982467651
25.9048958333333,2.28816270828247
25.9082291666667,2.28917598724365
25.9115625,2.29024887084961
25.9148958333333,2.29120254516602
25.9182291666667,2.29215621948242
25.9215625,2.2929310798645
25.9248958333333,2.29364633560181
25.9282291666667,2.29418277740479
25.9315625,2.29460000991821
25.9348958333333,2.29495763778687
25.9382291666667,2.29513645172119
25.9415625,2.29525566101074
25.9448958333333,2.29537487030029
25.9482291666667,2.29537487030029
25.9515625,2.29531526565552
25.9548958333333,2.29525566101074
25.9582291666667,2.29513645172119
25.9615625,2.29501724243164
25.9648958333333,2.29483842849731
25.9682291666667,2.29465961456299
25.9715625,2.29448080062866
25.9748958333333,2.29424238204956
25.9782291666667,2.29406356811523
25.9815625,2.29394435882568
25.9848958333333,2.29388475418091
25.9882291666667,2.29400396347046
25.9915625,2.29418277740479
25.9948958333333,2.29460000991821
25.9982291666667,2.29513645172119
26.0015625,2.29579210281372
26.0048958333333,2.29668617248535
26.0082291666667,2.29763984680176
26.0115625,2.29865312576294
26.0148958333333,2.2997260093689
26.0182291666667,2.30073928833008
26.0215625,2.30169296264648
26.0248958333333,2.30258703231812
26.0282291666667,2.30330228805542
26.0315625,2.30395793914795
26.0348958333333,2.30449438095093
26.0382291666667,2.30497121810913
26.0415625,2.30544805526733
26.0448958333333,2.30586528778076
26.0482291666667,2.30640172958374
26.0515625,2.30687856674194
26.0548958333333,2.30741500854492
26.0582291666667,2.30789184570313
26.0615625,2.30830907821655
26.0648958333333,2.30866670608521
26.0682291666667,2.30884552001953
26.0715625,2.30884552001953
26.0748958333333,2.30860710144043
26.0782291666667,2.308189868927
26.0815625,2.30753421783447
26.0848958333333,2.30675935745239
26.0882291666667,2.30580568313599
26.0915625,2.3047924041748
26.0948958333333,2.30371952056885
26.0982291666667,2.30264663696289
26.1015625,2.30151414871216
26.1048958333333,2.30050086975098
26.1082291666667,2.29948759078979
26.1115625,2.29853391647339
26.1148958333333,2.29758024215698
26.1182291666667,2.29668617248535
26.1215625,2.29579210281372
26.1248958333333,2.29495763778687
26.1282291666667,2.29418277740479
26.1315625,2.29346752166748
26.1348958333333,2.29281187057495
26.1382291666667,2.29233503341675
26.1415625,2.2919774055481
26.1448958333333,2.29173898696899
26.1482291666667,2.29173898696899
26.1515625,2.29185819625854
26.1548958333333,2.29215621948242
26.1582291666667,2.29263305664063
26.1615625,2.29322910308838
26.1648958333333,2.29388475418091
26.1682291666667,2.29465961456299
26.1715625,2.29555368423462
26.1748958333333,2.29644775390625
26.1782291666667,2.29740142822266
26.1815625,2.29835510253906
26.1848958333333,2.29924917221069
26.1882291666667,2.3002028465271
26.1915625,2.30109691619873
26.1948958333333,2.30199098587036
26.1982291666667,2.30276584625244
26.2015625,2.30354070663452
26.2048958333333,2.30419635772705
26.2082291666667,2.3047924041748
26.2115625,2.30532884597778
26.2148958333333,2.30580568313599
26.2182291666667,2.30616331100464
26.2215625,2.30646133422852
26.2248958333333,2.30664014816284
26.2282291666667,2.30675935745239
26.2315625,2.30681896209717
26.2348958333333,2.30681896209717
26.2382291666667,2.30675935745239
26.2415625,2.30669975280762
26.2448958333333,2.30664014816284
26.2482291666667,2.30658054351807
26.2515625,2.30658054351807
26.2548958333333,2.30652093887329
26.2582291666667,2.30646133422852
26.2615625,2.30640172958374
26.2648958333333,2.30628252029419
26.2682291666667,2.30610370635986
26.2715625,2.30586528778076
26.2748958333333,2.30556726455688
26.2782291666667,2.30509042739868
26.2815625,2.3045539855957
26.2848958333333,2.30395793914795
26.2882291666667,2.30324268341064
26.2915625,2.30246782302856
26.2948958333333,2.30151414871216
26.2982291666667,2.30056047439575
26.3015625,2.29942798614502
26.3048958333333,2.29823589324951
26.3082291666667,2.29698419570923
26.3115625,2.29567289352417
26.3148958333333,2.29430198669434
26.3182291666667,2.29305028915405
26.3215625,2.29179859161377
26.3248958333333,2.29060649871826
26.3282291666667,2.2895336151123
26.3315625,2.2885799407959
26.3348958333333,2.28780508041382
26.3382291666667,2.28708982467651
26.3415625,2.28655338287354
26.3448958333333,2.28607654571533
26.3482291666667,2.28571891784668
26.3515625,2.28548049926758
26.3548958333333,2.28530168533325
26.3582291666667,2.2851824760437
26.3615625,2.28512287139893
26.3648958333333,2.28512287139893
26.3682291666667,2.28512287139893
26.3715625,2.28530168533325
26.3748958333333,2.28548049926758
26.3782291666667,2.28583812713623
26.3815625,2.28625535964966
26.3848958333333,2.28685140609741
26.3882291666667,2.28762626647949
26.3915625,2.2885799407959
26.3948958333333,2.28977203369141
26.3982291666667,2.29114294052124
26.4015625,2.29275226593018
26.4048958333333,2.29448080062866
26.4082291666667,2.29644775390625
26.4115625,2.29859352111816
26.4148958333333,2.30085849761963
26.4182291666667,2.30318307876587
26.4215625,2.30562686920166
26.4248958333333,2.30807065963745
26.4282291666667,2.31045484542847
26.4315625,2.31271982192993
26.4348958333333,2.31486558914185
26.4382291666667,2.31683254241943
26.4415625,2.31856107711792
26.4448958333333,2.31999158859253
26.4482291666667,2.32118368148804
26.4515625,2.32201814651489
26.4548958333333,2.32267379760742
26.4582291666667,2.3229718208313
26.4615625,2.32309103012085
26.4648958333333,2.3229718208313
26.4682291666667,2.32267379760742
26.4715625,2.32219696044922
26.4748958333333,2.32160091400146
26.4782291666667,2.32094526290894
26.4815625,2.32023000717163
26.4848958333333,2.31951475143433
26.4882291666667,2.31873989105225
26.4915625,2.31796503067017
26.4948958333333,2.31719017028809
26.4982291666667,2.31641530990601
26.5015625,2.31564044952393
26.5048958333333,2.31486558914185
26.5082291666667,2.31415033340454
26.5115625,2.31337547302246
26.5148958333333,2.31266021728516
26.5182291666667,2.31194496154785
26.5215625,2.31117010116577
26.5248958333333,2.31045484542847
26.5282291666667,2.30967998504639
26.5315625,2.30890512466431
26.5348958333333,2.30813026428223
26.5382291666667,2.30729579925537
26.5415625,2.30640172958374
26.5448958333333,2.30544805526733
26.5482291666667,2.30449438095093
26.5515625,2.30354070663452
26.5548958333333,2.30258703231812
26.5582291666667,2.30163335800171
26.5615625,2.30073928833008
26.5648958333333,2.29990482330322
26.5682291666667,2.29912996292114
26.5715625,2.29853391647339
26.5748958333333,2.29799747467041
26.5782291666667,2.29763984680176
26.5815625,2.29740142822266
26.5848958333333,2.29734182357788
26.5882291666667,2.29746103286743
26.5915625,2.29775905609131
26.5948958333333,2.29817628860474
26.5982291666667,2.29883193969727
26.6015625,2.29960680007935
26.6048958333333,2.30050086975098
26.6082291666667,2.30151414871216
26.6115625,2.30264663696289
26.6148958333333,2.30389833450317
26.6182291666667,2.30515003204346
26.6215625,2.30652093887329
26.6248958333333,2.30789184570313
26.6282291666667,2.30926275253296
26.6315625,2.31069326400757
26.6348958333333,2.31212377548218
26.6382291666667,2.31349468231201
26.6415625,2.31486558914185
26.6448958333333,2.31623649597168
26.6482291666667,2.31754779815674
26.6515625,2.31873989105225
26.6548958333333,2.31993198394775
26.6582291666667,2.32106447219849
26.6615625,2.32219696044922
26.6648958333333,2.32326984405518
26.6682291666667,2.32428312301636
26.6715625,2.32523679733276
26.6748958333333,2.32619047164917
26.6782291666667,2.3270845413208
26.6815625,2.32791900634766
26.6848958333333,2.32869386672974
26.6882291666667,2.32940912246704
26.6915625,2.33006477355957
26.6948958333333,2.33066082000732
26.6982291666667,2.33113765716553
26.7015625,2.33149528503418
26.7048958333333,2.33179330825806
26.7082291666667,2.33203172683716
26.7115625,2.33215093612671
26.7148958333333,2.33215093612671
26.7182291666667,2.33203172683716
26.7215625,2.33191251754761
26.7248958333333,2.33167409896851
26.7282291666667,2.3314356803894
26.7315625,2.3311972618103
26.7348958333333,2.3309588432312
26.7382291666667,2.33078002929688
26.7415625,2.33066082000732
26.7448958333333,2.33054161071777
26.7482291666667,2.33054161071777
26.7515625,2.33054161071777
26.7548958333333,2.33060121536255
26.7582291666667,2.33066082000732
26.7615625,2.3307204246521
26.7648958333333,2.33078002929688
26.7682291666667,2.33083963394165
26.7715625,2.33089923858643
26.7748958333333,2.33089923858643
26.7782291666667,2.3309588432312
26.7815625,2.3309588432312
26.7848958333333,2.33089923858643
26.7882291666667,2.33083963394165
26.7915625,2.3307204246521
26.7948958333333,2.33054161071777
26.7982291666667,2.3302435874939
26.8015625,2.32994556427002
26.8048958333333,2.32952833175659
26.8082291666667,2.32899188995361
26.8115625,2.32845544815063
26.8148958333333,2.32785940170288
26.8182291666667,2.32720375061035
26.8215625,2.3266077041626
26.8248958333333,2.32601165771484
26.8282291666667,2.32547521591187
26.8315625,2.32499837875366
26.8348958333333,2.32470035552979
26.8382291666667,2.32458114624023
26.8415625,2.32464075088501
26.8448958333333,2.32487916946411
26.8482291666667,2.32529640197754
26.8515625,2.32589244842529
26.8548958333333,2.32666730880737
26.8582291666667,2.32750177383423
26.8615625,2.32851505279541
26.8648958333333,2.32958793640137
26.8682291666667,2.33066082000732
26.8715625,2.33179330825806
26.8748958333333,2.33292579650879
26.8782291666667,2.33405828475952
26.8815625,2.3353099822998
26.8848958333333,2.33656167984009
26.8882291666667,2.3379921913147
26.8915625,2.33942270278931
26.8948958333333,2.34103202819824
26.8982291666667,2.34276056289673
26.9015625,2.34454870223999
26.9048958333333,2.3464560508728
26.9082291666667,2.34848260879517
26.9115625,2.35050916671753
26.9148958333333,2.35253572463989
26.9182291666667,2.35456228256226
26.9215625,2.35652923583984
26.9248958333333,2.35831737518311
26.9282291666667,2.36004590988159
26.9315625,2.36153602600098
26.9348958333333,2.36290693283081
26.9382291666667,2.36403942108154
26.9415625,2.36505270004272
26.9448958333333,2.3658275604248
26.9482291666667,2.36648321151733
26.9515625,2.36701965332031
26.9548958333333,2.36743688583374
26.9582291666667,2.36773490905762
26.9615625,2.36791372299194
26.9648958333333,2.36791372299194
26.9682291666667,2.36773490905762
26.9715625,2.36737728118896
26.9748958333333,2.36684083938599
26.9782291666667,2.36612558364868
26.9815625,2.36523151397705
26.9848958333333,2.36409902572632
26.9882291666667,2.36278772354126
26.9915625,2.36141681671143
26.9948958333333,2.35998630523682
26.9982291666667,2.35849618911743
27.0015625,2.35694646835327
27.0048958333333,2.35545635223389
27.0082291666667,2.3539662361145
27.0115625,2.35253572463989
27.0148958333333,2.35116481781006
27.0182291666667,2.349853515625
27.0215625,2.34860181808472
27.0248958333333,2.34740972518921
27.0282291666667,2.34627723693848
27.0315625,2.34520435333252
27.0348958333333,2.34425067901611
27.0382291666667,2.34341621398926
27.0415625,2.34270095825195
27.0448958333333,2.3421049118042
27.0482291666667,2.341628074646
27.0515625,2.34138965606689
27.0548958333333,2.34127044677734
27.0582291666667,2.34138965606689
27.0615625,2.34168767929077
27.0648958333333,2.34228372573853
27.0682291666667,2.34305858612061
27.0715625,2.34413146972656
27.0748958333333,2.34544277191162
27.0782291666667,2.34699249267578
27.0815625,2.34872102737427
27.0848958333333,2.3505687713623
27.0882291666667,2.35259532928467
27.0915625,2.35462188720703
27.0948958333333,2.35670804977417
27.0982291666667,2.35873460769653
27.1015625,2.3607611656189
27.1048958333333,2.36266851425171
27.1082291666667,2.36451625823975
27.1115625,2.36630439758301
27.1148958333333,2.36809253692627
27.1182291666667,2.36976146697998
27.1215625,2.37143039703369
27.1248958333333,2.37303972244263
27.1282291666667,2.37458944320679
27.1315625,2.3760199546814
27.1348958333333,2.37739086151123
27.1382291666667,2.37858295440674
27.1415625,2.3796558380127
27.1448958333333,2.38054990768433
27.1482291666667,2.38120555877686
27.1515625,2.38174200057983
27.1548958333333,2.38215923309326
27.1582291666667,2.38233804702759
27.1615625,2.38239765167236
27.1648958333333,2.38233804702759
27.1682291666667,2.38215923309326
27.1715625,2.38186120986938
27.1748958333333,2.38150358200073
27.1782291666667,2.38102674484253
27.1815625,2.38054990768433
27.1848958333333,2.38001346588135
27.1882291666667,2.37947702407837
27.1915625,2.37888097763062
27.1948958333333,2.37828493118286
27.1982291666667,2.37768888473511
27.2015625,2.37709283828735
27.2048958333333,2.3764967918396
27.2082291666667,2.37590074539185
27.2115625,2.37524509429932
27.2148958333333,2.37464904785156
27.2182291666667,2.37393379211426
27.2215625,2.37327814102173
27.2248958333333,2.37250328063965
27.2282291666667,2.37178802490234
27.2315625,2.37101316452026
27.2348958333333,2.37029790878296
27.2382291666667,2.36970186233521
27.2415625,2.36916542053223
27.2448958333333,2.36880779266357
27.2482291666667,2.36856937408447
27.2515625,2.3685097694397
27.2548958333333,2.36862897872925
27.2582291666667,2.36892700195313
27.2615625,2.36934423446655
27.2648958333333,2.36988067626953
27.2682291666667,2.37065553665161
27.2715625,2.37154960632324
27.2748958333333,2.3726224899292
27.2782291666667,2.37381458282471
27.2815625,2.37524509429932
27.2848958333333,2.37685441970825
27.2882291666667,2.37864255905151
27.2915625,2.38054990768433
27.2948958333333,2.38257646560669
27.2982291666667,2.38460302352905
27.3015625,2.38668918609619
27.3048958333333,2.38877534866333
27.3082291666667,2.39086151123047
27.3115625,2.39282846450806
27.3148958333333,2.39473581314087
27.3182291666667,2.39652395248413
27.3215625,2.39819288253784
27.3248958333333,2.399742603302
27.3282291666667,2.40117311477661
27.3315625,2.40254402160645
27.3348958333333,2.40373611450195
27.3382291666667,2.40474939346313
27.3415625,2.40564346313477
27.3448958333333,2.40635871887207
27.3482291666667,2.40695476531982
27.3515625,2.40737199783325
27.3548958333333,2.40767002105713
27.3582291666667,2.40778923034668
27.3615625,2.40784883499146
27.3648958333333,2.40778923034668
27.3682291666667,2.40761041641235
27.3715625,2.40737199783325
27.3748958333333,2.4070143699646
27.3782291666667,2.40659713745117
27.3815625,2.40617990493774
27.3848958333333,2.40564346313477
27.3882291666667,2.40510702133179
27.3915625,2.40451097488403
27.3948958333333,2.4038553237915
27.3982291666667,2.40325927734375
27.4015625,2.40260362625122
27.4048958333333,2.40200757980347
27.4082291666667,2.40135192871094
27.4115625,2.40075588226318
27.4148958333333,2.40015983581543
27.4182291666667,2.39962339401245
27.4215625,2.39914655685425
27.4248958333333,2.39872932434082
27.4282291666667,2.39837169647217
27.4315625,2.39813327789307
27.4348958333333,2.39801406860352
27.4382291666667,2.39801406860352
27.4415625,2.39807367324829
27.4448958333333,2.39825248718262
27.4482291666667,2.39855051040649
27.4515625,2.39884853363037
27.4548958333333,2.3992657661438
27.4582291666667,2.39968299865723
27.4615625,2.40015983581543
27.4648958333333,2.40069627761841
27.4682291666667,2.40123271942139
27.4715625,2.40176916122437
27.4748958333333,2.40230560302734
27.4782291666667,2.40284204483032
27.4815625,2.40331888198853
27.4848958333333,2.40379571914673
27.4882291666667,2.40427255630493
27.4915625,2.40463018417358
27.4948958333333,2.40498781204224
27.4982291666667,2.40534543991089
27.5015625,2.40564346313477
27.5048958333333,2.40600109100342
27.5082291666667,2.40635871887207
27.5115625,2.40671634674072
27.5148958333333,2.40707397460938
27.5182291666667,2.40743160247803
27.5215625,2.40778923034668
27.5248958333333,2.40814685821533
27.5282291666667,2.40850448608398
27.5315625,2.40886211395264
27.5348958333333,2.40927934646606
27.5382291666667,2.40975618362427
27.5415625,2.41035223007202
27.5448958333333,2.41106748580933
27.5482291666667,2.41202116012573
27.5515625,2.41321325302124
27.5548958333333,2.4147629737854
27.5582291666667,2.41655111312866
27.5615625,2.41869688034058
27.5648958333333,2.42120027542114
27.5682291666667,2.42400169372559
27.5715625,2.42710113525391
27.5748958333333,2.43031978607178
27.5782291666667,2.43377685546875
27.5815625,2.43723392486572
27.5848958333333,2.44063138961792
27.5882291666667,2.44390964508057
27.5915625,2.44694948196411
27.5948958333333,2.44969129562378
27.5982291666667,2.45213508605957
27.6015625,2.45416164398193
27.6048958333333,2.45577096939087
27.6082291666667,2.45696306228638
27.6115625,2.45779752731323
27.6148958333333,2.45821475982666
27.6182291666667,2.45833396911621
27.6215625,2.45815515518188
27.6248958333333,2.45773792266846
27.6282291666667,2.4571418762207
27.6315625,2.45636701583862
27.6348958333333,2.45553255081177
27.6382291666667,2.45469808578491
27.6415625,2.45380401611328
27.6448958333333,2.4530291557312
27.6482291666667,2.45225429534912
27.6515625,2.45159864425659
27.6548958333333,2.45100259780884
27.6582291666667,2.45052576065063
27.6615625,2.45010852813721
27.6648958333333,2.44981050491333
27.6682291666667,2.44957208633423
27.6715625,2.44933366775513
27.6748958333333,2.44921445846558
27.6782291666667,2.44909524917603
27.6815625,2.44903564453125
27.6848958333333,2.44897603988647
27.6882291666667,2.4489164352417
27.6915625,2.44885683059692
27.6948958333333,2.4486780166626
27.6982291666667,2.44849920272827
27.7015625,2.44820117950439
27.7048958333333,2.44784355163574
27.7082291666667,2.44736671447754
27.7115625,2.44683027267456
27.7148958333333,2.44617462158203
27.7182291666667,2.4455189704895
27.7215625,2.44474411010742
27.7248958333333,2.44402885437012
27.7282291666667,2.44331359863281
27.7315625,2.44259834289551
27.7348958333333,2.4418830871582
27.7382291666667,2.44122743606567
27.7415625,2.44063138961792
27.7448958333333,2.44003534317017
27.7482291666667,2.43943929672241
27.7515625,2.43890285491943
27.7548958333333,2.43842601776123
27.7582291666667,2.43794918060303
27.7615625,2.4375319480896
27.7648958333333,2.43723392486572
27.7682291666667,2.43699550628662
27.7715625,2.43681669235229
27.7748958333333,2.43681669235229
27.7782291666667,2.43693590164185
27.7815625,2.43723392486572
27.7848958333333,2.43771076202393
27.7882291666667,2.43830680847168
27.7915625,2.43908166885376
27.7948958333333,2.44003534317017
27.7982291666667,2.4411678314209
27.8015625,2.44241952896118
27.8048958333333,2.44373083114624
27.8082291666667,2.44522094726563
27.8115625,2.44671106338501
27.8148958333333,2.44820117950439
27.8182291666667,2.44975090026855
27.8215625,2.45124101638794
27.8248958333333,2.45273113250732
27.8282291666667,2.45416164398193
27.8315625,2.45553255081177
27.8348958333333,2.45678424835205
27.8382291666667,2.45803594589233
27.8415625,2.45916843414307
27.8448958333333,2.46024131774902
27.8482291666667,2.46113538742065
27.8515625,2.46196985244751
27.8548958333333,2.46262550354004
27.8582291666667,2.46316194534302
27.8615625,2.46357917785645
27.8648958333333,2.46387720108032
27.8682291666667,2.46405601501465
27.8715625,2.46411561965942
27.8748958333333,2.46411561965942
27.8782291666667,2.4639368057251
27.8815625,2.46375799179077
27.8848958333333,2.46345996856689
27.8882291666667,2.46310234069824
27.8915625,2.46268510818481
27.8948958333333,2.46220827102661
27.8982291666667,2.46173143386841
27.9015625,2.46125459671021
27.9048958333333,2.460777759552
27.9082291666667,2.46036052703857
27.9115625,2.45988368988037
27.9148958333333,2.45946645736694
27.9182291666667,2.45910882949829
27.9215625,2.45875120162964
27.9248958333333,2.45839357376099
27.9282291666667,2.45803594589233
27.9315625,2.45773792266846
27.9348958333333,2.45749950408936
27.9382291666667,2.45720148086548
27.9415625,2.45696306228638
27.9448958333333,2.45678424835205
27.9482291666667,2.45654582977295
27.9515625,2.45630741119385
27.9548958333333,2.45612859725952
27.9582291666667,2.45589017868042
27.9615625,2.45565176010132
27.9648958333333,2.45541334152222
27.9682291666667,2.45517492294312
27.9715625,2.45493650436401
27.9748958333333,2.45469808578491
27.9782291666667,2.45445966720581
27.9815625,2.45422124862671
27.9848958333333,2.45398283004761
27.9882291666667,2.45374441146851
27.9915625,2.45356559753418
27.9948958333333,2.45332717895508
27.9982291666667,2.4530291557312
28.0015625,2.4527907371521
28.0048958333333,2.45249271392822
28.0082291666667,2.45225429534912
28.0115625,2.45195627212524
28.0148958333333,2.45177745819092
28.0182291666667,2.45159864425659
28.0215625,2.45159864425659
28.0248958333333,2.45171785354614
28.0282291666667,2.45201587677002
28.0315625,2.452552318573
28.0348958333333,2.4532675743103
28.0382291666667,2.45410203933716
28.0415625,2.45505571365356
28.0448958333333,2.45612859725952
28.0482291666667,2.45720148086548
28.0515625,2.45821475982666
28.0548958333333,2.45922803878784
28.0582291666667,2.4600625038147
28.0615625,2.46089696884155
28.0648958333333,2.46155261993408
28.0682291666667,2.46220827102661
28.0715625,2.46274471282959
28.0748958333333,2.46322154998779
28.0782291666667,2.46363878250122
28.0815625,2.46405601501465
28.0848958333333,2.46447324752808
28.0882291666667,2.46477127075195
28.0915625,2.46500968933105
28.0948958333333,2.46512889862061
28.0982291666667,2.46518850326538
28.1015625,2.46506929397583
28.1048958333333,2.46483087539673
28.1082291666667,2.46447324752808
28.1115625,2.46387720108032
28.1148958333333,2.46322154998779
28.1182291666667,2.46238708496094
28.1215625,2.46149301528931
28.1248958333333,2.46059894561768
28.1282291666667,2.45958566665649
28.1315625,2.45863199234009
28.1348958333333,2.45773792266846
28.1382291666667,2.45684385299683
28.1415625,2.45606899261475
28.1448958333333,2.45535373687744
28.1482291666667,2.45469808578491
28.1515625,2.45410203933716
28.1548958333333,2.45356559753418
28.1582291666667,2.45308876037598
28.1615625,2.45273113250732
28.1648958333333,2.45243310928345
28.1682291666667,2.45225429534912
28.1715625,2.45225429534912
28.1748958333333,2.45237350463867
28.1782291666667,2.45267152786255
28.1815625,2.45320796966553
28.1848958333333,2.45398283004761
28.1882291666667,2.45493650436401
28.1915625,2.45612859725952
28.1948958333333,2.45743989944458
28.1982291666667,2.45898962020874
28.2015625,2.46071815490723
28.2048958333333,2.46262550354004
28.2082291666667,2.46459245681763
28.2115625,2.46673822402954
28.2148958333333,2.46894359588623
28.2182291666667,2.47126817703247
28.2215625,2.47359275817871
28.2248958333333,2.4760365486145
28.2282291666667,2.47842073440552
28.2315625,2.48080492019653
28.2348958333333,2.483069896698
28.2382291666667,2.48521566390991
28.2415625,2.4871826171875
28.2448958333333,2.48903036117554
28.2482291666667,2.49063968658447
28.2515625,2.49207019805908
28.2548958333333,2.49332189559937
28.2582291666667,2.49439477920532
28.2615625,2.49528884887695
28.2648958333333,2.49606370925903
28.2682291666667,2.49671936035156
28.2715625,2.49713659286499
28.2748958333333,2.49743461608887
28.2782291666667,2.49755382537842
28.2815625,2.49755382537842
28.2848958333333,2.49731540679932
28.2882291666667,2.49683856964111
28.2915625,2.49618291854858
28.2948958333333,2.4954080581665
28.2982291666667,2.49451398849487
28.3015625,2.49350070953369
28.3048958333333,2.49248743057251
28.3082291666667,2.49147415161133
28.3115625,2.49052047729492
28.3148958333333,2.48962640762329
28.3182291666667,2.48885154724121
28.3215625,2.48813629150391
28.3248958333333,2.48754024505615
28.3282291666667,2.48700380325317
28.3315625,2.48652696609497
28.3348958333333,2.48610973358154
28.3382291666667,2.48569250106812
28.3415625,2.48533487319946
28.3448958333333,2.48503684997559
28.3482291666667,2.48479843139648
28.3515625,2.48467922210693
28.3548958333333,2.48461961746216
28.3582291666667,2.48473882675171
28.3615625,2.48491764068604
28.3648958333333,2.48527526855469
28.3682291666667,2.48569250106812
28.3715625,2.48628854751587
28.3748958333333,2.4869441986084
28.3782291666667,2.48777866363525
28.3815625,2.48861312866211
28.3848958333333,2.48956680297852
28.3882291666667,2.49063968658447
28.3915625,2.49171257019043
28.3948958333333,2.49284505844116
28.3982291666667,2.49403715133667
28.4015625,2.49522924423218
28.4048958333333,2.49642133712769
28.4082291666667,2.49761343002319
28.4115625,2.49874591827393
28.4148958333333,2.49981880187988
28.4182291666667,2.50089168548584
28.4215625,2.5019645690918
28.4248958333333,2.50303745269775
28.4282291666667,2.50405073165894
28.4315625,2.50512361526489
28.4348958333333,2.50619649887085
28.4382291666667,2.50726938247681
28.4415625,2.50834226608276
28.4448958333333,2.50941514968872
28.4482291666667,2.51048803329468
28.4515625,2.51162052154541
28.4548958333333,2.51269340515137
28.4582291666667,2.51376628875732
28.4615625,2.51483917236328
28.4648958333333,2.51579284667969
28.4682291666667,2.51662731170654
28.4715625,2.51734256744385
28.4748958333333,2.51787900924683
28.4782291666667,2.51823663711548
28.4815625,2.51835584640503
28.4848958333333,2.51829624176025
28.4882291666667,2.51805782318115
28.4915625,2.51764059066772
28.4948958333333,2.51716375350952
28.4982291666667,2.51650810241699
28.5015625,2.51585245132446
28.5048958333333,2.51519680023193
28.5082291666667,2.51448154449463
28.5115625,2.51370668411255
28.5148958333333,2.51299142837524
28.5182291666667,2.51227617263794
28.5215625,2.51150131225586
28.5248958333333,2.51078605651855
28.5282291666667,2.51007080078125
28.5315625,2.50941514968872
28.5348958333333,2.50887870788574
28.5382291666667,2.50840187072754
28.5415625,2.50804424285889
28.5448958333333,2.50774621963501
28.5482291666667,2.50756740570068
28.5515625,2.50744819641113
28.5548958333333,2.50732898712158
28.5582291666667,2.50726938247681
28.5615625,2.50720977783203
28.5648958333333,2.50709056854248
28.5682291666667,2.50697135925293
28.5715625,2.50685214996338
28.5748958333333,2.5067925453186
28.5782291666667,2.50673294067383
28.5815625,2.5067925453186
28.5848958333333,2.50703096389771
28.5882291666667,2.50744819641113
28.5915625,2.50804424285889
28.5948958333333,2.50881910324097
28.5982291666667,2.50983238220215
28.6015625,2.51096487045288
28.6048958333333,2.51233577728271
28.6082291666667,2.5138258934021
28.6115625,2.51543521881104
28.6148958333333,2.51710414886475
28.6182291666667,2.51883268356323
28.6215625,2.52062082290649
28.6248958333333,2.52246856689453
28.6282291666667,2.52425670623779
28.6315625,2.52598524093628
28.6348958333333,2.52759456634521
28.6382291666667,2.52914428710938
28.6415625,2.53063440322876
28.6448958333333,2.53200531005859
28.6482291666667,2.53325700759888
28.6515625,2.53444910049438
28.6548958333333,2.53552198410034
28.6582291666667,2.5365948677063
28.6615625,2.53760814666748
28.6648958333333,2.53862142562866
28.6682291666667,2.53957509994507
28.6715625,2.5404691696167
28.6748958333333,2.54136323928833
28.6782291666667,2.54213809967041
28.6815625,2.54285335540771
28.6848958333333,2.54350900650024
28.6882291666667,2.54416465759277
28.6915625,2.5448203086853
28.6948958333333,2.54541635513306
28.6982291666667,2.54613161087036
28.7015625,2.54684686660767
28.7048958333333,2.54762172698975
28.7082291666667,2.5484561920166
28.7115625,2.54940986633301
28.7148958333333,2.55048274993896
28.7182291666667,2.55167484283447
28.7215625,2.55292654037476
28.7248958333333,2.55423784255981
28.7282291666667,2.55566835403442
28.7315625,2.55715847015381
28.7348958333333,2.55864858627319
28.7382291666667,2.56025791168213
28.7415625,2.56180763244629
28.7448958333333,2.56341695785522
28.7482291666667,2.56496667861938
28.7515625,2.56651639938354
28.7548958333333,2.56794691085815
28.7582291666667,2.56937742233276
28.7615625,2.5707483291626
28.7648958333333,2.57211923599243
28.7682291666667,2.57354974746704
28.7715625,2.5750994682312
28.7748958333333,2.57682800292969
28.7782291666667,2.57885456085205
28.7815625,2.58129835128784
28.7848958333333,2.58415937423706
28.7882291666667,2.58743762969971
28.7915625,2.59113311767578
28.7948958333333,2.59524583816528
28.7982291666667,2.59965658187866
28.8015625,2.60424613952637
28.8048958333333,2.60889530181885
28.8082291666667,2.61330604553223
28.8115625,2.6174783706665
28.8148958333333,2.62105464935303
28.8182291666667,2.62397527694702
28.8215625,2.62612104415894
28.8248958333333,2.62731313705444
28.8282291666667,2.62755155563354
28.8315625,2.62671709060669
28.8348958333333,2.62486934661865
28.8382291666667,2.62206792831421
28.8415625,2.61843204498291
28.8448958333333,2.61402130126953
28.8482291666667,2.60895490646362
28.8515625,2.60347127914429
28.8548958333333,2.59768962860107
28.8582291666667,2.59172916412354
28.8615625,2.58570909500122
28.8648958333333,2.57986783981323
28.8682291666667,2.57426500320435
28.8715625,2.56901979446411
28.8748958333333,2.5641918182373
28.8782291666667,2.55978107452393
28.8815625,2.55590677261353
28.8848958333333,2.55262851715088
28.8882291666667,2.54976749420166
28.8915625,2.5475025177002
28.8948958333333,2.54565477371216
28.8982291666667,2.54422426223755
28.9015625,2.54321098327637
28.9048958333333,2.54249572753906
28.9082291666667,2.54201889038086
28.9115625,2.54172086715698
28.9148958333333,2.54166126251221
28.9182291666667,2.54166126251221
28.9215625,2.54184007644653
28.9248958333333,2.54207849502563
28.9282291666667,2.54249572753906
28.9315625,2.54297256469727
28.9348958333333,2.54356861114502
28.9382291666667,2.54428386688232
28.9415625,2.54511833190918
28.9448958333333,2.54601240158081
28.9482291666667,2.54702568054199
28.9515625,2.54803895950317
28.9548958333333,2.54905223846436
28.9582291666667,2.55000591278076
28.9615625,2.55089998245239
28.9648958333333,2.55173444747925
28.9682291666667,2.55239009857178
28.9715625,2.55298614501953
28.9748958333333,2.55340337753296
28.9782291666667,2.55370140075684
28.9815625,2.55393981933594
28.9848958333333,2.55405902862549
28.9882291666667,2.55411863327026
28.9915625,2.55411863327026
28.9948958333333,2.55411863327026
28.9982291666667,2.55411863327026
29.0015625,2.55411863327026
29.0048958333333,2.55411863327026
29.0082291666667,2.55411863327026
29.0115625,2.55411863327026
29.0148958333333,2.55411863327026
29.0182291666667,2.55405902862549
29.0215625,2.55393981933594
29.0248958333333,2.55382061004639
29.0282291666667,2.55370140075684
29.0315625,2.55352258682251
29.0348958333333,2.55340337753296
29.0382291666667,2.55328416824341
29.0415625,2.55328416824341
29.0448958333333,2.55340337753296
29.0482291666667,2.55358219146729
29.0515625,2.55393981933594
29.0548958333333,2.55435705184937
29.0582291666667,2.55483388900757
29.0615625,2.55537033081055
29.0648958333333,2.5559663772583
29.0682291666667,2.55650281906128
29.0715625,2.55703926086426
29.0748958333333,2.55757570266724
29.0782291666667,2.55811214447021
29.0815625,2.55864858627319
29.0848958333333,2.55918502807617
29.0882291666667,2.55966186523438
29.0915625,2.56019830703735
29.0948958333333,2.56073474884033
29.0982291666667,2.56121158599854
29.1015625,2.56162881851196
29.1048958333333,2.56192684173584
29.1082291666667,2.56216526031494
29.1115625,2.56228446960449
29.1148958333333,2.56234407424927
29.1182291666667,2.56222486495972
29.1215625,2.56204605102539
29.1248958333333,2.56180763244629
29.1282291666667,2.56145000457764
29.1315625,2.56109237670898
29.1348958333333,2.56067514419556
29.1382291666667,2.56025791168213
29.1415625,2.55978107452393
29.1448958333333,2.55930423736572
29.1482291666667,2.55876779556274
29.1515625,2.55823135375977
29.1548958333333,2.55763530731201
29.1582291666667,2.55703926086426
29.1615625,2.55638360977173
29.1648958333333,2.55566835403442
29.1682291666667,2.55495309829712
29.1715625,2.55417823791504
29.1748958333333,2.55340337753296
29.1782291666667,2.55262851715088
29.1815625,2.55191326141357
29.1848958333333,2.55125761032104
29.1882291666667,2.55072116851807
29.1915625,2.55024433135986
29.1948958333333,2.54994630813599
29.1982291666667,2.54976749420166
29.2015625,2.54970788955688
29.2048958333333,2.54976749420166
29.2082291666667,2.55000591278076
29.2115625,2.55036354064941
29.2148958333333,2.55089998245239
29.2182291666667,2.55155563354492
29.2215625,2.552330493927
29.2248958333333,2.55328416824341
29.2282291666667,2.55435705184937
29.2315625,2.55554914474487
29.2348958333333,2.55692005157471
29.2382291666667,2.55835056304932
29.2415625,2.55978107452393
29.2448958333333,2.56133079528809
29.2482291666667,2.56288051605225
29.2515625,2.56437063217163
29.2548958333333,2.56586074829102
29.2582291666667,2.56723165512085
29.2615625,2.56854295730591
29.2648958333333,2.56979465484619
29.2682291666667,2.5709867477417
29.2715625,2.57211923599243
29.2748958333333,2.57313251495361
29.2782291666667,2.57414579391479
29.2815625,2.57503986358643
29.2848958333333,2.57587432861328
29.2882291666667,2.57664918899536
29.2915625,2.57736444473267
29.2948958333333,2.5780200958252
29.2982291666667,2.57867574691772
29.3015625,2.57927179336548
29.3048958333333,2.57980823516846
29.3082291666667,2.58034467697144
29.3115625,2.58088111877441
29.3148958333333,2.58135795593262
29.3182291666667,2.58183479309082
29.3215625,2.58219242095947
29.3248958333333,2.58243083953857
29.3282291666667,2.5826096534729
29.3315625,2.58272886276245
29.3348958333333,2.58278846740723
29.3382291666667,2.58272886276245
29.3415625,2.5826096534729
29.3448958333333,2.58255004882813
29.3482291666667,2.58243083953857
29.3515625,2.5823712348938
29.3548958333333,2.58231163024902
29.3582291666667,2.5823712348938
29.3615625,2.58255004882813
29.3648958333333,2.58272886276245
29.3682291666667,2.58296728134155
29.3715625,2.58320569992065
29.3748958333333,2.58344411849976
29.3782291666667,2.58362293243408
29.3815625,2.58380174636841
29.3848958333333,2.58392095565796
29.3882291666667,2.58398056030273
29.3915625,2.58398056030273
29.3948958333333,2.58404016494751
29.3982291666667,2.58409976959229
29.4015625,2.58421897888184
29.4048958333333,2.58439779281616
29.4082291666667,2.58463621139526
29.4115625,2.58493423461914
29.4148958333333,2.58523225784302
29.4182291666667,2.58558988571167
29.4215625,2.58588790893555
29.4248958333333,2.58612632751465
29.4282291666667,2.58630514144897
29.4315625,2.5864839553833
29.4348958333333,2.58654356002808
29.4382291666667,2.58654356002808
29.4415625,2.58654356002808
29.4448958333333,2.58654356002808
29.4482291666667,2.5864839553833
29.4515625,2.58642435073853
29.4548958333333,2.58642435073853
29.4582291666667,2.58642435073853
29.4615625,2.5864839553833
29.4648958333333,2.58654356002808
29.4682291666667,2.58666276931763
29.4715625,2.58678197860718
29.4748958333333,2.5869607925415
29.4782291666667,2.58713960647583
29.4815625,2.58725881576538
29.4848958333333,2.58743762969971
29.4882291666667,2.58761644363403
29.4915625,2.58773565292358
29.4948958333333,2.58779525756836
29.4982291666667,2.58779525756836
29.5015625,2.58773565292358
29.5048958333333,2.58761644363403
29.5082291666667,2.58737802505493
29.5115625,2.58702039718628
29.5148958333333,2.58666276931763
29.5182291666667,2.5862455368042
29.5215625,2.58582830429077
29.5248958333333,2.58535146713257
29.5282291666667,2.58487462997437
29.5315625,2.58445739746094
29.5348958333333,2.58409976959229
29.5382291666667,2.58374214172363
29.5415625,2.58338451385498
29.5448958333333,2.58314609527588
29.5482291666667,2.58290767669678
29.5515625,2.58272886276245
29.5548958333333,2.58255004882813
29.5582291666667,2.58243083953857
29.5615625,2.58231163024902
29.5648958333333,2.58231163024902
29.5682291666667,2.58231163024902
29.5715625,2.5823712348938
29.5748958333333,2.58249044418335
29.5782291666667,2.5826096534729
29.5815625,2.58278846740723
29.5848958333333,2.5830864906311
29.5882291666667,2.58344411849976
29.5915625,2.58392095565796
29.5948958333333,2.58445739746094
29.5982291666667,2.58511304855347
29.6015625,2.58588790893555
29.6048958333333,2.5867223739624
29.6082291666667,2.58767604827881
29.6115625,2.58874893188477
29.6148958333333,2.5898814201355
29.6182291666667,2.59113311767578
29.6215625,2.59238481521606
29.6248958333333,2.59369611740112
29.6282291666667,2.59500741958618
29.6315625,2.59637832641602
29.6348958333333,2.59774923324585
29.6382291666667,2.59912014007568
29.6415625,2.60049104690552
29.6448958333333,2.60180234909058
29.6482291666667,2.60311365127563
29.6515625,2.60442495346069
29.6548958333333,2.60579586029053
29.6582291666667,2.60722637176514
29.6615625,2.60865688323975
29.6648958333333,2.61014699935913
29.6682291666667,2.61169672012329
29.6715625,2.61324644088745
29.6748958333333,2.61473655700684
29.6782291666667,2.61616706848145
29.6815625,2.6174783706665
29.6848958333333,2.61861085891724
29.6882291666667,2.61962413787842
29.6915625,2.62045860290527
29.6948958333333,2.62105464935303
29.6982291666667,2.62159109115601
29.7015625,2.62194871902466
29.7048958333333,2.62218713760376
29.7082291666667,2.62236595153809
29.7115625,2.62248516082764
29.7148958333333,2.62254476547241
29.7182291666667,2.62260437011719
29.7215625,2.62254476547241
29.7248958333333,2.62242555618286
29.7282291666667,2.62224674224854
29.7315625,2.62200832366943
29.7348958333333,2.62171030044556
29.7382291666667,2.62123346328735
29.7415625,2.62075662612915
29.7448958333333,2.6201605796814
29.7482291666667,2.61950492858887
29.7515625,2.61873006820679
29.7548958333333,2.61795520782471
29.7582291666667,2.61718034744263
29.7615625,2.61634588241577
29.7648958333333,2.61557102203369
29.7682291666667,2.61479616165161
29.7715625,2.61402130126953
29.7748958333333,2.613365650177
29.7782291666667,2.61282920837402
29.7815625,2.6124119758606
29.7848958333333,2.61217355728149
29.7882291666667,2.61205434799194
29.7915625,2.61217355728149
29.7948958333333,2.61253118515015
29.7982291666667,2.6131272315979
29.8015625,2.61390209197998
29.8048958333333,2.61491537094116
29.8082291666667,2.61616706848145
29.8115625,2.61753797531128
29.8148958333333,2.61902809143066
29.8182291666667,2.6206374168396
29.8215625,2.62236595153809
29.8248958333333,2.62409448623657
29.8282291666667,2.62582302093506
29.8315625,2.62755155563354
29.8348958333333,2.62922048568726
29.8382291666667,2.63088941574097
29.8415625,2.63255834579468
29.8448958333333,2.63416767120361
29.8482291666667,2.63571739196777
29.8515625,2.63714790344238
29.8548958333333,2.63857841491699
29.8582291666667,2.63988971710205
29.8615625,2.64114141464233
29.8648958333333,2.64233350753784
29.8682291666667,2.64346599578857
29.8715625,2.64447927474976
29.8748958333333,2.64543294906616
29.8782291666667,2.64632701873779
29.8815625,2.64716148376465
29.8848958333333,2.64787673950195
29.8882291666667,2.64853239059448
29.8915625,2.64900922775269
29.8948958333333,2.64942646026611
29.8982291666667,2.64972448348999
29.9015625,2.64984369277954
29.9048958333333,2.64984369277954
29.9082291666667,2.64972448348999
29.9115625,2.64942646026611
29.9148958333333,2.64912843704224
29.9182291666667,2.64871120452881
29.9215625,2.64823436737061
29.9248958333333,2.6477575302124
29.9282291666667,2.64734029769897
29.9315625,2.64686346054077
29.9348958333333,2.64644622802734
29.9382291666667,2.64602899551392
29.9415625,2.64561176300049
29.9448958333333,2.64525413513184
29.9482291666667,2.64483690261841
29.9515625,2.64447927474976
29.9548958333333,2.6441216468811
29.9582291666667,2.64382362365723
29.9615625,2.64352560043335
29.9648958333333,2.64328718185425
29.9682291666667,2.64310836791992
29.9715625,2.64298915863037
29.9748958333333,2.6429295539856
29.9782291666667,2.64298915863037
29.9815625,2.64310836791992
29.9848958333333,2.64334678649902
29.9882291666667,2.6436448097229
29.9915625,2.64400243759155
29.9948958333333,2.64441967010498
29.9982291666667,2.64483690261841
30.0015625,2.64525413513184
30.0048958333333,2.64567136764526
30.0082291666667,2.64608860015869
30.0115625,2.64650583267212
30.0148958333333,2.64692306518555
30.0182291666667,2.64734029769897
30.0215625,2.64781713485718
30.0248958333333,2.64829397201538
30.0282291666667,2.64894962310791
30.0315625,2.64960527420044
30.0348958333333,2.65038013458252
30.0382291666667,2.65121459960938
30.0415625,2.65210866928101
30.0448958333333,2.65306234359741
30.0482291666667,2.65407562255859
30.0515625,2.65514850616455
30.0548958333333,2.65622138977051
30.0582291666667,2.65729427337646
30.0615625,2.65836715698242
30.0648958333333,2.65949964523315
30.0682291666667,2.66063213348389
30.0715625,2.66176462173462
30.0748958333333,2.66295671463013
30.0782291666667,2.66414880752563
30.0815625,2.66534090042114
30.0848958333333,2.66653299331665
30.0882291666667,2.66778469085693
30.0915625,2.66903638839722
30.0948958333333,2.6702880859375
30.0982291666667,2.67148017883301
30.1015625,2.67273187637329
30.1048958333333,2.67386436462402
30.1082291666667,2.67505645751953
30.1115625,2.67612934112549
30.1148958333333,2.67720222473145
30.1182291666667,2.67815589904785
30.1215625,2.67910957336426
30.1248958333333,2.68006324768066
30.1282291666667,2.68089771270752
30.1315625,2.6816725730896
30.1348958333333,2.68244743347168
30.1382291666667,2.68310308456421
30.1415625,2.68369913101196
30.1448958333333,2.68429517745972
30.1482291666667,2.6848316192627
30.1515625,2.68542766571045
30.1548958333333,2.68596410751343
30.1582291666667,2.68656015396118
30.1615625,2.68715620040894
30.1648958333333,2.68781185150146
30.1682291666667,2.68840789794922
30.1715625,2.68900394439697
30.1748958333333,2.68954038619995
30.1782291666667,2.68995761871338
30.1815625,2.69025564193726
30.1848958333333,2.69037485122681
30.1882291666667,2.69031524658203
30.1915625,2.69007682800293
30.1948958333333,2.68971920013428
30.1982291666667,2.6891827583313
30.2015625,2.68852710723877
30.2048958333333,2.68781185150146
30.2082291666667,2.68697738647461
30.2115625,2.68614292144775
30.2148958333333,2.68524885177612
30.2182291666667,2.68441438674927
30.2215625,2.68363952636719
30.2248958333333,2.68298387527466
30.2282291666667,2.6823878288269
30.2315625,2.6819109916687
30.2348958333333,2.68155336380005
30.2382291666667,2.68125534057617
30.2415625,2.68107652664185
30.2448958333333,2.68089771270752
30.2482291666667,2.68077850341797
30.2515625,2.68065929412842
30.2548958333333,2.68054008483887
30.2582291666667,2.68036127090454
30.2615625,2.68030166625977
30.2648958333333,2.68018245697021
30.2682291666667,2.68018245697021
30.2715625,2.68024206161499
30.2748958333333,2.68042087554932
30.2782291666667,2.68065929412842
30.2815625,2.68107652664185
30.2848958333333,2.68155336380005
30.2882291666667,2.6821494102478
30.2915625,2.68286466598511
30.2948958333333,2.68357992172241
30.2982291666667,2.68435478210449
30.3015625,2.68518924713135
30.3048958333333,2.68596410751343
30.3082291666667,2.68673896789551
30.3115625,2.68745422363281
30.3148958333333,2.68810987472534
30.3182291666667,2.6887059211731
30.3215625,2.68924236297607
30.3248958333333,2.68971920013428
30.3282291666667,2.69013643264771
30.3315625,2.69049406051636
30.3348958333333,2.69073247909546
30.3382291666667,2.69091129302979
30.3415625,2.69103050231934
30.3448958333333,2.69103050231934
30.3482291666667,2.69097089767456
30.3515625,2.69085168838501
30.3548958333333,2.69067287445068
30.3582291666667,2.69049406051636
30.3615625,2.69031524658203
30.3648958333333,2.69007682800293
30.3682291666667,2.6898980140686
30.3715625,2.68977880477905
30.3748958333333,2.6896595954895
30.3782291666667,2.68959999084473
30.3815625,2.68954038619995
30.3848958333333,2.68954038619995
30.3882291666667,2.68959999084473
30.3915625,2.6896595954895
30.3948958333333,2.68977880477905
30.3982291666667,2.68983840942383
30.4015625,2.6898980140686
30.4048958333333,2.6898980140686
30.4082291666667,2.68983840942383
30.4115625,2.68977880477905
30.4148958333333,2.6896595954895
30.4182291666667,2.6894211769104
30.4215625,2.6891827583313
30.4248958333333,2.6889443397522
30.4282291666667,2.68864631652832
30.4315625,2.68834829330444
30.4348958333333,2.68805027008057
30.4382291666667,2.68775224685669
30.4415625,2.68745422363281
30.4448958333333,2.68715620040894
30.4482291666667,2.68679857254028
30.4515625,2.68650054931641
30.4548958333333,2.68614292144775
30.4582291666667,2.6857852935791
30.4615625,2.68536806106567
30.4648958333333,2.68501043319702
30.4682291666667,2.68459320068359
30.4715625,2.68423557281494
30.4748958333333,2.68387794494629
30.4782291666667,2.68346071243286
30.4815625,2.68316268920898
30.4848958333333,2.68280506134033
30.4882291666667,2.68244743347168
30.4915625,2.6821494102478
30.4948958333333,2.6819109916687
30.4982291666667,2.68179178237915
30.5015625,2.6816725730896
30.5048958333333,2.68161296844482
30.5082291666667,2.68173217773438
30.5115625,2.68185138702393
30.5148958333333,2.68208980560303
30.5182291666667,2.68244743347168
30.5215625,2.68280506134033
30.5248958333333,2.68328189849854
30.5282291666667,2.68369913101196
30.5315625,2.68417596817017
30.5348958333333,2.68471240997314
30.5382291666667,2.68524885177612
30.5415625,2.68584489822388
30.5448958333333,2.68650054931641
30.5482291666667,2.68721580505371
30.5515625,2.68799066543579
30.5548958333333,2.68888473510742
30.5582291666667,2.6898980140686
30.5615625,2.69103050231934
30.5648958333333,2.69222259521484
30.5682291666667,2.69347429275513
30.5715625,2.69478559494019
30.5748958333333,2.69615650177002
30.5782291666667,2.69752740859985
30.5815625,2.69883871078491
30.5848958333333,2.70020961761475
30.5882291666667,2.70158052444458
30.5915625,2.70295143127441
30.5948958333333,2.70432233810425
30.5982291666667,2.70569324493408
30.6015625,2.70712375640869
30.6048958333333,2.70861387252808
30.6082291666667,2.71016359329224
30.6115625,2.71177291870117
30.6148958333333,2.71338224411011
30.6182291666667,2.71505117416382
30.6215625,2.71672010421753
30.6248958333333,2.71838903427124
30.6282291666667,2.72005796432495
30.6315625,2.72172689437866
30.6348958333333,2.7233362197876
30.6382291666667,2.72488594055176
30.6415625,2.72637605667114
30.6448958333333,2.72786617279053
30.6482291666667,2.72929668426514
30.6515625,2.73072719573975
30.6548958333333,2.73209810256958
30.6582291666667,2.73352861404419
30.6615625,2.73483991622925
30.6648958333333,2.73615121841431
30.6682291666667,2.73746252059937
30.6715625,2.7385950088501
30.6748958333333,2.73966789245605
30.6782291666667,2.74062156677246
30.6815625,2.74145603179932
30.6848958333333,2.74211168289185
30.6882291666667,2.74264812469482
30.6915625,2.74312496185303
30.6948958333333,2.74348258972168
30.6982291666667,2.74384021759033
30.7015625,2.74419784545898
30.7048958333333,2.74455547332764
30.7082291666667,2.74491310119629
30.7115625,2.74527072906494
30.7148958333333,2.74562835693359
30.7182291666667,2.74598598480225
30.7215625,2.74622440338135
30.7248958333333,2.74640321731567
30.7282291666667,2.74640321731567
30.7315625,2.7463436126709
30.7348958333333,2.74622440338135
30.7382291666667,2.74592638015747
30.7415625,2.74562835693359
30.7448958333333,2.74533033370972
30.7482291666667,2.74497270584106
30.7515625,2.74461507797241
30.7548958333333,2.74431705474854
30.7582291666667,2.74407863616943
30.7615625,2.74389982223511
30.7648958333333,2.74378061294556
30.7682291666667,2.74372100830078
30.7715625,2.74366140365601
30.7748958333333,2.74366140365601
30.7782291666667,2.74366140365601
30.7815625,2.74372100830078
30.7848958333333,2.74384021759033
30.7882291666667,2.74389982223511
30.7915625,2.74395942687988
30.7948958333333,2.74401903152466
30.7982291666667,2.74401903152466
30.8015625,2.74401903152466
30.8048958333333,2.74395942687988
30.8082291666667,2.74378061294556
30.8115625,2.74360179901123
30.8148958333333,2.74330377578735
30.8182291666667,2.74300575256348
30.8215625,2.74258852005005
30.8248958333333,2.74217128753662
30.8282291666667,2.74163484573364
30.8315625,2.74109840393066
30.8348958333333,2.74050235748291
30.8382291666667,2.73984670639038
30.8415625,2.73919105529785
30.8448958333333,2.73847579956055
30.8482291666667,2.73776054382324
30.8515625,2.73698568344116
30.8548958333333,2.73621082305908
30.8582291666667,2.735435962677
30.8615625,2.73460149765015
30.8648958333333,2.73370742797852
30.8682291666667,2.73287296295166
30.8715625,2.73197889328003
30.8748958333333,2.7310848236084
30.8782291666667,2.73013114929199
30.8815625,2.72917747497559
30.8848958333333,2.7281641960144
30.8882291666667,2.72709131240845
30.8915625,2.72607803344727
30.8948958333333,2.72500514984131
30.8982291666667,2.72399187088013
30.9015625,2.72303819656372
30.9048958333333,2.72214412689209
30.9082291666667,2.72130966186523
30.9115625,2.72059440612793
30.9148958333333,2.72005796432495
30.9182291666667,2.71964073181152
30.9215625,2.71934270858765
30.9248958333333,2.7192234992981
30.9282291666667,2.71928310394287
30.9315625,2.7194619178772
30.9348958333333,2.71981954574585
30.9382291666667,2.72035598754883
30.9415625,2.72095203399658
30.9448958333333,2.72172689437866
30.9482291666667,2.72256135940552
30.9515625,2.72339582443237
30.9548958333333,2.724289894104
30.9582291666667,2.72518396377563
30.9615625,2.72595882415771
30.9648958333333,2.72661447525024
30.9682291666667,2.72715091705322
30.9715625,2.72756814956665
30.9748958333333,2.72786617279053
30.9782291666667,2.72804498672485
30.9815625,2.7281641960144
30.9848958333333,2.7281641960144
30.9882291666667,2.7281641960144
30.9915625,2.7281641960144
30.9948958333333,2.72822380065918
30.9982291666667,2.72840261459351
31.0015625,2.72864103317261
31.0048958333333,2.72893905639648
31.0082291666667,2.72941589355469
31.0115625,2.72995233535767
31.0148958333333,2.73054838180542
31.0182291666667,2.73126363754272
31.0215625,2.73197889328003
31.0248958333333,2.73275375366211
31.0282291666667,2.73346900939941
31.0315625,2.73412466049194
31.0348958333333,2.7347207069397
31.0382291666667,2.7351975440979
31.0415625,2.73555517196655
31.0448958333333,2.73579359054565
31.0482291666667,2.73597240447998
31.0515625,2.73615121841431
31.0548958333333,2.73633003234863
31.0582291666667,2.73656845092773
31.0615625,2.73692607879639
31.0648958333333,2.73740291595459
31.0682291666667,2.73811817169189
31.0715625,2.73901224136353
31.0748958333333,2.74002552032471
31.0782291666667,2.74115800857544
31.0815625,2.74235010147095
31.0848958333333,2.74354219436646
31.0882291666667,2.74479389190674
31.0915625,2.74598598480225
31.0948958333333,2.74717807769775
31.0982291666667,2.74837017059326
31.1015625,2.74956226348877
31.1048958333333,2.75081396102905
31.1082291666667,2.75218486785889
31.1115625,2.75355577468872
31.1148958333333,2.75498628616333
31.1182291666667,2.75653600692749
31.1215625,2.75808572769165
31.1248958333333,2.75963544845581
31.1282291666667,2.76118516921997
31.1315625,2.76273488998413
31.1348958333333,2.76422500610352
31.1382291666667,2.7657151222229
31.1415625,2.76720523834229
31.1448958333333,2.76863574981689
31.1482291666667,2.77000665664673
31.1515625,2.77131795883179
31.1548958333333,2.77256965637207
31.1582291666667,2.77376174926758
31.1615625,2.77489423751831
31.1648958333333,2.77590751647949
31.1682291666667,2.77680158615112
31.1715625,2.77763605117798
31.1748958333333,2.77835130691528
31.1782291666667,2.77894735336304
31.1815625,2.77942419052124
31.1848958333333,2.77978181838989
31.1882291666667,2.78002023696899
31.1915625,2.78007984161377
31.1948958333333,2.78007984161377
31.1982291666667,2.77996063232422
31.2015625,2.77978181838989
31.2048958333333,2.77960300445557
31.2082291666667,2.77930498123169
31.2115625,2.77906656265259
31.2148958333333,2.77876853942871
31.2182291666667,2.77853012084961
31.2215625,2.77817249298096
31.2248958333333,2.77787446975708
31.2282291666667,2.77751684188843
31.2315625,2.77715921401978
31.2348958333333,2.77674198150635
31.2382291666667,2.77626514434814
31.2415625,2.77572870254517
31.2448958333333,2.77519226074219
31.2482291666667,2.77465581893921
31.2515625,2.77405977249146
31.2548958333333,2.7734637260437
31.2582291666667,2.77286767959595
31.2615625,2.77215242385864
31.2648958333333,2.77143716812134
31.2682291666667,2.77072191238403
31.2715625,2.76988744735718
31.2748958333333,2.7691125869751
31.2782291666667,2.76821851730347
31.2815625,2.76738405227661
31.2848958333333,2.76654958724976
31.2882291666667,2.76577472686768
31.2915625,2.76505947113037
31.2948958333333,2.76446342468262
31.2982291666667,2.76398658752441
31.3015625,2.76362895965576
31.3048958333333,2.76333093643188
31.3082291666667,2.76309251785278
31.3115625,2.76297330856323
31.3148958333333,2.76291370391846
31.3182291666667,2.76285409927368
31.3215625,2.76285409927368
31.3248958333333,2.76279449462891
31.3282291666667,2.76279449462891
31.3315625,2.76285409927368
31.3348958333333,2.76291370391846
31.3382291666667,2.76303291320801
31.3415625,2.76327133178711
31.3448958333333,2.76356935501099
31.3482291666667,2.76392698287964
31.3515625,2.76446342468262
31.3548958333333,2.7649998664856
31.3582291666667,2.76565551757813
31.3615625,2.76637077331543
31.3648958333333,2.76708602905273
31.3682291666667,2.76786088943481
31.3715625,2.76863574981689
31.3748958333333,2.76947021484375
31.3782291666667,2.77024507522583
31.3815625,2.77107954025269
31.3848958333333,2.77191400527954
31.3882291666667,2.7727484703064
31.3915625,2.77358293533325
31.3948958333333,2.77447700500488
31.3982291666667,2.77531147003174
31.4015625,2.77620553970337
31.4048958333333,2.77704000473022
31.4082291666667,2.77787446975708
31.4115625,2.77870893478394
31.4148958333333,2.77948379516602
31.4182291666667,2.78031826019287
31.4215625,2.78115272521973
31.4248958333333,2.78198719024658
31.4282291666667,2.78282165527344
31.4315625,2.78371572494507
31.4348958333333,2.7846097946167
31.4382291666667,2.78556346893311
31.4415625,2.78645753860474
31.4448958333333,2.78741121292114
31.4482291666667,2.788245677948
31.4515625,2.78908014297485
31.4548958333333,2.78985500335693
31.4582291666667,2.79057025909424
31.4615625,2.79116630554199
31.4648958333333,2.79170274734497
31.4682291666667,2.79217958450317
31.4715625,2.7925968170166
31.4748958333333,2.79295444488525
31.4782291666667,2.79331207275391
31.4815625,2.79355049133301
31.4848958333333,2.79378890991211
31.4882291666667,2.79390811920166
31.4915625,2.79396772384644
31.4948958333333,2.79396772384644
31.4982291666667,2.79384851455688
31.5015625,2.79372930526733
31.5048958333333,2.79361009597778
31.5082291666667,2.79349088668823
31.5115625,2.79331207275391
31.5148958333333,2.79325246810913
31.5182291666667,2.79319286346436
31.5215625,2.79319286346436
31.5248958333333,2.79325246810913
31.5282291666667,2.79331207275391
31.5315625,2.79343128204346
31.5348958333333,2.79349088668823
31.5382291666667,2.79361009597778
31.5415625,2.79366970062256
31.5448958333333,2.79372930526733
31.5482291666667,2.79384851455688
31.5515625,2.79396772384644
31.5548958333333,2.79414653778076
31.5582291666667,2.79432535171509
31.5615625,2.79462337493896
31.5648958333333,2.79498100280762
31.5682291666667,2.79545783996582
31.5715625,2.79605388641357
31.5748958333333,2.79676914215088
31.5782291666667,2.79760360717773
31.5815625,2.79849767684937
31.5848958333333,2.79945135116577
31.5882291666667,2.80052423477173
31.5915625,2.80159711837769
31.5948958333333,2.80272960662842
31.5982291666667,2.80386209487915
31.6015625,2.80499458312988
31.6048958333333,2.80618667602539
31.6082291666667,2.8073787689209
31.6115625,2.80857086181641
31.6148958333333,2.80982255935669
31.6182291666667,2.81113386154175
31.6215625,2.81244516372681
31.6248958333333,2.81375646591187
31.6282291666667,2.81500816345215
31.6315625,2.81608104705811
31.6348958333333,2.81709432601929
31.6382291666667,2.81786918640137
31.6415625,2.81846523284912
31.6448958333333,2.81888246536255
31.6482291666667,2.81906127929688
31.6515625,2.81906127929688
31.6548958333333,2.81894207000732
31.6582291666667,2.818763256073
31.6615625,2.81846523284912
31.6648958333333,2.81810760498047
31.6682291666667,2.81769037246704
31.6715625,2.81727313995361
31.6748958333333,2.81673669815063
31.6782291666667,2.81620025634766
31.6815625,2.8156042098999
31.6848958333333,2.8148889541626
31.6882291666667,2.81417369842529
31.6915625,2.81333923339844
31.6948958333333,2.81256437301636
31.6982291666667,2.8117299079895
31.7015625,2.81095504760742
31.7048958333333,2.81018018722534
31.7082291666667,2.80958414077759
31.7115625,2.80910730361938
31.7148958333333,2.80869007110596
31.7182291666667,2.80845165252686
31.7215625,2.8083324432373
31.7248958333333,2.8083324432373
31.7282291666667,2.80839204788208
31.7315625,2.80857086181641
31.7348958333333,2.80886888504028
31.7382291666667,2.80922651290894
31.7415625,2.80970335006714
31.7448958333333,2.81023979187012
31.7482291666667,2.81083583831787
31.7515625,2.81155109405518
31.7548958333333,2.81226634979248
31.7582291666667,2.81298160552979
31.7615625,2.81375646591187
31.7648958333333,2.81453132629395
31.7682291666667,2.81524658203125
31.7715625,2.81596183776855
31.7748958333333,2.81667709350586
31.7782291666667,2.81745195388794
31.7815625,2.81816720962524
31.7848958333333,2.81888246536255
31.7882291666667,2.81965732574463
31.7915625,2.82043218612671
31.7948958333333,2.82126665115356
31.7982291666667,2.82204151153564
31.8015625,2.82275676727295
31.8048958333333,2.82347202301025
31.8082291666667,2.82412767410278
31.8115625,2.82472372055054
31.8148958333333,2.82526016235352
31.8182291666667,2.82579660415649
31.8215625,2.8262734413147
31.8248958333333,2.8267502784729
31.8282291666667,2.82716751098633
31.8315625,2.82764434814453
31.8348958333333,2.82812118530273
31.8382291666667,2.82865762710571
31.8415625,2.82913446426392
31.8448958333333,2.82961130142212
31.8482291666667,2.83008813858032
31.8515625,2.83050537109375
31.8548958333333,2.8308629989624
31.8582291666667,2.8311014175415
31.8615625,2.83133983612061
31.8648958333333,2.83139944076538
31.8682291666667,2.83133983612061
31.8715625,2.83122062683105
31.8748958333333,2.83104181289673
31.8782291666667,2.83080339431763
31.8815625,2.8306245803833
31.8848958333333,2.83050537109375
31.8882291666667,2.83044576644897
31.8915625,2.83050537109375
31.8948958333333,2.83068418502808
31.8982291666667,2.83098220825195
31.9015625,2.83139944076538
31.9048958333333,2.83187627792358
31.9082291666667,2.83235311508179
31.9115625,2.83282995223999
31.9148958333333,2.83324718475342
31.9182291666667,2.83360481262207
31.9215625,2.83390283584595
31.9248958333333,2.83414125442505
31.9282291666667,2.83437967300415
31.9315625,2.83467769622803
31.9348958333333,2.83503532409668
31.9382291666667,2.83557176589966
31.9415625,2.83628702163696
31.9448958333333,2.8374195098877
31.9482291666667,2.83896923065186
31.9515625,2.84105539321899
31.9548958333333,2.84397602081299
31.9582291666667,2.84779071807861
31.9615625,2.85285711288452
31.9648958333333,2.85947322845459
31.9682291666667,2.8679370880127
31.9715625,2.87866592407227
31.9748958333333,2.89219617843628
31.9782291666667,2.90894508361816
31.9815625,2.9294490814209
31.9848958333333,2.95400619506836
31.9882291666667,2.9829740524292
31.9915625,3.01671028137207
31.9948958333333,3.05509567260742
31.9982291666667,3.09807062149048
32.0015625,3.14515829086304
32.0048958333333,3.19570302963257
32.0082291666667,3.24881076812744
32.0115625,3.30322980880737
32.0148958333333,3.35758924484253
32.0182291666667,3.41033935546875
32.0215625,3.45981121063232
32.0248958333333,3.50439548492432
32.0282291666667,3.54254245758057
32.0315625,3.57294082641602
32.0348958333333,3.59445810317993
32.0382291666667,3.60643863677979
32.0415625,3.60852479934692
32.0448958333333,3.60065698623657
32.0482291666667,3.58343124389648
32.0515625,3.55750322341919
32.0548958333333,3.52400541305542
32.0582291666667,3.48418951034546
32.0615625,3.43960523605347
32.0648958333333,3.39162349700928
32.0682291666667,3.34173440933228
32.0715625,3.29142808914185
32.0748958333333,3.2418966293335
32.0782291666667,3.19421291351318
32.0815625,3.14927101135254
32.0848958333333,3.10754776000977
32.0882291666667,3.06963920593262
32.0915625,3.03566455841064
32.0948958333333,3.00568342208862
32.0982291666667,2.97963619232178
32.1015625,2.95722484588623
32.1048958333333,2.93827056884766
32.1082291666667,2.9224157333374
32.1115625,2.90930271148682
32.1148958333333,2.89851427078247
32.1182291666667,2.88981199264526
32.1215625,2.88289785385132
32.1248958333333,2.87741422653198
32.1282291666667,2.87312269210815
32.1315625,2.86984443664551
32.1348958333333,2.86740064620972
32.1382291666667,2.86555290222168
32.1415625,2.86418199539185
32.1448958333333,2.86322832107544
32.1482291666667,2.86257266998291
32.1515625,2.86215543746948
32.1548958333333,2.86191701889038
32.1582291666667,2.86173820495605
32.1615625,2.86167860031128
32.1648958333333,2.86173820495605
32.1682291666667,2.86179780960083
32.1715625,2.86185741424561
32.1748958333333,2.86203622817993
32.1782291666667,2.86221504211426
32.1815625,2.86245346069336
32.1848958333333,2.86275148391724
32.1882291666667,2.86304950714111
32.1915625,2.86346673965454
32.1948958333333,2.86394357681274
32.1982291666667,2.86442041397095
32.2015625,2.8650164604187
32.2048958333333,2.86561250686646
32.2082291666667,2.86620855331421
32.2115625,2.86692380905151
32.2148958333333,2.86763906478882
32.2182291666667,2.86835432052612
32.2215625,2.86918878555298
32.2248958333333,2.86996364593506
32.2282291666667,2.87079811096191
32.2315625,2.87157297134399
32.2348958333333,2.87234783172607
32.2382291666667,2.87312269210815
32.2415625,2.87377834320068
32.2448958333333,2.87431478500366
32.2482291666667,2.87479162216187
32.2515625,2.87508964538574
32.2548958333333,2.87538766860962
32.2582291666667,2.87550687789917
32.2615625,2.87556648254395
32.2648958333333,2.87556648254395
32.2682291666667,2.87544727325439
32.2715625,2.87532806396484
32.2748958333333,2.87508964538574
32.2782291666667,2.87479162216187
32.2815625,2.87443399429321
32.2848958333333,2.87407636642456
32.2882291666667,2.87365913391113
32.2915625,2.87324190139771
32.2948958333333,2.87288427352905
32.2982291666667,2.8725266456604
32.3015625,2.87222862243652
32.3048958333333,2.87193059921265
32.3082291666667,2.87169218063354
32.3115625,2.87151336669922
32.3148958333333,2.87133455276489
32.3182291666667,2.87121534347534
32.3215625,2.87103652954102
32.3248958333333,2.87085771560669
32.3282291666667,2.87067890167236
32.3315625,2.87050008773804
32.3348958333333,2.87038087844849
32.3382291666667,2.87026166915894
32.3415625,2.87026166915894
32.3448958333333,2.87032127380371
32.3482291666667,2.87050008773804
32.3515625,2.87079811096191
32.3548958333333,2.87115573883057
32.3582291666667,2.87157297134399
32.3615625,2.8720498085022
32.3648958333333,2.87258625030518
32.3682291666667,2.87306308746338
32.3715625,2.87348031997681
32.3748958333333,2.87383794784546
32.3782291666667,2.87419557571411
32.3815625,2.87443399429321
32.3848958333333,2.87467241287231
32.3882291666667,2.87485122680664
32.3915625,2.87497043609619
32.3948958333333,2.87503004074097
32.3982291666667,2.87508964538574
32.4015625,2.87508964538574
32.4048958333333,2.87508964538574
32.4082291666667,2.87508964538574
32.4115625,2.87503004074097
32.4148958333333,2.87497043609619
32.4182291666667,2.87485122680664
32.4215625,2.87479162216187
32.4248958333333,2.87479162216187
32.4282291666667,2.87479162216187
32.4315625,2.87479162216187
32.4348958333333,2.87485122680664
32.4382291666667,2.87485122680664
32.4415625,2.87497043609619
32.4448958333333,2.87503004074097
32.4482291666667,2.87514925003052
32.4515625,2.87520885467529
32.4548958333333,2.87526845932007
32.4582291666667,2.87532806396484
32.4615625,2.87532806396484
32.4648958333333,2.87526845932007
32.4682291666667,2.87526845932007
32.4715625,2.87520885467529
32.4748958333333,2.87514925003052
32.4782291666667,2.87514925003052
32.4815625,2.87514925003052
32.4848958333333,2.87520885467529
32.4882291666667,2.87532806396484
32.4915625,2.87550687789917
32.4948958333333,2.87574529647827
32.4982291666667,2.87598371505737
32.5015625,2.87622213363647
32.5048958333333,2.87652015686035
32.5082291666667,2.87681818008423
32.5115625,2.87711620330811
32.5148958333333,2.87747383117676
32.5182291666667,2.87777185440063
32.5215625,2.87812948226929
32.5248958333333,2.87848711013794
32.5282291666667,2.87890434265137
32.5315625,2.87938117980957
32.5348958333333,2.879798412323
32.5382291666667,2.8802752494812
32.5415625,2.8807520866394
32.5448958333333,2.88116931915283
32.5482291666667,2.88158655166626
32.5515625,2.88206338882446
32.5548958333333,2.88248062133789
32.5582291666667,2.88295745849609
32.5615625,2.8834342956543
32.5648958333333,2.88397073745728
32.5682291666667,2.8846263885498
32.5715625,2.88534164428711
32.5748958333333,2.88611650466919
32.5782291666667,2.88695096969604
32.5815625,2.88784503936768
32.5848958333333,2.88873910903931
32.5882291666667,2.88963317871094
32.5915625,2.89052724838257
32.5948958333333,2.89148092269897
32.5982291666667,2.89243459701538
32.6015625,2.89332866668701
32.6048958333333,2.89428234100342
32.6082291666667,2.8952956199646
32.6115625,2.89624929428101
32.6148958333333,2.89726257324219
32.6182291666667,2.89821624755859
32.6215625,2.89922952651978
32.6248958333333,2.90012359619141
32.6282291666667,2.90107727050781
32.6315625,2.90197134017944
32.6348958333333,2.90286540985107
32.6382291666667,2.90369987487793
32.6415625,2.90453433990479
32.6448958333333,2.90536880493164
32.6482291666667,2.9062032699585
32.6515625,2.90697813034058
32.6548958333333,2.90775299072266
32.6582291666667,2.90840864181519
32.6615625,2.90906429290771
32.6648958333333,2.90966033935547
32.6682291666667,2.91019678115845
32.6715625,2.91067361831665
32.6748958333333,2.91115045547485
32.6782291666667,2.91156768798828
32.6815625,2.91198492050171
32.6848958333333,2.91240215301514
32.6882291666667,2.91287899017334
32.6915625,2.91335582733154
32.6948958333333,2.91389226913452
32.6982291666667,2.91448831558228
32.7015625,2.9151439666748
32.7048958333333,2.91585922241211
32.7082291666667,2.91651487350464
32.7115625,2.91723012924194
32.7148958333333,2.91788578033447
32.7182291666667,2.91848182678223
32.7215625,2.91901826858521
32.7248958333333,2.91943550109863
32.7282291666667,2.91973352432251
32.7315625,2.91991233825684
32.7348958333333,2.91997194290161
32.7382291666667,2.91991233825684
32.7415625,2.91979312896729
32.7448958333333,2.91955471038818
32.7482291666667,2.91937589645386
32.7515625,2.91919708251953
32.7548958333333,2.91901826858521
32.7582291666667,2.91895866394043
32.7615625,2.91883945465088
32.7648958333333,2.91883945465088
32.7682291666667,2.91883945465088
32.7715625,2.91883945465088
32.7748958333333,2.91889905929565
32.7782291666667,2.91895866394043
32.7815625,2.91913747787476
32.7848958333333,2.91931629180908
32.7882291666667,2.91961431503296
32.7915625,2.91997194290161
32.7948958333333,2.92050838470459
32.7982291666667,2.92110443115234
32.8015625,2.92181968688965
32.8048958333333,2.92259454727173
32.8082291666667,2.92342901229858
32.8115625,2.92426347732544
32.8148958333333,2.92503833770752
32.8182291666667,2.9258131980896
32.8215625,2.92646884918213
32.8248958333333,2.92706489562988
32.8282291666667,2.92760133743286
32.8315625,2.92807817459106
32.8348958333333,2.92843580245972
32.8382291666667,2.92879343032837
32.8415625,2.92915105819702
32.8448958333333,2.9294490814209
32.8482291666667,2.92974710464478
32.8515625,2.9299259185791
32.8548958333333,2.93010473251343
32.8582291666667,2.93022394180298
32.8615625,2.93022394180298
32.8648958333333,2.93022394180298
32.8682291666667,2.93010473251343
32.8715625,2.9299259185791
32.8748958333333,2.9296875
32.8782291666667,2.9294490814209
32.8815625,2.92915105819702
32.8848958333333,2.92891263961792
32.8882291666667,2.92861461639404
32.8915625,2.92837619781494
32.8948958333333,2.92819738388062
32.8982291666667,2.92801856994629
32.9015625,2.92789936065674
32.9048958333333,2.92789936065674
32.9082291666667,2.92795896530151
32.9115625,2.92813777923584
32.9148958333333,2.92843580245972
32.9182291666667,2.92885303497314
32.9215625,2.92938947677612
32.9248958333333,2.93004512786865
32.9282291666667,2.93081998825073
32.9315625,2.93165445327759
32.9348958333333,2.93260812759399
32.9382291666667,2.93362140655518
32.9415625,2.93469429016113
32.9448958333333,2.93582677841187
32.9482291666667,2.93701887130737
32.9515625,2.93827056884766
32.9548958333333,2.93952226638794
32.9582291666667,2.94077396392822
32.9615625,2.94208526611328
32.9648958333333,2.94345617294312
32.9682291666667,2.94482707977295
32.9715625,2.94619798660278
32.9748958333333,2.94762849807739
32.9782291666667,2.949059009552
32.9815625,2.95054912567139
32.9848958333333,2.95203924179077
32.9882291666667,2.95352935791016
32.9915625,2.95495986938477
32.9948958333333,2.95639038085938
32.9982291666667,2.95776128768921
33.0015625,2.95901298522949
33.0048958333333,2.960205078125
33.0082291666667,2.96127796173096
33.0115625,2.96217203140259
33.0148958333333,2.96300649642944
33.0182291666667,2.96372175216675
33.0215625,2.96437740325928
33.0248958333333,2.96491384506226
33.0282291666667,2.96545028686523
33.0315625,2.96586751937866
33.0348958333333,2.96628475189209
33.0382291666667,2.96658277511597
33.0415625,2.96688079833984
33.0448958333333,2.96705961227417
33.0482291666667,2.96717882156372
33.0515625,2.96729803085327
33.0548958333333,2.96735763549805
33.0582291666667,2.96735763549805
33.0615625,2.96735763549805
33.0648958333333,2.96735763549805
33.0682291666667,2.96735763549805
33.0715625,2.9672384262085
33.0748958333333,2.96717882156372
33.0782291666667,2.96700000762939
33.0815625,2.96676158905029
33.0848958333333,2.96652317047119
33.0882291666667,2.96616554260254
33.0915625,2.96580791473389
33.0948958333333,2.96533107757568
33.0982291666667,2.96479463577271
33.1015625,2.96419858932495
33.1048958333333,2.96354293823242
33.1082291666667,2.96288728713989
33.1115625,2.96217203140259
33.1148958333333,2.96139717102051
33.1182291666667,2.96062231063843
33.1215625,2.95978784561157
33.1248958333333,2.95895338058472
33.1282291666667,2.95811891555786
33.1315625,2.95728445053101
33.1348958333333,2.95650959014893
33.1382291666667,2.95573472976685
33.1415625,2.95495986938477
33.1448958333333,2.95424461364746
33.1482291666667,2.95358896255493
33.1515625,2.9529333114624
33.1548958333333,2.95233726501465
33.1582291666667,2.95180082321167
33.1615625,2.95120477676392
33.1648958333333,2.95066833496094
33.1682291666667,2.95019149780273
33.1715625,2.94965505599976
33.1748958333333,2.94923782348633
33.1782291666667,2.94893980026245
33.1815625,2.94870138168335
33.1848958333333,2.9485821723938
33.1882291666667,2.9485821723938
33.1915625,2.94876098632813
33.1948958333333,2.949059009552
33.1982291666667,2.94953584671021
33.2015625,2.95007228851318
33.2048958333333,2.95072793960571
33.2082291666667,2.95144319534302
33.2115625,2.9522180557251
33.2148958333333,2.9529333114624
33.2182291666667,2.95370817184448
33.2215625,2.95448303222656
33.2248958333333,2.95525789260864
33.2282291666667,2.95603275299072
33.2315625,2.95686721801758
33.2348958333333,2.95770168304443
33.2382291666667,2.95859575271606
33.2415625,2.95954942703247
33.2448958333333,2.96056270599365
33.2482291666667,2.96163558959961
33.2515625,2.96282768249512
33.2548958333333,2.96401977539063
33.2582291666667,2.96527147293091
33.2615625,2.96646356582642
33.2648958333333,2.9677152633667
33.2682291666667,2.96884775161743
33.2715625,2.96992063522339
33.2748958333333,2.97087430953979
33.2782291666667,2.97170877456665
33.2815625,2.97242403030396
33.2848958333333,2.97296047210693
33.2882291666667,2.97337770462036
33.2915625,2.97373533248901
33.2948958333333,2.97397375106812
33.2982291666667,2.97421216964722
33.3015625,2.97439098358154
33.3048958333333,2.97456979751587
33.3082291666667,2.9747486114502
33.3115625,2.97492742538452
33.3148958333333,2.9752254486084
33.3182291666667,2.9754638671875
33.3215625,2.97576189041138
33.3248958333333,2.97605991363525
33.3282291666667,2.97641754150391
33.3315625,2.97677516937256
33.3348958333333,2.97713279724121
33.3382291666667,2.97755002975464
33.3415625,2.97802686691284
33.3448958333333,2.97844409942627
33.3482291666667,2.97892093658447
33.3515625,2.97939777374268
33.3548958333333,2.97993421554565
33.3582291666667,2.98041105270386
33.3615625,2.98082828521729
33.3648958333333,2.98130512237549
33.3682291666667,2.98172235488892
33.3715625,2.98225879669189
33.3748958333333,2.98279523849487
33.3782291666667,2.9834508895874
33.3815625,2.98422574996948
33.3848958333333,2.98511981964111
33.3882291666667,2.98613309860229
33.3915625,2.98738479614258
33.3948958333333,2.98869609832764
33.3982291666667,2.99018621444702
33.4015625,2.99173593521118
33.4048958333333,2.99334526062012
33.4082291666667,2.99501419067383
33.4115625,2.99662351608276
33.4148958333333,2.99829244613647
33.4182291666667,2.99990177154541
33.4215625,3.00151109695435
33.4248958333333,3.00306081771851
33.4282291666667,3.00461053848267
33.4315625,3.00610065460205
33.4348958333333,3.00753116607666
33.4382291666667,3.00890207290649
33.4415625,3.01027297973633
33.4448958333333,3.01152467727661
33.4482291666667,3.01271677017212
33.4515625,3.01384925842285
33.4548958333333,3.01492214202881
33.4582291666667,3.01593542098999
33.4615625,3.0168890953064
33.4648958333333,3.01772356033325
33.4682291666667,3.01849842071533
33.4715625,3.01921367645264
33.4748958333333,3.01986932754517
33.4782291666667,3.02046537399292
33.4815625,3.0210018157959
33.4848958333333,3.02159786224365
33.4882291666667,3.02213430404663
33.4915625,3.02273035049438
33.4948958333333,3.02332639694214
33.4982291666667,3.02404165267944
33.5015625,3.02481651306152
33.5048958333333,3.0255913734436
33.5082291666667,3.02642583847046
33.5115625,3.02731990814209
33.5148958333333,3.02815437316895
33.5182291666667,3.0289888381958
33.5215625,3.02982330322266
33.5248958333333,3.03065776824951
33.5282291666667,3.03143262863159
33.5315625,3.03232669830322
33.5348958333333,3.03328037261963
33.5382291666667,3.03429365158081
33.5415625,3.03548574447632
33.5448958333333,3.03685665130615
33.5482291666667,3.03834676742554
33.5515625,3.03995609283447
33.5548958333333,3.04168462753296
33.5582291666667,3.04359197616577
33.5615625,3.04555892944336
33.5648958333333,3.04758548736572
33.5682291666667,3.04955244064331
33.5715625,3.05157899856567
33.5748958333333,3.05342674255371
33.5782291666667,3.0551552772522
33.5815625,3.05676460266113
33.5848958333333,3.05813550949097
33.5882291666667,3.05920839309692
33.5915625,3.059983253479
33.5948958333333,3.06046009063721
33.5982291666667,3.06057929992676
33.6015625,3.06040048599243
33.6048958333333,3.05986404418945
33.6082291666667,3.05908918380737
33.6115625,3.05807590484619
33.6148958333333,3.05676460266113
33.6182291666667,3.05533409118652
33.6215625,3.05372476577759
33.6248958333333,3.0519962310791
33.6282291666667,3.05026769638062
33.6315625,3.04847955703735
33.6348958333333,3.04669141769409
33.6382291666667,3.04502248764038
33.6415625,3.04341316223145
33.6448958333333,3.04198265075684
33.6482291666667,3.04079055786133
33.6515625,3.03977727890015
33.6548958333333,3.03900241851807
33.6582291666667,3.03858518600464
33.6615625,3.03852558135986
33.6648958333333,3.03882360458374
33.6682291666667,3.03953886032104
33.6715625,3.04073095321655
33.6748958333333,3.04245948791504
33.6782291666667,3.04466485977173
33.6815625,3.0474066734314
33.6848958333333,3.05080413818359
33.6882291666667,3.05479764938354
33.6915625,3.05938720703125
33.6948958333333,3.06475162506104
33.6982291666667,3.07077169418335
33.7015625,3.07756662368774
33.7048958333333,3.08513641357422
33.7082291666667,3.09360027313232
33.7115625,3.10289859771729
33.7148958333333,3.11309099197388
33.7182291666667,3.1241774559021
33.7215625,3.13597917556763
33.7248958333333,3.14855575561523
33.7282291666667,3.16160917282104
33.7315625,3.17507982254028
33.7348958333333,3.18866968154907
33.7382291666667,3.20219993591309
33.7415625,3.21543216705322
33.7448958333333,3.22812795639038
33.7482291666667,3.23998928070068
33.7515625,3.25095653533936
33.7548958333333,3.26073169708252
33.7582291666667,3.2692551612854
33.7615625,3.27640771865845
33.7648958333333,3.28207015991211
33.7682291666667,3.28630208969116
33.7715625,3.28898429870605
33.7748958333333,3.29023599624634
33.7782291666667,3.29005718231201
33.7815625,3.28856706619263
33.7848958333333,3.28582525253296
33.7882291666667,3.28212976455688
33.7915625,3.2774806022644
33.7948958333333,3.27205657958984
33.7982291666667,3.2660961151123
33.8015625,3.25971841812134
33.8048958333333,3.25310230255127
33.8082291666667,3.24636697769165
33.8115625,3.23957204818726
33.8148958333333,3.23277711868286
33.8182291666667,3.22616100311279
33.8215625,3.21966409683228
33.8248958333333,3.21328639984131
33.8282291666667,3.20714712142944
33.8315625,3.20106744766235
33.8348958333333,3.19516658782959
33.8382291666667,3.1893253326416
33.8415625,3.18360328674316
33.8448958333333,3.17788124084473
33.8482291666667,3.17215919494629
33.8515625,3.16649675369263
33.8548958333333,3.16083431243896
33.8582291666667,3.15529108047485
33.8615625,3.14974784851074
33.8648958333333,3.14438343048096
33.8682291666667,3.13913822174072
33.8715625,3.13419103622437
33.8748958333333,3.12954187393188
33.8782291666667,3.12519073486328
33.8815625,3.12119722366333
33.8848958333333,3.11762094497681
33.8882291666667,3.11440229415894
33.8915625,3.11160087585449
33.8948958333333,3.1091570854187
33.8982291666667,3.10713052749634
33.9015625,3.10546159744263
33.9048958333333,3.10415029525757
33.9082291666667,3.10313701629639
33.9115625,3.10242176055908
33.9148958333333,3.10194492340088
33.9182291666667,3.101646900177
33.9215625,3.10152769088745
33.9248958333333,3.10152769088745
33.9282291666667,3.10158729553223
33.9315625,3.10170650482178
33.9348958333333,3.10176610946655
33.9382291666667,3.10182571411133
33.9415625,3.10182571411133
33.9448958333333,3.10176610946655
33.9482291666667,3.101646900177
33.9515625,3.10146808624268
33.9548958333333,3.10122966766357
33.9582291666667,3.1009316444397
33.9615625,3.10057401657104
33.9648958333333,3.10027599334717
33.9682291666667,3.09991836547852
33.9715625,3.09956073760986
33.9748958333333,3.09926271438599
33.9782291666667,3.09896469116211
33.9815625,3.09866666793823
33.9848958333333,3.09836864471436
33.9882291666667,3.09813022613525
33.9915625,3.09783220291138
33.9948958333333,3.0975341796875
33.9982291666667,3.09723615646362
34.0015625,3.09687852859497
34.0048958333333,3.09652090072632
34.0082291666667,3.09616327285767
34.0115625,3.09580564498901
34.0148958333333,3.09538841247559
34.0182291666667,3.09503078460693
34.0215625,3.09473276138306
34.0248958333333,3.09443473815918
34.0282291666667,3.09431552886963
34.0315625,3.09425592422485
34.0348958333333,3.09449434280396
34.0382291666667,3.09509038925171
34.0415625,3.09622287750244
34.0448958333333,3.09818983078003
34.0482291666667,3.1011700630188
34.0515625,3.1057596206665
34.0548958333333,3.11249494552612
34.0582291666667,3.12215089797974
34.0615625,3.13568115234375
34.0648958333333,3.15427780151367
34.0682291666667,3.17943096160889
34.0715625,3.21292877197266
34.0748958333333,3.25673818588257
34.0782291666667,3.31324338912964
34.0815625,3.38494777679443
34.0848958333333,3.47471237182617
34.0882291666667,3.58539819717407
34.0915625,3.71980667114258
34.0948958333333,3.88062000274658
34.0982291666667,4.07016277313232
34.1015625,4.29022312164307
34.1048958333333,4.54175472259521
34.1082291666667,4.82481718063354
34.1115625,5.1383376121521
34.1148958333333,5.47981262207031
34.1182291666667,5.84548711776733
34.1215625,6.23017549514771
34.1248958333333,6.62738084793091
34.1282291666667,7.02947378158569
34.1315625,7.42775201797485
34.1348958333333,7.81309604644775
34.1382291666667,8.17608833312988
34.1415625,8.50743055343628
34.1448958333333,8.79859924316406
34.1482291666667,9.04190540313721
34.1515625,9.23115015029907
34.1548958333333,9.36180353164673
34.1582291666667,9.43106412887573
34.1615625,9.43833589553833
34.1648958333333,9.38475131988525
34.1682291666667,9.2734694480896
34.1715625,9.10913944244385
34.1748958333333,8.89784097671509
34.1782291666667,8.64672660827637
34.1815625,8.36348533630371
34.1848958333333,8.05634260177612
34.1882291666667,7.73334503173828
34.1915625,7.40206241607666
34.1948958333333,7.06964731216431
34.1982291666667,6.74241781234741
34.2015625,6.42561912536621
34.2048958333333,6.12354278564453
34.2082291666667,5.83952665328979
34.2115625,5.57565689086914
34.2148958333333,5.33342361450195
34.2182291666667,5.11324405670166
34.2215625,4.91493940353394
34.2248958333333,4.7377347946167
34.2282291666667,4.58049774169922
34.2315625,4.44167852401733
34.2348958333333,4.31966781616211
34.2382291666667,4.21279668807983
34.2415625,4.11921739578247
34.2448958333333,4.03732061386108
34.2482291666667,3.96555662155151
34.2515625,3.90255451202393
34.2548958333333,3.84706258773804
34.2582291666667,3.79800796508789
34.2615625,3.75443696975708
34.2648958333333,3.71557474136353
34.2682291666667,3.68082523345947
34.2715625,3.64965200424194
34.2748958333333,3.62151861190796
34.2782291666667,3.59612703323364
34.2815625,3.57311964035034
34.2848958333333,3.55231761932373
34.2882291666667,3.53342294692993
34.2915625,3.51637601852417
34.2948958333333,3.50093841552734
34.2982291666667,3.4869909286499
34.3015625,3.47447395324707
34.3048958333333,3.4632682800293
34.3082291666667,3.45325469970703
34.3115625,3.4443736076355
34.3148958333333,3.43650579452515
34.3182291666667,3.4295916557312
34.3215625,3.42363119125366
34.3248958333333,3.4184455871582
34.3282291666667,3.41397523880005
34.3315625,3.41016054153442
34.3348958333333,3.40694189071655
34.3382291666667,3.40414047241211
34.3415625,3.40181589126587
34.3448958333333,3.39978933334351
34.3482291666667,3.39806079864502
34.3515625,3.39651107788086
34.3548958333333,3.3951997756958
34.3582291666667,3.39406728744507
34.3615625,3.39299440383911
34.3648958333333,3.39198112487793
34.3682291666667,3.39102745056152
34.3715625,3.39007377624512
34.3748958333333,3.38900089263916
34.3782291666667,3.3879280090332
34.3815625,3.38667631149292
34.3848958333333,3.38536500930786
34.3882291666667,3.38387489318848
34.3915625,3.38220596313477
34.3948958333333,3.38047742843628
34.3982291666667,3.37862968444824
34.4015625,3.37678194046021
34.4048958333333,3.37481498718262
34.4082291666667,3.37284803390503
34.4115625,3.37088108062744
34.4148958333333,3.36885452270508
34.4182291666667,3.36688756942749
34.4215625,3.36486101150513
34.4248958333333,3.36283445358276
34.4282291666667,3.3608078956604
34.4315625,3.35866212844849
34.4348958333333,3.35651636123657
34.4382291666667,3.35425138473511
34.4415625,3.35192680358887
34.4448958333333,3.34954261779785
34.4482291666667,3.34709882736206
34.4515625,3.34459543228149
34.4548958333333,3.34203243255615
34.4582291666667,3.33940982818604
34.4615625,3.33678722381592
34.4648958333333,3.3341646194458
34.4682291666667,3.33160161972046
34.4715625,3.32909822463989
34.4748958333333,3.32671403884888
34.4782291666667,3.32450866699219
34.4815625,3.32248210906982
34.4848958333333,3.32069396972656
34.4882291666667,3.31920385360718
34.4915625,3.31813097000122
34.4948958333333,3.31753492355347
34.4982291666667,3.31747531890869
34.5015625,3.31807136535645
34.5048958333333,3.31944227218628
34.5082291666667,3.32158803939819
34.5115625,3.32468748092651
34.5148958333333,3.32874059677124
34.5182291666667,3.33380699157715
34.5215625,3.33982706069946
34.5248958333333,3.34680080413818
34.5282291666667,3.35472822189331
34.5315625,3.36343050003052
34.5348958333333,3.37284803390503
34.5382291666667,3.38286161422729
34.5415625,3.39329242706299
34.5448958333333,3.40396165847778
34.5482291666667,3.41475009918213
34.5515625,3.42530012130737
34.5548958333333,3.43543291091919
34.5582291666667,3.44496965408325
34.5615625,3.45349311828613
34.5648958333333,3.46094369888306
34.5682291666667,3.46696376800537
34.5715625,3.47143411636353
34.5748958333333,3.47417593002319
34.5782291666667,3.4751296043396
34.5815625,3.47429513931274
34.5848958333333,3.47161293029785
34.5882291666667,3.46720218658447
34.5915625,3.46118211746216
34.5948958333333,3.45367193222046
34.5982291666667,3.44496965408325
34.6015625,3.43519449234009
34.6048958333333,3.42458486557007
34.6082291666667,3.41337919235229
34.6115625,3.40181589126587
34.6148958333333,3.39007377624512
34.6182291666667,3.37833166122437
34.6215625,3.36676836013794
34.6248958333333,3.35556268692017
34.6282291666667,3.34477424621582
34.6315625,3.33452224731445
34.6348958333333,3.32492589950562
34.6382291666667,3.31598520278931
34.6415625,3.30770015716553
34.6448958333333,3.30007076263428
34.6482291666667,3.29303741455078
34.6515625,3.28665971755981
34.6548958333333,3.28075885772705
34.6582291666667,3.27545404434204
34.6615625,3.27050685882568
34.6648958333333,3.26603651046753
34.6682291666667,3.2619833946228
34.6715625,3.25828790664673
34.6748958333333,3.25500965118408
34.6782291666667,3.25208902359009
34.6815625,3.24958562850952
34.6848958333333,3.24738025665283
34.6882291666667,3.24553251266479
34.6915625,3.24392318725586
34.6948958333333,3.24255228042603
34.6982291666667,3.24130058288574
34.7015625,3.24022769927979
34.7048958333333,3.2392144203186
34.7082291666667,3.2382607460022
34.7115625,3.23736667633057
34.7148958333333,3.23653221130371
34.7182291666667,3.23575735092163
34.7215625,3.23504209518433
34.7248958333333,3.23432683944702
34.7282291666667,3.23373079299927
34.7315625,3.23307514190674
34.7348958333333,3.23247909545898
34.7382291666667,3.23188304901123
34.7415625,3.2312273979187
34.7448958333333,3.23045253753662
34.7482291666667,3.22967767715454
34.7515625,3.22878360748291
34.7548958333333,3.22788953781128
34.7582291666667,3.22693586349487
34.7615625,3.22598218917847
34.7648958333333,3.22508811950684
34.7682291666667,3.22425365447998
34.7715625,3.22353839874268
34.7748958333333,3.22294235229492
34.7782291666667,3.22246551513672
34.7815625,3.22210788726807
34.7848958333333,3.22186946868896
34.7882291666667,3.22169065475464
34.7915625,3.22169065475464
34.7948958333333,3.22169065475464
34.7982291666667,3.22186946868896
34.8015625,3.22210788726807
34.8048958333333,3.22246551513672
34.8082291666667,3.22288274765015
34.8115625,3.22341918945313
34.8148958333333,3.22407484054565
34.8182291666667,3.22473049163818
34.8215625,3.22544574737549
34.8248958333333,3.22610139846802
34.8282291666667,3.22669744491577
34.8315625,3.22723388671875
34.8348958333333,3.22771072387695
34.8382291666667,3.22812795639038
34.8415625,3.22842597961426
34.8448958333333,3.22872400283813
34.8482291666667,3.22896242141724
34.8515625,3.22926044464111
34.8548958333333,3.22955846786499
34.8582291666667,3.22997570037842
34.8615625,3.23039293289185
34.8648958333333,3.23086977005005
34.8682291666667,3.23134660720825
34.8715625,3.23182344436646
34.8748958333333,3.23224067687988
34.8782291666667,3.23265790939331
34.8815625,3.23295593261719
34.8848958333333,3.23325395584106
34.8882291666667,3.23349237442017
34.8915625,3.23367118835449
34.8948958333333,3.23379039764404
34.8982291666667,3.23385000228882
34.9015625,3.23385000228882
34.9048958333333,3.23379039764404
34.9082291666667,3.23367118835449
34.9115625,3.23355197906494
34.9148958333333,3.23331356048584
34.9182291666667,3.23307514190674
34.9215625,3.23283672332764
34.9248958333333,3.23265790939331
34.9282291666667,3.23247909545898
34.9315625,3.23235988616943
34.9348958333333,3.23235988616943
34.9382291666667,3.23241949081421
34.9415625,3.23259830474854
34.9448958333333,3.23277711868286
34.9482291666667,3.23301553726196
34.9515625,3.23331356048584
34.9548958333333,3.23361158370972
34.9582291666667,3.23385000228882
34.9615625,3.23408842086792
34.9648958333333,3.23432683944702
34.9682291666667,3.23456525802612
34.9715625,3.23480367660522
34.9748958333333,3.23498249053955
34.9782291666667,3.2351016998291
34.9815625,3.23528051376343
34.9848958333333,3.2353401184082
34.9882291666667,3.23545932769775
34.9915625,3.23545932769775
34.9948958333333,3.23551893234253
34.9982291666667,3.23545932769775
35.0015625,3.23545932769775
35.0048958333333,3.23539972305298
35.0082291666667,3.2353401184082
35.0115625,3.2353401184082
35.0148958333333,3.2353401184082
35.0182291666667,3.23539972305298
35.0215625,3.23545932769775
35.0248958333333,3.23551893234253
35.0282291666667,3.23563814163208
35.0315625,3.23575735092163
35.0348958333333,3.23599576950073
35.0382291666667,3.23629379272461
35.0415625,3.23671102523804
35.0448958333333,3.23724746704102
35.0482291666667,3.23790311813354
35.0515625,3.2387375831604
35.0548958333333,3.23969125747681
35.0582291666667,3.24070453643799
35.0615625,3.24183702468872
35.0648958333333,3.243088722229
35.0682291666667,3.24434041976929
35.0715625,3.24559211730957
35.0748958333333,3.24678421020508
35.0782291666667,3.24803590774536
35.0815625,3.24922800064087
35.0848958333333,3.2503604888916
35.0882291666667,3.25155258178711
35.0915625,3.25268507003784
35.0948958333333,3.25381755828857
35.0982291666667,3.25489044189453
35.1015625,3.25602293014526
35.1048958333333,3.25703620910645
35.1082291666667,3.25804948806763
35.1115625,3.25900316238403
35.1148958333333,3.25989723205566
35.1182291666667,3.26073169708252
35.1215625,3.2615065574646
35.1248958333333,3.2622218132019
35.1282291666667,3.26299667358398
35.1315625,3.26371192932129
35.1348958333333,3.26442718505859
35.1382291666667,3.26520204544067
35.1415625,3.26591730117798
35.1448958333333,3.26663255691528
35.1482291666667,3.26734781265259
35.1515625,3.26794385910034
35.1548958333333,3.2685399055481
35.1582291666667,3.26907634735107
35.1615625,3.26955318450928
35.1648958333333,3.26997041702271
35.1682291666667,3.27038764953613
35.1715625,3.27074527740479
35.1748958333333,3.27110290527344
35.1782291666667,3.27152013778687
35.1815625,3.27193737030029
35.1848958333333,3.27235460281372
35.1882291666667,3.27277183532715
35.1915625,3.27318906784058
35.1948958333333,3.273606300354
35.1982291666667,3.27396392822266
35.2015625,3.27426195144653
35.2048958333333,3.27455997467041
35.2082291666667,3.27479839324951
35.2115625,3.27503681182861
35.2148958333333,3.27533483505249
35.2182291666667,3.27563285827637
35.2215625,3.27599048614502
35.2248958333333,3.27640771865845
35.2282291666667,3.27694416046143
35.2315625,3.27754020690918
35.2348958333333,3.27819585800171
35.2382291666667,3.27891111373901
35.2415625,3.27968597412109
35.2448958333333,3.28046083450317
35.2482291666667,3.28129529953003
35.2515625,3.28207015991211
35.2548958333333,3.28290462493896
35.2582291666667,3.28367948532104
35.2615625,3.28445434570313
35.2648958333333,3.28522920608521
35.2682291666667,3.28582525253296
35.2715625,3.28642129898071
35.2748958333333,3.28689813613892
35.2782291666667,3.28725576400757
35.2815625,3.28755378723145
35.2848958333333,3.287672996521
35.2882291666667,3.28779220581055
35.2915625,3.28779220581055
35.2948958333333,3.28779220581055
35.2982291666667,3.28773260116577
35.3015625,3.28761339187622
35.3048958333333,3.28749418258667
35.3082291666667,3.28731536865234
35.3115625,3.28713655471802
35.3148958333333,3.28695774078369
35.3182291666667,3.28671932220459
35.3215625,3.28642129898071
35.3248958333333,3.28612327575684
35.3282291666667,3.28582525253296
35.3315625,3.28546762466431
35.3348958333333,3.28510999679565
35.3382291666667,3.284752368927
35.3415625,3.28439474105835
35.3448958333333,3.28397750854492
35.3482291666667,3.28361988067627
35.3515625,3.28326225280762
35.3548958333333,3.28290462493896
35.3582291666667,3.28260660171509
35.3615625,3.28236818313599
35.3648958333333,3.28212976455688
35.3682291666667,3.28195095062256
35.3715625,3.28183174133301
35.3748958333333,3.28177213668823
35.3782291666667,3.28171253204346
35.3815625,3.28165292739868
35.3848958333333,3.28165292739868
35.3882291666667,3.28165292739868
35.3915625,3.28165292739868
35.3948958333333,3.28159332275391
35.3982291666667,3.28159332275391
35.4015625,3.28159332275391
35.4048958333333,3.28165292739868
35.4082291666667,3.28177213668823
35.4115625,3.28195095062256
35.4148958333333,3.28224897384644
35.4182291666667,3.28254699707031
35.4215625,3.28290462493896
35.4248958333333,3.28320264816284
35.4282291666667,3.28350067138672
35.4315625,3.28373908996582
35.4348958333333,3.2837986946106
35.4382291666667,3.2837986946106
35.4415625,3.28356027603149
35.4448958333333,3.28326225280762
35.4482291666667,3.28278541564941
35.4515625,3.28224897384644
35.4548958333333,3.28159332275391
35.4582291666667,3.28093767166138
35.4615625,3.28028202056885
35.4648958333333,3.27962636947632
35.4682291666667,3.27908992767334
35.4715625,3.27867269515991
35.4748958333333,3.27831506729126
35.4782291666667,3.27813625335693
35.4815625,3.27807664871216
35.4848958333333,3.27813625335693
35.4882291666667,3.27831506729126
35.4915625,3.27855348587036
35.4948958333333,3.27891111373901
35.4982291666667,3.27932834625244
35.5015625,3.27974557876587
35.5048958333333,3.2801628112793
35.5082291666667,3.28058004379272
35.5115625,3.28099727630615
35.5148958333333,3.28129529953003
35.5182291666667,3.28159332275391
35.5215625,3.28183174133301
35.5248958333333,3.28207015991211
35.5282291666667,3.28218936920166
35.5315625,3.28236818313599
35.5348958333333,3.28248739242554
35.5382291666667,3.28272581100464
35.5415625,3.28296422958374
35.5448958333333,3.28332185745239
35.5482291666667,3.2837986946106
35.5515625,3.2842755317688
35.5548958333333,3.28487157821655
35.5582291666667,3.28546762466431
35.5615625,3.28612327575684
35.5648958333333,3.28671932220459
35.5682291666667,3.28725576400757
35.5715625,3.28779220581055
35.5748958333333,3.28832864761353
35.5782291666667,3.28880548477173
35.5815625,3.28922271728516
35.5848958333333,3.28969955444336
35.5882291666667,3.29011678695679
35.5915625,3.29047441482544
35.5948958333333,3.29083204269409
35.5982291666667,3.29107046127319
35.6015625,3.29118967056274
35.6048958333333,3.29118967056274
35.6082291666667,3.29107046127319
35.6115625,3.29083204269409
35.6148958333333,3.29041481018066
35.6182291666667,3.28999757766724
35.6215625,3.28946113586426
35.6248958333333,3.28898429870605
35.6282291666667,3.28844785690308
35.6315625,3.28803062438965
35.6348958333333,3.287672996521
35.6382291666667,3.28737497329712
35.6415625,3.28719615936279
35.6448958333333,3.28713655471802
35.6482291666667,3.28719615936279
35.6515625,3.28737497329712
35.6548958333333,3.28773260116577
35.6582291666667,3.28826904296875
35.6615625,3.28904390335083
35.6648958333333,3.29005718231201
35.6682291666667,3.29124927520752
35.6715625,3.29267978668213
35.6748958333333,3.29434871673584
35.6782291666667,3.2961368560791
35.6815625,3.29804420471191
35.6848958333333,3.30007076263428
35.6882291666667,3.30215692520142
35.6915625,3.30418348312378
35.6948958333333,3.30615043640137
35.6982291666667,3.30805778503418
35.7015625,3.30984592437744
35.7048958333333,3.31145524978638
35.7082291666667,3.31288576126099
35.7115625,3.31413745880127
35.7148958333333,3.31521034240723
35.7182291666667,3.31610441207886
35.7215625,3.31693887710571
35.7248958333333,3.31759452819824
35.7282291666667,3.31825017929077
35.7315625,3.31884622573853
35.7348958333333,3.31950187683105
35.7382291666667,3.32021713256836
35.7415625,3.32111120223999
35.7448958333333,3.3220648765564
35.7482291666667,3.3232569694519
35.7515625,3.32462787628174
35.7548958333333,3.32623720169067
35.7582291666667,3.32814455032349
35.7615625,3.33034992218018
35.7648958333333,3.33285331726074
35.7682291666667,3.33577394485474
35.7715625,3.33911180496216
35.7748958333333,3.34286689758301
35.7782291666667,3.34709882736206
35.7815625,3.35162878036499
35.7848958333333,3.35657596588135
35.7882291666667,3.36170196533203
35.7915625,3.36706638336182
35.7948958333333,3.37237119674683
35.7982291666667,3.37761640548706
35.8015625,3.38256359100342
35.8048958333333,3.38703393936157
35.8082291666667,3.39096784591675
35.8115625,3.39418649673462
35.8148958333333,3.39657068252563
35.8182291666667,3.39812040328979
35.8215625,3.39871644973755
35.8248958333333,3.39841842651367
35.8282291666667,3.39716672897339
35.8315625,3.39508056640625
35.8348958333333,3.39221954345703
35.8382291666667,3.38870286941528
35.8415625,3.38459014892578
35.8448958333333,3.38000059127808
35.8482291666667,3.37517261505127
35.8515625,3.37010622024536
35.8548958333333,3.36498022079468
35.8582291666667,3.35991382598877
35.8615625,3.35496664047241
35.8648958333333,3.35019826889038
35.8682291666667,3.34572792053223
35.8715625,3.34155559539795
35.8748958333333,3.33774089813232
35.8782291666667,3.33428382873535
35.8815625,3.33118438720703
35.8848958333333,3.32850217819214
35.8882291666667,3.3261775970459
35.8915625,3.32421064376831
35.8948958333333,3.32266092300415
35.8982291666667,3.32134962081909
35.9015625,3.32039594650269
35.9048958333333,3.31974029541016
35.9082291666667,3.31932306289673
35.9115625,3.3191442489624
35.9148958333333,3.31926345825195
35.9182291666667,3.31962108612061
35.9215625,3.32027673721313
35.9248958333333,3.32117080688477
35.9282291666667,3.32242250442505
35.9315625,3.32391262054443
35.9348958333333,3.3257007598877
35.9382291666667,3.32778692245483
35.9415625,3.33023071289063
35.9448958333333,3.33297252655029
35.9482291666667,3.33595275878906
35.9515625,3.33923101425171
35.9548958333333,3.34274768829346
35.9582291666667,3.34638357162476
35.9615625,3.35007905960083
35.9648958333333,3.3537745475769
35.9682291666667,3.35735082626343
35.9715625,3.3608078956604
35.9748958333333,3.3639669418335
35.9782291666667,3.36682796478271
35.9815625,3.36921215057373
35.9848958333333,3.37123870849609
35.9882291666667,3.37278842926025
35.9915625,3.37386131286621
35.9948958333333,3.37445735931396
35.9982291666667,3.37457656860352
36.0015625,3.37427854537964
36.0048958333333,3.37356328964233
36.0082291666667,3.37255001068115
36.0115625,3.37117910385132
36.0148958333333,3.36968898773193
36.0182291666667,3.36796045303345
36.0215625,3.36617231369019
36.0248958333333,3.36432456970215
36.0282291666667,3.36247682571411
36.0315625,3.36062908172607
36.0348958333333,3.35890054702759
36.0382291666667,3.35729122161865
36.0415625,3.35574150085449
36.0448958333333,3.35437059402466
36.0482291666667,3.35311889648438
36.0515625,3.35204601287842
36.0548958333333,3.35115194320679
36.0582291666667,3.35043668746948
36.0615625,3.3499002456665
36.0648958333333,3.34948301315308
36.0682291666667,3.34924459457397
36.0715625,3.34906578063965
36.0748958333333,3.34900617599487
36.0782291666667,3.34900617599487
36.0815625,3.3489465713501
36.0848958333333,3.3489465713501
36.0882291666667,3.34888696670532
36.0915625,3.34876775741577
36.0948958333333,3.348708152771
36.0982291666667,3.34858894348145
36.1015625,3.34846973419189
36.1048958333333,3.34835052490234
36.1082291666667,3.34829092025757
36.1115625,3.34823131561279
36.1148958333333,3.34823131561279
36.1182291666667,3.34823131561279
36.1215625,3.34829092025757
36.1248958333333,3.34841012954712
36.1282291666667,3.34852933883667
36.1315625,3.34864854812622
36.1348958333333,3.34876775741577
36.1382291666667,3.3489465713501
36.1415625,3.34912538528442
36.1448958333333,3.34930419921875
36.1482291666667,3.34954261779785
36.1515625,3.34978103637695
36.1548958333333,3.35007905960083
36.1582291666667,3.35037708282471
36.1615625,3.35067510604858
36.1648958333333,3.35109233856201
36.1682291666667,3.35150957107544
36.1715625,3.35192680358887
36.1748958333333,3.35240364074707
36.1782291666667,3.35288047790527
36.1815625,3.35335731506348
36.1848958333333,3.35383415222168
36.1882291666667,3.35431098937988
36.1915625,3.35472822189331
36.1948958333333,3.35508584976196
36.1982291666667,3.35544347763062
36.2015625,3.35574150085449
36.2048958333333,3.35603952407837
36.2082291666667,3.35633754730225
36.2115625,3.35657596588135
36.2148958333333,3.35681438446045
36.2182291666667,3.35705280303955
36.2215625,3.3571720123291
36.2248958333333,3.35723161697388
36.2282291666667,3.35723161697388
36.2315625,3.3571720123291
36.2348958333333,3.35705280303955
36.2382291666667,3.35681438446045
36.2415625,3.35657596588135
36.2448958333333,3.35627794265747
36.2482291666667,3.35597991943359
36.2515625,3.35568189620972
36.2548958333333,3.35538387298584
36.2582291666667,3.35508584976196
36.2615625,3.35478782653809
36.2648958333333,3.35448980331421
36.2682291666667,3.35419178009033
36.2715625,3.35383415222168
36.2748958333333,3.3535361289978
36.2782291666667,3.35317850112915
36.2815625,3.35288047790527
36.2848958333333,3.35264205932617
36.2882291666667,3.35246324539185
36.2915625,3.35240364074707
36.2948958333333,3.35246324539185
36.2982291666667,3.35270166397095
36.3015625,3.3530592918396
36.3048958333333,3.3535361289978
36.3082291666667,3.35419178009033
36.3115625,3.35502624511719
36.3148958333333,3.35603952407837
36.3182291666667,3.35723161697388
36.3215625,3.35872173309326
36.3248958333333,3.36062908172607
36.3282291666667,3.36301326751709
36.3315625,3.36593389511108
36.3348958333333,3.36962938308716
36.3382291666667,3.37415933609009
36.3415625,3.3797025680542
36.3448958333333,3.38643789291382
36.3482291666667,3.3944845199585
36.3515625,3.40402126312256
36.3548958333333,3.41522693634033
36.3582291666667,3.42816114425659
36.3615625,3.44300270080566
36.3648958333333,3.45975160598755
36.3682291666667,3.47858667373657
36.3715625,3.49938869476318
36.3748958333333,3.52209806442261
36.3782291666667,3.54665517807007
36.3815625,3.57282161712646
36.3848958333333,3.6003589630127
36.3882291666667,3.62884998321533
36.3915625,3.65793704986572
36.3948958333333,3.68726253509521
36.3982291666667,3.71628999710083
36.4015625,3.74454259872437
36.4048958333333,3.77160310745239
36.4082291666667,3.79699468612671
36.4115625,3.82047891616821
36.4148958333333,3.84163856506348
36.4182291666667,3.86029481887817
36.4215625,3.87632846832275
36.4248958333333,3.88962030410767
36.4282291666667,3.90028953552246
36.4315625,3.90845537185669
36.4348958333333,3.9142370223999
36.4382291666667,3.91793251037598
36.4415625,3.91972064971924
36.4448958333333,3.91989946365356
36.4482291666667,3.91888618469238
36.4515625,3.91685962677002
36.4548958333333,3.91417741775513
36.4582291666667,3.91107797622681
36.4615625,3.90785932540894
36.4648958333333,3.90464067459106
36.4682291666667,3.90172004699707
36.4715625,3.89909744262695
36.4748958333333,3.89683246612549
36.4782291666667,3.895103931427
36.4815625,3.89379262924194
36.4848958333333,3.89295816421509
36.4882291666667,3.89248132705688
36.4915625,3.89236211776733
36.4948958333333,3.89254093170166
36.4982291666667,3.89289855957031
36.5015625,3.89337539672852
36.5048958333333,3.89385223388672
36.5082291666667,3.89426946640015
36.5115625,3.89444828033447
36.5148958333333,3.89426946640015
36.5182291666667,3.89355421066284
36.5215625,3.89218330383301
36.5248958333333,3.88985872268677
36.5282291666667,3.88652086257935
36.5315625,3.88187170028687
36.5348958333333,3.87579202651978
36.5382291666667,3.86816263198853
36.5415625,3.85892391204834
36.5448958333333,3.84801626205444
36.5482291666667,3.83538007736206
36.5515625,3.82119417190552
36.5548958333333,3.80545854568481
36.5582291666667,3.78835201263428
36.5615625,3.77005338668823
36.5648958333333,3.75086069107056
36.5682291666667,3.73101234436035
36.5715625,3.71068716049194
36.5748958333333,3.69024276733398
36.5782291666667,3.66991758346558
36.5815625,3.64995002746582
36.5848958333333,3.63057851791382
36.5882291666667,3.61204147338867
36.5915625,3.59439849853516
36.5948958333333,3.57788801193237
36.5982291666667,3.5625696182251
36.6015625,3.54844331741333
36.6048958333333,3.5356879234314
36.6082291666667,3.52412462234497
36.6115625,3.5138726234436
36.6148958333333,3.50481271743774
36.6182291666667,3.49688529968262
36.6215625,3.49003076553345
36.6248958333333,3.48418951034546
36.6282291666667,3.47918272018433
36.6315625,3.47495079040527
36.6348958333333,3.47143411636353
36.6382291666667,3.46845388412476
36.6415625,3.46606969833374
36.6448958333333,3.46410274505615
36.6482291666667,3.46249341964722
36.6515625,3.46130132675171
36.6548958333333,3.46040725708008
36.6582291666667,3.45975160598755
36.6615625,3.45927476882935
36.6648958333333,3.45903635025024
36.6682291666667,3.45891714096069
36.6715625,3.45891714096069
36.6748958333333,3.45903635025024
36.6782291666667,3.45921516418457
36.6815625,3.4593939781189
36.6848958333333,3.45951318740845
36.6882291666667,3.45969200134277
36.6915625,3.45975160598755
36.6948958333333,3.45981121063232
36.6982291666667,3.45981121063232
36.7015625,3.45975160598755
36.7048958333333,3.45969200134277
36.7082291666667,3.45957279205322
36.7115625,3.45957279205322
36.7148958333333,3.459632396698
36.7182291666667,3.45981121063232
36.7215625,3.4601092338562
36.7248958333333,3.46046686172485
36.7282291666667,3.46094369888306
36.7315625,3.46153974533081
36.7348958333333,3.46219539642334
36.7382291666667,3.46285104751587
36.7415625,3.4635066986084
36.7448958333333,3.46416234970093
36.7482291666667,3.46481800079346
36.7515625,3.46541404724121
36.7548958333333,3.46606969833374
36.7582291666667,3.46672534942627
36.7615625,3.46750020980835
36.7648958333333,3.46827507019043
36.7682291666667,3.46922874450684
36.7715625,3.47036123275757
36.7748958333333,3.47167253494263
36.7782291666667,3.47334146499634
36.7815625,3.47542762756348
36.7848958333333,3.47799062728882
36.7882291666667,3.48114967346191
36.7915625,3.48514318466187
36.7948958333333,3.49003076553345
36.7982291666667,3.49605083465576
36.8015625,3.50332260131836
36.8048958333333,3.51202487945557
36.8082291666667,3.52233648300171
36.8115625,3.53437662124634
36.8148958333333,3.54820489883423
36.8182291666667,3.56400012969971
36.8215625,3.581702709198
36.8248958333333,3.60125303268433
36.8282291666667,3.62259149551392
36.8315625,3.64559888839722
36.8348958333333,3.67003679275513
36.8382291666667,3.69560718536377
36.8415625,3.72189283370972
36.8448958333333,3.74847650527954
36.8482291666667,3.77494096755981
36.8515625,3.80069017410278
36.8548958333333,3.82518768310547
36.8582291666667,3.84795665740967
36.8615625,3.8684606552124
36.8648958333333,3.88616323471069
36.8682291666667,3.90082597732544
36.8715625,3.91197204589844
36.8748958333333,3.91948223114014
36.8782291666667,3.92317771911621
36.8815625,3.92311811447144
36.8848958333333,3.91942262649536
36.8882291666667,3.91215085983276
36.8915625,3.90160083770752
36.8948958333333,3.88818979263306
36.8982291666667,3.87221574783325
36.9015625,3.85421514511108
36.9048958333333,3.83448600769043
36.9082291666667,3.81362438201904
36.9115625,3.79198789596558
36.9148958333333,3.77005338668823
36.9182291666667,3.74811887741089
36.9215625,3.72660160064697
36.9248958333333,3.70573997497559
36.9282291666667,3.68577241897583
36.9315625,3.66681814193726
36.9348958333333,3.64917516708374
36.9382291666667,3.63278388977051
36.9415625,3.61770391464233
36.9448958333333,3.60405445098877
36.9482291666667,3.59177589416504
36.9515625,3.58080863952637
36.9548958333333,3.57115268707275
36.9582291666667,3.56268882751465
36.9615625,3.55541706085205
36.9648958333333,3.54921817779541
36.9682291666667,3.54403257369995
36.9715625,3.53974103927612
36.9748958333333,3.53634357452393
36.9782291666667,3.53372097015381
36.9815625,3.53169441223145
36.9848958333333,3.53020429611206
36.9882291666667,3.52919101715088
36.9915625,3.52853536605835
36.9948958333333,3.5281777381897
36.9982291666667,3.52799892425537
37.0015625,3.5279393196106
37.0048958333333,3.52787971496582
37.0082291666667,3.52782011032104
37.0115625,3.52776050567627
37.0148958333333,3.52758169174194
37.0182291666667,3.52728366851807
37.0215625,3.52686643600464
37.0248958333333,3.52638959884644
37.0282291666667,3.52573394775391
37.0315625,3.52507829666138
37.0348958333333,3.5243034362793
37.0382291666667,3.52352857589722
37.0415625,3.52269411087036
37.0448958333333,3.52185964584351
37.0482291666667,3.52108478546143
37.0515625,3.52025032043457
37.0548958333333,3.51953506469727
37.0582291666667,3.51876020431519
37.0615625,3.51810455322266
37.0648958333333,3.51756811141968
37.0682291666667,3.5170316696167
37.0715625,3.51667404174805
37.0748958333333,3.51637601852417
37.0782291666667,3.51619720458984
37.0815625,3.51619720458984
37.0848958333333,3.51625680923462
37.0882291666667,3.51637601852417
37.0915625,3.51661443710327
37.0948958333333,3.51691246032715
37.0982291666667,3.51738929748535
37.1015625,3.51798534393311
37.1048958333333,3.51876020431519
37.1082291666667,3.51971387863159
37.1115625,3.52096557617188
37.1148958333333,3.52245569229126
37.1182291666667,3.52424383163452
37.1215625,3.52632999420166
37.1248958333333,3.52859497070313
37.1282291666667,3.53115797042847
37.1315625,3.53389978408813
37.1348958333333,3.53670120239258
37.1382291666667,3.53962182998657
37.1415625,3.54254245758057
37.1448958333333,3.54534387588501
37.1482291666667,3.5480260848999
37.1515625,3.55046987533569
37.1548958333333,3.55261564254761
37.1582291666667,3.55440378189087
37.1615625,3.5557746887207
37.1648958333333,3.55666875839233
37.1682291666667,3.55708599090576
37.1715625,3.55696678161621
37.1748958333333,3.55643033981323
37.1782291666667,3.55541706085205
37.1815625,3.55398654937744
37.1848958333333,3.55219841003418
37.1882291666667,3.55005264282227
37.1915625,3.54772806167603
37.1948958333333,3.54516506195068
37.1982291666667,3.54248285293579
37.2015625,3.53974103927612
37.2048958333333,3.53693962097168
37.2082291666667,3.53419780731201
37.2115625,3.53151559829712
37.2148958333333,3.52895259857178
37.2182291666667,3.52656841278076
37.2215625,3.52442264556885
37.2248958333333,3.52257490158081
37.2282291666667,3.5211443901062
37.2315625,3.52019071578979
37.2348958333333,3.51983308792114
37.2382291666667,3.52007150650024
37.2415625,3.52102518081665
37.2448958333333,3.52275371551514
37.2482291666667,3.52543592453003
37.2515625,3.5291314125061
37.2548958333333,3.53389978408813
37.2582291666667,3.5398006439209
37.2615625,3.54701280593872
37.2648958333333,3.55547666549683
37.2682291666667,3.56525182723999
37.2715625,3.57633829116821
37.2748958333333,3.58861684799194
37.2782291666667,3.60196828842163
37.2815625,3.61615419387817
37.2848958333333,3.63099575042725
37.2882291666667,3.6461353302002
37.2915625,3.66121530532837
37.2948958333333,3.67587804794312
37.2982291666667,3.68970632553101
37.3015625,3.70240211486816
37.3048958333333,3.71348857879639
37.3082291666667,3.72272729873657
37.3115625,3.72982025146484
37.3148958333333,3.73458862304688
37.3182291666667,3.73691320419312
37.3215625,3.73673439025879
37.3248958333333,3.7340521812439
37.3282291666667,3.72892618179321
37.3315625,3.72165441513062
37.3348958333333,3.71235609054565
37.3382291666667,3.70132923126221
37.3415625,3.68893146514893
37.3448958333333,3.67558002471924
37.3482291666667,3.66151332855225
37.3515625,3.64726781845093
37.3548958333333,3.63302230834961
37.3582291666667,3.61919403076172
37.3615625,3.60602140426636
37.3648958333333,3.59362363815308
37.3682291666667,3.5821795463562
37.3715625,3.57174873352051
37.3748958333333,3.56239080429077
37.3782291666667,3.55404615402222
37.3815625,3.54665517807007
37.3848958333333,3.54015827178955
37.3882291666667,3.53449583053589
37.3915625,3.52954864501953
37.3948958333333,3.52531671524048
37.3982291666667,3.52168083190918
37.4015625,3.51858139038086
37.4048958333333,3.51589918136597
37.4082291666667,3.51369380950928
37.4115625,3.51184606552124
37.4148958333333,3.51035594940186
37.4182291666667,3.50916385650635
37.4215625,3.50815057754517
37.4248958333333,3.50737571716309
37.4282291666667,3.50672006607056
37.4315625,3.50618362426758
37.4348958333333,3.50582599639893
37.4382291666667,3.50552797317505
37.4415625,3.50528955459595
37.4448958333333,3.50522994995117
37.4482291666667,3.50522994995117
37.4515625,3.50528955459595
37.4548958333333,3.50558757781982
37.4582291666667,3.50600481033325
37.4615625,3.50660085678101
37.4648958333333,3.50743532180786
37.4682291666667,3.50850820541382
37.4715625,3.50993871688843
37.4748958333333,3.51178646087646
37.4782291666667,3.51399183273315
37.4815625,3.51667404174805
37.4848958333333,3.51977348327637
37.4882291666667,3.52329015731812
37.4915625,3.52728366851807
37.4948958333333,3.53151559829712
37.4982291666667,3.53610515594482
37.5015625,3.54081392288208
37.5048958333333,3.54564189910889
37.5082291666667,3.55046987533569
37.5115625,3.55523824691772
37.5148958333333,3.55982780456543
37.5182291666667,3.56411933898926
37.5215625,3.56811285018921
37.5248958333333,3.57162952423096
37.5282291666667,3.57472896575928
37.5315625,3.57729196548462
37.5348958333333,3.57925891876221
37.5382291666667,3.58068943023682
37.5415625,3.58152389526367
37.5448958333333,3.58176231384277
37.5482291666667,3.58152389526367
37.5515625,3.58080863952637
37.5548958333333,3.57967615127563
37.5582291666667,3.57818603515625
37.5615625,3.57639789581299
37.5648958333333,3.57437133789063
37.5682291666667,3.57222557067871
37.5715625,3.56996059417725
37.5748958333333,3.56775522232056
37.5782291666667,3.56554985046387
37.5815625,3.5635232925415
37.5848958333333,3.56179475784302
37.5882291666667,3.56042385101318
37.5915625,3.55947017669678
37.5948958333333,3.55905294418335
37.5982291666667,3.5591721534729
37.6015625,3.55982780456543
37.6048958333333,3.56113910675049
37.6082291666667,3.56310606002808
37.6115625,3.56572866439819
37.6148958333333,3.56900691986084
37.6182291666667,3.57300043106079
37.6215625,3.57764959335327
37.6248958333333,3.58289480209351
37.6282291666667,3.58873605728149
37.6315625,3.59505414962769
37.6348958333333,3.60172986984253
37.6382291666667,3.6085844039917
37.6415625,3.61543893814087
37.6448958333333,3.62211465835571
37.6482291666667,3.62831354141235
37.6515625,3.63391637802124
37.6548958333333,3.63868474960327
37.6582291666667,3.64255905151367
37.6615625,3.64547967910767
37.6648958333333,3.64726781845093
37.6682291666667,3.64792346954346
37.6715625,3.6475658416748
37.6748958333333,3.6461353302002
37.6782291666667,3.6436915397644
37.6815625,3.64041328430176
37.6848958333333,3.63630056381226
37.6882291666667,3.63153219223022
37.6915625,3.62616777420044
37.6948958333333,3.620445728302
37.6982291666667,3.61454486846924
37.7015625,3.60852479934692
37.7048958333333,3.60262393951416
37.7082291666667,3.59690189361572
37.7115625,3.59153747558594
37.7148958333333,3.5865306854248
37.7182291666667,3.5819411277771
37.7215625,3.5778284072876
37.7248958333333,3.57425212860107
37.7282291666667,3.57109308242798
37.7315625,3.56841087341309
37.7348958333333,3.56614589691162
37.7382291666667,3.56429815292358
37.7415625,3.5628080368042
37.7448958333333,3.56167554855347
37.7482291666667,3.56090068817139
37.7515625,3.56036424636841
37.7548958333333,3.56012582778931
37.7582291666667,3.56012582778931
37.7615625,3.56036424636841
37.7648958333333,3.56084108352661
37.7682291666667,3.56149673461914
37.7715625,3.562331199646
37.7748958333333,3.56334447860718
37.7782291666667,3.56453657150269
37.7815625,3.56584787368774
37.7848958333333,3.56727838516235
37.7882291666667,3.56876850128174
37.7915625,3.57037782669067
37.7948958333333,3.57198715209961
37.7982291666667,3.5737156867981
37.8015625,3.57556343078613
37.8048958333333,3.57735157012939
37.8082291666667,3.57925891876221
37.8115625,3.58116626739502
37.8148958333333,3.58313322067261
37.8182291666667,3.5851001739502
37.8215625,3.58712673187256
37.8248958333333,3.58915328979492
37.8282291666667,3.59117984771729
37.8315625,3.59320640563965
37.8348958333333,3.59529256820679
37.8382291666667,3.59737873077393
37.8415625,3.59952449798584
37.8448958333333,3.60161066055298
37.8482291666667,3.60363721847534
37.8515625,3.60566377639771
37.8548958333333,3.60763072967529
37.8582291666667,3.60947847366333
37.8615625,3.61126661300659
37.8648958333333,3.6129355430603
37.8682291666667,3.61448526382446
37.8715625,3.61597537994385
37.8748958333333,3.61746549606323
37.8782291666667,3.61883640289307
37.8815625,3.6202073097229
37.8848958333333,3.62151861190796
37.8882291666667,3.62288951873779
37.8915625,3.62426042556763
37.8948958333333,3.62557172775269
37.8982291666667,3.62700223922729
37.9015625,3.6284327507019
37.9048958333333,3.62986326217651
37.9082291666667,3.6313533782959
37.9115625,3.63284349441528
37.9148958333333,3.63427400588989
37.9182291666667,3.63576412200928
37.9215625,3.63713502883911
37.9248958333333,3.63838672637939
37.9282291666667,3.63951921463013
37.9315625,3.64047288894653
37.9348958333333,3.64124774932861
37.9382291666667,3.64172458648682
37.9415625,3.64190340042114
37.9448958333333,3.64184379577637
37.9482291666667,3.64154577255249
37.9515625,3.64094972610474
37.9548958333333,3.64011526107788
37.9582291666667,3.6391019821167
37.9615625,3.63790988922119
37.9648958333333,3.63659858703613
37.9682291666667,3.63528728485107
37.9715625,3.63391637802124
37.9748958333333,3.63248586654663
37.9782291666667,3.63117456436157
37.9815625,3.62986326217651
37.9848958333333,3.62855195999146
37.9882291666667,3.62735986709595
37.9915625,3.62622737884521
37.9948958333333,3.62521409988403
37.9982291666667,3.62426042556763
38.0015625,3.62342596054077
38.0048958333333,3.62271070480347
38.0082291666667,3.62205505371094
38.0115625,3.62151861190796
38.0148958333333,3.62098217010498
38.0182291666667,3.62056493759155
38.0215625,3.62014770507813
38.0248958333333,3.6197304725647
38.0282291666667,3.61937284469604
38.0315625,3.61895561218262
38.0348958333333,3.61859798431396
38.0382291666667,3.61829996109009
38.0415625,3.61800193786621
38.0448958333333,3.61782312393188
38.0482291666667,3.61764430999756
38.0515625,3.61746549606323
38.0548958333333,3.61734628677368
38.0582291666667,3.61722707748413
38.0615625,3.6170482635498
38.0648958333333,3.6168098449707
38.0682291666667,3.6165714263916
38.0715625,3.6163330078125
38.0748958333333,3.61597537994385
38.0782291666667,3.61567735671997
38.0815625,3.61526012420654
38.0848958333333,3.61490249633789
38.0882291666667,3.61448526382446
38.0915625,3.61400842666626
38.0948958333333,3.61353158950806
38.0982291666667,3.61305475234985
38.1015625,3.61251831054688
38.1048958333333,3.6119818687439
38.1082291666667,3.61150503158569
38.1115625,3.61114740371704
38.1148958333333,3.61078977584839
38.1182291666667,3.61055135726929
38.1215625,3.61043214797974
38.1248958333333,3.61043214797974
38.1282291666667,3.61043214797974
38.1315625,3.61049175262451
38.1348958333333,3.61061096191406
38.1382291666667,3.61073017120361
38.1415625,3.61090898513794
38.1448958333333,3.61108779907227
38.1482291666667,3.61126661300659
38.1515625,3.61156463623047
38.1548958333333,3.61180305480957
38.1582291666667,3.61216068267822
38.1615625,3.61251831054688
38.1648958333333,3.61287593841553
38.1682291666667,3.61329317092896
38.1715625,3.61365079879761
38.1748958333333,3.61394882202148
38.1782291666667,3.61418724060059
38.1815625,3.61442565917969
38.1848958333333,3.61460447311401
38.1882291666667,3.61478328704834
38.1915625,3.61490249633789
38.1948958333333,3.61502170562744
38.1982291666667,3.61508131027222
38.2015625,3.61520051956177
38.2048958333333,3.61531972885132
38.2082291666667,3.61537933349609
38.2115625,3.61543893814087
38.2148958333333,3.61549854278564
38.2182291666667,3.61555814743042
38.2215625,3.61549854278564
38.2248958333333,3.61543893814087
38.2282291666667,3.61531972885132
38.2315625,3.61514091491699
38.2348958333333,3.61490249633789
38.2382291666667,3.61460447311401
38.2415625,3.61430644989014
38.2448958333333,3.61394882202148
38.2482291666667,3.61353158950806
38.2515625,3.6131739616394
38.2548958333333,3.61281633377075
38.2582291666667,3.61251831054688
38.2615625,3.61227989196777
38.2648958333333,3.61204147338867
38.2682291666667,3.61192226409912
38.2715625,3.61180305480957
38.2748958333333,3.61168384552002
38.2782291666667,3.61162424087524
38.2815625,3.61156463623047
38.2848958333333,3.61150503158569
38.2882291666667,3.61150503158569
38.2915625,3.61150503158569
38.2948958333333,3.61150503158569
38.2982291666667,3.61162424087524
38.3015625,3.61174345016479
38.3048958333333,3.61192226409912
38.3082291666667,3.612220287323
38.3115625,3.61251831054688
38.3148958333333,3.6129355430603
38.3182291666667,3.61335277557373
38.3215625,3.61382961273193
38.3248958333333,3.61430644989014
38.3282291666667,3.61484289169312
38.3315625,3.61543893814087
38.3348958333333,3.61603498458862
38.3382291666667,3.61663103103638
38.3415625,3.61722707748413
38.3448958333333,3.61776351928711
38.3482291666667,3.61818075180054
38.3515625,3.61859798431396
38.3548958333333,3.61889600753784
38.3582291666667,3.61913442611694
38.3615625,3.61931324005127
38.3648958333333,3.61937284469604
38.3682291666667,3.6194920539856
38.3715625,3.61955165863037
38.3748958333333,3.61967086791992
38.3782291666667,3.61979007720947
38.3815625,3.61990928649902
38.3848958333333,3.62008810043335
38.3882291666667,3.62026691436768
38.3915625,3.620445728302
38.3948958333333,3.6206841468811
38.3982291666667,3.62092256546021
38.4015625,3.62122058868408
38.4048958333333,3.62151861190796
38.4082291666667,3.62187623977661
38.4115625,3.62217426300049
38.4148958333333,3.62253189086914
38.4182291666667,3.62282991409302
38.4215625,3.62312793731689
38.4248958333333,3.62330675125122
38.4282291666667,3.62342596054077
38.4315625,3.62348556518555
38.4348958333333,3.62342596054077
38.4382291666667,3.62342596054077
38.4415625,3.623366355896
38.4448958333333,3.623366355896
38.4482291666667,3.623366355896
38.4515625,3.62348556518555
38.4548958333333,3.6236047744751
38.4582291666667,3.62372398376465
38.4615625,3.62396240234375
38.4648958333333,3.62414121627808
38.4682291666667,3.62437963485718
38.4715625,3.62467765808105
38.4748958333333,3.62497568130493
38.4782291666667,3.62527370452881
38.4815625,3.62569093704224
38.4848958333333,3.62616777420044
38.4882291666667,3.62682342529297
38.4915625,3.62765789031982
38.4948958333333,3.62861156463623
38.4982291666667,3.62986326217651
38.5015625,3.6313533782959
38.5048958333333,3.63314151763916
38.5082291666667,3.63534688949585
38.5115625,3.63796949386597
38.5148958333333,3.64118814468384
38.5182291666667,3.64494323730469
38.5215625,3.64947319030762
38.5248958333333,3.65489721298218
38.5282291666667,3.66121530532837
38.5315625,3.66866588592529
38.5348958333333,3.6773681640625
38.5382291666667,3.68738174438477
38.5415625,3.69888544082642
38.5448958333333,3.711998462677
38.5482291666667,3.72666120529175
38.5515625,3.74305248260498
38.5548958333333,3.76099348068237
38.5582291666667,3.78060340881348
38.5615625,3.80164384841919
38.5648958333333,3.82399559020996
38.5682291666667,3.84747982025146
38.5715625,3.87179851531982
38.5748958333333,3.89665365219116
38.5782291666667,3.92168760299683
38.5815625,3.94654273986816
38.5848958333333,3.97080183029175
38.5882291666667,3.99404764175415
38.5915625,4.01586294174194
38.5948958333333,4.03589010238647
38.5982291666667,4.05377149581909
38.6015625,4.06914949417114
38.6048958333333,4.08190488815308
38.6082291666667,4.09185886383057
38.6115625,4.09895181655884
38.6148958333333,4.10318374633789
38.6182291666667,4.10473346710205
38.6215625,4.10366058349609
38.6248958333333,4.10032272338867
38.6282291666667,4.09495830535889
38.6315625,4.08792495727539
38.6348958333333,4.07958030700684
38.6382291666667,4.07028198242188
38.6415625,4.06038761138916
38.6448958333333,4.05019521713257
38.6482291666667,4.04006242752075
38.6515625,4.03016805648804
38.6548958333333,4.02075052261353
38.6582291666667,4.01192903518677
38.6615625,4.00382280349731
38.6648958333333,3.99649143218994
38.6682291666667,3.98987531661987
38.6715625,3.98403406143188
38.6748958333333,3.9789080619812
38.6782291666667,3.97437810897827
38.6815625,3.97038459777832
38.6848958333333,3.96686792373657
38.6882291666667,3.96376848220825
38.6915625,3.96102666854858
38.6948958333333,3.95858287811279
38.6982291666667,3.95643711090088
38.7015625,3.95447015762329
38.7048958333333,3.95280122756958
38.7082291666667,3.9513111114502
38.7115625,3.94999980926514
38.7148958333333,3.94892692565918
38.7182291666667,3.94809246063232
38.7215625,3.94737720489502
38.7248958333333,3.94678115844727
38.7282291666667,3.94624471664429
38.7315625,3.94564867019653
38.7348958333333,3.94493341445923
38.7382291666667,3.94386053085327
38.7415625,3.94237041473389
38.7448958333333,3.94028425216675
38.7482291666667,3.93760204315186
38.7515625,3.93420457839966
38.7548958333333,3.92997264862061
38.7582291666667,3.92502546310425
38.7615625,3.91930341720581
38.7648958333333,3.91304492950439
38.7682291666667,3.90625
38.7715625,3.89933586120605
38.7748958333333,3.89248132705688
38.7782291666667,3.88610363006592
38.7815625,3.88067960739136
38.7848958333333,3.87692451477051
38.7882291666667,3.8754940032959
38.7915625,3.87734174728394
38.7948958333333,3.8834810256958
38.7982291666667,3.89528274536133
38.8015625,3.91405820846558
38.8048958333333,3.94159555435181
38.8082291666667,3.97968292236328
38.8115625,4.03040647506714
38.8148958333333,4.09579277038574
38.8182291666667,4.17804718017578
38.8215625,4.27937507629395
38.8248958333333,4.40168380737305
38.8282291666667,4.5466423034668
38.8315625,4.71538305282593
38.8348958333333,4.90856170654297
38.8382291666667,5.12576103210449
38.8415625,5.36596775054932
38.8448958333333,5.62679767608643
38.8482291666667,5.90503215789795
38.8515625,6.19614124298096
38.8548958333333,6.49464130401611
38.8582291666667,6.794273853302
38.8615625,7.0878267288208
38.8648958333333,7.36784934997559
38.8682291666667,7.62683153152466
38.8715625,7.85750150680542
38.8748958333333,8.05306434631348
38.8782291666667,8.20785760879517
38.8815625,8.31729173660278
38.8848958333333,8.37832689285278
38.8882291666667,8.38953256607056
38.8915625,8.35102796554565
38.8948958333333,8.26466083526611
38.8982291666667,8.1336498260498
38.9015625,7.96258449554443
38.9048958333333,7.75706768035889
38.9082291666667,7.52341747283936
38.9115625,7.26830959320068
38.9148958333333,6.99865818023682
38.9182291666667,6.7211389541626
38.9215625,6.44195079803467
38.9248958333333,6.16675615310669
38.9282291666667,5.90038299560547
38.9315625,5.64688444137573
38.9348958333333,5.4093599319458
38.9382291666667,5.19001483917236
38.9415625,4.99027967453003
38.9448958333333,4.81069087982178
38.9482291666667,4.65124845504761
38.9515625,4.51141595840454
38.9548958333333,4.39012050628662
38.9582291666667,4.28611040115356
38.9615625,4.19777631759644
38.9648958333333,4.12362813949585
38.9682291666667,4.06187772750854
38.9715625,4.01103496551514
38.9748958333333,3.96955013275146
38.9782291666667,3.93611192703247
38.9815625,3.90946865081787
38.9848958333333,3.88860702514648
38.9882291666667,3.87269258499146
38.9915625,3.86101007461548
38.9948958333333,3.8529634475708
38.9982291666667,3.84807586669922
39.0015625,3.84598970413208
39.0048958333333,3.84640693664551
39.0082291666667,3.84902954101563
39.0115625,3.85379791259766
39.0148958333333,3.8604736328125
39.0182291666667,3.86899709701538
39.0215625,3.8791298866272
39.0248958333333,3.89081239700317
39.0282291666667,3.90392541885376
39.0315625,3.91829013824463
39.0348958333333,3.9336085319519
39.0382291666667,3.94976139068604
39.0415625,3.96633148193359
39.0448958333333,3.98308038711548
39.0482291666667,3.99959087371826
39.0515625,4.01550531387329
39.0548958333333,4.03046607971191
39.0582291666667,4.04411554336548
39.0615625,4.05615568161011
39.0648958333333,4.06640768051147
39.0682291666667,4.07475233078003
39.0715625,4.081130027771
39.0748958333333,4.08560037612915
39.0782291666667,4.08852100372314
39.0815625,4.09013032913208
39.0848958333333,4.09102439880371
39.0882291666667,4.09173965454102
39.0915625,4.09311056137085
39.0948958333333,4.09609079360962
39.0982291666667,4.10157442092896
39.1015625,4.11081314086914
39.1048958333333,4.12499904632568
39.1082291666667,4.14544343948364
39.1115625,4.17351722717285
39.1148958333333,4.21053171157837
39.1182291666667,4.25785779953003
39.1215625,4.31674718856812
39.1248958333333,4.38815355300903
39.1282291666667,4.47303056716919
39.1315625,4.57179546356201
39.1348958333333,4.68462705612183
39.1382291666667,4.81104850769043
39.1415625,4.95022535324097
39.1448958333333,5.10066747665405
39.1482291666667,5.26022911071777
39.1515625,5.42634725570679
39.1548958333333,5.59574365615845
39.1582291666667,5.76478242874146
39.1615625,5.92952966690063
39.1648958333333,6.08581304550171
39.1682291666667,6.2294602394104
39.1715625,6.35659694671631
39.1748958333333,6.46352767944336
39.1782291666667,6.54715299606323
39.1815625,6.60496950149536
39.1848958333333,6.63536787033081
39.1882291666667,6.6375732421875
39.1915625,6.61146640777588
39.1948958333333,6.5581202507019
39.1982291666667,6.47920370101929
39.2015625,6.37716054916382
39.2048958333333,6.25491142272949
39.2082291666667,6.11603260040283
39.2115625,5.96415996551514
39.2148958333333,5.80322742462158
39.2182291666667,5.63693046569824
39.2215625,5.46884536743164
39.2248958333333,5.3023099899292
39.2282291666667,5.14024496078491
39.2315625,4.98497486114502
39.2348958333333,4.83852624893188
39.2382291666667,4.70232963562012
39.2415625,4.57721948623657
39.2448958333333,4.46385145187378
39.2482291666667,4.36222553253174
39.2515625,4.2722225189209
39.2548958333333,4.19342517852783
39.2582291666667,4.12505865097046
39.2615625,4.06646728515625
39.2648958333333,4.0166974067688
39.2682291666667,3.97485494613647
39.2715625,3.94004583358765
39.2748958333333,3.91137599945068
39.2782291666667,3.88801097869873
39.2815625,3.86917591094971
39.2848958333333,3.85415554046631
39.2882291666667,3.84241342544556
39.2915625,3.83329391479492
39.2948958333333,3.82649898529053
39.2982291666667,3.82155179977417
39.3015625,3.81821393966675
39.3048958333333,3.81624698638916
39.3082291666667,3.8154125213623
39.3115625,3.81565093994141
39.3148958333333,3.81678342819214
39.3182291666667,3.81875038146973
39.3215625,3.82155179977417
39.3248958333333,3.82512807846069
39.3282291666667,3.82941961288452
39.3315625,3.83448600769043
39.3348958333333,3.84026765823364
39.3382291666667,3.84682416915894
39.3415625,3.85415554046631
39.3448958333333,3.86232137680054
39.3482291666667,3.87132167816162
39.3515625,3.88121604919434
39.3548958333333,3.89194488525391
39.3582291666667,3.90356779098511
39.3615625,3.91602516174316
39.3648958333333,3.92931699752808
39.3682291666667,3.94332408905029
39.3715625,3.95810604095459
39.3748958333333,3.97354364395142
39.3782291666667,3.98963689804077
39.3815625,4.00626659393311
39.3848958333333,4.02337312698364
39.3882291666667,4.04089689254761
39.3915625,4.05877828598022
39.3948958333333,4.07677888870239
39.3982291666667,4.09489870071411
39.4015625,4.1128396987915
39.4048958333333,4.13060188293457
39.4082291666667,4.14788722991943
39.4115625,4.16451692581177
39.4148958333333,4.1804313659668
39.4182291666667,4.19533252716064
39.4215625,4.20916080474854
39.4248958333333,4.22179698944092
39.4282291666667,4.23312187194824
39.4315625,4.24307584762573
39.4348958333333,4.25148010253906
39.4382291666667,4.25827503204346
39.4415625,4.26346063613892
39.4448958333333,4.26697731018066
39.4482291666667,4.26876544952393
39.4515625,4.2688250541687
39.4548958333333,4.26709651947021
39.4582291666667,4.26375865936279
39.4615625,4.25869226455688
39.4648958333333,4.25207614898682
39.4682291666667,4.24391031265259
39.4715625,4.23437356948853
39.4748958333333,4.2235255241394
39.4782291666667,4.21148538589478
39.4815625,4.19837236404419
39.4848958333333,4.18436527252197
39.4882291666667,4.1695237159729
39.4915625,4.1540265083313
39.4948958333333,4.13805246353149
39.4982291666667,4.12166118621826
39.5015625,4.10503149032593
39.5048958333333,4.08828258514404
39.5082291666667,4.07153367996216
39.5115625,4.05490398406982
39.5148958333333,4.03851270675659
39.5182291666667,4.02235984802246
39.5215625,4.00668382644653
39.5248958333333,3.99142503738403
39.5282291666667,3.97670269012451
39.5315625,3.96263599395752
39.5348958333333,3.94916534423828
39.5382291666667,3.93640995025635
39.5415625,3.92436981201172
39.5448958333333,3.91298532485962
39.5482291666667,3.90231609344482
39.5515625,3.89230251312256
39.5548958333333,3.8830041885376
39.5582291666667,3.87442111968994
39.5615625,3.86643409729004
39.5648958333333,3.85916233062744
39.5682291666667,3.8524866104126
39.5715625,3.84652614593506
39.5748958333333,3.84122133255005
39.5782291666667,3.83657217025757
39.5815625,3.83251905441284
39.5848958333333,3.82900238037109
39.5882291666667,3.82602214813232
39.5915625,3.82345914840698
39.5948958333333,3.82131338119507
39.5982291666667,3.81952524185181
39.6015625,3.81797552108765
39.6048958333333,3.81666421890259
39.6082291666667,3.81559133529663
39.6115625,3.814697265625
39.6148958333333,3.81392240524292
39.6182291666667,3.81320714950562
39.6215625,3.81267070770264
39.6248958333333,3.81213426589966
39.6282291666667,3.81159782409668
39.6315625,3.81118059158325
39.6348958333333,3.81070375442505
39.6382291666667,3.81028652191162
39.6415625,3.80986928939819
39.6448958333333,3.80945205688477
39.6482291666667,3.80909442901611
39.6515625,3.80885601043701
39.6548958333333,3.80861759185791
39.6582291666667,3.80849838256836
39.6615625,3.80843877792358
39.6648958333333,3.80855798721313
39.6682291666667,3.80873680114746
39.6715625,3.80903482437134
39.6748958333333,3.80945205688477
39.6782291666667,3.81004810333252
39.6815625,3.81076335906982
39.6848958333333,3.8115382194519
39.6882291666667,3.81249189376831
39.6915625,3.81350517272949
39.6948958333333,3.81463766098022
39.6982291666667,3.81588935852051
39.7015625,3.81720066070557
39.7048958333333,3.81863117218018
39.7082291666667,3.82024049758911
39.7115625,3.82202863693237
39.7148958333333,3.82405519485474
39.7182291666667,3.82626056671143
39.7215625,3.82870435714722
39.7248958333333,3.83138656616211
39.7282291666667,3.8343071937561
39.7315625,3.83740663528442
39.7348958333333,3.84068489074707
39.7382291666667,3.84414196014404
39.7415625,3.84771823883057
39.7448958333333,3.85141372680664
39.7482291666667,3.85528802871704
39.7515625,3.85916233062744
39.7548958333333,3.86315584182739
39.7582291666667,3.86726856231689
39.7615625,3.87144088745117
39.7648958333333,3.875732421875
39.7682291666667,3.8800835609436
39.7715625,3.88455390930176
39.7748958333333,3.88914346694946
39.7782291666667,3.89379262924194
39.7815625,3.89844179153442
39.7848958333333,3.90315055847168
39.7882291666667,3.90785932540894
39.7915625,3.91250848770142
39.7948958333333,3.91703844070435
39.7982291666667,3.92144918441772
39.8015625,3.92574071884155
39.8048958333333,3.92979383468628
39.8082291666667,3.9336085319519
39.8115625,3.93712520599365
39.8148958333333,3.94028425216675
39.8182291666667,3.94302606582642
39.8215625,3.94535064697266
39.8248958333333,3.94719839096069
39.8282291666667,3.94856929779053
39.8315625,3.94934415817261
39.8348958333333,3.94964218139648
39.8382291666667,3.94946336746216
39.8415625,3.94874811172485
39.8448958333333,3.94761562347412
39.8482291666667,3.94600629806519
39.8515625,3.9440393447876
39.8548958333333,3.94171476364136
39.8582291666667,3.93903255462646
39.8615625,3.93617153167725
39.8648958333333,3.93307209014893
39.8682291666667,3.92979383468628
39.8715625,3.92639636993408
39.8748958333333,3.92293930053711
39.8782291666667,3.91942262649536
39.8815625,3.91590595245361
39.8848958333333,3.91232967376709
39.8882291666667,3.90881299972534
39.8915625,3.90535593032837
39.8948958333333,3.90195846557617
39.8982291666667,3.89868021011353
39.9015625,3.89564037322998
39.9048958333333,3.89283895492554
39.9082291666667,3.89045476913452
39.9115625,3.88866662979126
39.9148958333333,3.88753414154053
39.9182291666667,3.8873553276062
39.9215625,3.88842821121216
39.9248958333333,3.8912296295166
39.9282291666667,3.89623641967773
39.9315625,3.90428304672241
39.9348958333333,3.91620397567749
39.9382291666667,3.93325090408325
39.9415625,3.95697355270386
39.9448958333333,3.98916006088257
39.9482291666667,4.03213500976563
39.9515625,4.08846139907837
39.9548958333333,4.16117906570435
39.9582291666667,4.25374507904053
39.9615625,4.36979532241821
39.9648958333333,4.5134425163269
39.9682291666667,4.68862056732178
39.9715625,4.89932298660278
39.9748958333333,5.14912605285645
39.9782291666667,5.44112920761108
39.9815625,5.77735900878906
39.9848958333333,6.15882873535156
39.9882291666667,6.58506155014038
39.9915625,7.0539116859436
39.9948958333333,7.56114721298218
39.9982291666667,8.10086727142334
40.0015625,8.66490602493286
40.0048958333333,9.24336910247803
40.0082291666667,9.82463359832764
40.0115625,10.395884513855
40.0148958333333,10.9433531761169
40.0182291666667,11.4530324935913
40.0215625,11.9112133979797
40.0248958333333,12.3051404953003
40.0282291666667,12.62366771698
40.0315625,12.8575563430786
40.0348958333333,13.0003094673157
40.0382291666667,13.0481123924255
40.0415625,13.0002498626709
40.0448958333333,12.8589868545532
40.0482291666667,12.6294493675232
40.0515625,12.3194456100464
40.0548958333333,11.9388103485107
40.0582291666667,11.4990472793579
40.0615625,11.0127329826355
40.0648958333333,10.4930996894836
40.0682291666667,9.95320081710815
40.0715625,9.40549373626709
40.0748958333333,8.86166095733643
40.0782291666667,8.3317756652832
40.0815625,7.82448053359985
40.0848958333333,7.34668970108032
40.0882291666667,6.90358877182007
40.0915625,6.49863481521606
40.0948958333333,6.13361597061157
40.0982291666667,5.80906867980957
40.1015625,5.52427768707275
40.1048958333333,5.27739524841309
40.1082291666667,5.06603717803955
40.1115625,4.88728284835815
40.1148958333333,4.7377347946167
40.1182291666667,4.61399555206299
40.1215625,4.51266765594482
40.1248958333333,4.43035364151001
40.1282291666667,4.36407327651978
40.1315625,4.31084632873535
40.1348958333333,4.26816940307617
40.1382291666667,4.23383712768555
40.1415625,4.20594215393066
40.1448958333333,4.18281555175781
40.1482291666667,4.16326522827148
40.1515625,4.14621829986572
40.1548958333333,4.13084030151367
40.1582291666667,4.11665439605713
40.1615625,4.10330295562744
40.1648958333333,4.09048795700073
40.1682291666667,4.07814979553223
40.1715625,4.06640768051147
40.1748958333333,4.05538082122803
40.1782291666667,4.04524803161621
40.1815625,4.0363073348999
40.1848958333333,4.0290355682373
40.1882291666667,4.02390956878662
40.1915625,4.02134656906128
40.1948958333333,4.02224063873291
40.1982291666667,4.02724742889404
40.2015625,4.03755903244019
40.2048958333333,4.05424833297729
40.2082291666667,4.07892465591431
40.2115625,4.11319732666016
40.2148958333333,4.15921211242676
40.2182291666667,4.2191743850708
40.2215625,4.29558753967285
40.2248958333333,4.39107418060303
40.2282291666667,4.50849533081055
40.2315625,4.65059280395508
40.2348958333333,4.81986999511719
40.2382291666667,5.01871109008789
40.2415625,5.24896383285522
40.2448958333333,5.51193952560425
40.2482291666667,5.80805540084839
40.2515625,6.13725185394287
40.2548958333333,6.49845600128174
40.2582291666667,6.89005851745605
40.2615625,7.30991363525391
40.2648958333333,7.75569677352905
40.2682291666667,8.22561979293823
40.2715625,8.71902704238892
40.2748958333333,9.23734903335571
40.2782291666667,9.78553295135498
40.2815625,10.3734135627747
40.2848958333333,11.0175013542175
40.2882291666667,11.7433071136475
40.2915625,12.5876069068909
40.2948958333333,13.6010646820068
40.2982291666667,14.8513317108154
40.3015625,16.4254903793335
40.3048958333333,18.4329748153687
40.3082291666667,21.0076570510864
40.3115625,24.3092775344849
40.3148958333333,28.5234451293945
40.3182291666667,33.8603854179382
40.3215625,40.5508875846863
40.3248958333333,48.8404035568237
40.3282291666667,58.9798092842102
40.3315625,71.2136626243591
40.3348958333333,85.7653617858887
40.3382291666667,102.820336818695
40.3415625,122.507631778717
40.3448958333333,144.881665706635
40.3482291666667,169.904351234436
40.3515625,197.430670261383
40.3548958333333,227.198243141174
40.3582291666667,258.822560310364
40.3615625,291.799366474152
40.3648958333333,325.514256954193
40.3682291666667,359.260261058807
40.3715625,392.262399196625
40.3748958333333,423.707962036133
40.3782291666667,452.78137922287
40.3815625,478.700399398804
40.3848958333333,500.752687454224
40.3882291666667,518.328726291656
40.3915625,530.950248241425
40.3948958333333,538.291692733765
40.3982291666667,540.193200111389
40.4015625,536.665141582489
40.4048958333333,527.883231639862
40.4082291666667,514.176428318024
40.4115625,496.006608009338
40.4148958333333,473.943889141083
40.4182291666667,448.637425899506
40.4215625,420.785307884216
40.4248958333333,391.103982925415
40.4282291666667,360.29988527298
40.4315625,329.04440164566
40.4348958333333,297.952651977539
40.4382291666667,267.56763458252
40.4415625,238.349318504333
40.4448958333333,210.668623447418
40.4482291666667,184.806644916534
40.4515625,160.957276821136
40.4548958333333,139.233648777008
40.4582291666667,119.676947593689
40.4615625,102.266490459442
40.4648958333333,86.9312286376953
40.4682291666667,73.5609531402588
40.4715625,62.017023563385
40.4748958333333,52.1426796913147
40.4782291666667,43.7714457511902
40.4815625,36.7344617843628
40.4848958333333,30.8666825294495
40.4882291666667,26.011049747467
40.4915625,22.0215916633606
40.4948958333333,18.7656879425049
40.4982291666667,16.1247253417969
40.5015625,13.9944553375244
40.5048958333333,12.2847557067871
40.5082291666667,10.9185576438904
40.5115625,9.8307728767395
40.5148958333333,8.96728038787842
40.5182291666667,8.28343629837036
40.5215625,7.74270296096802
40.5248958333333,7.31569528579712
40.5282291666667,6.97875022888184
40.5315625,6.7131519317627
40.5348958333333,6.50417804718018
40.5382291666667,6.34026527404785
40.5415625,6.21247291564941
40.5448958333333,6.11388683319092
40.5482291666667,6.03920221328735
40.5515625,5.98436594009399
40.5548958333333,5.94627857208252
40.5582291666667,5.92261552810669
40.5615625,5.91146945953369
40.5648958333333,5.91158866882324
40.5682291666667,5.92178106307983
40.5715625,5.94127178192139
40.5748958333333,5.9693455696106
40.5782291666667,6.00534677505493
40.5815625,6.04873895645142
40.5848958333333,6.09898567199707
40.5882291666667,6.15561008453369
40.5915625,6.21813535690308
40.5948958333333,6.28596544265747
40.5982291666667,6.3585638999939
40.6015625,6.43539428710938
40.6048958333333,6.51580095291138
40.6082291666667,6.59900903701782
40.6115625,6.68436288833618
40.6148958333333,6.77096843719482
40.6182291666667,6.85799121856689
40.6215625,6.94453716278076
40.6248958333333,7.02971220016479
40.6282291666667,7.11244344711304
40.6315625,7.19183683395386
40.6348958333333,7.26693868637085
40.6382291666667,7.33685493469238
40.6415625,7.4007511138916
40.6448958333333,7.4579119682312
40.6482291666667,7.50774145126343
40.6515625,7.5497031211853
40.6548958333333,7.58343935012817
40.6582291666667,7.60877132415771
40.6615625,7.62563943862915
40.6648958333333,7.63416290283203
40.6682291666667,7.63446092605591
40.6715625,7.62695074081421
40.6748958333333,7.61204957962036
40.6782291666667,7.59035348892212
40.6815625,7.56245851516724
40.6848958333333,7.52890110015869
40.6882291666667,7.49045610427856
40.6915625,7.44771957397461
40.6948958333333,7.40140676498413
40.6982291666667,7.35205411911011
40.7015625,7.30037689208984
40.7048958333333,7.24685192108154
40.7082291666667,7.19207525253296
40.7115625,7.13640451431274
40.7148958333333,7.08037614822388
40.7182291666667,7.02440738677979
40.7215625,6.96879625320435
40.7248958333333,6.91395998001099
40.7282291666667,6.86013698577881
40.7315625,6.80756568908691
40.7348958333333,6.75654411315918
40.7382291666667,6.70713186264038
40.7415625,6.65956735610962
40.7448958333333,6.61385059356689
40.7482291666667,6.57004117965698
40.7515625,6.52801990509033
40.7548958333333,6.48766756057739
40.7582291666667,6.44886493682861
40.7615625,6.41137361526489
40.7648958333333,6.37489557266235
40.7682291666667,6.33913278579712
40.7715625,6.30372762680054
40.7748958333333,6.26838207244873
40.7782291666667,6.23267889022827
40.7815625,6.19637966156006
40.7848958333333,6.15924596786499
40.7882291666667,6.12097978591919
40.7915625,6.08140230178833
40.7948958333333,6.04051351547241
40.7982291666667,5.99825382232666
40.8015625,5.9548020362854
40.8048958333333,5.91015815734863
40.8082291666667,5.86473941802979
40.8115625,5.81866502761841
40.8148958333333,5.77235221862793
40.8182291666667,5.72603940963745
40.8215625,5.68008422851563
40.8248958333333,5.63478469848633
40.8282291666667,5.59037923812866
40.8315625,5.5471658706665
40.8348958333333,5.50532341003418
40.8382291666667,5.46491146087646
40.8415625,5.42616844177246
40.8448958333333,5.38915395736694
40.8482291666667,5.35386800765991
40.8515625,5.32037019729614
40.8548958333333,5.28860092163086
40.8582291666667,5.25856018066406
40.8615625,5.23018836975098
40.8648958333333,5.2034854888916
40.8682291666667,5.17821311950684
40.8715625,5.15443086624146
40.8748958333333,5.13195991516113
40.8782291666667,5.11080026626587
40.8815625,5.09077310562134
40.8848958333333,5.07187843322754
40.8882291666667,5.05399703979492
40.8915625,5.03718852996826
40.8948958333333,5.02127408981323
40.8982291666667,5.00631332397461
40.9015625,4.99224662780762
40.9048958333333,4.97907400131226
40.9082291666667,4.96679544448853
40.9115625,4.95553016662598
40.9148958333333,4.94527816772461
40.9182291666667,4.93603944778442
40.9215625,4.92793321609497
40.9248958333333,4.92095947265625
40.9282291666667,4.91517782211304
40.9315625,4.91064786911011
40.9348958333333,4.90725040435791
40.9382291666667,4.90504503250122
40.9415625,4.90391254425049
40.9448958333333,4.90373373031616
40.9482291666667,4.90450859069824
40.9515625,4.90587949752808
40.9548958333333,4.90772724151611
40.9582291666667,4.90987300872803
40.9615625,4.91195917129517
40.9648958333333,4.9138069152832
40.9682291666667,4.91505861282349
40.9715625,4.91553544998169
40.9748958333333,4.91493940353394
40.9782291666667,4.91315126419067
40.9815625,4.90987300872803
40.9848958333333,4.90504503250122
40.9882291666667,4.8985481262207
40.9915625,4.89044189453125
40.9948958333333,4.88066673278809
40.9982291666667,4.86934185028076
41.0015625,4.85658645629883
41.0048958333333,4.84257936477661
41.0082291666667,4.82755899429321
41.0115625,4.81170415878296
41.0148958333333,4.79525327682495
41.0182291666667,4.77844476699829
41.0215625,4.76157665252686
41.0248958333333,4.74482774734497
41.0282291666667,4.72843647003174
41.0315625,4.71252202987671
41.0348958333333,4.69726324081421
41.0382291666667,4.68271970748901
41.0415625,4.66901063919067
41.0448958333333,4.65607643127441
41.0482291666667,4.64391708374023
41.0515625,4.63265180587769
41.0548958333333,4.62216138839722
41.0582291666667,4.61238622665405
41.0615625,4.60332632064819
41.0648958333333,4.59486246109009
41.0682291666667,4.58705425262451
41.0715625,4.57978248596191
41.0748958333333,4.57298755645752
41.0782291666667,4.5667290687561
41.0815625,4.56082820892334
41.0848958333333,4.555344581604
41.0882291666667,4.55015897750854
41.0915625,4.54533100128174
41.0948958333333,4.54068183898926
41.0982291666667,4.5362114906311
41.1015625,4.53191995620728
41.1048958333333,4.52768802642822
41.1082291666667,4.52351570129395
41.1115625,4.51940298080444
41.1148958333333,4.51534986495972
41.1182291666667,4.51129674911499
41.1215625,4.50736284255981
41.1248958333333,4.50348854064941
41.1282291666667,4.49973344802856
41.1315625,4.49609756469727
41.1348958333333,4.49258089065552
41.1382291666667,4.48912382125854
41.1415625,4.48578596115112
41.1448958333333,4.48256731033325
41.1482291666667,4.47946786880493
41.1515625,4.47642803192139
41.1548958333333,4.47350740432739
41.1582291666667,4.47064638137817
41.1615625,4.46790456771851
41.1648958333333,4.46534156799316
41.1682291666667,4.4628381729126
41.1715625,4.46045398712158
41.1748958333333,4.45818901062012
41.1782291666667,4.45592403411865
41.1815625,4.45377826690674
41.1848958333333,4.45163249969482
41.1882291666667,4.44948673248291
41.1915625,4.447340965271
41.1948958333333,4.44513559341431
41.1982291666667,4.44293022155762
41.2015625,4.44072484970093
41.2048958333333,4.43851947784424
41.2082291666667,4.43631410598755
41.2115625,4.43410873413086
41.2148958333333,4.43196296691895
41.2182291666667,4.42981719970703
41.2215625,4.42773103713989
41.2248958333333,4.42564487457275
41.2282291666667,4.42355871200562
41.2315625,4.42153215408325
41.2348958333333,4.41956520080566
41.2382291666667,4.41759824752808
41.2415625,4.41569089889526
41.2448958333333,4.41378355026245
41.2482291666667,4.41193580627441
41.2515625,4.41014766693115
41.2548958333333,4.40835952758789
41.2582291666667,4.40669059753418
41.2615625,4.40502166748047
41.2648958333333,4.40335273742676
41.2682291666667,4.4018030166626
41.2715625,4.40025329589844
41.2748958333333,4.39870357513428
41.2782291666667,4.39715385437012
41.2815625,4.39566373825073
41.2848958333333,4.39411401748657
41.2882291666667,4.39256429672241
41.2915625,4.39101457595825
41.2948958333333,4.38946485519409
41.2982291666667,4.38797473907471
41.3015625,4.3865442276001
41.3048958333333,4.38523292541504
41.3082291666667,4.38410043716431
41.3115625,4.3831467628479
41.3148958333333,4.3824315071106
41.3182291666667,4.38201427459717
41.3215625,4.38195466995239
41.3248958333333,4.38231229782104
41.3282291666667,4.3831467628479
41.3315625,4.38451766967773
41.3348958333333,4.3865442276001
41.3382291666667,4.38922643661499
41.3415625,4.39262390136719
41.3448958333333,4.39685583114624
41.3482291666667,4.4018030166626
41.3515625,4.40758466720581
41.3548958333333,4.4141411781311
41.3582291666667,4.42147254943848
41.3615625,4.42957878112793
41.3648958333333,4.43845987319946
41.3682291666667,4.44793701171875
41.3715625,4.45806980133057
41.3748958333333,4.46873903274536
41.3782291666667,4.47988510131836
41.3815625,4.49132919311523
41.3848958333333,4.50289249420166
41.3882291666667,4.51451539993286
41.3915625,4.52595949172974
41.3948958333333,4.53710556030273
41.3982291666667,4.54777479171753
41.4015625,4.55778837203979
41.4048958333333,4.56702709197998
41.4082291666667,4.57531213760376
41.4115625,4.58264350891113
41.4148958333333,4.588782787323
41.4182291666667,4.59378957748413
41.4215625,4.59760427474976
41.4248958333333,4.60004806518555
41.4282291666667,4.60124015808105
41.4315625,4.60106134414673
41.4348958333333,4.59963083267212
41.4382291666667,4.59688901901245
41.4415625,4.59295511245728
41.4448958333333,4.58788871765137
41.4482291666667,4.58180904388428
41.4515625,4.57483530044556
41.4548958333333,4.56702709197998
41.4582291666667,4.55856323242188
41.4615625,4.54956293106079
41.4648958333333,4.54014539718628
41.4682291666667,4.53037023544312
41.4715625,4.52041625976563
41.4748958333333,4.51040267944336
41.4782291666667,4.50038909912109
41.4815625,4.49049472808838
41.4848958333333,4.48077917098999
41.4882291666667,4.4713020324707
41.4915625,4.46224212646484
41.4948958333333,4.45353984832764
41.4982291666667,4.44519519805908
41.5015625,4.43720817565918
41.5048958333333,4.42957878112793
41.5082291666667,4.42224740982056
41.5115625,4.41521406173706
41.5148958333333,4.40847873687744
41.5182291666667,4.40192222595215
41.5215625,4.39560413360596
41.5248958333333,4.38952445983887
41.5282291666667,4.38374280929565
41.5315625,4.37819957733154
41.5348958333333,4.37295436859131
41.5382291666667,4.36800718307495
41.5415625,4.36335802078247
41.5448958333333,4.35900688171387
41.5482291666667,4.35489416122437
41.5515625,4.35101985931396
41.5548958333333,4.34738397598267
41.5582291666667,4.34398651123047
41.5615625,4.34082746505737
41.5648958333333,4.3378472328186
41.5682291666667,4.33504581451416
41.5715625,4.33248281478882
41.5748958333333,4.3300986289978
41.5782291666667,4.32789325714111
41.5815625,4.32580709457397
41.5848958333333,4.32389974594116
41.5882291666667,4.3221116065979
41.5915625,4.32044267654419
41.5948958333333,4.31877374649048
41.5982291666667,4.31722402572632
41.6015625,4.31579351425171
41.6048958333333,4.3143630027771
41.6082291666667,4.31299209594727
41.6115625,4.31168079376221
41.6148958333333,4.31042909622192
41.6182291666667,4.30923700332642
41.6215625,4.30804491043091
41.6248958333333,4.30691242218018
41.6282291666667,4.30577993392944
41.6315625,4.30464744567871
41.6348958333333,4.30351495742798
41.6382291666667,4.30232286453247
41.6415625,4.30107116699219
41.6448958333333,4.2998194694519
41.6482291666667,4.29856777191162
41.6515625,4.29731607437134
41.6548958333333,4.29606437683105
41.6582291666667,4.29481267929077
41.6615625,4.29368019104004
41.6648958333333,4.29260730743408
41.6682291666667,4.29165363311768
41.6715625,4.29081916809082
41.6748958333333,4.29010391235352
41.6782291666667,4.28944826126099
41.6815625,4.28897142410278
41.6848958333333,4.28855419158936
41.6882291666667,4.2881965637207
41.6915625,4.2879581451416
41.6948958333333,4.28777933120728
41.6982291666667,4.28760051727295
41.7015625,4.28742170333862
41.7048958333333,4.28730249404907
41.7082291666667,4.2872428894043
41.7115625,4.28712368011475
41.7148958333333,4.28712368011475
41.7182291666667,4.28712368011475
41.7215625,4.28718328475952
41.7248958333333,4.28736209869385
41.7282291666667,4.28760051727295
41.7315625,4.2879581451416
41.7348958333333,4.28837537765503
41.7382291666667,4.28897142410278
41.7415625,4.28956747055054
41.7448958333333,4.29022312164307
41.7482291666667,4.29099798202515
41.7515625,4.29177284240723
41.7548958333333,4.29254770278931
41.7582291666667,4.29344177246094
41.7615625,4.29439544677734
41.7648958333333,4.29540872573853
41.7682291666667,4.29648160934448
41.7715625,4.29761409759521
41.7748958333333,4.29874658584595
41.7782291666667,4.29999828338623
41.7815625,4.30124998092651
41.7848958333333,4.3025016784668
41.7882291666667,4.30375337600708
41.7915625,4.30500507354736
41.7948958333333,4.30625677108765
41.7982291666667,4.30750846862793
41.8015625,4.30881977081299
41.8048958333333,4.31013107299805
41.8082291666667,4.31144237518311
41.8115625,4.31275367736816
41.8148958333333,4.31406497955322
41.8182291666667,4.31537628173828
41.8215625,4.31668758392334
41.8248958333333,4.31793928146362
41.8282291666667,4.31919097900391
41.8315625,4.32038307189941
41.8348958333333,4.32157516479492
41.8382291666667,4.32264804840088
41.8415625,4.32372093200684
41.8448958333333,4.32473421096802
41.8482291666667,4.32562828063965
41.8515625,4.32640314102173
41.8548958333333,4.32705879211426
41.8582291666667,4.32753562927246
41.8615625,4.32783365249634
41.8648958333333,4.32801246643066
41.8682291666667,4.32795286178589
41.8715625,4.32777404785156
41.8748958333333,4.32741641998291
41.8782291666667,4.32693958282471
41.8815625,4.32628393173218
41.8848958333333,4.32544946670532
41.8882291666667,4.32449579238892
41.8915625,4.32336330413818
41.8948958333333,4.32217121124268
41.8982291666667,4.32085990905762
41.9015625,4.31948900222778
41.9048958333333,4.31805849075317
41.9082291666667,4.31668758392334
41.9115625,4.31531667709351
41.9148958333333,4.31406497955322
41.9182291666667,4.31293249130249
41.9215625,4.31185960769653
41.9248958333333,4.3109655380249
41.9282291666667,4.31013107299805
41.9315625,4.30947542190552
41.9348958333333,4.30887937545776
41.9382291666667,4.30834293365479
41.9415625,4.30792570114136
41.9448958333333,4.30750846862793
41.9482291666667,4.30715084075928
41.9515625,4.30679321289063
41.9548958333333,4.30643558502197
41.9582291666667,4.30601835250854
41.9615625,4.30566072463989
41.9648958333333,4.30524349212646
41.9682291666667,4.30482625961304
41.9715625,4.30440902709961
41.9748958333333,4.30399179458618
41.9782291666667,4.30357456207275
41.9815625,4.30315732955933
41.9848958333333,4.3027400970459
41.9882291666667,4.30232286453247
41.9915625,4.30190563201904
41.9948958333333,4.30142879486084
41.9982291666667,4.30101156234741
42.0015625,4.30059432983398
42.0048958333333,4.30017709732056
42.0082291666667,4.29975986480713
42.0115625,4.2993426322937
42.0148958333333,4.29898500442505
42.0182291666667,4.29868698120117
42.0215625,4.29832935333252
42.0248958333333,4.29803133010864
42.0282291666667,4.29773330688477
42.0315625,4.29743528366089
42.0348958333333,4.29713726043701
42.0382291666667,4.29683923721313
42.0415625,4.29660081863403
42.0448958333333,4.29636240005493
42.0482291666667,4.29624319076538
42.0515625,4.29624319076538
42.0548958333333,4.29630279541016
42.0582291666667,4.29648160934448
42.0615625,4.29672002792358
42.0648958333333,4.29707765579224
42.0682291666667,4.29743528366089
42.0715625,4.29779291152954
42.0748958333333,4.29815053939819
42.0782291666667,4.29832935333252
42.0815625,4.29844856262207
42.0848958333333,4.29850816726685
42.0882291666667,4.29844856262207
42.0915625,4.29832935333252
42.0948958333333,4.29821014404297
42.0982291666667,4.29815053939819
42.1015625,4.29809093475342
42.1048958333333,4.29815053939819
42.1082291666667,4.29821014404297
42.1115625,4.29838895797729
42.1148958333333,4.2986273765564
42.1182291666667,4.29892539978027
42.1215625,4.29922342300415
42.1248958333333,4.2995810508728
42.1282291666667,4.29993867874146
42.1315625,4.30029630661011
42.1348958333333,4.30065393447876
42.1382291666667,4.30107116699219
42.1415625,4.30154800415039
42.1448958333333,4.30202484130859
42.1482291666667,4.30256128311157
42.1515625,4.30309772491455
42.1548958333333,4.30357456207275
42.1582291666667,4.30411100387573
42.1615625,4.30452823638916
42.1648958333333,4.30494546890259
42.1682291666667,4.30524349212646
42.1715625,4.30548191070557
42.1748958333333,4.30566072463989
42.1782291666667,4.30577993392944
42.1815625,4.30583953857422
42.1848958333333,4.30583953857422
42.1882291666667,4.30583953857422
42.1915625,4.30572032928467
42.1948958333333,4.30566072463989
42.1982291666667,4.30554151535034
42.2015625,4.30542230606079
42.2048958333333,4.30536270141602
42.2082291666667,4.30530309677124
42.2115625,4.30530309677124
42.2148958333333,4.30530309677124
42.2182291666667,4.30536270141602
42.2215625,4.30548191070557
42.2248958333333,4.30566072463989
42.2282291666667,4.30589914321899
42.2315625,4.30619716644287
42.2348958333333,4.30655479431152
42.2382291666667,4.30703163146973
42.2415625,4.30756807327271
42.2448958333333,4.30810451507568
42.2482291666667,4.30876016616821
42.2515625,4.30947542190552
42.2548958333333,4.31019067764282
42.2582291666667,4.31102514266968
42.2615625,4.31191921234131
42.2648958333333,4.31293249130249
42.2682291666667,4.31406497955322
42.2715625,4.31537628173828
42.2748958333333,4.31692600250244
42.2782291666667,4.31865453720093
42.2815625,4.32062149047852
42.2848958333333,4.32282686233521
42.2882291666667,4.32521104812622
42.2915625,4.32777404785156
42.2948958333333,4.33045625686646
42.2982291666667,4.33319807052612
42.3015625,4.33605909347534
42.3048958333333,4.33886051177979
42.3082291666667,4.34166193008423
42.3115625,4.34452295303345
42.3148958333333,4.34732437133789
42.3182291666667,4.35012578964233
42.3215625,4.35292720794678
42.3248958333333,4.35572862625122
42.3282291666667,4.35853004455566
42.3315625,4.36133146286011
42.3348958333333,4.36413288116455
42.3382291666667,4.36681509017944
42.3415625,4.36937808990479
42.3448958333333,4.37188148498535
42.3482291666667,4.37414646148682
42.3515625,4.37629222869873
42.3548958333333,4.37819957733154
42.3582291666667,4.3799877166748
42.3615625,4.38147783279419
42.3648958333333,4.38284873962402
42.3682291666667,4.38398122787476
42.3715625,4.38493490219116
42.3748958333333,4.38576936721802
42.3782291666667,4.38648462295532
42.3815625,4.38708066940308
42.3848958333333,4.38755750656128
42.3882291666667,4.38797473907471
42.3915625,4.38833236694336
42.3948958333333,4.38868999481201
42.3982291666667,4.38898801803589
42.4015625,4.38928604125977
42.4048958333333,4.38952445983887
42.4082291666667,4.38970327377319
42.4115625,4.38976287841797
42.4148958333333,4.38964366912842
42.4182291666667,4.38934564590454
42.4215625,4.38886880874634
42.4248958333333,4.38809394836426
42.4282291666667,4.3870210647583
42.4315625,4.38559055328369
42.4348958333333,4.38386201858521
42.4382291666667,4.38183546066284
42.4415625,4.3795108795166
42.4448958333333,4.37694787979126
42.4482291666667,4.37414646148682
42.4515625,4.37110662460327
42.4548958333333,4.3678879737854
42.4582291666667,4.3644905090332
42.4615625,4.36097383499146
42.4648958333333,4.35733795166016
42.4682291666667,4.35364246368408
42.4715625,4.34982776641846
42.4748958333333,4.34595346450806
42.4782291666667,4.34201955795288
42.4815625,4.33814525604248
42.4848958333333,4.33433055877686
42.4882291666667,4.33063507080078
42.4915625,4.32711839675903
42.4948958333333,4.32384014129639
42.4982291666667,4.32074069976807
42.5015625,4.3179988861084
42.5048958333333,4.31555509567261
42.5082291666667,4.31352853775024
42.5115625,4.31185960769653
42.5148958333333,4.31066751480103
42.5182291666667,4.30989265441895
42.5215625,4.30953502655029
42.5248958333333,4.30959463119507
42.5282291666667,4.31007146835327
42.5315625,4.31090593338013
42.5348958333333,4.31209802627563
42.5382291666667,4.31358814239502
42.5415625,4.31537628173828
42.5448958333333,4.31734323501587
42.5482291666667,4.31948900222778
42.5515625,4.32181358337402
42.5548958333333,4.32431697845459
42.5582291666667,4.32699918746948
42.5615625,4.32980060577393
42.5648958333333,4.33266162872314
42.5682291666667,4.33552265167236
42.5715625,4.33844327926636
42.5748958333333,4.34130430221558
42.5782291666667,4.34398651123047
42.5815625,4.34648990631104
42.5848958333333,4.34863567352295
42.5882291666667,4.35048341751099
42.5915625,4.3519139289856
42.5948958333333,4.35298681259155
42.5982291666667,4.35370206832886
42.6015625,4.35417890548706
42.6048958333333,4.35435771942139
42.6082291666667,4.35435771942139
42.6115625,4.35435771942139
42.6148958333333,4.35423851013184
42.6182291666667,4.35417890548706
42.6215625,4.35417890548706
42.6248958333333,4.35417890548706
42.6282291666667,4.35417890548706
42.6315625,4.35411930084229
42.6348958333333,4.35400009155273
42.6382291666667,4.35376167297363
42.6415625,4.35334444046021
42.6448958333333,4.35274839401245
42.6482291666667,4.35185432434082
42.6515625,4.35072183609009
42.6548958333333,4.34929132461548
42.6582291666667,4.34756278991699
42.6615625,4.34547662734985
42.6648958333333,4.34303283691406
42.6682291666667,4.34023141860962
42.6715625,4.3371319770813
42.6748958333333,4.3337345123291
42.6782291666667,4.3300986289978
42.6815625,4.3262243270874
42.6848958333333,4.32223081588745
42.6882291666667,4.31817770004272
42.6915625,4.31406497955322
42.6948958333333,4.31007146835327
42.6982291666667,4.3061375617981
42.7015625,4.30238246917725
42.7048958333333,4.29880619049072
42.7082291666667,4.2954683303833
42.7115625,4.29242849349976
42.7148958333333,4.28962707519531
42.7182291666667,4.28706407546997
42.7215625,4.28473949432373
42.7248958333333,4.28265333175659
42.7282291666667,4.280686378479
42.7315625,4.27889823913574
42.7348958333333,4.27728891372681
42.7382291666667,4.27573919296265
42.7415625,4.27424907684326
42.7448958333333,4.2729377746582
42.7482291666667,4.27168607711792
42.7515625,4.27055358886719
42.7548958333333,4.26959991455078
42.7582291666667,4.26870584487915
42.7615625,4.26799058914185
42.7648958333333,4.26745414733887
42.7682291666667,4.26703691482544
42.7715625,4.26673889160156
42.7748958333333,4.26656007766724
42.7782291666667,4.26650047302246
42.7815625,4.26661968231201
42.7848958333333,4.26685810089111
42.7882291666667,4.26721572875977
42.7915625,4.26781177520752
42.7948958333333,4.2685866355896
42.7982291666667,4.26959991455078
42.8015625,4.27085161209106
42.8048958333333,4.27228212356567
42.8082291666667,4.27389144897461
42.8115625,4.27573919296265
42.8148958333333,4.27770614624023
42.8182291666667,4.27985191345215
42.8215625,4.28205728530884
42.8248958333333,4.28438186645508
42.8282291666667,4.28676605224609
42.8315625,4.28926944732666
42.8348958333333,4.29177284240723
42.8382291666667,4.29433584213257
42.8415625,4.29689884185791
42.8448958333333,4.29946184158325
42.8482291666667,4.30196523666382
42.8515625,4.30428981781006
42.8548958333333,4.30643558502197
42.8582291666667,4.30840253829956
42.8615625,4.31007146835327
42.8648958333333,4.31156158447266
42.8682291666667,4.31275367736816
42.8715625,4.31364774703979
42.8748958333333,4.3143630027771
42.8782291666667,4.3148398399353
42.8815625,4.3150782585144
42.8848958333333,4.31519746780396
42.8882291666667,4.31513786315918
42.8915625,4.31501865386963
42.8948958333333,4.3148398399353
42.8982291666667,4.3146014213562
42.9015625,4.31430339813232
42.9048958333333,4.31406497955322
42.9082291666667,4.31382656097412
42.9115625,4.31358814239502
42.9148958333333,4.31334972381592
42.9182291666667,4.31311130523682
42.9215625,4.31281328201294
42.9248958333333,4.31251525878906
42.9282291666667,4.31215763092041
42.9315625,4.31180000305176
42.9348958333333,4.31150197982788
42.9382291666667,4.31114435195923
42.9415625,4.31084632873535
42.9448958333333,4.31060791015625
42.9482291666667,4.3104887008667
42.9515625,4.31042909622192
42.9548958333333,4.31054830551147
42.9582291666667,4.31084632873535
42.9615625,4.31144237518311
42.9648958333333,4.31227684020996
42.9682291666667,4.31352853775024
42.9715625,4.31513786315918
42.9748958333333,4.31728363037109
42.9782291666667,4.32002544403076
42.9815625,4.32336330413818
42.9848958333333,4.32735681533813
42.9882291666667,4.33194637298584
42.9915625,4.33719158172607
42.9948958333333,4.34297323226929
42.9982291666667,4.34929132461548
43.0015625,4.35590744018555
43.0048958333333,4.36282157897949
43.0082291666667,4.36979532241821
43.0115625,4.37670946121216
43.0148958333333,4.38350439071655
43.0182291666667,4.38988208770752
43.0215625,4.39590215682983
43.0248958333333,4.40126657485962
43.0282291666667,4.40597534179688
43.0315625,4.40984964370728
43.0348958333333,4.41282987594604
43.0382291666667,4.41485643386841
43.0415625,4.41581010818481
43.0448958333333,4.41569089889526
43.0482291666667,4.41461801528931
43.0515625,4.41253185272217
43.0548958333333,4.4095516204834
43.0582291666667,4.40585613250732
43.0615625,4.40144538879395
43.0648958333333,4.39649820327759
43.0682291666667,4.3911337852478
43.0715625,4.38553094863892
43.0748958333333,4.37968969345093
43.0782291666667,4.37378883361816
43.0815625,4.3678879737854
43.0848958333333,4.36210632324219
43.0882291666667,4.35662269592285
43.0915625,4.35143709182739
43.0948958333333,4.34672832489014
43.0982291666667,4.34261560440063
43.1015625,4.33909893035889
43.1048958333333,4.33623790740967
43.1082291666667,4.33409214019775
43.1115625,4.33260202407837
43.1148958333333,4.33176755905151
43.1182291666667,4.33152914047241
43.1215625,4.33188676834106
43.1248958333333,4.33272123336792
43.1282291666667,4.33409214019775
43.1315625,4.33593988418579
43.1348958333333,4.33826446533203
43.1382291666667,4.34106588363647
43.1415625,4.34428453445435
43.1448958333333,4.34792041778564
43.1482291666667,4.3519139289856
43.1515625,4.3562650680542
43.1548958333333,4.36073541641235
43.1582291666667,4.36526536941528
43.1615625,4.36979532241821
43.1648958333333,4.37414646148682
43.1682291666667,4.37825918197632
43.1715625,4.38207387924194
43.1748958333333,4.38559055328369
43.1782291666667,4.38863039016724
43.1815625,4.39125299453735
43.1848958333333,4.39339876174927
43.1882291666667,4.39518690109253
43.1915625,4.39649820327759
43.1948958333333,4.39751148223877
43.1982291666667,4.39822673797607
43.2015625,4.39882278442383
43.2048958333333,4.39935922622681
43.2082291666667,4.40013408660889
43.2115625,4.40126657485962
43.2148958333333,4.40299510955811
43.2182291666667,4.405677318573
43.2215625,4.40949201583862
43.2248958333333,4.41479682922363
43.2282291666667,4.42171096801758
43.2315625,4.43059206008911
43.2348958333333,4.44155931472778
43.2382291666667,4.45473194122314
43.2415625,4.47022914886475
43.2448958333333,4.48817014694214
43.2482291666667,4.50855493545532
43.2515625,4.5313835144043
43.2548958333333,4.55659627914429
43.2582291666667,4.58419322967529
43.2615625,4.61405515670776
43.2648958333333,4.64606285095215
43.2682291666667,4.67997789382935
43.2715625,4.71562147140503
43.2748958333333,4.7527551651001
43.2782291666667,4.79096174240112
43.2815625,4.82994318008423
43.2848958333333,4.86928224563599
43.2882291666667,4.90862131118774
43.2915625,4.94736433029175
43.2948958333333,4.98515367507935
43.2982291666667,5.02157211303711
43.3015625,5.05602359771729
43.3048958333333,5.08815050125122
43.3082291666667,5.11759519577026
43.3115625,5.14388084411621
43.3148958333333,5.16676902770996
43.3182291666667,5.18596172332764
43.3215625,5.20122051239014
43.3248958333333,5.21242618560791
43.3282291666667,5.21945953369141
43.3315625,5.2223801612854
43.3348958333333,5.22118806838989
43.3382291666667,5.21600246429443
43.3415625,5.20694255828857
43.3448958333333,5.19424676895142
43.3482291666667,5.17809391021729
43.3515625,5.15878200531006
43.3548958333333,5.13660907745361
43.3582291666667,5.11199235916138
43.3615625,5.08511066436768
43.3648958333333,5.05650043487549
43.3682291666667,5.02651929855347
43.3715625,4.99546527862549
43.3748958333333,4.96375560760498
43.3782291666667,4.9317479133606
43.3815625,4.89979982376099
43.3848958333333,4.86814975738525
43.3882291666667,4.83709573745728
43.3915625,4.80681657791138
43.3948958333333,4.77749109268188
43.3982291666667,4.74929809570313
43.4015625,4.72229719161987
43.4048958333333,4.6965479850769
43.4082291666667,4.67211008071899
43.4115625,4.64910268783569
43.4148958333333,4.62746620178223
43.4182291666667,4.60726022720337
43.4215625,4.5885443687439
43.4248958333333,4.57125902175903
43.4282291666667,4.555344581604
43.4315625,4.54080104827881
43.4348958333333,4.52756881713867
43.4382291666667,4.51564788818359
43.4415625,4.50485944747925
43.4448958333333,4.49514389038086
43.4482291666667,4.48650121688843
43.4515625,4.47869300842285
43.4548958333333,4.47171926498413
43.4582291666667,4.46552038192749
43.4615625,4.46009635925293
43.4648958333333,4.45526838302612
43.4682291666667,4.45109605789185
43.4715625,4.44751977920532
43.4748958333333,4.444420337677
43.4782291666667,4.44179773330688
43.4815625,4.4395923614502
43.4848958333333,4.43780422210693
43.4882291666667,4.43631410598755
43.4915625,4.43512201309204
43.4948958333333,4.43416833877563
43.4982291666667,4.43345308303833
43.5015625,4.43291664123535
43.5048958333333,4.4325590133667
43.5082291666667,4.43243980407715
43.5115625,4.43243980407715
43.5148958333333,4.43267822265625
43.5182291666667,4.43309545516968
43.5215625,4.43363189697266
43.5248958333333,4.43422794342041
43.5282291666667,4.43494319915771
43.5315625,4.43565845489502
43.5348958333333,4.43637371063232
43.5382291666667,4.43702936172485
43.5415625,4.43756580352783
43.5448958333333,4.43804264068604
43.5482291666667,4.43834066390991
43.5515625,4.43845987319946
43.5548958333333,4.43851947784424
43.5582291666667,4.43840026855469
43.5615625,4.43816184997559
43.5648958333333,4.43780422210693
43.5682291666667,4.43732738494873
43.5715625,4.43673133850098
43.5748958333333,4.43607568740845
43.5782291666667,4.43536043167114
43.5815625,4.43458557128906
43.5848958333333,4.43369150161743
43.5882291666667,4.43267822265625
43.5915625,4.43166494369507
43.5948958333333,4.43053245544434
43.5982291666667,4.42928075790405
43.6015625,4.42802906036377
43.6048958333333,4.42659854888916
43.6082291666667,4.42516803741455
43.6115625,4.42361831665039
43.6148958333333,4.42200899124146
43.6182291666667,4.42028045654297
43.6215625,4.41855192184448
43.6248958333333,4.41676378250122
43.6282291666667,4.41491603851318
43.6315625,4.41312789916992
43.6348958333333,4.41128015518188
43.6382291666667,4.4095516204834
43.6415625,4.40782308578491
43.6448958333333,4.40621376037598
43.6482291666667,4.40466403961182
43.6515625,4.40317392349243
43.6548958333333,4.40174341201782
43.6582291666667,4.40031290054321
43.6615625,4.39894199371338
43.6648958333333,4.39763069152832
43.6682291666667,4.39631938934326
43.6715625,4.3950080871582
43.6748958333333,4.3938159942627
43.6782291666667,4.39274311065674
43.6815625,4.39178943634033
43.6848958333333,4.39101457595825
43.6882291666667,4.39035892486572
43.6915625,4.38988208770752
43.6948958333333,4.38946485519409
43.6982291666667,4.38910722732544
43.7015625,4.38874959945679
43.7048958333333,4.38845157623291
43.7082291666667,4.38815355300903
43.7115625,4.38779592514038
43.7148958333333,4.38755750656128
43.7182291666667,4.38731908798218
43.7215625,4.3872594833374
43.7248958333333,4.3872594833374
43.7282291666667,4.38743829727173
43.7315625,4.38779592514038
43.7348958333333,4.38827276229858
43.7382291666667,4.38892841339111
43.7415625,4.38958406448364
43.7448958333333,4.39035892486572
43.7482291666667,4.39119338989258
43.7515625,4.39202785491943
43.7548958333333,4.39286231994629
43.7582291666667,4.39375638961792
43.7615625,4.39459085464478
43.7648958333333,4.39548492431641
43.7682291666667,4.39643859863281
43.7715625,4.39733266830444
43.7748958333333,4.39822673797607
43.7782291666667,4.39912080764771
43.7815625,4.40001487731934
43.7848958333333,4.40084934234619
43.7882291666667,4.40162420272827
43.7915625,4.40239906311035
43.7948958333333,4.40317392349243
43.7982291666667,4.40394878387451
43.8015625,4.40466403961182
43.8048958333333,4.4054388999939
43.8082291666667,4.40627336502075
43.8115625,4.40710783004761
43.8148958333333,4.40800189971924
43.8182291666667,4.40895557403564
43.8215625,4.40990924835205
43.8248958333333,4.41092252731323
43.8282291666667,4.41199541091919
43.8315625,4.41306829452515
43.8348958333333,4.41420078277588
43.8382291666667,4.41533327102661
43.8415625,4.41646575927734
43.8448958333333,4.41759824752808
43.8482291666667,4.41861152648926
43.8515625,4.41962480545044
43.8548958333333,4.42057847976685
43.8582291666667,4.4214129447937
43.8615625,4.42212820053101
43.8648958333333,4.42272424697876
43.8682291666667,4.42326068878174
43.8715625,4.42367792129517
43.8748958333333,4.42397594451904
43.8782291666667,4.42421436309814
43.8815625,4.42439317703247
43.8848958333333,4.42445278167725
43.8882291666667,4.42445278167725
43.8915625,4.42445278167725
43.8948958333333,4.42445278167725
43.8982291666667,4.42439317703247
43.9015625,4.42427396774292
43.9048958333333,4.42421436309814
43.9082291666667,4.42415475845337
43.9115625,4.42403554916382
43.9148958333333,4.42391633987427
43.9182291666667,4.42379713058472
43.9215625,4.42367792129517
43.9248958333333,4.42349910736084
43.9282291666667,4.42332029342651
43.9315625,4.42314147949219
43.9348958333333,4.42296266555786
43.9382291666667,4.42284345626831
43.9415625,4.42272424697876
43.9448958333333,4.42272424697876
43.9482291666667,4.42278385162354
43.9515625,4.42284345626831
43.9548958333333,4.42302227020264
43.9582291666667,4.42320108413696
43.9615625,4.42343950271606
43.9648958333333,4.42367792129517
43.9682291666667,4.42397594451904
43.9715625,4.42415475845337
43.9748958333333,4.42439317703247
43.9782291666667,4.4245719909668
43.9815625,4.42475080490112
43.9848958333333,4.42492961883545
43.9882291666667,4.42510843276978
43.9915625,4.4252872467041
43.9948958333333,4.42546606063843
43.9982291666667,4.42570447921753
44.0015625,4.42594289779663
44.0048958333333,4.42618131637573
44.0082291666667,4.42647933959961
44.0115625,4.42677736282349
44.0148958333333,4.42707538604736
44.0182291666667,4.42731380462646
44.0215625,4.42749261856079
44.0248958333333,4.42761182785034
44.0282291666667,4.42767143249512
44.0315625,4.42755222320557
44.0348958333333,4.42737340927124
44.0382291666667,4.42713499069214
44.0415625,4.42677736282349
44.0448958333333,4.42636013031006
44.0482291666667,4.42600250244141
44.0515625,4.42564487457275
44.0548958333333,4.42534685134888
44.0582291666667,4.42510843276978
44.0615625,4.42498922348022
44.0648958333333,4.42487001419067
44.0682291666667,4.42487001419067
44.0715625,4.42487001419067
44.0748958333333,4.42487001419067
44.0782291666667,4.42487001419067
44.0815625,4.4248104095459
44.0848958333333,4.42475080490112
44.0882291666667,4.42475080490112
44.0915625,4.42463159561157
44.0948958333333,4.42463159561157
44.0982291666667,4.42463159561157
44.1015625,4.42469120025635
44.1048958333333,4.4248104095459
44.1082291666667,4.425048828125
44.1115625,4.42534685134888
44.1148958333333,4.42588329315186
44.1182291666667,4.42647933959961
44.1215625,4.42725419998169
44.1248958333333,4.4282078742981
44.1282291666667,4.42928075790405
44.1315625,4.43047285079956
44.1348958333333,4.43172454833984
44.1382291666667,4.43315505981445
44.1415625,4.43458557128906
44.1448958333333,4.43607568740845
44.1482291666667,4.43762540817261
44.1515625,4.43917512893677
44.1548958333333,4.44072484970093
44.1582291666667,4.44227457046509
44.1615625,4.4439435005188
44.1648958333333,4.44561243057251
44.1682291666667,4.44728136062622
44.1715625,4.44906949996948
44.1748958333333,4.45085763931274
44.1782291666667,4.45276498794556
44.1815625,4.45467233657837
44.1848958333333,4.45663928985596
44.1882291666667,4.45866584777832
44.1915625,4.46075201034546
44.1948958333333,4.4628381729126
44.1982291666667,4.46486473083496
44.2015625,4.46689128875732
44.2048958333333,4.46879863739014
44.2082291666667,4.4705867767334
44.2115625,4.47231531143188
44.2148958333333,4.47386503219604
44.2182291666667,4.47529554367065
44.2215625,4.47654724121094
44.2248958333333,4.47767972946167
44.2282291666667,4.47869300842285
44.2315625,4.47964668273926
44.2348958333333,4.48054075241089
44.2382291666667,4.48143482208252
44.2415625,4.4822096824646
44.2448958333333,4.4829249382019
44.2482291666667,4.48364019393921
44.2515625,4.48423624038696
44.2548958333333,4.48471307754517
44.2582291666667,4.48507070541382
44.2615625,4.48530912399292
44.2648958333333,4.48530912399292
44.2682291666667,4.48518991470337
44.2715625,4.48489189147949
44.2748958333333,4.48441505432129
44.2782291666667,4.48381900787354
44.2815625,4.48316335678101
44.2848958333333,4.48238849639893
44.2882291666667,4.48155403137207
44.2915625,4.48065996170044
44.2948958333333,4.47970628738403
44.2982291666667,4.47869300842285
44.3015625,4.47767972946167
44.3048958333333,4.47666645050049
44.3082291666667,4.47565317153931
44.3115625,4.47475910186768
44.3148958333333,4.47386503219604
44.3182291666667,4.47314977645874
44.3215625,4.47249412536621
44.3248958333333,4.47189807891846
44.3282291666667,4.47136163711548
44.3315625,4.4708251953125
44.3348958333333,4.47028875350952
44.3382291666667,4.46969270706177
44.3415625,4.46909666061401
44.3448958333333,4.46838140487671
44.3482291666667,4.4676661491394
44.3515625,4.4669508934021
44.3548958333333,4.46617603302002
44.3582291666667,4.46546077728271
44.3615625,4.46480512619019
44.3648958333333,4.46414947509766
44.3682291666667,4.46361303329468
44.3715625,4.46313619613647
44.3748958333333,4.46271896362305
44.3782291666667,4.46236133575439
44.3815625,4.46206331253052
44.3848958333333,4.46176528930664
44.3882291666667,4.46152687072754
44.3915625,4.46134805679321
44.3948958333333,4.46122884750366
44.3982291666667,4.46116924285889
44.4015625,4.46122884750366
44.4048958333333,4.46146726608276
44.4082291666667,4.46182489395142
44.4115625,4.46230173110962
44.4148958333333,4.46301698684692
44.4182291666667,4.46391105651855
44.4215625,4.46492433547974
44.4248958333333,4.46611642837524
44.4282291666667,4.46736812591553
44.4315625,4.46873903274536
44.4348958333333,4.4701099395752
44.4382291666667,4.47142124176025
44.4415625,4.47273254394531
44.4448958333333,4.47392463684082
44.4482291666667,4.47505712509155
44.4515625,4.47607040405273
44.4548958333333,4.47708368301392
44.4582291666667,4.47797775268555
44.4615625,4.4788122177124
44.4648958333333,4.47964668273926
44.4682291666667,4.48048114776611
44.4715625,4.48125600814819
44.4748958333333,4.4819712638855
44.4782291666667,4.48262691497803
44.4815625,4.48328256607056
44.4848958333333,4.48381900787354
44.4882291666667,4.48435544967651
44.4915625,4.48483228683472
44.4948958333333,4.48530912399292
44.4982291666667,4.48578596115112
44.5015625,4.4863224029541
44.5048958333333,4.4867992401123
44.5082291666667,4.48733568191528
44.5115625,4.48787212371826
44.5148958333333,4.48846817016602
44.5182291666667,4.48894500732422
44.5215625,4.48942184448242
44.5248958333333,4.4897198677063
44.5282291666667,4.4899582862854
44.5315625,4.49001789093018
44.5348958333333,4.48989868164063
44.5382291666667,4.48966026306152
44.5415625,4.48930263519287
44.5448958333333,4.48882579803467
44.5482291666667,4.48828935623169
44.5515625,4.48769330978394
44.5548958333333,4.48703765869141
44.5582291666667,4.48644161224365
44.5615625,4.48578596115112
44.5648958333333,4.48518991470337
44.5682291666667,4.48465347290039
44.5715625,4.48411703109741
44.5748958333333,4.48364019393921
44.5782291666667,4.48316335678101
44.5815625,4.48262691497803
44.5848958333333,4.48215007781982
44.5882291666667,4.48167324066162
44.5915625,4.48119640350342
44.5948958333333,4.48071956634521
44.5982291666667,4.48030233383179
44.6015625,4.47994470596313
44.6048958333333,4.47964668273926
44.6082291666667,4.47946786880493
44.6115625,4.47946786880493
44.6148958333333,4.47952747344971
44.6182291666667,4.47976589202881
44.6215625,4.48018312454224
44.6248958333333,4.48071956634521
44.6282291666667,4.48137521743774
44.6315625,4.48215007781982
44.6348958333333,4.48310375213623
44.6382291666667,4.48411703109741
44.6415625,4.48530912399292
44.6448958333333,4.48650121688843
44.6482291666667,4.48787212371826
44.6515625,4.4892430305481
44.6548958333333,4.49073314666748
44.6582291666667,4.49228286743164
44.6615625,4.49389219284058
44.6648958333333,4.49550151824951
44.6682291666667,4.49717044830322
44.6715625,4.49889898300171
44.6748958333333,4.5006275177002
44.6782291666667,4.50229644775391
44.6815625,4.50390577316284
44.6848958333333,4.50551509857178
44.6882291666667,4.50706481933594
44.6915625,4.50855493545532
44.6948958333333,4.50998544692993
44.6982291666667,4.51129674911499
44.7015625,4.51260805130005
44.7048958333333,4.51385974884033
44.7082291666667,4.51511144638062
44.7115625,4.51630353927612
44.7148958333333,4.51743602752686
44.7182291666667,4.51856851577759
44.7215625,4.51964139938354
44.7248958333333,4.5207142829895
44.7282291666667,4.52166795730591
44.7315625,4.52256202697754
44.7348958333333,4.52339649200439
44.7382291666667,4.5241117477417
44.7415625,4.52476739883423
44.7448958333333,4.52530384063721
44.7482291666667,4.52584028244019
44.7515625,4.52637672424316
44.7548958333333,4.52685356140137
44.7582291666667,4.52739000320435
44.7615625,4.52792644500732
44.7648958333333,4.52858209609985
44.7682291666667,4.52923774719238
44.7715625,4.52989339828491
44.7748958333333,4.53060865402222
44.7782291666667,4.53126430511475
44.7815625,4.53191995620728
44.7848958333333,4.53251600265503
44.7882291666667,4.53311204910278
44.7915625,4.53358888626099
44.7948958333333,4.53406572341919
44.7982291666667,4.53454256057739
44.8015625,4.53495979309082
44.8048958333333,4.53537702560425
44.8082291666667,4.53579425811768
44.8115625,4.53627109527588
44.8148958333333,4.53674793243408
44.8182291666667,4.53722476959229
44.8215625,4.53776121139526
44.8248958333333,4.53835725784302
44.8282291666667,4.53901290893555
44.8315625,4.53966856002808
44.8348958333333,4.54032421112061
44.8382291666667,4.54103946685791
44.8415625,4.54175472259521
44.8448958333333,4.54246997833252
44.8482291666667,4.54312562942505
44.8515625,4.54378128051758
44.8548958333333,4.54437732696533
44.8582291666667,4.54491376876831
44.8615625,4.54545021057129
44.8648958333333,4.54592704772949
44.8682291666667,4.54634428024292
44.8715625,4.54676151275635
44.8748958333333,4.54717874526978
44.8782291666667,4.5475959777832
44.8815625,4.54795360565186
44.8848958333333,4.54831123352051
44.8882291666667,4.54866886138916
44.8915625,4.54896688461304
44.8948958333333,4.54920530319214
44.8982291666667,4.54932451248169
44.9015625,4.54932451248169
44.9048958333333,4.54920530319214
44.9082291666667,4.54902648925781
44.9115625,4.54866886138916
44.9148958333333,4.54825162887573
44.9182291666667,4.54777479171753
44.9215625,4.54723834991455
44.9248958333333,4.54670190811157
44.9282291666667,4.54616546630859
44.9315625,4.54556941986084
44.9348958333333,4.54503297805786
44.9382291666667,4.54449653625488
44.9415625,4.54390048980713
44.9448958333333,4.54336404800415
44.9482291666667,4.5427680015564
44.9515625,4.54217195510864
44.9548958333333,4.54163551330566
44.9582291666667,4.54103946685791
44.9615625,4.54044342041016
44.9648958333333,4.53990697860718
44.9682291666667,4.53943014144897
44.9715625,4.53901290893555
44.9748958333333,4.53871488571167
44.9782291666667,4.53847646713257
44.9815625,4.53829765319824
44.9848958333333,4.53823804855347
44.9882291666667,4.53817844390869
44.9915625,4.53811883926392
44.9948958333333,4.53817844390869
44.9982291666667,4.53817844390869
45.0015625,4.53817844390869
45.0048958333333,4.53823804855347
45.0082291666667,4.53823804855347
45.0115625,4.53835725784302
45.0148958333333,4.53841686248779
45.0182291666667,4.53859567642212
45.0215625,4.53877449035645
45.0248958333333,4.53895330429077
45.0282291666667,4.53919172286987
45.0315625,4.53948974609375
45.0348958333333,4.53978776931763
45.0382291666667,4.54014539718628
45.0415625,4.54050302505493
45.0448958333333,4.54092025756836
45.0482291666667,4.54133749008179
45.0515625,4.54187393188477
45.0548958333333,4.54235076904297
45.0582291666667,4.54294681549072
45.0615625,4.54354286193848
45.0648958333333,4.54419851303101
45.0682291666667,4.54491376876831
45.0715625,4.54562902450562
45.0748958333333,4.54634428024292
45.0782291666667,4.547119140625
45.0815625,4.54789400100708
45.0848958333333,4.54866886138916
45.0882291666667,4.54938411712646
45.0915625,4.55009937286377
45.0948958333333,4.5507550239563
45.0982291666667,4.55135107040405
45.1015625,4.55188751220703
45.1048958333333,4.55242395401001
45.1082291666667,4.55284118652344
45.1115625,4.55325841903687
45.1148958333333,4.55361604690552
45.1182291666667,4.55397367477417
45.1215625,4.55433130264282
45.1248958333333,4.55474853515625
45.1282291666667,4.55516576766968
45.1315625,4.55564260482788
45.1348958333333,4.55611944198608
45.1382291666667,4.55665588378906
45.1415625,4.55725193023682
45.1448958333333,4.55790758132935
45.1482291666667,4.55856323242188
45.1515625,4.55927848815918
45.1548958333333,4.55999374389648
45.1582291666667,4.56076860427856
45.1615625,4.56154346466064
45.1648958333333,4.56231832504272
45.1682291666667,4.56315279006958
45.1715625,4.56404685974121
45.1748958333333,4.56500053405762
45.1782291666667,4.56595420837402
45.1815625,4.56696748733521
45.1848958333333,4.56804037094116
45.1882291666667,4.56917285919189
45.1915625,4.57024574279785
45.1948958333333,4.57131862640381
45.1982291666667,4.57239151000977
45.2015625,4.57334518432617
45.2048958333333,4.57429885864258
45.2082291666667,4.57525253295898
45.2115625,4.57614660263062
45.2148958333333,4.57710027694702
45.2182291666667,4.57805395126343
45.2215625,4.57906723022461
45.2248958333333,4.58008050918579
45.2282291666667,4.58121299743652
45.2315625,4.58234548568726
45.2348958333333,4.58347797393799
45.2382291666667,4.58461046218872
45.2415625,4.58574295043945
45.2448958333333,4.58681583404541
45.2482291666667,4.58782911300659
45.2515625,4.58884239196777
45.2548958333333,4.58979606628418
45.2582291666667,4.59069013595581
45.2615625,4.59152460098267
45.2648958333333,4.5924186706543
45.2682291666667,4.59331274032593
45.2715625,4.59414720535278
45.2748958333333,4.59510087966919
45.2782291666667,4.59599494934082
45.2815625,4.59688901901245
45.2848958333333,4.59784269332886
45.2882291666667,4.59867715835571
45.2915625,4.59951162338257
45.2948958333333,4.60022687911987
45.2982291666667,4.6008825302124
45.3015625,4.60141897201538
45.3048958333333,4.60183620452881
45.3082291666667,4.60219383239746
45.3115625,4.60243225097656
45.3148958333333,4.60261106491089
45.3182291666667,4.60267066955566
45.3215625,4.60261106491089
45.3248958333333,4.60249185562134
45.3282291666667,4.60237264633179
45.3315625,4.60219383239746
45.3348958333333,4.60201501846313
45.3382291666667,4.60189580917358
45.3415625,4.60171699523926
45.3448958333333,4.60159778594971
45.3482291666667,4.60153818130493
45.3515625,4.60147857666016
45.3548958333333,4.60147857666016
45.3582291666667,4.60141897201538
45.3615625,4.60135936737061
45.3648958333333,4.60135936737061
45.3682291666667,4.60129976272583
45.3715625,4.60129976272583
45.3748958333333,4.60135936737061
45.3782291666667,4.60141897201538
45.3815625,4.60159778594971
45.3848958333333,4.60177659988403
45.3882291666667,4.60207462310791
45.3915625,4.60237264633179
45.3948958333333,4.60273027420044
45.3982291666667,4.60314750671387
45.4015625,4.60362434387207
45.4048958333333,4.60410118103027
45.4082291666667,4.60469722747803
45.4115625,4.60529327392578
45.4148958333333,4.60600852966309
45.4182291666667,4.60678339004517
45.4215625,4.6076774597168
45.4248958333333,4.60857152938843
45.4282291666667,4.60964441299438
45.4315625,4.61077690124512
45.4348958333333,4.61196899414063
45.4382291666667,4.61322069168091
45.4415625,4.61459159851074
45.4448958333333,4.61602210998535
45.4482291666667,4.61751222610474
45.4515625,4.6190619468689
45.4548958333333,4.62061166763306
45.4582291666667,4.62228059768677
45.4615625,4.6238899230957
45.4648958333333,4.62555885314941
45.4682291666667,4.62722778320313
45.4715625,4.62889671325684
45.4748958333333,4.630446434021
45.4782291666667,4.63199615478516
45.4815625,4.63348627090454
45.4848958333333,4.63485717773438
45.4882291666667,4.63604927062988
45.4915625,4.63718175888062
45.4948958333333,4.63807582855225
45.4982291666667,4.63879108428955
45.5015625,4.6393871307373
45.5048958333333,4.63974475860596
45.5082291666667,4.63998317718506
45.5115625,4.64010238647461
45.5148958333333,4.64010238647461
45.5182291666667,4.63992357254028
45.5215625,4.63974475860596
45.5248958333333,4.63944673538208
45.5282291666667,4.6391487121582
45.5315625,4.63879108428955
45.5348958333333,4.63837385177612
45.5382291666667,4.6379566192627
45.5415625,4.63747978210449
45.5448958333333,4.63700294494629
45.5482291666667,4.63652610778809
45.5515625,4.63616847991943
45.5548958333333,4.63581085205078
45.5582291666667,4.63557243347168
45.5615625,4.63539361953735
45.5648958333333,4.63539361953735
45.5682291666667,4.63545322418213
45.5715625,4.63557243347168
45.5748958333333,4.63575124740601
45.5782291666667,4.63598966598511
45.5815625,4.63622808456421
45.5848958333333,4.63640689849854
45.5882291666667,4.63652610778809
45.5915625,4.63664531707764
45.5948958333333,4.63670492172241
45.5982291666667,4.63670492172241
45.6015625,4.63670492172241
45.6048958333333,4.63670492172241
45.6082291666667,4.63676452636719
45.6115625,4.63682413101196
45.6148958333333,4.63688373565674
45.6182291666667,4.63700294494629
45.6215625,4.63700294494629
45.6248958333333,4.63706254959106
45.6282291666667,4.63694334030151
45.6315625,4.63676452636719
45.6348958333333,4.63640689849854
45.6382291666667,4.63598966598511
45.6415625,4.63545322418213
45.6448958333333,4.63491678237915
45.6482291666667,4.63438034057617
45.6515625,4.63390350341797
45.6548958333333,4.63354587554932
45.6582291666667,4.63336706161499
45.6615625,4.63336706161499
45.6648958333333,4.63348627090454
45.6682291666667,4.63384389877319
45.6715625,4.6343207359314
45.6748958333333,4.63485717773438
45.6782291666667,4.6355128288269
45.6815625,4.63616847991943
45.6848958333333,4.63688373565674
45.6882291666667,4.63753938674927
45.6915625,4.6381950378418
45.6948958333333,4.6389102935791
45.6982291666667,4.63962554931641
45.7015625,4.64040040969849
45.7048958333333,4.64123487472534
45.7082291666667,4.6420693397522
45.7115625,4.6430230140686
45.7148958333333,4.64397668838501
45.7182291666667,4.64498996734619
45.7215625,4.64600324630737
45.7248958333333,4.64707612991333
45.7282291666667,4.64808940887451
45.7315625,4.64916229248047
45.7348958333333,4.65023517608643
45.7382291666667,4.65142726898193
45.7415625,4.65261936187744
45.7448958333333,4.65387105941772
45.7482291666667,4.65518236160278
45.7515625,4.65655326843262
45.7548958333333,4.65798377990723
45.7582291666667,4.65935468673706
45.7615625,4.66078519821167
45.7648958333333,4.6621561050415
45.7682291666667,4.66352701187134
45.7715625,4.6648383140564
45.7748958333333,4.66609001159668
45.7782291666667,4.66740131378174
45.7815625,4.6687126159668
45.7848958333333,4.67014312744141
45.7882291666667,4.67175245285034
45.7915625,4.67365980148315
45.7948958333333,4.67586517333984
45.7982291666667,4.67866659164429
45.8015625,4.68224287033081
45.8048958333333,4.68689203262329
45.8082291666667,4.69297170639038
45.8115625,4.70113754272461
45.8148958333333,4.71192598342896
45.8182291666667,4.72629070281982
45.8215625,4.7452449798584
45.8248958333333,4.77015972137451
45.8282291666667,4.80270385742188
45.8315625,4.84460592269897
45.8348958333333,4.89825010299683
45.8382291666667,4.96602058410645
45.8415625,5.05077838897705
45.8448958333333,5.15562295913696
45.8482291666667,5.28377294540405
45.8515625,5.43862581253052
45.8548958333333,5.62340021133423
45.8582291666667,5.84137439727783
45.8615625,6.09517097473145
45.8648958333333,6.38711452484131
45.8682291666667,6.71851634979248
45.8715625,7.08979368209839
45.8748958333333,7.50011205673218
45.8782291666667,7.94714689254761
45.8815625,8.4272027015686
45.8848958333333,8.93491506576538
45.8882291666667,9.46331024169922
45.8915625,10.0040435791016
45.8948958333333,10.5473399162292
45.8982291666667,11.0825896263123
45.9015625,11.5982294082642
45.9048958333333,12.082576751709
45.9082291666667,12.5241875648499
45.9115625,12.9120945930481
45.9148958333333,13.2364630699158
45.9182291666667,13.4890675544739
45.9215625,13.6634111404419
45.9248958333333,13.755202293396
45.9282291666667,13.7625336647034
45.9315625,13.6857628822327
45.9348958333333,13.5276913642883
45.9382291666667,13.2933855056763
45.9415625,12.9896402359009
45.9448958333333,12.6250386238098
45.9482291666667,12.2093558311462
45.9515625,11.7531418800354
45.9548958333333,11.2673044204712
45.9582291666667,10.7627511024475
45.9615625,10.2498531341553
45.9648958333333,9.73838567733765
45.9682291666667,9.23693180084229
45.9715625,8.75294208526611
45.9748958333333,8.29249620437622
45.9782291666667,7.86042213439941
45.9815625,7.46011734008789
45.9848958333333,7.09360837936401
45.9882291666667,6.76196813583374
45.9915625,6.46519660949707
45.9948958333333,6.2023401260376
45.9982291666667,5.97190856933594
46.0015625,5.77187538146973
46.0048958333333,5.59985637664795
46.0082291666667,5.45316934585571
46.0115625,5.32925128936768
46.0148958333333,5.22536039352417
46.0182291666667,5.13893365859985
46.0215625,5.06758689880371
46.0248958333333,5.00905513763428
46.0282291666667,4.96143102645874
46.0315625,4.92286682128906
46.0348958333333,4.89187240600586
46.0382291666667,4.86701726913452
46.0415625,4.84722852706909
46.0448958333333,4.83149290084839
46.0482291666667,4.81903553009033
46.0515625,4.80920076370239
46.0548958333333,4.80139255523682
46.0582291666667,4.79519367218018
46.0615625,4.79024648666382
46.0648958333333,4.78631258010864
46.0682291666667,4.78321313858032
46.0715625,4.78076934814453
46.0748958333333,4.77886199951172
46.0782291666667,4.77749109268188
46.0815625,4.7764778137207
46.0848958333333,4.77588176727295
46.0882291666667,4.7755241394043
46.0915625,4.77546453475952
46.0948958333333,4.77558374404907
46.0982291666667,4.77588176727295
46.1015625,4.77629899978638
46.1048958333333,4.7767162322998
46.1082291666667,4.77725267410278
46.1115625,4.77790832519531
46.1148958333333,4.77856397628784
46.1182291666667,4.77927923202515
46.1215625,4.780113697052
46.1248958333333,4.78094816207886
46.1282291666667,4.78178262710571
46.1315625,4.78261709213257
46.1348958333333,4.78345155715942
46.1382291666667,4.7842264175415
46.1415625,4.78494167327881
46.1448958333333,4.78559732437134
46.1482291666667,4.78619337081909
46.1515625,4.78672981262207
46.1548958333333,4.78726625442505
46.1582291666667,4.78780269622803
46.1615625,4.78833913803101
46.1648958333333,4.78887557983398
46.1682291666667,4.78947162628174
46.1715625,4.79006767272949
46.1748958333333,4.79066371917725
46.1782291666667,4.79120016098022
46.1815625,4.7917366027832
46.1848958333333,4.79227304458618
46.1882291666667,4.79274988174438
46.1915625,4.79322671890259
46.1948958333333,4.79364395141602
46.1982291666667,4.79400157928467
46.2015625,4.79435920715332
46.2048958333333,4.7946572303772
46.2082291666667,4.7948956489563
46.2115625,4.79501485824585
46.2148958333333,4.7951340675354
46.2182291666667,4.7951340675354
46.2215625,4.7951340675354
46.2248958333333,4.79507446289063
46.2282291666667,4.79501485824585
46.2315625,4.7948956489563
46.2348958333333,4.79483604431152
46.2382291666667,4.79477643966675
46.2415625,4.79471683502197
46.2448958333333,4.7946572303772
46.2482291666667,4.7946572303772
46.2515625,4.79459762573242
46.2548958333333,4.79453802108765
46.2582291666667,4.79447841644287
46.2615625,4.7944188117981
46.2648958333333,4.79435920715332
46.2682291666667,4.79429960250854
46.2715625,4.79429960250854
46.2748958333333,4.79423999786377
46.2782291666667,4.79423999786377
46.2815625,4.79423999786377
46.2848958333333,4.79418039321899
46.2882291666667,4.79418039321899
46.2915625,4.79418039321899
46.2948958333333,4.79418039321899
46.2982291666667,4.79412078857422
46.3015625,4.79406118392944
46.3048958333333,4.79394197463989
46.3082291666667,4.79388236999512
46.3115625,4.79370355606079
46.3148958333333,4.79352474212646
46.3182291666667,4.79334592819214
46.3215625,4.79310750961304
46.3248958333333,4.79280948638916
46.3282291666667,4.79251146316528
46.3315625,4.79221343994141
46.3348958333333,4.79191541671753
46.3382291666667,4.79161739349365
46.3415625,4.79137897491455
46.3448958333333,4.79114055633545
46.3482291666667,4.79090213775635
46.3515625,4.79066371917725
46.3548958333333,4.7905445098877
46.3582291666667,4.79042530059814
46.3615625,4.79036569595337
46.3648958333333,4.79030609130859
46.3682291666667,4.79024648666382
46.3715625,4.79024648666382
46.3748958333333,4.79024648666382
46.3782291666667,4.79024648666382
46.3815625,4.79024648666382
46.3848958333333,4.79030609130859
46.3882291666667,4.79042530059814
46.3915625,4.7905445098877
46.3948958333333,4.79066371917725
46.3982291666667,4.7907829284668
46.4015625,4.79096174240112
46.4048958333333,4.79108095169067
46.4082291666667,4.791259765625
46.4115625,4.79131937026978
46.4148958333333,4.79131937026978
46.4182291666667,4.791259765625
46.4215625,4.79120016098022
46.4248958333333,4.7910213470459
46.4282291666667,4.7907829284668
46.4315625,4.7905445098877
46.4348958333333,4.79030609130859
46.4382291666667,4.79012727737427
46.4415625,4.78994846343994
46.4448958333333,4.78982925415039
46.4482291666667,4.78971004486084
46.4515625,4.78976964950562
46.4548958333333,4.78982925415039
46.4582291666667,4.78994846343994
46.4615625,4.79006767272949
46.4648958333333,4.79024648666382
46.4682291666667,4.79042530059814
46.4715625,4.79060411453247
46.4748958333333,4.7907829284668
46.4782291666667,4.79090213775635
46.4815625,4.7910213470459
46.4848958333333,4.79114055633545
46.4882291666667,4.79131937026978
46.4915625,4.7914981842041
46.4948958333333,4.7917366027832
46.4982291666667,4.79203462600708
46.5015625,4.79239225387573
46.5048958333333,4.79274988174438
46.5082291666667,4.79316711425781
46.5115625,4.79358434677124
46.5148958333333,4.79406118392944
46.5182291666667,4.79459762573242
46.5215625,4.79507446289063
46.5248958333333,4.79567050933838
46.5282291666667,4.79626655578613
46.5315625,4.79692220687866
46.5348958333333,4.79763746261597
46.5382291666667,4.79835271835327
46.5415625,4.79912757873535
46.5448958333333,4.80002164840698
46.5482291666667,4.80091571807861
46.5515625,4.80180978775024
46.5548958333333,4.80276346206665
46.5582291666667,4.80377674102783
46.5615625,4.80479001998901
46.5648958333333,4.8058032989502
46.5682291666667,4.80693578720093
46.5715625,4.80806827545166
46.5748958333333,4.80926036834717
46.5782291666667,4.81045246124268
46.5815625,4.81164455413818
46.5848958333333,4.81289625167847
46.5882291666667,4.81408834457397
46.5915625,4.81528043746948
46.5948958333333,4.81647253036499
46.5982291666667,4.81754541397095
46.6015625,4.8186182975769
46.6048958333333,4.81963157653809
46.6082291666667,4.82070446014404
46.6115625,4.82177734375
46.6148958333333,4.82296943664551
46.6182291666667,4.82422113418579
46.6215625,4.82559204101563
46.6248958333333,4.82708215713501
46.6282291666667,4.82869148254395
46.6315625,4.83036041259766
46.6348958333333,4.83202934265137
46.6382291666667,4.83375787734985
46.6415625,4.83542680740356
46.6448958333333,4.83709573745728
46.6482291666667,4.83864545822144
46.6515625,4.8401951789856
46.6548958333333,4.84168529510498
46.6582291666667,4.84311580657959
46.6615625,4.84460592269897
46.6648958333333,4.84609603881836
46.6682291666667,4.84770536422729
46.6715625,4.84931468963623
46.6748958333333,4.85098361968994
46.6782291666667,4.85271215438843
46.6815625,4.85450029373169
46.6848958333333,4.85622882843018
46.6882291666667,4.85795736312866
46.6915625,4.85962629318237
46.6948958333333,4.86123561859131
46.6982291666667,4.86266613006592
46.7015625,4.86403703689575
46.7048958333333,4.86528873443604
46.7082291666667,4.86630201339722
46.7115625,4.86719608306885
46.7148958333333,4.8677921295166
46.7182291666667,4.86820936203003
46.7215625,4.86844778060913
46.7248958333333,4.86838817596436
46.7282291666667,4.86814975738525
46.7315625,4.86767292022705
46.7348958333333,4.86713647842407
46.7382291666667,4.86642122268677
46.7415625,4.86564636230469
46.7448958333333,4.86487150192261
46.7482291666667,4.86403703689575
46.7515625,4.8632025718689
46.7548958333333,4.86242771148682
46.7582291666667,4.86171245574951
46.7615625,4.86117601394653
46.7648958333333,4.86069917678833
46.7682291666667,4.86034154891968
46.7715625,4.86010313034058
46.7748958333333,4.8600435256958
46.7782291666667,4.86016273498535
46.7815625,4.86034154891968
46.7848958333333,4.86069917678833
46.7882291666667,4.86111640930176
46.7915625,4.86165285110474
46.7948958333333,4.86218929290771
46.7982291666667,4.86272573471069
46.8015625,4.86332178115845
46.8048958333333,4.86385822296143
46.8082291666667,4.8643946647644
46.8115625,4.86493110656738
46.8148958333333,4.86546754837036
46.8182291666667,4.86594438552856
46.8215625,4.86636161804199
46.8248958333333,4.86677885055542
46.8282291666667,4.86713647842407
46.8315625,4.86749410629272
46.8348958333333,4.8677921295166
46.8382291666667,4.8680305480957
46.8415625,4.86820936203003
46.8448958333333,4.86838817596436
46.8482291666667,4.86856698989868
46.8515625,4.86868619918823
46.8548958333333,4.86886501312256
46.8582291666667,4.86910343170166
46.8615625,4.86934185028076
46.8648958333333,4.86969947814941
46.8682291666667,4.87011671066284
46.8715625,4.87059354782104
46.8748958333333,4.87124919891357
46.8782291666667,4.87196445465088
46.8815625,4.87273931503296
46.8848958333333,4.87363338470459
46.8882291666667,4.87452745437622
46.8915625,4.8755407333374
46.8948958333333,4.87655401229858
46.8982291666667,4.87762689590454
46.9015625,4.87875938415527
46.9048958333333,4.88001108169556
46.9082291666667,4.88144159317017
46.9115625,4.88299131393433
46.9148958333333,4.88471984863281
46.9182291666667,4.8866868019104
46.9215625,4.88883256912231
46.9248958333333,4.89115715026855
46.9282291666667,4.89360094070435
46.9315625,4.89616394042969
46.9348958333333,4.89884614944458
46.9382291666667,4.90158796310425
46.9415625,4.90438938140869
46.9448958333333,4.90725040435791
46.9482291666667,4.91011142730713
46.9515625,4.91303205490112
46.9548958333333,4.91601228713989
46.9582291666667,4.91899251937866
46.9615625,4.92203235626221
46.9648958333333,4.92507219314575
46.9682291666667,4.9281120300293
46.9715625,4.93109226226807
46.9748958333333,4.93413209915161
46.9782291666667,4.93705272674561
46.9815625,4.93991374969482
46.9848958333333,4.94271516799927
46.9882291666667,4.94533777236938
46.9915625,4.94784116744995
46.9948958333333,4.95022535324097
46.9982291666667,4.95237112045288
47.0015625,4.95439767837524
47.0048958333333,4.95624542236328
47.0082291666667,4.95785474777222
47.0115625,4.95922565460205
47.0148958333333,4.96035814285278
47.0182291666667,4.96131181716919
47.0215625,4.96196746826172
47.0248958333333,4.96238470077515
47.0282291666667,4.96262311935425
47.0315625,4.96262311935425
47.0348958333333,4.96244430541992
47.0382291666667,4.96208667755127
47.0415625,4.96160984039307
47.0448958333333,4.96101379394531
47.0482291666667,4.96029853820801
47.0515625,4.95946407318115
47.0548958333333,4.95851039886475
47.0582291666667,4.95743751525879
47.0615625,4.95624542236328
47.0648958333333,4.95493412017822
47.0682291666667,4.95350360870361
47.0715625,4.95201349258423
47.0748958333333,4.95040416717529
47.0782291666667,4.94873523712158
47.0815625,4.94706630706787
47.0848958333333,4.94545698165894
47.0882291666667,4.94378805160522
47.0915625,4.94217872619629
47.0948958333333,4.94056940078735
47.0982291666667,4.93901968002319
47.1015625,4.93741035461426
47.1048958333333,4.93592023849487
47.1082291666667,4.93443012237549
47.1115625,4.9329400062561
47.1148958333333,4.93150949478149
47.1182291666667,4.93019819259644
47.1215625,4.92888689041138
47.1248958333333,4.92763519287109
47.1282291666667,4.92644309997559
47.1315625,4.92525100708008
47.1348958333333,4.92417812347412
47.1382291666667,4.92310523986816
47.1415625,4.92203235626221
47.1448958333333,4.92101907730103
47.1482291666667,4.92000579833984
47.1515625,4.91905212402344
47.1548958333333,4.91815805435181
47.1582291666667,4.91732358932495
47.1615625,4.91660833358765
47.1648958333333,4.91601228713989
47.1682291666667,4.91559505462646
47.1715625,4.91529703140259
47.1748958333333,4.91511821746826
47.1782291666667,4.91517782211304
47.1815625,4.91535663604736
47.1848958333333,4.91571426391602
47.1882291666667,4.91625070571899
47.1915625,4.91684675216675
47.1948958333333,4.91756200790405
47.1982291666667,4.91839647293091
47.2015625,4.91923093795776
47.2048958333333,4.92006540298462
47.2082291666667,4.92089986801147
47.2115625,4.92167472839355
47.2148958333333,4.92244958877563
47.2182291666667,4.92322444915771
47.2215625,4.92388010025024
47.2248958333333,4.92459535598755
47.2282291666667,4.92531061172485
47.2315625,4.92608547210693
47.2348958333333,4.92686033248901
47.2382291666667,4.92775440216064
47.2415625,4.92870807647705
47.2448958333333,4.92972135543823
47.2482291666667,4.93079423904419
47.2515625,4.93192672729492
47.2548958333333,4.93311882019043
47.2582291666667,4.93437051773071
47.2615625,4.93568181991577
47.2648958333333,4.93699312210083
47.2682291666667,4.93836402893066
47.2715625,4.93979454040527
47.2748958333333,4.94122505187988
47.2782291666667,4.94265556335449
47.2815625,4.94402647018433
47.2848958333333,4.94539737701416
47.2882291666667,4.94670867919922
47.2915625,4.94784116744995
47.2948958333333,4.94897365570068
47.2982291666667,4.94992733001709
47.3015625,4.9508810043335
47.3048958333333,4.95171546936035
47.3082291666667,4.95243072509766
47.3115625,4.95320558547974
47.3148958333333,4.95392084121704
47.3182291666667,4.95463609695435
47.3215625,4.95529174804688
47.3248958333333,4.95600700378418
47.3282291666667,4.95672225952148
47.3315625,4.95737791061401
47.3348958333333,4.95797395706177
47.3382291666667,4.95857000350952
47.3415625,4.95904684066772
47.3448958333333,4.95940446853638
47.3482291666667,4.95970249176025
47.3515625,4.96000051498413
47.3548958333333,4.96017932891846
47.3582291666667,4.96035814285278
47.3615625,4.96053695678711
47.3648958333333,4.96065616607666
47.3682291666667,4.96083498001099
47.3715625,4.96095418930054
47.3748958333333,4.96101379394531
47.3782291666667,4.96107339859009
47.3815625,4.96107339859009
47.3848958333333,4.96101379394531
47.3882291666667,4.96089458465576
47.3915625,4.96071577072144
47.3948958333333,4.96053695678711
47.3982291666667,4.96035814285278
47.4015625,4.96023893356323
47.4048958333333,4.96011972427368
47.4082291666667,4.96006011962891
47.4115625,4.96006011962891
47.4148958333333,4.96011972427368
47.4182291666667,4.96029853820801
47.4215625,4.96047735214233
47.4248958333333,4.96077537536621
47.4282291666667,4.96113300323486
47.4315625,4.96155023574829
47.4348958333333,4.96196746826172
47.4382291666667,4.96244430541992
47.4415625,4.96292114257813
47.4448958333333,4.96339797973633
47.4482291666667,4.96393442153931
47.4515625,4.96447086334229
47.4548958333333,4.96500730514526
47.4582291666667,4.96560335159302
47.4615625,4.96619939804077
47.4648958333333,4.96679544448853
47.4682291666667,4.9673318862915
47.4715625,4.96786832809448
47.4748958333333,4.96834516525269
47.4782291666667,4.96876239776611
47.4815625,4.96912002563477
47.4848958333333,4.96941804885864
47.4882291666667,4.96953725814819
47.4915625,4.96965646743774
47.4948958333333,4.96959686279297
47.4982291666667,4.96953725814819
47.5015625,4.96935844421387
47.5048958333333,4.96912002563477
47.5082291666667,4.96888160705566
47.5115625,4.96858358383179
47.5148958333333,4.96834516525269
47.5182291666667,4.96810674667358
47.5215625,4.96792793273926
47.5248958333333,4.96786832809448
47.5282291666667,4.96792793273926
47.5315625,4.96810674667358
47.5348958333333,4.96840476989746
47.5382291666667,4.96882200241089
47.5415625,4.96941804885864
47.5448958333333,4.97019290924072
47.5482291666667,4.97108697891235
47.5515625,4.97204065322876
47.5548958333333,4.97311353683472
47.5582291666667,4.97418642044067
47.5615625,4.97531890869141
47.5648958333333,4.97645139694214
47.5682291666667,4.9775242805481
47.5715625,4.97859716415405
47.5748958333333,4.97961044311523
47.5782291666667,4.98062372207642
47.5815625,4.98157739639282
47.5848958333333,4.98247146606445
47.5882291666667,4.98336553573608
47.5915625,4.98425960540771
47.5948958333333,4.98509407043457
47.5982291666667,4.98586893081665
47.6015625,4.98652458190918
47.6048958333333,4.98718023300171
47.6082291666667,4.98771667480469
47.6115625,4.98819351196289
47.6148958333333,4.98861074447632
47.6182291666667,4.98896837234497
47.6215625,4.98932600021362
47.6248958333333,4.98956441879272
47.6282291666667,4.98980283737183
47.6315625,4.99004125595093
47.6348958333333,4.99027967453003
47.6382291666667,4.99051809310913
47.6415625,4.99075651168823
47.6448958333333,4.99099493026733
47.6482291666667,4.99135255813599
47.6515625,4.99176979064941
47.6548958333333,4.99230623245239
47.6582291666667,4.99296188354492
47.6615625,4.993736743927
47.6648958333333,4.99463081359863
47.6682291666667,4.99558448791504
47.6715625,4.996657371521
47.6748958333333,4.99778985977173
47.6782291666667,4.99898195266724
47.6815625,5.00017404556274
47.6848958333333,5.00136613845825
47.6882291666667,5.00261783599854
47.6915625,5.00380992889404
47.6948958333333,5.00506162643433
47.6982291666667,5.00631332397461
47.7015625,5.00762462615967
47.7048958333333,5.00893592834473
47.7082291666667,5.01024723052979
47.7115625,5.01161813735962
47.7148958333333,5.01292943954468
47.7182291666667,5.01430034637451
47.7215625,5.01567125320435
47.7248958333333,5.0169825553894
47.7282291666667,5.01829385757446
47.7315625,5.01954555511475
47.7348958333333,5.02073764801025
47.7382291666667,5.02192974090576
47.7415625,5.02300262451172
47.7448958333333,5.02395629882813
47.7482291666667,5.02485036849976
47.7515625,5.02568483352661
47.7548958333333,5.02645969390869
47.7582291666667,5.02711534500122
47.7615625,5.02783060073853
47.7648958333333,5.02848625183105
47.7682291666667,5.02914190292358
47.7715625,5.02979755401611
47.7748958333333,5.03051280975342
47.7782291666667,5.0312876701355
47.7815625,5.03212213516235
47.7848958333333,5.03301620483398
47.7882291666667,5.03385066986084
47.7915625,5.03480434417725
47.7948958333333,5.03569841384888
47.7982291666667,5.03665208816528
47.8015625,5.03760576248169
47.8048958333333,5.0385594367981
47.8082291666667,5.0395131111145
47.8115625,5.04040718078613
47.8148958333333,5.04124164581299
47.8182291666667,5.04201650619507
47.8215625,5.04273176193237
47.8248958333333,5.04332780838013
47.8282291666667,5.04386425018311
47.8315625,5.04428148269653
47.8348958333333,5.04463911056519
47.8382291666667,5.04487752914429
47.8415625,5.04511594772339
47.8448958333333,5.04523515701294
47.8482291666667,5.04529476165771
47.8515625,5.04529476165771
47.8548958333333,5.04523515701294
47.8582291666667,5.04511594772339
47.8615625,5.04499673843384
47.8648958333333,5.04481792449951
47.8682291666667,5.04457950592041
47.8715625,5.04434108734131
47.8748958333333,5.04410266876221
47.8782291666667,5.04380464553833
47.8815625,5.04350662231445
47.8848958333333,5.0431489944458
47.8882291666667,5.04285097122192
47.8915625,5.04255294799805
47.8948958333333,5.04225492477417
47.8982291666667,5.04201650619507
47.9015625,5.04183769226074
47.9048958333333,5.04171848297119
47.9082291666667,5.04165887832642
47.9115625,5.04171848297119
47.9148958333333,5.04183769226074
47.9182291666667,5.04195690155029
47.9215625,5.04219532012939
47.9248958333333,5.04237413406372
47.9282291666667,5.04255294799805
47.9315625,5.0426721572876
47.9348958333333,5.04279136657715
47.9382291666667,5.04285097122192
47.9415625,5.0429105758667
47.9448958333333,5.04297018051147
47.9482291666667,5.04297018051147
47.9515625,5.04302978515625
47.9548958333333,5.04302978515625
47.9582291666667,5.04308938980103
47.9615625,5.0431489944458
47.9648958333333,5.0431489944458
47.9682291666667,5.04326820373535
47.9715625,5.04332780838013
47.9748958333333,5.04350662231445
47.9782291666667,5.04368543624878
47.9815625,5.04398345947266
47.9848958333333,5.04434108734131
47.9882291666667,5.04487752914429
47.9915625,5.04547357559204
47.9948958333333,5.04618883132935
47.9982291666667,5.04696369171143
48.0015625,5.04785776138306
48.0048958333333,5.04881143569946
48.0082291666667,5.04982471466064
48.0115625,5.05083799362183
48.0148958333333,5.05179166793823
48.0182291666667,5.05274534225464
48.0215625,5.05363941192627
48.0248958333333,5.05447387695313
48.0282291666667,5.05530834197998
48.0315625,5.05608320236206
48.0348958333333,5.05691766738892
48.0382291666667,5.057692527771
48.0415625,5.05858659744263
48.0448958333333,5.05948066711426
48.0482291666667,5.06049394607544
48.0515625,5.06168603897095
48.0548958333333,5.06293773651123
48.0582291666667,5.06430864334106
48.0615625,5.06585836410522
48.0648958333333,5.06746768951416
48.0682291666667,5.06919622421265
48.0715625,5.07098436355591
48.0748958333333,5.07283210754395
48.0782291666667,5.07462024688721
48.0815625,5.07640838623047
48.0848958333333,5.07813692092896
48.0882291666667,5.07974624633789
48.0915625,5.08129596710205
48.0948958333333,5.08272647857666
48.0982291666667,5.08403778076172
48.1015625,5.085289478302
48.1048958333333,5.08642196655273
48.1082291666667,5.08749485015869
48.1115625,5.08850812911987
48.1148958333333,5.08946180343628
48.1182291666667,5.09047508239746
48.1215625,5.09142875671387
48.1248958333333,5.09244203567505
48.1282291666667,5.09345531463623
48.1315625,5.09452819824219
48.1348958333333,5.09560108184814
48.1382291666667,5.09673357009888
48.1415625,5.09774684906006
48.1448958333333,5.09881973266602
48.1482291666667,5.09971380233765
48.1515625,5.1005482673645
48.1548958333333,5.10126352310181
48.1582291666667,5.10185956954956
48.1615625,5.10233640670776
48.1648958333333,5.10269403457642
48.1682291666667,5.10293245315552
48.1715625,5.10311126708984
48.1748958333333,5.10329008102417
48.1782291666667,5.1034688949585
48.1815625,5.10364770889282
48.1848958333333,5.10382652282715
48.1882291666667,5.10400533676147
48.1915625,5.10424375534058
48.1948958333333,5.10448217391968
48.1982291666667,5.104660987854
48.2015625,5.10483980178833
48.2048958333333,5.10495901107788
48.2082291666667,5.10501861572266
48.2115625,5.10501861572266
48.2148958333333,5.10489940643311
48.2182291666667,5.104660987854
48.2215625,5.10430335998535
48.2248958333333,5.10388612747192
48.2282291666667,5.10340929031372
48.2315625,5.10287284851074
48.2348958333333,5.10227680206299
48.2382291666667,5.10174036026001
48.2415625,5.10126352310181
48.2448958333333,5.10084629058838
48.2482291666667,5.10048866271973
48.2515625,5.10025024414063
48.2548958333333,5.1000714302063
48.2582291666667,5.10001182556152
48.2615625,5.09995222091675
48.2648958333333,5.10001182556152
48.2682291666667,5.10013103485107
48.2715625,5.10025024414063
48.2748958333333,5.10042905807495
48.2782291666667,5.10060787200928
48.2815625,5.10084629058838
48.2848958333333,5.10108470916748
48.2882291666667,5.10132312774658
48.2915625,5.10156154632568
48.2948958333333,5.10185956954956
48.2982291666667,5.10209798812866
48.3015625,5.10227680206299
48.3048958333333,5.10239601135254
48.3082291666667,5.10245561599731
48.3115625,5.10251522064209
48.3148958333333,5.10251522064209
48.3182291666667,5.10251522064209
48.3215625,5.10257482528687
48.3248958333333,5.10275363922119
48.3282291666667,5.10305166244507
48.3315625,5.10352849960327
48.3348958333333,5.1041841506958
48.3382291666667,5.10501861572266
48.3415625,5.10609149932861
48.3448958333333,5.10728359222412
48.3482291666667,5.10865449905396
48.3515625,5.11014461517334
48.3548958333333,5.1116943359375
48.3582291666667,5.11324405670166
48.3615625,5.1148533821106
48.3648958333333,5.11646270751953
48.3682291666667,5.11807203292847
48.3715625,5.1196813583374
48.3748958333333,5.12129068374634
48.3782291666667,5.12290000915527
48.3815625,5.12456893920898
48.3848958333333,5.12629747390747
48.3882291666667,5.12802600860596
48.3915625,5.12975454330444
48.3948958333333,5.13154268264771
48.3982291666667,5.13327121734619
48.4015625,5.1349401473999
48.4048958333333,5.13648986816406
48.4082291666667,5.13797998428345
48.4115625,5.13935089111328
48.4148958333333,5.14060258865356
48.4182291666667,5.14179468154907
48.4215625,5.1429271697998
48.4248958333333,5.14394044876099
48.4282291666667,5.14495372772217
48.4315625,5.14596700668335
48.4348958333333,5.14692068099976
48.4382291666667,5.14793395996094
48.4415625,5.14882802963257
48.4448958333333,5.1497220993042
48.4482291666667,5.15049695968628
48.4515625,5.15127182006836
48.4548958333333,5.15198707580566
48.4582291666667,5.15270233154297
48.4615625,5.1533579826355
48.4648958333333,5.15413284301758
48.4682291666667,5.15490770339966
48.4715625,5.15580177307129
48.4748958333333,5.15681505203247
48.4782291666667,5.15788793563843
48.4815625,5.15902042388916
48.4848958333333,5.16021251678467
48.4882291666667,5.16140460968018
48.4915625,5.16259670257568
48.4948958333333,5.16366958618164
48.4982291666667,5.16468286514282
48.5015625,5.16563653945923
48.5048958333333,5.16641139984131
48.5082291666667,5.16706705093384
48.5115625,5.16766309738159
48.5148958333333,5.16819953918457
48.5182291666667,5.168616771698
48.5215625,5.16903400421143
48.5248958333333,5.1693320274353
48.5282291666667,5.16968965530396
48.5315625,5.16992807388306
48.5348958333333,5.17016649246216
48.5382291666667,5.17034530639648
48.5415625,5.17046451568604
48.5448958333333,5.17052412033081
48.5482291666667,5.17046451568604
48.5515625,5.17028570175171
48.5548958333333,5.17010688781738
48.5582291666667,5.16980886459351
48.5615625,5.16951084136963
48.5648958333333,5.16927242279053
48.5682291666667,5.16897439956665
48.5715625,5.16879558563232
48.5748958333333,5.168616771698
48.5782291666667,5.16849756240845
48.5815625,5.1683783531189
48.5848958333333,5.16831874847412
48.5882291666667,5.16831874847412
48.5915625,5.16831874847412
48.5948958333333,5.16831874847412
48.5982291666667,5.1683783531189
48.6015625,5.16849756240845
48.6048958333333,5.16867637634277
48.6082291666667,5.16891479492188
48.6115625,5.16921281814575
48.6148958333333,5.16951084136963
48.6182291666667,5.16986846923828
48.6215625,5.17028570175171
48.6248958333333,5.17064332962036
48.6282291666667,5.17100095748901
48.6315625,5.17129898071289
48.6348958333333,5.17153739929199
48.6382291666667,5.17177581787109
48.6415625,5.1720142364502
48.6448958333333,5.17219305038452
48.6482291666667,5.17237186431885
48.6515625,5.17261028289795
48.6548958333333,5.17278909683228
48.6582291666667,5.17302751541138
48.6615625,5.17332553863525
48.6648958333333,5.17362356185913
48.6682291666667,5.17404079437256
48.6715625,5.17451763153076
48.6748958333333,5.17499446868896
48.6782291666667,5.17559051513672
48.6815625,5.17624616622925
48.6848958333333,5.17702102661133
48.6882291666667,5.17785549163818
48.6915625,5.17874956130981
48.6948958333333,5.17970323562622
48.6982291666667,5.1807165145874
48.7015625,5.18178939819336
48.7048958333333,5.18298149108887
48.7082291666667,5.18417358398438
48.7115625,5.18536567687988
48.7148958333333,5.18661737442017
48.7182291666667,5.18792867660522
48.7215625,5.18918037414551
48.7248958333333,5.19049167633057
48.7282291666667,5.19174337387085
48.7315625,5.19299507141113
48.7348958333333,5.19424676895142
48.7382291666667,5.1954984664917
48.7415625,5.19675016403198
48.7448958333333,5.19806146621704
48.7482291666667,5.19931316375732
48.7515625,5.20062446594238
48.7548958333333,5.20193576812744
48.7582291666667,5.2032470703125
48.7615625,5.20455837249756
48.7648958333333,5.20586967468262
48.7682291666667,5.20718097686768
48.7715625,5.20849227905273
48.7748958333333,5.20980358123779
48.7782291666667,5.21105527877808
48.7815625,5.21236658096313
48.7848958333333,5.21373748779297
48.7882291666667,5.21504878997803
48.7915625,5.21641969680786
48.7948958333333,5.2177906036377
48.7982291666667,5.21910190582275
48.8015625,5.22047281265259
48.8048958333333,5.22184371948242
48.8082291666667,5.22315502166748
48.8115625,5.22446632385254
48.8148958333333,5.22583723068237
48.8182291666667,5.22714853286743
48.8215625,5.22840023040771
48.8248958333333,5.229651927948
48.8282291666667,5.23090362548828
48.8315625,5.23209571838379
48.8348958333333,5.23316860198975
48.8382291666667,5.23418188095093
48.8415625,5.23507595062256
48.8448958333333,5.23585081100464
48.8482291666667,5.23650646209717
48.8515625,5.23704290390015
48.8548958333333,5.2374005317688
48.8582291666667,5.23775815963745
48.8615625,5.23805618286133
48.8648958333333,5.23829460144043
48.8682291666667,5.23859262466431
48.8715625,5.23889064788818
48.8748958333333,5.23930788040161
48.8782291666667,5.23984432220459
48.8815625,5.24049997329712
48.8848958333333,5.24115562438965
48.8882291666667,5.24193048477173
48.8915625,5.24270534515381
48.8948958333333,5.24342060089111
48.8982291666667,5.24407625198364
48.9015625,5.2446722984314
48.9048958333333,5.24520874023438
48.9082291666667,5.24556636810303
48.9115625,5.2458643913269
48.9148958333333,5.24598360061646
48.9182291666667,5.24604320526123
48.9215625,5.24604320526123
48.9248958333333,5.24592399597168
48.9282291666667,5.24580478668213
48.9315625,5.2456259727478
48.9348958333333,5.2453875541687
48.9382291666667,5.2451491355896
48.9415625,5.24485111236572
48.9448958333333,5.24455308914185
48.9482291666667,5.24431467056274
48.9515625,5.24401664733887
48.9548958333333,5.24371862411499
48.9582291666667,5.24348020553589
48.9615625,5.24318218231201
48.9648958333333,5.24294376373291
48.9682291666667,5.24264574050903
48.9715625,5.24234771728516
48.9748958333333,5.24204969406128
48.9782291666667,5.2417516708374
48.9815625,5.24139404296875
48.9848958333333,5.2410364151001
48.9882291666667,5.24061918258667
48.9915625,5.24008274078369
48.9948958333333,5.23954629898071
48.9982291666667,5.23895025253296
49.0015625,5.23823499679565
49.0048958333333,5.23746013641357
49.0082291666667,5.23668527603149
49.0115625,5.23585081100464
49.0148958333333,5.23507595062256
49.0182291666667,5.23436069488525
49.0215625,5.23370504379272
49.0248958333333,5.23310899734497
49.0282291666667,5.23269176483154
49.0315625,5.23227453231812
49.0348958333333,5.23197650909424
49.0382291666667,5.23167848587036
49.0415625,5.23138046264648
49.0448958333333,5.23108243942261
49.0482291666667,5.23072481155396
49.0515625,5.2303671836853
49.0548958333333,5.23000955581665
49.0582291666667,5.22971153259277
49.0615625,5.22947311401367
49.0648958333333,5.22929430007935
49.0682291666667,5.22923469543457
49.0715625,5.22935390472412
49.0748958333333,5.22959232330322
49.0782291666667,5.22994995117188
49.0815625,5.23042678833008
49.0848958333333,5.23102283477783
49.0882291666667,5.23167848587036
49.0915625,5.23245334625244
49.0948958333333,5.23322820663452
49.0982291666667,5.23406267166138
49.1015625,5.23489713668823
49.1048958333333,5.23579120635986
49.1082291666667,5.23662567138672
49.1115625,5.23751974105835
49.1148958333333,5.23841381072998
49.1182291666667,5.23936748504639
49.1215625,5.24044036865234
49.1248958333333,5.24157285690308
49.1282291666667,5.24282455444336
49.1315625,5.24419546127319
49.1348958333333,5.24568557739258
49.1382291666667,5.24729490280151
49.1415625,5.24896383285522
49.1448958333333,5.25075197219849
49.1482291666667,5.2526593208313
49.1515625,5.25462627410889
49.1548958333333,5.25671243667603
49.1582291666667,5.25879859924316
49.1615625,5.26106357574463
49.1648958333333,5.26332855224609
49.1682291666667,5.26565313339233
49.1715625,5.26809692382813
49.1748958333333,5.27054071426392
49.1782291666667,5.27304410934448
49.1815625,5.27560710906982
49.1848958333333,5.27817010879517
49.1882291666667,5.28079271316528
49.1915625,5.2834153175354
49.1948958333333,5.28609752655029
49.1982291666667,5.28877973556519
49.2015625,5.29152154922485
49.2048958333333,5.29426336288452
49.2082291666667,5.29694557189941
49.2115625,5.29956817626953
49.2148958333333,5.30213117599487
49.2182291666667,5.30463457107544
49.2215625,5.30701875686646
49.2248958333333,5.30922412872314
49.2282291666667,5.31131029129028
49.2315625,5.31327724456787
49.2348958333333,5.31512498855591
49.2382291666667,5.31691312789917
49.2415625,5.31858205795288
49.2448958333333,5.32025098800659
49.2482291666667,5.32180070877075
49.2515625,5.32329082489014
49.2548958333333,5.32472133636475
49.2582291666667,5.32609224319458
49.2615625,5.32740354537964
49.2648958333333,5.32859563827515
49.2682291666667,5.32960891723633
49.2715625,5.33044338226318
49.2748958333333,5.33115863800049
49.2782291666667,5.33169507980347
49.2815625,5.33211231231689
49.2848958333333,5.332350730896
49.2882291666667,5.33246994018555
49.2915625,5.33246994018555
49.2948958333333,5.33246994018555
49.2982291666667,5.33241033554077
49.3015625,5.33241033554077
49.3048958333333,5.33241033554077
49.3082291666667,5.33252954483032
49.3115625,5.33264875411987
49.3148958333333,5.33288717269897
49.3182291666667,5.33312559127808
49.3215625,5.33342361450195
49.3248958333333,5.33378124237061
49.3282291666667,5.33407926559448
49.3315625,5.33437728881836
49.3348958333333,5.33461570739746
49.3382291666667,5.33491373062134
49.3415625,5.33509254455566
49.3448958333333,5.33533096313477
49.3482291666667,5.33550977706909
49.3515625,5.33574819564819
49.3548958333333,5.33592700958252
49.3582291666667,5.3362250328064
49.3615625,5.3364634513855
49.3648958333333,5.33682107925415
49.3682291666667,5.3371787071228
49.3715625,5.33765554428101
49.3748958333333,5.33819198608398
49.3782291666667,5.33878803253174
49.3815625,5.33950328826904
49.3848958333333,5.3403377532959
49.3882291666667,5.3412914276123
49.3915625,5.34236431121826
49.3948958333333,5.34343719482422
49.3982291666667,5.34462928771973
49.4015625,5.34582138061523
49.4048958333333,5.34695386886597
49.4082291666667,5.34814596176147
49.4115625,5.34927845001221
49.4148958333333,5.35041093826294
49.4182291666667,5.35154342651367
49.4215625,5.3526759147644
49.4248958333333,5.35380840301514
49.4282291666667,5.35494089126587
49.4315625,5.35619258880615
49.4348958333333,5.35744428634644
49.4382291666667,5.35875558853149
49.4415625,5.36012649536133
49.4448958333333,5.36143779754639
49.4482291666667,5.36274909973145
49.4515625,5.3640604019165
49.4548958333333,5.36525249481201
49.4582291666667,5.36644458770752
49.4615625,5.3674578666687
49.4648958333333,5.36847114562988
49.4682291666667,5.36936521530151
49.4715625,5.37014007568359
49.4748958333333,5.37079572677612
49.4782291666667,5.37139177322388
49.4815625,5.37186861038208
49.4848958333333,5.37222623825073
49.4882291666667,5.37246465682983
49.4915625,5.37258386611938
49.4948958333333,5.37252426147461
49.4982291666667,5.37240505218506
49.5015625,5.37210702896118
49.5048958333333,5.37168979644775
49.5082291666667,5.37115335464478
49.5115625,5.37055730819702
49.5148958333333,5.36984205245972
49.5182291666667,5.36906719207764
49.5215625,5.36823272705078
49.5248958333333,5.36733865737915
49.5282291666667,5.36638498306274
49.5315625,5.36543130874634
49.5348958333333,5.36447763442993
49.5382291666667,5.36352396011353
49.5415625,5.36262989044189
49.5448958333333,5.36185503005981
49.5482291666667,5.36108016967773
49.5515625,5.36042451858521
49.5548958333333,5.35988807678223
49.5582291666667,5.35935163497925
49.5615625,5.35887479782104
49.5648958333333,5.35845756530762
49.5682291666667,5.35804033279419
49.5715625,5.35762310028076
49.5748958333333,5.35726547241211
49.5782291666667,5.35696744918823
49.5815625,5.35672903060913
49.5848958333333,5.35660982131958
49.5882291666667,5.35660982131958
49.5915625,5.35672903060913
49.5948958333333,5.35696744918823
49.5982291666667,5.35738468170166
49.6015625,5.35780191421509
49.6048958333333,5.35827875137329
49.6082291666667,5.35875558853149
49.6115625,5.35911321640015
49.6148958333333,5.3594708442688
49.6182291666667,5.35964965820313
49.6215625,5.35982847213745
49.6248958333333,5.35988807678223
49.6282291666667,5.35988807678223
49.6315625,5.35988807678223
49.6348958333333,5.35988807678223
49.6382291666667,5.35988807678223
49.6415625,5.36000728607178
49.6448958333333,5.3601861000061
49.6482291666667,5.36048412322998
49.6515625,5.36084175109863
49.6548958333333,5.36119937896729
49.6582291666667,5.36167621612549
49.6615625,5.36227226257324
49.6648958333333,5.362868309021
49.6682291666667,5.3635835647583
49.6715625,5.36435842514038
49.6748958333333,5.36525249481201
49.6782291666667,5.36620616912842
49.6815625,5.36733865737915
49.6848958333333,5.36853075027466
49.6882291666667,5.36990165710449
49.6915625,5.37139177322388
49.6948958333333,5.37288188934326
49.6982291666667,5.37443161010742
49.7015625,5.37598133087158
49.7048958333333,5.37753105163574
49.7082291666667,5.37902116775513
49.7115625,5.38045167922974
49.7148958333333,5.38182258605957
49.7182291666667,5.38313388824463
49.7215625,5.38438558578491
49.7248958333333,5.3856372833252
49.7282291666667,5.38688898086548
49.7315625,5.38808107376099
49.7348958333333,5.38921356201172
49.7382291666667,5.39034605026245
49.7415625,5.39135932922363
49.7448958333333,5.39231300354004
49.7482291666667,5.39314746856689
49.7515625,5.39392232894897
49.7548958333333,5.3945779800415
49.7582291666667,5.39517402648926
49.7615625,5.39571046829224
49.7648958333333,5.39612770080566
49.7682291666667,5.39654493331909
49.7715625,5.39690256118774
49.7748958333333,5.3972601890564
49.7782291666667,5.39755821228027
49.7815625,5.39791584014893
49.7848958333333,5.39827346801758
49.7882291666667,5.39857149124146
49.7915625,5.39898872375488
49.7948958333333,5.39934635162354
49.7982291666667,5.39982318878174
49.8015625,5.40030002593994
49.8048958333333,5.40083646774292
49.8082291666667,5.4013729095459
49.8115625,5.40202856063843
49.8148958333333,5.40268421173096
49.8182291666667,5.40339946746826
49.8215625,5.40417432785034
49.8248958333333,5.40494918823242
49.8282291666667,5.40578365325928
49.8315625,5.40661811828613
49.8348958333333,5.40745258331299
49.8382291666667,5.40822744369507
49.8415625,5.40906190872192
49.8448958333333,5.40977716445923
49.8482291666667,5.41055202484131
49.8515625,5.41126728057861
49.8548958333333,5.41198253631592
49.8582291666667,5.41269779205322
49.8615625,5.4134726524353
49.8648958333333,5.41430711746216
49.8682291666667,5.41520118713379
49.8715625,5.4161548614502
49.8748958333333,5.41722774505615
49.8782291666667,5.41836023330688
49.8815625,5.41955232620239
49.8848958333333,5.42086362838745
49.8882291666667,5.42211532592773
49.8915625,5.42348623275757
49.8948958333333,5.42491674423218
49.8982291666667,5.42634725570679
49.9015625,5.42789697647095
49.9048958333333,5.42944669723511
49.9082291666667,5.43111562728882
49.9115625,5.4328441619873
49.9148958333333,5.43463230133057
49.9182291666667,5.4364800453186
49.9215625,5.43832778930664
49.9248958333333,5.4401159286499
49.9282291666667,5.44184446334839
49.9315625,5.44345378875732
49.9348958333333,5.44494390487671
49.9382291666667,5.44625520706177
49.9415625,5.44744729995728
49.9448958333333,5.44840097427368
49.9482291666667,5.44923543930054
49.9515625,5.44995069503784
49.9548958333333,5.45048713684082
49.9582291666667,5.45096397399902
49.9615625,5.45132160186768
49.9648958333333,5.45156002044678
49.9682291666667,5.45179843902588
49.9715625,5.45191764831543
49.9748958333333,5.45197725296021
49.9782291666667,5.45197725296021
49.9815625,5.45191764831543
49.9848958333333,5.45179843902588
49.9882291666667,5.45156002044678
49.9915625,5.45132160186768
49.9948958333333,5.4510235786438
49.9982291666667,5.45072555541992
50.0015625,5.45036792755127
50.0048958333333,5.45001029968262
50.0082291666667,5.44965267181396
50.0115625,5.44935464859009
50.0148958333333,5.44905662536621
50.0182291666667,5.44881820678711
50.0215625,5.44869899749756
50.0248958333333,5.44869899749756
50.0282291666667,5.44887781143188
50.0315625,5.44923543930054
50.0348958333333,5.44983148574829
50.0382291666667,5.45066595077515
50.0415625,5.4517388343811
50.0448958333333,5.45299053192139
50.0482291666667,5.45448064804077
50.0515625,5.45614957809448
50.0548958333333,5.45793771743774
50.0582291666667,5.45990467071533
50.0615625,5.46187162399292
50.0648958333333,5.46395778656006
50.0682291666667,5.46610355377197
50.0715625,5.46830892562866
50.0748958333333,5.47045469284058
50.0782291666667,5.47266006469727
50.0815625,5.47480583190918
50.0848958333333,5.47689199447632
50.0882291666667,5.47891855239868
50.0915625,5.48094511032104
50.0948958333333,5.48279285430908
50.0982291666667,5.48464059829712
50.1015625,5.48636913299561
50.1048958333333,5.48797845840454
50.1082291666667,5.48946857452393
50.1115625,5.49083948135376
50.1148958333333,5.49209117889404
50.1182291666667,5.4931640625
50.1215625,5.49405813217163
50.1248958333333,5.49477338790894
50.1282291666667,5.49542903900146
50.1315625,5.49590587615967
50.1348958333333,5.4963231086731
50.1382291666667,5.49668073654175
50.1415625,5.49697875976563
50.1448958333333,5.49733638763428
50.1482291666667,5.49763441085815
50.1515625,5.49799203872681
50.1548958333333,5.49834966659546
50.1582291666667,5.49870729446411
50.1615625,5.49912452697754
50.1648958333333,5.49942255020142
50.1682291666667,5.49972057342529
50.1715625,5.50001859664917
50.1748958333333,5.50025701522827
50.1782291666667,5.50049543380737
50.1815625,5.50073385238647
50.1848958333333,5.50097227096558
50.1882291666667,5.50121068954468
50.1915625,5.50150871276855
50.1948958333333,5.50186634063721
50.1982291666667,5.50222396850586
50.2015625,5.50264120101929
50.2048958333333,5.50311803817749
50.2082291666667,5.50359487533569
50.2115625,5.50401210784912
50.2148958333333,5.50442934036255
50.2182291666667,5.50484657287598
50.2215625,5.50520420074463
50.2248958333333,5.50544261932373
50.2282291666667,5.50568103790283
50.2315625,5.50591945648193
50.2348958333333,5.50609827041626
50.2382291666667,5.50627708435059
50.2415625,5.50657510757446
50.2448958333333,5.50699234008789
50.2482291666667,5.50752878189087
50.2515625,5.50824403762817
50.2548958333333,5.5091381072998
50.2582291666667,5.51027059555054
50.2615625,5.51146268844604
50.2648958333333,5.51283359527588
50.2682291666667,5.51426410675049
50.2715625,5.5156946182251
50.2748958333333,5.51706552505493
50.2782291666667,5.51843643188477
50.2815625,5.51974773406982
50.2848958333333,5.52099943161011
50.2882291666667,5.52219152450562
50.2915625,5.52338361740112
50.2948958333333,5.52457571029663
50.2982291666667,5.52576780319214
50.3015625,5.52690029144287
50.3048958333333,5.5280327796936
50.3082291666667,5.52916526794434
50.3115625,5.53017854690552
50.3148958333333,5.53113222122192
50.3182291666667,5.53196668624878
50.3215625,5.53280115127563
50.3248958333333,5.53351640701294
50.3282291666667,5.53429126739502
50.3315625,5.53512573242188
50.3348958333333,5.53596019744873
50.3382291666667,5.53691387176514
50.3415625,5.53792715072632
50.3448958333333,5.53905963897705
50.3482291666667,5.54025173187256
50.3515625,5.54150342941284
50.3548958333333,5.54275512695313
50.3582291666667,5.54406642913818
50.3615625,5.54537773132324
50.3648958333333,5.5466890335083
50.3682291666667,5.54800033569336
50.3715625,5.54931163787842
50.3748958333333,5.55062294006348
50.3782291666667,5.55193424224854
50.3815625,5.55318593978882
50.3848958333333,5.55437803268433
50.3882291666667,5.55545091629028
50.3915625,5.55646419525146
50.3948958333333,5.55729866027832
50.3982291666667,5.55801391601563
50.4015625,5.5585503578186
50.4048958333333,5.55890798568726
50.4082291666667,5.55914640426636
50.4115625,5.55932521820068
50.4148958333333,5.55938482284546
50.4182291666667,5.55944442749023
50.4215625,5.55944442749023
50.4248958333333,5.55944442749023
50.4282291666667,5.55950403213501
50.4315625,5.55956363677979
50.4348958333333,5.55968284606934
50.4382291666667,5.55974245071411
50.4415625,5.55986166000366
50.4448958333333,5.55992126464844
50.4482291666667,5.55998086929321
50.4515625,5.55992126464844
50.4548958333333,5.55986166000366
50.4582291666667,5.55974245071411
50.4615625,5.55956363677979
50.4648958333333,5.55938482284546
50.4682291666667,5.55914640426636
50.4715625,5.55890798568726
50.4748958333333,5.55872917175293
50.4782291666667,5.55849075317383
50.4815625,5.5583119392395
50.4848958333333,5.55819272994995
50.4882291666667,5.5580735206604
50.4915625,5.5580735206604
50.4948958333333,5.5580735206604
50.4982291666667,5.55813312530518
50.5015625,5.55825233459473
50.5048958333333,5.55849075317383
50.5082291666667,5.55872917175293
50.5115625,5.55902719497681
50.5148958333333,5.55938482284546
50.5182291666667,5.55980205535889
50.5215625,5.56027889251709
50.5248958333333,5.56075572967529
50.5282291666667,5.5612325668335
50.5315625,5.5617094039917
50.5348958333333,5.56212663650513
50.5382291666667,5.56254386901855
50.5415625,5.56284189224243
50.5448958333333,5.56313991546631
50.5482291666667,5.56331872940063
50.5515625,5.56349754333496
50.5548958333333,5.56361675262451
50.5582291666667,5.56379556655884
50.5615625,5.56403398513794
50.5648958333333,5.56439161300659
50.5682291666667,5.56486845016479
50.5715625,5.56546449661255
50.5748958333333,5.5662989616394
50.5782291666667,5.56731224060059
50.5815625,5.56850433349609
50.5848958333333,5.56981563568115
50.5882291666667,5.57118654251099
50.5915625,5.57267665863037
50.5948958333333,5.57410717010498
50.5982291666667,5.57547807693481
50.6015625,5.57678937911987
50.6048958333333,5.57798147201538
50.6082291666667,5.57905435562134
50.6115625,5.58000802993774
50.6148958333333,5.58090209960938
50.6182291666667,5.58173656463623
50.6215625,5.58245182037354
50.6248958333333,5.58316707611084
50.6282291666667,5.58388233184814
50.6315625,5.58459758758545
50.6348958333333,5.58531284332275
50.6382291666667,5.58602809906006
50.6415625,5.58686256408691
50.6448958333333,5.58769702911377
50.6482291666667,5.5885910987854
50.6515625,5.58954477310181
50.6548958333333,5.59061765670776
50.6582291666667,5.59180974960327
50.6615625,5.59306144714355
50.6648958333333,5.59437274932861
50.6682291666667,5.59580326080322
50.6715625,5.59729337692261
50.6748958333333,5.59884309768677
50.6782291666667,5.6004524230957
50.6815625,5.60200214385986
50.6848958333333,5.6036114692688
50.6882291666667,5.60516119003296
50.6915625,5.60671091079712
50.6948958333333,5.60814142227173
50.6982291666667,5.60951232910156
50.7015625,5.61076402664185
50.7048958333333,5.61201572418213
50.7082291666667,5.61314821243286
50.7115625,5.61434030532837
50.7148958333333,5.6154727935791
50.7182291666667,5.61660528182983
50.7215625,5.61779737472534
50.7248958333333,5.6191086769104
50.7282291666667,5.62041997909546
50.7315625,5.62179088592529
50.7348958333333,5.62316179275513
50.7382291666667,5.62453269958496
50.7415625,5.62584400177002
50.7448958333333,5.6270956993103
50.7482291666667,5.62822818756104
50.7515625,5.62936067581177
50.7548958333333,5.63037395477295
50.7582291666667,5.63132762908936
50.7615625,5.63216209411621
50.7648958333333,5.63293695449829
50.7682291666667,5.6336522102356
50.7715625,5.63424825668335
50.7748958333333,5.63478469848633
50.7782291666667,5.63526153564453
50.7815625,5.63561916351318
50.7848958333333,5.63591718673706
50.7882291666667,5.63615560531616
50.7915625,5.63633441925049
50.7948958333333,5.63657283782959
50.7982291666667,5.63675165176392
50.8015625,5.63699007034302
50.8048958333333,5.63728809356689
50.8082291666667,5.63770532608032
50.8115625,5.6382417678833
50.8148958333333,5.63895702362061
50.8182291666667,5.63985109329224
50.8215625,5.64098358154297
50.8248958333333,5.64229488372803
50.8282291666667,5.64384460449219
50.8315625,5.64563274383545
50.8348958333333,5.64754009246826
50.8382291666667,5.64956665039063
50.8415625,5.65165281295776
50.8448958333333,5.65379858016968
50.8482291666667,5.65594434738159
50.8515625,5.65809011459351
50.8548958333333,5.66023588180542
50.8582291666667,5.66232204437256
50.8615625,5.66434860229492
50.8648958333333,5.66631555557251
50.8682291666667,5.6682825088501
50.8715625,5.67013025283813
50.8748958333333,5.6719183921814
50.8782291666667,5.67358732223511
50.8815625,5.67513704299927
50.8848958333333,5.6765079498291
50.8882291666667,5.67775964736938
50.8915625,5.67883253097534
50.8948958333333,5.67978620529175
50.8982291666667,5.6806206703186
50.9015625,5.68133592605591
50.9048958333333,5.68193197250366
50.9082291666667,5.68240880966187
50.9115625,5.68276643753052
50.9148958333333,5.68300485610962
50.9182291666667,5.68312406539917
50.9215625,5.68312406539917
50.9248958333333,5.68294525146484
50.9282291666667,5.68264722824097
50.9315625,5.68222999572754
50.9348958333333,5.68163394927979
50.9382291666667,5.68097829818726
50.9415625,5.68026304244995
50.9448958333333,5.67948818206787
50.9482291666667,5.67865371704102
50.9515625,5.67787885665894
50.9548958333333,5.67710399627686
50.9582291666667,5.67638874053955
50.9615625,5.67573308944702
50.9648958333333,5.67513704299927
50.9682291666667,5.67460060119629
50.9715625,5.67412376403809
50.9748958333333,5.67376613616943
50.9782291666667,5.67352771759033
50.9815625,5.67334890365601
50.9848958333333,5.67322969436646
50.9882291666667,5.67317008972168
50.9915625,5.67317008972168
50.9948958333333,5.67322969436646
50.9982291666667,5.67328929901123
51.0015625,5.67334890365601
51.0048958333333,5.67340850830078
51.0082291666667,5.67346811294556
51.0115625,5.67358732223511
51.0148958333333,5.67364692687988
51.0182291666667,5.67376613616943
51.0215625,5.67382574081421
51.0248958333333,5.67394495010376
51.0282291666667,5.67394495010376
51.0315625,5.67394495010376
51.0348958333333,5.67388534545898
51.0382291666667,5.67376613616943
51.0415625,5.67364692687988
51.0448958333333,5.67346811294556
51.0482291666667,5.67328929901123
51.0515625,5.6731104850769
51.0548958333333,5.67293167114258
51.0582291666667,5.67293167114258
51.0615625,5.67305088043213
51.0648958333333,5.67328929901123
51.0682291666667,5.67370653152466
51.0715625,5.67424297332764
51.0748958333333,5.67495822906494
51.0782291666667,5.6757926940918
51.0815625,5.6767463684082
51.0848958333333,5.67775964736938
51.0882291666667,5.67877292633057
51.0915625,5.67978620529175
51.0948958333333,5.68073987960815
51.0982291666667,5.68169355392456
51.1015625,5.68258762359619
51.1048958333333,5.68342208862305
51.1082291666667,5.6842565536499
51.1115625,5.68503141403198
51.1148958333333,5.68586587905884
51.1182291666667,5.68670034408569
51.1215625,5.68759441375732
51.1248958333333,5.68860769271851
51.1282291666667,5.68968057632446
51.1315625,5.6908130645752
51.1348958333333,5.69206476211548
51.1382291666667,5.69343566894531
51.1415625,5.69480657577515
51.1448958333333,5.69617748260498
51.1482291666667,5.69760799407959
51.1515625,5.69897890090942
51.1548958333333,5.70029020309448
51.1582291666667,5.70154190063477
51.1615625,5.70279359817505
51.1648958333333,5.70404529571533
51.1682291666667,5.70523738861084
51.1715625,5.70648908615112
51.1748958333333,5.70774078369141
51.1782291666667,5.70905208587646
51.1815625,5.71036338806152
51.1848958333333,5.71167469024658
51.1882291666667,5.71304559707642
51.1915625,5.71435689926147
51.1948958333333,5.71566820144653
51.1982291666667,5.71691989898682
51.2015625,5.7181715965271
51.2048958333333,5.71936368942261
51.2082291666667,5.72055578231812
51.2115625,5.72168827056885
51.2148958333333,5.72288036346436
51.2182291666667,5.72407245635986
51.2215625,5.72532415390015
51.2248958333333,5.72663545608521
51.2282291666667,5.72794675827026
51.2315625,5.72937726974487
51.2348958333333,5.73086738586426
51.2382291666667,5.73235750198364
51.2415625,5.73384761810303
51.2448958333333,5.73533773422241
51.2482291666667,5.73676824569702
51.2515625,5.73813915252686
51.2548958333333,5.73945045471191
51.2582291666667,5.7407021522522
51.2615625,5.74183464050293
51.2648958333333,5.74284791946411
51.2682291666667,5.74374198913574
51.2715625,5.74451684951782
51.2748958333333,5.74523210525513
51.2782291666667,5.74576854705811
51.2815625,5.74618577957153
51.2848958333333,5.74654340744019
51.2882291666667,5.74684143066406
51.2915625,5.74702024459839
51.2948958333333,5.74719905853271
51.2982291666667,5.74743747711182
51.3015625,5.74773550033569
51.3048958333333,5.74815273284912
51.3082291666667,5.74862957000732
51.3115625,5.74928522109985
51.3148958333333,5.75000047683716
51.3182291666667,5.75083494186401
51.3215625,5.75172901153564
51.3248958333333,5.75268268585205
51.3282291666667,5.75357675552368
51.3315625,5.75447082519531
51.3348958333333,5.75524568557739
51.3382291666667,5.7559609413147
51.3415625,5.75649738311768
51.3448958333333,5.75697422027588
51.3482291666667,5.75733184814453
51.3515625,5.75757026672363
51.3548958333333,5.75774908065796
51.3582291666667,5.75786828994751
51.3615625,5.75798749923706
51.3648958333333,5.75810670852661
51.3682291666667,5.75822591781616
51.3715625,5.75840473175049
51.3748958333333,5.75870275497437
51.3782291666667,5.75906038284302
51.3815625,5.75947761535645
51.3848958333333,5.76001405715942
51.3882291666667,5.76072931289673
51.3915625,5.76150417327881
51.3948958333333,5.76239824295044
51.3982291666667,5.76341152191162
51.4015625,5.76454401016235
51.4048958333333,5.76573610305786
51.4082291666667,5.76704740524292
51.4115625,5.76835870742798
51.4148958333333,5.76972961425781
51.4182291666667,5.77104091644287
51.4215625,5.77229261398315
51.4248958333333,5.77342510223389
51.4282291666667,5.77455759048462
51.4315625,5.77551126480103
51.4348958333333,5.77634572982788
51.4382291666667,5.77706098556519
51.4415625,5.77759742736816
51.4448958333333,5.77801465988159
51.4482291666667,5.77831268310547
51.4515625,5.77849149703979
51.4548958333333,5.77861070632935
51.4582291666667,5.77861070632935
51.4615625,5.77849149703979
51.4648958333333,5.77843189239502
51.4682291666667,5.77831268310547
51.4715625,5.77825307846069
51.4748958333333,5.77825307846069
51.4782291666667,5.77831268310547
51.4815625,5.77849149703979
51.4848958333333,5.77878952026367
51.4882291666667,5.77914714813232
51.4915625,5.77956438064575
51.4948958333333,5.77998161315918
51.4982291666667,5.78045845031738
51.5015625,5.78081607818604
51.5048958333333,5.78111410140991
51.5082291666667,5.78129291534424
51.5115625,5.78135251998901
51.5148958333333,5.78129291534424
51.5182291666667,5.78117370605469
51.5215625,5.78099489212036
51.5248958333333,5.78087568283081
51.5282291666667,5.78075647354126
51.5315625,5.78081607818604
51.5348958333333,5.78093528747559
51.5382291666667,5.78129291534424
51.5415625,5.78182935714722
51.5448958333333,5.78254461288452
51.5482291666667,5.78343868255615
51.5515625,5.78451156616211
51.5548958333333,5.78564405441284
51.5582291666667,5.78689575195313
51.5615625,5.78826665878296
51.5648958333333,5.78975677490234
51.5682291666667,5.7913064956665
51.5715625,5.79297542572021
51.5748958333333,5.7947039604187
51.5782291666667,5.79649209976196
51.5815625,5.79833984375
51.5848958333333,5.80018758773804
51.5882291666667,5.80203533172607
51.5915625,5.80388307571411
51.5948958333333,5.80567121505737
51.5982291666667,5.80734014511108
51.6015625,5.80900907516479
51.6048958333333,5.81061840057373
51.6082291666667,5.81222772598267
51.6115625,5.81389665603638
51.6148958333333,5.81556558609009
51.6182291666667,5.81729412078857
51.6215625,5.81902265548706
51.6248958333333,5.8208703994751
51.6282291666667,5.82277774810791
51.6315625,5.82468509674072
51.6348958333333,5.82671165466309
51.6382291666667,5.82879781723022
51.6415625,5.83094358444214
51.6448958333333,5.8332085609436
51.6482291666667,5.83553314208984
51.6515625,5.83803653717041
51.6548958333333,5.84059953689575
51.6582291666667,5.84328174591064
51.6615625,5.84590435028076
51.6648958333333,5.84852695465088
51.6682291666667,5.85097074508667
51.6715625,5.85329532623291
51.6748958333333,5.85544109344482
51.6782291666667,5.85734844207764
51.6815625,5.85901737213135
51.6848958333333,5.86044788360596
51.6882291666667,5.86163997650146
51.6915625,5.86259365081787
51.6948958333333,5.86336851119995
51.6982291666667,5.86396455764771
51.7015625,5.86438179016113
51.7048958333333,5.86462020874023
51.7082291666667,5.86473941802979
51.7115625,5.86467981338501
51.7148958333333,5.86456060409546
51.7182291666667,5.86432218551636
51.7215625,5.86414337158203
51.7248958333333,5.86390495300293
51.7282291666667,5.86378574371338
51.7315625,5.8637261390686
51.7348958333333,5.8637261390686
51.7382291666667,5.86384534835815
51.7415625,5.86402416229248
51.7448958333333,5.86432218551636
51.7482291666667,5.86462020874023
51.7515625,5.86497783660889
51.7548958333333,5.86527585983276
51.7582291666667,5.86551427841187
51.7615625,5.86575269699097
51.7648958333333,5.86581230163574
51.7682291666667,5.86587190628052
51.7715625,5.86575269699097
51.7748958333333,5.86563348770142
51.7782291666667,5.86533546447754
51.7815625,5.86497783660889
51.7848958333333,5.86462020874023
51.7882291666667,5.86414337158203
51.7915625,5.8637261390686
51.7948958333333,5.8632493019104
51.7982291666667,5.86283206939697
51.8015625,5.86241483688354
51.8048958333333,5.86211681365967
51.8082291666667,5.86181879043579
51.8115625,5.86169958114624
51.8148958333333,5.86163997650146
51.8182291666667,5.86169958114624
51.8215625,5.86187839508057
51.8248958333333,5.86217641830444
51.8282291666667,5.8625340461731
51.8315625,5.86295127868652
51.8348958333333,5.86336851119995
51.8382291666667,5.86384534835815
51.8415625,5.86426258087158
51.8448958333333,5.86462020874023
51.8482291666667,5.86497783660889
51.8515625,5.86527585983276
51.8548958333333,5.86551427841187
51.8582291666667,5.86569309234619
51.8615625,5.86587190628052
51.8648958333333,5.86605072021484
51.8682291666667,5.86628913879395
51.8715625,5.86658716201782
51.8748958333333,5.86700439453125
51.8782291666667,5.867600440979
51.8815625,5.86837530136108
51.8848958333333,5.86932897567749
51.8882291666667,5.87046146392822
51.8915625,5.87189197540283
51.8948958333333,5.87356090545654
51.8982291666667,5.87546825408936
51.9015625,5.87761402130127
51.9048958333333,5.88005781173706
51.9082291666667,5.8826208114624
51.9115625,5.88542222976685
51.9148958333333,5.88828325271606
51.9182291666667,5.89126348495483
51.9215625,5.8942437171936
51.9248958333333,5.8971643447876
51.9282291666667,5.89996576309204
51.9315625,5.90264797210693
51.9348958333333,5.90521097183228
51.9382291666667,5.90753555297852
51.9415625,5.90968132019043
51.9448958333333,5.91158866882324
51.9482291666667,5.91331720352173
51.9515625,5.91486692428589
51.9548958333333,5.91617822647095
51.9582291666667,5.91731071472168
51.9615625,5.91820478439331
51.9648958333333,5.91897964477539
51.9682291666667,5.91957569122314
51.9715625,5.92005252838135
51.9748958333333,5.92041015625
51.9782291666667,5.9206485748291
51.9815625,5.9208869934082
51.9848958333333,5.92100620269775
51.9882291666667,5.92118501663208
51.9915625,5.92124462127686
51.9948958333333,5.92136383056641
51.9982291666667,5.92142343521118
52.0015625,5.92148303985596
52.0048958333333,5.92148303985596
52.0082291666667,5.92148303985596
52.0115625,5.92142343521118
52.0148958333333,5.92130422592163
52.0182291666667,5.9211254119873
52.0215625,5.92094659805298
52.0248958333333,5.9206485748291
52.0282291666667,5.92035055160522
52.0315625,5.92005252838135
52.0348958333333,5.9196949005127
52.0382291666667,5.91939687728882
52.0415625,5.91915845870972
52.0448958333333,5.91897964477539
52.0482291666667,5.91892004013062
52.0515625,5.91897964477539
52.0548958333333,5.91915845870972
52.0582291666667,5.91951608657837
52.0615625,5.91999292373657
52.0648958333333,5.9206485748291
52.0682291666667,5.92142343521118
52.0715625,5.92237710952759
52.0748958333333,5.92344999313354
52.0782291666667,5.92464208602905
52.0815625,5.92595338821411
52.0848958333333,5.92738389968872
52.0882291666667,5.92893362045288
52.0915625,5.93048334121704
52.0948958333333,5.93209266662598
52.0982291666667,5.93370199203491
52.1015625,5.93531131744385
52.1048958333333,5.93686103820801
52.1082291666667,5.93835115432739
52.1115625,5.939781665802
52.1148958333333,5.94115257263184
52.1182291666667,5.94246387481689
52.1215625,5.94371557235718
52.1248958333333,5.94496726989746
52.1282291666667,5.94615936279297
52.1315625,5.94735145568848
52.1348958333333,5.94860315322876
52.1382291666667,5.94979524612427
52.1415625,5.95104694366455
52.1448958333333,5.95229864120483
52.1482291666667,5.95360994338989
52.1515625,5.95492124557495
52.1548958333333,5.95629215240479
52.1582291666667,5.95760345458984
52.1615625,5.95903396606445
52.1648958333333,5.96040487289429
52.1682291666667,5.9618353843689
52.1715625,5.96332550048828
52.1748958333333,5.96487522125244
52.1782291666667,5.96648454666138
52.1815625,5.96809387207031
52.1848958333333,5.96970319747925
52.1882291666667,5.97131252288818
52.1915625,5.97286224365234
52.1948958333333,5.97429275512695
52.1982291666667,5.97572326660156
52.2015625,5.97697496414185
52.2048958333333,5.97810745239258
52.2082291666667,5.97912073135376
52.2115625,5.98001480102539
52.2148958333333,5.98084926605225
52.2182291666667,5.9816837310791
52.2215625,5.98245859146118
52.2248958333333,5.98329305648804
52.2282291666667,5.98418712615967
52.2315625,5.98520040512085
52.2348958333333,5.98633289337158
52.2382291666667,5.98764419555664
52.2415625,5.98901510238647
52.2448958333333,5.99050521850586
52.2482291666667,5.99205493927002
52.2515625,5.99366426467896
52.2548958333333,5.99521398544312
52.2582291666667,5.99676370620728
52.2615625,5.99825382232666
52.2648958333333,5.99962472915649
52.2682291666667,6.00087642669678
52.2715625,6.00206851959229
52.2748958333333,6.00314140319824
52.2782291666667,6.00415468215942
52.2815625,6.00510835647583
52.2848958333333,6.00606203079224
52.2882291666667,6.00689649581909
52.2915625,6.00767135620117
52.2948958333333,6.00844621658325
52.2982291666667,6.00910186767578
52.3015625,6.00969791412354
52.3048958333333,6.01023435592651
52.3082291666667,6.01071119308472
52.3115625,6.01106882095337
52.3148958333333,6.01136684417725
52.3182291666667,6.01166486740112
52.3215625,6.011962890625
52.3248958333333,6.01226091384888
52.3282291666667,6.01261854171753
52.3315625,6.01303577423096
52.3348958333333,6.01351261138916
52.3382291666667,6.01404905319214
52.3415625,6.01458549499512
52.3448958333333,6.01518154144287
52.3482291666667,6.01571798324585
52.3515625,6.01619482040405
52.3548958333333,6.01661205291748
52.3582291666667,6.01691007614136
52.3615625,6.01708889007568
52.3648958333333,6.01714849472046
52.3682291666667,6.01714849472046
52.3715625,6.01714849472046
52.3748958333333,6.01708889007568
52.3782291666667,6.01696968078613
52.3815625,6.01691007614136
52.3848958333333,6.01685047149658
52.3882291666667,6.01679086685181
52.3915625,6.01673126220703
52.3948958333333,6.01661205291748
52.3982291666667,6.01643323898315
52.4015625,6.01619482040405
52.4048958333333,6.01589679718018
52.4082291666667,6.0155987739563
52.4115625,6.01524114608765
52.4148958333333,6.01488351821899
52.4182291666667,6.01458549499512
52.4215625,6.01434707641602
52.4248958333333,6.01422786712646
52.4282291666667,6.01422786712646
52.4315625,6.01434707641602
52.4348958333333,6.01458549499512
52.4382291666667,6.01494312286377
52.4415625,6.01541996002197
52.4448958333333,6.01595640182495
52.4482291666667,6.01649284362793
52.4515625,6.01714849472046
52.4548958333333,6.01780414581299
52.4582291666667,6.01845979690552
52.4615625,6.01911544799805
52.4648958333333,6.01983070373535
52.4682291666667,6.02048635482788
52.4715625,6.02114200592041
52.4748958333333,6.02179765701294
52.4782291666667,6.02251291275024
52.4815625,6.02328777313232
52.4848958333333,6.02418184280396
52.4882291666667,6.02519512176514
52.4915625,6.02638721466064
52.4948958333333,6.02775812149048
52.4982291666667,6.02930784225464
52.5015625,6.0310959815979
52.5048958333333,6.03300333023071
52.5082291666667,6.03502988815308
52.5115625,6.03717565536499
52.5148958333333,6.03938102722168
52.5182291666667,6.04158639907837
52.5215625,6.04379177093506
52.5248958333333,6.04605674743652
52.5282291666667,6.04832172393799
52.5315625,6.05058670043945
52.5348958333333,6.05285167694092
52.5382291666667,6.05511665344238
52.5415625,6.05744123458862
52.5448958333333,6.05970621109009
52.5482291666667,6.06203079223633
52.5515625,6.06423616409302
52.5548958333333,6.06644153594971
52.5582291666667,6.06852769851685
52.5615625,6.07055425643921
52.5648958333333,6.07240200042725
52.5682291666667,6.07413053512573
52.5715625,6.07573986053467
52.5748958333333,6.07722997665405
52.5782291666667,6.07860088348389
52.5815625,6.07991218566895
52.5848958333333,6.08110427856445
52.5882291666667,6.08223676681519
52.5915625,6.08336925506592
52.5948958333333,6.0843825340271
52.5982291666667,6.08545541763306
52.6015625,6.08646869659424
52.6048958333333,6.08748197555542
52.6082291666667,6.08843564987183
52.6115625,6.08932971954346
52.6148958333333,6.09010457992554
52.6182291666667,6.09076023101807
52.6215625,6.09123706817627
52.6248958333333,6.09147548675537
52.6282291666667,6.09153509140015
52.6315625,6.09129667282104
52.6348958333333,6.09087944030762
52.6382291666667,6.09028339385986
52.6415625,6.08950853347778
52.6448958333333,6.08861446380615
52.6482291666667,6.08772039413452
52.6515625,6.08688592910767
52.6548958333333,6.08605146408081
52.6582291666667,6.08527660369873
52.6615625,6.08468055725098
52.6648958333333,6.084144115448
52.6682291666667,6.08372688293457
52.6715625,6.08348846435547
52.6748958333333,6.08336925506592
52.6782291666667,6.08348846435547
52.6815625,6.08378648757935
52.6848958333333,6.08432292938232
52.6882291666667,6.0850977897644
52.6915625,6.08611106872559
52.6948958333333,6.08736276626587
52.6982291666667,6.08885288238525
52.7015625,6.09052181243896
52.7048958333333,6.092369556427
52.7082291666667,6.09427690505981
52.7115625,6.09630346298218
52.7148958333333,6.09827041625977
52.7182291666667,6.10029697418213
52.7215625,6.10220432281494
52.7248958333333,6.10411167144775
52.7282291666667,6.10584020614624
52.7315625,6.10750913619995
52.7348958333333,6.10899925231934
52.7382291666667,6.11037015914917
52.7415625,6.11156225204468
52.7448958333333,6.11263513565063
52.7482291666667,6.11352920532227
52.7515625,6.11430406570435
52.7548958333333,6.11495971679688
52.7582291666667,6.11555576324463
52.7615625,6.11609220504761
52.7648958333333,6.11668825149536
52.7682291666667,6.11722469329834
52.7715625,6.11793994903564
52.7748958333333,6.11871480941772
52.7782291666667,6.11954927444458
52.7815625,6.12056255340576
52.7848958333333,6.12163543701172
52.7882291666667,6.12282752990723
52.7915625,6.12413883209229
52.7948958333333,6.12550973892212
52.7982291666667,6.12694025039673
52.8015625,6.12843036651611
52.8048958333333,6.13003969192505
52.8082291666667,6.13164901733398
52.8115625,6.13325834274292
52.8148958333333,6.13492727279663
52.8182291666667,6.13659620285034
52.8215625,6.13820552825928
52.8248958333333,6.13969564437866
52.8282291666667,6.14112615585327
52.8315625,6.14249706268311
52.8348958333333,6.14368915557861
52.8382291666667,6.14476203918457
52.8415625,6.14577531814575
52.8448958333333,6.14666938781738
52.8482291666667,6.14750385284424
52.8515625,6.14839792251587
52.8548958333333,6.14923238754272
52.8582291666667,6.15006685256958
52.8615625,6.15096092224121
52.8648958333333,6.15197420120239
52.8682291666667,6.15304708480835
52.8715625,6.15417957305908
52.8748958333333,6.15537166595459
52.8782291666667,6.15662336349487
52.8815625,6.15799427032471
52.8848958333333,6.15942478179932
52.8882291666667,6.1609148979187
52.8915625,6.16252422332764
52.8948958333333,6.16413354873657
52.8982291666667,6.16580247879028
52.9015625,6.16747140884399
52.9048958333333,6.16919994354248
52.9082291666667,6.17092847824097
52.9115625,6.17265701293945
52.9148958333333,6.17432594299316
52.9182291666667,6.1759352684021
52.9215625,6.17742538452148
52.9248958333333,6.17885589599609
52.9282291666667,6.18010759353638
52.9315625,6.18124008178711
52.9348958333333,6.18219375610352
52.9382291666667,6.1829686164856
52.9415625,6.18362426757813
52.9448958333333,6.18410110473633
52.9482291666667,6.18439912796021
52.9515625,6.18457794189453
52.9548958333333,6.18469715118408
52.9582291666667,6.18463754653931
52.9615625,6.18457794189453
52.9648958333333,6.18445873260498
52.9682291666667,6.18433952331543
52.9715625,6.18422031402588
52.9748958333333,6.1841607093811
52.9782291666667,6.18404150009155
52.9815625,6.18398189544678
52.9848958333333,6.183922290802
52.9882291666667,6.18386268615723
52.9915625,6.18380308151245
52.9948958333333,6.1836838722229
52.9982291666667,6.18362426757813
53.0015625,6.1834454536438
53.0048958333333,6.18332624435425
53.0082291666667,6.1832070350647
53.0115625,6.18302822113037
53.0148958333333,6.18290901184082
53.0182291666667,6.18267059326172
53.0215625,6.18243217468262
53.0248958333333,6.18213415145874
53.0282291666667,6.18171691894531
53.0315625,6.18129968643188
53.0348958333333,6.18082284927368
53.0382291666667,6.18034601211548
53.0415625,6.17986917495728
53.0448958333333,6.17951154708862
53.0482291666667,6.17921352386475
53.0515625,6.1790943145752
53.0548958333333,6.17921352386475
53.0582291666667,6.17963075637817
53.0615625,6.18022680282593
53.0648958333333,6.18106126785278
53.0682291666667,6.18207454681396
53.0715625,6.18332624435425
53.0748958333333,6.18469715118408
53.0782291666667,6.18618726730347
53.0815625,6.1877965927124
53.0848958333333,6.18952512741089
53.0882291666667,6.19125366210938
53.0915625,6.19304180145264
53.0948958333333,6.19494915008545
53.0982291666667,6.19685649871826
53.1015625,6.19876384735107
53.1048958333333,6.20073080062866
53.1082291666667,6.20269775390625
53.1115625,6.20460510253906
53.1148958333333,6.20651245117188
53.1182291666667,6.20841979980469
53.1215625,6.21020793914795
53.1248958333333,6.21199607849121
53.1282291666667,6.2137246131897
53.1315625,6.21545314788818
53.1348958333333,6.21712207794189
53.1382291666667,6.21873140335083
53.1415625,6.22034072875977
53.1448958333333,6.22189044952393
53.1482291666667,6.22338056564331
53.1515625,6.22493028640747
53.1548958333333,6.22642040252686
53.1582291666667,6.22791051864624
53.1615625,6.2294602394104
53.1648958333333,6.23106956481934
53.1682291666667,6.23273849487305
53.1715625,6.23440742492676
53.1748958333333,6.23607635498047
53.1782291666667,6.23780488967896
53.1815625,6.23947381973267
53.1848958333333,6.24102354049683
53.1882291666667,6.24257326126099
53.1915625,6.24394416809082
53.1948958333333,6.24525547027588
53.1982291666667,6.24638795852661
53.2015625,6.24746084213257
53.2048958333333,6.24841451644897
53.2082291666667,6.24930858612061
53.2115625,6.25014305114746
53.2148958333333,6.25085830688477
53.2182291666667,6.25157356262207
53.2215625,6.25216960906982
53.2248958333333,6.2527060508728
53.2282291666667,6.25318288803101
53.2315625,6.25360012054443
53.2348958333333,6.25407695770264
53.2382291666667,6.25449419021606
53.2415625,6.25497102737427
53.2448958333333,6.25550746917725
53.2482291666667,6.25622272491455
53.2515625,6.25705718994141
53.2548958333333,6.25813007354736
53.2582291666667,6.25944137573242
53.2615625,6.26093149185181
53.2648958333333,6.26260042190552
53.2682291666667,6.26438856124878
53.2715625,6.26629590988159
53.2748958333333,6.26826286315918
53.2782291666667,6.27022981643677
53.2815625,6.2720775604248
53.2848958333333,6.27374649047852
53.2882291666667,6.2752366065979
53.2915625,6.27648830413818
53.2948958333333,6.27756118774414
53.2982291666667,6.278395652771
53.3015625,6.27905130386353
53.3048958333333,6.27952814102173
53.3082291666667,6.27988576889038
53.3115625,6.28018379211426
53.3148958333333,6.28036260604858
53.3182291666667,6.28054141998291
53.3215625,6.28072023391724
53.3248958333333,6.28083944320679
53.3282291666667,6.28107786178589
53.3315625,6.28131628036499
53.3348958333333,6.28167390823364
53.3382291666667,6.28203153610229
53.3415625,6.28256797790527
53.3448958333333,6.28310441970825
53.3482291666667,6.28381967544556
53.3515625,6.28465414047241
53.3548958333333,6.28560781478882
53.3582291666667,6.28656148910522
53.3615625,6.28763437271118
53.3648958333333,6.28864765167236
53.3682291666667,6.28966093063354
53.3715625,6.29067420959473
53.3748958333333,6.29162788391113
53.3782291666667,6.29246234893799
53.3815625,6.29329681396484
53.3848958333333,6.29407167434692
53.3882291666667,6.29478693008423
53.3915625,6.29550218582153
53.3948958333333,6.29627704620361
53.3982291666667,6.29711151123047
53.4015625,6.29794597625732
53.4048958333333,6.29878044128418
53.4082291666667,6.29967451095581
53.4115625,6.30062818527222
53.4148958333333,6.30158185958862
53.4182291666667,6.30247592926025
53.4215625,6.30342960357666
53.4248958333333,6.30438327789307
53.4282291666667,6.30533695220947
53.4315625,6.30635023117065
53.4348958333333,6.30748271942139
53.4382291666667,6.30873441696167
53.4415625,6.3101053237915
53.4448958333333,6.31159543991089
53.4482291666667,6.31320476531982
53.4515625,6.31487369537354
53.4548958333333,6.31672143936157
53.4582291666667,6.31862878799438
53.4615625,6.3205361366272
53.4648958333333,6.32250308990479
53.4682291666667,6.32447004318237
53.4715625,6.32649660110474
53.4748958333333,6.32846355438232
53.4782291666667,6.33037090301514
53.4815625,6.33221864700317
53.4848958333333,6.33394718170166
53.4882291666667,6.33561611175537
53.4915625,6.33710622787476
53.4948958333333,6.33835792541504
53.4982291666667,6.339430809021
53.5015625,6.34032487869263
53.5048958333333,6.34104013442993
53.5082291666667,6.34151697158813
53.5115625,6.34187459945679
53.5148958333333,6.34217262268066
53.5182291666667,6.34229183197021
53.5215625,6.34247064590454
53.5248958333333,6.34258985519409
53.5282291666667,6.34276866912842
53.5315625,6.34300708770752
53.5348958333333,6.34336471557617
53.5382291666667,6.3437819480896
53.5415625,6.34437799453735
53.5448958333333,6.34509325027466
53.5482291666667,6.34592771530151
53.5515625,6.34688138961792
53.5548958333333,6.3478946685791
53.5582291666667,6.34902715682983
53.5615625,6.35021924972534
53.5648958333333,6.35135173797607
53.5682291666667,6.35254383087158
53.5715625,6.35361671447754
53.5748958333333,6.3546895980835
53.5782291666667,6.3556432723999
53.5815625,6.35647773742676
53.5848958333333,6.35725259780884
53.5882291666667,6.35784864425659
53.5915625,6.35826587677002
53.5948958333333,6.35862350463867
53.5982291666667,6.358802318573
53.6015625,6.35886192321777
53.6048958333333,6.358802318573
53.6082291666667,6.35862350463867
53.6115625,6.35838508605957
53.6148958333333,6.35814666748047
53.6182291666667,6.35790824890137
53.6215625,6.35766983032227
53.6248958333333,6.35755062103271
53.6282291666667,6.35749101638794
53.6315625,6.35749101638794
53.6348958333333,6.35766983032227
53.6382291666667,6.35796785354614
53.6415625,6.35844469070435
53.6448958333333,6.35910034179688
53.6482291666667,6.35993480682373
53.6515625,6.36100769042969
53.6548958333333,6.3621997833252
53.6582291666667,6.36368989944458
53.6615625,6.36529922485352
53.6648958333333,6.36714696884155
53.6682291666667,6.36911392211914
53.6715625,6.37120008468628
53.6748958333333,6.37334585189819
53.6782291666667,6.37549161911011
53.6815625,6.37757778167725
53.6848958333333,6.37960433959961
53.6882291666667,6.38145208358765
53.6915625,6.38312101364136
53.6948958333333,6.38455152511597
53.6982291666667,6.38574361801147
53.7015625,6.38675689697266
53.7048958333333,6.38747215270996
53.7082291666667,6.38800859451294
53.7115625,6.38836622238159
53.7148958333333,6.38860464096069
53.7182291666667,6.38878345489502
53.7215625,6.38884305953979
53.7248958333333,6.38896226882935
53.7282291666667,6.3890814781189
53.7315625,6.38926029205322
53.7348958333333,6.38943910598755
53.7382291666667,6.38973712921143
53.7415625,6.39015436172485
53.7448958333333,6.39069080352783
53.7482291666667,6.39134645462036
53.7515625,6.39218091964722
53.7548958333333,6.3931941986084
53.7582291666667,6.39438629150391
53.7615625,6.39581680297852
53.7648958333333,6.39742612838745
53.7682291666667,6.39921426773071
53.7715625,6.4011812210083
53.7748958333333,6.40326738357544
53.7782291666667,6.40541315078735
53.7815625,6.40761852264404
53.7848958333333,6.40970468521118
53.7882291666667,6.41173124313354
53.7915625,6.41363859176636
53.7948958333333,6.41542673110962
53.7982291666667,6.41703605651855
53.8015625,6.41852617263794
53.8048958333333,6.41989707946777
53.8082291666667,6.42120838165283
53.8115625,6.42240047454834
53.8148958333333,6.42359256744385
53.8182291666667,6.4246654510498
53.8215625,6.42573833465576
53.8248958333333,6.42681121826172
53.8282291666667,6.4278244972229
53.8315625,6.42883777618408
53.8348958333333,6.42979145050049
53.8382291666667,6.43068552017212
53.8415625,6.43163919448853
53.8448958333333,6.43259286880493
53.8482291666667,6.43360614776611
53.8515625,6.43467903137207
53.8548958333333,6.43587112426758
53.8582291666667,6.43706321716309
53.8615625,6.43831491470337
53.8648958333333,6.4396858215332
53.8682291666667,6.44099712371826
53.8715625,6.4423680305481
53.8748958333333,6.44361972808838
53.8782291666667,6.44481182098389
53.8815625,6.44588470458984
53.8848958333333,6.44683837890625
53.8882291666667,6.44761323928833
53.8915625,6.44820928573608
53.8948958333333,6.44862651824951
53.8982291666667,6.44886493682861
53.9015625,6.44886493682861
53.9048958333333,6.44868612289429
53.9082291666667,6.44826889038086
53.9115625,6.44773244857788
53.9148958333333,6.44701719284058
53.9182291666667,6.44618272781372
53.9215625,6.44528865814209
53.9248958333333,6.44427537918091
53.9282291666667,6.44326210021973
53.9315625,6.44224882125854
53.9348958333333,6.44129514694214
53.9382291666667,6.44034147262573
53.9415625,6.43950700759888
53.9448958333333,6.43885135650635
53.9482291666667,6.43825531005859
53.9515625,6.43783807754517
53.9548958333333,6.43759965896606
53.9582291666667,6.43754005432129
53.9615625,6.43765926361084
53.9648958333333,6.43807649612427
53.9682291666667,6.4387321472168
53.9715625,6.43962621688843
53.9748958333333,6.44075870513916
53.9782291666667,6.44212961196899
53.9815625,6.44373893737793
53.9848958333333,6.44546747207642
53.9882291666667,6.44737482070923
53.9915625,6.44928216934204
53.9948958333333,6.45118951797485
53.9982291666667,6.45309686660767
54.0015625,6.4549446105957
54.0048958333333,6.45673274993896
54.0082291666667,6.45840167999268
54.0115625,6.46001100540161
54.0148958333333,6.461501121521
54.0182291666667,6.46293163299561
54.0215625,6.46424293518066
54.0248958333333,6.46543502807617
54.0282291666667,6.46650791168213
54.0315625,6.46752119064331
54.0348958333333,6.46841526031494
54.0382291666667,6.4692497253418
54.0415625,6.47008419036865
54.0448958333333,6.47097826004028
54.0482291666667,6.47187232971191
54.0515625,6.47282600402832
54.0548958333333,6.47389888763428
54.0582291666667,6.47509098052979
54.0615625,6.47640228271484
54.0648958333333,6.47783279418945
54.0682291666667,6.47932291030884
54.0715625,6.480872631073
54.0748958333333,6.48254156112671
54.0782291666667,6.48415088653564
54.0815625,6.48581981658936
54.0848958333333,6.48742914199829
54.0882291666667,6.48903846740723
54.0915625,6.49058818817139
54.0948958333333,6.492018699646
54.0982291666667,6.49338960647583
54.1015625,6.49452209472656
54.1048958333333,6.49559497833252
54.1082291666667,6.49642944335938
54.1115625,6.4970850944519
54.1148958333333,6.49762153625488
54.1182291666667,6.49797916412354
54.1215625,6.49833679199219
54.1248958333333,6.49863481521606
54.1282291666667,6.49893283843994
54.1315625,6.49929046630859
54.1348958333333,6.49982690811157
54.1382291666667,6.50054216384888
54.1415625,6.50143623352051
54.1448958333333,6.50256872177124
54.1482291666667,6.50399923324585
54.1515625,6.50566816329956
54.1548958333333,6.50757551193237
54.1582291666667,6.50972127914429
54.1615625,6.51198625564575
54.1648958333333,6.51443004608154
54.1682291666667,6.51699304580688
54.1715625,6.51955604553223
54.1748958333333,6.52217864990234
54.1782291666667,6.52474164962769
54.1815625,6.5273642539978
54.1848958333333,6.52992725372314
54.1882291666667,6.53243064880371
54.1915625,6.53493404388428
54.1948958333333,6.53737783432007
54.1982291666667,6.53982162475586
54.2015625,6.54220581054688
54.2048958333333,6.54447078704834
54.2082291666667,6.54661655426025
54.2115625,6.54858350753784
54.2148958333333,6.55043125152588
54.2182291666667,6.55204057693481
54.2215625,6.55347108840942
54.2248958333333,6.55466318130493
54.2282291666667,6.55567646026611
54.2315625,6.55651092529297
54.2348958333333,6.55722618103027
54.2382291666667,6.55782222747803
54.2415625,6.55829906463623
54.2448958333333,6.55871629714966
54.2482291666667,6.55907392501831
54.2515625,6.55949115753174
54.2548958333333,6.55984878540039
54.2582291666667,6.56026601791382
54.2615625,6.5608024597168
54.2648958333333,6.56133890151978
54.2682291666667,6.5619945526123
54.2715625,6.56276941299438
54.2748958333333,6.56366348266602
54.2782291666667,6.5646767616272
54.2815625,6.56580924987793
54.2848958333333,6.56700134277344
54.2882291666667,6.5683126449585
54.2915625,6.56974315643311
54.2948958333333,6.57117366790771
54.2982291666667,6.5726637840271
54.3015625,6.57409429550171
54.3048958333333,6.57552480697632
54.3082291666667,6.57683610916138
54.3115625,6.57808780670166
54.3148958333333,6.57916069030762
54.3182291666667,6.58005475997925
54.3215625,6.58077001571655
54.3248958333333,6.58124685287476
54.3282291666667,6.58160448074341
54.3315625,6.58178329467773
54.3348958333333,6.58190250396729
54.3382291666667,6.58190250396729
54.3415625,6.58196210861206
54.3448958333333,6.58202171325684
54.3482291666667,6.58208131790161
54.3515625,6.58231973648071
54.3548958333333,6.58261775970459
54.3582291666667,6.58297538757324
54.3615625,6.58339262008667
54.3648958333333,6.58398866653442
54.3682291666667,6.58464431762695
54.3715625,6.58541917800903
54.3748958333333,6.58631324768066
54.3782291666667,6.58732652664185
54.3815625,6.58845901489258
54.3848958333333,6.58971071243286
54.3882291666667,6.59096240997314
54.3915625,6.59233331680298
54.3948958333333,6.59364461898804
54.3982291666667,6.5949559211731
54.4015625,6.59620761871338
54.4048958333333,6.59734010696411
54.4082291666667,6.59835338592529
54.4115625,6.59918785095215
54.4148958333333,6.59996271133423
54.4182291666667,6.60061836242676
54.4215625,6.60109519958496
54.4248958333333,6.60151243209839
54.4282291666667,6.60181045532227
54.4315625,6.60204887390137
54.4348958333333,6.60222768783569
54.4382291666667,6.60240650177002
54.4415625,6.60252571105957
54.4448958333333,6.60276412963867
54.4482291666667,6.60306215286255
54.4515625,6.6034197807312
54.4548958333333,6.6038966178894
54.4582291666667,6.60449266433716
54.4615625,6.60526752471924
54.4648958333333,6.60616159439087
54.4682291666667,6.60717487335205
54.4715625,6.60836696624756
54.4748958333333,6.60961866378784
54.4782291666667,6.61098957061768
54.4815625,6.61242008209229
54.4848958333333,6.61391019821167
54.4882291666667,6.61551952362061
54.4915625,6.61712884902954
54.4948958333333,6.61885738372803
54.4982291666667,6.62058591842651
54.5015625,6.62237405776978
54.5048958333333,6.62416219711304
54.5082291666667,6.6259503364563
54.5115625,6.62761926651001
54.5148958333333,6.62928819656372
54.5182291666667,6.63077831268311
54.5215625,6.63208961486816
54.5248958333333,6.6332221031189
54.5282291666667,6.63411617279053
54.5315625,6.63483142852783
54.5348958333333,6.63530826568604
54.5382291666667,6.63566589355469
54.5415625,6.63584470748901
54.5448958333333,6.63596391677856
54.5482291666667,6.63602352142334
54.5515625,6.63602352142334
54.5548958333333,6.63614273071289
54.5582291666667,6.63626194000244
54.5615625,6.63650035858154
54.5648958333333,6.63679838180542
54.5682291666667,6.6373348236084
54.5715625,6.63799047470093
54.5748958333333,6.63882493972778
54.5782291666667,6.63983821868896
54.5815625,6.64114952087402
54.5848958333333,6.64269924163818
54.5882291666667,6.64442777633667
54.5915625,6.64639472961426
54.5948958333333,6.64860010147095
54.5982291666667,6.65092468261719
54.6015625,6.6533088684082
54.6048958333333,6.65581226348877
54.6082291666667,6.65831565856934
54.6115625,6.66075944900513
54.6148958333333,6.66308403015137
54.6182291666667,6.66534900665283
54.6215625,6.6673755645752
54.6248958333333,6.66928291320801
54.6282291666667,6.67101144790649
54.6315625,6.67256116867065
54.6348958333333,6.67387247085571
54.6382291666667,6.67494535446167
54.6415625,6.6758394241333
54.6448958333333,6.67649507522583
54.6482291666667,6.67703151702881
54.6515625,6.67738914489746
54.6548958333333,6.67762756347656
54.6582291666667,6.67780637741089
54.6615625,6.67804479598999
54.6648958333333,6.67840242385864
54.6682291666667,6.67887926101685
54.6715625,6.67953491210938
54.6748958333333,6.68048858642578
54.6782291666667,6.68168067932129
54.6815625,6.68317079544067
54.6848958333333,6.68489933013916
54.6882291666667,6.6869854927063
54.6915625,6.68931007385254
54.6948958333333,6.69181346893311
54.6982291666667,6.694495677948
54.7015625,6.69735670089722
54.7048958333333,6.70027732849121
54.7082291666667,6.70331716537476
54.7115625,6.7063570022583
54.7148958333333,6.70945644378662
54.7182291666667,6.71255588531494
54.7215625,6.71559572219849
54.7248958333333,6.71857595443726
54.7282291666667,6.72149658203125
54.7315625,6.72429800033569
54.7348958333333,6.72698020935059
54.7382291666667,6.72948360443115
54.7415625,6.73186779022217
54.7448958333333,6.73395395278931
54.7482291666667,6.73580169677734
54.7515625,6.7373514175415
54.7548958333333,6.73866271972656
54.7582291666667,6.73961639404297
54.7615625,6.7402720451355
54.7648958333333,6.74062967300415
54.7682291666667,6.74068927764893
54.7715625,6.74057006835938
54.7748958333333,6.7402720451355
54.7782291666667,6.73985481262207
54.7815625,6.73943758010864
54.7848958333333,6.73896074295044
54.7882291666667,6.73860311508179
54.7915625,6.73830509185791
54.7948958333333,6.73818588256836
54.7982291666667,6.73830509185791
54.8015625,6.73854351043701
54.8048958333333,6.73896074295044
54.8082291666667,6.73955678939819
54.8115625,6.74039125442505
54.8148958333333,6.74134492874146
54.8182291666667,6.74253702163696
54.8215625,6.74396753311157
54.8248958333333,6.74551725387573
54.8282291666667,6.74724578857422
54.8315625,6.74915313720703
54.8348958333333,6.75117969512939
54.8382291666667,6.75332546234131
54.8415625,6.75541162490845
54.8448958333333,6.75755739212036
54.8482291666667,6.75952434539795
54.8515625,6.76149129867554
54.8548958333333,6.76321983337402
54.8582291666667,6.76488876342773
54.8615625,6.76637887954712
54.8648958333333,6.76774978637695
54.8682291666667,6.76900148391724
54.8715625,6.77013397216797
54.8748958333333,6.77114725112915
54.8782291666667,6.77204132080078
54.8815625,6.77281618118286
54.8848958333333,6.77347183227539
54.8882291666667,6.77412748336792
54.8915625,6.7746639251709
54.8948958333333,6.77525997161865
54.8982291666667,6.77579641342163
54.9015625,6.77645206451416
54.9048958333333,6.77716732025146
54.9082291666667,6.77794218063354
54.9115625,6.77883625030518
54.9148958333333,6.77984952926636
54.9182291666667,6.78092241287231
54.9215625,6.78199529647827
54.9248958333333,6.783127784729
54.9282291666667,6.78420066833496
54.9315625,6.78533315658569
54.9348958333333,6.78634643554688
54.9382291666667,6.78741931915283
54.9415625,6.78849220275879
54.9448958333333,6.78950548171997
54.9482291666667,6.79057836532593
54.9515625,6.79171085357666
54.9548958333333,6.79278373718262
54.9582291666667,6.79391622543335
54.9615625,6.79498910903931
54.9648958333333,6.79594278335571
54.9682291666667,6.79683685302734
54.9715625,6.79761171340942
54.9748958333333,6.7981481552124
54.9782291666667,6.79850578308105
54.9815625,6.79862499237061
54.9848958333333,6.79850578308105
54.9882291666667,6.7981481552124
54.9915625,6.79761171340942
54.9948958333333,6.79689645767212
54.9982291666667,6.79600238800049
55.0015625,6.79498910903931
55.0048958333333,6.79391622543335
55.0082291666667,6.79290294647217
55.0115625,6.79194927215576
55.0148958333333,6.79117441177368
55.0182291666667,6.79057836532593
55.0215625,6.79028034210205
55.0248958333333,6.79028034210205
55.0282291666667,6.79057836532593
55.0315625,6.79123401641846
55.0348958333333,6.79218769073486
55.0382291666667,6.79337978363037
55.0415625,6.79481029510498
55.0448958333333,6.79641962051392
55.0482291666667,6.79808855056763
55.0515625,6.79993629455566
55.0548958333333,6.80184364318848
55.0582291666667,6.80387020111084
55.0615625,6.80595636367798
55.0648958333333,6.80816173553467
55.0682291666667,6.81036710739136
55.0715625,6.8126916885376
55.0748958333333,6.81501626968384
55.0782291666667,6.81734085083008
55.0815625,6.81960582733154
55.0848958333333,6.82175159454346
55.0882291666667,6.82371854782104
55.0915625,6.82550668716431
55.0948958333333,6.82705640792847
55.0982291666667,6.82836771011353
55.1015625,6.82944059371948
55.1048958333333,6.83021545410156
55.1082291666667,6.83081150054932
55.1115625,6.83128833770752
55.1148958333333,6.8315863609314
55.1182291666667,6.8318247795105
55.1215625,6.83212280273438
55.1248958333333,6.83248043060303
55.1282291666667,6.83301687240601
55.1315625,6.83367252349854
55.1348958333333,6.83468580245972
55.1382291666667,6.83587789535522
55.1415625,6.83736801147461
55.1448958333333,6.83915615081787
55.1482291666667,6.84106349945068
55.1515625,6.84314966201782
55.1548958333333,6.84535503387451
55.1582291666667,6.8475604057312
55.1615625,6.84982538223267
55.1648958333333,6.85197114944458
55.1682291666667,6.85411691665649
55.1715625,6.85620307922363
55.1748958333333,6.858229637146
55.1782291666667,6.86019659042358
55.1815625,6.86216354370117
55.1848958333333,6.86413049697876
55.1882291666667,6.86609745025635
55.1915625,6.86794519424438
55.1948958333333,6.86979293823242
55.1982291666667,6.87152147293091
55.2015625,6.87313079833984
55.2048958333333,6.87462091445923
55.2082291666667,6.87587261199951
55.2115625,6.87700510025024
55.2148958333333,6.87795877456665
55.2182291666667,6.87873363494873
55.2215625,6.87938928604126
55.2248958333333,6.87986612319946
55.2282291666667,6.88016414642334
55.2315625,6.88040256500244
55.2348958333333,6.88052177429199
55.2382291666667,6.88058137893677
55.2415625,6.88052177429199
55.2448958333333,6.88040256500244
55.2482291666667,6.88034296035767
55.2515625,6.88028335571289
55.2548958333333,6.88028335571289
55.2582291666667,6.88034296035767
55.2615625,6.88058137893677
55.2648958333333,6.88093900680542
55.2682291666667,6.8814754486084
55.2715625,6.88225030899048
55.2748958333333,6.88326358795166
55.2782291666667,6.88451528549194
55.2815625,6.88588619232178
55.2848958333333,6.88743591308594
55.2882291666667,6.88904523849487
55.2915625,6.89077377319336
55.2948958333333,6.89238309860229
55.2982291666667,6.89393281936646
55.3015625,6.89536333084106
55.3048958333333,6.89655542373657
55.3082291666667,6.89762830734253
55.3115625,6.89846277236938
55.3148958333333,6.89911842346191
55.3182291666667,6.89965486526489
55.3215625,6.9001317024231
55.3248958333333,6.90042972564697
55.3282291666667,6.90066814422607
55.3315625,6.90090656280518
55.3348958333333,6.90102577209473
55.3382291666667,6.90120458602905
55.3415625,6.90126419067383
55.3448958333333,6.90144300460815
55.3482291666667,6.90162181854248
55.3515625,6.90186023712158
55.3548958333333,6.90227746963501
55.3582291666667,6.90287351608276
55.3615625,6.90358877182007
55.3648958333333,6.90454244613647
55.3682291666667,6.90573453903198
55.3715625,6.90710544586182
55.3748958333333,6.90865516662598
55.3782291666667,6.91038370132446
55.3815625,6.91235065460205
55.3848958333333,6.91443681716919
55.3882291666667,6.91670179367065
55.3915625,6.91908597946167
55.3948958333333,6.92164897918701
55.3982291666667,6.9243311882019
55.4015625,6.92713260650635
55.4048958333333,6.92999362945557
55.4082291666667,6.93291425704956
55.4115625,6.93583488464355
55.4148958333333,6.93869590759277
55.4182291666667,6.94143772125244
55.4215625,6.94406032562256
55.4248958333333,6.94656372070313
55.4282291666667,6.94882869720459
55.4315625,6.95091485977173
55.4348958333333,6.95276260375977
55.4382291666667,6.95431232452393
55.4415625,6.95562362670898
55.4448958333333,6.95669651031494
55.4482291666667,6.95759057998657
55.4515625,6.9582462310791
55.4548958333333,6.95866346359253
55.4582291666667,6.95902109146118
55.4615625,6.95919990539551
55.4648958333333,6.95925951004028
55.4682291666667,6.95931911468506
55.4715625,6.95931911468506
55.4748958333333,6.95931911468506
55.4782291666667,6.95937871932983
55.4815625,6.95943832397461
55.4848958333333,6.95967674255371
55.4882291666667,6.95997476577759
55.4915625,6.96039199829102
55.4948958333333,6.96104764938354
55.4982291666667,6.96182250976563
55.5015625,6.96289539337158
55.5048958333333,6.96408748626709
55.5082291666667,6.9655179977417
55.5115625,6.96712732315063
55.5148958333333,6.96885585784912
55.5182291666667,6.97064399719238
55.5215625,6.9725513458252
55.5248958333333,6.97439908981323
55.5282291666667,6.97618722915649
55.5315625,6.97791576385498
55.5348958333333,6.97946548461914
55.5382291666667,6.98083639144897
55.5415625,6.98196887969971
55.5448958333333,6.98292255401611
55.5482291666667,6.98357820510864
55.5515625,6.98405504226685
55.5548958333333,6.98423385620117
55.5582291666667,6.98423385620117
55.5615625,6.98399543762207
55.5648958333333,6.98363780975342
55.5682291666667,6.98316097259521
55.5715625,6.98262453079224
55.5748958333333,6.98208808898926
55.5782291666667,6.9814920425415
55.5815625,6.98089599609375
55.5848958333333,6.98035955429077
55.5882291666667,6.97982311248779
55.5915625,6.97940587997437
55.5948958333333,6.97898864746094
55.5982291666667,6.97869062423706
55.6015625,6.97845220565796
55.6048958333333,6.97839260101318
55.6082291666667,6.97857141494751
55.6115625,6.97898864746094
55.6148958333333,6.97970390319824
55.6182291666667,6.98071718215942
55.6215625,6.98214769363403
55.6248958333333,6.98393583297729
55.6282291666667,6.98608160018921
55.6315625,6.98858499526978
55.6348958333333,6.99126720428467
55.6382291666667,6.99424743652344
55.6415625,6.99728727340698
55.6448958333333,7.00050592422485
55.6482291666667,7.00372457504272
55.6515625,7.00700283050537
55.6548958333333,7.01016187667847
55.6582291666667,7.01332092285156
55.6615625,7.01636075973511
55.6648958333333,7.01922178268433
55.6682291666667,7.02202320098877
55.6715625,7.02458620071411
55.6748958333333,7.0270299911499
55.6782291666667,7.02923536300659
55.6815625,7.03120231628418
55.6848958333333,7.03299045562744
55.6882291666667,7.0345401763916
55.6915625,7.03591108322144
55.6948958333333,7.03704357147217
55.6982291666667,7.03799724578857
55.7015625,7.03877210617065
55.7048958333333,7.03942775726318
55.7082291666667,7.04002380371094
55.7115625,7.04050064086914
55.7148958333333,7.04097747802734
55.7182291666667,7.04151391983032
55.7215625,7.04216957092285
55.7248958333333,7.04300403594971
55.7282291666667,7.04395771026611
55.7315625,7.0452094078064
55.7348958333333,7.04675912857056
55.7382291666667,7.04860687255859
55.7415625,7.05075263977051
55.7448958333333,7.05313682556152
55.7482291666667,7.05575942993164
55.7515625,7.05856084823608
55.7548958333333,7.06148147583008
55.7582291666667,7.06440210342407
55.7615625,7.06726312637329
55.7648958333333,7.07000494003296
55.7682291666667,7.07262754440308
55.7715625,7.07501173019409
55.7748958333333,7.07721710205078
55.7782291666667,7.07918405532837
55.7815625,7.08091259002686
55.7848958333333,7.08240270614624
55.7882291666667,7.08365440368652
55.7915625,7.08472728729248
55.7948958333333,7.08556175231934
55.7982291666667,7.08627700805664
55.8015625,7.08681344985962
55.8048958333333,7.08717107772827
55.8082291666667,7.08740949630737
55.8115625,7.08752870559692
55.8148958333333,7.0875883102417
55.8182291666667,7.08746910095215
55.8215625,7.08729028701782
55.8248958333333,7.0871114730835
55.8282291666667,7.08681344985962
55.8315625,7.08651542663574
55.8348958333333,7.08633661270142
55.8382291666667,7.08627700805664
55.8415625,7.08633661270142
55.8448958333333,7.08669424057007
55.8482291666667,7.08729028701782
55.8515625,7.08818435668945
55.8548958333333,7.08937644958496
55.8582291666667,7.09080696105957
55.8615625,7.09247589111328
55.8648958333333,7.09438323974609
55.8682291666667,7.09635019302368
55.8715625,7.0984959602356
55.8748958333333,7.10070133209229
55.8782291666667,7.10290670394897
55.8815625,7.10517168045044
55.8848958333333,7.1074366569519
55.8882291666667,7.10970163345337
55.8915625,7.11190700531006
55.8948958333333,7.1139931678772
55.8982291666667,7.11590051651001
55.9015625,7.11768865585327
55.9048958333333,7.11917877197266
55.9082291666667,7.12049007415771
55.9115625,7.12156295776367
55.9148958333333,7.12233781814575
55.9182291666667,7.12299346923828
55.9215625,7.12341070175171
55.9248958333333,7.12370872497559
55.9282291666667,7.12394714355469
55.9315625,7.12406635284424
55.9348958333333,7.12418556213379
55.9382291666667,7.12418556213379
55.9415625,7.12424516677856
55.9448958333333,7.12424516677856
55.9482291666667,7.12424516677856
55.9515625,7.12430477142334
55.9548958333333,7.12436437606812
55.9582291666667,7.12448358535767
55.9615625,7.12478160858154
55.9648958333333,7.12519884109497
55.9682291666667,7.12573528289795
55.9715625,7.12651014328003
55.9748958333333,7.12746381759644
55.9782291666667,7.12859630584717
55.9815625,7.129967212677
55.9848958333333,7.13157653808594
55.9882291666667,7.13342428207397
55.9915625,7.13557004928589
55.9948958333333,7.1379542350769
55.9982291666667,7.14057683944702
56.0015625,7.14355707168579
56.0048958333333,7.14671611785889
56.0082291666667,7.15017318725586
56.0115625,7.15386867523193
56.0148958333333,7.15768337249756
56.0182291666667,7.16161727905273
56.0215625,7.16561079025269
56.0248958333333,7.16966390609741
56.0282291666667,7.17359781265259
56.0315625,7.17741250991821
56.0348958333333,7.18104839324951
56.0382291666667,7.18450546264648
56.0415625,7.18766450881958
56.0448958333333,7.19046592712402
56.0482291666667,7.19302892684937
56.0515625,7.19517469406128
56.0548958333333,7.19708204269409
56.0582291666667,7.19857215881348
56.0615625,7.19982385635376
56.0648958333333,7.20077753067017
56.0682291666667,7.2014331817627
56.0715625,7.20185041427612
56.0748958333333,7.20202922821045
56.0782291666667,7.20196962356567
56.0815625,7.20173120498657
56.0848958333333,7.20125436782837
56.0882291666667,7.20065832138062
56.0915625,7.19988346099854
56.0948958333333,7.1989893913269
56.0982291666667,7.1980357170105
56.1015625,7.19702243804932
56.1048958333333,7.19606876373291
56.1082291666667,7.1951150894165
56.1115625,7.19434022903442
56.1148958333333,7.19368457794189
56.1182291666667,7.19326734542847
56.1215625,7.19308853149414
56.1248958333333,7.19326734542847
56.1282291666667,7.19374418258667
56.1315625,7.19457864761353
56.1348958333333,7.19583034515381
56.1382291666667,7.19732046127319
56.1415625,7.19916820526123
56.1448958333333,7.20119476318359
56.1482291666667,7.20345973968506
56.1515625,7.20572471618652
56.1548958333333,7.20804929733276
56.1582291666667,7.21031427383423
56.1615625,7.21251964569092
56.1648958333333,7.21460580825806
56.1682291666667,7.21657276153564
56.1715625,7.21842050552368
56.1748958333333,7.22008943557739
56.1782291666667,7.22169876098633
56.1815625,7.22318887710571
56.1848958333333,7.22461938858032
56.1882291666667,7.22587108612061
56.1915625,7.22706317901611
56.1948958333333,7.22807645797729
56.1982291666667,7.22897052764893
56.2015625,7.22974538803101
56.2048958333333,7.23028182983398
56.2082291666667,7.23069906234741
56.2115625,7.23093748092651
56.2148958333333,7.23099708557129
56.2182291666667,7.23093748092651
56.2215625,7.23081827163696
56.2248958333333,7.23063945770264
56.2282291666667,7.23034143447876
56.2315625,7.23010301589966
56.2348958333333,7.22986459732056
56.2382291666667,7.22962617874146
56.2415625,7.2295069694519
56.2448958333333,7.22944736480713
56.2482291666667,7.22944736480713
56.2515625,7.22968578338623
56.2548958333333,7.23004341125488
56.2582291666667,7.23052024841309
56.2615625,7.23129510879517
56.2648958333333,7.2321891784668
56.2682291666667,7.23326206207275
56.2715625,7.23457336425781
56.2748958333333,7.23594427108765
56.2782291666667,7.23737478256226
56.2815625,7.23880529403687
56.2848958333333,7.2401762008667
56.2882291666667,7.24142789840698
56.2915625,7.24256038665771
56.2948958333333,7.24345445632935
56.2982291666667,7.24416971206665
56.3015625,7.24464654922485
56.3048958333333,7.24494457244873
56.3082291666667,7.24506378173828
56.3115625,7.24500417709351
56.3148958333333,7.24488496780396
56.3182291666667,7.24464654922485
56.3215625,7.24440813064575
56.3248958333333,7.24422931671143
56.3282291666667,7.24399089813232
56.3315625,7.24375247955322
56.3348958333333,7.24363327026367
56.3382291666667,7.24351406097412
56.3415625,7.24345445632935
56.3448958333333,7.24351406097412
56.3482291666667,7.24369287490845
56.3515625,7.24399089813232
56.3548958333333,7.24446773529053
56.3582291666667,7.24512338638306
56.3615625,7.24595785140991
56.3648958333333,7.24709033966064
56.3682291666667,7.2484016418457
56.3715625,7.25001096725464
56.3748958333333,7.25185871124268
56.3782291666667,7.25394487380981
56.3815625,7.25620985031128
56.3848958333333,7.25877285003662
56.3882291666667,7.26151466369629
56.3915625,7.26449489593506
56.3948958333333,7.26765394210815
56.3982291666667,7.27105140686035
56.4015625,7.27450847625732
56.4048958333333,7.27808475494385
56.4082291666667,7.28172063827515
56.4115625,7.28529691696167
56.4148958333333,7.28875398635864
56.4182291666667,7.29203224182129
56.4215625,7.29501247406006
56.4248958333333,7.29775428771973
56.4282291666667,7.30007886886597
56.4315625,7.30210542678833
56.4348958333333,7.30371475219727
56.4382291666667,7.30502605438232
56.4415625,7.30597972869873
56.4448958333333,7.30663537979126
56.4482291666667,7.30705261230469
56.4515625,7.30735063552856
56.4548958333333,7.30746984481812
56.4582291666667,7.30752944946289
56.4615625,7.30758905410767
56.4648958333333,7.30770826339722
56.4682291666667,7.30782747268677
56.4715625,7.30812549591064
56.4748958333333,7.3084831237793
56.4782291666667,7.30907917022705
56.4815625,7.30985403060913
56.4848958333333,7.31086730957031
56.4882291666667,7.31205940246582
56.4915625,7.31360912322998
56.4948958333333,7.31533765792847
56.4982291666667,7.31742382049561
56.5015625,7.31974840164185
56.5048958333333,7.32237100601196
56.5082291666667,7.32529163360596
56.5115625,7.32845067977905
56.5148958333333,7.33190774917603
56.5182291666667,7.3356032371521
56.5215625,7.3394775390625
56.5248958333333,7.34353065490723
56.5282291666667,7.34782218933105
56.5315625,7.35217332839966
56.5348958333333,7.35658407211304
56.5382291666667,7.36105442047119
56.5415625,7.36546516418457
56.5448958333333,7.3697566986084
56.5482291666667,7.37398862838745
56.5515625,7.3779821395874
56.5548958333333,7.3818564414978
56.5582291666667,7.3854923248291
56.5615625,7.3888897895813
56.5648958333333,7.39204883575439
56.5682291666667,7.39496946334839
56.5715625,7.39765167236328
56.5748958333333,7.4000358581543
56.5782291666667,7.40218162536621
56.5815625,7.40408897399902
56.5848958333333,7.40569829940796
56.5882291666667,7.40706920623779
56.5915625,7.4082612991333
56.5948958333333,7.40915536880493
56.5982291666667,7.40993022918701
56.6015625,7.41052627563477
56.6048958333333,7.41100311279297
56.6082291666667,7.41147994995117
56.6115625,7.41183757781982
56.6148958333333,7.41219520568848
56.6182291666667,7.41255283355713
56.6215625,7.41285085678101
56.6248958333333,7.41320848464966
56.6282291666667,7.41356611251831
56.6315625,7.41386413574219
56.6348958333333,7.41428136825562
56.6382291666667,7.41463899612427
56.6415625,7.41517543792725
56.6448958333333,7.41571187973022
56.6482291666667,7.4164867401123
56.6515625,7.41732120513916
56.6548958333333,7.41839408874512
56.6582291666667,7.41958618164063
56.6615625,7.42095708847046
56.6648958333333,7.42250680923462
56.6682291666667,7.42417573928833
56.6715625,7.42596387863159
56.6748958333333,7.4278712272644
56.6782291666667,7.42989778518677
56.6815625,7.43192434310913
56.6848958333333,7.43401050567627
56.6882291666667,7.43609666824341
56.6915625,7.43824243545532
56.6948958333333,7.44026899337769
56.6982291666667,7.44223594665527
56.7015625,7.44408369064331
56.7048958333333,7.4458122253418
56.7082291666667,7.44736194610596
56.7115625,7.44867324829102
56.7148958333333,7.44980573654175
56.7182291666667,7.45075941085815
56.7215625,7.45147466659546
56.7248958333333,7.45207071304321
56.7282291666667,7.45248794555664
56.7315625,7.45272636413574
56.7348958333333,7.45290517807007
56.7382291666667,7.45302438735962
56.7415625,7.45314359664917
56.7448958333333,7.45326280593872
56.7482291666667,7.45338201522827
56.7515625,7.4535608291626
56.7548958333333,7.45385885238647
56.7582291666667,7.45415687561035
56.7615625,7.45463371276855
56.7648958333333,7.45522975921631
56.7682291666667,7.45594501495361
56.7715625,7.45683908462524
56.7748958333333,7.4579119682312
56.7782291666667,7.45910406112671
56.7815625,7.46053457260132
56.7848958333333,7.4620246887207
56.7882291666667,7.46369361877441
56.7915625,7.4654221534729
56.7948958333333,7.46721029281616
56.7982291666667,7.4690580368042
56.8015625,7.47090578079224
56.8048958333333,7.47275352478027
56.8082291666667,7.47460126876831
56.8115625,7.47650861740112
56.8148958333333,7.47841596603394
56.8182291666667,7.48038291931152
56.8215625,7.48234987258911
56.8248958333333,7.48437643051147
56.8282291666667,7.48640298843384
56.8315625,7.4884295463562
56.8348958333333,7.49033689498901
56.8382291666667,7.4920654296875
56.8415625,7.49361515045166
56.8448958333333,7.49492645263672
56.8482291666667,7.49588012695313
56.8515625,7.49659538269043
56.8548958333333,7.49701261520386
56.8582291666667,7.49719142913818
56.8615625,7.49713182449341
56.8648958333333,7.49695301055908
56.8682291666667,7.49677419662476
56.8715625,7.49653577804565
56.8748958333333,7.49635696411133
56.8782291666667,7.49635696411133
56.8815625,7.49647617340088
56.8848958333333,7.49671459197998
56.8882291666667,7.49725103378296
56.8915625,7.49796628952026
56.8948958333333,7.49891996383667
56.8982291666667,7.50011205673218
56.9015625,7.50154256820679
56.9048958333333,7.50327110290527
56.9082291666667,7.50523805618286
56.9115625,7.50744342803955
56.9148958333333,7.50988721847534
56.9182291666667,7.51250982284546
56.9215625,7.51537084579468
56.9248958333333,7.51835107803345
56.9282291666667,7.52145051956177
56.9315625,7.52466917037964
56.9348958333333,7.52794742584229
56.9382291666667,7.53122568130493
56.9415625,7.5344443321228
56.9448958333333,7.5376033782959
56.9482291666667,7.54064321517944
56.9515625,7.54356384277344
56.9548958333333,7.54630565643311
56.9582291666667,7.54892826080322
56.9615625,7.55137205123901
56.9648958333333,7.55369663238525
56.9682291666667,7.55590200424194
56.9715625,7.55798816680908
56.9748958333333,7.55989551544189
56.9782291666667,7.56174325942993
56.9815625,7.56341218948364
56.9848958333333,7.56490230560303
56.9882291666667,7.56621360778809
56.9915625,7.56740570068359
56.9948958333333,7.568359375
56.9982291666667,7.56913423538208
57.0015625,7.56973028182983
57.0048958333333,7.57014751434326
57.0082291666667,7.57032632827759
57.0115625,7.57032632827759
57.0148958333333,7.57014751434326
57.0182291666667,7.56973028182983
57.0215625,7.56913423538208
57.0248958333333,7.56841897964478
57.0282291666667,7.56758451461792
57.0315625,7.56675004959106
57.0348958333333,7.56591558456421
57.0382291666667,7.56514072418213
57.0415625,7.5644850730896
57.0448958333333,7.56406784057617
57.0482291666667,7.56382942199707
57.0515625,7.56382942199707
57.0548958333333,7.5640082359314
57.0582291666667,7.56442546844482
57.0615625,7.56502151489258
57.0648958333333,7.56579637527466
57.0682291666667,7.56675004959106
57.0715625,7.56782293319702
57.0748958333333,7.56895542144775
57.0782291666667,7.57026672363281
57.0815625,7.57157802581787
57.0848958333333,7.57300853729248
57.0882291666667,7.57449865341187
57.0915625,7.57598876953125
57.0948958333333,7.57747888565063
57.0982291666667,7.57896900177002
57.1015625,7.5804591178894
57.1048958333333,7.58188962936401
57.1082291666667,7.58326053619385
57.1115625,7.58457183837891
57.1148958333333,7.58588314056396
57.1182291666667,7.5870156288147
57.1215625,7.58814811706543
57.1248958333333,7.58922100067139
57.1282291666667,7.59017467498779
57.1315625,7.59106874465942
57.1348958333333,7.5918436050415
57.1382291666667,7.59255886077881
57.1415625,7.59321451187134
57.1448958333333,7.59375095367432
57.1482291666667,7.59416818618774
57.1515625,7.5945258140564
57.1548958333333,7.59470462799072
57.1582291666667,7.59482383728027
57.1615625,7.59488344192505
57.1648958333333,7.59488344192505
57.1682291666667,7.5947642326355
57.1715625,7.59470462799072
57.1748958333333,7.59464502334595
57.1782291666667,7.59464502334595
57.1815625,7.5947642326355
57.1848958333333,7.5950026512146
57.1882291666667,7.5954794883728
57.1915625,7.59625434875488
57.1948958333333,7.59726762771606
57.1982291666667,7.59857892990112
57.2015625,7.60024785995483
57.2048958333333,7.6022744178772
57.2082291666667,7.60459899902344
57.2115625,7.60716199874878
57.2148958333333,7.610023021698
57.2182291666667,7.61300325393677
57.2215625,7.61622190475464
57.2248958333333,7.61950016021729
57.2282291666667,7.62283802032471
57.2315625,7.62617588043213
57.2348958333333,7.62951374053955
57.2382291666667,7.63285160064697
57.2415625,7.63612985610962
57.2448958333333,7.63934850692749
57.2482291666667,7.64256715774536
57.2515625,7.64578580856323
57.2548958333333,7.64894485473633
57.2582291666667,7.65210390090942
57.2615625,7.65532255172729
57.2648958333333,7.65848159790039
57.2682291666667,7.66170024871826
57.2715625,7.66485929489136
57.2748958333333,7.6678991317749
57.2782291666667,7.67087936401367
57.2815625,7.67374038696289
57.2848958333333,7.67636299133301
57.2882291666667,7.67874717712402
57.2915625,7.68083333969116
57.2948958333333,7.6826810836792
57.2982291666667,7.68417119979858
57.3015625,7.68542289733887
57.3048958333333,7.68643617630005
57.3082291666667,7.68715143203735
57.3115625,7.68774747848511
57.3148958333333,7.68816471099854
57.3182291666667,7.68846273422241
57.3215625,7.68870115280151
57.3248958333333,7.68893957138062
57.3282291666667,7.68923759460449
57.3315625,7.68959522247314
57.3348958333333,7.69013166427612
57.3382291666667,7.69084692001343
57.3415625,7.69180059432983
57.3448958333333,7.69299268722534
57.3482291666667,7.6945424079895
57.3515625,7.69633054733276
57.3548958333333,7.69835710525513
57.3582291666667,7.70074129104614
57.3615625,7.70330429077148
57.3648958333333,7.70610570907593
57.3682291666667,7.70902633666992
57.3715625,7.71212577819824
57.3748958333333,7.71522521972656
57.3782291666667,7.71838426589966
57.3815625,7.7214241027832
57.3848958333333,7.72428512573242
57.3882291666667,7.72702693939209
57.3915625,7.72953033447266
57.3948958333333,7.73173570632935
57.3982291666667,7.73364305496216
57.4015625,7.73519277572632
57.4048958333333,7.7364444732666
57.4082291666667,7.73739814758301
57.4115625,7.73811340332031
57.4148958333333,7.73853063583374
57.4182291666667,7.73870944976807
57.4215625,7.73876905441284
57.4248958333333,7.73864984512329
57.4282291666667,7.73841142654419
57.4315625,7.73811340332031
57.4348958333333,7.73775577545166
57.4382291666667,7.73727893829346
57.4415625,7.73680210113525
57.4448958333333,7.7362060546875
57.4482291666667,7.73566961288452
57.4515625,7.73501396179199
57.4548958333333,7.73441791534424
57.4582291666667,7.73382186889648
57.4615625,7.73322582244873
57.4648958333333,7.73274898529053
57.4682291666667,7.73245096206665
57.4715625,7.73227214813232
57.4748958333333,7.73239135742188
57.4782291666667,7.73274898529053
57.4815625,7.73346424102783
57.4848958333333,7.73459672927856
57.4882291666667,7.73608684539795
57.4915625,7.73805379867554
57.4948958333333,7.74043798446655
57.4982291666667,7.743239402771
57.5015625,7.74651765823364
57.5048958333333,7.75015354156494
57.5082291666667,7.75408744812012
57.5115625,7.75825977325439
57.5148958333333,7.76267051696777
57.5182291666667,7.76726007461548
57.5215625,7.77190923690796
57.5248958333333,7.77661800384521
57.5282291666667,7.78132677078247
57.5315625,7.78597593307495
57.5348958333333,7.79050588607788
57.5382291666667,7.79503583908081
57.5415625,7.79938697814941
57.5448958333333,7.80355930328369
57.5482291666667,7.80755281448364
57.5515625,7.81130790710449
57.5548958333333,7.81476497650146
57.5582291666667,7.81792402267456
57.5615625,7.82078504562378
57.5648958333333,7.82328844070435
57.5682291666667,7.82549381256104
57.5715625,7.82740116119385
57.5748958333333,7.82907009124756
57.5782291666667,7.83056020736694
57.5815625,7.831871509552
57.5848958333333,7.83306360244751
57.5882291666667,7.83419609069824
57.5915625,7.83520936965942
57.5948958333333,7.83616304397583
57.5982291666667,7.83699750900269
57.6015625,7.83771276473999
57.6048958333333,7.83830881118774
57.6082291666667,7.83872604370117
57.6115625,7.83896446228027
57.6148958333333,7.83902406692505
57.6182291666667,7.8389048576355
57.6215625,7.83860683441162
57.6248958333333,7.83830881118774
57.6282291666667,7.83789157867432
57.6315625,7.83753395080566
57.6348958333333,7.83717632293701
57.6382291666667,7.83699750900269
57.6415625,7.83693790435791
57.6448958333333,7.83705711364746
57.6482291666667,7.83741474151611
57.6515625,7.83801078796387
57.6548958333333,7.83884525299072
57.6582291666667,7.83997774124146
57.6615625,7.84128904342651
57.6648958333333,7.84295797348022
57.6682291666667,7.84486532211304
57.6715625,7.84707069396973
57.6748958333333,7.84945487976074
57.6782291666667,7.85213708877563
57.6815625,7.85499811172485
57.6848958333333,7.85797834396362
57.6882291666667,7.86101818084717
57.6915625,7.86411762237549
57.6948958333333,7.86721706390381
57.6982291666667,7.87025690078735
57.7015625,7.87317752838135
57.7048958333333,7.87603855133057
57.7082291666667,7.87878036499023
57.7115625,7.88140296936035
57.7148958333333,7.88396596908569
57.7182291666667,7.88646936416626
57.7215625,7.88891315460205
57.7248958333333,7.89129734039307
57.7282291666667,7.89368152618408
57.7315625,7.8960657119751
57.7348958333333,7.89839029312134
57.7382291666667,7.90071487426758
57.7415625,7.90297985076904
57.7448958333333,7.90518522262573
57.7482291666667,7.90733098983765
57.7515625,7.90929794311523
57.7548958333333,7.91120529174805
57.7582291666667,7.91281461715698
57.7615625,7.91424512863159
57.7648958333333,7.9154372215271
57.7682291666667,7.91621208190918
57.7715625,7.91674852371216
57.7748958333333,7.91686773300171
57.7782291666667,7.91662931442261
57.7815625,7.91609287261963
57.7848958333333,7.91525840759277
57.7882291666667,7.91418552398682
57.7915625,7.91293382644653
57.7948958333333,7.91162252426147
57.7982291666667,7.91019201278687
57.8015625,7.90882110595703
57.8048958333333,7.90750980377197
57.8082291666667,7.90631771087646
57.8115625,7.90530443191528
57.8148958333333,7.9045295715332
57.8182291666667,7.90387392044067
57.8215625,7.90351629257202
57.8248958333333,7.9033374786377
57.8282291666667,7.90339708328247
57.8315625,7.90369510650635
57.8348958333333,7.90417194366455
57.8382291666667,7.90488719940186
57.8415625,7.90584087371826
57.8448958333333,7.90685415267944
57.8482291666667,7.90804624557495
57.8515625,7.90929794311523
57.8548958333333,7.91060924530029
57.8582291666667,7.91198015213013
57.8615625,7.91329145431519
57.8648958333333,7.91460275650024
57.8682291666667,7.9159140586853
57.8715625,7.91716575622559
57.8748958333333,7.91835784912109
57.8782291666667,7.91960954666138
57.8815625,7.92074203491211
57.8848958333333,7.92187452316284
57.8882291666667,7.9229474067688
57.8915625,7.92390108108521
57.8948958333333,7.92479515075684
57.8982291666667,7.92562961578369
57.9015625,7.92646408081055
57.9048958333333,7.92723894119263
57.9082291666667,7.92807340621948
57.9115625,7.92890787124634
57.9148958333333,7.92980194091797
57.9182291666667,7.93081521987915
57.9215625,7.93182849884033
57.9248958333333,7.93296098709106
57.9282291666667,7.93415307998657
57.9315625,7.93534517288208
57.9348958333333,7.93653726577759
57.9382291666667,7.93778896331787
57.9415625,7.93898105621338
57.9448958333333,7.94023275375366
57.9482291666667,7.94148445129395
57.9515625,7.94267654418945
57.9548958333333,7.94392824172974
57.9582291666667,7.94517993927002
57.9615625,7.9464316368103
57.9648958333333,7.94774293899536
57.9682291666667,7.9491138458252
57.9715625,7.9505443572998
57.9748958333333,7.95209407806396
57.9782291666667,7.95388221740723
57.9815625,7.95584917068481
57.9848958333333,7.95811414718628
57.9882291666667,7.96067714691162
57.9915625,7.96353816986084
57.9948958333333,7.96663761138916
57.9982291666667,7.96997547149658
58.0015625,7.97349214553833
58.0048958333333,7.97706842422485
58.0082291666667,7.98070430755615
58.0115625,7.98439979553223
58.0148958333333,7.98803567886353
58.0182291666667,7.99161195755005
58.0215625,7.99506902694702
58.0248958333333,7.99840688705444
58.0282291666667,8.00168514251709
58.0315625,8.00478458404541
58.0348958333333,8.0077052116394
58.0382291666667,8.01050662994385
58.0415625,8.01312923431396
58.0448958333333,8.01551342010498
58.0482291666667,8.01771879196167
58.0515625,8.01968574523926
58.0548958333333,8.02147388458252
58.0582291666667,8.02308320999146
58.0615625,8.02451372146606
58.0648958333333,8.02582502365112
58.0682291666667,8.02707672119141
58.0715625,8.02826881408691
58.0748958333333,8.02940130233765
58.0782291666667,8.03059339523315
58.0815625,8.03184509277344
58.0848958333333,8.03309679031372
58.0882291666667,8.03446769714355
58.0915625,8.03583860397339
58.0948958333333,8.037269115448
58.0982291666667,8.03869962692261
58.1015625,8.04007053375244
58.1048958333333,8.04150104522705
58.1082291666667,8.04281234741211
58.1115625,8.04406404495239
58.1148958333333,8.0452561378479
58.1182291666667,8.04638862609863
58.1215625,8.04746150970459
58.1248958333333,8.04847478866577
58.1282291666667,8.04948806762695
58.1315625,8.05044174194336
58.1348958333333,8.05145502090454
58.1382291666667,8.0525279045105
58.1415625,8.05366039276123
58.1448958333333,8.05491209030151
58.1482291666667,8.05628299713135
58.1515625,8.05777311325073
58.1548958333333,8.05938243865967
58.1582291666667,8.06117057800293
58.1615625,8.06313753128052
58.1648958333333,8.06534290313721
58.1682291666667,8.06766748428345
58.1715625,8.07029008865356
58.1748958333333,8.07303190231323
58.1782291666667,8.07607173919678
58.1815625,8.07929039001465
58.1848958333333,8.08268785476685
58.1882291666667,8.08626413345337
58.1915625,8.08995962142944
58.1948958333333,8.09371471405029
58.1982291666667,8.09752941131592
58.2015625,8.10134410858154
58.2048958333333,8.10515880584717
58.2082291666667,8.10891389846802
58.2115625,8.11266899108887
58.2148958333333,8.11630487442017
58.2182291666667,8.11994075775146
58.2215625,8.12351703643799
58.2248958333333,8.12697410583496
58.2282291666667,8.13037157058716
58.2315625,8.1336498260498
58.2348958333333,8.13674926757813
58.2382291666667,8.13966989517212
58.2415625,8.14241170883179
58.2448958333333,8.14485549926758
58.2482291666667,8.14712047576904
58.2515625,8.14914703369141
58.2548958333333,8.15087556838989
58.2582291666667,8.15236568450928
58.2615625,8.15355777740479
58.2648958333333,8.15445184707642
58.2682291666667,8.15516710281372
58.2715625,8.15558433532715
58.2748958333333,8.15576314926147
58.2782291666667,8.1557035446167
58.2815625,8.1554651260376
58.2848958333333,8.15510749816895
58.2882291666667,8.15469026565552
58.2915625,8.15421342849731
58.2948958333333,8.15379619598389
58.2982291666667,8.15349817276001
58.3015625,8.15320014953613
58.3048958333333,8.15308094024658
58.3082291666667,8.15314054489136
58.3115625,8.15325975418091
58.3148958333333,8.15349817276001
58.3182291666667,8.15385580062866
58.3215625,8.15433263778687
58.3248958333333,8.15486907958984
58.3282291666667,8.15552473068237
58.3315625,8.15623998641968
58.3348958333333,8.15701484680176
58.3382291666667,8.15784931182861
58.3415625,8.15868377685547
58.3448958333333,8.1595778465271
58.3482291666667,8.16035270690918
58.3515625,8.16112756729126
58.3548958333333,8.16178321838379
58.3582291666667,8.16237926483154
58.3615625,8.16291570663452
58.3648958333333,8.16333293914795
58.3682291666667,8.16363096237183
58.3715625,8.16386938095093
58.3748958333333,8.16404819488525
58.3782291666667,8.1641674041748
58.3815625,8.1641674041748
58.3848958333333,8.16410779953003
58.3882291666667,8.16398859024048
58.3915625,8.1636905670166
58.3948958333333,8.16333293914795
58.3982291666667,8.16291570663452
58.4015625,8.16237926483154
58.4048958333333,8.16184282302856
58.4082291666667,8.16124677658081
58.4115625,8.16071033477783
58.4148958333333,8.16023349761963
58.4182291666667,8.15993547439575
58.4215625,8.15975666046143
58.4248958333333,8.15975666046143
58.4282291666667,8.1600546836853
58.4315625,8.16059112548828
58.4348958333333,8.16136598587036
58.4382291666667,8.16249847412109
58.4415625,8.16398859024048
58.4448958333333,8.16571712493896
58.4482291666667,8.1678032875061
58.4515625,8.17018747329712
58.4548958333333,8.17286968231201
58.4582291666667,8.17584991455078
58.4615625,8.17906856536865
58.4648958333333,8.18252563476563
58.4682291666667,8.1862211227417
58.4715625,8.19003582000732
58.4748958333333,8.19414854049683
58.4782291666667,8.1983208656311
58.4815625,8.20273160934448
58.4848958333333,8.20726156234741
58.4882291666667,8.21191072463989
58.4915625,8.21667909622192
58.4948958333333,8.22150707244873
58.4982291666667,8.22639465332031
58.5015625,8.23122262954712
58.5048958333333,8.23605060577393
58.5082291666667,8.24075937271118
58.5115625,8.24534893035889
58.5148958333333,8.24975967407227
58.5182291666667,8.25405120849609
58.5215625,8.2581639289856
58.5248958333333,8.26209783554077
58.5282291666667,8.2659125328064
58.5315625,8.2695484161377
58.5348958333333,8.27312469482422
58.5382291666667,8.27658176422119
58.5415625,8.27991962432861
58.5448958333333,8.28313827514648
58.5482291666667,8.2862377166748
58.5515625,8.28921794891357
58.5548958333333,8.29207897186279
58.5582291666667,8.29482078552246
58.5615625,8.2973837852478
58.5648958333333,8.29982757568359
58.5682291666667,8.30215215682983
58.5715625,8.30435752868652
58.5748958333333,8.30638408660889
58.5782291666667,8.30823183059692
58.5815625,8.30996036529541
58.5848958333333,8.31139087677002
58.5882291666667,8.3126425743103
58.5915625,8.31365585327148
58.5948958333333,8.31437110900879
58.5982291666667,8.31490755081177
58.6015625,8.31526517868042
58.6048958333333,8.31538438796997
58.6082291666667,8.31538438796997
58.6115625,8.3153247833252
58.6148958333333,8.31508636474609
58.6182291666667,8.31484794616699
58.6215625,8.31454992294312
58.6248958333333,8.31425189971924
58.6282291666667,8.31395387649536
58.6315625,8.31371545791626
58.6348958333333,8.31353664398193
58.6382291666667,8.31341743469238
58.6415625,8.31335783004761
58.6448958333333,8.31335783004761
58.6482291666667,8.31353664398193
58.6515625,8.31377506256104
58.6548958333333,8.31413269042969
58.6582291666667,8.31454992294312
58.6615625,8.31514596939087
58.6648958333333,8.31574201583862
58.6682291666667,8.31645727157593
58.6715625,8.31729173660278
58.6748958333333,8.31818580627441
58.6782291666667,8.31925868988037
58.6815625,8.32033157348633
58.6848958333333,8.32158327102661
58.6882291666667,8.32289457321167
58.6915625,8.3242654800415
58.6948958333333,8.32581520080566
58.6982291666667,8.3274245262146
58.7015625,8.32909345626831
58.7048958333333,8.33088159561157
58.7082291666667,8.33278894424438
58.7115625,8.33481550216675
58.7148958333333,8.33702087402344
58.7182291666667,8.33940505981445
58.7215625,8.34202766418457
58.7248958333333,8.34482908248901
58.7282291666667,8.34780931472778
58.7315625,8.35102796554565
58.7348958333333,8.35442543029785
58.7382291666667,8.35788249969482
58.7415625,8.36145877838135
58.7448958333333,8.36509466171265
58.7482291666667,8.36867094039917
58.7515625,8.37218761444092
58.7548958333333,8.37552547454834
58.7582291666667,8.37874412536621
58.7615625,8.38178396224976
58.7648958333333,8.38452577590942
58.7682291666667,8.38696956634521
58.7715625,8.38911533355713
58.7748958333333,8.39096307754517
58.7782291666667,8.39245319366455
58.7815625,8.39364528656006
58.7848958333333,8.39453935623169
58.7882291666667,8.39519500732422
58.7915625,8.3957314491272
58.7948958333333,8.3962082862854
58.7982291666667,8.39662551879883
58.8015625,8.39710235595703
58.8048958333333,8.39769840240479
58.8082291666667,8.39847326278687
58.8115625,8.39930772781372
58.8148958333333,8.40038061141968
58.8182291666667,8.40157270431519
58.8215625,8.40288400650024
58.8248958333333,8.40437412261963
58.8282291666667,8.40610265731812
58.8315625,8.40795040130615
58.8348958333333,8.40997695922852
58.8382291666667,8.41224193572998
58.8415625,8.41474533081055
58.8448958333333,8.41742753982544
58.8482291666667,8.42022895812988
58.8515625,8.42314958572388
58.8548958333333,8.42618942260742
58.8582291666667,8.42922925949097
58.8615625,8.43232870101929
58.8648958333333,8.43536853790283
58.8682291666667,8.43846797943115
58.8715625,8.44156742095947
58.8748958333333,8.44478607177734
58.8782291666667,8.44812393188477
58.8815625,8.45170021057129
58.8848958333333,8.45569372177124
58.8882291666667,8.46004486083984
58.8915625,8.46493244171143
58.8948958333333,8.47035646438599
58.8982291666667,8.47649574279785
58.9015625,8.48335027694702
58.9048958333333,8.49097967147827
58.9082291666667,8.49944353103638
58.9115625,8.50886106491089
58.9148958333333,8.51917266845703
58.9182291666667,8.53049755096436
58.9215625,8.54283571243286
58.9248958333333,8.55624675750732
58.9282291666667,8.57073068618774
58.9315625,8.58628749847412
58.9348958333333,8.60267877578735
58.9382291666667,8.61996412277222
58.9415625,8.63790512084961
58.9448958333333,8.65638256072998
58.9482291666667,8.67515802383423
58.9515625,8.69405269622803
58.9548958333333,8.7127685546875
58.9582291666667,8.73112678527832
58.9615625,8.74888896942139
58.9648958333333,8.7658166885376
58.9682291666667,8.7817907333374
58.9715625,8.79651308059692
58.9748958333333,8.80992412567139
58.9782291666667,8.82184505462646
58.9815625,8.83215665817261
58.9848958333333,8.84079933166504
58.9882291666667,8.84771347045898
58.9915625,8.85283946990967
58.9948958333333,8.85623693466187
58.9982291666667,8.85790586471558
59.0015625,8.8578462600708
59.0048958333333,8.85629653930664
59.0082291666667,8.85319709777832
59.0115625,8.84878635406494
59.0148958333333,8.8430643081665
59.0182291666667,8.83632898330688
59.0215625,8.82858037948608
59.0248958333333,8.82011651992798
59.0282291666667,8.81099700927734
59.0315625,8.80134105682373
59.0348958333333,8.79132747650146
59.0382291666667,8.78113508224487
59.0415625,8.77076387405396
59.0448958333333,8.76039266586304
59.0482291666667,8.75008106231689
59.0515625,8.73982906341553
59.0548958333333,8.72981548309326
59.0582291666667,8.71998071670532
59.0615625,8.71044397354126
59.0648958333333,8.70120525360107
59.0682291666667,8.69232416152954
59.0715625,8.68380069732666
59.0748958333333,8.67569446563721
59.0782291666667,8.66800546646118
59.0815625,8.66079330444336
59.0848958333333,8.65405797958374
59.0882291666667,8.6478590965271
59.0915625,8.64225625991821
59.0948958333333,8.6371898651123
59.0982291666667,8.63271951675415
59.1015625,8.62884521484375
59.1048958333333,8.6255669593811
59.1082291666667,8.62282514572144
59.1115625,8.62067937850952
59.1148958333333,8.61901044845581
59.1182291666667,8.61787796020508
59.1215625,8.61716270446777
59.1248958333333,8.61692428588867
59.1282291666667,8.61704349517822
59.1315625,8.6175799369812
59.1348958333333,8.61835479736328
59.1382291666667,8.61942768096924
59.1415625,8.6207389831543
59.1448958333333,8.62216949462891
59.1482291666667,8.62371921539307
59.1515625,8.62526893615723
59.1548958333333,8.62681865692139
59.1582291666667,8.628249168396
59.1615625,8.62956047058105
59.1648958333333,8.63075256347656
59.1682291666667,8.63182544708252
59.1715625,8.63277912139893
59.1748958333333,8.63361358642578
59.1782291666667,8.63438844680786
59.1815625,8.63510370254517
59.1848958333333,8.6357593536377
59.1882291666667,8.636474609375
59.1915625,8.6371898651123
59.1948958333333,8.63802433013916
59.1982291666667,8.63897800445557
59.2015625,8.64005088806152
59.2048958333333,8.64130258560181
59.2082291666667,8.64273309707642
59.2115625,8.64434242248535
59.2148958333333,8.64619016647339
59.2182291666667,8.64815711975098
59.2215625,8.65036249160767
59.2248958333333,8.65274667739868
59.2282291666667,8.65519046783447
59.2315625,8.65781307220459
59.2348958333333,8.66055488586426
59.2382291666667,8.66329669952393
59.2415625,8.66615772247314
59.2448958333333,8.66901874542236
59.2482291666667,8.67182016372681
59.2515625,8.67462158203125
59.2548958333333,8.67736339569092
59.2582291666667,8.67992639541626
59.2615625,8.68242979049683
59.2648958333333,8.68481397628784
59.2682291666667,8.68707895278931
59.2715625,8.68922472000122
59.2748958333333,8.69131088256836
59.2782291666667,8.6933970451355
59.2815625,8.69548320770264
59.2848958333333,8.69762897491455
59.2882291666667,8.69989395141602
59.2915625,8.70239734649658
59.2948958333333,8.70513916015625
59.2982291666667,8.70817899703979
59.3015625,8.71151685714722
59.3048958333333,8.71527194976807
59.3082291666667,8.71938467025757
59.3115625,8.7239146232605
59.3148958333333,8.72880220413208
59.3182291666667,8.73398780822754
59.3215625,8.7394118309021
59.3248958333333,8.74507427215576
59.3282291666667,8.75073671340942
59.3315625,8.75645875930786
59.3348958333333,8.76212120056152
59.3382291666667,8.76766443252563
59.3415625,8.77302885055542
59.3448958333333,8.77809524536133
59.3482291666667,8.78292322158813
59.3515625,8.78739356994629
59.3548958333333,8.79144668579102
59.3582291666667,8.79502296447754
59.3615625,8.79818201065063
59.3648958333333,8.80074501037598
59.3682291666667,8.80283117294312
59.3715625,8.80426168441772
59.3748958333333,8.8050365447998
59.3782291666667,8.80533456802368
59.3815625,8.80497694015503
59.3848958333333,8.80420207977295
59.3882291666667,8.80300998687744
59.3915625,8.80151987075806
59.3948958333333,8.79979133605957
59.3982291666667,8.79794359207153
59.4015625,8.7960958480835
59.4048958333333,8.79436731338501
59.4082291666667,8.79275798797607
59.4115625,8.79138708114624
59.4148958333333,8.79031419754028
59.4182291666667,8.78947973251343
59.4215625,8.78900289535522
59.4248958333333,8.78876447677612
59.4282291666667,8.7888240814209
59.4315625,8.78918170928955
59.4348958333333,8.78971815109253
59.4382291666667,8.79049301147461
59.4415625,8.79144668579102
59.4448958333333,8.79251956939697
59.4482291666667,8.79365205764771
59.4515625,8.79484415054321
59.4548958333333,8.79603624343872
59.4582291666667,8.79722833633423
59.4615625,8.79824161529541
59.4648958333333,8.79919528961182
59.4682291666667,8.80002975463867
59.4715625,8.8006854057312
59.4748958333333,8.80122184753418
59.4782291666667,8.80163908004761
59.4815625,8.80199670791626
59.4848958333333,8.80229473114014
59.4882291666667,8.80253314971924
59.4915625,8.80289077758789
59.4948958333333,8.80336761474609
59.4982291666667,8.80402326583862
59.5015625,8.80485773086548
59.5048958333333,8.80599021911621
59.5082291666667,8.8074803352356
59.5115625,8.80938768386841
59.5148958333333,8.81171226501465
59.5182291666667,8.81451368331909
59.5215625,8.81773233413696
59.5248958333333,8.82136821746826
59.5282291666667,8.82542133331299
59.5315625,8.82977247238159
59.5348958333333,8.83430242538452
59.5382291666667,8.83907079696655
59.5415625,8.84383916854858
59.5448958333333,8.84866714477539
59.5482291666667,8.85337591171265
59.5515625,8.85802507400513
59.5548958333333,8.86249542236328
59.5582291666667,8.86678695678711
59.5615625,8.87084007263184
59.5648958333333,8.87465476989746
59.5682291666667,8.87817144393921
59.5715625,8.88139009475708
59.5748958333333,8.8842511177063
59.5782291666667,8.88681411743164
59.5815625,8.88895988464355
59.5848958333333,8.89080762863159
59.5882291666667,8.89229774475098
59.5915625,8.89354944229126
59.5948958333333,8.89450311660767
59.5982291666667,8.89527797698975
59.6015625,8.89593362808228
59.6048958333333,8.89652967453003
59.6082291666667,8.89718532562256
59.6115625,8.89784097671509
59.6148958333333,8.89867544174194
59.6182291666667,8.89962911605835
59.6215625,8.90082120895386
59.6248958333333,8.90225172042847
59.6282291666667,8.90392065048218
59.6315625,8.90576839447021
59.6348958333333,8.90785455703735
59.6382291666667,8.91005992889404
59.6415625,8.91250371932983
59.6448958333333,8.91506671905518
59.6482291666667,8.91768932342529
59.6515625,8.92037153244019
59.6548958333333,8.92311334609985
59.6582291666667,8.92585515975952
59.6615625,8.92865657806396
59.6648958333333,8.93151760101318
59.6682291666667,8.9343786239624
59.6715625,8.9372992515564
59.6748958333333,8.94016027450562
59.6782291666667,8.94302129745483
59.6815625,8.94594192504883
59.6848958333333,8.94886255264282
59.6882291666667,8.95172357559204
59.6915625,8.95458459854126
59.6948958333333,8.95750522613525
59.6982291666667,8.96042585372925
59.7015625,8.96340608596802
59.7048958333333,8.96644592285156
59.7082291666667,8.96966457366943
59.7115625,8.97300243377686
59.7148958333333,8.97645950317383
59.7182291666667,8.98009538650513
59.7215625,8.98391008377075
59.7248958333333,8.98778438568115
59.7282291666667,8.99183750152588
59.7315625,8.99595022201538
59.7348958333333,9.00012254714966
59.7382291666667,9.00435447692871
59.7415625,9.00864601135254
59.7448958333333,9.01299715042114
59.7482291666667,9.01734828948975
59.7515625,9.02163982391357
59.7548958333333,9.0259313583374
59.7582291666667,9.03016328811646
59.7615625,9.03427600860596
59.7648958333333,9.03832912445068
59.7682291666667,9.04220342636108
59.7715625,9.04589891433716
59.7748958333333,9.04941558837891
59.7782291666667,9.05269384384155
59.7815625,9.0557336807251
59.7848958333333,9.05853509902954
59.7882291666667,9.06109809875488
59.7915625,9.06342267990112
59.7948958333333,9.06544923782349
59.7982291666667,9.06723737716675
59.8015625,9.06884670257568
59.8048958333333,9.07027721405029
59.8082291666667,9.07152891159058
59.8115625,9.07272100448608
59.8148958333333,9.07379388809204
59.8182291666667,9.07480716705322
59.8215625,9.0758204460144
59.8248958333333,9.07677412033081
59.8282291666667,9.07778739929199
59.8315625,9.0787410736084
59.8348958333333,9.0796947479248
59.8382291666667,9.08070802688599
59.8415625,9.08178091049194
59.8448958333333,9.08303260803223
59.8482291666667,9.08452272415161
59.8515625,9.08619165420532
59.8548958333333,9.08815860748291
59.8582291666667,9.09042358398438
59.8615625,9.09292697906494
59.8648958333333,9.09560918807983
59.8682291666667,9.09847021102905
59.8715625,9.10139083862305
59.8748958333333,9.10425186157227
59.8782291666667,9.10705327987671
59.8815625,9.10967588424683
59.8848958333333,9.11217927932739
59.8882291666667,9.11444425582886
59.8915625,9.116530418396
59.8948958333333,9.11849737167358
59.8982291666667,9.12028551101685
59.9015625,9.12201404571533
59.9048958333333,9.12368297576904
59.9082291666667,9.1252326965332
59.9115625,9.12678241729736
59.9148958333333,9.12821292877197
59.9182291666667,9.12964344024658
59.9215625,9.13095474243164
59.9248958333333,9.13220643997192
59.9282291666667,9.13339853286743
59.9315625,9.13459062576294
59.9348958333333,9.13572311401367
59.9382291666667,9.13691520690918
59.9415625,9.13810729980469
59.9448958333333,9.1392993927002
59.9482291666667,9.14067029953003
59.9515625,9.14204120635986
59.9548958333333,9.14359092712402
59.9582291666667,9.14520025253296
59.9615625,9.14686918258667
59.9648958333333,9.14865732192993
59.9682291666667,9.15056467056274
59.9715625,9.15253162384033
59.9748958333333,9.15461778640747
59.9782291666667,9.15670394897461
59.9815625,9.1589093208313
59.9848958333333,9.16111469268799
59.9882291666667,9.1632604598999
59.9915625,9.16546583175659
59.9948958333333,9.16755199432373
59.9982291666667,9.16951894760132
60.0015625,9.17136669158936
60.0048958333333,9.17303562164307
60.0082291666667,9.17452573776245
60.0115625,9.17589664459229
60.0148958333333,9.17708873748779
60.0182291666667,9.17822122573853
60.0215625,9.17923450469971
60.0248958333333,9.18018817901611
60.0282291666667,9.18114185333252
60.0315625,9.1821551322937
60.0348958333333,9.18316841125488
60.0382291666667,9.18424129486084
60.0415625,9.18537378311157
60.0448958333333,9.18656587600708
60.0482291666667,9.18775796890259
60.0515625,9.18900966644287
60.0548958333333,9.19020175933838
60.0582291666667,9.19139385223389
60.0615625,9.19252634048462
60.0648958333333,9.1935396194458
60.0682291666667,9.19455289840698
60.0715625,9.19550657272339
60.0748958333333,9.19640064239502
60.0782291666667,9.19723510742188
60.0815625,9.19812917709351
60.0848958333333,9.19908285140991
60.0882291666667,9.20009613037109
60.0915625,9.20116901397705
60.0948958333333,9.20236110687256
60.0982291666667,9.20367240905762
60.1015625,9.20510292053223
60.1048958333333,9.20665264129639
60.1082291666667,9.20820236206055
60.1115625,9.20987129211426
60.1148958333333,9.21154022216797
60.1182291666667,9.2131495475769
60.1215625,9.21475887298584
60.1248958333333,9.21630859375
60.1282291666667,9.21779870986938
60.1315625,9.21916961669922
60.1348958333333,9.22048091888428
60.1382291666667,9.22173261642456
60.1415625,9.22292470932007
60.1448958333333,9.22411680221558
60.1482291666667,9.22524929046631
60.1515625,9.22638177871704
60.1548958333333,9.22751426696777
60.1582291666667,9.22870635986328
60.1615625,9.22995805740356
60.1648958333333,9.23126935958862
60.1682291666667,9.23258066177368
60.1715625,9.23401117324829
60.1748958333333,9.2354416847229
60.1782291666667,9.23699140548706
60.1815625,9.23848152160645
60.1848958333333,9.24009084701538
60.1882291666667,9.24164056777954
60.1915625,9.24324989318848
60.1948958333333,9.24479961395264
60.1982291666667,9.2463493347168
60.2015625,9.24783945083618
60.2048958333333,9.24921035766602
60.2082291666667,9.25058126449585
60.2115625,9.25183296203613
60.2148958333333,9.25296545028687
60.2182291666667,9.25397872924805
60.2215625,9.25499200820923
60.2248958333333,9.25594568252563
60.2282291666667,9.25683975219727
60.2315625,9.25779342651367
60.2348958333333,9.25874710083008
60.2382291666667,9.25976037979126
60.2415625,9.26077365875244
60.2448958333333,9.26190614700317
60.2482291666667,9.26309823989868
60.2515625,9.26434993743896
60.2548958333333,9.26566123962402
60.2582291666667,9.26709175109863
60.2615625,9.26870107650757
60.2648958333333,9.27042961120605
60.2682291666667,9.27233695983887
60.2715625,9.27448272705078
60.2748958333333,9.2768669128418
60.2782291666667,9.27954912185669
60.2815625,9.28241014480591
60.2848958333333,9.285569190979
60.2882291666667,9.2889666557312
60.2915625,9.29248332977295
60.2948958333333,9.29617881774902
60.2982291666667,9.29993391036987
60.3015625,9.30368900299072
60.3048958333333,9.30750370025635
60.3082291666667,9.31119918823242
60.3115625,9.31477546691895
60.3148958333333,9.31823253631592
60.3182291666667,9.32151079177856
60.3215625,9.32461023330688
60.3248958333333,9.3274712562561
60.3282291666667,9.330153465271
60.3315625,9.33265686035156
60.3348958333333,9.3349814414978
60.3382291666667,9.33712720870972
60.3415625,9.33915376663208
60.3448958333333,9.34100151062012
60.3482291666667,9.3427300453186
60.3515625,9.34445858001709
60.3548958333333,9.34606790542603
60.3582291666667,9.34755802154541
60.3615625,9.34904813766479
60.3648958333333,9.35041904449463
60.3682291666667,9.35167074203491
60.3715625,9.35280323028564
60.3748958333333,9.35381650924683
60.3782291666667,9.35477018356323
60.3815625,9.35554504394531
60.3848958333333,9.35620069503784
60.3882291666667,9.35685634613037
60.3915625,9.35745239257813
60.3948958333333,9.35804843902588
60.3982291666667,9.35870409011841
60.4015625,9.35947895050049
60.4048958333333,9.36031341552734
60.4082291666667,9.3613862991333
60.4115625,9.36257839202881
60.4148958333333,9.36394929885864
60.4182291666667,9.3654990196228
60.4215625,9.36722755432129
60.4248958333333,9.36901569366455
60.4282291666667,9.37098264694214
60.4315625,9.37294960021973
60.4348958333333,9.37497615814209
60.4382291666667,9.37700271606445
60.4415625,9.37896966934204
60.4448958333333,9.38093662261963
60.4482291666667,9.38284397125244
60.4515625,9.38469171524048
60.4548958333333,9.38642024993896
60.4582291666667,9.38814878463745
60.4615625,9.38975811004639
60.4648958333333,9.39124822616577
60.4682291666667,9.39273834228516
60.4715625,9.39410924911499
60.4748958333333,9.39536094665527
60.4782291666667,9.39655303955078
60.4815625,9.39768552780151
60.4848958333333,9.39875841140747
60.4882291666667,9.39977169036865
60.4915625,9.40072536468506
60.4948958333333,9.40167903900146
60.4982291666667,9.40263271331787
60.5015625,9.40358638763428
60.5048958333333,9.40459966659546
60.5082291666667,9.40567255020142
60.5115625,9.40680503845215
60.5148958333333,9.40805673599243
60.5182291666667,9.40942764282227
60.5215625,9.41091775894165
60.5248958333333,9.41252708435059
60.5282291666667,9.41437482833862
60.5315625,9.41640138626099
60.5348958333333,9.41872596740723
60.5382291666667,9.42122936248779
60.5415625,9.42391157150269
60.5448958333333,9.42689180374146
60.5482291666667,9.42999124526978
60.5515625,9.4333291053772
60.5548958333333,9.43678617477417
60.5582291666667,9.44030284881592
60.5615625,9.44381952285767
60.5648958333333,9.44739580154419
60.5682291666667,9.45097208023071
60.5715625,9.45448875427246
60.5748958333333,9.45794582366943
60.5782291666667,9.46122407913208
60.5815625,9.46444272994995
60.5848958333333,9.46742296218872
60.5882291666667,9.47022438049316
60.5915625,9.47278738021851
60.5948958333333,9.47511196136475
60.5982291666667,9.47713851928711
60.6015625,9.4788670539856
60.6048958333333,9.48041677474976
60.6082291666667,9.48172807693481
60.6115625,9.48286056518555
60.6148958333333,9.48399305343628
60.6182291666667,9.48506593704224
60.6215625,9.48613882064819
60.6248958333333,9.48727130889893
60.6282291666667,9.48852300643921
60.6315625,9.48977470397949
60.6348958333333,9.49102640151978
60.6382291666667,9.49227809906006
60.6415625,9.49347019195557
60.6448958333333,9.49454307556152
60.6482291666667,9.49549674987793
60.6515625,9.49633121490479
60.6548958333333,9.49716567993164
60.6582291666667,9.49794054031372
60.6615625,9.49877500534058
60.6648958333333,9.49972867965698
60.6682291666667,9.50080156326294
60.6715625,9.50205326080322
60.6748958333333,9.50354337692261
60.6782291666667,9.50515270233154
60.6815625,9.50700044631958
60.6848958333333,9.50896739959717
60.6882291666667,9.51099395751953
60.6915625,9.51313972473145
60.6948958333333,9.51534509658813
60.6982291666667,9.51749086380005
60.7015625,9.51963663101196
60.7048958333333,9.52178239822388
60.7082291666667,9.52386856079102
60.7115625,9.5258355140686
60.7148958333333,9.52774286270142
60.7182291666667,9.52959060668945
60.7215625,9.53125953674316
60.7248958333333,9.5328688621521
60.7282291666667,9.53429937362671
60.7315625,9.53567028045654
60.7348958333333,9.53692197799683
60.7382291666667,9.53805446624756
60.7415625,9.53906774520874
60.7448958333333,9.54008102416992
60.7482291666667,9.54103469848633
60.7515625,9.54198837280273
60.7548958333333,9.54300165176392
60.7582291666667,9.54413414001465
60.7615625,9.54532623291016
60.7648958333333,9.54663753509521
60.7682291666667,9.5481276512146
60.7715625,9.54979658126831
60.7748958333333,9.55170392990112
60.7782291666667,9.55373048782349
60.7815625,9.55599546432495
60.7848958333333,9.55849885940552
60.7882291666667,9.56118106842041
60.7915625,9.5641016960144
60.7948958333333,9.56720113754272
60.7982291666667,9.57053899765015
60.8015625,9.57405567169189
60.8048958333333,9.57781076431274
60.8082291666667,9.58174467086792
60.8115625,9.58579778671265
60.8148958333333,9.5900297164917
60.8182291666667,9.59444046020508
60.8215625,9.59908962249756
60.8248958333333,9.60385799407959
60.8282291666667,9.60874557495117
60.8315625,9.61381196975708
60.8348958333333,9.61893796920776
60.8382291666667,9.62406396865845
60.8415625,9.62918996810913
60.8448958333333,9.63413715362549
60.8482291666667,9.63884592056274
60.8515625,9.64325666427612
60.8548958333333,9.64730978012085
60.8582291666667,9.65094566345215
60.8615625,9.65404510498047
60.8648958333333,9.65678691864014
60.8682291666667,9.65899229049683
60.8715625,9.66078042984009
60.8748958333333,9.6622109413147
60.8782291666667,9.66322422027588
60.8815625,9.66393947601318
60.8848958333333,9.66429710388184
60.8882291666667,9.66453552246094
60.8915625,9.66453552246094
60.8948958333333,9.66453552246094
60.8982291666667,9.66453552246094
60.9015625,9.66459512710571
60.9048958333333,9.66489315032959
60.9082291666667,9.66536998748779
60.9115625,9.66620445251465
60.9148958333333,9.66733694076538
60.9182291666667,9.66876745223999
60.9215625,9.67049598693848
60.9248958333333,9.67252254486084
60.9282291666667,9.67484712600708
60.9315625,9.67735052108765
60.9348958333333,9.67997312545776
60.9382291666667,9.68277454376221
60.9415625,9.68563556671143
60.9448958333333,9.6886157989502
60.9482291666667,9.69165563583374
60.9515625,9.69469547271729
60.9548958333333,9.69773530960083
60.9582291666667,9.70083475112915
60.9615625,9.70393419265747
60.9648958333333,9.70709323883057
60.9682291666667,9.71025228500366
60.9715625,9.71347093582153
60.9748958333333,9.7166895866394
60.9782291666667,9.72002744674683
60.9815625,9.72336530685425
60.9848958333333,9.72676277160645
60.9882291666667,9.73016023635864
60.9915625,9.73361730575562
60.9948958333333,9.73701477050781
60.9982291666667,9.74035263061523
61.0015625,9.74351167678833
61.0048958333333,9.7464919090271
61.0082291666667,9.74929332733154
61.0115625,9.75173711776733
61.0148958333333,9.75388288497925
61.0182291666667,9.75567102432251
61.0215625,9.75710153579712
61.0248958333333,9.7581148147583
61.0282291666667,9.75888967514038
61.0315625,9.75936651229858
61.0348958333333,9.75960493087769
61.0382291666667,9.75972414016724
61.0415625,9.75984334945679
61.0448958333333,9.75990295410156
61.0482291666667,9.76014137268066
61.0515625,9.76049900054932
61.0548958333333,9.76109504699707
61.0582291666667,9.7619891166687
61.0615625,9.76318120956421
61.0648958333333,9.76461172103882
61.0682291666667,9.76639986038208
61.0715625,9.76848602294922
61.0748958333333,9.77087020874023
61.0782291666667,9.77343320846558
61.0815625,9.77623462677002
61.0848958333333,9.77927446365356
61.0882291666667,9.78243350982666
61.0915625,9.78571176528931
61.0948958333333,9.78916883468628
61.0982291666667,9.7927451133728
61.1015625,9.79644060134888
61.1048958333333,9.80019569396973
61.1082291666667,9.80406999588013
61.1115625,9.80806350708008
61.1148958333333,9.8121166229248
61.1182291666667,9.81622934341431
61.1215625,9.82040166854858
61.1248958333333,9.82457399368286
61.1282291666667,9.82886552810669
61.1315625,9.83309745788574
61.1348958333333,9.83738899230957
61.1382291666667,9.84156131744385
61.1415625,9.84567403793335
61.1448958333333,9.84972715377808
61.1482291666667,9.85360145568848
61.1515625,9.85735654830933
61.1548958333333,9.86093282699585
61.1582291666667,9.86427068710327
61.1615625,9.86737012863159
61.1648958333333,9.87011194229126
61.1682291666667,9.87261533737183
61.1715625,9.87476110458374
61.1748958333333,9.87660884857178
61.1782291666667,9.87809896469116
61.1815625,9.87929105758667
61.1848958333333,9.88024473190308
61.1882291666667,9.88095998764038
61.1915625,9.88149642944336
61.1948958333333,9.88197326660156
61.1982291666667,9.88239049911499
61.2015625,9.88274812698364
61.2048958333333,9.88316535949707
61.2082291666667,9.88364219665527
61.2115625,9.8842978477478
61.2148958333333,9.88507270812988
61.2182291666667,9.88614559173584
61.2215625,9.88739728927612
61.2248958333333,9.88900661468506
61.2282291666667,9.89091396331787
61.2315625,9.89311933517456
61.2348958333333,9.89562273025513
61.2382291666667,9.89842414855957
61.2415625,9.90146398544312
61.2448958333333,9.90468263626099
61.2482291666667,9.90802049636841
61.2515625,9.91141796112061
61.2548958333333,9.9148154258728
61.2582291666667,9.91815328598022
61.2615625,9.92143154144287
61.2648958333333,9.92465019226074
61.2682291666667,9.92774963378906
61.2715625,9.93078947067261
61.2748958333333,9.9337100982666
61.2782291666667,9.9366307258606
61.2815625,9.93943214416504
61.2848958333333,9.94217395782471
61.2882291666667,9.9448561668396
61.2915625,9.94747877120972
61.2948958333333,9.95004177093506
61.2982291666667,9.9526047706604
61.3015625,9.95516777038574
61.3048958333333,9.95779037475586
61.3082291666667,9.96047258377075
61.3115625,9.9632740020752
61.3148958333333,9.96619462966919
61.3182291666667,9.96923446655273
61.3215625,9.97239351272583
61.3248958333333,9.97567176818848
61.3282291666667,9.97895002365112
61.3315625,9.98228788375854
61.3348958333333,9.98562574386597
61.3382291666667,9.98884439468384
61.3415625,9.99200344085693
61.3448958333333,9.99504327774048
61.3482291666667,9.99802350997925
61.3515625,10.0008249282837
61.3548958333333,10.0035667419434
61.3582291666667,10.0061893463135
61.3615625,10.0087523460388
61.3648958333333,10.0111961364746
61.3682291666667,10.0135207176208
61.3715625,10.0158452987671
61.3748958333333,10.0181102752686
61.3782291666667,10.02037525177
61.3815625,10.0226402282715
61.3848958333333,10.0250244140625
61.3882291666667,10.0274682044983
61.3915625,10.0301504135132
61.3948958333333,10.0330114364624
61.3982291666667,10.0361704826355
61.4015625,10.0396275520325
61.4048958333333,10.0433230400085
61.4082291666667,10.0473761558533
61.4115625,10.0516676902771
61.4148958333333,10.0563168525696
61.4182291666667,10.0612640380859
61.4215625,10.0664496421814
61.4248958333333,10.0719928741455
61.4282291666667,10.0777745246887
61.4315625,10.083794593811
61.4348958333333,10.0900530815125
61.4382291666667,10.0966095924377
61.4415625,10.1033449172974
61.4448958333333,10.1103186607361
61.4482291666667,10.1174712181091
61.4515625,10.1247429847717
61.4548958333333,10.1321935653687
61.4582291666667,10.1397633552551
61.4615625,10.1474523544312
61.4648958333333,10.1552605628967
61.4682291666667,10.1631283760071
61.4715625,10.1710557937622
61.4748958333333,10.1791024208069
61.4782291666667,10.1872086524963
61.4815625,10.1953744888306
61.4848958333333,10.2035999298096
61.4882291666667,10.2119445800781
61.4915625,10.2202892303467
61.4948958333333,10.2286338806152
61.4982291666667,10.236918926239
61.5015625,10.245144367218
61.5048958333333,10.2532505989075
61.5082291666667,10.2612972259521
61.5115625,10.2691650390625
61.5148958333333,10.2768540382385
61.5182291666667,10.284423828125
61.5215625,10.2918744087219
61.5248958333333,10.2990865707397
61.5282291666667,10.3062391281128
61.5315625,10.3131532669067
61.5348958333333,10.3198885917664
61.5382291666667,10.3263854980469
61.5415625,10.3327035903931
61.5448958333333,10.3387236595154
61.5482291666667,10.3444457054138
61.5515625,10.3498697280884
61.5548958333333,10.3549361228943
61.5582291666667,10.3595852851868
61.5615625,10.3638768196106
61.5648958333333,10.3676915168762
61.5682291666667,10.3710293769836
61.5715625,10.3738903999329
61.5748958333333,10.3762149810791
61.5782291666667,10.3780627250671
61.5815625,10.3793144226074
61.5848958333333,10.3801488876343
61.5882291666667,10.3804469108582
61.5915625,10.3803277015686
61.5948958333333,10.3798508644104
61.5982291666667,10.3790163993835
61.6015625,10.3778839111328
61.6048958333333,10.3765726089478
61.6082291666667,10.3751420974731
61.6115625,10.3735327720642
61.6148958333333,10.3718638420105
61.6182291666667,10.3701949119568
61.6215625,10.3684663772583
61.6248958333333,10.366678237915
61.6282291666667,10.3648900985718
61.6315625,10.3630423545837
61.6348958333333,10.3611946105957
61.6382291666667,10.3592872619629
61.6415625,10.3572607040405
61.6448958333333,10.3552341461182
61.6482291666667,10.3530883789063
61.6515625,10.3508830070496
61.6548958333333,10.3486180305481
61.6582291666667,10.3461742401123
61.6615625,10.343611240387
61.6648958333333,10.3409886360168
61.6682291666667,10.3381872177124
61.6715625,10.3352665901184
61.6748958333333,10.3322863578796
61.6782291666667,10.3291869163513
61.6815625,10.326087474823
61.6848958333333,10.3230476379395
61.6882291666667,10.3200674057007
61.6915625,10.3172063827515
61.6948958333333,10.3145241737366
61.6982291666667,10.3119611740112
61.7015625,10.3096961975098
61.7048958333333,10.3076100349426
61.7082291666667,10.3058218955994
61.7115625,10.3042721748352
61.7148958333333,10.3030800819397
61.7182291666667,10.3023052215576
61.7215625,10.3018283843994
61.7248958333333,10.3018879890442
61.7282291666667,10.3023052215576
61.7315625,10.3031992912292
61.7348958333333,10.3045701980591
61.7382291666667,10.3062987327576
61.7415625,10.3083848953247
61.7448958333333,10.3108286857605
61.7482291666667,10.3135108947754
61.7515625,10.3164911270142
61.7548958333333,10.3195905685425
61.7582291666667,10.3229880332947
61.7615625,10.3265047073364
61.7648958333333,10.3301405906677
61.7682291666667,10.3340148925781
61.7715625,10.3379487991333
61.7748958333333,10.3420615196228
61.7782291666667,10.3461742401123
61.7815625,10.3502869606018
61.7848958333333,10.3543400764465
61.7882291666667,10.3582739830017
61.7915625,10.3619694709778
61.7948958333333,10.3654265403748
61.7982291666667,10.3685855865479
61.8015625,10.3715062141418
61.8048958333333,10.3740692138672
61.8082291666667,10.3762745857239
61.8115625,10.3781819343567
61.8148958333333,10.3797912597656
61.8182291666667,10.3811025619507
61.8215625,10.3821754455566
61.8248958333333,10.3830099105835
61.8282291666667,10.3836059570313
61.8315625,10.3841423988342
61.8348958333333,10.3845000267029
61.8382291666667,10.3848576545715
61.8415625,10.3851556777954
61.8448958333333,10.3855729103088
61.8482291666667,10.386049747467
61.8515625,10.38658618927
61.8548958333333,10.3873014450073
61.8582291666667,10.388195514679
61.8615625,10.3892087936401
61.8648958333333,10.3903412818909
61.8682291666667,10.3915929794312
61.8715625,10.3929042816162
61.8748958333333,10.394275188446
61.8782291666667,10.3955864906311
61.8815625,10.3967785835266
61.8848958333333,10.3978514671326
61.8882291666667,10.3986263275146
61.8915625,10.3991627693176
61.8948958333333,10.3992819786072
61.8982291666667,10.3991031646729
61.9015625,10.3985071182251
61.9048958333333,10.3974938392639
61.9082291666667,10.3960633277893
61.9115625,10.3942155838013
61.9148958333333,10.391891002655
61.9182291666667,10.3891491889954
61.9215625,10.3859901428223
61.9248958333333,10.3824138641357
61.9282291666667,10.3784799575806
61.9315625,10.3741884231567
61.9348958333333,10.369598865509
61.9382291666667,10.364830493927
61.9415625,10.3598833084106
61.9448958333333,10.3548765182495
61.9482291666667,10.3498697280884
61.9515625,10.3449821472168
61.9548958333333,10.3400945663452
61.9582291666667,10.3353261947632
61.9615625,10.3306770324707
61.9648958333333,10.3261470794678
61.9682291666667,10.3217959403992
61.9715625,10.3175640106201
61.9748958333333,10.3134512901306
61.9782291666667,10.3095173835754
61.9815625,10.3057026863098
61.9848958333333,10.3020668029785
61.9882291666667,10.2986097335815
61.9915625,10.2952718734741
61.9948958333333,10.292112827301
61.9982291666667,10.2890729904175
62.0015625,10.2860927581787
62.0048958333333,10.2831721305847
62.0082291666667,10.2802515029907
62.0115625,10.2773308753967
62.0148958333333,10.2744698524475
62.0182291666667,10.2715492248535
62.0215625,10.2686285972595
62.0248958333333,10.2657675743103
62.0282291666667,10.2629661560059
62.0315625,10.2602243423462
62.0348958333333,10.2575421333313
62.0382291666667,10.254979133606
62.0415625,10.2525353431702
62.0448958333333,10.2501511573792
62.0482291666667,10.2478861808777
62.0515625,10.2457404136658
62.0548958333333,10.2436542510986
62.0582291666667,10.241687297821
62.0615625,10.239839553833
62.0648958333333,10.2381110191345
62.0682291666667,10.2365016937256
62.0715625,10.2350115776062
62.0748958333333,10.2336406707764
62.0782291666667,10.2323293685913
62.0815625,10.2311372756958
62.0848958333333,10.2300047874451
62.0882291666667,10.2289915084839
62.0915625,10.2279186248779
62.0948958333333,10.2269649505615
62.0982291666667,10.2259516716003
62.1015625,10.2249979972839
62.1048958333333,10.2241039276123
62.1082291666667,10.2232694625854
62.1115625,10.2224349975586
62.1148958333333,10.2216005325317
62.1182291666667,10.2207660675049
62.1215625,10.2199912071228
62.1248958333333,10.2192163467407
62.1282291666667,10.2184414863586
62.1315625,10.2176666259766
62.1348958333333,10.2168917655945
62.1382291666667,10.2160573005676
62.1415625,10.2152228355408
62.1448958333333,10.2143287658691
62.1482291666667,10.2133750915527
62.1515625,10.2123618125916
62.1548958333333,10.2112889289856
62.1582291666667,10.2101564407349
62.1615625,10.2089047431946
62.1648958333333,10.2077126502991
62.1682291666667,10.2064609527588
62.1715625,10.2052092552185
62.1748958333333,10.204017162323
62.1782291666667,10.202944278717
62.1815625,10.2019906044006
62.1848958333333,10.2011561393738
62.1882291666667,10.200560092926
62.1915625,10.2000832557678
62.1948958333333,10.1998448371887
62.1982291666667,10.1998448371887
62.2015625,10.200023651123
62.2048958333333,10.2004408836365
62.2082291666667,10.201096534729
62.2115625,10.2020502090454
62.2148958333333,10.2031826972961
62.2182291666667,10.2046728134155
62.2215625,10.2064609527588
62.2248958333333,10.2085471153259
62.2282291666667,10.2109313011169
62.2315625,10.2136135101318
62.2348958333333,10.2164745330811
62.2382291666667,10.2194547653198
62.2415625,10.2226138114929
62.2448958333333,10.225772857666
62.2482291666667,10.2289319038391
62.2515625,10.2320909500122
62.2548958333333,10.2351903915405
62.2582291666667,10.2382302284241
62.2615625,10.2411508560181
62.2648958333333,10.2440118789673
62.2682291666667,10.246753692627
62.2715625,10.2494359016418
62.2748958333333,10.2518796920776
62.2782291666667,10.2541446685791
62.2815625,10.2561116218567
62.2848958333333,10.2577805519104
62.2882291666667,10.2590322494507
62.2915625,10.2599263191223
62.2948958333333,10.2604627609253
62.2982291666667,10.2605819702148
62.3015625,10.2603435516357
62.3048958333333,10.259747505188
62.3082291666667,10.2589130401611
62.3115625,10.2577805519104
62.3148958333333,10.2564096450806
62.3182291666667,10.2548003196716
62.3215625,10.2529525756836
62.3248958333333,10.2508664131165
62.3282291666667,10.248601436615
62.3315625,10.2460980415344
62.3348958333333,10.24329662323
62.3382291666667,10.2403163909912
62.3415625,10.2370977401733
62.3448958333333,10.2335810661316
62.3482291666667,10.2298855781555
62.3515625,10.2259516716003
62.3548958333333,10.2218985557556
62.3582291666667,10.2177262306213
62.3615625,10.2134943008423
62.3648958333333,10.2092027664185
62.3682291666667,10.2049112319946
62.3715625,10.2007389068604
62.3748958333333,10.1966261863708
62.3782291666667,10.1926922798157
62.3815625,10.1889371871948
62.3848958333333,10.1853609085083
62.3882291666667,10.1820230484009
62.3915625,10.1789236068726
62.3948958333333,10.1760625839233
62.3982291666667,10.1734399795532
62.4015625,10.1710557937622
62.4048958333333,10.1689100265503
62.4082291666667,10.1670622825623
62.4115625,10.1653933525085
62.4148958333333,10.1639628410339
62.4182291666667,10.1627707481384
62.4215625,10.161817073822
62.4248958333333,10.1610422134399
62.4282291666667,10.160505771637
62.4315625,10.1602077484131
62.4348958333333,10.1600885391235
62.4382291666667,10.1601481437683
62.4415625,10.1603865623474
62.4448958333333,10.1607441902161
62.4482291666667,10.1611614227295
62.4515625,10.1616382598877
62.4548958333333,10.1621150970459
62.4582291666667,10.1625919342041
62.4615625,10.1630091667175
62.4648958333333,10.163426399231
62.4682291666667,10.1637244224548
62.4715625,10.1638436317444
62.4748958333333,10.1639032363892
62.4782291666667,10.1638436317444
62.4815625,10.1635456085205
62.4848958333333,10.1631283760071
62.4882291666667,10.1625323295593
62.4915625,10.1617574691772
62.4948958333333,10.1608633995056
62.4982291666667,10.1597905158997
62.5015625,10.1586580276489
62.5048958333333,10.1574063301086
62.5082291666667,10.1562142372131
62.5115625,10.1550221443176
62.5148958333333,10.1538300514221
62.5182291666667,10.1527571678162
62.5215625,10.151743888855
62.5248958333333,10.1507902145386
62.5282291666667,10.1498961448669
62.5315625,10.1490616798401
62.5348958333333,10.1481676101685
62.5382291666667,10.1472735404968
62.5415625,10.1462006568909
62.5448958333333,10.1450085639954
62.5482291666667,10.1435780525208
62.5515625,10.1420283317566
62.5548958333333,10.1401805877686
62.5582291666667,10.138213634491
62.5615625,10.1359486579895
62.5648958333333,10.1335048675537
62.5682291666667,10.1308226585388
62.5715625,10.1279616355896
62.5748958333333,10.1248621940613
62.5782291666667,10.1216435432434
62.5815625,10.1182460784912
62.5848958333333,10.1147294044495
62.5882291666667,10.1110935211182
62.5915625,10.1073980331421
62.5948958333333,10.103702545166
62.5982291666667,10.0999474525452
62.6015625,10.0963115692139
62.6048958333333,10.0926756858826
62.6082291666667,10.089099407196
62.6115625,10.0856423377991
62.6148958333333,10.0823044776917
62.6182291666667,10.0791454315186
62.6215625,10.0762248039246
62.6248958333333,10.0734829902649
62.6282291666667,10.0709795951843
62.6315625,10.0687146186829
62.6348958333333,10.0667476654053
62.6382291666667,10.0650191307068
62.6415625,10.0635290145874
62.6448958333333,10.0622773170471
62.6482291666667,10.0611448287964
62.6515625,10.06019115448
62.6548958333333,10.0592970848083
62.6582291666667,10.0584626197815
62.6615625,10.0577473640442
62.6648958333333,10.0570917129517
62.6682291666667,10.0564956665039
62.6715625,10.0558996200562
62.6748958333333,10.0554227828979
62.6782291666667,10.0550651550293
62.6815625,10.0548267364502
62.6848958333333,10.0547075271606
62.6882291666667,10.0547671318054
62.6915625,10.0550055503845
62.6948958333333,10.0554227828979
62.6982291666667,10.0560188293457
62.7015625,10.0567936897278
62.7048958333333,10.057806968689
62.7082291666667,10.0589394569397
62.7115625,10.06019115448
62.7148958333333,10.0615620613098
62.7182291666667,10.0630521774292
62.7215625,10.0646018981934
62.7248958333333,10.0662708282471
62.7282291666667,10.0679993629456
62.7315625,10.0698471069336
62.7348958333333,10.0717544555664
62.7382291666667,10.073721408844
62.7415625,10.0758075714111
62.7448958333333,10.0780129432678
62.7482291666667,10.0802183151245
62.7515625,10.0824236869812
62.7548958333333,10.0846290588379
62.7582291666667,10.0867748260498
62.7615625,10.0888013839722
62.7648958333333,10.0907683372498
62.7682291666667,10.092556476593
62.7715625,10.094165802002
62.7748958333333,10.0956559181213
62.7782291666667,10.0969076156616
62.7815625,10.0980401039124
62.7848958333333,10.098934173584
62.7882291666667,10.0997686386108
62.7915625,10.1003646850586
62.7948958333333,10.1008415222168
62.7982291666667,10.1011395454407
62.8015625,10.1011991500854
62.8048958333333,10.1010799407959
62.8082291666667,10.1007223129272
62.8115625,10.1000666618347
62.8148958333333,10.0991129875183
62.8182291666667,10.097861289978
62.8215625,10.0963711738586
62.8248958333333,10.0945830345154
62.8282291666667,10.0926160812378
62.8315625,10.0904107093811
62.8348958333333,10.0880861282349
62.8382291666667,10.0855827331543
62.8415625,10.083019733429
62.8448958333333,10.0804567337036
62.8482291666667,10.0778341293335
62.8515625,10.0752711296082
62.8548958333333,10.0727081298828
62.8582291666667,10.0702047348022
62.8615625,10.0677013397217
62.8648958333333,10.0653171539307
62.8682291666667,10.0629925727844
62.8715625,10.060727596283
62.8748958333333,10.0585222244263
62.8782291666667,10.0563764572144
62.8815625,10.0542902946472
62.8848958333333,10.0523233413696
62.8882291666667,10.050356388092
62.8915625,10.048508644104
62.8948958333333,10.046660900116
62.8982291666667,10.0449323654175
62.9015625,10.0432634353638
62.9048958333333,10.0416541099548
62.9082291666667,10.0401639938354
62.9115625,10.0387334823608
62.9148958333333,10.0374221801758
62.9182291666667,10.036289691925
62.9215625,10.0353360176086
62.9248958333333,10.0345611572266
62.9282291666667,10.0340247154236
62.9315625,10.0337266921997
62.9348958333333,10.0337266921997
62.9382291666667,10.0340247154236
62.9415625,10.0345611572266
62.9448958333333,10.0353360176086
62.9482291666667,10.0363492965698
62.9515625,10.0375413894653
62.9548958333333,10.0388526916504
62.9582291666667,10.0402235984802
62.9615625,10.0416541099548
62.9648958333333,10.0430250167847
62.9682291666667,10.0443363189697
62.9715625,10.04558801651
62.9748958333333,10.046660900116
62.9782291666667,10.0476145744324
62.9815625,10.0483894348145
62.9848958333333,10.0489854812622
62.9882291666667,10.0494623184204
62.9915625,10.0497007369995
62.9948958333333,10.0497603416443
62.9982291666667,10.0496411323547
63.0015625,10.0492835044861
63.0048958333333,10.0488066673279
63.0082291666667,10.0481510162354
63.0115625,10.0473165512085
63.0148958333333,10.0463628768921
63.0182291666667,10.0453495979309
63.0215625,10.0442171096802
63.0248958333333,10.0429654121399
63.0282291666667,10.0417733192444
63.0315625,10.0405216217041
63.0348958333333,10.0392699241638
63.0382291666667,10.0380778312683
63.0415625,10.0369453430176
63.0448958333333,10.0359320640564
63.0482291666667,10.03497838974
63.0515625,10.0341439247131
63.0548958333333,10.0333690643311
63.0582291666667,10.0327134132385
63.0615625,10.0321173667908
63.0648958333333,10.0315809249878
63.0682291666667,10.0310444831848
63.0715625,10.0305676460266
63.0748958333333,10.0301504135132
63.0782291666667,10.0297927856445
63.0815625,10.0294351577759
63.0848958333333,10.0291967391968
63.0882291666667,10.0290775299072
63.0915625,10.0290179252625
63.0948958333333,10.0290179252625
63.0982291666667,10.029137134552
