0.00322916666666667,-0.123023986816406
0.0065625,-0.122725963592529
0.00989583333333333,-0.122129917144775
0.0132291666666667,-0.12129545211792
0.0165625,-0.120282173156738
0.0198958333333333,-0.119149684906006
0.0232291666666667,-0.117838382720947
0.0265625,-0.116467475891113
0.0298958333333333,-0.114977359771729
0.0332291666666667,-0.113308429718018
0.0365625,-0.111579895019531
0.0398958333333333,-0.109612941741943
0.0432291666666667,-0.107526779174805
0.0465625,-0.105142593383789
0.0498958333333333,-0.102579593658447
0.0532291666666667,-0.0997185707092285
0.0565625,-0.0965595245361328
0.0598958333333333,-0.0931024551391602
0.0632291666666667,-0.0893473625183105
0.0665625,-0.085294246673584
0.0698958333333333,-0.0809431076049805
0.0732291666666667,-0.0763535499572754
0.0765625,-0.071406364440918
0.0798958333333333,-0.0662803649902344
0.0832291666666667,-0.0608563423156738
0.0865625,-0.0551939010620117
0.0898958333333333,-0.049293041229248
0.0932291666666667,-0.0431537628173828
0.0965625,-0.0368952751159668
0.0998958333333333,-0.0303983688354492
0.103229166666667,-0.0237226486206055
0.1065625,-0.0168681144714355
0.109895833333333,-0.00989437103271484
0.113229166666667,-0.00286102294921875
0.1165625,0.00429153442382813
0.119895833333333,0.0115036964416504
0.123229166666667,0.018775463104248
0.1265625,0.0260472297668457
0.129895833333333,0.0333786010742188
0.133229166666667,0.0407099723815918
0.1365625,0.0479817390441895
0.139895833333333,0.0552535057067871
0.143229166666667,0.062406063079834
0.1465625,0.0694394111633301
0.149895833333333,0.0762939453125
0.153229166666667,0.0829696655273438
0.1565625,0.0893473625183105
0.159895833333333,0.0954866409301758
0.163229166666667,0.101268291473389
0.1665625,0.106692314147949
0.169895833333333,0.111758708953857
0.173229166666667,0.116467475891113
0.1765625,0.120759010314941
0.179895833333333,0.124752521514893
0.183229166666667,0.128448009490967
0.1865625,0.131785869598389
0.189895833333333,0.134885311126709
0.193229166666667,0.137746334075928
0.1965625,0.140368938446045
0.199895833333333,0.142872333526611
0.203229166666667,0.145196914672852
0.2065625,0.147402286529541
0.209895833333333,0.149369239807129
0.213229166666667,0.151276588439941
0.2165625,0.153005123138428
0.219895833333333,0.154554843902588
0.223229166666667,0.155985355377197
0.2265625,0.15723705291748
0.229895833333333,0.158309936523438
0.233229166666667,0.159204006195068
0.2365625,0.159859657287598
0.239895833333333,0.160336494445801
0.243229166666667,0.160574913024902
0.2465625,0.160515308380127
0.249895833333333,0.160157680511475
0.253229166666667,0.159502029418945
0.2565625,0.158429145812988
0.259895833333333,0.157058238983154
0.263229166666667,0.155270099639893
0.2665625,0.153064727783203
0.269895833333333,0.150561332702637
0.273229166666667,0.147759914398193
0.2765625,0.144600868225098
0.279895833333333,0.141143798828125
0.283229166666667,0.137448310852051
0.2865625,0.133514404296875
0.289895833333333,0.129401683807373
0.293229166666667,0.125110149383545
0.2965625,0.120699405670166
0.299895833333333,0.116169452667236
0.303229166666667,0.111579895019531
0.3065625,0.106990337371826
0.309895833333333,0.102341175079346
0.313229166666667,0.097811222076416
0.3165625,0.0934004783630371
0.319895833333333,0.089108943939209
0.323229166666667,0.0849366188049316
0.3265625,0.0810027122497559
0.329895833333333,0.0772476196289063
0.333229166666667,0.0737905502319336
0.3365625,0.0705122947692871
0.339895833333333,0.0675320625305176
0.343229166666667,0.0647902488708496
0.3465625,0.0622868537902832
0.349895833333333,0.0600218772888184
0.353229166666667,0.0578761100769043
0.3565625,0.0559687614440918
0.359895833333333,0.0541806221008301
0.363229166666667,0.0525116920471191
0.3665625,0.050961971282959
0.369895833333333,0.0495314598083496
0.373229166666667,0.0481605529785156
0.3765625,0.0469088554382324
0.379895833333333,0.0457167625427246
0.383229166666667,0.0446438789367676
0.3865625,0.0436305999755859
0.389895833333333,0.0427365303039551
0.393229166666667,0.041961669921875
0.3965625,0.0412464141845703
0.399895833333333,0.040590763092041
0.403229166666667,0.0401139259338379
0.4065625,0.0396966934204102
0.409895833333333,0.039517879486084
0.413229166666667,0.0394582748413086
0.4165625,0.0396966934204102
0.419895833333333,0.0401735305786133
0.423229166666667,0.0409483909606934
0.4265625,0.0420808792114258
0.429895833333333,0.0436305999755859
0.433229166666667,0.0455379486083984
0.4365625,0.0478029251098633
0.439895833333333,0.0504851341247559
0.443229166666667,0.0535249710083008
0.4465625,0.056922435760498
0.449895833333333,0.0606179237365723
0.453229166666667,0.0646710395812988
0.4565625,0.0689029693603516
0.459895833333333,0.0733137130737305
0.463229166666667,0.0779032707214355
0.4665625,0.0824928283691406
0.469895833333333,0.0871419906616211
0.473229166666667,0.0917911529541016
0.4765625,0.0962615013122559
0.479895833333333,0.100672245025635
0.483229166666667,0.104904174804688
0.4865625,0.108957290649414
0.489895833333333,0.112771987915039
0.493229166666667,0.116467475891113
0.4965625,0.119924545288086
0.499895833333333,0.123202800750732
0.503229166666667,0.126361846923828
0.5065625,0.129342079162598
0.509895833333333,0.132143497467041
0.513229166666667,0.134825706481934
0.5165625,0.1373291015625
0.519895833333333,0.139713287353516
0.523229166666667,0.141918659210205
0.5265625,0.143945217132568
0.529895833333333,0.14573335647583
0.533229166666667,0.14728307723999
0.5365625,0.148653984069824
0.539895833333333,0.149786472320557
0.543229166666667,0.150680541992188
0.5465625,0.151395797729492
0.549895833333333,0.151872634887695
0.553229166666667,0.152230262756348
0.5565625,0.152349472045898
0.559895833333333,0.152409076690674
0.563229166666667,0.152409076690674
0.5665625,0.152289867401123
0.569895833333333,0.152051448822021
0.573229166666667,0.15181303024292
0.5765625,0.151395797729492
0.579895833333333,0.150918960571289
0.583229166666667,0.150322914123535
0.5865625,0.14948844909668
0.589895833333333,0.148475170135498
0.593229166666667,0.147163867950439
0.5965625,0.145494937896729
0.599895833333333,0.143527984619141
0.603229166666667,0.141143798828125
0.6065625,0.138401985168457
0.609895833333333,0.135183334350586
0.613229166666667,0.131607055664063
0.6165625,0.127613544464111
0.619895833333333,0.123262405395508
0.623229166666667,0.118553638458252
0.6265625,0.113546848297119
0.629895833333333,0.10836124420166
0.633229166666667,0.1029372215271
0.6365625,0.0974535942077637
0.639895833333333,0.0919103622436523
0.643229166666667,0.0863075256347656
0.6465625,0.0808238983154297
0.649895833333333,0.0753998756408691
0.653229166666667,0.0701546669006348
0.6565625,0.0650286674499512
0.659895833333333,0.0601410865783691
0.663229166666667,0.0554323196411133
0.6665625,0.050961971282959
0.669895833333333,0.0467896461486816
0.673229166666667,0.0428557395935059
0.6765625,0.0391602516174316
0.679895833333333,0.0357627868652344
0.683229166666667,0.0325441360473633
0.6865625,0.0295639038085938
0.689895833333333,0.0267624855041504
0.693229166666667,0.0241398811340332
0.6965625,0.0216960906982422
0.699895833333333,0.019371509552002
0.703229166666667,0.0171661376953125
0.7065625,0.0151395797729492
0.709895833333333,0.0131726264953613
0.713229166666667,0.0113844871520996
0.7165625,0.00965595245361328
0.719895833333333,0.00804662704467773
0.723229166666667,0.00655651092529297
0.7265625,0.00518560409545898
0.729895833333333,0.00393390655517578
0.733229166666667,0.00286102294921875
0.7365625,0.0019073486328125
0.739895833333333,0.0012516975402832
0.743229166666667,0.000894069671630859
0.7465625,0.000834465026855469
0.749895833333333,0.0012516975402832
0.753229166666667,0.00208616256713867
0.7565625,0.00339746475219727
0.759895833333333,0.00518560409545898
0.763229166666667,0.00745058059692383
0.7665625,0.0101923942565918
0.769895833333333,0.0133514404296875
0.773229166666667,0.0168085098266602
0.7765625,0.0206232070922852
0.779895833333333,0.0247359275817871
0.783229166666667,0.029146671295166
0.7865625,0.0337362289428711
0.789895833333333,0.0386238098144531
0.793229166666667,0.0437498092651367
0.7965625,0.0491738319396973
0.799895833333333,0.0548362731933594
0.803229166666667,0.0609159469604492
0.8065625,0.0673532485961914
0.809895833333333,0.0741481781005859
0.813229166666667,0.0814199447631836
0.8165625,0.0889897346496582
0.819895833333333,0.0968575477600098
0.823229166666667,0.104844570159912
0.8265625,0.112712383270264
0.829895833333333,0.120282173156738
0.833229166666667,0.127196311950684
0.8365625,0.133216381072998
0.839895833333333,0.138044357299805
0.843229166666667,0.141382217407227
0.8465625,0.143170356750488
0.849895833333333,0.143289566040039
0.853229166666667,0.141799449920654
0.8565625,0.138819217681885
0.859895833333333,0.134706497192383
0.863229166666667,0.12969970703125
0.8665625,0.124216079711914
0.869895833333333,0.118553638458252
0.873229166666667,0.113129615783691
0.8765625,0.108242034912109
0.879895833333333,0.104129314422607
0.883229166666667,0.100910663604736
0.8865625,0.0987052917480469
0.889895833333333,0.0976324081420898
0.893229166666667,0.0976920127868652
0.8965625,0.0987648963928223
0.899895833333333,0.100910663604736
0.903229166666667,0.104188919067383
0.9065625,0.108540058135986
0.909895833333333,0.114083290100098
0.913229166666667,0.120937824249268
0.9165625,0.129222869873047
0.919895833333333,0.139236450195313
0.923229166666667,0.151097774505615
0.9265625,0.165164470672607
0.929895833333333,0.18155574798584
0.933229166666667,0.200450420379639
0.9365625,0.221967697143555
0.939895833333333,0.246167182922363
0.943229166666667,0.272989273071289
0.9465625,0.302314758300781
0.949895833333333,0.333786010742188
0.953229166666667,0.367105007171631
0.9565625,0.401854515075684
0.959895833333333,0.437557697296143
0.963229166666667,0.473737716674805
0.9665625,0.509858131408691
0.969895833333333,0.545501708984375
0.973229166666667,0.580012798309326
0.9765625,0.613093376159668
0.979895833333333,0.644385814666748
0.983229166666667,0.673592090606689
0.9865625,0.700533390045166
0.989895833333333,0.725150108337402
0.993229166666667,0.747442245483398
0.9965625,0.767529010772705
0.999895833333333,0.785589218139648
1.00322916666667,0.801801681518555
1.0065625,0.816524028778076
1.00989583333333,0.829875469207764
1.01322916666667,0.842034816741943
1.0165625,0.853240489959717
1.01989583333333,0.863492488861084
1.02322916666667,0.87285041809082
1.0265625,0.88125467300415
1.02989583333333,0.888645648956299
1.03322916666667,0.894904136657715
1.0365625,0.900030136108398
1.03989583333333,0.903844833374023
1.04322916666667,0.906407833099365
1.0465625,0.907659530639648
1.04989583333333,0.907540321350098
1.05322916666667,0.906050205230713
1.0565625,0.903010368347168
1.05989583333333,0.898301601409912
1.06322916666667,0.891804695129395
1.0665625,0.883162021636963
1.06989583333333,0.872135162353516
1.07322916666667,0.858306884765625
1.0765625,0.841259956359863
1.07989583333333,0.820636749267578
1.08322916666667,0.796198844909668
1.0865625,0.767648220062256
1.08989583333333,0.734865665435791
1.09322916666667,0.697851181030273
1.0965625,0.656843185424805
1.09989583333333,0.612020492553711
1.10322916666667,0.563919544219971
1.1065625,0.513017177581787
1.10989583333333,0.459730625152588
1.11322916666667,0.404417514801025
1.1165625,0.3470778465271
1.11989583333333,0.28693675994873
1.12322916666667,0.222146511077881
1.1265625,0.14960765838623
1.12989583333333,0.0647306442260742
1.13322916666667,-0.038444995880127
1.1365625,-0.166594982147217
1.13989583333333,-0.326097011566162
1.14322916666667,-0.521957874298096
1.1465625,-0.756382942199707
1.14989583333333,-1.02764368057251
1.15322916666667,-1.32942199707031
1.1565625,-1.65081024169922
1.15989583333333,-1.97672843933105
1.16322916666667,-2.2895336151123
1.1665625,-2.57092714309692
1.16989583333333,-2.8039813041687
1.17322916666667,-2.97552347183228
1.1765625,-3.07744741439819
1.17989583333333,-3.10790538787842
1.18322916666667,-3.0706524848938
1.1865625,-2.97468900680542
1.18989583333333,-2.83205509185791
1.19322916666667,-2.65645980834961
1.1965625,-2.46089696884155
1.19989583333333,-2.25508213043213
1.20322916666667,-2.04217433929443
1.2065625,-1.81347131729126
1.20989583333333,-1.54256820678711
1.21322916666667,-1.18035078048706
1.2165625,-0.652492046356201
1.21989583333333,0.137686729431152
1.22322916666667,1.30081176757813
1.2265625,2.94888019561768
1.22989583333333,5.18053770065308
1.23322916666667,8.06564092636108
1.2365625,11.6301774978638
1.23989583333333,15.8444046974182
1.24322916666667,20.6161141395569
1.2465625,25.7932543754578
1.24989583333333,31.1769843101501
1.25322916666667,36.5437865257263
1.2565625,41.6714549064636
1.25989583333333,46.3628768920898
1.26322916666667,50.4642724990845
1.2665625,53.8755655288696
1.26989583333333,56.5534830093384
1.27322916666667,58.5083365440369
1.2765625,59.7949624061584
1.27989583333333,60.4994893074036
1.28322916666667,60.7234835624695
1.2865625,60.5693459510803
1.28989583333333,60.1297616958618
1.29322916666667,59.4813227653503
1.2965625,58.6829781532288
1.29989583333333,57.7775835990906
1.30322916666667,56.7940473556519
1.3065625,55.7506084442139
1.30989583333333,54.656982421875
1.31322916666667,53.5168647766113
1.3165625,52.3295998573303
1.31989583333333,51.091730594635
1.32322916666667,49.7990250587463
1.3265625,48.4470129013062
1.32989583333333,47.0327734947205
1.33322916666667,45.5546975135803
1.3365625,44.0130829811096
1.33989583333333,42.4091815948486
1.34322916666667,40.7444834709167
1.3465625,39.0198826789856
1.34989583333333,37.2345447540283
1.35322916666667,35.3857278823853
1.3565625,33.4682464599609
1.35989583333333,31.4751267433167
1.36322916666667,29.3979048728943
1.3665625,27.2279977798462
1.36989583333333,24.9583721160889
1.37322916666667,22.5849747657776
1.3765625,20.1086401939392
1.37989583333333,17.5357460975647
1.38322916666667,14.8785710334778
1.3865625,12.1554136276245
1.38989583333333,9.38940048217773
1.39322916666667,6.60783052444458
1.3965625,3.8408637046814
1.39989583333333,1.11997127532959
1.40322916666667,-1.52337551116943
1.4065625,-4.05973196029663
1.40989583333333,-6.46281242370605
1.41322916666667,-8.71080160140991
1.4165625,-10.7869505882263
1.41989583333333,-12.6796364784241
1.42322916666667,-14.3826603889465
1.4265625,-15.894889831543
1.42989583333333,-17.2200202941895
1.43322916666667,-18.3658599853516
1.4365625,-19.3437933921814
1.43989583333333,-20.1677083969116
1.44322916666667,-20.8531618118286
1.4465625,-21.4162468910217
1.44989583333333,-21.8733549118042
1.45322916666667,-22.2402811050415
1.4565625,-22.5319266319275
1.45989583333333,-22.7619409561157
1.46322916666667,-22.9424238204956
1.4665625,-23.0837464332581
1.46989583333333,-23.1946706771851
1.47322916666667,-23.2821702957153
1.4765625,-23.3519077301025
1.47989583333333,-23.4083533287048
1.48322916666667,-23.4548449516296
1.4865625,-23.4940648078918
1.48989583333333,-23.5280394554138
1.49322916666667,-23.5581398010254
1.4965625,-23.5854983329773
1.49989583333333,-23.6108899116516
1.50322916666667,-23.6349701881409
1.5065625,-23.6581563949585
1.50989583333333,-23.6807465553284
1.51322916666667,-23.70285987854
1.5165625,-23.7247347831726
1.51989583333333,-23.7463712692261
1.52322916666667,-23.7678289413452
1.5265625,-23.7891674041748
1.52989583333333,-23.8102674484253
1.53322916666667,-23.8311886787415
1.5365625,-23.8518714904785
1.53989583333333,-23.8721966743469
1.54322916666667,-23.8921642303467
1.5465625,-23.911714553833
1.54989583333333,-23.9308476448059
1.55322916666667,-23.9494442939758
1.5565625,-23.9675045013428
1.55989583333333,-23.984968662262
1.56322916666667,-24.0016579627991
1.5665625,-24.0176320075989
1.56989583333333,-24.0327119827271
1.57322916666667,-24.0468382835388
1.5765625,-24.0598320960999
1.57989583333333,-24.0716338157654
1.58322916666667,-24.0821242332458
1.5865625,-24.0912437438965
1.58989583333333,-24.0988731384277
1.59322916666667,-24.1049528121948
1.5965625,-24.1094827651978
1.59989583333333,-24.112343788147
1.60322916666667,-24.1135954856873
1.6065625,-24.1132378578186
1.60989583333333,-24.1112112998962
1.61322916666667,-24.1075754165649
1.6165625,-24.1022706031799
1.61989583333333,-24.0952968597412
1.62322916666667,-24.0866541862488
1.6265625,-24.0763425827026
1.62989583333333,-24.0642428398132
1.63322916666667,-24.0502953529358
1.6365625,-24.0340232849121
1.63989583333333,-24.014413356781
1.64322916666667,-23.9889621734619
1.6465625,-23.9524245262146
1.64989583333333,-23.8956212997437
1.65322916666667,-23.8044857978821
1.6565625,-23.6595273017883
1.65989583333333,-23.4371423721313
1.66322916666667,-23.1117606163025
1.6665625,-22.6595997810364
1.66989583333333,-22.062361240387
1.67322916666667,-21.3109254837036
1.6765625,-20.4086899757385
1.67989583333333,-19.3730592727661
1.68322916666667,-18.2352662086487
1.6865625,-17.0374512672424
1.68989583333333,-15.8276557922363
1.69322916666667,-14.6527290344238
1.6965625,-13.5515928268433
1.69989583333333,-12.5495791435242
1.70322916666667,-11.6559863090515
1.7065625,-10.8634829521179
1.70989583333333,-10.1515054702759
1.71322916666667,-9.49084758758545
1.7165625,-8.84950160980225
1.71989583333333,-8.19903612136841
1.72322916666667,-7.51960277557373
1.7265625,-6.80297613143921
1.72989583333333,-6.05356693267822
1.73322916666667,-5.28621673583984
1.7365625,-4.52286005020142
1.73989583333333,-3.7875771522522
1.74322916666667,-3.10212373733521
1.7465625,-2.48187780380249
1.74989583333333,-1.93363428115845
1.75322916666667,-1.45488977432251
1.7565625,-1.0344386100769
1.75989583333333,-0.654280185699463
1.76322916666667,-0.292301177978516
1.7665625,0.0747442245483398
1.76989583333333,0.46837329864502
1.77322916666667,0.905811786651611
1.7765625,1.39844417572021
1.77989583333333,1.95062160491943
1.78322916666667,2.55954265594482
1.7865625,3.21602821350098
1.78989583333333,3.9055347442627
1.79322916666667,4.61000204086304
1.7965625,5.30946254730225
1.79989583333333,5.98394870758057
1.80322916666667,6.61516189575195
1.8065625,7.18772411346436
1.80989583333333,7.68983364105225
1.81322916666667,8.1138014793396
1.8165625,8.45587253570557
1.81989583333333,8.71598720550537
1.82322916666667,8.89670848846436
1.8265625,9.00286436080933
1.82989583333333,9.04059410095215
1.83322916666667,9.01663303375244
1.8365625,8.93765687942505
1.83989583333333,8.81004333496094
1.84322916666667,8.63921642303467
1.8465625,8.4298849105835
1.84989583333333,8.18562507629395
1.85322916666667,7.90917873382568
1.8565625,7.60221481323242
1.85989583333333,7.26544857025146
1.86322916666667,6.89917802810669
1.8665625,6.50286674499512
1.86989583333333,6.07597827911377
1.87322916666667,5.61779737472534
1.8765625,5.12778759002686
1.87989583333333,4.60594892501831
1.88322916666667,4.05299663543701
1.8865625,3.47036123275757
1.88989583333333,2.86036729812622
1.89322916666667,2.22647190093994
1.8965625,1.57284736633301
1.89989583333333,0.904440879821777
1.90322916666667,0.226676464080811
1.9065625,-0.454545021057129
1.90989583333333,-1.1335015296936
1.91322916666667,-1.80447101593018
1.9165625,-2.46214866638184
1.91989583333333,-3.10182571411133
1.92322916666667,-3.71956825256348
1.9265625,-4.31197881698608
1.92989583333333,-4.87673282623291
1.93322916666667,-5.41192293167114
1.9365625,-5.91665506362915
1.93989583333333,-6.39033317565918
1.94322916666667,-6.83313608169556
1.9465625,-7.24554061889648
1.94989583333333,-7.62820243835449
1.95322916666667,-7.98231363296509
1.9565625,-8.30894708633423
1.95989583333333,-8.60941410064697
1.96322916666667,-8.88490676879883
1.9665625,-9.13679599761963
1.96989583333333,-9.36627388000488
1.97322916666667,-9.57441329956055
1.9765625,-9.76240634918213
1.97989583333333,-9.93126630783081
1.98322916666667,-10.081946849823
1.9865625,-10.2152824401855
1.98989583333333,-10.3322267532349
1.99322916666667,-10.4334354400635
1.9965625,-10.519802570343
1.99989583333333,-10.5919241905212
2.00322916666667,-10.6505155563354
2.0065625,-10.6961131095886
2.00989583333333,-10.7293128967285
2.01322916666667,-10.7504725456238
2.0165625,-10.7600092887878
2.01989583333333,-10.758101940155
2.02322916666667,-10.7450485229492
2.0265625,-10.7208490371704
2.02989583333333,-10.6855630874634
2.03322916666667,-10.6391906738281
2.0365625,-10.5816125869751
2.03989583333333,-10.5127096176147
2.04322916666667,-10.4324221611023
2.0465625,-10.3405714035034
2.04989583333333,-10.2369785308838
2.05322916666667,-10.1215243339539
2.0565625,-9.99397039413452
2.05989583333333,-9.85419750213623
2.06322916666667,-9.70196723937988
2.0665625,-9.53710079193115
2.06989583333333,-9.35941934585571
2.07322916666667,-9.16880369186401
2.0765625,-8.96507501602173
2.07989583333333,-8.74823331832886
2.08322916666667,-8.51809978485107
2.0865625,-8.27473402023315
2.08989583333333,-8.01801681518555
2.09322916666667,-7.7480673789978
2.0965625,-7.46488571166992
2.09989583333333,-7.16859102249146
2.10322916666667,-6.85936212539673
2.1065625,-6.53737783432007
2.10989583333333,-6.20293617248535
2.11322916666667,-5.85639476776123
2.1165625,-5.49829006195068
2.11989583333333,-5.12915849685669
2.12322916666667,-4.74971532821655
2.1265625,-4.36079502105713
2.12989583333333,-3.96329164505005
2.13322916666667,-3.55827808380127
2.1365625,-3.1469464302063
2.13989583333333,-2.73048877716064
2.14322916666667,-2.31039524078369
2.1465625,-1.88803672790527
2.14989583333333,-1.46502256393433
2.15322916666667,-1.04290246963501
2.1565625,-0.623345375061035
2.15989583333333,-0.208020210266113
2.16322916666667,0.201523303985596
2.1665625,0.603675842285156
2.16989583333333,0.996947288513184
2.17322916666667,1.37990713119507
2.1765625,1.75124406814575
2.17989583333333,2.10976600646973
2.18322916666667,2.45440006256104
2.1865625,2.78425216674805
2.18989583333333,3.09854745864868
2.19322916666667,3.39668989181519
2.1965625,3.67820262908936
2.19989583333333,3.94278764724731
2.20322916666667,4.19026613235474
2.2065625,4.42063808441162
2.20989583333333,4.63396310806274
2.21322916666667,4.83036041259766
2.2165625,5.01012802124023
2.21989583333333,5.17362356185913
2.22322916666667,5.32114505767822
2.2265625,5.45316934585571
2.22989583333333,5.57023286819458
2.23322916666667,5.6728720664978
2.2365625,5.76174259185791
2.23989583333333,5.83755970001221
2.24322916666667,5.901038646698
2.2465625,5.95295429229736
2.24989583333333,5.99420070648193
2.25322916666667,6.02549314498901
2.2565625,6.04766607284546
2.25989583333333,6.0616135597229
2.26322916666667,6.06793165206909
2.2665625,6.06745481491089
2.26989583333333,6.06077909469604
2.27322916666667,6.04850053787231
2.2765625,6.03115558624268
2.27989583333333,6.00928068161011
2.28322916666667,5.98341226577759
2.2865625,5.95390796661377
2.28989583333333,5.92124462127686
2.29322916666667,5.88583946228027
2.2965625,5.84805011749268
2.29989583333333,5.80823421478271
2.30322916666667,5.76674938201904
2.3065625,5.72389364242554
2.30989583333333,5.6799054145813
2.31322916666667,5.63502311706543
2.3165625,5.58948516845703
2.31989583333333,5.54347038269043
2.32322916666667,5.49709796905518
2.3265625,5.45048713684082
2.32989583333333,5.40369749069214
2.33322916666667,5.35684823989868
2.3365625,5.3098201751709
2.33989583333333,5.26273250579834
2.34322916666667,5.21546602249146
2.3465625,5.16790151596069
2.34989583333333,5.12003898620605
2.35322916666667,5.07175922393799
2.3565625,5.02306222915649
2.35989583333333,4.97376918792725
2.36322916666667,4.92393970489502
2.3665625,4.87351417541504
2.36989583333333,4.82255220413208
2.37322916666667,4.77111339569092
2.3765625,4.71919775009155
2.37989583333333,4.66692447662354
2.38322916666667,4.61435317993164
2.3865625,4.56142425537109
2.38989583333333,4.50831651687622
2.39322916666667,4.45497035980225
2.3965625,4.40138578414917
2.39989583333333,4.34762239456177
2.40322916666667,4.29362058639526
2.4065625,4.23949956893921
2.40989583333333,4.18514013290405
2.41322916666667,4.13060188293457
2.4165625,4.07594442367554
2.41989583333333,4.02116775512695
2.42322916666667,3.96627187728882
2.4265625,3.91143560409546
2.42989583333333,3.85665893554688
2.43322916666667,3.80200147628784
2.4365625,3.74758243560791
2.43989583333333,3.69346141815186
2.44322916666667,3.63963842391968
2.4465625,3.5862922668457
2.44989583333333,3.53336334228516
2.45322916666667,3.48097085952759
2.4565625,3.42917442321777
2.45989583333333,3.37791442871094
2.46322916666667,3.32731008529663
2.4665625,3.27730178833008
2.46989583333333,3.22800874710083
2.47322916666667,3.17943096160889
2.4765625,3.13156843185425
2.47989583333333,3.08454036712646
2.48322916666667,3.03834676742554
2.4865625,2.99316644668579
2.48989583333333,2.94893980026245
2.49322916666667,2.90584564208984
2.4965625,2.86394357681274
2.49989583333333,2.82341241836548
2.50322916666667,2.78425216674805
2.5065625,2.74658203125
2.50989583333333,2.71058082580566
2.51322916666667,2.67630815505981
2.5165625,2.64376401901245
2.51989583333333,2.61300802230835
2.52322916666667,2.58404016494751
2.5265625,2.55686044692993
2.52989583333333,2.53129005432129
2.53322916666667,2.50726938247681
2.5365625,2.48473882675171
2.53989583333333,2.46357917785645
2.54322916666667,2.44355201721191
2.5465625,2.42471694946289
2.54989583333333,2.40683555603027
2.55322916666667,2.38996744155884
2.5565625,2.37399339675903
2.55989583333333,2.35891342163086
2.56322916666667,2.34466791152954
2.5665625,2.33125686645508
2.56989583333333,2.3186206817627
2.57322916666667,2.30681896209717
2.5765625,2.29573249816895
2.57989583333333,2.28536128997803
2.58322916666667,2.27570533752441
2.5865625,2.26676464080811
2.58989583333333,2.25836038589478
2.59322916666667,2.25061178207397
2.5965625,2.24334001541138
2.59989583333333,2.23654508590698
2.60322916666667,2.23010778427124
2.6065625,2.22396850585938
2.60989583333333,2.21818685531616
2.61322916666667,2.21258401870728
2.6165625,2.20715999603271
2.61989583333333,2.20197439193726
2.62322916666667,2.19696760177612
2.6265625,2.19213962554932
2.62989583333333,2.18760967254639
2.63322916666667,2.18331813812256
2.6365625,2.17932462692261
2.63989583333333,2.17556953430176
2.64322916666667,2.17211246490479
2.6465625,2.16895341873169
2.64989583333333,2.16591358184814
2.65322916666667,2.16299295425415
2.6565625,2.16013193130493
2.65989583333333,2.15727090835571
2.66322916666667,2.15435028076172
2.6665625,2.15131044387817
2.66989583333333,2.1480917930603
2.67322916666667,2.14463472366333
2.6765625,2.14099884033203
2.67989583333333,2.13706493377686
2.68322916666667,2.13289260864258
2.6865625,2.12842226028442
2.68989583333333,2.12371349334717
2.69322916666667,2.11882591247559
2.6965625,2.11375951766968
2.69989583333333,2.10863351821899
2.70322916666667,2.10356712341309
2.7065625,2.09856033325195
2.70989583333333,2.09379196166992
2.71322916666667,2.08926200866699
2.7165625,2.08514928817749
2.71989583333333,2.08139419555664
2.72322916666667,2.07805633544922
2.7265625,2.07525491714478
2.72989583333333,2.07287073135376
2.73322916666667,2.07096338272095
2.7365625,2.06947326660156
2.73989583333333,2.06834077835083
2.74322916666667,2.06762552261353
2.7465625,2.0672082901001
2.74989583333333,2.06714868545532
2.75322916666667,2.06726789474487
2.7565625,2.0676851272583
2.75989583333333,2.06834077835083
2.76322916666667,2.06911563873291
2.7665625,2.07006931304932
2.76989583333333,2.07120180130005
2.77322916666667,2.07233428955078
2.7765625,2.07346677780151
2.77989583333333,2.07459926605225
2.78322916666667,2.0756721496582
2.7865625,2.07650661468506
2.78989583333333,2.07716226577759
2.79322916666667,2.07746028900146
2.7965625,2.07746028900146
2.79989583333333,2.07716226577759
2.80322916666667,2.07650661468506
2.8065625,2.07561254501343
2.80989583333333,2.0744800567627
2.81322916666667,2.07316875457764
2.8165625,2.07173824310303
2.81989583333333,2.07036733627319
2.82322916666667,2.06905603408813
2.8265625,2.06786394119263
2.82989583333333,2.06685066223145
2.83322916666667,2.06607580184937
2.8365625,2.06559896469116
2.83989583333333,2.06536054611206
2.84322916666667,2.06542015075684
2.8465625,2.06577777862549
2.84989583333333,2.06643342971802
2.85322916666667,2.06732749938965
2.8565625,2.06857919692993
2.85989583333333,2.07012891769409
2.86322916666667,2.0720362663269
2.8665625,2.07424163818359
2.86989583333333,2.07680463790894
2.87322916666667,2.07978487014771
2.8765625,2.08306312561035
2.87989583333333,2.08669900894165
2.88322916666667,2.09063291549683
2.8865625,2.0948052406311
2.88989583333333,2.09921598434448
2.89322916666667,2.10380554199219
2.8965625,2.10845470428467
2.89989583333333,2.11310386657715
2.90322916666667,2.11775302886963
2.9065625,2.12228298187256
2.90989583333333,2.12663412094116
2.91322916666667,2.13086605072021
2.9165625,2.13485956192017
2.91989583333333,2.13861465454102
2.92322916666667,2.14213132858276
2.9265625,2.14540958404541
2.92989583333333,2.14844942092896
2.93322916666667,2.15119123458862
2.9365625,2.15363502502441
2.93989583333333,2.1558403968811
2.94322916666667,2.15774774551392
2.9465625,2.15941667556763
2.94989583333333,2.16072797775269
2.95322916666667,2.16174125671387
2.9565625,2.1623969078064
2.95989583333333,2.16275453567505
2.96322916666667,2.16269493103027
2.9665625,2.16233730316162
2.96989583333333,2.16168165206909
2.97322916666667,2.16066837310791
2.9765625,2.15941667556763
2.97989583333333,2.15792655944824
2.98322916666667,2.15625762939453
2.9865625,2.15440988540649
2.98989583333333,2.15244293212891
2.99322916666667,2.15041637420654
2.9965625,2.14815139770508
2.99989583333333,2.14582681655884
3.00322916666667,2.1432638168335
3.0065625,2.14052200317383
3.00989583333333,2.13754177093506
3.01322916666667,2.13432312011719
3.0165625,2.13074684143066
3.01989583333333,2.12687253952026
3.02322916666667,2.12264060974121
3.0265625,2.11811065673828
3.02989583333333,2.1132230758667
3.03322916666667,2.10815668106079
3.0365625,2.10285186767578
3.03989583333333,2.09730863571167
3.04322916666667,2.09170579910278
3.0465625,2.08598375320435
3.04989583333333,2.08026170730591
3.05322916666667,2.07465887069702
3.0565625,2.06911563873291
3.05989583333333,2.0638108253479
3.06322916666667,2.05880403518677
3.0665625,2.05409526824951
3.06989583333333,2.04980373382568
3.07322916666667,2.04604864120483
3.0765625,2.04282999038696
3.07989583333333,2.04014778137207
3.08322916666667,2.03818082809448
3.0865625,2.03686952590942
3.08989583333333,2.03633308410645
3.09322916666667,2.03651189804077
3.0965625,2.03758478164673
3.09989583333333,2.03949213027954
3.10322916666667,2.04223394393921
3.1065625,2.04586982727051
3.10989583333333,2.05028057098389
3.11322916666667,2.05546617507935
3.1165625,2.06142663955688
3.11989583333333,2.06798315048218
3.12322916666667,2.07501649856567
3.1265625,2.08252668380737
3.12989583333333,2.09027528762817
3.13322916666667,2.09832191467285
3.1365625,2.1064281463623
3.13989583333333,2.11465358734131
3.14322916666667,2.12293863296509
3.1465625,2.13122367858887
3.14989583333333,2.13944911956787
3.15322916666667,2.1476149559021
3.1565625,2.15566158294678
3.15989583333333,2.16352939605713
3.16322916666667,2.17127799987793
3.1665625,2.17872858047485
3.16989583333333,2.18594074249268
3.17322916666667,2.19279527664185
3.1765625,2.19929218292236
3.17989583333333,2.20537185668945
3.18322916666667,2.21103429794312
3.1865625,2.21621990203857
3.18989583333333,2.22098827362061
3.19322916666667,2.22533941268921
3.1965625,2.22921371459961
3.19989583333333,2.23267078399658
3.20322916666667,2.23571062088013
3.2065625,2.23851203918457
3.20989583333333,2.24095582962036
3.21322916666667,2.24316120147705
3.2165625,2.24506855010986
3.21989583333333,2.2466778755188
3.22322916666667,2.24804878234863
3.2265625,2.24900245666504
3.22989583333333,2.24959850311279
3.23322916666667,2.24971771240234
3.2365625,2.24924087524414
3.23989583333333,2.24816799163818
3.24322916666667,2.24637985229492
3.2465625,2.24393606185913
3.24989583333333,2.24089622497559
3.25322916666667,2.23714113235474
3.2565625,2.23273038864136
3.25989583333333,2.22772359848022
3.26322916666667,2.22212076187134
3.2665625,2.21604108810425
3.26989583333333,2.20942497253418
3.27322916666667,2.20239162445068
3.2765625,2.19482183456421
3.27989583333333,2.18689441680908
3.28322916666667,2.1786093711853
3.2865625,2.1699070930481
3.28989583333333,2.16084718704224
3.29322916666667,2.15154886245728
3.2965625,2.14189291000366
3.29989583333333,2.13199853897095
3.30322916666667,2.12186574935913
3.3065625,2.11161375045776
3.30989583333333,2.10118293762207
3.31322916666667,2.09063291549683
3.3165625,2.08008289337158
3.31989583333333,2.06953287124634
3.32322916666667,2.05898284912109
3.3265625,2.04849243164063
3.32989583333333,2.03800201416016
3.33322916666667,2.02757120132446
3.3365625,2.01719999313354
3.33989583333333,2.00670957565308
3.34322916666667,1.99615955352783
3.3465625,1.98549032211304
3.34989583333333,1.97470188140869
3.35322916666667,1.96367502212524
3.3565625,1.95246934890747
3.35989583333333,1.9410252571106
3.36322916666667,1.92934274673462
3.3665625,1.91748142242432
3.36989583333333,1.90538167953491
3.37322916666667,1.89310312271118
3.3765625,1.88058614730835
3.37989583333333,1.86789035797119
3.38322916666667,1.85495615005493
3.3865625,1.84184312820435
3.38989583333333,1.82849168777466
3.39322916666667,1.81484222412109
3.3965625,1.8010139465332
3.39989583333333,1.78688764572144
3.40322916666667,1.77258253097534
3.4065625,1.75809860229492
3.40989583333333,1.74349546432495
3.41322916666667,1.72883272171021
3.4165625,1.71416997909546
3.41989583333333,1.69962644577026
3.42322916666667,1.68520212173462
3.4265625,1.67101621627808
3.42989583333333,1.65712833404541
3.43322916666667,1.64347887039185
3.4365625,1.63024663925171
3.43989583333333,1.61725282669067
3.44322916666667,1.60467624664307
3.4465625,1.59239768981934
3.44989583333333,1.58047676086426
3.45322916666667,1.56891345977783
3.4565625,1.55770778656006
3.45989583333333,1.54691934585571
3.46322916666667,1.53648853302002
3.4665625,1.52647495269775
3.46989583333333,1.51693820953369
3.47322916666667,1.50781869888306
3.4765625,1.4992356300354
3.47989583333333,1.49112939834595
3.48322916666667,1.4835000038147
3.4865625,1.47640705108643
3.48989583333333,1.46985054016113
3.49322916666667,1.46377086639404
3.4965625,1.45822763442993
3.49989583333333,1.45316123962402
3.50322916666667,1.44869089126587
3.5065625,1.44469738006592
3.50989583333333,1.44118070602417
3.51322916666667,1.43826007843018
3.5165625,1.43575668334961
3.51989583333333,1.43367052078247
3.52322916666667,1.43206119537354
3.5265625,1.43086910247803
3.52989583333333,1.43003463745117
3.53322916666667,1.42949819564819
3.5365625,1.42925977706909
3.53989583333333,1.42925977706909
3.54322916666667,1.42955780029297
3.5465625,1.43003463745117
3.54989583333333,1.43080949783325
3.55322916666667,1.43182277679443
3.5565625,1.43307447433472
3.55989583333333,1.43462419509888
3.56322916666667,1.43641233444214
3.5665625,1.4384388923645
3.56989583333333,1.44070386886597
3.57322916666667,1.44314765930176
3.5765625,1.4457106590271
3.57989583333333,1.44839286804199
3.58322916666667,1.45113468170166
3.5865625,1.45387649536133
3.58989583333333,1.45655870437622
3.59322916666667,1.45912170410156
3.5965625,1.46162509918213
3.59989583333333,1.46400928497314
3.60322916666667,1.46621465682983
3.6065625,1.4682412147522
3.60989583333333,1.47008895874023
3.61322916666667,1.47175788879395
3.6165625,1.47318840026855
3.61989583333333,1.47449970245361
3.62322916666667,1.47563219070435
3.6265625,1.4767050743103
3.62989583333333,1.47765874862671
3.63322916666667,1.47873163223267
3.6365625,1.47974491119385
3.63989583333333,1.48087739944458
3.64322916666667,1.48212909698486
3.6465625,1.4835000038147
3.64989583333333,1.48493051528931
3.65322916666667,1.48653984069824
3.6565625,1.48820877075195
3.65989583333333,1.48999691009521
3.66322916666667,1.4919638633728
3.6665625,1.49399042129517
3.66989583333333,1.49619579315186
3.67322916666667,1.4985203742981
3.6765625,1.50090456008911
3.67989583333333,1.50346755981445
3.68322916666667,1.50614976882935
3.6865625,1.50895118713379
3.68989583333333,1.51187181472778
3.69322916666667,1.51491165161133
3.6965625,1.51801109313965
3.69989583333333,1.52122974395752
3.70322916666667,1.52456760406494
3.7065625,1.52796506881714
3.70989583333333,1.53142213821411
3.71322916666667,1.53493881225586
3.7165625,1.53839588165283
3.71989583333333,1.54191255569458
3.72322916666667,1.54536962509155
3.7265625,1.54876708984375
3.72989583333333,1.5520453453064
3.73322916666667,1.55526399612427
3.7365625,1.55830383300781
3.73989583333333,1.56128406524658
3.74322916666667,1.5641450881958
3.7465625,1.56688690185547
3.74989583333333,1.56962871551514
3.75322916666667,1.5723705291748
3.7565625,1.57517194747925
3.75989583333333,1.57797336578369
3.76322916666667,1.58089399337769
3.7665625,1.58387422561646
3.76989583333333,1.58697366714478
3.77322916666667,1.59019231796265
3.7765625,1.59353017807007
3.77989583333333,1.59698724746704
3.78322916666667,1.60056352615356
3.7865625,1.60419940948486
3.78989583333333,1.60789489746094
3.79322916666667,1.61170959472656
3.7965625,1.61546468734741
3.79989583333333,1.61927938461304
3.80322916666667,1.62297487258911
3.8065625,1.62667036056519
3.80989583333333,1.63018703460693
3.81322916666667,1.63358449935913
3.8165625,1.63686275482178
3.81989583333333,1.64002180099487
3.82322916666667,1.64300203323364
3.8265625,1.64586305618286
3.82989583333333,1.64860486984253
3.83322916666667,1.65128707885742
3.8365625,1.65379047393799
3.83989583333333,1.656174659729
3.84322916666667,1.65849924087524
3.8465625,1.66070461273193
3.84989583333333,1.66279077529907
3.85322916666667,1.66481733322144
3.8565625,1.66672468185425
3.85989583333333,1.66851282119751
3.86322916666667,1.67018175125122
3.8665625,1.67167186737061
3.86989583333333,1.67304277420044
3.87322916666667,1.67423486709595
3.8765625,1.67518854141235
3.87989583333333,1.67584419250488
3.88322916666667,1.67626142501831
3.8865625,1.67638063430786
3.88989583333333,1.67620182037354
3.89322916666667,1.67566537857056
3.8965625,1.67477130889893
3.89989583333333,1.67346000671387
3.90322916666667,1.67179107666016
3.9065625,1.66964530944824
3.90989583333333,1.66702270507813
3.91322916666667,1.66398286819458
3.9165625,1.66046619415283
3.91989583333333,1.65653228759766
3.92322916666667,1.65212154388428
3.9265625,1.64729356765747
3.92989583333333,1.64204835891724
3.93322916666667,1.6365647315979
3.9365625,1.63072347640991
3.93989583333333,1.6247034072876
3.94322916666667,1.61850452423096
3.9465625,1.61224603652954
3.94989583333333,1.6060471534729
3.95322916666667,1.59990787506104
3.9565625,1.5939474105835
3.95989583333333,1.58828496932983
3.96322916666667,1.58286094665527
3.9665625,1.57779455184937
3.96989583333333,1.57308578491211
3.97322916666667,1.56867504119873
3.9765625,1.56468152999878
3.97989583333333,1.56104564666748
3.98322916666667,1.55770778656006
3.9865625,1.55466794967651
3.98989583333333,1.55198574066162
3.99322916666667,1.54960155487061
3.9965625,1.54745578765869
3.99989583333333,1.54560804367065
4.00322916666667,1.54393911361694
4.0065625,1.54256820678711
4.00989583333333,1.5413761138916
4.01322916666667,1.54030323028564
4.0165625,1.53940916061401
4.01989583333333,1.53869390487671
4.02322916666667,1.53809785842896
4.0265625,1.53756141662598
4.02989583333333,1.53720378875732
4.03322916666667,1.53696537017822
4.0365625,1.53690576553345
4.03989583333333,1.53696537017822
4.04322916666667,1.53720378875732
4.0465625,1.53762102127075
4.04989583333333,1.53821706771851
4.05322916666667,1.53899192810059
4.0565625,1.53988599777222
4.05989583333333,1.5408992767334
4.06322916666667,1.54203176498413
4.0665625,1.54322385787964
4.06989583333333,1.54435634613037
4.07322916666667,1.54542922973633
4.0765625,1.54650211334229
4.07989583333333,1.54739618301392
4.08322916666667,1.54811143875122
4.0865625,1.54870748519897
4.08989583333333,1.54906511306763
4.09322916666667,1.54924392700195
4.0965625,1.5491247177124
4.09989583333333,1.54876708984375
4.10322916666667,1.548171043396
4.1065625,1.54733657836914
4.10989583333333,1.54620409011841
4.11322916666667,1.54483318328857
4.1165625,1.54328346252441
4.11989583333333,1.54149532318115
4.12322916666667,1.53952836990356
4.1265625,1.5375018119812
4.12989583333333,1.53535604476929
4.13322916666667,1.53321027755737
4.1365625,1.53100490570068
4.13989583333333,1.52891874313354
4.14322916666667,1.52689218521118
4.1465625,1.52498483657837
4.14989583333333,1.52331590652466
4.15322916666667,1.52182579040527
4.1565625,1.52051448822021
4.15989583333333,1.51944160461426
4.16322916666667,1.51854753494263
4.1665625,1.51783227920532
4.16989583333333,1.51729583740234
4.17322916666667,1.51693820953369
4.1765625,1.51658058166504
4.17989583333333,1.51634216308594
4.18322916666667,1.51616334915161
4.1865625,1.51598453521729
4.18989583333333,1.51580572128296
4.19322916666667,1.51562690734863
4.1965625,1.51538848876953
4.19989583333333,1.51515007019043
4.20322916666667,1.51479244232178
4.2065625,1.51431560516357
4.20989583333333,1.5137791633606
4.21322916666667,1.51312351226807
4.2165625,1.51228904724121
4.21989583333333,1.51139497756958
4.22322916666667,1.51032209396362
4.2265625,1.50924921035767
4.22989583333333,1.50805711746216
4.23322916666667,1.50686502456665
4.2365625,1.50567293167114
4.23989583333333,1.50454044342041
4.24322916666667,1.50346755981445
4.2465625,1.50245428085327
4.24989583333333,1.50150060653687
4.25322916666667,1.50060653686523
4.2565625,1.49983167648315
4.25989583333333,1.49911642074585
4.26322916666667,1.49846076965332
4.2665625,1.49792432785034
4.26989583333333,1.49744749069214
4.27322916666667,1.49703025817871
4.2765625,1.49673223495483
4.27989583333333,1.49655342102051
4.28322916666667,1.49643421173096
4.2865625,1.49649381637573
4.28989583333333,1.49661302566528
4.29322916666667,1.49685144424438
4.2965625,1.49708986282349
4.29989583333333,1.49744749069214
4.30322916666667,1.49786472320557
4.3065625,1.49828195571899
4.30989583333333,1.4987587928772
4.31322916666667,1.49935483932495
4.3165625,1.50001049041748
4.31989583333333,1.50072574615479
4.32322916666667,1.50156021118164
4.3265625,1.50257349014282
4.32989583333333,1.50364637374878
4.33322916666667,1.50489807128906
4.3365625,1.50620937347412
4.33989583333333,1.50763988494873
4.34322916666667,1.50907039642334
4.3465625,1.5106201171875
4.34989583333333,1.51211023330688
4.35322916666667,1.51360034942627
4.3565625,1.5149712562561
4.35989583333333,1.51622295379639
4.36322916666667,1.51735544204712
4.3665625,1.51830911636353
4.36989583333333,1.51908397674561
4.37322916666667,1.51956081390381
4.3765625,1.51979923248291
4.37989583333333,1.51973962783813
4.38322916666667,1.51938199996948
4.3865625,1.51872634887695
4.38989583333333,1.51777267456055
4.39322916666667,1.51640176773071
4.3965625,1.51467323303223
4.39989583333333,1.51264667510986
4.40322916666667,1.51020288467407
4.4065625,1.5074610710144
4.40989583333333,1.50442123413086
4.41322916666667,1.50108337402344
4.4165625,1.49744749069214
4.41989583333333,1.49363279342651
4.42322916666667,1.48963928222656
4.4265625,1.48546695709229
4.42989583333333,1.48117542266846
4.43322916666667,1.47682428359985
4.4365625,1.4723539352417
4.43989583333333,1.46794319152832
4.44322916666667,1.46347284317017
4.4465625,1.45912170410156
4.44989583333333,1.45494937896729
4.45322916666667,1.45095586776733
4.4565625,1.44720077514648
4.45989583333333,1.44380331039429
4.46322916666667,1.44070386886597
4.4665625,1.43790245056152
4.46989583333333,1.43551826477051
4.47322916666667,1.43349170684814
4.4765625,1.43182277679443
4.47989583333333,1.4304518699646
4.48322916666667,1.42937898635864
4.4865625,1.42854452133179
4.48989583333333,1.42788887023926
4.49322916666667,1.42747163772583
4.4965625,1.42723321914673
4.49989583333333,1.42723321914673
4.50322916666667,1.42741203308105
4.5065625,1.42771005630493
4.50989583333333,1.42824649810791
4.51322916666667,1.42896175384521
4.5165625,1.42991542816162
4.51989583333333,1.43098831176758
4.52322916666667,1.43218040466309
4.5265625,1.43349170684814
4.52989583333333,1.43486261367798
4.53322916666667,1.43629312515259
4.5365625,1.4377236366272
4.53989583333333,1.43909454345703
4.54322916666667,1.44046545028687
4.5465625,1.44165754318237
4.54989583333333,1.44279003143311
4.55322916666667,1.44368410110474
4.5565625,1.44439935684204
4.55989583333333,1.44481658935547
4.56322916666667,1.44493579864502
4.5665625,1.44469738006592
4.56989583333333,1.44404172897339
4.57322916666667,1.44296884536743
4.5765625,1.44147872924805
4.57989583333333,1.43951177597046
4.58322916666667,1.43706798553467
4.5865625,1.43420696258545
4.58989583333333,1.43098831176758
4.59322916666667,1.42735242843628
4.5965625,1.4234185218811
4.59989583333333,1.41918659210205
4.60322916666667,1.41477584838867
4.6065625,1.41018629074097
4.60989583333333,1.40559673309326
4.61322916666667,1.40094757080078
4.6165625,1.39641761779785
4.61989583333333,1.39206647872925
4.62322916666667,1.38789415359497
4.6265625,1.38396024703979
4.62989583333333,1.38026475906372
4.63322916666667,1.3769268989563
4.6365625,1.37388706207275
4.63989583333333,1.37114524841309
4.64322916666667,1.36882066726685
4.6465625,1.36679410934448
4.64989583333333,1.36512517929077
4.65322916666667,1.36381387710571
4.6565625,1.36291980743408
4.65989583333333,1.3623833656311
4.66322916666667,1.36232376098633
4.6665625,1.36268138885498
4.66989583333333,1.36345624923706
4.67322916666667,1.36464834213257
4.6765625,1.36631727218628
4.67989583333333,1.36846303939819
4.68322916666667,1.37108564376831
4.6865625,1.37406587600708
4.68989583333333,1.37752294540405
4.69322916666667,1.3812780380249
4.6965625,1.3853907585144
4.69989583333333,1.38968229293823
4.70322916666667,1.39415264129639
4.7065625,1.39880180358887
4.70989583333333,1.40345096588135
4.71322916666667,1.4081597328186
4.7165625,1.41286849975586
4.71989583333333,1.41751766204834
4.72322916666667,1.42216682434082
4.7265625,1.42675638198853
4.72989583333333,1.43128633499146
4.73322916666667,1.43581628799438
4.7365625,1.44022703170776
4.73989583333333,1.44445896148682
4.74322916666667,1.44863128662109
4.7465625,1.45256519317627
4.74989583333333,1.45620107650757
4.75322916666667,1.45965814590454
4.7565625,1.46275758743286
4.75989583333333,1.46549940109253
4.76322916666667,1.4680027961731
4.7665625,1.47014856338501
4.76989583333333,1.47199630737305
4.77322916666667,1.47360563278198
4.7765625,1.47485733032227
4.77989583333333,1.47593021392822
4.78322916666667,1.4767050743103
4.7865625,1.47730112075806
4.78989583333333,1.47765874862671
4.79322916666667,1.47783756256104
4.7965625,1.47789716720581
4.79989583333333,1.47777795791626
4.80322916666667,1.47753953933716
4.8065625,1.47724151611328
4.80989583333333,1.47676467895508
4.81322916666667,1.4762282371521
4.8165625,1.47557258605957
4.81989583333333,1.47473812103271
4.82322916666667,1.47384405136108
4.8265625,1.47271156311035
4.82989583333333,1.47145986557007
4.83322916666667,1.47008895874023
4.8365625,1.46859884262085
4.83989583333333,1.46692991256714
4.84322916666667,1.46526098251343
4.8465625,1.46347284317017
4.84989583333333,1.46162509918213
4.85322916666667,1.45977735519409
4.8565625,1.45787000656128
4.85989583333333,1.45602226257324
4.86322916666667,1.45411491394043
4.8665625,1.45226716995239
4.86989583333333,1.45041942596436
4.87322916666667,1.44869089126587
4.8765625,1.44696235656738
4.87989583333333,1.44535303115845
4.88322916666667,1.44392251968384
4.8865625,1.44261121749878
4.88989583333333,1.44153833389282
4.89322916666667,1.44064426422119
4.8965625,1.43992900848389
4.89989583333333,1.43939256668091
4.90322916666667,1.43909454345703
4.9065625,1.43891572952271
4.90989583333333,1.43885612487793
4.91322916666667,1.43891572952271
4.9165625,1.43903493881226
4.91989583333333,1.43915414810181
4.92322916666667,1.43939256668091
4.9265625,1.43963098526001
4.92989583333333,1.43992900848389
4.93322916666667,1.44022703170776
4.9365625,1.44052505493164
4.93989583333333,1.44082307815552
4.94322916666667,1.44106149673462
4.9465625,1.44129991531372
4.94989583333333,1.44147872924805
4.95322916666667,1.44153833389282
4.9565625,1.44153833389282
4.95989583333333,1.44147872924805
4.96322916666667,1.44129991531372
4.9665625,1.44100189208984
4.96989583333333,1.44064426422119
4.97322916666667,1.44022703170776
4.9765625,1.43969058990479
4.97989583333333,1.43909454345703
4.98322916666667,1.43831968307495
4.9865625,1.43742561340332
4.98989583333333,1.43641233444214
4.99322916666667,1.43516063690186
4.9965625,1.43378973007202
4.99989583333333,1.43212080001831
5.00322916666667,1.43027305603027
5.0065625,1.42818689346313
5.00989583333333,1.42592191696167
5.01322916666667,1.4234185218811
5.0165625,1.42073631286621
5.01989583333333,1.41787528991699
5.02322916666667,1.41489505767822
5.0265625,1.41185522079468
5.02989583333333,1.40869617462158
5.03322916666667,1.40553712844849
5.0365625,1.40237808227539
5.03989583333333,1.39921903610229
5.04322916666667,1.39600038528442
5.0465625,1.3929009437561
5.04989583333333,1.38980150222778
5.05322916666667,1.38682126998901
5.0565625,1.38390064239502
5.05989583333333,1.38109922409058
5.06322916666667,1.37841701507568
5.0665625,1.37585401535034
5.06989583333333,1.37346982955933
5.07322916666667,1.37126445770264
5.0765625,1.36911869049072
5.07989583333333,1.36721134185791
5.08322916666667,1.36536359786987
5.0865625,1.36369466781616
5.08989583333333,1.362144947052
5.09322916666667,1.36065483093262
5.0965625,1.35922431945801
5.09989583333333,1.35785341262817
5.10322916666667,1.35654211044312
5.1065625,1.35529041290283
5.10989583333333,1.35403871536255
5.11322916666667,1.35272741317749
5.1165625,1.35153532028198
5.11989583333333,1.35034322738647
5.12322916666667,1.34921073913574
5.1265625,1.34813785552979
5.12989583333333,1.3471245765686
5.13322916666667,1.3461709022522
5.1365625,1.34527683258057
5.13989583333333,1.34438276290894
5.14322916666667,1.3434886932373
5.1465625,1.3425350189209
5.14989583333333,1.34146213531494
5.15322916666667,1.34032964706421
5.1565625,1.33901834487915
5.15989583333333,1.33758783340454
5.16322916666667,1.33597850799561
5.1665625,1.33424997329712
5.16989583333333,1.33228302001953
5.17322916666667,1.33025646209717
5.1765625,1.32805109024048
5.17989583333333,1.32572650909424
5.18322916666667,1.32328271865845
5.1865625,1.32071971893311
5.18989583333333,1.31809711456299
5.19322916666667,1.3154149055481
5.1965625,1.3127326965332
5.19989583333333,1.31011009216309
5.20322916666667,1.30760669708252
5.2065625,1.3052225112915
5.20989583333333,1.30301713943481
5.21322916666667,1.30105018615723
5.2165625,1.29932165145874
5.21989583333333,1.29789113998413
5.22322916666667,1.2967586517334
5.2265625,1.29586458206177
5.22989583333333,1.29520893096924
5.23322916666667,1.29485130310059
5.2365625,1.29473209381104
5.23989583333333,1.29485130310059
5.24322916666667,1.29514932632446
5.2465625,1.29556655883789
5.24989583333333,1.29616260528564
5.25322916666667,1.29687786102295
5.2565625,1.29765272140503
5.25989583333333,1.29854679107666
5.26322916666667,1.29944086074829
5.2665625,1.30033493041992
5.26989583333333,1.30128860473633
5.27322916666667,1.30224227905273
5.2765625,1.30313634872437
5.27989583333333,1.304030418396
5.28322916666667,1.30486488342285
5.2865625,1.30563974380493
5.28989583333333,1.30641460418701
5.29322916666667,1.30718946456909
5.2965625,1.3079047203064
5.29989583333333,1.30856037139893
5.30322916666667,1.30921602249146
5.3065625,1.30975246429443
5.30989583333333,1.31022930145264
5.31322916666667,1.31052732467651
5.3165625,1.31070613861084
5.31989583333333,1.31076574325562
5.32322916666667,1.31064653396606
5.3265625,1.31034851074219
5.32989583333333,1.30993127822876
5.33322916666667,1.30939483642578
5.3365625,1.30867958068848
5.33989583333333,1.30796432495117
5.34322916666667,1.30712985992432
5.3465625,1.30623579025269
5.34989583333333,1.30534172058105
5.35322916666667,1.30438804626465
5.3565625,1.30343437194824
5.35989583333333,1.30254030227661
5.36322916666667,1.30164623260498
5.3665625,1.30081176757813
5.36989583333333,1.30009651184082
5.37322916666667,1.29944086074829
5.3765625,1.29896402359009
5.37989583333333,1.29866600036621
5.38322916666667,1.29854679107666
5.3865625,1.29860639572144
5.38989583333333,1.29890441894531
5.39322916666667,1.29944086074829
5.3965625,1.30021572113037
5.39989583333333,1.30116939544678
5.40322916666667,1.30242109298706
5.4065625,1.30385160446167
5.40989583333333,1.30546092987061
5.41322916666667,1.30730867385864
5.4165625,1.30927562713623
5.41989583333333,1.31148099899292
5.42322916666667,1.31380558013916
5.4265625,1.31630897521973
5.42989583333333,1.31893157958984
5.43322916666667,1.32167339324951
5.4365625,1.32453441619873
5.43989583333333,1.32739543914795
5.44322916666667,1.33025646209717
5.4465625,1.33305788040161
5.44989583333333,1.33579969406128
5.45322916666667,1.3384222984314
5.4565625,1.34086608886719
5.45989583333333,1.34313106536865
5.46322916666667,1.34509801864624
5.4665625,1.34676694869995
5.46989583333333,1.34807825088501
5.47322916666667,1.34903192520142
5.4765625,1.34956836700439
5.47989583333333,1.34968757629395
5.48322916666667,1.34938955307007
5.4865625,1.34855508804321
5.48989583333333,1.34724378585815
5.49322916666667,1.34551525115967
5.4965625,1.34330987930298
5.49989583333333,1.34062767028809
5.50322916666667,1.33758783340454
5.5065625,1.33407115936279
5.50989583333333,1.33019685745239
5.51322916666667,1.32596492767334
5.5165625,1.32137537002563
5.51989583333333,1.31648778915405
5.52322916666667,1.31142139434814
5.5265625,1.30617618560791
5.52989583333333,1.30075216293335
5.53322916666667,1.29526853561401
5.5365625,1.2897253036499
5.53989583333333,1.28418207168579
5.54322916666667,1.27851963043213
5.5465625,1.27285718917847
5.54989583333333,1.26713514328003
5.55322916666667,1.26123428344727
5.5565625,1.25521421432495
5.55989583333333,1.24901533126831
5.56322916666667,1.24269723892212
5.5665625,1.2362003326416
5.56989583333333,1.22970342636108
5.57322916666667,1.22308731079102
5.5765625,1.21653079986572
5.57989583333333,1.21003389358521
5.58322916666667,1.20359659194946
5.5865625,1.19739770889282
5.58989583333333,1.19125843048096
5.59322916666667,1.18529796600342
5.5965625,1.17951631546021
5.59989583333333,1.17385387420654
5.60322916666667,1.16831064224243
5.6065625,1.16294622421265
5.60989583333333,1.15764141082764
5.61322916666667,1.15251541137695
5.6165625,1.1475682258606
5.61989583333333,1.14279985427856
5.62322916666667,1.13838911056519
5.6265625,1.13427639007568
5.62989583333333,1.13052129745483
5.63322916666667,1.12712383270264
5.6365625,1.12420320510864
5.63989583333333,1.12169981002808
5.64322916666667,1.11961364746094
5.6465625,1.118004322052
5.64989583333333,1.11681222915649
5.65322916666667,1.11597776412964
5.6565625,1.11556053161621
5.65989583333333,1.11550092697144
5.66322916666667,1.11573934555054
5.6665625,1.11633539199829
5.66989583333333,1.11722946166992
5.67322916666667,1.11842155456543
5.6765625,1.11985206604004
5.67989583333333,1.12158060073853
5.68322916666667,1.12360715866089
5.6865625,1.12587213516235
5.68989583333333,1.12849473953247
5.69322916666667,1.13147497177124
5.6965625,1.13475322723389
5.69989583333333,1.13838911056519
5.70322916666667,1.14244222640991
5.7065625,1.14679336547852
5.70989583333333,1.15156173706055
5.71322916666667,1.15656852722168
5.7165625,1.16187334060669
5.71989583333333,1.1674165725708
5.72322916666667,1.17319822311401
5.7265625,1.17909908294678
5.72989583333333,1.18511915206909
5.73322916666667,1.19131803512573
5.7365625,1.19751691818237
5.73989583333333,1.20377540588379
5.74322916666667,1.20997428894043
5.7465625,1.21617317199707
5.74989583333333,1.22219324111938
5.75322916666667,1.22815370559692
5.7565625,1.23387575149536
5.75989583333333,1.2393593788147
5.76322916666667,1.24460458755493
5.7665625,1.24955177307129
5.76989583333333,1.25414133071899
5.77322916666667,1.25837326049805
5.7765625,1.26218795776367
5.77989583333333,1.26558542251587
5.78322916666667,1.26856565475464
5.7865625,1.27106904983521
5.78989583333333,1.27315521240234
5.79322916666667,1.27482414245605
5.7965625,1.27607583999634
5.79989583333333,1.27696990966797
5.80322916666667,1.27744674682617
5.8065625,1.27756595611572
5.80989583333333,1.27744674682617
5.81322916666667,1.27696990966797
5.8165625,1.27631425857544
5.81989583333333,1.27536058425903
5.82322916666667,1.27428770065308
5.8265625,1.27297639846802
5.82989583333333,1.27160549163818
5.83322916666667,1.27017498016357
5.8365625,1.26868486404419
5.83989583333333,1.26725435256958
5.84322916666667,1.26588344573975
5.8465625,1.26463174819946
5.84989583333333,1.26349925994873
5.85322916666667,1.26248598098755
5.8565625,1.26153230667114
5.85989583333333,1.26069784164429
5.86322916666667,1.25992298126221
5.8665625,1.2592077255249
5.86989583333333,1.25843286514282
5.87322916666667,1.25771760940552
5.8765625,1.25694274902344
5.87989583333333,1.25610828399658
5.88322916666667,1.25527381896973
5.8865625,1.25443935394287
5.88989583333333,1.25348567962646
5.89322916666667,1.25259160995483
5.8965625,1.25163793563843
5.89989583333333,1.25062465667725
5.90322916666667,1.24961137771606
5.9065625,1.24853849411011
5.90989583333333,1.24740600585938
5.91322916666667,1.24621391296387
5.9165625,1.24496221542358
5.91989583333333,1.24353170394897
5.92322916666667,1.24204158782959
5.9265625,1.24043226242065
5.92989583333333,1.23864412307739
5.93322916666667,1.23679637908936
5.9365625,1.23471021652222
5.93989583333333,1.23250484466553
5.94322916666667,1.23018026351929
5.9465625,1.22767686843872
5.94989583333333,1.22499465942383
5.95322916666667,1.22219324111938
5.9565625,1.21927261352539
5.95989583333333,1.21629238128662
5.96322916666667,1.21325254440308
5.9665625,1.21009349822998
5.96989583333333,1.20699405670166
5.97322916666667,1.20395421981812
5.9765625,1.20091438293457
5.97989583333333,1.19799375534058
5.98322916666667,1.19519233703613
5.9865625,1.19256973266602
5.98989583333333,1.19012594223022
5.99322916666667,1.18792057037354
5.9965625,1.1860728263855
5.99989583333333,1.18446350097656
6.00322916666667,1.18321180343628
6.0065625,1.18225812911987
6.00989583333333,1.18154287338257
6.01322916666667,1.18106603622437
6.0165625,1.18088722229004
6.01989583333333,1.18082761764526
6.02322916666667,1.18088722229004
6.0265625,1.18106603622437
6.02989583333333,1.18136405944824
6.03322916666667,1.18178129196167
6.0365625,1.18225812911987
6.03989583333333,1.18279457092285
6.04322916666667,1.18339061737061
6.0465625,1.18404626846313
6.04989583333333,1.18476152420044
6.05322916666667,1.18559598922729
6.0565625,1.18643045425415
6.05989583333333,1.18732452392578
6.06322916666667,1.18821859359741
6.0665625,1.18917226791382
6.06989583333333,1.19012594223022
6.07322916666667,1.19102001190186
6.0765625,1.19191408157349
6.07989583333333,1.19262933731079
6.08322916666667,1.19328498840332
6.0865625,1.19376182556152
6.08989583333333,1.19411945343018
6.09322916666667,1.19423866271973
6.0965625,1.19417905807495
6.09989583333333,1.19394063949585
6.10322916666667,1.19346380233765
6.1065625,1.19280815124512
6.10989583333333,1.19197368621826
6.11322916666667,1.19096040725708
6.1165625,1.18982791900635
6.11989583333333,1.18851661682129
6.12322916666667,1.1870265007019
6.1265625,1.18535757064819
6.12989583333333,1.18356943130493
6.13322916666667,1.18154287338257
6.1365625,1.17939710617065
6.13989583333333,1.17701292037964
6.14322916666667,1.17439031600952
6.1465625,1.17158889770508
6.14989583333333,1.16854906082153
6.15322916666667,1.16527080535889
6.1565625,1.16181373596191
6.15989583333333,1.15823745727539
6.16322916666667,1.15448236465454
6.1665625,1.15066766738892
6.16989583333333,1.14673376083374
6.17322916666667,1.14285945892334
6.1765625,1.13886594772339
6.17989583333333,1.13493204116821
6.18322916666667,1.13099813461304
6.1865625,1.12700462341309
6.18989583333333,1.12295150756836
6.19322916666667,1.11889839172363
6.1965625,1.11478567123413
6.19989583333333,1.11067295074463
6.20322916666667,1.1066198348999
6.2065625,1.10256671905518
6.20989583333333,1.09869241714478
6.21322916666667,1.09493732452393
6.2165625,1.09142065048218
6.21989583333333,1.08814239501953
6.22322916666667,1.08522176742554
6.2265625,1.08253955841064
6.22989583333333,1.08015537261963
6.23322916666667,1.07812881469727
6.2365625,1.076340675354
6.23989583333333,1.07479095458984
6.24322916666667,1.07347965240479
6.2465625,1.07234716415405
6.24989583333333,1.07139348983765
6.25322916666667,1.07061862945557
6.2565625,1.07002258300781
6.25989583333333,1.06960535049438
6.26322916666667,1.06936693191528
6.2665625,1.06936693191528
6.26989583333333,1.06960535049438
6.27322916666667,1.07002258300781
6.2765625,1.07067823410034
6.27989583333333,1.0715126991272
6.28322916666667,1.07258558273315
6.2865625,1.07383728027344
6.28989583333333,1.07520818710327
6.29322916666667,1.07669830322266
6.2965625,1.07830762863159
6.29989583333333,1.08009576797485
6.30322916666667,1.08194351196289
6.3065625,1.0838508605957
6.30989583333333,1.08587741851807
6.31322916666667,1.08796358108521
6.3165625,1.09004974365234
6.31989583333333,1.09219551086426
6.32322916666667,1.09434127807617
6.3265625,1.09648704528809
6.32989583333333,1.09857320785522
6.33322916666667,1.10059976577759
6.3365625,1.10256671905518
6.33989583333333,1.10435485839844
6.34322916666667,1.10602378845215
6.3465625,1.10751390457153
6.34989583333333,1.10888481140137
6.35322916666667,1.11007690429688
6.3565625,1.11114978790283
6.35989583333333,1.11204385757446
6.36322916666667,1.11281871795654
6.3665625,1.11353397369385
6.36989583333333,1.11418962478638
6.37322916666667,1.11478567123413
6.3765625,1.11538171768188
6.37989583333333,1.11597776412964
6.38322916666667,1.11657381057739
6.3865625,1.11716985702515
6.38989583333333,1.11770629882813
6.39322916666667,1.1182427406311
6.3965625,1.11865997314453
6.39989583333333,1.11907720565796
6.40322916666667,1.11949443817139
6.4065625,1.11991167068481
6.40989583333333,1.12032890319824
6.41322916666667,1.12074613571167
6.4165625,1.12128257751465
6.41989583333333,1.1218786239624
6.42322916666667,1.12253427505493
6.4265625,1.12330913543701
6.42989583333333,1.12420320510864
6.43322916666667,1.12515687942505
6.4365625,1.12617015838623
6.43989583333333,1.12730264663696
6.44322916666667,1.12855434417725
6.4465625,1.1298656463623
6.44989583333333,1.13123655319214
6.45322916666667,1.13266706466675
6.4565625,1.13415718078613
6.45989583333333,1.13558769226074
6.46322916666667,1.13701820373535
6.4665625,1.13838911056519
6.46989583333333,1.13970041275024
6.47322916666667,1.14089250564575
6.4765625,1.14202499389648
6.47989583333333,1.14297866821289
6.48322916666667,1.14387273788452
6.4865625,1.14470720291138
6.48989583333333,1.14542245864868
6.49322916666667,1.14613771438599
6.4965625,1.14679336547852
6.49989583333333,1.14744901657104
6.50322916666667,1.1480450630188
6.5065625,1.14870071411133
6.50989583333333,1.14935636520386
6.51322916666667,1.14995241165161
6.5165625,1.15054845809937
6.51989583333333,1.15108489990234
6.52322916666667,1.15150213241577
6.5265625,1.1519193649292
6.52989583333333,1.15221738815308
6.53322916666667,1.1523962020874
6.5365625,1.15245580673218
6.53989583333333,1.15245580673218
6.54322916666667,1.15227699279785
6.5465625,1.15209817886353
6.54989583333333,1.15174055099487
6.55322916666667,1.15132331848145
6.5565625,1.15084648132324
6.55989583333333,1.15031003952026
6.56322916666667,1.14965438842773
6.5665625,1.14899873733521
6.56989583333333,1.1482834815979
6.57322916666667,1.1475682258606
6.5765625,1.14685297012329
6.57989583333333,1.14607810974121
6.58322916666667,1.14542245864868
6.5865625,1.14470720291138
6.58989583333333,1.14411115646362
6.59322916666667,1.14351511001587
6.5965625,1.14285945892334
6.59989583333333,1.14226341247559
6.60322916666667,1.14166736602783
6.6065625,1.14107131958008
6.60989583333333,1.14041566848755
6.61322916666667,1.13976001739502
6.6165625,1.13904476165771
6.61989583333333,1.13838911056519
6.62322916666667,1.13779306411743
6.6265625,1.13725662231445
6.62989583333333,1.13677978515625
6.63322916666667,1.13636255264282
6.6365625,1.13606452941895
6.63989583333333,1.13576650619507
6.64322916666667,1.13546848297119
6.6465625,1.13523006439209
6.64989583333333,1.13499164581299
6.65322916666667,1.13463401794434
6.6565625,1.13421678543091
6.65989583333333,1.13368034362793
6.66322916666667,1.1330246925354
6.6665625,1.13219022750854
6.66989583333333,1.13111734390259
6.67322916666667,1.1298656463623
6.6765625,1.1284351348877
6.67989583333333,1.12670660018921
6.68322916666667,1.1247992515564
6.6865625,1.12265348434448
6.68989583333333,1.12026929855347
6.69322916666667,1.11770629882813
6.6965625,1.11502408981323
6.69989583333333,1.11216306686401
6.70322916666667,1.10912322998047
6.7065625,1.10602378845215
6.70989583333333,1.10280513763428
6.71322916666667,1.09946727752686
6.7165625,1.09612941741943
6.71989583333333,1.09261274337769
6.72322916666667,1.08909606933594
6.7265625,1.08551979064941
6.72989583333333,1.08194351196289
6.73322916666667,1.07836723327637
6.7365625,1.07485055923462
6.73989583333333,1.07139348983765
6.74322916666667,1.06805562973022
6.7465625,1.06489658355713
6.74989583333333,1.06197595596313
6.75322916666667,1.05923414230347
6.7565625,1.05684995651245
6.75989583333333,1.05482339859009
6.76322916666667,1.05315446853638
6.7665625,1.05184316635132
6.76989583333333,1.05094909667969
6.77322916666667,1.05047225952148
6.7765625,1.05041265487671
6.77989583333333,1.05065107345581
6.78322916666667,1.05124711990356
6.7865625,1.0521411895752
6.78989583333333,1.05321407318115
6.79322916666667,1.05452537536621
6.7965625,1.05595588684082
6.79989583333333,1.05738639831543
6.80322916666667,1.05887651443481
6.8065625,1.06030702590942
6.80989583333333,1.06161832809448
6.81322916666667,1.06287002563477
6.8165625,1.0640025138855
6.81989583333333,1.06501579284668
6.82322916666667,1.06590986251831
6.8265625,1.06674432754517
6.82989583333333,1.0673999786377
6.83322916666667,1.068115234375
6.8365625,1.06871128082275
6.83989583333333,1.06936693191528
6.84322916666667,1.07008218765259
6.8465625,1.07079744338989
6.84989583333333,1.07157230377197
6.85322916666667,1.07234716415405
6.8565625,1.07324123382568
6.85989583333333,1.07407569885254
6.86322916666667,1.07496976852417
6.8665625,1.07580423355103
6.86989583333333,1.07663869857788
6.87322916666667,1.07747316360474
6.8765625,1.07824802398682
6.87989583333333,1.0790228843689
6.88322916666667,1.07979774475098
6.8865625,1.08057260513306
6.88989583333333,1.08128786087036
6.89322916666667,1.08212232589722
6.8965625,1.0828971862793
6.89989583333333,1.08373165130615
6.90322916666667,1.08456611633301
6.9065625,1.08540058135986
6.90989583333333,1.08623504638672
6.91322916666667,1.0870099067688
6.9165625,1.08778476715088
6.91989583333333,1.08844041824341
6.92322916666667,1.08897686004639
6.9265625,1.08933448791504
6.92989583333333,1.08957290649414
6.93322916666667,1.08963251113892
6.9365625,1.08957290649414
6.93989583333333,1.08927488327026
6.94322916666667,1.08885765075684
6.9465625,1.08832120895386
6.94989583333333,1.0877251625061
6.95322916666667,1.08712911605835
6.9565625,1.08647346496582
6.95989583333333,1.08587741851807
6.96322916666667,1.08534097671509
6.9665625,1.08480453491211
6.96989583333333,1.08432769775391
6.97322916666667,1.08391046524048
6.9765625,1.08355283737183
6.97989583333333,1.0831356048584
6.98322916666667,1.08277797698975
6.9865625,1.08236074447632
6.98989583333333,1.08194351196289
6.99322916666667,1.08146667480469
6.9965625,1.08098983764648
6.99989583333333,1.08051300048828
7.00322916666667,1.0799765586853
7.0065625,1.07944011688232
7.00989583333333,1.07884407043457
7.01322916666667,1.07818841934204
7.0165625,1.07741355895996
7.01989583333333,1.07663869857788
7.02322916666667,1.07574462890625
7.0265625,1.07479095458984
7.02989583333333,1.07371807098389
7.03322916666667,1.07264518737793
7.0365625,1.0715126991272
7.03989583333333,1.07038021087646
7.04322916666667,1.06924772262573
7.0465625,1.06805562973022
7.04989583333333,1.06680393218994
7.05322916666667,1.06555223464966
7.0565625,1.06412172317505
7.05989583333333,1.06263160705566
7.06322916666667,1.06090307235718
7.0665625,1.05905532836914
7.06989583333333,1.05690956115723
7.07322916666667,1.05452537536621
7.0765625,1.05190277099609
7.07989583333333,1.04910135269165
7.08322916666667,1.04600191116333
7.0865625,1.04284286499023
7.08989583333333,1.03944540023804
7.09322916666667,1.03598833084106
7.0965625,1.03247165679932
7.09989583333333,1.02883577346802
7.10322916666667,1.02519989013672
7.1065625,1.02150440216064
7.10989583333333,1.01780891418457
7.11322916666667,1.01405382156372
7.1165625,1.01035833358765
7.11989583333333,1.00666284561157
7.12322916666667,1.00308656692505
7.1265625,0.999629497528076
7.12989583333333,0.996410846710205
7.13322916666667,0.99337100982666
7.1365625,0.990688800811768
7.13989583333333,0.988304615020752
7.14322916666667,0.986337661743164
7.1465625,0.984728336334229
7.14989583333333,0.983476638793945
7.15322916666667,0.98264217376709
7.1565625,0.982165336608887
7.15989583333333,0.982046127319336
7.16322916666667,0.982284545898438
7.1665625,0.982761383056641
7.16989583333333,0.983536243438721
7.17322916666667,0.984549522399902
7.1765625,0.985682010650635
7.17989583333333,0.986993312835693
7.18322916666667,0.988423824310303
7.1865625,0.989854335784912
7.18989583333333,0.991225242614746
7.19322916666667,0.992536544799805
7.1965625,0.993728637695313
7.19989583333333,0.99480152130127
7.20322916666667,0.995755195617676
7.2065625,0.99647045135498
7.20989583333333,0.99712610244751
7.21322916666667,0.997602939605713
7.2165625,0.997960567474365
7.21989583333333,0.998258590698242
7.22322916666667,0.998437404632568
7.2265625,0.998556613922119
7.22989583333333,0.998616218566895
7.23322916666667,0.998556613922119
7.2365625,0.998437404632568
7.23989583333333,0.998198986053467
7.24322916666667,0.997841358184814
7.2465625,0.997364521026611
7.24989583333333,0.996708869934082
7.25322916666667,0.995934009552002
7.2565625,0.995099544525146
7.25989583333333,0.99414587020874
7.26322916666667,0.993192195892334
7.2665625,0.992178916931152
7.26989583333333,0.991165637969971
7.27322916666667,0.990152359008789
7.2765625,0.989258289337158
7.27989583333333,0.988423824310303
7.28322916666667,0.987708568572998
7.2865625,0.986993312835693
7.28989583333333,0.986337661743164
7.29322916666667,0.98574161529541
7.2965625,0.985264778137207
7.29989583333333,0.984847545623779
7.30322916666667,0.984489917755127
7.3065625,0.984311103820801
7.30989583333333,0.98419189453125
7.31322916666667,0.984311103820801
7.3165625,0.984609127044678
7.31989583333333,0.985145568847656
7.32322916666667,0.985920429229736
7.3265625,0.987052917480469
7.32989583333333,0.988483428955078
7.33322916666667,0.990211963653564
7.3365625,0.992238521575928
7.33989583333333,0.994563102722168
7.34322916666667,0.99712610244751
7.3465625,0.999927520751953
7.34989583333333,1.00284814834595
7.35322916666667,1.00588798522949
7.3565625,1.00892782211304
7.35989583333333,1.01196765899658
7.36322916666667,1.01494789123535
7.3665625,1.01780891418457
7.36989583333333,1.02055072784424
7.37322916666667,1.02317333221436
7.3765625,1.02561712265015
7.37989583333333,1.02788209915161
7.38322916666667,1.03002786636353
7.3865625,1.03205442428589
7.38989583333333,1.03384256362915
7.39322916666667,1.03551149368286
7.3965625,1.03700160980225
7.39989583333333,1.0383129119873
7.40322916666667,1.03950500488281
7.4065625,1.04045867919922
7.40989583333333,1.04129314422607
7.41322916666667,1.04188919067383
7.4165625,1.04236602783203
7.41989583333333,1.04266405105591
7.42322916666667,1.04284286499023
7.4265625,1.04290246963501
7.42989583333333,1.04278326034546
7.43322916666667,1.04266405105591
7.4365625,1.04242563247681
7.43989583333333,1.04218721389771
7.44322916666667,1.0419487953186
7.4465625,1.0417103767395
7.44989583333333,1.04153156280518
7.45322916666667,1.04141235351563
7.4565625,1.04129314422607
7.45989583333333,1.0412335395813
7.46322916666667,1.04111433029175
7.4665625,1.0409951210022
7.46989583333333,1.04087591171265
7.47322916666667,1.0407567024231
7.4765625,1.04057788848877
7.47989583333333,1.04033946990967
7.48322916666667,1.04004144668579
7.4865625,1.03974342346191
7.48989583333333,1.03938579559326
7.49322916666667,1.03896856307983
7.4965625,1.03849172592163
7.49989583333333,1.03789567947388
7.50322916666667,1.03724002838135
7.5065625,1.03652477264404
7.50989583333333,1.03580951690674
7.51322916666667,1.03497505187988
7.5165625,1.0342001914978
7.51989583333333,1.03336572647095
7.52322916666667,1.03253126144409
7.5265625,1.03169679641724
7.52989583333333,1.03092193603516
7.53322916666667,1.0300874710083
7.5365625,1.02931261062622
7.53989583333333,1.02847814559937
7.54322916666667,1.02764368057251
7.5465625,1.02680921554565
7.54989583333333,1.02603435516357
7.55322916666667,1.02525949478149
7.5565625,1.02460384368896
7.55989583333333,1.02406740188599
7.56322916666667,1.02365016937256
7.5665625,1.02335214614868
7.56989583333333,1.02329254150391
7.57322916666667,1.02341175079346
7.5765625,1.02370977401733
7.57989583333333,1.02418661117554
7.58322916666667,1.02484226226807
7.5865625,1.02567672729492
7.58989583333333,1.02657079696655
7.59322916666667,1.02758407592773
7.5965625,1.02865695953369
7.59989583333333,1.02978944778442
7.60322916666667,1.03092193603516
7.6065625,1.03211402893066
7.60989583333333,1.03330612182617
7.61322916666667,1.03449821472168
7.6165625,1.03569030761719
7.61989583333333,1.0368824005127
7.62322916666667,1.0380744934082
7.6265625,1.03926658630371
7.62989583333333,1.04045867919922
7.63322916666667,1.04159116744995
7.6365625,1.04272365570068
7.63989583333333,1.04385614395142
7.64322916666667,1.0448694229126
7.6465625,1.045823097229
7.64989583333333,1.04665756225586
7.65322916666667,1.04743242263794
7.6565625,1.04814767837524
7.65989583333333,1.048743724823
7.66322916666667,1.0492205619812
7.6665625,1.04963779449463
7.66989583333333,1.05005502700806
7.67322916666667,1.05035305023193
7.6765625,1.05065107345581
7.67989583333333,1.05094909667969
7.68322916666667,1.05118751525879
7.6865625,1.05142593383789
7.68989583333333,1.05166435241699
7.69322916666667,1.05190277099609
7.6965625,1.05208158493042
7.69989583333333,1.05220079421997
7.70322916666667,1.05226039886475
7.7065625,1.05226039886475
7.70989583333333,1.05208158493042
7.71322916666667,1.05178356170654
7.7165625,1.05130672454834
7.71989583333333,1.05059146881104
7.72322916666667,1.04963779449463
7.7265625,1.0485053062439
7.72989583333333,1.04707479476929
7.73322916666667,1.04546546936035
7.7365625,1.04355812072754
7.73989583333333,1.0414719581604
7.74322916666667,1.03914737701416
7.7465625,1.03658437728882
7.74989583333333,1.03384256362915
7.75322916666667,1.03080272674561
7.7565625,1.02764368057251
7.75989583333333,1.02418661117554
7.76322916666667,1.02061033248901
7.7665625,1.01691484451294
7.76989583333333,1.01310014724731
7.77322916666667,1.00934505462646
7.7765625,1.00558996200562
7.77989583333333,1.00195407867432
7.78322916666667,0.998556613922119
7.7865625,0.995457172393799
7.78989583333333,0.99259614944458
7.79322916666667,0.990152359008789
7.7965625,0.98806619644165
7.79989583333333,0.986397266387939
7.80322916666667,0.985085964202881
7.8065625,0.98419189453125
7.80989583333333,0.983595848083496
7.81322916666667,0.98341703414917
7.8165625,0.983536243438721
7.81989583333333,0.984013080596924
7.82322916666667,0.984728336334229
7.8265625,0.985801219940186
7.82989583333333,0.987112522125244
7.83322916666667,0.988662242889404
7.8365625,0.990509986877441
7.83989583333333,0.992476940155029
7.84322916666667,0.994563102722168
7.8465625,0.996708869934082
7.84989583333333,0.998795032501221
7.85322916666667,1.00082159042358
7.8565625,1.00260972976685
7.85989583333333,1.00409984588623
7.86322916666667,1.00529193878174
7.8665625,1.00618600845337
7.86989583333333,1.00666284561157
7.87322916666667,1.0068416595459
7.8765625,1.00666284561157
7.87989583333333,1.00630521774292
7.88322916666667,1.00576877593994
7.8865625,1.00505352020264
7.88989583333333,1.00427865982056
7.89322916666667,1.00350379943848
7.8965625,1.00266933441162
7.89989583333333,1.00189447402954
7.90322916666667,1.00111961364746
7.9065625,1.00040435791016
7.90989583333333,0.999748706817627
7.91322916666667,0.999152660369873
7.9165625,0.998616218566895
7.91989583333333,0.998079776763916
7.92322916666667,0.997543334960938
7.9265625,0.997066497802734
7.92989583333333,0.996530055999756
7.93322916666667,0.995993614196777
7.9365625,0.995337963104248
7.93989583333333,0.994682312011719
7.94322916666667,0.993967056274414
7.9465625,0.993251800537109
7.94989583333333,0.992476940155029
7.95322916666667,0.991642475128174
7.9565625,0.990808010101318
7.95989583333333,0.989973545074463
7.96322916666667,0.989019870758057
7.9665625,0.98806619644165
7.96989583333333,0.986993312835693
7.97322916666667,0.985860824584961
7.9765625,0.984668731689453
7.97989583333333,0.983357429504395
7.98322916666667,0.982046127319336
7.9865625,0.980675220489502
7.98989583333333,0.979363918304443
7.99322916666667,0.97811222076416
7.9965625,0.976979732513428
7.99989583333333,0.976026058197021
8.00322916666667,0.975191593170166
8.0065625,0.974655151367188
8.00989583333333,0.97423791885376
8.01322916666667,0.974118709564209
8.0165625,0.974178314208984
8.01989583333333,0.974416732788086
8.02322916666667,0.974774360656738
8.0265625,0.975251197814941
8.02989583333333,0.975728034973145
8.03322916666667,0.976204872131348
8.0365625,0.976681709289551
8.03989583333333,0.977039337158203
8.04322916666667,0.977218151092529
8.0465625,0.977277755737305
8.04989583333333,0.977158546447754
8.05322916666667,0.976920127868652
8.0565625,0.976502895355225
8.05989583333333,0.976026058197021
8.06322916666667,0.975370407104492
8.0665625,0.974655151367188
8.06989583333333,0.973820686340332
8.07322916666667,0.972926616668701
8.0765625,0.97191333770752
8.07989583333333,0.970840454101563
8.08322916666667,0.96970796585083
8.0865625,0.968396663665771
8.08989583333333,0.966966152191162
8.09322916666667,0.965476036071777
8.0965625,0.963866710662842
8.09989583333333,0.962257385253906
8.10322916666667,0.960707664489746
8.1065625,0.959217548370361
8.10989583333333,0.957906246185303
8.11322916666667,0.95677375793457
8.1165625,0.955939292907715
8.11989583333333,0.955462455749512
8.12322916666667,0.955283641815186
8.1265625,0.955462455749512
8.12989583333333,0.955939292907715
8.13322916666667,0.956714153289795
8.1365625,0.957667827606201
8.13989583333333,0.958859920501709
8.14322916666667,0.960230827331543
8.1465625,0.961720943450928
8.14989583333333,0.963449478149414
8.15322916666667,0.965356826782227
8.1565625,0.967442989349365
8.15989583333333,0.96970796585083
8.16322916666667,0.972211360931396
8.1665625,0.974893569946289
8.16989583333333,0.977754592895508
8.17322916666667,0.980675220489502
8.1765625,0.983715057373047
8.17989583333333,0.986754894256592
8.18322916666667,0.989675521850586
8.1865625,0.99259614944458
8.18989583333333,0.995278358459473
8.19322916666667,0.997781753540039
8.1965625,1.0000467300415
8.19989583333333,1.00207328796387
8.20322916666667,1.00374221801758
8.2065625,1.00517272949219
8.20989583333333,1.00630521774292
8.21322916666667,1.00713968276978
8.2165625,1.0077953338623
8.21989583333333,1.00821256637573
8.22322916666667,1.00851058959961
8.2265625,1.00874900817871
8.22989583333333,1.00886821746826
8.23322916666667,1.00898742675781
8.2365625,1.00904703140259
8.23989583333333,1.00910663604736
8.24322916666667,1.00904703140259
8.2465625,1.00892782211304
8.24989583333333,1.00862979888916
8.25322916666667,1.00821256637573
8.2565625,1.00761651992798
8.25989583333333,1.0068416595459
8.26322916666667,1.00582838058472
8.2665625,1.00475549697876
8.26989583333333,1.0034441947937
8.27322916666667,1.00201368331909
8.2765625,1.00046396255493
8.27989583333333,0.998735427856445
8.28322916666667,0.996828079223633
8.2865625,0.994682312011719
8.28989583333333,0.992357730865479
8.29322916666667,0.989735126495361
8.2965625,0.986814498901367
8.29989583333333,0.983536243438721
8.30322916666667,0.979959964752197
8.3065625,0.976085662841797
8.30989583333333,0.97191333770752
8.31322916666667,0.967502593994141
8.3165625,0.962913036346436
8.31989583333333,0.958263874053955
8.32322916666667,0.953614711761475
8.3265625,0.94914436340332
8.32989583333333,0.944972038269043
8.33322916666667,0.941097736358643
8.3365625,0.937700271606445
8.33989583333333,0.934779644012451
8.34322916666667,0.932455062866211
8.3465625,0.930726528167725
8.34989583333333,0.929594039916992
8.35322916666667,0.929057598114014
8.3565625,0.929057598114014
8.35989583333333,0.929594039916992
8.36322916666667,0.930547714233398
8.3665625,0.931859016418457
8.36989583333333,0.933468341827393
8.37322916666667,0.93543529510498
8.3765625,0.937521457672119
8.37989583333333,0.939786434173584
8.38322916666667,0.9421706199646
8.3865625,0.944614410400391
8.38989583333333,0.947058200836182
8.39322916666667,0.949442386627197
8.3965625,0.951766967773438
8.39989583333333,0.953912734985352
8.40322916666667,0.955820083618164
8.4065625,0.957489013671875
8.40989583333333,0.958859920501709
8.41322916666667,0.959932804107666
8.4165625,0.960648059844971
8.41989583333333,0.961065292358398
8.42322916666667,0.961184501647949
8.4265625,0.961065292358398
8.42989583333333,0.960767269134521
8.43322916666667,0.960290431976318
8.4365625,0.959813594818115
8.43989583333333,0.959277153015137
8.44322916666667,0.958800315856934
8.4465625,0.958383083343506
8.44989583333333,0.958025455474854
8.45322916666667,0.957727432250977
8.4565625,0.95754861831665
8.45989583333333,0.957369804382324
8.46322916666667,0.957190990447998
8.4665625,0.957012176513672
8.46989583333333,0.956714153289795
8.47322916666667,0.956356525421143
8.4765625,0.955820083618164
8.47989583333333,0.955104827880859
8.48322916666667,0.954210758209229
8.4865625,0.953137874603271
8.48989583333333,0.951826572418213
8.49322916666667,0.950276851654053
8.4965625,0.948488712310791
8.49989583333333,0.946462154388428
8.50322916666667,0.944197177886963
8.5065625,0.941693782806396
8.50989583333333,0.939011573791504
8.51322916666667,0.93609094619751
8.5165625,0.932991504669189
8.51989583333333,0.929772853851318
8.52322916666667,0.926494598388672
8.5265625,0.92315673828125
8.52989583333333,0.919818878173828
8.53322916666667,0.916600227355957
8.5365625,0.913560390472412
8.53989583333333,0.910818576812744
8.54322916666667,0.908434391021729
8.5465625,0.906407833099365
8.54989583333333,0.90491771697998
8.55322916666667,0.903844833374023
8.5565625,0.903308391571045
8.55989583333333,0.90324878692627
8.56322916666667,0.903666019439697
8.5665625,0.904500484466553
8.56989583333333,0.905752182006836
8.57322916666667,0.907301902770996
8.5765625,0.909149646759033
8.57989583333333,0.911235809326172
8.58322916666667,0.913560390472412
8.5865625,0.916004180908203
8.58989583333333,0.918686389923096
8.59322916666667,0.921487808227539
8.5965625,0.924527645111084
8.59989583333333,0.927627086639404
8.60322916666667,0.930905342102051
8.6065625,0.934243202209473
8.60989583333333,0.93764066696167
8.61322916666667,0.941038131713867
8.6165625,0.944316387176514
8.61989583333333,0.947475433349609
8.62322916666667,0.950455665588379
8.6265625,0.953257083892822
8.62989583333333,0.955760478973389
8.63322916666667,0.958144664764404
8.6365625,0.960290431976318
8.63989583333333,0.962257385253906
8.64322916666667,0.964164733886719
8.6465625,0.96595287322998
8.64989583333333,0.967741012573242
8.65322916666667,0.969469547271729
8.6565625,0.971198081970215
8.65989583333333,0.972926616668701
8.66322916666667,0.974595546722412
8.6665625,0.976264476776123
8.66989583333333,0.977873802185059
8.67322916666667,0.979363918304443
8.6765625,0.980675220489502
8.67989583333333,0.98186731338501
8.68322916666667,0.982761383056641
8.6865625,0.983476638793945
8.68989583333333,0.983893871307373
8.69322916666667,0.983953475952148
8.6965625,0.983774662017822
8.69989583333333,0.983178615570068
8.70322916666667,0.982344150543213
8.7065625,0.98109245300293
8.70989583333333,0.979483127593994
8.71322916666667,0.977575778961182
8.7165625,0.975251197814941
8.71989583333333,0.972628593444824
8.72322916666667,0.969648361206055
8.7265625,0.966370105743408
8.72989583333333,0.96285343170166
8.73322916666667,0.959038734436035
8.7365625,0.955045223236084
8.73989583333333,0.950932502746582
8.74322916666667,0.946760177612305
8.7465625,0.942528247833252
8.74989583333333,0.938355922698975
8.75322916666667,0.934302806854248
8.7565625,0.930428504943848
8.75989583333333,0.926852226257324
8.76322916666667,0.923514366149902
8.7665625,0.920534133911133
8.76989583333333,0.917971134185791
8.77322916666667,0.915825366973877
8.7765625,0.914096832275391
8.77989583333333,0.912785530090332
8.78322916666667,0.911831855773926
8.7865625,0.911235809326172
8.78989583333333,0.910937786102295
8.79322916666667,0.910937786102295
8.7965625,0.911235809326172
8.79989583333333,0.911712646484375
8.80322916666667,0.912487506866455
8.8065625,0.913500785827637
8.80989583333333,0.91475248336792
8.81322916666667,0.916242599487305
8.8165625,0.917971134185791
8.81989583333333,0.919818878173828
8.82322916666667,0.921785831451416
8.8265625,0.923693180084229
8.82989583333333,0.925540924072266
8.83322916666667,0.927209854125977
8.8365625,0.928699970245361
8.83989583333333,0.929951667785645
8.84322916666667,0.930905342102051
8.8465625,0.931680202484131
8.84989583333333,0.932276248931885
8.85322916666667,0.932812690734863
8.8565625,0.933229923248291
8.85989583333333,0.93376636505127
8.86322916666667,0.934302806854248
8.8665625,0.934898853302002
8.86989583333333,0.935673713684082
8.87322916666667,0.936508178710938
8.8765625,0.937402248382568
8.87989583333333,0.938355922698975
8.88322916666667,0.939309597015381
8.8865625,0.940263271331787
8.88989583333333,0.941216945648193
8.89322916666667,0.9421706199646
8.8965625,0.94306468963623
8.89989583333333,0.943899154663086
8.90322916666667,0.944793224334717
8.9065625,0.945627689361572
8.90989583333333,0.946402549743652
8.91322916666667,0.947117805480957
8.9165625,0.947713851928711
8.91989583333333,0.948250293731689
8.92322916666667,0.948548316955566
8.9265625,0.948667526245117
8.92989583333333,0.948488712310791
8.93322916666667,0.948071479797363
8.9365625,0.947356224060059
8.93989583333333,0.946402549743652
8.94322916666667,0.945150852203369
8.9465625,0.943779945373535
8.94989583333333,0.94228982925415
8.95322916666667,0.94074010848999
8.9565625,0.939249992370605
8.95989583333333,0.937819480895996
8.96322916666667,0.936627388000488
8.9665625,0.935614109039307
8.96989583333333,0.934958457946777
8.97322916666667,0.93454122543335
8.9765625,0.934422016143799
8.97989583333333,0.934600830078125
8.98322916666667,0.935018062591553
8.9865625,0.935554504394531
8.98989583333333,0.936269760131836
8.99322916666667,0.936985015869141
8.9965625,0.937759876251221
8.99989583333333,0.938475131988525
9.00322916666667,0.939071178436279
9.0065625,0.939607620239258
9.00989583333333,0.93996524810791
9.01322916666667,0.940084457397461
9.0165625,0.940084457397461
9.01989583333333,0.939786434173584
9.02322916666667,0.93919038772583
9.0265625,0.938296318054199
9.02989583333333,0.937044620513916
9.03322916666667,0.935375690460205
9.0365625,0.933408737182617
9.03989583333333,0.931084156036377
9.04322916666667,0.92846155166626
9.0465625,0.925600528717041
9.04989583333333,0.922620296478271
9.05322916666667,0.919640064239502
9.0565625,0.916779041290283
9.05989583333333,0.914096832275391
9.06322916666667,0.9116530418396
9.0665625,0.909626483917236
9.06989583333333,0.908017158508301
9.07322916666667,0.906825065612793
9.0765625,0.906109809875488
9.07989583333333,0.905752182006836
9.08322916666667,0.905871391296387
9.0865625,0.906407833099365
9.08989583333333,0.907361507415771
9.09322916666667,0.90867280960083
9.0965625,0.910282135009766
9.09989583333333,0.912308692932129
9.10322916666667,0.914573669433594
9.1065625,0.917196273803711
9.10989583333333,0.919938087463379
9.11322916666667,0.922918319702148
9.1165625,0.925958156585693
9.11989583333333,0.928997993469238
9.12322916666667,0.932037830352783
9.1265625,0.934898853302002
9.12989583333333,0.937581062316895
9.13322916666667,0.940084457397461
9.1365625,0.942349433898926
9.13989583333333,0.944375991821289
9.14322916666667,0.946164131164551
9.1465625,0.947713851928711
9.14989583333333,0.949084758758545
9.15322916666667,0.950157642364502
9.1565625,0.951111316680908
9.15989583333333,0.951945781707764
9.16322916666667,0.952601432800293
9.1665625,0.953137874603271
9.16989583333333,0.953555107116699
9.17322916666667,0.953853130340576
9.1765625,0.954031944274902
9.17989583333333,0.954151153564453
9.18322916666667,0.954210758209229
9.1865625,0.954151153564453
9.18989583333333,0.953972339630127
9.19322916666667,0.953733921051025
9.1965625,0.953376293182373
9.19989583333333,0.95289945602417
9.20322916666667,0.952303409576416
9.2065625,0.951588153839111
9.20989583333333,0.950753688812256
9.21322916666667,0.949740409851074
9.2165625,0.948548316955566
9.21989583333333,0.947117805480957
9.22322916666667,0.945448875427246
9.2265625,0.943481922149658
9.22989583333333,0.941216945648193
9.23322916666667,0.938653945922852
9.2365625,0.935852527618408
9.23989583333333,0.932753086090088
9.24322916666667,0.929474830627441
9.2465625,0.926077365875244
9.24989583333333,0.922620296478271
9.25322916666667,0.91928243637085
9.2565625,0.916063785552979
9.25989583333333,0.913083553314209
9.26322916666667,0.910401344299316
9.2665625,0.908136367797852
9.26989583333333,0.906288623809814
9.27322916666667,0.90491771697998
9.2765625,0.903964042663574
9.27989583333333,0.903427600860596
9.28322916666667,0.90336799621582
9.2865625,0.903725624084473
9.28989583333333,0.904500484466553
9.29322916666667,0.90557336807251
9.2965625,0.907063484191895
9.29989583333333,0.908732414245605
9.30322916666667,0.910699367523193
9.3065625,0.912845134735107
9.30989583333333,0.915169715881348
9.31322916666667,0.917494297027588
9.3165625,0.919878482818604
9.31989583333333,0.922143459320068
9.32322916666667,0.924348831176758
9.3265625,0.92625617980957
9.32989583333333,0.927925109863281
9.33322916666667,0.929296016693115
9.3365625,0.930309295654297
9.33989583333334,0.930905342102051
9.34322916666667,0.931143760681152
9.3465625,0.930964946746826
9.34989583333333,0.930488109588623
9.35322916666667,0.929653644561768
9.3565625,0.928640365600586
9.35989583333333,0.927448272705078
9.36322916666667,0.926196575164795
9.3665625,0.924885272979736
9.36989583333333,0.923633575439453
9.37322916666667,0.922441482543945
9.3765625,0.921368598937988
9.37989583333333,0.920414924621582
9.38322916666667,0.919640064239502
9.3865625,0.918984413146973
9.38989583333333,0.918447971343994
9.39322916666667,0.918030738830566
9.3965625,0.917673110961914
9.39989583333333,0.917434692382813
9.40322916666667,0.917136669158936
9.4065625,0.916779041290283
9.40989583333333,0.916361808776855
9.41322916666667,0.915765762329102
9.4165625,0.914931297302246
9.41989583333333,0.913858413696289
9.42322916666667,0.912487506866455
9.4265625,0.910699367523193
9.42989583333333,0.908613204956055
9.43322916666667,0.906169414520264
9.4365625,0.903427600860596
9.43989583333333,0.900506973266602
9.44322916666667,0.897347927093506
9.4465625,0.89418888092041
9.44989583333333,0.891029834747314
9.45322916666667,0.888049602508545
9.4565625,0.885248184204102
9.45989583333333,0.882744789123535
9.46322916666667,0.880599021911621
9.4665625,0.878751277923584
9.46989583333333,0.877261161804199
9.47322916666667,0.876188278198242
9.4765625,0.875413417816162
9.47989583333333,0.874936580657959
9.48322916666667,0.874757766723633
9.4865625,0.874817371368408
9.48989583333333,0.875234603881836
9.49322916666667,0.87583065032959
9.4965625,0.876665115356445
9.49989583333333,0.877737998962402
9.50322916666667,0.878989696502686
9.5065625,0.88036060333252
9.50989583333333,0.881791114807129
9.51322916666667,0.883281230926514
9.5165625,0.884652137756348
9.51989583333333,0.885963439941406
9.52322916666667,0.887095928192139
9.5265625,0.88798999786377
9.52989583333333,0.888586044311523
9.53322916666667,0.889003276824951
9.5365625,0.889122486114502
9.53989583333333,0.889062881469727
9.54322916666667,0.888824462890625
9.5465625,0.888526439666748
9.54989583333333,0.888168811798096
9.55322916666667,0.887811183929443
9.5565625,0.887572765350342
9.55989583333333,0.887453556060791
9.56322916666667,0.887513160705566
9.5665625,0.887811183929443
9.56989583333333,0.888347625732422
9.57322916666667,0.889122486114502
9.5765625,0.890254974365234
9.57989583333333,0.891625881195068
9.58322916666667,0.893294811248779
9.5865625,0.895321369171143
9.58989583333334,0.897645950317383
9.59322916666667,0.9002685546875
9.5965625,0.903189182281494
9.59989583333333,0.906288623809814
9.60322916666667,0.909566879272461
9.6065625,0.912964344024658
9.60989583333333,0.916421413421631
9.61322916666667,0.919878482818604
9.6165625,0.923216342926025
9.61989583333333,0.926434993743896
9.62322916666667,0.929534435272217
9.6265625,0.932455062866211
9.62989583333333,0.935137271881104
9.63322916666667,0.93764066696167
9.6365625,0.93996524810791
9.63989583333333,0.9421706199646
9.64322916666667,0.944197177886963
9.6465625,0.946044921875
9.64989583333333,0.947713851928711
9.65322916666667,0.949263572692871
9.6565625,0.950634479522705
9.65989583333333,0.951766967773438
9.66322916666667,0.952661037445068
9.6665625,0.953376293182373
9.66989583333333,0.953912734985352
9.67322916666667,0.954270362854004
9.6765625,0.954508781433105
9.67989583333333,0.954687595367432
9.68322916666667,0.954926013946533
9.6865625,0.955164432525635
9.68989583333333,0.955462455749512
9.69322916666667,0.955879688262939
9.6965625,0.956356525421143
9.69989583333333,0.956833362579346
9.70322916666667,0.957369804382324
9.7065625,0.957787036895752
9.70989583333333,0.958085060119629
9.71322916666667,0.958144664764404
9.7165625,0.957965850830078
9.71989583333333,0.957489013671875
9.72322916666667,0.95677375793457
9.7265625,0.955820083618164
9.72989583333333,0.954687595367432
9.73322916666667,0.953376293182373
9.7365625,0.951945781707764
9.73989583333333,0.950455665588379
9.74322916666667,0.948905944824219
9.7465625,0.947415828704834
9.74989583333333,0.945866107940674
9.75322916666667,0.944316387176514
9.7565625,0.942826271057129
9.75989583333333,0.941336154937744
9.76322916666667,0.939846038818359
9.7665625,0.938475131988525
9.76989583333333,0.937163829803467
9.77322916666667,0.935971736907959
9.7765625,0.935018062591553
9.77989583333333,0.934183597564697
9.78322916666667,0.933647155761719
9.7865625,0.933289527893066
9.78989583333333,0.933170318603516
9.79322916666667,0.933289527893066
9.7965625,0.933527946472168
9.79989583333333,0.933945178985596
9.80322916666667,0.934422016143799
9.8065625,0.934898853302002
9.80989583333333,0.93531608581543
9.81322916666667,0.935673713684082
9.8165625,0.935852527618408
9.81989583333333,0.935792922973633
9.82322916666667,0.935614109039307
9.8265625,0.935196876525879
9.82989583333333,0.934600830078125
9.83322916666667,0.93388557434082
9.8365625,0.933051109313965
9.83989583333334,0.932216644287109
9.84322916666667,0.931322574615479
9.8465625,0.930488109588623
9.84989583333333,0.929772853851318
9.85322916666667,0.929117202758789
9.8565625,0.928640365600586
9.85989583333333,0.928282737731934
9.86322916666667,0.928044319152832
9.8665625,0.928103923797607
9.86989583333333,0.928342342376709
9.87322916666667,0.928759574890137
9.8765625,0.929474830627441
9.87989583333333,0.930488109588623
9.88322916666667,0.931680202484131
9.8865625,0.933051109313965
9.88989583333333,0.934600830078125
9.89322916666667,0.936269760131836
9.8965625,0.938057899475098
9.89989583333333,0.939786434173584
9.90322916666667,0.941455364227295
9.9065625,0.94306468963623
9.90989583333333,0.944554805755615
9.91322916666667,0.945806503295898
9.9165625,0.946879386901855
9.91989583333333,0.947713851928711
9.92322916666667,0.948250293731689
9.9265625,0.948488712310791
9.92989583333333,0.948429107666016
9.93322916666667,0.948071479797363
9.9365625,0.947356224060059
9.93989583333333,0.946283340454102
9.94322916666667,0.944912433624268
9.9465625,0.943243503570557
9.94989583333333,0.941336154937744
9.95322916666667,0.93919038772583
9.9565625,0.936925411224365
9.95989583333333,0.934600830078125
9.96322916666667,0.932276248931885
9.9665625,0.930070877075195
9.96989583333333,0.928044319152832
9.97322916666667,0.926196575164795
9.9765625,0.924527645111084
9.97989583333333,0.92315673828125
9.98322916666667,0.922024250030518
9.9865625,0.921130180358887
9.98989583333333,0.920355319976807
9.99322916666667,0.919699668884277
9.9965625,0.919163227081299
9.99989583333333,0.918686389923096
10.0032291666667,0.918149948120117
10.0065625,0.917673110961914
10.0098958333333,0.917196273803711
10.0132291666667,0.916719436645508
10.0165625,0.916182994842529
10.0198958333333,0.915586948394775
10.0232291666667,0.914990901947021
10.0265625,0.914275646209717
10.0298958333333,0.913500785827637
10.0332291666667,0.912606716156006
10.0365625,0.9116530418396
10.0398958333333,0.910520553588867
10.0432291666667,0.909328460693359
10.0465625,0.908076763153076
10.0498958333333,0.906825065612793
10.0532291666667,0.905632972717285
10.0565625,0.904500484466553
10.0598958333333,0.903546810150146
10.0632291666667,0.902771949768066
10.0665625,0.902175903320313
10.0698958333333,0.90181827545166
10.0732291666667,0.901639461517334
10.0765625,0.901579856872559
10.0798958333333,0.901699066162109
10.0832291666667,0.90181827545166
10.0865625,0.901937484741211
10.0898958333333,0.901997089385986
10.0932291666667,0.901937484741211
10.0965625,0.901758670806885
10.0998958333333,0.901460647583008
10.1032291666667,0.900983810424805
10.1065625,0.900387763977051
10.1098958333333,0.899672508239746
10.1132291666667,0.898838043212891
10.1165625,0.898003578186035
10.1198958333333,0.897109508514404
10.1232291666667,0.896275043487549
10.1265625,0.895500183105469
10.1298958333333,0.894784927368164
10.1332291666667,0.89418888092041
10.1365625,0.893771648406982
10.1398958333333,0.893533229827881
10.1432291666667,0.89341402053833
10.1465625,0.893473625183105
10.1498958333333,0.893712043762207
10.1532291666667,0.894129276275635
10.1565625,0.894844532012939
10.1598958333333,0.89573860168457
10.1632291666667,0.896930694580078
10.1665625,0.898480415344238
10.1698958333333,0.9002685546875
10.1732291666667,0.902295112609863
10.1765625,0.904619693756104
10.1798958333333,0.90712308883667
10.1832291666667,0.909805297851563
10.1865625,0.912606716156006
10.1898958333333,0.915408134460449
10.1932291666667,0.918209552764893
10.1965625,0.921010971069336
10.1998958333333,0.923812389373779
10.2032291666667,0.926494598388672
10.2065625,0.929117202758789
10.2098958333333,0.931680202484131
10.2132291666667,0.934064388275146
10.2165625,0.936329364776611
10.2198958333333,0.938475131988525
10.2232291666667,0.940442085266113
10.2265625,0.9421706199646
10.2298958333333,0.943660736083984
10.2332291666667,0.944972038269043
10.2365625,0.946104526519775
10.2398958333333,0.947058200836182
10.2432291666667,0.947892665863037
10.2465625,0.948548316955566
10.2498958333333,0.94914436340332
10.2532291666667,0.949561595916748
10.2565625,0.9499192237854
10.2598958333333,0.950217247009277
10.2632291666667,0.950336456298828
10.2665625,0.950336456298828
10.2698958333333,0.950276851654053
10.2732291666667,0.950038433074951
10.2765625,0.949680805206299
10.2798958333333,0.949263572692871
10.2832291666667,0.948786735534668
10.2865625,0.948250293731689
10.2898958333333,0.947654247283936
10.2932291666667,0.947058200836182
10.2965625,0.946402549743652
10.2998958333333,0.945687294006348
10.3032291666667,0.944852828979492
10.3065625,0.943899154663086
10.3098958333333,0.942885875701904
10.3132291666667,0.941693782806396
10.3165625,0.940442085266113
10.3198958333333,0.939071178436279
10.3232291666667,0.937700271606445
10.3265625,0.936329364776611
10.3298958333333,0.935018062591553
10.3332291666667,0.93376636505127
10.3365625,0.932574272155762
10.3398958333333,0.93156099319458
10.3432291666667,0.930607318878174
10.3465625,0.929772853851318
10.3498958333333,0.928997993469238
10.3532291666667,0.928282737731934
10.3565625,0.927627086639404
10.3598958333333,0.926971435546875
10.3632291666667,0.926375389099121
10.3665625,0.925779342651367
10.3698958333333,0.925242900848389
10.3732291666667,0.92470645904541
10.3765625,0.924170017242432
10.3798958333333,0.923693180084229
10.3832291666667,0.92315673828125
10.3865625,0.922620296478271
10.3898958333333,0.922024250030518
10.3932291666667,0.921428203582764
10.3965625,0.920772552490234
10.3998958333333,0.919997692108154
10.4032291666667,0.919222831726074
10.4065625,0.918447971343994
10.4098958333333,0.917673110961914
10.4132291666667,0.917017459869385
10.4165625,0.916481018066406
10.4198958333333,0.916123390197754
10.4232291666667,0.916063785552979
10.4265625,0.91630220413208
10.4298958333333,0.916957855224609
10.4332291666667,0.917971134185791
10.4365625,0.9194016456604
10.4398958333333,0.921130180358887
10.4432291666667,0.92315673828125
10.4465625,0.925302505493164
10.4498958333333,0.927627086639404
10.4532291666667,0.93001127243042
10.4565625,0.932276248931885
10.4598958333333,0.934481620788574
10.4632291666667,0.936448574066162
10.4665625,0.938236713409424
10.4698958333333,0.939726829528809
10.4732291666667,0.940978527069092
10.4765625,0.941932201385498
10.4798958333333,0.942587852478027
10.4832291666667,0.94294548034668
10.4865625,0.943005084991455
10.4898958333333,0.942766666412354
10.4932291666667,0.94228982925415
10.4965625,0.941455364227295
10.4998958333333,0.940382480621338
10.5032291666667,0.939071178436279
10.5065625,0.93764066696167
10.5098958333333,0.935971736907959
10.5132291666667,0.934243202209473
10.5165625,0.932455062866211
10.5198958333333,0.930726528167725
10.5232291666667,0.928997993469238
10.5265625,0.927329063415527
10.5298958333333,0.925779342651367
10.5332291666667,0.924408435821533
10.5365625,0.923216342926025
10.5398958333333,0.922203063964844
10.5432291666667,0.921368598937988
10.5465625,0.920712947845459
10.5498958333333,0.920355319976807
10.5532291666667,0.92017650604248
10.5565625,0.920236110687256
10.5598958333333,0.920534133911133
10.5632291666667,0.920951366424561
10.5665625,0.921547412872314
10.5698958333333,0.922262668609619
10.5732291666667,0.922977924346924
10.5765625,0.923752784729004
10.5798958333333,0.924468040466309
10.5832291666667,0.925123691558838
10.5865625,0.925660133361816
10.5898958333333,0.926077365875244
10.5932291666667,0.926375389099121
10.5965625,0.926613807678223
10.5998958333333,0.926673412322998
10.6032291666667,0.926673412322998
10.6065625,0.926613807678223
10.6098958333333,0.926434993743896
10.6132291666667,0.926196575164795
10.6165625,0.925958156585693
10.6198958333333,0.925719738006592
10.6232291666667,0.925540924072266
10.6265625,0.925362110137939
10.6298958333333,0.925302505493164
10.6332291666667,0.925302505493164
10.6365625,0.925421714782715
10.6398958333333,0.925600528717041
10.6432291666667,0.925898551940918
10.6465625,0.926196575164795
10.6498958333333,0.926613807678223
10.6532291666667,0.926971435546875
10.6565625,0.927329063415527
10.6598958333333,0.927627086639404
10.6632291666667,0.927865505218506
10.6665625,0.928103923797607
10.6698958333333,0.928342342376709
10.6732291666667,0.92846155166626
10.6765625,0.928640365600586
10.6798958333333,0.928878784179688
10.6832291666667,0.929117202758789
10.6865625,0.929474830627441
10.6898958333333,0.929951667785645
10.6932291666667,0.930488109588623
10.6965625,0.931203365325928
10.6998958333333,0.931918621063232
10.7032291666667,0.932753086090088
10.7065625,0.933647155761719
10.7098958333333,0.934422016143799
10.7132291666667,0.935196876525879
10.7165625,0.935852527618408
10.7198958333333,0.936388969421387
10.7232291666667,0.936746597290039
10.7265625,0.936985015869141
10.7298958333333,0.937044620513916
10.7332291666667,0.936925411224365
10.7365625,0.936627388000488
10.7398958333333,0.936150550842285
10.7432291666667,0.935494899749756
10.7465625,0.93454122543335
10.7498958333333,0.933349132537842
10.7532291666667,0.931918621063232
10.7565625,0.930249691009521
10.7598958333333,0.928282737731934
10.7632291666667,0.92613697052002
10.7665625,0.923812389373779
10.7698958333333,0.921368598937988
10.7732291666667,0.918924808502197
10.7765625,0.916481018066406
10.7798958333333,0.914156436920166
10.7832291666667,0.911951065063477
10.7865625,0.909924507141113
10.7898958333333,0.908136367797852
10.7932291666667,0.906527042388916
10.7965625,0.905096530914307
10.7998958333333,0.903964042663574
10.8032291666667,0.902950763702393
10.8065625,0.902175903320313
10.8098958333333,0.901639461517334
10.8132291666667,0.901281833648682
10.8165625,0.901222229003906
10.8198958333333,0.901460647583008
10.8232291666667,0.901997089385986
10.8265625,0.902831554412842
10.8298958333333,0.903964042663574
10.8332291666667,0.905394554138184
10.8365625,0.90712308883667
10.8398958333333,0.909090042114258
10.8432291666667,0.911295413970947
10.8465625,0.913679599761963
10.8498958333333,0.916182994842529
10.8532291666667,0.918686389923096
10.8565625,0.921130180358887
10.8598958333333,0.923454761505127
10.8632291666667,0.92548131942749
10.8665625,0.927090644836426
10.8698958333333,0.928282737731934
10.8732291666667,0.928878784179688
10.8765625,0.928878784179688
10.8798958333333,0.928223133087158
10.8832291666667,0.926971435546875
10.8865625,0.925242900848389
10.8898958333333,0.923097133636475
10.8932291666667,0.920712947845459
10.8965625,0.918269157409668
10.8998958333333,0.915884971618652
10.9032291666667,0.913739204406738
10.9065625,0.911891460418701
10.9098958333333,0.910401344299316
10.9132291666667,0.909328460693359
10.9165625,0.908553600311279
10.9198958333333,0.908076763153076
10.9232291666667,0.907659530639648
10.9265625,0.907301902770996
10.9298958333333,0.906825065612793
10.9332291666667,0.906169414520264
10.9365625,0.905275344848633
10.9398958333333,0.9041428565979
10.9432291666667,0.902652740478516
10.9465625,0.900924205780029
10.9498958333333,0.898897647857666
10.9532291666667,0.896632671356201
10.9565625,0.894248485565186
10.9598958333333,0.891685485839844
10.9632291666667,0.889062881469727
10.9665625,0.886380672454834
10.9698958333333,0.883638858795166
10.9732291666667,0.880956649780273
10.9765625,0.878453254699707
10.9798958333333,0.876069068908691
10.9832291666667,0.873982906341553
10.9865625,0.872313976287842
10.9898958333333,0.871062278747559
10.9932291666667,0.870406627655029
10.9965625,0.870406627655029
10.9998958333333,0.871241092681885
11.0032291666667,0.873029232025146
11.0065625,0.875890254974365
11.0098958333333,0.880002975463867
11.0132291666667,0.885546207427979
11.0165625,0.89263916015625
11.0198958333333,0.901579856872559
11.0232291666667,0.91254711151123
11.0265625,0.925660133361816
11.0298958333333,0.941038131713867
11.0332291666667,0.958859920501709
11.0365625,0.979065895080566
11.0398958333333,1.00153684616089
11.0432291666667,1.02609395980835
11.0465625,1.05243921279907
11.0498958333333,1.08015537261963
11.0532291666667,1.10888481140137
11.0565625,1.13803148269653
11.0598958333333,1.16705894470215
11.0632291666667,1.19554996490479
11.0665625,1.22302770614624
11.0698958333333,1.24901533126831
11.0732291666667,1.27315521240234
11.0765625,1.29526853561401
11.0798958333333,1.31517648696899
11.0832291666667,1.33281946182251
11.0865625,1.34831666946411
11.0898958333333,1.36184692382813
11.0932291666667,1.3737678527832
11.0965625,1.38455629348755
11.0998958333333,1.39486789703369
11.1032291666667,1.40541791915894
11.1065625,1.41704082489014
11.1098958333333,1.4306902885437
11.1132291666667,1.44737958908081
11.1165625,1.46788358688354
11.1198958333333,1.49315595626831
11.1232291666667,1.52391195297241
11.1265625,1.56068801879883
11.1298958333333,1.60372257232666
11.1332291666667,1.65301561355591
11.1365625,1.70820951461792
11.1398958333333,1.76870822906494
11.1432291666667,1.83349847793579
11.1465625,1.90109014511108
11.1498958333333,1.96981430053711
11.1532291666667,2.03776359558105
11.1565625,2.10273265838623
11.1598958333333,2.16251611709595
11.1632291666667,2.21478939056396
11.1665625,2.2575855255127
11.1698958333333,2.28899717330933
11.1732291666667,2.30753421783447
11.1765625,2.31218338012695
11.1798958333333,2.30246782302856
11.1832291666667,2.27838754653931
11.1865625,2.24041938781738
11.1898958333333,2.18957662582397
11.1932291666667,2.12734937667847
11.1965625,2.05540657043457
11.1998958333333,1.97571516036987
11.2032291666667,1.89036130905151
11.2065625,1.80137157440186
11.2098958333333,1.71077251434326
11.2132291666667,1.62035226821899
11.2165625,1.53177976608276
11.2198958333333,1.4464259147644
11.2232291666667,1.36542320251465
11.2265625,1.28966569900513
11.2298958333333,1.21980905532837
11.2332291666667,1.15621089935303
11.2365625,1.0991096496582
11.2398958333333,1.04856491088867
11.2432291666667,1.00445747375488
11.2465625,0.966489315032959
11.2498958333333,0.934362411499023
11.2532291666667,0.907659530639648
11.2565625,0.886023044586182
11.2598958333333,0.868856906890869
11.2632291666667,0.855743885040283
11.2665625,0.846266746520996
11.2698958333333,0.84000825881958
11.2732291666667,0.836431980133057
11.2765625,0.835299491882324
11.2798958333333,0.83625316619873
11.2832291666667,0.839054584503174
11.2865625,0.843346118927002
11.2898958333333,0.849008560180664
11.2932291666667,0.855803489685059
11.2965625,0.863552093505859
11.2998958333333,0.87207555770874
11.3032291666667,0.881195068359375
11.3065625,0.890791416168213
11.3098958333333,0.900804996490479
11.3132291666667,0.911056995391846
11.3165625,0.921547412872314
11.3198958333333,0.932097434997559
11.3232291666667,0.942647457122803
11.3265625,0.953197479248047
11.3298958333333,0.96362829208374
11.3332291666667,0.973939895629883
11.3365625,0.984072685241699
11.3398958333333,0.993967056274414
11.3432291666667,1.00356340408325
11.3465625,1.01280212402344
11.3498958333333,1.02174282073975
11.3532291666667,1.03026628494263
11.3565625,1.03843212127686
11.3598958333333,1.04612112045288
11.3632291666667,1.05339288711548
11.3665625,1.06024742126465
11.3698958333333,1.06656551361084
11.3732291666667,1.07240676879883
11.3765625,1.07783079147339
11.3798958333333,1.0826587677002
11.3832291666667,1.08706951141357
11.3865625,1.09094381332397
11.3898958333333,1.09440088272095
11.3932291666667,1.09738111495972
11.3965625,1.10000371932983
11.3998958333333,1.1022686958313
11.4032291666667,1.10417604446411
11.4065625,1.1059045791626
11.4098958333333,1.10733509063721
11.4132291666667,1.10858678817749
11.4165625,1.10971927642822
11.4198958333333,1.11067295074463
11.4232291666667,1.11150741577148
11.4265625,1.11216306686401
11.4298958333333,1.11269950866699
11.4332291666667,1.11299753189087
11.4365625,1.11299753189087
11.4398958333333,1.11281871795654
11.4432291666667,1.11234188079834
11.4465625,1.11156702041626
11.4498958333333,1.11055374145508
11.4532291666667,1.10936164855957
11.4565625,1.10793113708496
11.4598958333333,1.10632181167603
11.4632291666667,1.10453367233276
11.4665625,1.10268592834473
11.4698958333333,1.10065937042236
11.4732291666667,1.09857320785522
11.4765625,1.09630823135376
11.4798958333333,1.09398365020752
11.4832291666667,1.0915994644165
11.4865625,1.08909606933594
11.4898958333333,1.08659267425537
11.4932291666667,1.08402967453003
11.4965625,1.08146667480469
11.4998958333333,1.07896327972412
11.5032291666667,1.07640027999878
11.5065625,1.07395648956299
11.5098958333333,1.07145309448242
11.5132291666667,1.06894969940186
11.5165625,1.06632709503174
11.5198958333333,1.06364488601685
11.5232291666667,1.0608434677124
11.5265625,1.05792284011841
11.5298958333333,1.05482339859009
11.5332291666667,1.05166435241699
11.5365625,1.04844570159912
11.5398958333333,1.0451078414917
11.5432291666667,1.04188919067383
11.5465625,1.03861093521118
11.5498958333333,1.03545188903809
11.5532291666667,1.03235244750977
11.5565625,1.029372215271
11.5598958333333,1.02639198303223
11.5632291666667,1.02359056472778
11.5665625,1.02078914642334
11.5698958333333,1.01816654205322
11.5732291666667,1.01566314697266
11.5765625,1.01327896118164
11.5798958333333,1.01113319396973
11.5832291666667,1.00922584533691
11.5865625,1.0075569152832
11.5898958333333,1.00624561309814
11.5932291666667,1.00517272949219
11.5965625,1.00445747375488
11.5998958333333,1.00398063659668
11.6032291666667,1.00374221801758
11.6065625,1.00374221801758
11.6098958333333,1.0039210319519
11.6132291666667,1.00421905517578
11.6165625,1.00463628768921
11.6198958333333,1.00511312484741
11.6232291666667,1.00570917129517
11.6265625,1.0063648223877
11.6298958333333,1.007080078125
11.6332291666667,1.0077953338623
11.6365625,1.00857019424438
11.6398958333333,1.00940465927124
11.6432291666667,1.0102391242981
11.6465625,1.01113319396973
11.6498958333333,1.01202726364136
11.6532291666667,1.01292133331299
11.6565625,1.01375579833984
11.6598958333333,1.0145902633667
11.6632291666667,1.015305519104
11.6665625,1.01596117019653
11.6698958333333,1.01643800735474
11.6732291666667,1.01673603057861
11.6765625,1.01685523986816
11.6798958333333,1.01667642593384
11.6832291666667,1.01625919342041
11.6865625,1.01560354232788
11.6898958333333,1.01464986801147
11.6932291666667,1.01345777511597
11.6965625,1.01196765899658
11.6998958333333,1.0102391242981
11.7032291666667,1.00827217102051
11.7065625,1.00612640380859
11.7098958333333,1.0036826133728
11.7132291666667,1.00106000900269
11.7165625,0.998198986053467
11.7198958333333,0.995218753814697
11.7232291666667,0.992119312286377
11.7265625,0.988960266113281
11.7298958333333,0.985801219940186
11.7332291666667,0.982701778411865
11.7365625,0.979721546173096
11.7398958333333,0.976920127868652
11.7432291666667,0.974416732788086
11.7465625,0.972151756286621
11.7498958333333,0.970184803009033
11.7532291666667,0.968515872955322
11.7565625,0.967085361480713
11.7598958333333,0.96595287322998
11.7632291666667,0.964999198913574
11.7665625,0.964343547821045
11.7698958333333,0.963866710662842
11.7732291666667,0.963568687438965
11.7765625,0.963449478149414
11.7798958333333,0.963509082794189
11.7832291666667,0.963747501373291
11.7865625,0.964045524597168
11.7898958333333,0.964462757110596
11.7932291666667,0.964999198913574
11.7965625,0.965595245361328
11.7998958333333,0.966310501098633
11.8032291666667,0.967025756835938
11.8065625,0.967800617218018
11.8098958333333,0.968635082244873
11.8132291666667,0.969529151916504
11.8165625,0.970363616943359
11.8198958333333,0.97125768661499
11.8232291666667,0.97203254699707
11.8265625,0.97280740737915
11.8298958333333,0.973403453826904
11.8332291666667,0.973880290985107
11.8365625,0.974118709564209
11.8398958333333,0.974178314208984
11.8432291666667,0.973999500274658
11.8465625,0.97358226776123
11.8498958333333,0.973045825958252
11.8532291666667,0.972330570220947
11.8565625,0.971436500549316
11.8598958333333,0.970423221588135
11.8632291666667,0.969350337982178
11.8665625,0.968217849731445
11.8698958333333,0.967085361480713
11.8732291666667,0.965893268585205
11.8765625,0.964820384979248
11.8798958333333,0.963807106018066
11.8832291666667,0.96285343170166
11.8865625,0.962018966674805
11.8898958333333,0.961363315582275
11.8932291666667,0.960826873779297
11.8965625,0.960469245910645
11.8998958333333,0.960230827331543
11.9032291666667,0.960111618041992
11.9065625,0.959992408752441
11.9098958333333,0.959873199462891
11.9132291666667,0.959694385528564
11.9165625,0.959336757659912
11.9198958333333,0.958859920501709
11.9232291666667,0.958085060119629
11.9265625,0.957131385803223
11.9298958333333,0.955820083618164
11.9332291666667,0.954270362854004
11.9365625,0.952422618865967
11.9398958333333,0.950336456298828
11.9432291666667,0.948071479797363
11.9465625,0.945627689361572
11.9498958333333,0.94306468963623
11.9532291666667,0.940501689910889
11.9565625,0.937938690185547
11.9598958333333,0.935494899749756
11.9632291666667,0.933170318603516
11.9665625,0.931143760681152
11.9698958333333,0.929296016693115
11.9732291666667,0.92768669128418
11.9765625,0.926434993743896
11.9798958333333,0.925421714782715
11.9832291666667,0.924766063690186
11.9865625,0.924348831176758
11.9898958333333,0.924229621887207
11.9932291666667,0.924408435821533
11.9965625,0.924885272979736
11.9998958333333,0.925600528717041
12.0032291666667,0.926554203033447
12.0065625,0.92780590057373
12.0098958333333,0.92923641204834
12.0132291666667,0.9307861328125
12.0165625,0.932514667510986
12.0198958333333,0.934243202209473
12.0232291666667,0.935971736907959
12.0265625,0.937700271606445
12.0298958333333,0.939369201660156
12.0332291666667,0.940918922424316
12.0365625,0.942349433898926
12.0398958333333,0.943660736083984
12.0432291666667,0.944912433624268
12.0465625,0.946044921875
12.0498958333333,0.947058200836182
12.0532291666667,0.948011875152588
12.0565625,0.948905944824219
12.0598958333333,0.949740409851074
12.0632291666667,0.950515270233154
12.0665625,0.951170921325684
12.0698958333333,0.951826572418213
12.0732291666667,0.952422618865967
12.0765625,0.95289945602417
12.0798958333333,0.953316688537598
12.0832291666667,0.953733921051025
12.0865625,0.954091548919678
12.0898958333333,0.95444917678833
12.0932291666667,0.954806804656982
12.0965625,0.955104827880859
12.0998958333333,0.955402851104736
12.1032291666667,0.955641269683838
12.1065625,0.955879688262939
12.1098958333333,0.956058502197266
12.1132291666667,0.956177711486816
12.1165625,0.956296920776367
12.1198958333333,0.956356525421143
12.1232291666667,0.956356525421143
12.1265625,0.956475734710693
12.1298958333333,0.956594944000244
12.1332291666667,0.95677375793457
12.1365625,0.957012176513672
12.1398958333333,0.957310199737549
12.1432291666667,0.957608222961426
12.1465625,0.958025455474854
12.1498958333333,0.958502292633057
12.1532291666667,0.959038734436035
12.1565625,0.959634780883789
12.1598958333333,0.960171222686768
12.1632291666667,0.960767269134521
12.1665625,0.961363315582275
12.1698958333333,0.961840152740479
12.1732291666667,0.962197780609131
12.1765625,0.962376594543457
12.1798958333333,0.962257385253906
12.1832291666667,0.961840152740479
12.1865625,0.961124897003174
12.1898958333333,0.960052013397217
12.1932291666667,0.958681106567383
12.1965625,0.957071781158447
12.1998958333333,0.955283641815186
12.2032291666667,0.953376293182373
12.2065625,0.951409339904785
12.2098958333333,0.949501991271973
12.2132291666667,0.947713851928711
12.2165625,0.945985317230225
12.2198958333333,0.94449520111084
12.2232291666667,0.943124294281006
12.2265625,0.941991806030273
12.2298958333333,0.941038131713867
12.2332291666667,0.940203666687012
12.2365625,0.939548015594482
12.2398958333333,0.939071178436279
12.2432291666667,0.938713550567627
12.2465625,0.938475131988525
12.2498958333333,0.938296318054199
12.2532291666667,0.938177108764648
12.2565625,0.938117504119873
12.2598958333333,0.938177108764648
12.2632291666667,0.938236713409424
12.2665625,0.93841552734375
12.2698958333333,0.938713550567627
12.2732291666667,0.93919038772583
12.2765625,0.939786434173584
12.2798958333333,0.940501689910889
12.2832291666667,0.941455364227295
12.2865625,0.942528247833252
12.2898958333333,0.94372034072876
12.2932291666667,0.945031642913818
12.2965625,0.946462154388428
12.2998958333333,0.947892665863037
12.3032291666667,0.949442386627197
12.3065625,0.950992107391357
12.3098958333333,0.952661037445068
12.3132291666667,0.954389572143555
12.3165625,0.956177711486816
12.3198958333333,0.958085060119629
12.3232291666667,0.960052013397217
12.3265625,0.96207857131958
12.3298958333333,0.964164733886719
12.3332291666667,0.966191291809082
12.3365625,0.968217849731445
12.3398958333333,0.970125198364258
12.3432291666667,0.971853733062744
12.3465625,0.973403453826904
12.3498958333333,0.974714756011963
12.3532291666667,0.97578763961792
12.3565625,0.976622104644775
12.3598958333333,0.977218151092529
12.3632291666667,0.977575778961182
12.3665625,0.977814197540283
12.3698958333333,0.977873802185059
12.3732291666667,0.977873802185059
12.3765625,0.977754592895508
12.3798958333333,0.977575778961182
12.3832291666667,0.977396965026855
12.3865625,0.977158546447754
12.3898958333333,0.976860523223877
12.3932291666667,0.976622104644775
12.3965625,0.976383686065674
12.3998958333333,0.976145267486572
12.4032291666667,0.975966453552246
12.4065625,0.975668430328369
12.4098958333333,0.975430011749268
12.4132291666667,0.975072383880615
12.4165625,0.974655151367188
12.4198958333333,0.974118709564209
12.4232291666667,0.973403453826904
12.4265625,0.972509384155273
12.4298958333333,0.971436500549316
12.4332291666667,0.970304012298584
12.4365625,0.968992710113525
12.4398958333333,0.967681407928467
12.4432291666667,0.966250896453857
12.4465625,0.964760780334473
12.4498958333333,0.963330268859863
12.4532291666667,0.961840152740479
12.4565625,0.960350036621094
12.4598958333333,0.958919525146484
12.4632291666667,0.957369804382324
12.4665625,0.955879688262939
12.4698958333333,0.954329967498779
12.4732291666667,0.952720642089844
12.4765625,0.951170921325684
12.4798958333333,0.949561595916748
12.4832291666667,0.947952270507813
12.4865625,0.946402549743652
12.4898958333333,0.944852828979492
12.4932291666667,0.943362712860107
12.4965625,0.941932201385498
12.4998958333333,0.940561294555664
12.5032291666667,0.939249992370605
12.5065625,0.938057899475098
12.5098958333333,0.936925411224365
12.5132291666667,0.935852527618408
12.5165625,0.934958457946777
12.5198958333333,0.934183597564697
12.5232291666667,0.933527946472168
12.5265625,0.932991504669189
12.5298958333333,0.932514667510986
12.5332291666667,0.932157039642334
12.5365625,0.931859016418457
12.5398958333333,0.931620597839355
12.5432291666667,0.931441783905029
12.5465625,0.931262969970703
12.5498958333333,0.931084156036377
12.5532291666667,0.930964946746826
12.5565625,0.9307861328125
12.5598958333333,0.930547714233398
12.5632291666667,0.930309295654297
12.5665625,0.93001127243042
12.5698958333333,0.929594039916992
12.5732291666667,0.929117202758789
12.5765625,0.928580760955811
12.5798958333333,0.927925109863281
12.5832291666667,0.927209854125977
12.5865625,0.926494598388672
12.5898958333333,0.925779342651367
12.5932291666667,0.925064086914063
12.5965625,0.924408435821533
12.5998958333333,0.923752784729004
12.6032291666667,0.923216342926025
12.6065625,0.922679901123047
12.6098958333333,0.922262668609619
12.6132291666667,0.921905040740967
12.6165625,0.921547412872314
12.6198958333333,0.921308994293213
12.6232291666667,0.921070575714111
12.6265625,0.920951366424561
12.6298958333333,0.920772552490234
12.6332291666667,0.920712947845459
12.6365625,0.920593738555908
12.6398958333333,0.920414924621582
12.6432291666667,0.92017650604248
12.6465625,0.919938087463379
12.6498958333333,0.919580459594727
12.6532291666667,0.91928243637085
12.6565625,0.918924808502197
12.6598958333333,0.91862678527832
12.6632291666667,0.918447971343994
12.6665625,0.918388366699219
12.6698958333333,0.918567180633545
12.6732291666667,0.918924808502197
12.6765625,0.919520854949951
12.6798958333333,0.920295715332031
12.6832291666667,0.921308994293213
12.6865625,0.92238187789917
12.6898958333333,0.923633575439453
12.6932291666667,0.924944877624512
12.6965625,0.926315784454346
12.6998958333333,0.927627086639404
12.7032291666667,0.928938388824463
12.7065625,0.930190086364746
12.7098958333333,0.931382179260254
12.7132291666667,0.932574272155762
12.7165625,0.933647155761719
12.7198958333333,0.934720039367676
12.7232291666667,0.935792922973633
12.7265625,0.936746597290039
12.7298958333333,0.937700271606445
12.7332291666667,0.938653945922852
12.7365625,0.939548015594482
12.7398958333333,0.940501689910889
12.7432291666667,0.94139575958252
12.7465625,0.942349433898926
12.7498958333333,0.943303108215332
12.7532291666667,0.944256782531738
12.7565625,0.945329666137695
12.7598958333333,0.946342945098877
12.7632291666667,0.947415828704834
12.7665625,0.948488712310791
12.7698958333333,0.949442386627197
12.7732291666667,0.950336456298828
12.7765625,0.951170921325684
12.7798958333333,0.951826572418213
12.7832291666667,0.952303409576416
12.7865625,0.952661037445068
12.7898958333333,0.952780246734619
12.7932291666667,0.952720642089844
12.7965625,0.952482223510742
12.7998958333333,0.952064990997314
12.8032291666667,0.951528549194336
12.8065625,0.950872898101807
12.8098958333333,0.950098037719727
12.8132291666667,0.949323177337646
12.8165625,0.948488712310791
12.8198958333333,0.947713851928711
12.8232291666667,0.946879386901855
12.8265625,0.946104526519775
12.8298958333333,0.945389270782471
12.8332291666667,0.944674015045166
12.8365625,0.944018363952637
12.8398958333333,0.943303108215332
12.8432291666667,0.942587852478027
12.8465625,0.941872596740723
12.8498958333333,0.941157341003418
12.8532291666667,0.940442085266113
12.8565625,0.939667224884033
12.8598958333333,0.938951969146729
12.8632291666667,0.938236713409424
12.8665625,0.937461853027344
12.8698958333333,0.936746597290039
12.8732291666667,0.935971736907959
12.8765625,0.935196876525879
12.8798958333333,0.934362411499023
12.8832291666667,0.933527946472168
12.8865625,0.932574272155762
12.8898958333333,0.93156099319458
12.8932291666667,0.930547714233398
12.8965625,0.929474830627441
12.8998958333333,0.928342342376709
12.9032291666667,0.927269458770752
12.9065625,0.92625617980957
12.9098958333333,0.925242900848389
12.9132291666667,0.924348831176758
12.9165625,0.923514366149902
12.9198958333333,0.922799110412598
12.9232291666667,0.922143459320068
12.9265625,0.92160701751709
12.9298958333333,0.921070575714111
12.9332291666667,0.920593738555908
12.9365625,0.920116901397705
12.9398958333333,0.919640064239502
12.9432291666667,0.919103622436523
12.9465625,0.918567180633545
12.9498958333333,0.918030738830566
12.9532291666667,0.917494297027588
12.9565625,0.917017459869385
12.9598958333333,0.916540622711182
12.9632291666667,0.916242599487305
12.9665625,0.916063785552979
12.9698958333333,0.916063785552979
12.9732291666667,0.916242599487305
12.9765625,0.916659832000732
12.9798958333333,0.917315483093262
12.9832291666667,0.918149948120117
12.9865625,0.919163227081299
12.9898958333333,0.920474529266357
12.9932291666667,0.921964645385742
12.9965625,0.923633575439453
12.9998958333333,0.92548131942749
13.0032291666667,0.927448272705078
13.0065625,0.929534435272217
13.0098958333333,0.931680202484131
13.0132291666667,0.933825969696045
13.0165625,0.935912132263184
13.0198958333333,0.937879085540771
13.0232291666667,0.939667224884033
13.0265625,0.941336154937744
13.0298958333333,0.942766666412354
13.0332291666667,0.944077968597412
13.0365625,0.945150852203369
13.0398958333333,0.946044921875
13.0432291666667,0.946879386901855
13.0465625,0.947535037994385
13.0498958333333,0.948190689086914
13.0532291666667,0.948786735534668
13.0565625,0.949382781982422
13.0598958333333,0.949978828430176
13.0632291666667,0.950634479522705
13.0665625,0.951409339904785
13.0698958333333,0.952303409576416
13.0732291666667,0.953257083892822
13.0765625,0.954389572143555
13.0798958333333,0.955700874328613
13.0832291666667,0.957071781158447
13.0865625,0.958621501922607
13.0898958333333,0.960230827331543
13.0932291666667,0.961899757385254
13.0965625,0.963687896728516
13.0998958333333,0.965416431427002
13.1032291666667,0.967085361480713
13.1065625,0.968694686889648
13.1098958333333,0.970184803009033
13.1132291666667,0.971615314483643
13.1165625,0.972926616668701
13.1198958333333,0.974178314208984
13.1232291666667,0.975370407104492
13.1265625,0.976502895355225
13.1298958333333,0.977635383605957
13.1332291666667,0.978767871856689
13.1365625,0.979900360107422
13.1398958333333,0.981032848358154
13.1432291666667,0.982224941253662
13.1465625,0.983357429504395
13.1498958333333,0.984430313110352
13.1532291666667,0.985503196716309
13.1565625,0.986456871032715
13.1598958333333,0.98729133605957
13.1632291666667,0.988125801086426
13.1665625,0.98884105682373
13.1698958333333,0.98949670791626
13.1732291666667,0.990092754364014
13.1765625,0.990688800811768
13.1798958333333,0.991165637969971
13.1832291666667,0.991642475128174
13.1865625,0.992000102996826
13.1898958333333,0.992357730865479
13.1932291666667,0.99259614944458
13.1965625,0.992774963378906
13.1998958333333,0.992894172668457
13.2032291666667,0.993072986602783
13.2065625,0.993192195892334
13.2098958333333,0.993430614471436
13.2132291666667,0.993788242340088
13.2165625,0.994205474853516
13.2198958333333,0.994861125946045
13.2232291666667,0.995635986328125
13.2265625,0.996589660644531
13.2298958333333,0.997662544250488
13.2332291666667,0.998854637145996
13.2365625,1.00016593933105
13.2398958333333,1.00147724151611
13.2432291666667,1.00284814834595
13.2465625,1.00427865982056
13.2498958333333,1.00570917129517
13.2532291666667,1.00713968276978
13.2565625,1.00868940353394
13.2598958333333,1.01029872894287
13.2632291666667,1.01196765899658
13.2665625,1.01369619369507
13.2698958333333,1.01554393768311
13.2732291666667,1.01739168167114
13.2765625,1.01923942565918
13.2798958333333,1.02102756500244
13.2832291666667,1.02275609970093
13.2865625,1.02436542510986
13.2898958333333,1.0257363319397
13.2932291666667,1.02704763412476
13.2965625,1.02812051773071
13.2998958333333,1.02901458740234
13.3032291666667,1.02967023849487
13.3065625,1.03020668029785
13.3098958333333,1.0305643081665
13.3132291666667,1.03074312210083
13.3165625,1.03074312210083
13.3198958333333,1.03062391281128
13.3232291666667,1.0303258895874
13.3265625,1.02978944778442
13.3298958333333,1.02907419204712
13.3332291666667,1.02812051773071
13.3365625,1.02692842483521
13.3398958333333,1.02555751800537
13.3432291666667,1.02394819259644
13.3465625,1.0221004486084
13.3498958333333,1.02007389068604
13.3532291666667,1.0179877281189
13.3565625,1.01584196090698
13.3598958333333,1.01369619369507
13.3632291666667,1.01161003112793
13.3665625,1.00964307785034
13.3698958333333,1.00773572921753
13.3732291666667,1.00600719451904
13.3765625,1.00439786911011
13.3798958333333,1.00290775299072
13.3832291666667,1.00153684616089
13.3865625,1.00022554397583
13.3898958333333,0.999033451080322
13.3932291666667,0.997781753540039
13.3965625,0.996589660644531
13.3998958333333,0.995457172393799
13.4032291666667,0.994265079498291
13.4065625,0.993072986602783
13.4098958333333,0.991880893707275
13.4132291666667,0.990688800811768
13.4165625,0.989437103271484
13.4198958333333,0.988185405731201
13.4232291666667,0.986933708190918
13.4265625,0.985682010650635
13.4298958333333,0.984430313110352
13.4332291666667,0.983178615570068
13.4365625,0.981926918029785
13.4398958333333,0.980675220489502
13.4432291666667,0.979483127593994
13.4465625,0.978291034698486
13.4498958333333,0.977158546447754
13.4532291666667,0.976026058197021
13.4565625,0.974893569946289
13.4598958333333,0.973820686340332
13.4632291666667,0.972747802734375
13.4665625,0.971734523773193
13.4698958333333,0.970721244812012
13.4732291666667,0.96970796585083
13.4765625,0.968754291534424
13.4798958333333,0.967741012573242
13.4832291666667,0.966787338256836
13.4865625,0.96583366394043
13.4898958333333,0.964939594268799
13.4932291666667,0.964045524597168
13.4965625,0.963151454925537
13.4998958333333,0.962376594543457
13.5032291666667,0.961661338806152
13.5065625,0.961005687713623
13.5098958333333,0.960350036621094
13.5132291666667,0.95975399017334
13.5165625,0.959157943725586
13.5198958333333,0.958502292633057
13.5232291666667,0.957906246185303
13.5265625,0.957190990447998
13.5298958333333,0.956475734710693
13.5332291666667,0.955700874328613
13.5365625,0.954926013946533
13.5398958333333,0.954210758209229
13.5432291666667,0.953435897827148
13.5465625,0.952780246734619
13.5498958333333,0.95212459564209
13.5532291666667,0.951588153839111
13.5565625,0.951170921325684
13.5598958333333,0.950872898101807
13.5632291666667,0.95069408416748
13.5665625,0.950753688812256
13.5698958333333,0.950992107391357
13.5732291666667,0.951468944549561
13.5765625,0.95212459564209
13.5798958333333,0.953018665313721
13.5832291666667,0.954091548919678
13.5865625,0.955283641815186
13.5898958333333,0.95665454864502
13.5932291666667,0.958025455474854
13.5965625,0.959455966949463
13.5998958333333,0.960886478424072
13.6032291666667,0.962316989898682
13.6065625,0.963807106018066
13.6098958333333,0.965297222137451
13.6132291666667,0.966787338256836
13.6165625,0.968277454376221
13.6198958333333,0.969767570495605
13.6232291666667,0.971317291259766
13.6265625,0.97280740737915
13.6298958333333,0.974357128143311
13.6332291666667,0.975906848907471
13.6365625,0.977456569671631
13.6398958333333,0.979006290435791
13.6432291666667,0.980496406555176
13.6465625,0.982046127319336
13.6498958333333,0.983595848083496
13.6532291666667,0.985085964202881
13.6565625,0.98651647567749
13.6598958333333,0.987827777862549
13.6632291666667,0.989079475402832
13.6665625,0.990092754364014
13.6698958333333,0.990986824035645
13.6732291666667,0.991702079772949
13.6765625,0.992238521575928
13.6798958333333,0.992536544799805
13.6832291666667,0.992655754089355
13.6865625,0.992536544799805
13.6898958333333,0.992298126220703
13.6932291666667,0.9918212890625
13.6965625,0.991165637969971
13.6998958333333,0.99027156829834
13.7032291666667,0.989258289337158
13.7065625,0.988006591796875
13.7098958333333,0.986635684967041
13.7132291666667,0.985085964202881
13.7165625,0.98341703414917
13.7198958333333,0.981748104095459
13.7232291666667,0.980019569396973
13.7265625,0.978291034698486
13.7298958333333,0.976622104644775
13.7332291666667,0.97501277923584
13.7365625,0.97346305847168
13.7398958333333,0.97191333770752
13.7432291666667,0.970423221588135
13.7465625,0.968992710113525
13.7498958333333,0.967502593994141
13.7532291666667,0.966012477874756
13.7565625,0.964522361755371
13.7598958333333,0.963091850280762
13.7632291666667,0.961720943450928
13.7665625,0.960409641265869
13.7698958333333,0.959336757659912
13.7732291666667,0.958442687988281
13.7765625,0.957846641540527
13.7798958333333,0.957608222961426
13.7832291666667,0.957667827606201
13.7865625,0.958085060119629
13.7898958333333,0.958919525146484
13.7932291666667,0.959992408752441
13.7965625,0.961422920227051
13.7998958333333,0.963032245635986
13.8032291666667,0.964820384979248
13.8065625,0.966787338256836
13.8098958333333,0.968813896179199
13.8132291666667,0.970900058746338
13.8165625,0.973045825958252
13.8198958333333,0.975310802459717
13.8232291666667,0.977516174316406
13.8265625,0.979840755462646
13.8298958333333,0.982165336608887
13.8332291666667,0.984549522399902
13.8365625,0.986933708190918
13.8398958333333,0.989258289337158
13.8432291666667,0.991642475128174
13.8465625,0.993907451629639
13.8498958333333,0.996112823486328
13.8532291666667,0.998198986053467
13.8565625,1.00022554397583
13.8598958333333,1.00207328796387
13.8632291666667,1.00380182266235
13.8665625,1.00535154342651
13.8698958333333,1.00666284561157
13.8732291666667,1.0077953338623
13.8765625,1.00874900817871
13.8798958333333,1.00946426391602
13.8832291666667,1.00994110107422
13.8865625,1.0102391242981
13.8898958333333,1.01035833358765
13.8932291666667,1.01035833358765
13.8965625,1.01011991500854
13.8998958333333,1.00982189178467
13.9032291666667,1.00934505462646
13.9065625,1.00868940353394
13.9098958333333,1.00791454315186
13.9132291666667,1.00696086883545
13.9165625,1.00588798522949
13.9198958333333,1.00469589233398
13.9232291666667,1.00338459014893
13.9265625,1.00201368331909
13.9298958333333,1.00064277648926
13.9332291666667,0.999271869659424
13.9365625,0.997960567474365
13.9398958333333,0.996708869934082
13.9432291666667,0.995516777038574
13.9465625,0.994503498077393
13.9498958333333,0.993490219116211
13.9532291666667,0.99259614944458
13.9565625,0.991761684417725
13.9598958333333,0.990927219390869
13.9632291666667,0.990211963653564
13.9665625,0.98949670791626
13.9698958333333,0.98884105682373
13.9732291666667,0.988304615020752
13.9765625,0.9879469871521
13.9798958333333,0.987708568572998
13.9832291666667,0.987648963928223
13.9865625,0.987887382507324
13.9898958333333,0.988364219665527
13.9932291666667,0.989139080047607
13.9965625,0.99027156829834
13.9998958333333,0.991702079772949
14.0032291666667,0.993430614471436
14.0065625,0.995516777038574
14.0098958333333,0.997841358184814
14.0132291666667,1.00040435791016
14.0165625,1.00314617156982
14.0198958333333,1.00606679916382
14.0232291666667,1.00898742675781
14.0265625,1.01202726364136
14.0298958333333,1.01494789123535
14.0332291666667,1.01786851882935
14.0365625,1.02061033248901
14.0398958333333,1.02323293685913
14.0432291666667,1.02561712265015
14.0465625,1.02782249450684
14.0498958333333,1.02978944778442
14.0532291666667,1.03151798248291
14.0565625,1.03294849395752
14.0598958333333,1.0342001914978
14.0632291666667,1.03521347045898
14.0665625,1.03604793548584
14.0698958333333,1.03664398193359
14.0732291666667,1.0371208190918
14.0765625,1.0373592376709
14.0798958333333,1.03753805160522
14.0832291666667,1.03753805160522
14.0865625,1.03747844696045
14.0898958333333,1.03724002838135
14.0932291666667,1.0368824005127
14.0965625,1.03640556335449
14.0998958333333,1.03574991226196
14.1032291666667,1.03497505187988
14.1065625,1.03408098220825
14.1098958333333,1.03306770324707
14.1132291666667,1.03199481964111
14.1165625,1.03086233139038
14.1198958333333,1.02967023849487
14.1232291666667,1.02841854095459
14.1265625,1.02716684341431
14.1298958333333,1.02591514587402
14.1332291666667,1.02460384368896
14.1365625,1.02329254150391
14.1398958333333,1.02204084396362
14.1432291666667,1.02078914642334
14.1465625,1.01959705352783
14.1498958333333,1.0184645652771
14.1532291666667,1.01751089096069
14.1565625,1.01673603057861
14.1598958333333,1.01613998413086
14.1632291666667,1.01578235626221
14.1665625,1.01566314697266
14.1698958333333,1.01578235626221
14.1732291666667,1.01613998413086
14.1765625,1.01673603057861
14.1798958333333,1.01763010025024
14.1832291666667,1.0187029838562
14.1865625,1.01995468139648
14.1898958333333,1.02144479751587
14.1932291666667,1.02311372756958
14.1965625,1.02496147155762
14.1998958333333,1.02698802947998
14.2032291666667,1.02907419204712
14.2065625,1.03116035461426
14.2098958333333,1.03330612182617
14.2132291666667,1.03539228439331
14.2165625,1.0373592376709
14.2198958333333,1.03926658630371
14.2232291666667,1.0409951210022
14.2265625,1.04260444641113
14.2298958333333,1.04409456253052
14.2332291666667,1.04540586471558
14.2365625,1.04659795761108
14.2398958333333,1.04773044586182
14.2432291666667,1.048743724823
14.2465625,1.0496973991394
14.2498958333333,1.05053186416626
14.2532291666667,1.05130672454834
14.2565625,1.05196237564087
14.2598958333333,1.05255842208862
14.2632291666667,1.05315446853638
14.2665625,1.05369091033936
14.2698958333333,1.05422735214233
14.2732291666667,1.05476379394531
14.2765625,1.05530023574829
14.2798958333333,1.05583667755127
14.2832291666667,1.0564923286438
14.2865625,1.05714797973633
14.2898958333333,1.05786323547363
14.2932291666667,1.05857849121094
14.2965625,1.05935335159302
14.2998958333333,1.06018781661987
14.3032291666667,1.0610818862915
14.3065625,1.06203556060791
14.3098958333333,1.06298923492432
14.3132291666667,1.0640025138855
14.3165625,1.06501579284668
14.3198958333333,1.06602907180786
14.3232291666667,1.06710195541382
14.3265625,1.06805562973022
14.3298958333333,1.06900930404663
14.3332291666667,1.06990337371826
14.3365625,1.07073783874512
14.3398958333333,1.0715126991272
14.3432291666667,1.07216835021973
14.3465625,1.07276439666748
14.3498958333333,1.07324123382568
14.3532291666667,1.07353925704956
14.3565625,1.07371807098389
14.3598958333333,1.07377767562866
14.3632291666667,1.07365846633911
14.3665625,1.07336044311523
14.3698958333333,1.07294321060181
14.3732291666667,1.07234716415405
14.3765625,1.07169151306152
14.3798958333333,1.07097625732422
14.3832291666667,1.07014179229736
14.3865625,1.06930732727051
14.3898958333333,1.06841325759888
14.3932291666667,1.06751918792725
14.3965625,1.06662511825562
14.3998958333333,1.06567144393921
14.4032291666667,1.0647177696228
14.4065625,1.06382369995117
14.4098958333333,1.06292963027954
14.4132291666667,1.06203556060791
14.4165625,1.06114149093628
14.4198958333333,1.06030702590942
14.4232291666667,1.05947256088257
14.4265625,1.05863809585571
14.4298958333333,1.05792284011841
14.4332291666667,1.05714797973633
14.4365625,1.05637311935425
14.4398958333333,1.05559825897217
14.4432291666667,1.05488300323486
14.4465625,1.05410814285278
14.4498958333333,1.0533332824707
14.4532291666667,1.0526180267334
14.4565625,1.05196237564087
14.4598958333333,1.05136632919312
14.4632291666667,1.05088949203491
14.4665625,1.05047225952148
14.4698958333333,1.05023384094238
14.4732291666667,1.05011463165283
14.4765625,1.05017423629761
14.4798958333333,1.05029344558716
14.4832291666667,1.05065107345581
14.4865625,1.05106830596924
14.4898958333333,1.05160474777222
14.4932291666667,1.05226039886475
14.4965625,1.05303525924683
14.4998958333333,1.05381011962891
14.5032291666667,1.05464458465576
14.5065625,1.05547904968262
14.5098958333333,1.05637311935425
14.5132291666667,1.05732679367065
14.5165625,1.05828046798706
14.5198958333333,1.05923414230347
14.5232291666667,1.06030702590942
14.5265625,1.06137990951538
14.5298958333333,1.06257200241089
14.5332291666667,1.06388330459595
14.5365625,1.06525421142578
14.5398958333333,1.06668472290039
14.5432291666667,1.06823444366455
14.5465625,1.06978416442871
14.5498958333333,1.07145309448242
14.5532291666667,1.07312202453613
14.5565625,1.07479095458984
14.5598958333333,1.07651948928833
14.5632291666667,1.07812881469727
14.5665625,1.0797381401062
14.5698958333333,1.08122825622559
14.5732291666667,1.0826587677002
14.5765625,1.08397006988525
14.5798958333333,1.08510255813599
14.5832291666667,1.08605623245239
14.5865625,1.08683109283447
14.5898958333333,1.08730792999268
14.5932291666667,1.08754634857178
14.5965625,1.08754634857178
14.5998958333333,1.0872483253479
14.6032291666667,1.08671188354492
14.6065625,1.08593702316284
14.6098958333333,1.08492374420166
14.6132291666667,1.08379125595093
14.6165625,1.08253955841064
14.6198958333333,1.08122825622559
14.6232291666667,1.0799765586853
14.6265625,1.07872486114502
14.6298958333333,1.07753276824951
14.6332291666667,1.07645988464355
14.6365625,1.07544660568237
14.6398958333333,1.07455253601074
14.6432291666667,1.07377767562866
14.6465625,1.07300281524658
14.6498958333333,1.07240676879883
14.6532291666667,1.07181072235107
14.6565625,1.07139348983765
14.6598958333333,1.07103586196899
14.6632291666667,1.07085704803467
14.6665625,1.07073783874512
14.6698958333333,1.07079744338989
14.6732291666667,1.07097625732422
14.6765625,1.07133388519287
14.6798958333333,1.0717511177063
14.6832291666667,1.07228755950928
14.6865625,1.07282400131226
14.6898958333333,1.07342004776001
14.6932291666667,1.07401609420776
14.6965625,1.07455253601074
14.6998958333333,1.07508897781372
14.7032291666667,1.07550621032715
14.7065625,1.07592344284058
14.7098958333333,1.076340675354
14.7132291666667,1.07669830322266
14.7165625,1.07711553573608
14.7198958333333,1.07759237289429
14.7232291666667,1.07806921005249
14.7265625,1.07860565185547
14.7298958333333,1.07920169830322
14.7332291666667,1.07985734939575
14.7365625,1.08057260513306
14.7398958333333,1.08128786087036
14.7432291666667,1.08194351196289
14.7465625,1.08259916305542
14.7498958333333,1.08325481414795
14.7532291666667,1.0838508605957
14.7565625,1.08438730239868
14.7598958333333,1.08492374420166
14.7632291666667,1.08546018600464
14.7665625,1.08593702316284
14.7698958333333,1.08641386032104
14.7732291666667,1.0867714881897
14.7765625,1.08718872070313
14.7798958333333,1.08742713928223
14.7832291666667,1.08760595321655
14.7865625,1.08760595321655
14.7898958333333,1.087486743927
14.7932291666667,1.08718872070313
14.7965625,1.08671188354492
14.7998958333333,1.08605623245239
14.8032291666667,1.08528137207031
14.8065625,1.08444690704346
14.8098958333333,1.08355283737183
14.8132291666667,1.08259916305542
14.8165625,1.08170509338379
14.8198958333333,1.08087062835693
14.8232291666667,1.08009576797485
14.8265625,1.07938051223755
14.8298958333333,1.07884407043457
14.8332291666667,1.07842683792114
14.8365625,1.07812881469727
14.8398958333333,1.07789039611816
14.8432291666667,1.07783079147339
14.8465625,1.07777118682861
14.8498958333333,1.07783079147339
14.8532291666667,1.07789039611816
14.8565625,1.07800960540771
14.8598958333333,1.07806921005249
14.8632291666667,1.07812881469727
14.8665625,1.07818841934204
14.8698958333333,1.07824802398682
14.8732291666667,1.07836723327637
14.8765625,1.07848644256592
14.8798958333333,1.07866525650024
14.8832291666667,1.07890367507935
14.8865625,1.07920169830322
14.8898958333333,1.07955932617188
14.8932291666667,1.0799765586853
14.8965625,1.08039379119873
14.8998958333333,1.08081102371216
14.9032291666667,1.08122825622559
14.9065625,1.08158588409424
14.9098958333333,1.08188390731812
14.9132291666667,1.08218193054199
14.9165625,1.08242034912109
14.9198958333333,1.0826587677002
14.9232291666667,1.08283758163452
14.9265625,1.08307600021362
14.9298958333333,1.08331441879272
14.9332291666667,1.0836124420166
14.9365625,1.08397006988525
14.9398958333333,1.08444690704346
14.9432291666667,1.08498334884644
14.9465625,1.08551979064941
14.9498958333333,1.08617544174194
14.9532291666667,1.08683109283447
14.9565625,1.08754634857178
14.9598958333333,1.08826160430908
14.9632291666667,1.08897686004639
14.9665625,1.08963251113892
14.9698958333333,1.09034776687622
14.9732291666667,1.09100341796875
14.9765625,1.09171867370605
14.9798958333333,1.09249353408813
14.9832291666667,1.09326839447021
14.9865625,1.09410285949707
14.9898958333333,1.09505653381348
14.9932291666667,1.09612941741943
14.9965625,1.09732151031494
14.9998958333333,1.0986328125
15.0032291666667,1.10006332397461
15.0065625,1.10167264938354
15.0098958333333,1.10334157943726
15.0132291666667,1.10512971878052
15.0165625,1.10703706741333
15.0198958333333,1.10888481140137
15.0232291666667,1.1107325553894
15.0265625,1.11252069473267
15.0298958333333,1.11418962478638
15.0332291666667,1.11573934555054
15.0365625,1.11716985702515
15.0398958333333,1.11836194992065
15.0432291666667,1.11937522888184
15.0465625,1.12009048461914
15.0498958333333,1.12062692642212
15.0532291666667,1.12086534500122
15.0565625,1.12080574035645
15.0598958333333,1.12044811248779
15.0632291666667,1.11985206604004
15.0665625,1.11895799636841
15.0698958333333,1.11788511276245
15.0732291666667,1.11657381057739
15.0765625,1.11508369445801
15.0798958333333,1.11347436904907
15.0832291666667,1.11180543899536
15.0865625,1.11013650894165
15.0898958333333,1.10840797424316
15.0932291666667,1.10673904418945
15.0965625,1.10512971878052
15.0998958333333,1.10357999801636
15.1032291666667,1.10214948654175
15.1065625,1.10077857971191
15.1098958333333,1.09958648681641
15.1132291666667,1.09851360321045
15.1165625,1.09755992889404
15.1198958333333,1.09672546386719
15.1232291666667,1.09606981277466
15.1265625,1.0954737663269
15.1298958333333,1.09505653381348
15.1332291666667,1.09469890594482
15.1365625,1.09440088272095
15.1398958333333,1.09422206878662
15.1432291666667,1.09410285949707
15.1465625,1.09398365020752
15.1498958333333,1.09398365020752
15.1532291666667,1.09398365020752
15.1565625,1.09398365020752
15.1598958333333,1.09398365020752
15.1632291666667,1.09398365020752
15.1665625,1.09398365020752
15.1698958333333,1.09386444091797
15.1732291666667,1.09380483627319
15.1765625,1.09368562698364
15.1798958333333,1.09350681304932
15.1832291666667,1.09338760375977
15.1865625,1.09320878982544
15.1898958333333,1.09314918518066
15.1932291666667,1.09308958053589
15.1965625,1.09314918518066
15.1998958333333,1.09326839447021
15.2032291666667,1.09350681304932
15.2065625,1.09380483627319
15.2098958333333,1.09422206878662
15.2132291666667,1.09463930130005
15.2165625,1.09511613845825
15.2198958333333,1.09559297561646
15.2232291666667,1.09606981277466
15.2265625,1.09648704528809
15.2298958333333,1.09678506851196
15.2332291666667,1.09708309173584
15.2365625,1.09726190567017
15.2398958333333,1.09738111495972
15.2432291666667,1.09738111495972
15.2465625,1.09738111495972
15.2498958333333,1.09726190567017
15.2532291666667,1.09714269638062
15.2565625,1.09696388244629
15.2598958333333,1.09672546386719
15.2632291666667,1.09648704528809
15.2665625,1.09624862670898
15.2698958333333,1.09595060348511
15.2732291666667,1.09571218490601
15.2765625,1.09553337097168
15.2798958333333,1.09541416168213
15.2832291666667,1.09535455703735
15.2865625,1.09541416168213
15.2898958333333,1.09559297561646
15.2932291666667,1.09583139419556
15.2965625,1.09618902206421
15.2998958333333,1.09660625457764
15.3032291666667,1.09714269638062
15.3065625,1.09767913818359
15.3098958333333,1.09827518463135
15.3132291666667,1.09893083572388
15.3165625,1.09964609146118
15.3198958333333,1.10042095184326
15.3232291666667,1.10119581222534
15.3265625,1.1020302772522
15.3298958333333,1.10286474227905
15.3332291666667,1.10375881195068
15.3365625,1.10465288162231
15.3398958333333,1.10554695129395
15.3432291666667,1.10650062561035
15.3465625,1.10733509063721
15.3498958333333,1.10816955566406
15.3532291666667,1.10900402069092
15.3565625,1.109778881073
15.3598958333333,1.11055374145508
15.3632291666667,1.11126899719238
15.3665625,1.11192464828491
15.3698958333333,1.11258029937744
15.3732291666667,1.1131763458252
15.3765625,1.11377239227295
15.3798958333333,1.11430883407593
15.3832291666667,1.11484527587891
15.3865625,1.11538171768188
15.3898958333333,1.11591815948486
15.3932291666667,1.11639499664307
15.3965625,1.11693143844604
15.3998958333333,1.11740827560425
15.4032291666667,1.11794471740723
15.4065625,1.11842155456543
15.4098958333333,1.11889839172363
15.4132291666667,1.11937522888184
15.4165625,1.11979246139526
15.4198958333333,1.12015008926392
15.4232291666667,1.12050771713257
15.4265625,1.12074613571167
15.4298958333333,1.12104415893555
15.4332291666667,1.12122297286987
15.4365625,1.1214017868042
15.4398958333333,1.12152099609375
15.4432291666667,1.1216402053833
15.4465625,1.12175941467285
15.4498958333333,1.1218786239624
15.4532291666667,1.12193822860718
15.4565625,1.12205743789673
15.4598958333333,1.1221170425415
15.4632291666667,1.12217664718628
15.4665625,1.12223625183105
15.4698958333333,1.12223625183105
15.4732291666667,1.12223625183105
15.4765625,1.12229585647583
15.4798958333333,1.12241506576538
15.4832291666667,1.12265348434448
15.4865625,1.12295150756836
15.4898958333333,1.12342834472656
15.4932291666667,1.12408399581909
15.4965625,1.12485885620117
15.4998958333333,1.12581253051758
15.5032291666667,1.12688541412354
15.5065625,1.12795829772949
15.5098958333333,1.129150390625
15.5132291666667,1.13028287887573
15.5165625,1.13135576248169
15.5198958333333,1.13236904144287
15.5232291666667,1.13338232040405
15.5265625,1.13433599472046
15.5298958333333,1.13517045974731
15.5332291666667,1.13600492477417
15.5365625,1.13677978515625
15.5398958333333,1.13749504089355
15.5432291666667,1.13821029663086
15.5465625,1.13892555236816
15.5498958333333,1.13958120346069
15.5532291666667,1.14023685455322
15.5565625,1.14083290100098
15.5598958333333,1.14142894744873
15.5632291666667,1.14202499389648
15.5665625,1.14262104034424
15.5698958333333,1.14321708679199
15.5732291666667,1.14375352859497
15.5765625,1.14428997039795
15.5798958333333,1.14476680755615
15.5832291666667,1.14530324935913
15.5865625,1.14572048187256
15.5898958333333,1.14613771438599
15.5932291666667,1.14655494689941
15.5965625,1.14703178405762
15.5998958333333,1.14750862121582
15.6032291666667,1.1480450630188
15.6065625,1.14864110946655
15.6098958333333,1.14929676055908
15.6132291666667,1.15007162094116
15.6165625,1.15096569061279
15.6198958333333,1.1519193649292
15.6232291666667,1.15299224853516
15.6265625,1.15418434143066
15.6298958333333,1.15543603897095
15.6332291666667,1.15674734115601
15.6365625,1.15805864334106
15.6398958333333,1.15948915481567
15.6432291666667,1.16091966629028
15.6465625,1.16235017776489
15.6498958333333,1.16384029388428
15.6532291666667,1.16539001464844
15.6565625,1.16688013076782
15.6598958333333,1.16842985153198
15.6632291666667,1.16997957229614
15.6665625,1.17141008377075
15.6698958333333,1.17278099060059
15.6732291666667,1.17409229278564
15.6765625,1.17522478103638
15.6798958333333,1.17617845535278
15.6832291666667,1.17695331573486
15.6865625,1.17754936218262
15.6898958333333,1.17790699005127
15.6932291666667,1.1780858039856
15.6965625,1.1780858039856
15.6998958333333,1.17790699005127
15.7032291666667,1.17760896682739
15.7065625,1.17713212966919
15.7098958333333,1.17665529251099
15.7132291666667,1.17605924606323
15.7165625,1.1754035949707
15.7198958333333,1.17474794387817
15.7232291666667,1.17409229278564
15.7265625,1.17349624633789
15.7298958333333,1.17295980453491
15.7332291666667,1.17248296737671
15.7365625,1.17212533950806
15.7398958333333,1.17188692092896
15.7432291666667,1.1717677116394
15.7465625,1.17170810699463
15.7498958333333,1.17182731628418
15.7532291666667,1.17200613021851
15.7565625,1.17224454879761
15.7598958333333,1.17254257202148
15.7632291666667,1.17284059524536
15.7665625,1.17313861846924
15.7698958333333,1.17349624633789
15.7732291666667,1.17391347885132
15.7765625,1.17433071136475
15.7798958333333,1.17486715316772
15.7832291666667,1.17546319961548
15.7865625,1.17611885070801
15.7898958333333,1.17689371109009
15.7932291666667,1.17778778076172
15.7965625,1.17868185043335
15.7998958333333,1.17963552474976
15.8032291666667,1.18058919906616
15.8065625,1.18160247802734
15.8098958333333,1.18261575698853
15.8132291666667,1.18362903594971
15.8165625,1.18458271026611
15.8198958333333,1.18553638458252
15.8232291666667,1.18643045425415
15.8265625,1.18726491928101
15.8298958333333,1.18792057037354
15.8332291666667,1.18845701217651
15.8365625,1.18881464004517
15.8398958333333,1.18893384933472
15.8432291666667,1.18881464004517
15.8465625,1.18845701217651
15.8498958333333,1.18780136108398
15.8532291666667,1.18690729141235
15.8565625,1.1858344078064
15.8598958333333,1.18458271026611
15.8632291666667,1.18327140808105
15.8665625,1.18184089660645
15.8698958333333,1.18035078048706
15.8732291666667,1.17892026901245
15.8765625,1.17760896682739
15.8798958333333,1.17641687393188
15.8832291666667,1.1754035949707
15.8865625,1.17450952529907
15.8898958333333,1.17385387420654
15.8932291666667,1.17343664169312
15.8965625,1.17319822311401
15.8998958333333,1.17319822311401
15.9032291666667,1.17337703704834
15.9065625,1.17373466491699
15.9098958333333,1.17427110671997
15.9132291666667,1.17498636245728
15.9165625,1.17576122283936
15.9198958333333,1.17671489715576
15.9232291666667,1.17772817611694
15.9265625,1.1788010597229
15.9298958333333,1.17987394332886
15.9332291666667,1.18106603622437
15.9365625,1.1821985244751
15.9398958333333,1.18339061737061
15.9432291666667,1.18458271026611
15.9465625,1.18571519851685
15.9498958333333,1.18690729141235
15.9532291666667,1.18803977966309
15.9565625,1.18917226791382
15.9598958333333,1.19030475616455
15.9632291666667,1.19137763977051
15.9665625,1.19239091873169
15.9698958333333,1.19340419769287
15.9732291666667,1.1942982673645
15.9765625,1.19513273239136
15.9798958333333,1.19590759277344
15.9832291666667,1.19662284851074
15.9865625,1.19733810424805
15.9898958333333,1.19799375534058
15.9932291666667,1.19870901107788
15.9965625,1.19936466217041
15.9998958333333,1.20013952255249
16.0032291666667,1.20097398757935
16.0065625,1.2018084526062
16.0098958333333,1.20270252227783
16.0132291666667,1.20353698730469
16.0165625,1.20437145233154
16.0198958333333,1.20514631271362
16.0232291666667,1.20580196380615
16.0265625,1.20627880096436
16.0298958333333,1.20657682418823
16.0332291666667,1.20669603347778
16.0365625,1.20657682418823
16.0398958333333,1.20627880096436
16.0432291666667,1.20580196380615
16.0465625,1.20514631271362
16.0498958333333,1.20437145233154
16.0532291666667,1.20341777801514
16.0565625,1.20234489440918
16.0598958333333,1.20115280151367
16.0632291666667,1.19984149932861
16.0665625,1.198410987854
16.0698958333333,1.19692087173462
16.0732291666667,1.19525194168091
16.0765625,1.19352340698242
16.0798958333333,1.19173526763916
16.0832291666667,1.18988752365112
16.0865625,1.18803977966309
16.0898958333333,1.1860728263855
16.0932291666667,1.18410587310791
16.0965625,1.18207931518555
16.0998958333333,1.17999315261841
16.1032291666667,1.17784738540649
16.1065625,1.1756420135498
16.1098958333333,1.17343664169312
16.1132291666667,1.17123126983643
16.1165625,1.16896629333496
16.1198958333333,1.16676092147827
16.1232291666667,1.16467475891113
16.1265625,1.16264820098877
16.1298958333333,1.16074085235596
16.1332291666667,1.1589527130127
16.1365625,1.15734338760376
16.1398958333333,1.15585327148438
16.1432291666667,1.15454196929932
16.1465625,1.15340948104858
16.1498958333333,1.15251541137695
16.1532291666667,1.15180015563965
16.1565625,1.15132331848145
16.1598958333333,1.15102529525757
16.1632291666667,1.15096569061279
16.1665625,1.15114450454712
16.1698958333333,1.15150213241577
16.1732291666667,1.15203857421875
16.1765625,1.15275382995605
16.1798958333333,1.15364789962769
16.1832291666667,1.15460157394409
16.1865625,1.15573406219482
16.1898958333333,1.15698575973511
16.1932291666667,1.15835666656494
16.1965625,1.15984678268433
16.1998958333333,1.16145610809326
16.2032291666667,1.16312503814697
16.2065625,1.16479396820068
16.2098958333333,1.16652250289917
16.2132291666667,1.16825103759766
16.2165625,1.16986036300659
16.2198958333333,1.17141008377075
16.2232291666667,1.17278099060059
16.2265625,1.17397308349609
16.2298958333333,1.17498636245728
16.2332291666667,1.17576122283936
16.2365625,1.17629766464233
16.2398958333333,1.17671489715576
16.2432291666667,1.17689371109009
16.2465625,1.17689371109009
16.2498958333333,1.17677450180054
16.2532291666667,1.17647647857666
16.2565625,1.17611885070801
16.2598958333333,1.1756420135498
16.2632291666667,1.1751651763916
16.2665625,1.17462873458862
16.2698958333333,1.17409229278564
16.2732291666667,1.17361545562744
16.2765625,1.17319822311401
16.2798958333333,1.17284059524536
16.2832291666667,1.17260217666626
16.2865625,1.17254257202148
16.2898958333333,1.17260217666626
16.2932291666667,1.17278099060059
16.2965625,1.17301940917969
16.2998958333333,1.17337703704834
16.3032291666667,1.17379426956177
16.3065625,1.17415189743042
16.3098958333333,1.17456912994385
16.3132291666667,1.17498636245728
16.3165625,1.1754035949707
16.3198958333333,1.17582082748413
16.3232291666667,1.17629766464233
16.3265625,1.17683410644531
16.3298958333333,1.17743015289307
16.3332291666667,1.17814540863037
16.3365625,1.17897987365723
16.3398958333333,1.17987394332886
16.3432291666667,1.18088722229004
16.3465625,1.18207931518555
16.3498958333333,1.18327140808105
16.3532291666667,1.18458271026611
16.3565625,1.18595361709595
16.3598958333333,1.18744373321533
16.3632291666667,1.18893384933472
16.3665625,1.1904239654541
16.3698958333333,1.19203329086304
16.3732291666667,1.19364261627197
16.3765625,1.19525194168091
16.3798958333333,1.19692087173462
16.3832291666667,1.19858980178833
16.3865625,1.20025873184204
16.3898958333333,1.20192766189575
16.3932291666667,1.20359659194946
16.3965625,1.2052059173584
16.3998958333333,1.20669603347778
16.4032291666667,1.20812654495239
16.4065625,1.20937824249268
16.4098958333333,1.21051073074341
16.4132291666667,1.21140480041504
16.4165625,1.21217966079712
16.4198958333333,1.2127161026001
16.4232291666667,1.21313333511353
16.4265625,1.2134313583374
16.4298958333333,1.21355056762695
16.4332291666667,1.21361017227173
16.4365625,1.21361017227173
16.4398958333333,1.21355056762695
16.4432291666667,1.21349096298218
16.4465625,1.21331214904785
16.4498958333333,1.2131929397583
16.4532291666667,1.21301412582397
16.4565625,1.21283531188965
16.4598958333333,1.21259689331055
16.4632291666667,1.21235847473145
16.4665625,1.21212005615234
16.4698958333333,1.21182203292847
16.4732291666667,1.21158361434937
16.4765625,1.21134519577026
16.4798958333333,1.21110677719116
16.4832291666667,1.21086835861206
16.4865625,1.21068954467773
16.4898958333333,1.21051073074341
16.4932291666667,1.21033191680908
16.4965625,1.21015310287476
16.4998958333333,1.21003389358521
16.5032291666667,1.20991468429565
16.5065625,1.2097954750061
16.5098958333333,1.20967626571655
16.5132291666667,1.20961666107178
16.5165625,1.209557056427
16.5198958333333,1.209557056427
16.5232291666667,1.209557056427
16.5265625,1.20967626571655
16.5298958333333,1.2097954750061
16.5332291666667,1.20997428894043
16.5365625,1.21027231216431
16.5398958333333,1.21068954467773
16.5432291666667,1.21116638183594
16.5465625,1.21176242828369
16.5498958333333,1.212477684021
16.5532291666667,1.21331214904785
16.5565625,1.21414661407471
16.5598958333333,1.21504068374634
16.5632291666667,1.21599435806274
16.5665625,1.21688842773438
16.5698958333333,1.21772289276123
16.5732291666667,1.21843814849854
16.5765625,1.21903419494629
16.5798958333333,1.21951103210449
16.5832291666667,1.21980905532837
16.5865625,1.2199878692627
16.5898958333333,1.2199878692627
16.5932291666667,1.21992826461792
16.5965625,1.21974945068359
16.5998958333333,1.21963024139404
16.6032291666667,1.21951103210449
16.6065625,1.21945142745972
16.6098958333333,1.21945142745972
16.6132291666667,1.21963024139404
16.6165625,1.2199878692627
16.6198958333333,1.22052431106567
16.6232291666667,1.22123956680298
16.6265625,1.22207403182983
16.6298958333333,1.22302770614624
16.6332291666667,1.22404098510742
16.6365625,1.22517347335815
16.6398958333333,1.22624635696411
16.6432291666667,1.22731924057007
16.6465625,1.22839212417603
16.6498958333333,1.22940540313721
16.6532291666667,1.23047828674316
16.6565625,1.2316107749939
16.6598958333333,1.2328028678894
16.6632291666667,1.23405456542969
16.6665625,1.23542547225952
16.6698958333333,1.23685598373413
16.6732291666667,1.23840570449829
16.6765625,1.23995542526245
16.6798958333333,1.24156475067139
16.6832291666667,1.24305486679077
16.6865625,1.24448537826538
16.6898958333333,1.24579668045044
16.6932291666667,1.24704837799072
16.6965625,1.24818086624146
16.6998958333333,1.24919414520264
16.7032291666667,1.25020742416382
16.7065625,1.25116109848022
16.7098958333333,1.25205516815186
16.7132291666667,1.25294923782349
16.7165625,1.25384330749512
16.7198958333333,1.25467777252197
16.7232291666667,1.25551223754883
16.7265625,1.25634670257568
16.7298958333333,1.25712156295776
16.7332291666667,1.25783681869507
16.7365625,1.2584924697876
16.7398958333333,1.25908851623535
16.7432291666667,1.25962495803833
16.7465625,1.26010179519653
16.7498958333333,1.26051902770996
16.7532291666667,1.26087665557861
16.7565625,1.26111507415771
16.7598958333333,1.26129388809204
16.7632291666667,1.26135349273682
16.7665625,1.26129388809204
16.7698958333333,1.26117467880249
16.7732291666667,1.26093626022339
16.7765625,1.26057863235474
16.7798958333333,1.26022100448608
16.7832291666667,1.25974416732788
16.7865625,1.25932693481445
16.7898958333333,1.25890970230103
16.7932291666667,1.25855207443237
16.7965625,1.25819444656372
16.7998958333333,1.25783681869507
16.8032291666667,1.25753879547119
16.8065625,1.25730037689209
16.8098958333333,1.25700235366821
16.8132291666667,1.25676393508911
16.8165625,1.25652551651001
16.8198958333333,1.25634670257568
16.8232291666667,1.25616788864136
16.8265625,1.25610828399658
16.8298958333333,1.25610828399658
16.8332291666667,1.25616788864136
16.8365625,1.25634670257568
16.8398958333333,1.25652551651001
16.8432291666667,1.25682353973389
16.8465625,1.25718116760254
16.8498958333333,1.25753879547119
16.8532291666667,1.25789642333984
16.8565625,1.25831365585327
16.8598958333333,1.25867128372192
16.8632291666667,1.25902891159058
16.8665625,1.25932693481445
16.8698958333333,1.25962495803833
16.8732291666667,1.25992298126221
16.8765625,1.26010179519653
16.8798958333333,1.26028060913086
16.8832291666667,1.26034021377563
16.8865625,1.26034021377563
16.8898958333333,1.26034021377563
16.8932291666667,1.26034021377563
16.8965625,1.26034021377563
16.8998958333333,1.26039981842041
16.9032291666667,1.26051902770996
16.9065625,1.26075744628906
16.9098958333333,1.26117467880249
16.9132291666667,1.26171112060547
16.9165625,1.262366771698
16.9198958333333,1.26314163208008
16.9232291666667,1.26397609710693
16.9265625,1.26481056213379
16.9298958333333,1.26564502716064
16.9332291666667,1.26641988754272
16.9365625,1.26701593399048
16.9398958333333,1.26755237579346
16.9432291666667,1.26791000366211
16.9465625,1.26814842224121
16.9498958333333,1.26820802688599
16.9532291666667,1.26820802688599
16.9565625,1.26808881759644
16.9598958333333,1.26785039901733
16.9632291666667,1.26755237579346
16.9665625,1.26713514328003
16.9698958333333,1.26659870147705
16.9732291666667,1.2660026550293
16.9765625,1.26528739929199
16.9798958333333,1.26445293426514
16.9832291666667,1.26349925994873
16.9865625,1.262366771698
16.9898958333333,1.26111507415771
16.9932291666667,1.25968456268311
16.9965625,1.25813484191895
16.9998958333333,1.25652551651001
17.0032291666667,1.2548565864563
17.0065625,1.25312805175781
17.0098958333333,1.25139951705933
17.0132291666667,1.24979019165039
17.0165625,1.24818086624146
17.0198958333333,1.24675035476685
17.0232291666667,1.24537944793701
17.0265625,1.2441873550415
17.0298958333333,1.24317407608032
17.0332291666667,1.24222040176392
17.0365625,1.24144554138184
17.0398958333333,1.24078989028931
17.0432291666667,1.24025344848633
17.0465625,1.2398362159729
17.0498958333333,1.23947858810425
17.0532291666667,1.23924016952515
17.0565625,1.23900175094604
17.0598958333333,1.23882293701172
17.0632291666667,1.23870372772217
17.0665625,1.23864412307739
17.0698958333333,1.23864412307739
17.0732291666667,1.23870372772217
17.0765625,1.23888254165649
17.0798958333333,1.23918056488037
17.0832291666667,1.23953819274902
17.0865625,1.24013423919678
17.0898958333333,1.24078989028931
17.0932291666667,1.24162435531616
17.0965625,1.24257802963257
17.0998958333333,1.24365091323853
17.1032291666667,1.24484300613403
17.1065625,1.24603509902954
17.1098958333333,1.24722719192505
17.1132291666667,1.24841928482056
17.1165625,1.24955177307129
17.1198958333333,1.25068426132202
17.1232291666667,1.2516975402832
17.1265625,1.25259160995483
17.1298958333333,1.25348567962646
17.1332291666667,1.25420093536377
17.1365625,1.2548565864563
17.1398958333333,1.25545263290405
17.1432291666667,1.25598907470703
17.1465625,1.25646591186523
17.1498958333333,1.25682353973389
17.1532291666667,1.25718116760254
17.1565625,1.25747919082642
17.1598958333333,1.25771760940552
17.1632291666667,1.25795602798462
17.1665625,1.25813484191895
17.1698958333333,1.25837326049805
17.1732291666667,1.25855207443237
17.1765625,1.25879049301147
17.1798958333333,1.25908851623535
17.1832291666667,1.259446144104
17.1865625,1.25986337661743
17.1898958333333,1.26028060913086
17.1932291666667,1.26081705093384
17.1965625,1.26141309738159
17.1998958333333,1.26200914382935
17.2032291666667,1.26272439956665
17.2065625,1.26338005065918
17.2098958333333,1.26403570175171
17.2132291666667,1.26475095748901
17.2165625,1.26534700393677
17.2198958333333,1.2660026550293
17.2232291666667,1.26659870147705
17.2265625,1.26725435256958
17.2298958333333,1.26791000366211
17.2332291666667,1.26856565475464
17.2365625,1.26940011978149
17.2398958333333,1.27029418945313
17.2432291666667,1.27124786376953
17.2465625,1.27238035202026
17.2498958333333,1.273512840271
17.2532291666667,1.2747049331665
17.2565625,1.27595663070679
17.2598958333333,1.27714872360229
17.2632291666667,1.27828121185303
17.2665625,1.27929449081421
17.2698958333333,1.28018856048584
17.2732291666667,1.28096342086792
17.2765625,1.28161907196045
17.2798958333333,1.2822151184082
17.2832291666667,1.28263235092163
17.2865625,1.28298997879028
17.2898958333333,1.28328800201416
17.2932291666667,1.28358602523804
17.2965625,1.28388404846191
17.2998958333333,1.28418207168579
17.3032291666667,1.28459930419922
17.3065625,1.2851357460022
17.3098958333333,1.28579139709473
17.3132291666667,1.28656625747681
17.3165625,1.28751993179321
17.3198958333333,1.28859281539917
17.3232291666667,1.28978490829468
17.3265625,1.29103660583496
17.3298958333333,1.29234790802002
17.3332291666667,1.29371881484985
17.3365625,1.29503011703491
17.3398958333333,1.29634141921997
17.3432291666667,1.29759311676025
17.3465625,1.29884481430054
17.3498958333333,1.29997730255127
17.3532291666667,1.30105018615723
17.3565625,1.30200386047363
17.3598958333333,1.30289793014526
17.3632291666667,1.30373239517212
17.3665625,1.30444765090942
17.3698958333333,1.30504369735718
17.3732291666667,1.30558013916016
17.3765625,1.30593776702881
17.3798958333333,1.30623579025269
17.3832291666667,1.30641460418701
17.3865625,1.30647420883179
17.3898958333333,1.30641460418701
17.3932291666667,1.30629539489746
17.3965625,1.30605697631836
17.3998958333333,1.30569934844971
17.4032291666667,1.30534172058105
17.4065625,1.30486488342285
17.4098958333333,1.30438804626465
17.4132291666667,1.30385160446167
17.4165625,1.30331516265869
17.4198958333333,1.30277872085571
17.4232291666667,1.30224227905273
17.4265625,1.30176544189453
17.4298958333333,1.30122900009155
17.4332291666667,1.30075216293335
17.4365625,1.30021572113037
17.4398958333333,1.29973888397217
17.4432291666667,1.29920244216919
17.4465625,1.29872560501099
17.4498958333333,1.29824876785278
17.4532291666667,1.29777193069458
17.4565625,1.29735469818115
17.4598958333333,1.29687786102295
17.4632291666667,1.29640102386475
17.4665625,1.29580497741699
17.4698958333333,1.29520893096924
17.4732291666667,1.29455327987671
17.4765625,1.29371881484985
17.4798958333333,1.29282474517822
17.4832291666667,1.29175186157227
17.4865625,1.29061937332153
17.4898958333333,1.28936767578125
17.4932291666667,1.28799676895142
17.4965625,1.28662586212158
17.4998958333333,1.2851357460022
17.5032291666667,1.28364562988281
17.5065625,1.28215551376343
17.5098958333333,1.28066539764404
17.5132291666667,1.27923488616943
17.5165625,1.2778639793396
17.5198958333333,1.27655267715454
17.5232291666667,1.27542018890381
17.5265625,1.27440690994263
17.5298958333333,1.273512840271
17.5332291666667,1.27273797988892
17.5365625,1.27208232879639
17.5398958333333,1.27154588699341
17.5432291666667,1.27112865447998
17.5465625,1.27077102661133
17.5498958333333,1.27053260803223
17.5532291666667,1.27029418945313
17.5565625,1.27005577087402
17.5598958333333,1.2698769569397
17.5632291666667,1.26975774765015
17.5665625,1.26957893371582
17.5698958333333,1.26945972442627
17.5732291666667,1.26928091049194
17.5765625,1.26916170120239
17.5798958333333,1.26898288726807
17.5832291666667,1.26886367797852
17.5865625,1.26868486404419
17.5898958333333,1.26850605010986
17.5932291666667,1.26826763153076
17.5965625,1.26808881759644
17.5998958333333,1.26796960830688
17.6032291666667,1.26791000366211
17.6065625,1.26791000366211
17.6098958333333,1.26796960830688
17.6132291666667,1.26814842224121
17.6165625,1.26838684082031
17.6198958333333,1.26874446868896
17.6232291666667,1.26916170120239
17.6265625,1.26969814300537
17.6298958333333,1.27029418945313
17.6332291666667,1.27089023590088
17.6365625,1.27160549163818
17.6398958333333,1.27238035202026
17.6432291666667,1.27327442169189
17.6465625,1.2742280960083
17.6498958333333,1.27536058425903
17.6532291666667,1.27661228179932
17.6565625,1.27792358398438
17.6598958333333,1.27941370010376
17.6632291666667,1.28108263015747
17.6665625,1.28275156021118
17.6698958333333,1.28453969955444
17.6732291666667,1.28626823425293
17.6765625,1.28805637359619
17.6798958333333,1.28978490829468
17.6832291666667,1.29145383834839
17.6865625,1.29306316375732
17.6898958333333,1.29461288452148
17.6932291666667,1.29610300064087
17.6965625,1.2974739074707
17.6998958333333,1.29884481430054
17.7032291666667,1.30009651184082
17.7065625,1.30128860473633
17.7098958333333,1.30242109298706
17.7132291666667,1.30343437194824
17.7165625,1.30438804626465
17.7198958333333,1.30528211593628
17.7232291666667,1.30599737167358
17.7265625,1.30665302276611
17.7298958333333,1.30712985992432
17.7332291666667,1.30748748779297
17.7365625,1.30778551101685
17.7398958333333,1.30796432495117
17.7432291666667,1.30808353424072
17.7465625,1.30808353424072
17.7498958333333,1.30802392959595
17.7532291666667,1.3079047203064
17.7565625,1.30778551101685
17.7598958333333,1.30760669708252
17.7632291666667,1.30742788314819
17.7665625,1.30724906921387
17.7698958333333,1.30695104598999
17.7732291666667,1.30671262741089
17.7765625,1.30641460418701
17.7798958333333,1.30611658096313
17.7832291666667,1.30581855773926
17.7865625,1.30546092987061
17.7898958333333,1.30516290664673
17.7932291666667,1.30486488342285
17.7965625,1.30456686019897
17.7998958333333,1.3042688369751
17.8032291666667,1.304030418396
17.8065625,1.30379199981689
17.8098958333333,1.30361318588257
17.8132291666667,1.30343437194824
17.8165625,1.30325555801392
17.8198958333333,1.30313634872437
17.8232291666667,1.30307674407959
17.8265625,1.30307674407959
17.8298958333333,1.30313634872437
17.8332291666667,1.30325555801392
17.8365625,1.30349397659302
17.8398958333333,1.30379199981689
17.8432291666667,1.30414962768555
17.8465625,1.30462646484375
17.8498958333333,1.3052225112915
17.8532291666667,1.30593776702881
17.8565625,1.30665302276611
17.8598958333333,1.30748748779297
17.8632291666667,1.3083815574646
17.8665625,1.30927562713623
17.8698958333333,1.31016969680786
17.8732291666667,1.31100416183472
17.8765625,1.31183862686157
17.8798958333333,1.31261348724365
17.8832291666667,1.31326913833618
17.8865625,1.31380558013916
17.8898958333333,1.31422281265259
17.8932291666667,1.31458044052124
17.8965625,1.31481885910034
17.8998958333333,1.31487846374512
17.9032291666667,1.31493806838989
17.9065625,1.31493806838989
17.9098958333333,1.31487846374512
17.9132291666667,1.31487846374512
17.9165625,1.31487846374512
17.9198958333333,1.31487846374512
17.9232291666667,1.31487846374512
17.9265625,1.31487846374512
17.9298958333333,1.31487846374512
17.9332291666667,1.31481885910034
17.9365625,1.31475925445557
17.9398958333333,1.31464004516602
17.9432291666667,1.31446123123169
17.9465625,1.31428241729736
17.9498958333333,1.31410360336304
17.9532291666667,1.31392478942871
17.9565625,1.31374597549438
17.9598958333333,1.31356716156006
17.9632291666667,1.31344795227051
17.9665625,1.31332874298096
17.9698958333333,1.31332874298096
17.9732291666667,1.31332874298096
17.9765625,1.31338834762573
17.9798958333333,1.31350755691528
17.9832291666667,1.31374597549438
17.9865625,1.31398439407349
17.9898958333333,1.31434202194214
17.9932291666667,1.31469964981079
17.9965625,1.31505727767944
17.9998958333333,1.3154149055481
18.0032291666667,1.31577253341675
18.0065625,1.31601095199585
18.0098958333333,1.31624937057495
18.0132291666667,1.3163685798645
18.0165625,1.31642818450928
18.0198958333333,1.31642818450928
18.0232291666667,1.3163685798645
18.0265625,1.31624937057495
18.0298958333333,1.3161301612854
18.0332291666667,1.31601095199585
18.0365625,1.31583213806152
18.0398958333333,1.31571292877197
18.0432291666667,1.31553411483765
18.0465625,1.31535530090332
18.0498958333333,1.31523609161377
18.0532291666667,1.31511688232422
18.0565625,1.31499767303467
18.0598958333333,1.31499767303467
18.0632291666667,1.31505727767944
18.0665625,1.31511688232422
18.0698958333333,1.31529569625854
18.0732291666667,1.31553411483765
18.0765625,1.31583213806152
18.0798958333333,1.31618976593018
18.0832291666667,1.3166069984436
18.0865625,1.31714344024658
18.0898958333333,1.31773948669434
18.0932291666667,1.31845474243164
18.0965625,1.31922960281372
18.0998958333333,1.32006406784058
18.1032291666667,1.32095813751221
18.1065625,1.32197141647339
18.1098958333333,1.32292509078979
18.1132291666667,1.32393836975098
18.1165625,1.32495164871216
18.1198958333333,1.32596492767334
18.1232291666667,1.32685899734497
18.1265625,1.3277530670166
18.1298958333333,1.32846832275391
18.1332291666667,1.32918357849121
18.1365625,1.32977962493896
18.1398958333333,1.33031606674194
18.1432291666667,1.33079290390015
18.1465625,1.33126974105835
18.1498958333333,1.33180618286133
18.1532291666667,1.33240222930908
18.1565625,1.33311748504639
18.1598958333333,1.33401155471802
18.1632291666667,1.3350248336792
18.1665625,1.33627653121948
18.1698958333333,1.33770704269409
18.1732291666667,1.33925676345825
18.1765625,1.34098529815674
18.1798958333333,1.34283304214478
18.1832291666667,1.34479999542236
18.1865625,1.34682655334473
18.1898958333333,1.34897232055664
18.1932291666667,1.35117769241333
18.1965625,1.35344266891479
18.1998958333333,1.35576725006104
18.2032291666667,1.35815143585205
18.2065625,1.36053562164307
18.2098958333333,1.36297941207886
18.2132291666667,1.36548280715942
18.2165625,1.36792659759521
18.2198958333333,1.37037038803101
18.2232291666667,1.3728141784668
18.2265625,1.37519836425781
18.2298958333333,1.37758255004883
18.2332291666667,1.37996673583984
18.2365625,1.38235092163086
18.2398958333333,1.38473510742188
18.2432291666667,1.38711929321289
18.2465625,1.38944387435913
18.2498958333333,1.39182806015015
18.2532291666667,1.39409303665161
18.2565625,1.39635801315308
18.2598958333333,1.39844417572021
18.2632291666667,1.4004111289978
18.2665625,1.40219926834106
18.2698958333333,1.40380859375
18.2732291666667,1.40517950057983
18.2765625,1.40637159347534
18.2798958333333,1.40738487243652
18.2832291666667,1.40821933746338
18.2865625,1.40887498855591
18.2898958333333,1.40935182571411
18.2932291666667,1.40976905822754
18.2965625,1.40994787216187
18.2998958333333,1.41006708145142
18.3032291666667,1.40994787216187
18.3065625,1.40970945358276
18.3098958333333,1.40929222106934
18.3132291666667,1.40875577926636
18.3165625,1.40804052352905
18.3198958333333,1.4072060585022
18.3232291666667,1.40631198883057
18.3265625,1.40541791915894
18.3298958333333,1.40446424484253
18.3332291666667,1.40362977981567
18.3365625,1.40279531478882
18.3398958333333,1.40208005905151
18.3432291666667,1.40142440795898
18.3465625,1.40088796615601
18.3498958333333,1.40035152435303
18.3532291666667,1.3999342918396
18.3565625,1.39963626861572
18.3598958333333,1.39933824539185
18.3632291666667,1.39909982681274
18.3665625,1.39892101287842
18.3698958333333,1.39880180358887
18.3732291666667,1.39868259429932
18.3765625,1.39868259429932
18.3798958333333,1.39868259429932
18.3832291666667,1.39868259429932
18.3865625,1.39868259429932
18.3898958333333,1.39862298965454
18.3932291666667,1.39856338500977
18.3965625,1.39844417572021
18.3998958333333,1.39832496643066
18.4032291666667,1.39808654785156
18.4065625,1.39778852462769
18.4098958333333,1.39743089675903
18.4132291666667,1.39695405960083
18.4165625,1.39641761779785
18.4198958333333,1.3958215713501
18.4232291666667,1.39516592025757
18.4265625,1.39445066452026
18.4298958333333,1.39373540878296
18.4332291666667,1.39302015304565
18.4365625,1.39230489730835
18.4398958333333,1.39153003692627
18.4432291666667,1.39075517654419
18.4465625,1.38992071151733
18.4498958333333,1.3890266418457
18.4532291666667,1.3880729675293
18.4565625,1.38705968856812
18.4598958333333,1.38604640960693
18.4632291666667,1.38503313064575
18.4665625,1.38407945632935
18.4698958333333,1.38312578201294
18.4732291666667,1.38229131698608
18.4765625,1.38157606124878
18.4798958333333,1.38092041015625
18.4832291666667,1.38044357299805
18.4865625,1.38002634048462
18.4898958333333,1.37972831726074
18.4932291666667,1.37954950332642
18.4965625,1.37943029403687
18.4998958333333,1.37948989868164
18.5032291666667,1.37960910797119
18.5065625,1.37984752655029
18.5098958333333,1.38026475906372
18.5132291666667,1.38068199157715
18.5165625,1.38121843338013
18.5198958333333,1.38181447982788
18.5232291666667,1.38235092163086
18.5265625,1.38300657272339
18.5298958333333,1.38360261917114
18.5332291666667,1.3841986656189
18.5365625,1.38473510742188
18.5398958333333,1.38521194458008
18.5432291666667,1.38568878173828
18.5465625,1.38610601425171
18.5498958333333,1.38646364212036
18.5532291666667,1.38676166534424
18.5565625,1.38700008392334
18.5598958333333,1.38717889785767
18.5632291666667,1.38735771179199
18.5665625,1.38741731643677
18.5698958333333,1.38753652572632
18.5732291666667,1.38759613037109
18.5765625,1.38771533966064
18.5798958333333,1.3878345489502
18.5832291666667,1.38801336288452
18.5865625,1.38819217681885
18.5898958333333,1.38843059539795
18.5932291666667,1.38872861862183
18.5965625,1.38908624649048
18.5998958333333,1.38938426971436
18.6032291666667,1.38968229293823
18.6065625,1.38992071151733
18.6098958333333,1.39009952545166
18.6132291666667,1.39021873474121
18.6165625,1.39015913009644
18.6198958333333,1.39009952545166
18.6232291666667,1.38986110687256
18.6265625,1.38956308364868
18.6298958333333,1.3892650604248
18.6332291666667,1.38884782791138
18.6365625,1.38843059539795
18.6398958333333,1.3880729675293
18.6432291666667,1.38765573501587
18.6465625,1.38729810714722
18.6498958333333,1.38700008392334
18.6532291666667,1.38664245605469
18.6565625,1.38640403747559
18.6598958333333,1.38622522354126
18.6632291666667,1.38604640960693
18.6665625,1.38598680496216
18.6698958333333,1.38598680496216
18.6732291666667,1.38610601425171
18.6765625,1.38628482818604
18.6798958333333,1.38652324676514
18.6832291666667,1.38688087463379
18.6865625,1.38723850250244
18.6898958333333,1.38765573501587
18.6932291666667,1.3880729675293
18.6965625,1.3885498046875
18.6998958333333,1.38896703720093
18.7032291666667,1.38944387435913
18.7065625,1.38998031616211
18.7098958333333,1.39045715332031
18.7132291666667,1.39093399047852
18.7165625,1.39147043228149
18.7198958333333,1.39200687408447
18.7232291666667,1.39248371124268
18.7265625,1.39302015304565
18.7298958333333,1.39349699020386
18.7332291666667,1.39385461807251
18.7365625,1.39421224594116
18.7398958333333,1.39451026916504
18.7432291666667,1.39462947845459
18.7465625,1.39468908309937
18.7498958333333,1.39462947845459
18.7532291666667,1.39439105987549
18.7565625,1.39403343200684
18.7598958333333,1.39361619949341
18.7632291666667,1.39307975769043
18.7665625,1.39248371124268
18.7698958333333,1.39188766479492
18.7732291666667,1.39129161834717
18.7765625,1.39069557189941
18.7798958333333,1.39015913009644
18.7832291666667,1.38962268829346
18.7865625,1.38914585113525
18.7898958333333,1.38872861862183
18.7932291666667,1.38837099075317
18.7965625,1.38813257217407
18.7998958333333,1.38795375823975
18.8032291666667,1.3878345489502
18.8065625,1.38789415359497
18.8098958333333,1.38801336288452
18.8132291666667,1.38825178146362
18.8165625,1.38866901397705
18.8198958333333,1.38914585113525
18.8232291666667,1.38974189758301
18.8265625,1.39045715332031
18.8298958333333,1.39123201370239
18.8332291666667,1.39206647872925
18.8365625,1.39296054840088
18.8398958333333,1.39391422271729
18.8432291666667,1.39480829238892
18.8465625,1.3958215713501
18.8498958333333,1.3967752456665
18.8532291666667,1.39778852462769
18.8565625,1.39880180358887
18.8598958333333,1.39981508255005
18.8632291666667,1.40088796615601
18.8665625,1.40196084976196
18.8698958333333,1.4030933380127
18.8732291666667,1.4042854309082
18.8765625,1.40559673309326
18.8798958333333,1.40684843063354
18.8832291666667,1.4081597328186
18.8865625,1.40947103500366
18.8898958333333,1.41072273254395
18.8932291666667,1.4117956161499
18.8965625,1.41280889511108
18.8998958333333,1.41358375549316
18.9032291666667,1.41417980194092
18.9065625,1.41447782516479
18.9098958333333,1.41459703445435
18.9132291666667,1.41447782516479
18.9165625,1.41423940658569
18.9198958333333,1.41382217407227
18.9232291666667,1.41334533691406
18.9265625,1.41280889511108
18.9298958333333,1.41227245330811
18.9332291666667,1.41167640686035
18.9365625,1.41113996505737
18.9398958333333,1.41060352325439
18.9432291666667,1.41006708145142
18.9465625,1.40947103500366
18.9498958333333,1.40893459320068
18.9532291666667,1.40845775604248
18.9565625,1.4079213142395
18.9598958333333,1.40750408172607
18.9632291666667,1.4072060585022
18.9665625,1.4069676399231
18.9698958333333,1.40678882598877
18.9732291666667,1.40678882598877
18.9765625,1.40684843063354
18.9798958333333,1.4069676399231
18.9832291666667,1.4072060585022
18.9865625,1.40750408172607
18.9898958333333,1.40786170959473
18.9932291666667,1.40821933746338
18.9965625,1.40869617462158
18.9998958333333,1.40923261642456
19.0032291666667,1.40982866287231
19.0065625,1.41054391860962
19.0098958333333,1.41137838363647
19.0132291666667,1.41233205795288
19.0165625,1.41334533691406
19.0198958333333,1.41447782516479
19.0232291666667,1.4156699180603
19.0265625,1.41692161560059
19.0298958333333,1.41817331314087
19.0332291666667,1.41948461532593
19.0365625,1.42073631286621
19.0398958333333,1.42204761505127
19.0432291666667,1.42323970794678
19.0465625,1.42437219619751
19.0498958333333,1.42538547515869
19.0532291666667,1.4263391494751
19.0565625,1.42717361450195
19.0598958333333,1.42794847488403
19.0632291666667,1.42854452133179
19.0665625,1.42908096313477
19.0698958333333,1.42949819564819
19.0732291666667,1.42985582351685
19.0765625,1.43015384674072
19.0798958333333,1.43039226531982
19.0832291666667,1.43057107925415
19.0865625,1.43057107925415
19.0898958333333,1.43051147460938
19.0932291666667,1.43027305603027
19.0965625,1.42985582351685
19.0998958333333,1.42920017242432
19.1032291666667,1.42836570739746
19.1065625,1.42735242843628
19.1098958333333,1.42616033554077
19.1132291666667,1.42472982406616
19.1165625,1.423180103302
19.1198958333333,1.42151117324829
19.1232291666667,1.4197826385498
19.1265625,1.41793489456177
19.1298958333333,1.41608715057373
19.1332291666667,1.41417980194092
19.1365625,1.41233205795288
19.1398958333333,1.41042470932007
19.1432291666667,1.40863656997681
19.1465625,1.40684843063354
19.1498958333333,1.40511989593506
19.1532291666667,1.40345096588135
19.1565625,1.40190124511719
19.1598958333333,1.40035152435303
19.1632291666667,1.39898061752319
19.1665625,1.39772891998291
19.1698958333333,1.39665603637695
19.1732291666667,1.39576196670532
19.1765625,1.39504671096802
19.1798958333333,1.39456987380981
19.1832291666667,1.39427185058594
19.1865625,1.39427185058594
19.1898958333333,1.39451026916504
19.1932291666667,1.39492750167847
19.1965625,1.39552354812622
19.1998958333333,1.39635801315308
19.2032291666667,1.39731168746948
19.2065625,1.39844417572021
19.2098958333333,1.39963626861572
19.2132291666667,1.40094757080078
19.2165625,1.40237808227539
19.2198958333333,1.40386819839478
19.2232291666667,1.40535831451416
19.2265625,1.40690803527832
19.2298958333333,1.40845775604248
19.2332291666667,1.40994787216187
19.2365625,1.41143798828125
19.2398958333333,1.41280889511108
19.2432291666667,1.41406059265137
19.2465625,1.41525268554688
19.2498958333333,1.41632556915283
19.2532291666667,1.41733884811401
19.2565625,1.41817331314087
19.2598958333333,1.41894817352295
19.2632291666667,1.41960382461548
19.2665625,1.42019987106323
19.2698958333333,1.42073631286621
19.2732291666667,1.42121315002441
19.2765625,1.42174959182739
19.2798958333333,1.4222264289856
19.2832291666667,1.42282247543335
19.2865625,1.42347812652588
19.2898958333333,1.42419338226318
19.2932291666667,1.42502784729004
19.2965625,1.42592191696167
19.2998958333333,1.42693519592285
19.3032291666667,1.42794847488403
19.3065625,1.42902135848999
19.3098958333333,1.43009424209595
19.3132291666667,1.4311671257019
19.3165625,1.43224000930786
19.3198958333333,1.43325328826904
19.3232291666667,1.43426656723022
19.3265625,1.43527984619141
19.3298958333333,1.43629312515259
19.3332291666667,1.43724679946899
19.3365625,1.4382004737854
19.3398958333333,1.43903493881226
19.3432291666667,1.43986940383911
19.3465625,1.44052505493164
19.3498958333333,1.44112110137939
19.3532291666667,1.44153833389282
19.3565625,1.44189596176147
19.3598958333333,1.4420747756958
19.3632291666667,1.44219398498535
19.3665625,1.44225358963013
19.3698958333333,1.4423131942749
19.3732291666667,1.44237279891968
19.3765625,1.442551612854
19.3798958333333,1.44273042678833
19.3832291666667,1.44290924072266
19.3865625,1.44314765930176
19.3898958333333,1.44338607788086
19.3932291666667,1.44356489181519
19.3965625,1.44368410110474
19.3998958333333,1.44368410110474
19.4032291666667,1.44356489181519
19.4065625,1.44338607788086
19.4098958333333,1.44314765930176
19.4132291666667,1.44290924072266
19.4165625,1.44261121749878
19.4198958333333,1.44243240356445
19.4232291666667,1.44225358963013
19.4265625,1.44219398498535
19.4298958333333,1.44219398498535
19.4332291666667,1.4423131942749
19.4365625,1.44249200820923
19.4398958333333,1.44267082214355
19.4432291666667,1.44290924072266
19.4465625,1.44314765930176
19.4498958333333,1.44344568252563
19.4532291666667,1.44380331039429
19.4565625,1.44410133361816
19.4598958333333,1.44445896148682
19.4632291666667,1.44487619400024
19.4665625,1.44541263580322
19.4698958333333,1.4459490776062
19.4732291666667,1.44654512405396
19.4765625,1.44726037979126
19.4798958333333,1.44803524017334
19.4832291666667,1.44892930984497
19.4865625,1.44988298416138
19.4898958333333,1.45083665847778
19.4932291666667,1.45184993743896
19.4965625,1.45286321640015
19.4998958333333,1.4539361000061
19.5032291666667,1.45488977432251
19.5065625,1.45590305328369
19.5098958333333,1.4568567276001
19.5132291666667,1.4578104019165
19.5165625,1.45876407623291
19.5198958333333,1.45965814590454
19.5232291666667,1.46055221557617
19.5265625,1.46150588989258
19.5298958333333,1.46245956420898
19.5332291666667,1.46347284317017
19.5365625,1.46448612213135
19.5398958333333,1.4655590057373
19.5432291666667,1.46657228469849
19.5465625,1.46758556365967
19.5498958333333,1.46853923797607
19.5532291666667,1.46949291229248
19.5565625,1.47038698196411
19.5598958333333,1.47116184234619
19.5632291666667,1.47181749343872
19.5665625,1.47241353988647
19.5698958333333,1.47294998168945
19.5732291666667,1.47342681884766
19.5765625,1.47384405136108
19.5798958333333,1.47420167922974
19.5832291666667,1.47461891174316
19.5865625,1.47503614425659
19.5898958333333,1.47551298141479
19.5932291666667,1.47604942321777
19.5965625,1.4767050743103
19.5998958333333,1.47736072540283
19.6032291666667,1.47801637649536
19.6065625,1.47873163223267
19.6098958333333,1.47944688796997
19.6132291666667,1.48004293441772
19.6165625,1.48063898086548
19.6198958333333,1.48105621337891
19.6232291666667,1.48147344589233
19.6265625,1.48171186447144
19.6298958333333,1.48195028305054
19.6332291666667,1.48212909698486
19.6365625,1.48224830627441
19.6398958333333,1.48248672485352
19.6432291666667,1.48266553878784
19.6465625,1.48296356201172
19.6498958333333,1.48332118988037
19.6532291666667,1.48367881774902
19.6565625,1.48415565490723
19.6598958333333,1.48457288742065
19.6632291666667,1.48493051528931
19.6665625,1.48522853851318
19.6698958333333,1.48552656173706
19.6732291666667,1.48570537567139
19.6765625,1.48582458496094
19.6798958333333,1.48588418960571
19.6832291666667,1.48600339889526
19.6865625,1.48612260818481
19.6898958333333,1.48630142211914
19.6932291666667,1.48659944534302
19.6965625,1.48689746856689
19.6998958333333,1.48731470108032
19.7032291666667,1.48773193359375
19.7065625,1.48814916610718
19.7098958333333,1.48850679397583
19.7132291666667,1.48880481719971
19.7165625,1.48910284042358
19.7198958333333,1.48934125900269
19.7232291666667,1.48952007293701
19.7265625,1.48969888687134
19.7298958333333,1.48993730545044
19.7332291666667,1.49017572402954
19.7365625,1.49047374725342
19.7398958333333,1.49083137512207
19.7432291666667,1.4912486076355
19.7465625,1.4917254447937
19.7498958333333,1.49232149124146
19.7532291666667,1.49291753768921
19.7565625,1.49357318878174
19.7598958333333,1.49422883987427
19.7632291666667,1.49494409561157
19.7665625,1.49571895599365
19.7698958333333,1.49655342102051
19.7732291666667,1.49738788604736
19.7765625,1.49828195571899
19.7798958333333,1.4992356300354
19.7832291666667,1.50024890899658
19.7865625,1.50126218795776
19.7898958333333,1.50227546691895
19.7932291666667,1.50328874588013
19.7965625,1.50424242019653
19.7998958333333,1.50519609451294
19.8032291666667,1.50597095489502
19.8065625,1.50668621063232
19.8098958333333,1.50728225708008
19.8132291666667,1.50781869888306
19.8165625,1.50823593139648
19.8198958333333,1.50859355926514
19.8232291666667,1.50889158248901
19.8265625,1.50918960571289
19.8298958333333,1.50948762893677
19.8332291666667,1.50972604751587
19.8365625,1.50996446609497
19.8398958333333,1.51020288467407
19.8432291666667,1.51032209396362
19.8465625,1.51044130325317
19.8498958333333,1.5103816986084
19.8532291666667,1.51026248931885
19.8565625,1.50996446609497
19.8598958333333,1.50954723358154
19.8632291666667,1.50895118713379
19.8665625,1.50823593139648
19.8698958333333,1.50734186172485
19.8732291666667,1.50632858276367
19.8765625,1.50525569915771
19.8798958333333,1.50412321090698
19.8832291666667,1.5028715133667
19.8865625,1.50161981582642
19.8898958333333,1.50042772293091
19.8932291666667,1.4992356300354
19.8965625,1.49810314178467
19.8998958333333,1.49708986282349
19.9032291666667,1.49619579315186
19.9065625,1.495361328125
19.9098958333333,1.49476528167725
19.9132291666667,1.49422883987427
19.9165625,1.49393081665039
19.9198958333333,1.49375200271606
19.9232291666667,1.49381160736084
19.9265625,1.49399042129517
19.9298958333333,1.49434804916382
19.9332291666667,1.49494409561157
19.9365625,1.49565935134888
19.9398958333333,1.49655342102051
19.9432291666667,1.49756669998169
19.9465625,1.49863958358765
19.9498958333333,1.49983167648315
19.9532291666667,1.50102376937866
19.9565625,1.50221586227417
19.9598958333333,1.5033483505249
19.9632291666667,1.50442123413086
19.9665625,1.50537490844727
19.9698958333333,1.5062689781189
19.9732291666667,1.50704383850098
19.9765625,1.50769948959351
19.9798958333333,1.50835514068604
19.9832291666667,1.50883197784424
19.9865625,1.50930881500244
19.9898958333333,1.50972604751587
19.9932291666667,1.51008367538452
19.9965625,1.5103816986084
19.9998958333333,1.51067972183228
20.0032291666667,1.51079893112183
20.0065625,1.5108585357666
20.0098958333333,1.51079893112183
20.0132291666667,1.51067972183228
20.0165625,1.5103816986084
20.0198958333333,1.51002407073975
20.0232291666667,1.50960683822632
20.0265625,1.50907039642334
20.0298958333333,1.50853395462036
20.0332291666667,1.50793790817261
20.0365625,1.50734186172485
20.0398958333333,1.5067458152771
20.0432291666667,1.50614976882935
20.0465625,1.50549411773682
20.0498958333333,1.50489807128906
20.0532291666667,1.50418281555176
20.0565625,1.50346755981445
20.0598958333333,1.50269269943237
20.0632291666667,1.50185823440552
20.0665625,1.50102376937866
20.0698958333333,1.50012969970703
20.0732291666667,1.49929523468018
20.0765625,1.4985203742981
20.0798958333333,1.49780511856079
20.0832291666667,1.49720907211304
20.0865625,1.49673223495483
20.0898958333333,1.49643421173096
20.0932291666667,1.49625539779663
20.0965625,1.49625539779663
20.0998958333333,1.49637460708618
20.1032291666667,1.49661302566528
20.1065625,1.49697065353394
20.1098958333333,1.49738788604736
20.1132291666667,1.49792432785034
20.1165625,1.4985203742981
20.1198958333333,1.4992356300354
20.1232291666667,1.50007009506226
20.1265625,1.50108337402344
20.1298958333333,1.50215625762939
20.1332291666667,1.50340795516968
20.1365625,1.50477886199951
20.1398958333333,1.5062689781189
20.1432291666667,1.50781869888306
20.1465625,1.50948762893677
20.1498958333333,1.51121616363525
20.1532291666667,1.51300430297852
20.1565625,1.51485204696655
20.1598958333333,1.51664018630981
20.1632291666667,1.51842832565308
20.1665625,1.52021646499634
20.1698958333333,1.52194499969482
20.1732291666667,1.52355432510376
20.1765625,1.52504444122314
20.1798958333333,1.5263557434082
20.1832291666667,1.52748823165894
20.1865625,1.52838230133057
20.1898958333333,1.5290379524231
20.1932291666667,1.52945518493652
20.1965625,1.52957439422607
20.1998958333333,1.52957439422607
20.2032291666667,1.52933597564697
20.2065625,1.52891874313354
20.2098958333333,1.52844190597534
20.2132291666667,1.52796506881714
20.2165625,1.52742862701416
20.2198958333333,1.52695178985596
20.2232291666667,1.52647495269775
20.2265625,1.5261173248291
20.2298958333333,1.52581930160522
20.2332291666667,1.52552127838135
20.2365625,1.52528285980225
20.2398958333333,1.52504444122314
20.2432291666667,1.52480602264404
20.2465625,1.52450799942017
20.2498958333333,1.52420997619629
20.2532291666667,1.52391195297241
20.2565625,1.52361392974854
20.2598958333333,1.52331590652466
20.2632291666667,1.52307748794556
20.2665625,1.52283906936646
20.2698958333333,1.5227198600769
20.2732291666667,1.5227198600769
20.2765625,1.5227198600769
20.2798958333333,1.52283906936646
20.2832291666667,1.52295827865601
20.2865625,1.52307748794556
20.2898958333333,1.52325630187988
20.2932291666667,1.52343511581421
20.2965625,1.52361392974854
20.2998958333333,1.52385234832764
20.3032291666667,1.52420997619629
20.3065625,1.52456760406494
20.3098958333333,1.52498483657837
20.3132291666667,1.52558088302612
20.3165625,1.52629613876343
20.3198958333333,1.52719020843506
20.3232291666667,1.52820348739624
20.3265625,1.52933597564697
20.3298958333333,1.53064727783203
20.3332291666667,1.53195858001709
20.3365625,1.5333890914917
20.3398958333333,1.53481960296631
20.3432291666667,1.53625011444092
20.3465625,1.53768062591553
20.3498958333333,1.53911113739014
20.3532291666667,1.54054164886475
20.3565625,1.54191255569458
20.3598958333333,1.54334306716919
20.3632291666667,1.54483318328857
20.3665625,1.54632329940796
20.3698958333333,1.54787302017212
20.3732291666667,1.54948234558105
20.3765625,1.55115127563477
20.3798958333333,1.55282020568848
20.3832291666667,1.55448913574219
20.3865625,1.5561580657959
20.3898958333333,1.55776739120483
20.3932291666667,1.55931711196899
20.3965625,1.56080722808838
20.3998958333333,1.56217813491821
20.4032291666667,1.56348943710327
20.4065625,1.56468152999878
20.4098958333333,1.56569480895996
20.4132291666667,1.56658887863159
20.4165625,1.56736373901367
20.4198958333333,1.5680193901062
20.4232291666667,1.56855583190918
20.4265625,1.56897306442261
20.4298958333333,1.56933069229126
20.4332291666667,1.56956911087036
20.4365625,1.56980752944946
20.4398958333333,1.56998634338379
20.4432291666667,1.57022476196289
20.4465625,1.57046318054199
20.4498958333333,1.57070159912109
20.4532291666667,1.57099962234497
20.4565625,1.57129764556885
20.4598958333333,1.5716552734375
20.4632291666667,1.57195329666138
20.4665625,1.57219171524048
20.4698958333333,1.5723705291748
20.4732291666667,1.57248973846436
20.4765625,1.57243013381958
20.4798958333333,1.57225131988525
20.4832291666667,1.57195329666138
20.4865625,1.57153606414795
20.4898958333333,1.57099962234497
20.4932291666667,1.57040357589722
20.4965625,1.56974792480469
20.4998958333333,1.56903266906738
20.5032291666667,1.56837701797485
20.5065625,1.5677809715271
20.5098958333333,1.56718492507935
20.5132291666667,1.56658887863159
20.5165625,1.56605243682861
20.5198958333333,1.56545639038086
20.5232291666667,1.56491994857788
20.5265625,1.5643835067749
20.5298958333333,1.56384706497192
20.5332291666667,1.56331062316895
20.5365625,1.56283378601074
20.5398958333333,1.56235694885254
20.5432291666667,1.56199932098389
20.5465625,1.56164169311523
20.5498958333333,1.56140327453613
20.5532291666667,1.56116485595703
20.5565625,1.56098604202271
20.5598958333333,1.56086683273315
20.5632291666667,1.56068801879883
20.5665625,1.56062841415405
20.5698958333333,1.5605092048645
20.5732291666667,1.56033039093018
20.5765625,1.56021118164063
20.5798958333333,1.56015157699585
20.5832291666667,1.5600323677063
20.5865625,1.5600323677063
20.5898958333333,1.55997276306152
20.5932291666667,1.5600323677063
20.5965625,1.56009197235107
20.5998958333333,1.56009197235107
20.6032291666667,1.56015157699585
20.6065625,1.56015157699585
20.6098958333333,1.56015157699585
20.6132291666667,1.56015157699585
20.6165625,1.56015157699585
20.6198958333333,1.56009197235107
20.6232291666667,1.5600323677063
20.6265625,1.5600323677063
20.6298958333333,1.56009197235107
20.6332291666667,1.56021118164063
20.6365625,1.56038999557495
20.6398958333333,1.56068801879883
20.6432291666667,1.56098604202271
20.6465625,1.56140327453613
20.6498958333333,1.56188011169434
20.6532291666667,1.56241655349731
20.6565625,1.56301259994507
20.6598958333333,1.5636682510376
20.6632291666667,1.56432390213013
20.6665625,1.56503915786743
20.6698958333333,1.56575441360474
20.6732291666667,1.56652927398682
20.6765625,1.56724452972412
20.6798958333333,1.56795978546143
20.6832291666667,1.56861543655396
20.6865625,1.56927108764648
20.6898958333333,1.56980752944946
20.6932291666667,1.57022476196289
20.6965625,1.57052278518677
20.6998958333333,1.57064199447632
20.7032291666667,1.57064199447632
20.7065625,1.57046318054199
20.7098958333333,1.57010555267334
20.7132291666667,1.56968832015991
20.7165625,1.56915187835693
20.7198958333333,1.5684962272644
20.7232291666667,1.56772136688232
20.7265625,1.56694650650024
20.7298958333333,1.56605243682861
20.7332291666667,1.56509876251221
20.7365625,1.56408548355103
20.7398958333333,1.56313180923462
20.7432291666667,1.56211853027344
20.7465625,1.56110525131226
20.7498958333333,1.56021118164063
20.7532291666667,1.55943632125854
20.7565625,1.55884027481079
20.7598958333333,1.55842304229736
20.7632291666667,1.55824422836304
20.7665625,1.55824422836304
20.7698958333333,1.55848264694214
20.7732291666667,1.55895948410034
20.7765625,1.5595555305481
20.7798958333333,1.56038999557495
20.7832291666667,1.56134366989136
20.7865625,1.56241655349731
20.7898958333333,1.56360864639282
20.7932291666667,1.56491994857788
20.7965625,1.56629085540771
20.7998958333333,1.5677809715271
20.8032291666667,1.56927108764648
20.8065625,1.5709400177002
20.8098958333333,1.57260894775391
20.8132291666667,1.57433748245239
20.8165625,1.57606601715088
20.8198958333333,1.57785415649414
20.8232291666667,1.5796422958374
20.8265625,1.58143043518066
20.8298958333333,1.58315896987915
20.8332291666667,1.58494710922241
20.8365625,1.5866756439209
20.8398958333333,1.58840417861938
20.8432291666667,1.5900731086731
20.8465625,1.59174203872681
20.8498958333333,1.59335136413574
20.8532291666667,1.59496068954468
20.8565625,1.59651041030884
20.8598958333333,1.598060131073
20.8632291666667,1.59949064254761
20.8665625,1.60080194473267
20.8698958333333,1.60205364227295
20.8732291666667,1.60312652587891
20.8765625,1.60413980484009
20.8798958333333,1.60491466522217
20.8832291666667,1.60562992095947
20.8865625,1.60622596740723
20.8898958333333,1.60670280456543
20.8932291666667,1.60717964172363
20.8965625,1.60753726959229
20.8998958333333,1.60795450210571
20.9032291666667,1.60837173461914
20.9065625,1.60884857177734
20.9098958333333,1.60932540893555
20.9132291666667,1.6099214553833
20.9165625,1.61051750183105
20.9198958333333,1.61111354827881
20.9232291666667,1.61176919937134
20.9265625,1.61236524581909
20.9298958333333,1.61296129226685
20.9332291666667,1.61349773406982
20.9365625,1.61397457122803
20.9398958333333,1.61439180374146
20.9432291666667,1.61474943161011
20.9465625,1.61510705947876
20.9498958333333,1.61540508270264
20.9532291666667,1.61570310592651
20.9565625,1.61600112915039
20.9598958333333,1.61629915237427
20.9632291666667,1.61665678024292
20.9665625,1.61701440811157
20.9698958333333,1.61731243133545
20.9732291666667,1.61761045455933
20.9765625,1.61784887313843
20.9798958333333,1.61796808242798
20.9832291666667,1.6179084777832
20.9865625,1.6176700592041
20.9898958333333,1.6171932220459
20.9932291666667,1.61653757095337
20.9965625,1.61564350128174
20.9998958333333,1.61463022232056
21.0032291666667,1.61343812942505
21.0065625,1.61218643188477
21.0098958333333,1.61081552505493
21.0132291666667,1.60956382751465
21.0165625,1.60831212997437
21.0198958333333,1.60712003707886
21.0232291666667,1.6060471534729
21.0265625,1.60509347915649
21.0298958333333,1.60408020019531
21.0332291666667,1.60312652587891
21.0365625,1.60211324691772
21.0398958333333,1.60104036331177
21.0432291666667,1.59984827041626
21.0465625,1.59859657287598
21.0498958333333,1.59734487533569
21.0532291666667,1.59603357315063
21.0565625,1.5949010848999
21.0598958333333,1.59382820129395
21.0632291666667,1.59299373626709
21.0665625,1.59239768981934
21.0698958333333,1.59209966659546
21.0732291666667,1.59209966659546
21.0765625,1.59233808517456
21.0798958333333,1.59287452697754
21.0832291666667,1.59353017807007
21.0865625,1.5944242477417
21.0898958333333,1.59537792205811
21.0932291666667,1.59645080566406
21.0965625,1.59752368927002
21.0998958333333,1.59859657287598
21.1032291666667,1.59966945648193
21.1065625,1.60080194473267
21.1098958333333,1.60187482833862
21.1132291666667,1.60306692123413
21.1165625,1.60437822341919
21.1198958333333,1.6058087348938
21.1232291666667,1.60741806030273
21.1265625,1.609206199646
21.1298958333333,1.61117315292358
21.1332291666667,1.6133189201355
21.1365625,1.61558389663696
21.1398958333333,1.61784887313843
21.1432291666667,1.62017345428467
21.1465625,1.62243843078613
21.1498958333333,1.62464380264282
21.1532291666667,1.62667036056519
21.1565625,1.628577709198
21.1598958333333,1.63036584854126
21.1632291666667,1.63203477859497
21.1665625,1.63358449935913
21.1698958333333,1.63501501083374
21.1732291666667,1.63644552230835
21.1765625,1.63775682449341
21.1798958333333,1.63906812667847
21.1832291666667,1.64026021957397
21.1865625,1.64145231246948
21.1898958333333,1.64252519607544
21.1932291666667,1.64347887039185
21.1965625,1.64437294006348
21.1998958333333,1.64514780044556
21.2032291666667,1.64586305618286
21.2065625,1.64651870727539
21.2098958333333,1.64705514907837
21.2132291666667,1.64759159088135
21.2165625,1.64800882339478
21.2198958333333,1.6484260559082
21.2232291666667,1.64872407913208
21.2265625,1.64902210235596
21.2298958333333,1.64932012557983
21.2332291666667,1.64955854415894
21.2365625,1.64979696273804
21.2398958333333,1.65003538131714
21.2432291666667,1.65033340454102
21.2465625,1.65069103240967
21.2498958333333,1.6511082649231
21.2532291666667,1.65164470672607
21.2565625,1.65224075317383
21.2598958333333,1.65301561355591
21.2632291666667,1.65379047393799
21.2665625,1.65468454360962
21.2698958333333,1.65563821792603
21.2732291666667,1.65659189224243
21.2765625,1.65754556655884
21.2798958333333,1.65843963623047
21.2832291666667,1.65927410125732
21.2865625,1.66010856628418
21.2898958333333,1.66082382202148
21.2932291666667,1.66153907775879
21.2965625,1.66213512420654
21.2998958333333,1.6627311706543
21.3032291666667,1.66326761245728
21.3065625,1.66374444961548
21.3098958333333,1.66416168212891
21.3132291666667,1.66451930999756
21.3165625,1.66481733322144
21.3198958333333,1.66493654251099
21.3232291666667,1.66499614715576
21.3265625,1.66493654251099
21.3298958333333,1.66469812393188
21.3332291666667,1.66434049606323
21.3365625,1.66386365890503
21.3398958333333,1.66326761245728
21.3432291666667,1.66267156600952
21.3465625,1.66195631027222
21.3498958333333,1.66124105453491
21.3532291666667,1.66052579879761
21.3565625,1.6598105430603
21.3598958333333,1.65903568267822
21.3632291666667,1.65826082229614
21.3665625,1.65748596191406
21.3698958333333,1.65665149688721
21.3732291666667,1.65581703186035
21.3765625,1.65492296218872
21.3798958333333,1.65396928787231
21.3832291666667,1.65301561355591
21.3865625,1.65200233459473
21.3898958333333,1.65092945098877
21.3932291666667,1.64979696273804
21.3965625,1.6486644744873
21.3998958333333,1.6474723815918
21.4032291666667,1.64622068405151
21.4065625,1.64502859115601
21.4098958333333,1.6438364982605
21.4132291666667,1.64270401000977
21.4165625,1.64163112640381
21.4198958333333,1.6406774520874
21.4232291666667,1.63978338241577
21.4265625,1.63900852203369
21.4298958333333,1.63829326629639
21.4332291666667,1.63769721984863
21.4365625,1.63716077804565
21.4398958333333,1.63668394088745
21.4432291666667,1.63620710372925
21.4465625,1.63578987121582
21.4498958333333,1.63543224334717
21.4532291666667,1.63513422012329
21.4565625,1.63483619689941
21.4598958333333,1.63465738296509
21.4632291666667,1.63459777832031
21.4665625,1.63465738296509
21.4698958333333,1.63489580154419
21.4732291666667,1.63525342941284
21.4765625,1.63578987121582
21.4798958333333,1.63650512695313
21.4832291666667,1.63733959197998
21.4865625,1.63835287094116
21.4898958333333,1.63948535919189
21.4932291666667,1.64079666137695
21.4965625,1.64216756820679
21.4998958333333,1.64365768432617
21.5032291666667,1.64520740509033
21.5065625,1.64687633514404
21.5098958333333,1.64860486984253
21.5132291666667,1.65033340454102
21.5165625,1.6520619392395
21.5198958333333,1.65379047393799
21.5232291666667,1.65551900863647
21.5265625,1.65718793869019
21.5298958333333,1.65879726409912
21.5332291666667,1.66034698486328
21.5365625,1.66183710098267
21.5398958333333,1.6632080078125
21.5432291666667,1.66451930999756
21.5465625,1.66571140289307
21.5498958333333,1.66678428649902
21.5532291666667,1.66767835617065
21.5565625,1.66845321655273
21.5598958333333,1.66904926300049
21.5632291666667,1.66946649551392
21.5665625,1.66970491409302
21.5698958333333,1.66976451873779
21.5732291666667,1.66964530944824
21.5765625,1.66934728622437
21.5798958333333,1.66887044906616
21.5832291666667,1.66827440261841
21.5865625,1.6675591468811
21.5898958333333,1.66666507720947
21.5932291666667,1.66571140289307
21.5965625,1.66463851928711
21.5998958333333,1.66350603103638
21.6032291666667,1.66237354278564
21.6065625,1.66124105453491
21.6098958333333,1.6600489616394
21.6132291666667,1.65891647338867
21.6165625,1.65778398513794
21.6198958333333,1.65671110153198
21.6232291666667,1.65563821792603
21.6265625,1.65468454360962
21.6298958333333,1.65379047393799
21.6332291666667,1.65289640426636
21.6365625,1.65218114852905
21.6398958333333,1.65146589279175
21.6432291666667,1.65081024169922
21.6465625,1.65027379989624
21.6498958333333,1.64973735809326
21.6532291666667,1.64932012557983
21.6565625,1.64896249771118
21.6598958333333,1.64860486984253
21.6632291666667,1.6484260559082
21.6665625,1.64830684661865
21.6698958333333,1.64830684661865
21.6732291666667,1.64836645126343
21.6765625,1.64860486984253
21.6798958333333,1.64890289306641
21.6832291666667,1.64932012557983
21.6865625,1.64979696273804
21.6898958333333,1.65039300918579
21.6932291666667,1.65104866027832
21.6965625,1.65188312530518
21.6998958333333,1.65277719497681
21.7032291666667,1.65396928787231
21.7065625,1.65534019470215
21.7098958333333,1.65706872940063
21.7132291666667,1.65915489196777
21.7165625,1.66171789169312
21.7198958333333,1.66481733322144
21.7232291666667,1.66845321655273
21.7265625,1.67268514633179
21.7298958333333,1.67751312255859
21.7332291666667,1.68305635452271
21.7365625,1.68925523757935
21.7398958333333,1.69610977172852
21.7432291666667,1.70373916625977
21.7465625,1.71196460723877
21.7498958333333,1.72090530395508
21.7532291666667,1.73050165176392
21.7565625,1.74063444137573
21.7598958333333,1.75130367279053
21.7632291666667,1.76239013671875
21.7665625,1.77377462387085
21.7698958333333,1.78533792495728
21.7732291666667,1.79702043533325
21.7765625,1.80864334106445
21.7798958333333,1.82008743286133
21.7832291666667,1.83123350143433
21.7865625,1.84202194213867
21.7898958333333,1.85221433639526
21.7932291666667,1.86187028884888
21.7965625,1.87093019485474
21.7998958333333,1.87921524047852
21.8032291666667,1.88672542572021
21.8065625,1.89346075057983
21.8098958333333,1.89930200576782
21.8132291666667,1.90436840057373
21.8165625,1.90848112106323
21.8198958333333,1.91175937652588
21.8232291666667,1.91408395767212
21.8265625,1.91551446914673
21.8298958333333,1.91605091094971
21.8332291666667,1.91569328308105
21.8365625,1.91444158554077
21.8398958333333,1.91247463226318
21.8432291666667,1.90967321395874
21.8465625,1.90621614456177
21.8498958333333,1.90222263336182
21.8532291666667,1.89769268035889
21.8565625,1.89274549484253
21.8598958333333,1.88744068145752
21.8632291666667,1.88189744949341
21.8665625,1.87617540359497
21.8698958333333,1.87027454376221
21.8732291666667,1.86431407928467
21.8765625,1.85835361480713
21.8798958333333,1.85233354568481
21.8832291666667,1.84637308120728
21.8865625,1.84047222137451
21.8898958333333,1.83457136154175
21.8932291666667,1.82884931564331
21.8965625,1.82318687438965
21.8998958333333,1.81770324707031
21.9032291666667,1.81245803833008
21.9065625,1.80739164352417
21.9098958333333,1.80262327194214
21.9132291666667,1.79815292358398
21.9165625,1.79398059844971
21.9198958333333,1.79010629653931
21.9232291666667,1.78658962249756
21.9265625,1.78337097167969
21.9298958333333,1.78039073944092
21.9332291666667,1.77770853042603
21.9365625,1.77520513534546
21.9398958333333,1.77288055419922
21.9432291666667,1.7707347869873
21.9465625,1.76864862442017
21.9498958333333,1.76674127578735
21.9532291666667,1.76489353179932
21.9565625,1.76322460174561
21.9598958333333,1.76161527633667
21.9632291666667,1.76012516021729
21.9665625,1.75875425338745
21.9698958333333,1.75756216049194
21.9732291666667,1.75648927688599
21.9765625,1.75559520721436
21.9798958333333,1.75482034683228
21.9832291666667,1.75422430038452
21.9865625,1.75374746322632
21.9898958333333,1.75338983535767
21.9932291666667,1.75315141677856
21.9965625,1.75303220748901
21.9998958333333,1.75309181213379
22.0032291666667,1.75321102142334
22.0065625,1.75338983535767
22.0098958333333,1.75368785858154
22.0132291666667,1.75398588180542
22.0165625,1.75434350967407
22.0198958333333,1.75464153289795
22.0232291666667,1.75493955612183
22.0265625,1.75517797470093
22.0298958333333,1.75535678863525
22.0332291666667,1.7554759979248
22.0365625,1.75559520721436
22.0398958333333,1.75565481185913
22.0432291666667,1.75571441650391
22.0465625,1.75589323043823
22.0498958333333,1.75613164901733
22.0532291666667,1.75648927688599
22.0565625,1.75702571868896
22.0598958333333,1.75768136978149
22.0632291666667,1.75857543945313
22.0665625,1.75964832305908
22.0698958333333,1.76084041595459
22.0732291666667,1.76215171813965
22.0765625,1.76352262496948
22.0798958333333,1.76501274108887
22.0832291666667,1.76650285720825
22.0865625,1.76799297332764
22.0898958333333,1.76948308944702
22.0932291666667,1.77103281021118
22.0965625,1.77258253097534
22.0998958333333,1.77425146102905
22.1032291666667,1.77609920501709
22.1065625,1.77818536758423
22.1098958333333,1.78050994873047
22.1132291666667,1.78313255310059
22.1165625,1.78611278533936
22.1198958333333,1.78951025009155
22.1232291666667,1.79332494735718
22.1265625,1.79755687713623
22.1298958333333,1.80220603942871
22.1332291666667,1.80733203887939
22.1365625,1.81275606155396
22.1398958333333,1.81865692138672
22.1432291666667,1.82491540908813
22.1465625,1.83159112930298
22.1498958333333,1.8385648727417
22.1532291666667,1.8458366394043
22.1565625,1.85340642929077
22.1598958333333,1.86115503311157
22.1632291666667,1.86914205551147
22.1665625,1.87718868255615
22.1698958333333,1.88535451889038
22.1732291666667,1.89352035522461
22.1765625,1.90168619155884
22.1798958333333,1.90973281860352
22.1832291666667,1.91766023635864
22.1865625,1.92534923553467
22.1898958333333,1.93279981613159
22.1932291666667,1.93983316421509
22.1965625,1.94644927978516
22.1998958333333,1.95258855819702
22.2032291666667,1.95813179016113
22.2065625,1.96313858032227
22.2098958333333,1.96748971939087
22.2132291666667,1.97124481201172
22.2165625,1.97440385818481
22.2198958333333,1.97690725326538
22.2232291666667,1.97887420654297
22.2265625,1.9802451133728
22.2298958333333,1.98101997375488
22.2332291666667,1.98125839233398
22.2365625,1.98084115982056
22.2398958333333,1.97988748550415
22.2432291666667,1.97833776473999
22.2465625,1.97625160217285
22.2498958333333,1.97362899780273
22.2532291666667,1.97052955627441
22.2565625,1.96695327758789
22.2598958333333,1.96295976638794
22.2632291666667,1.95860862731934
22.2665625,1.95389986038208
22.2698958333333,1.9490122795105
22.2732291666667,1.94388628005981
22.2765625,1.93864107131958
22.2798958333333,1.93333625793457
22.2832291666667,1.92803144454956
22.2865625,1.92266702651978
22.2898958333333,1.91742181777954
22.2932291666667,1.91229581832886
22.2965625,1.90728902816772
22.2998958333333,1.90246105194092
22.3032291666667,1.89781188964844
22.3065625,1.89328193664551
22.3098958333333,1.88887119293213
22.3132291666667,1.88463926315308
22.3165625,1.88052654266357
22.3198958333333,1.87653303146362
22.3232291666667,1.872718334198
22.3265625,1.86902284622192
22.3298958333333,1.86538696289063
22.3332291666667,1.86187028884888
22.3365625,1.8584132194519
22.3398958333333,1.85501575469971
22.3432291666667,1.85161828994751
22.3465625,1.84828042984009
22.3498958333333,1.84500217437744
22.3532291666667,1.84166431427002
22.3565625,1.83838605880737
22.3598958333333,1.8351674079895
22.3632291666667,1.83206796646118
22.3665625,1.82902812957764
22.3698958333333,1.82604789733887
22.3732291666667,1.82324647903442
22.3765625,1.82056427001953
22.3798958333333,1.81794166564941
22.3832291666667,1.81543827056885
22.3865625,1.81299448013306
22.3898958333333,1.81066989898682
22.3932291666667,1.8082857131958
22.3965625,1.80596113204956
22.3998958333333,1.8036961555481
22.4032291666667,1.80137157440186
22.4065625,1.79910659790039
22.4098958333333,1.79684162139893
22.4132291666667,1.79469585418701
22.4165625,1.79260969161987
22.4198958333333,1.79064273834229
22.4232291666667,1.78873538970947
22.4265625,1.78700685501099
22.4298958333333,1.78545713424683
22.4332291666667,1.78408622741699
22.4365625,1.78283452987671
22.4398958333333,1.78182125091553
22.4432291666667,1.7809271812439
22.4465625,1.78015232086182
22.4498958333333,1.77955627441406
22.4532291666667,1.77907943725586
22.4565625,1.77872180938721
22.4598958333333,1.77842378616333
22.4632291666667,1.77818536758423
22.4665625,1.7780065536499
22.4698958333333,1.77782773971558
22.4732291666667,1.77770853042603
22.4765625,1.77758932113647
22.4798958333333,1.77741050720215
22.4832291666667,1.77723169326782
22.4865625,1.77699327468872
22.4898958333333,1.77669525146484
22.4932291666667,1.77627801895142
22.4965625,1.77574157714844
22.4998958333333,1.77514553070068
22.5032291666667,1.7743706703186
22.5065625,1.77347660064697
22.5098958333333,1.77246332168579
22.5132291666667,1.77133083343506
22.5165625,1.77013874053955
22.5198958333333,1.76888704299927
22.5232291666667,1.76763534545898
22.5265625,1.7663836479187
22.5298958333333,1.76519155502319
22.5332291666667,1.76399946212769
22.5365625,1.76292657852173
22.5398958333333,1.76191329956055
22.5432291666667,1.76090002059937
22.5465625,1.75994634628296
22.5498958333333,1.75905227661133
22.5532291666667,1.75821781158447
22.5565625,1.75738334655762
22.5598958333333,1.75666809082031
22.5632291666667,1.75601243972778
22.5665625,1.75541639328003
22.5698958333333,1.75493955612183
22.5732291666667,1.7545223236084
22.5765625,1.75416469573975
22.5798958333333,1.75392627716064
22.5832291666667,1.75368785858154
22.5865625,1.75356864929199
22.5898958333333,1.75338983535767
22.5932291666667,1.75333023071289
22.5965625,1.75327062606812
22.5998958333333,1.75327062606812
22.6032291666667,1.75338983535767
22.6065625,1.75356864929199
22.6098958333333,1.75380706787109
22.6132291666667,1.75422430038452
22.6165625,1.75470113754272
22.6198958333333,1.7552375793457
22.6232291666667,1.75583362579346
22.6265625,1.75654888153076
22.6298958333333,1.75726413726807
22.6332291666667,1.75803899765015
22.6365625,1.758873462677
22.6398958333333,1.75970792770386
22.6432291666667,1.76060199737549
22.6465625,1.76155567169189
22.6498958333333,1.76244974136353
22.6532291666667,1.76334381103516
22.6565625,1.76423788070679
22.6598958333333,1.76513195037842
22.6632291666667,1.76596641540527
22.6665625,1.76674127578735
22.6698958333333,1.76751613616943
22.6732291666667,1.76823139190674
22.6765625,1.76894664764404
22.6798958333333,1.76966190338135
22.6832291666667,1.77043676376343
22.6865625,1.77115201950073
22.6898958333333,1.77192687988281
22.6932291666667,1.77276134490967
22.6965625,1.77353620529175
22.6998958333333,1.7743706703186
22.7032291666667,1.77520513534546
22.7065625,1.77603960037231
22.7098958333333,1.77693367004395
22.7132291666667,1.77782773971558
22.7165625,1.77872180938721
22.7198958333333,1.77961587905884
22.7232291666667,1.78056955337524
22.7265625,1.78158283233643
22.7298958333333,1.78259611129761
22.7332291666667,1.78360939025879
22.7365625,1.78468227386475
22.7398958333333,1.7857551574707
22.7432291666667,1.78682804107666
22.7465625,1.78796052932739
22.7498958333333,1.78903341293335
22.7532291666667,1.79016590118408
22.7565625,1.79129838943481
22.7598958333333,1.79243087768555
22.7632291666667,1.79356336593628
22.7665625,1.79469585418701
22.7698958333333,1.79576873779297
22.7732291666667,1.79684162139893
22.7765625,1.79785490036011
22.7798958333333,1.79886817932129
22.7832291666667,1.79976224899292
22.7865625,1.80059671401978
22.7898958333333,1.80137157440186
22.7932291666667,1.80208683013916
22.7965625,1.80274248123169
22.7998958333333,1.80333852767944
22.8032291666667,1.80387496948242
22.8065625,1.80429220199585
22.8098958333333,1.8046498298645
22.8132291666667,1.80494785308838
22.8165625,1.80518627166748
22.8198958333333,1.80542469024658
22.8232291666667,1.80560350418091
22.8265625,1.80578231811523
22.8298958333333,1.80596113204956
22.8332291666667,1.80619955062866
22.8365625,1.80643796920776
22.8398958333333,1.80667638778687
22.8432291666667,1.80697441101074
22.8465625,1.80727243423462
22.8498958333333,1.80751085281372
22.8532291666667,1.80774927139282
22.8565625,1.80792808532715
22.8598958333333,1.8080472946167
22.8632291666667,1.80816650390625
22.8665625,1.80816650390625
22.8698958333333,1.80810689926147
22.8732291666667,1.8080472946167
22.8765625,1.80798768997192
22.8798958333333,1.80786848068237
22.8832291666667,1.80774927139282
22.8865625,1.80768966674805
22.8898958333333,1.80763006210327
22.8932291666667,1.8075704574585
22.8965625,1.80751085281372
22.8998958333333,1.80745124816895
22.9032291666667,1.80739164352417
22.9065625,1.80733203887939
22.9098958333333,1.80727243423462
22.9132291666667,1.80721282958984
22.9165625,1.80721282958984
22.9198958333333,1.80721282958984
22.9232291666667,1.80727243423462
22.9265625,1.80733203887939
22.9298958333333,1.80751085281372
22.9332291666667,1.80768966674805
22.9365625,1.80792808532715
22.9398958333333,1.80822610855103
22.9432291666667,1.8085241317749
22.9465625,1.80894136428833
22.9498958333333,1.80947780609131
22.9532291666667,1.81001424789429
22.9565625,1.81072950363159
22.9598958333333,1.8114447593689
22.9632291666667,1.81227922439575
22.9665625,1.81317329406738
22.9698958333333,1.81406736373901
22.9732291666667,1.81490182876587
22.9765625,1.81567668914795
22.9798958333333,1.81645154953003
22.9832291666667,1.81704759597778
22.9865625,1.81758403778076
22.9898958333333,1.81800127029419
22.9932291666667,1.81829929351807
22.9965625,1.81853771209717
22.9998958333333,1.81865692138672
23.0032291666667,1.81871652603149
23.0065625,1.81871652603149
23.0098958333333,1.81859731674194
23.0132291666667,1.81835889816284
23.0165625,1.81806087493896
23.0198958333333,1.81764364242554
23.0232291666667,1.81716680526733
23.0265625,1.81663036346436
23.0298958333333,1.8160343170166
23.0332291666667,1.81549787521362
23.0365625,1.81502103805542
23.0398958333333,1.81454420089722
23.0432291666667,1.81424617767334
23.0465625,1.81400775909424
23.0498958333333,1.81394815444946
23.0532291666667,1.81406736373901
23.0565625,1.81424617767334
23.0598958333333,1.81454420089722
23.0632291666667,1.81502103805542
23.0665625,1.8155574798584
23.0698958333333,1.81621313095093
23.0732291666667,1.81692838668823
23.0765625,1.81776285171509
23.0798958333333,1.81859731674194
23.0832291666667,1.81949138641357
23.0865625,1.82038545608521
23.0898958333333,1.82133913040161
23.0932291666667,1.82235240936279
23.0965625,1.82336568832397
23.0998958333333,1.82437896728516
23.1032291666667,1.82545185089111
23.1065625,1.82652473449707
23.1098958333333,1.82759761810303
23.1132291666667,1.82873010635376
23.1165625,1.82986259460449
23.1198958333333,1.83099508285522
23.1232291666667,1.83212757110596
23.1265625,1.83320045471191
23.1298958333333,1.8342137336731
23.1332291666667,1.8351674079895
23.1365625,1.83612108230591
23.1398958333333,1.83695554733276
23.1432291666667,1.83779001235962
23.1465625,1.83850526809692
23.1498958333333,1.839280128479
23.1532291666667,1.83993577957153
23.1565625,1.84059143066406
23.1598958333333,1.84124708175659
23.1632291666667,1.84190273284912
23.1665625,1.84249877929688
23.1698958333333,1.84303522109985
23.1732291666667,1.84363126754761
23.1765625,1.84410810470581
23.1798958333333,1.84458494186401
23.1832291666667,1.84500217437744
23.1865625,1.84535980224609
23.1898958333333,1.84565782546997
23.1932291666667,1.84589624404907
23.1965625,1.8460750579834
23.1998958333333,1.84625387191772
23.2032291666667,1.8463134765625
23.2065625,1.84637308120728
23.2098958333333,1.84637308120728
23.2132291666667,1.8463134765625
23.2165625,1.84625387191772
23.2198958333333,1.84613466262817
23.2232291666667,1.84595584869385
23.2265625,1.84571743011475
23.2298958333333,1.84541940689087
23.2332291666667,1.84506177902222
23.2365625,1.84464454650879
23.2398958333333,1.84416770935059
23.2432291666667,1.84363126754761
23.2465625,1.84309482574463
23.2498958333333,1.84249877929688
23.2532291666667,1.84184312820435
23.2565625,1.84118747711182
23.2598958333333,1.84053182601929
23.2632291666667,1.83987617492676
23.2665625,1.83916091918945
23.2698958333333,1.83844566345215
23.2732291666667,1.83779001235962
23.2765625,1.83719396591187
23.2798958333333,1.83659791946411
23.2832291666667,1.83612108230591
23.2865625,1.83570384979248
23.2898958333333,1.83546543121338
23.2932291666667,1.83534622192383
23.2965625,1.83534622192383
23.2998958333333,1.83546543121338
23.3032291666667,1.83570384979248
23.3065625,1.83606147766113
23.3098958333333,1.83647871017456
23.3132291666667,1.83695554733276
23.3165625,1.83749198913574
23.3198958333333,1.8380880355835
23.3232291666667,1.83874368667603
23.3265625,1.83945894241333
23.3298958333333,1.84017419815063
23.3332291666667,1.84088945388794
23.3365625,1.84166431427002
23.3398958333333,1.84237957000732
23.3432291666667,1.84309482574463
23.3465625,1.84381008148193
23.3498958333333,1.84446573257446
23.3532291666667,1.84506177902222
23.3565625,1.8455982208252
23.3598958333333,1.84613466262817
23.3632291666667,1.84661149978638
23.3665625,1.84714794158936
23.3698958333333,1.84768438339233
23.3732291666667,1.84822082519531
23.3765625,1.84881687164307
23.3798958333333,1.84941291809082
23.3832291666667,1.85012817382813
23.3865625,1.85090303421021
23.3898958333333,1.85173749923706
23.3932291666667,1.85269117355347
23.3965625,1.85376405715942
23.3998958333333,1.85495615005493
23.4032291666667,1.85632705688477
23.4065625,1.85775756835938
23.4098958333333,1.85936689376831
23.4132291666667,1.8610954284668
23.4165625,1.86294317245483
23.4198958333333,1.86485052108765
23.4232291666667,1.86675786972046
23.4265625,1.86872482299805
23.4298958333333,1.87063217163086
23.4332291666667,1.87253952026367
23.4365625,1.87438726425171
23.4398958333333,1.87623500823975
23.4432291666667,1.87796354293823
23.4465625,1.87969207763672
23.4498958333333,1.88136100769043
23.4532291666667,1.88297033309937
23.4565625,1.8845796585083
23.4598958333333,1.88601016998291
23.4632291666667,1.88738107681274
23.4665625,1.88863277435303
23.4698958333333,1.88970565795898
23.4732291666667,1.89059972763062
23.4765625,1.89131498336792
23.4798958333333,1.89179182052612
23.4832291666667,1.89214944839478
23.4865625,1.89238786697388
23.4898958333333,1.89250707626343
23.4932291666667,1.8925666809082
23.4965625,1.8925666809082
23.4998958333333,1.89262628555298
23.5032291666667,1.89268589019775
23.5065625,1.8928050994873
23.5098958333333,1.89292430877686
23.5132291666667,1.89310312271118
23.5165625,1.89334154129028
23.5198958333333,1.89357995986938
23.5232291666667,1.89387798309326
23.5265625,1.89423561096191
23.5298958333333,1.89465284347534
23.5332291666667,1.89507007598877
23.5365625,1.89560651779175
23.5398958333333,1.89614295959473
23.5432291666667,1.89667940139771
23.5465625,1.89727544784546
23.5498958333333,1.89787149429321
23.5532291666667,1.89840793609619
23.5565625,1.89894437789917
23.5598958333333,1.89942121505737
23.5632291666667,1.89989805221558
23.5665625,1.90025568008423
23.5698958333333,1.90061330795288
23.5732291666667,1.90091133117676
23.5765625,1.90120935440063
23.5798958333333,1.90144777297974
23.5832291666667,1.90168619155884
23.5865625,1.90192461013794
23.5898958333333,1.90216302871704
23.5932291666667,1.90240144729614
23.5965625,1.90263986587524
23.5998958333333,1.90287828445435
23.6032291666667,1.90311670303345
23.6065625,1.90335512161255
23.6098958333333,1.90353393554688
23.6132291666667,1.9037127494812
23.6165625,1.90383195877075
23.6198958333333,1.9039511680603
23.6232291666667,1.9039511680603
23.6265625,1.90383195877075
23.6298958333333,1.9037127494812
23.6332291666667,1.90353393554688
23.6365625,1.90335512161255
23.6398958333333,1.90311670303345
23.6432291666667,1.90293788909912
23.6465625,1.90275907516479
23.6498958333333,1.90258026123047
23.6532291666667,1.90240144729614
23.6565625,1.90222263336182
23.6598958333333,1.90192461013794
23.6632291666667,1.90156698226929
23.6665625,1.90114974975586
23.6698958333333,1.90061330795288
23.6732291666667,1.90001726150513
23.6765625,1.8993616104126
23.6798958333333,1.89870595932007
23.6832291666667,1.89805030822754
23.6865625,1.89745426177979
23.6898958333333,1.89691781997681
23.6932291666667,1.8964409828186
23.6965625,1.8959641456604
23.6998958333333,1.89554691314697
23.7032291666667,1.89518928527832
23.7065625,1.89483165740967
23.7098958333333,1.89447402954102
23.7132291666667,1.89411640167236
23.7165625,1.89375877380371
23.7198958333333,1.89352035522461
23.7232291666667,1.89328193664551
23.7265625,1.89310312271118
23.7298958333333,1.89304351806641
23.7332291666667,1.89304351806641
23.7365625,1.89310312271118
23.7398958333333,1.89322233200073
23.7432291666667,1.89334154129028
23.7465625,1.89346075057983
23.7498958333333,1.89363956451416
23.7532291666667,1.89381837844849
23.7565625,1.89393758773804
23.7598958333333,1.89405679702759
23.7632291666667,1.89417600631714
23.7665625,1.89429521560669
23.7698958333333,1.89441442489624
23.7732291666667,1.89453363418579
23.7765625,1.89465284347534
23.7798958333333,1.89483165740967
23.7832291666667,1.89501047134399
23.7865625,1.89518928527832
23.7898958333333,1.89542770385742
23.7932291666667,1.8957257270813
23.7965625,1.89608335494995
23.7998958333333,1.89650058746338
23.8032291666667,1.89697742462158
23.8065625,1.89757347106934
23.8098958333333,1.89828872680664
23.8132291666667,1.89918279647827
23.8165625,1.90019607543945
23.8198958333333,1.90138816833496
23.8232291666667,1.90269947052002
23.8265625,1.90407037734985
23.8298958333333,1.90562009811401
23.8332291666667,1.90722942352295
23.8365625,1.90889835357666
23.8398958333333,1.9105076789856
23.8432291666667,1.91217660903931
23.8465625,1.91384553909302
23.8498958333333,1.91551446914673
23.8532291666667,1.91712379455566
23.8565625,1.91867351531982
23.8598958333333,1.92022323608398
23.8632291666667,1.92177295684814
23.8665625,1.92326307296753
23.8698958333333,1.92469358444214
23.8732291666667,1.92606449127197
23.8765625,1.92737579345703
23.8798958333333,1.92856788635254
23.8832291666667,1.92970037460327
23.8865625,1.93077325820923
23.8898958333333,1.93178653717041
23.8932291666667,1.93268060684204
23.8965625,1.93357467651367
23.8998958333333,1.93440914154053
23.9032291666667,1.93524360656738
23.9065625,1.93607807159424
23.9098958333333,1.93691253662109
23.9132291666667,1.93768739700317
23.9165625,1.93852186203003
23.9198958333333,1.93941593170166
23.9232291666667,1.94031000137329
23.9265625,1.9412636756897
23.9298958333333,1.94227695465088
23.9332291666667,1.94334983825684
23.9365625,1.94448232650757
23.9398958333333,1.94573402404785
23.9432291666667,1.94698572158813
23.9465625,1.94829702377319
23.9498958333333,1.94960832595825
23.9532291666667,1.95097923278809
23.9565625,1.95229053497314
23.9598958333333,1.95366144180298
23.9632291666667,1.95497274398804
23.9665625,1.9562840461731
23.9698958333333,1.95765495300293
23.9732291666667,1.95902585983276
23.9765625,1.9603967666626
23.9798958333333,1.96182727813721
23.9832291666667,1.96325778961182
23.9865625,1.9647479057312
23.9898958333333,1.96623802185059
23.9932291666667,1.96778774261475
23.9965625,1.96927785873413
23.9998958333333,1.97076797485352
24.0032291666667,1.97219848632813
24.0065625,1.97356939315796
24.0098958333333,1.97482109069824
24.0132291666667,1.97601318359375
24.0165625,1.97702646255493
24.0198958333333,1.97798013687134
24.0232291666667,1.97875499725342
24.0265625,1.97941064834595
24.0298958333333,1.97988748550415
24.0332291666667,1.98036432266235
24.0365625,1.98066234588623
24.0398958333333,1.98096036911011
24.0432291666667,1.98119878768921
24.0465625,1.98131799697876
24.0498958333333,1.98143720626831
24.0532291666667,1.98149681091309
24.0565625,1.98143720626831
24.0598958333333,1.98131799697876
24.0632291666667,1.98101997375488
24.0665625,1.98054313659668
24.0698958333333,1.97994709014893
24.0732291666667,1.97917222976685
24.0765625,1.97821855545044
24.0798958333333,1.97708606719971
24.0832291666667,1.9758939743042
24.0865625,1.97464227676392
24.0898958333333,1.97327136993408
24.0932291666667,1.97190046310425
24.0965625,1.97058916091919
24.0998958333333,1.96921825408936
24.1032291666667,1.96784734725952
24.1065625,1.96653604507446
24.1098958333333,1.9652247428894
24.1132291666667,1.96397304534912
24.1165625,1.96272134780884
24.1198958333333,1.96146965026855
24.1232291666667,1.96021795272827
24.1265625,1.95902585983276
24.1298958333333,1.95789337158203
24.1332291666667,1.95682048797607
24.1365625,1.95586681365967
24.1398958333333,1.95503234863281
24.1432291666667,1.95443630218506
24.1465625,1.95395946502686
24.1498958333333,1.95366144180298
24.1532291666667,1.95354223251343
24.1565625,1.95366144180298
24.1598958333333,1.95389986038208
24.1632291666667,1.95431709289551
24.1665625,1.95485353469849
24.1698958333333,1.95544958114624
24.1732291666667,1.95610523223877
24.1765625,1.95682048797607
24.1798958333333,1.9574761390686
24.1832291666667,1.95819139480591
24.1865625,1.95890665054321
24.1898958333333,1.95962190628052
24.1932291666667,1.9603967666626
24.1965625,1.9611120223999
24.1998958333333,1.96188688278198
24.2032291666667,1.96266174316406
24.2065625,1.96349620819092
24.2098958333333,1.96433067321777
24.2132291666667,1.96516513824463
24.2165625,1.96599960327148
24.2198958333333,1.96683406829834
24.2232291666667,1.9676685333252
24.2265625,1.96850299835205
24.2298958333333,1.96927785873413
24.2332291666667,1.96993350982666
24.2365625,1.97058916091919
24.2398958333333,1.97106599807739
24.2432291666667,1.97148323059082
24.2465625,1.97172164916992
24.2498958333333,1.97190046310425
24.2532291666667,1.97190046310425
24.2565625,1.9717812538147
24.2598958333333,1.97160243988037
24.2632291666667,1.97136402130127
24.2665625,1.97106599807739
24.2698958333333,1.97082757949829
24.2732291666667,1.97058916091919
24.2765625,1.97041034698486
24.2798958333333,1.97029113769531
24.2832291666667,1.97023153305054
24.2865625,1.97029113769531
24.2898958333333,1.97041034698486
24.2932291666667,1.97064876556396
24.2965625,1.97088718414307
24.2998958333333,1.97124481201172
24.3032291666667,1.97160243988037
24.3065625,1.97190046310425
24.3098958333333,1.97219848632813
24.3132291666667,1.972496509552
24.3165625,1.97267532348633
24.3198958333333,1.97285413742065
24.3232291666667,1.97297334671021
24.3265625,1.97309255599976
24.3298958333333,1.97315216064453
24.3332291666667,1.97321176528931
24.3365625,1.97327136993408
24.3398958333333,1.97339057922363
24.3432291666667,1.97350978851318
24.3465625,1.97362899780273
24.3498958333333,1.97380781173706
24.3532291666667,1.97398662567139
24.3565625,1.97422504425049
24.3598958333333,1.97446346282959
24.3632291666667,1.97470188140869
24.3665625,1.97494029998779
24.3698958333333,1.97523832321167
24.3732291666667,1.97553634643555
24.3765625,1.97583436965942
24.3798958333333,1.9761323928833
24.3832291666667,1.97649002075195
24.3865625,1.97690725326538
24.3898958333333,1.97726488113403
24.3932291666667,1.97774171829224
24.3965625,1.97815895080566
24.3998958333333,1.97863578796387
24.4032291666667,1.97911262512207
24.4065625,1.97958946228027
24.4098958333333,1.97994709014893
24.4132291666667,1.98030471801758
24.4165625,1.98054313659668
24.4198958333333,1.98078155517578
24.4232291666667,1.98090076446533
24.4265625,1.98090076446533
24.4298958333333,1.98090076446533
24.4332291666667,1.98084115982056
24.4365625,1.98072195053101
24.4398958333333,1.98066234588623
24.4432291666667,1.98060274124146
24.4465625,1.98060274124146
24.4498958333333,1.98066234588623
24.4532291666667,1.98078155517578
24.4565625,1.98090076446533
24.4598958333333,1.98107957839966
24.4632291666667,1.98131799697876
24.4665625,1.98155641555786
24.4698958333333,1.98185443878174
24.4732291666667,1.98215246200562
24.4765625,1.98245048522949
24.4798958333333,1.98268890380859
24.4832291666667,1.9829273223877
24.4865625,1.98310613632202
24.4898958333333,1.9831657409668
24.4932291666667,1.9831657409668
24.4965625,1.98304653167725
24.4998958333333,1.98286771774292
24.5032291666667,1.98262929916382
24.5065625,1.98233127593994
24.5098958333333,1.98209285736084
24.5132291666667,1.98185443878174
24.5165625,1.98167562484741
24.5198958333333,1.98161602020264
24.5232291666667,1.98167562484741
24.5265625,1.98191404342651
24.5298958333333,1.98233127593994
24.5332291666667,1.98286771774292
24.5365625,1.983642578125
24.5398958333333,1.98453664779663
24.5432291666667,1.98566913604736
24.5465625,1.98709964752197
24.5498958333333,1.98876857757568
24.5532291666667,1.9909143447876
24.5565625,1.99353694915771
24.5598958333333,1.99687480926514
24.5632291666667,2.00116634368896
24.5665625,2.0066499710083
24.5698958333333,2.0136833190918
24.5732291666667,2.02280282974243
24.5765625,2.03442573547363
24.5798958333333,2.04920768737793
24.5832291666667,2.06786394119263
24.5865625,2.09128856658936
24.5898958333333,2.12031602859497
24.5932291666667,2.15578079223633
24.5965625,2.19875574111938
24.5998958333333,2.250075340271
24.6032291666667,2.31069326400757
24.6065625,2.38132476806641
24.6098958333333,2.46268510818481
24.6132291666667,2.555251121521
24.6165625,2.6593804359436
24.6198958333333,2.77513265609741
24.6232291666667,2.90244817733765
24.6265625,3.04090976715088
24.6298958333333,3.18992137908936
24.6332291666667,3.34876775741577
24.6365625,3.51637601852417
24.6398958333333,3.69155406951904
24.6432291666667,3.87310981750488
24.6465625,4.0595531463623
24.6498958333333,4.24957275390625
24.6532291666667,4.44155931472778
24.6565625,4.63414192199707
24.6598958333333,4.82594966888428
24.6632291666667,5.01543283462524
24.6665625,5.20133972167969
24.6698958333333,5.38229942321777
24.6732291666667,5.55706024169922
24.6765625,5.72425127029419
24.6798958333333,5.88268041610718
24.6832291666667,6.03103637695313
24.6865625,6.16824626922607
24.6898958333333,6.29299879074097
24.6932291666667,6.4043402671814
24.6965625,6.50131702423096
24.6998958333333,6.58303499221802
24.7032291666667,6.6489577293396
24.7065625,6.69854879379272
24.7098958333333,6.73174858093262
24.7132291666667,6.7484974861145
24.7165625,6.74909353256226
24.7198958333333,6.73413276672363
24.7232291666667,6.70433044433594
24.7265625,6.6605806350708
24.7298958333333,6.60395622253418
24.7332291666667,6.53558969497681
24.7365625,6.45667314529419
24.7398958333333,6.36851787567139
24.7432291666667,6.27225637435913
24.7465625,6.16914033889771
24.7498958333333,6.06030225753784
24.7532291666667,5.94675540924072
24.7565625,5.8295726776123
24.7598958333333,5.70970773696899
24.7632291666667,5.58793544769287
24.7665625,5.46503067016602
24.7698958333333,5.34176826477051
24.7732291666667,5.2187442779541
24.7765625,5.09649515151978
24.7798958333333,4.97549772262573
24.7832291666667,4.8561692237854
24.7865625,4.73892688751221
24.7898958333333,4.62406873703003
24.7932291666667,4.51189279556274
24.7965625,4.40269708633423
24.7998958333333,4.29666042327881
24.8032291666667,4.19402122497559
24.8065625,4.09501791000366
24.8098958333333,3.99976968765259
24.8132291666667,3.90845537185669
24.8165625,3.82113456726074
24.8198958333333,3.73786687850952
24.8232291666667,3.6587119102478
24.8265625,3.58361005783081
24.8298958333333,3.51256132125854
24.8332291666667,3.44544649124146
24.8365625,3.38208675384521
24.8398958333333,3.32248210906982
24.8432291666667,3.26639413833618
24.8465625,3.21364402770996
24.8498958333333,3.16405296325684
24.8532291666667,3.11744213104248
24.8565625,3.07363271713257
24.8598958333333,3.032386302948
24.8632291666667,2.99358367919922
24.8665625,2.95692682266235
24.8698958333333,2.92235612869263
24.8732291666667,2.88963317871094
24.8765625,2.85857915878296
24.8798958333333,2.82913446426392
24.8832291666667,2.80117988586426
24.8865625,2.77459621429443
24.8898958333333,2.74932384490967
24.8932291666667,2.72524356842041
24.8965625,2.70229578018188
24.8998958333333,2.68042087554932
24.9032291666667,2.65955924987793
24.9065625,2.63959169387817
24.9098958333333,2.62051820755005
24.9132291666667,2.60215997695923
24.9165625,2.58451700210571
24.9198958333333,2.56747007369995
24.9232291666667,2.55095958709717
24.9265625,2.53498554229736
24.9298958333333,2.51948833465576
24.9332291666667,2.50440835952759
24.9365625,2.48974561691284
24.9398958333333,2.47550010681152
24.9432291666667,2.46167182922363
24.9465625,2.44820117950439
24.9498958333333,2.43514776229858
24.9532291666667,2.42239236831665
24.9565625,2.41011381149292
24.9598958333333,2.39813327789307
24.9632291666667,2.38651037216187
24.9665625,2.37524509429932
24.9698958333333,2.36433744430542
24.9732291666667,2.35384702682495
24.9765625,2.34359502792358
24.9798958333333,2.33376026153564
24.9832291666667,2.32416391372681
24.9865625,2.31492519378662
24.9898958333333,2.30598449707031
24.9932291666667,2.29728221893311
24.9965625,2.288818359375
24.9998958333333,2.28065252304077
25.0032291666667,2.27272510528564
25.0065625,2.26503610610962
25.0098958333333,2.25764513015747
25.0132291666667,2.2505521774292
25.0165625,2.2437572479248
25.0198958333333,2.23720073699951
25.0232291666667,2.23088264465332
25.0265625,2.22480297088623
25.0298958333333,2.21890211105347
25.0332291666667,2.2132396697998
25.0365625,2.20781564712524
25.0398958333333,2.20251083374023
25.0432291666667,2.19744443893433
25.0465625,2.19255685806274
25.0498958333333,2.18784809112549
25.0532291666667,2.18325853347778
25.0565625,2.1788477897644
25.0598958333333,2.17461585998535
25.0632291666667,2.17050313949585
25.0665625,2.16656923294067
25.0698958333333,2.16275453567505
25.0732291666667,2.15917825698853
25.0765625,2.15572118759155
25.0798958333333,2.15250253677368
25.0832291666667,2.14946269989014
25.0865625,2.14666128158569
25.0898958333333,2.14403867721558
25.0932291666667,2.14159488677979
25.0965625,2.13927030563354
25.0998958333333,2.13706493377686
25.1032291666667,2.13497877120972
25.1065625,2.13295221328735
25.1098958333333,2.13092565536499
25.1132291666667,2.12889909744263
25.1165625,2.12693214416504
25.1198958333333,2.12490558624268
25.1232291666667,2.12287902832031
25.1265625,2.12085247039795
25.1298958333333,2.11888551712036
25.1332291666667,2.11691856384277
25.1365625,2.11501121520996
25.1398958333333,2.11310386657715
25.1432291666667,2.11125612258911
25.1465625,2.10952758789063
25.1498958333333,2.10785865783691
25.1532291666667,2.10630893707275
25.1565625,2.10481882095337
25.1598958333333,2.10344791412354
25.1632291666667,2.10213661193848
25.1665625,2.10094451904297
25.1698958333333,2.09975242614746
25.1732291666667,2.09861993789673
25.1765625,2.097487449646
25.1798958333333,2.09635496139526
25.1832291666667,2.09522247314453
25.1865625,2.0940899848938
25.1898958333333,2.09295749664307
25.1932291666667,2.09176540374756
25.1965625,2.09063291549683
25.1998958333333,2.08956003189087
25.2032291666667,2.08854675292969
25.2065625,2.08759307861328
25.2098958333333,2.08669900894165
25.2132291666667,2.08592414855957
25.2165625,2.08526849746704
25.2198958333333,2.08467245101929
25.2232291666667,2.08413600921631
25.2265625,2.08371877670288
25.2298958333333,2.08336114883423
25.2332291666667,2.08300352096558
25.2365625,2.08276510238647
25.2398958333333,2.08258628845215
25.2432291666667,2.08240747451782
25.2465625,2.08228826522827
25.2498958333333,2.0822286605835
25.2532291666667,2.0822286605835
25.2565625,2.0822286605835
25.2598958333333,2.08234786987305
25.2632291666667,2.08252668380737
25.2665625,2.0827054977417
25.2698958333333,2.08300352096558
25.2732291666667,2.08330154418945
25.2765625,2.08365917205811
25.2798958333333,2.08395719528198
25.2832291666667,2.08425521850586
25.2865625,2.08443403244019
25.2898958333333,2.08455324172974
25.2932291666667,2.08455324172974
25.2965625,2.08449363708496
25.2998958333333,2.08437442779541
25.3032291666667,2.08419561386108
25.3065625,2.08395719528198
25.3098958333333,2.08371877670288
25.3132291666667,2.08348035812378
25.3165625,2.0831823348999
25.3198958333333,2.08282470703125
25.3232291666667,2.0824670791626
25.3265625,2.08210945129395
25.3298958333333,2.08163261413574
25.3332291666667,2.08115577697754
25.3365625,2.08067893981934
25.3398958333333,2.08020210266113
25.3432291666667,2.07972526550293
25.3465625,2.0793080329895
25.3498958333333,2.07895040512085
25.3532291666667,2.0785927772522
25.3565625,2.07829475402832
25.3598958333333,2.07805633544922
25.3632291666667,2.07787752151489
25.3665625,2.07769870758057
25.3698958333333,2.07757949829102
25.3732291666667,2.07746028900146
25.3765625,2.07734107971191
25.3798958333333,2.07728147506714
25.3832291666667,2.07722187042236
25.3865625,2.07722187042236
25.3898958333333,2.07722187042236
25.3932291666667,2.07728147506714
25.3965625,2.07740068435669
25.3998958333333,2.07751989364624
25.4032291666667,2.07775831222534
25.4065625,2.07799673080444
25.4098958333333,2.0783543586731
25.4132291666667,2.07871198654175
25.4165625,2.0790696144104
25.4198958333333,2.07948684692383
25.4232291666667,2.07984447479248
25.4265625,2.08020210266113
25.4298958333333,2.08050012588501
25.4332291666667,2.08079814910889
25.4365625,2.08097696304321
25.4398958333333,2.08115577697754
25.4432291666667,2.08133459091187
25.4465625,2.08145380020142
25.4498958333333,2.08163261413574
25.4532291666667,2.08181142807007
25.4565625,2.08193063735962
25.4598958333333,2.08210945129395
25.4632291666667,2.0822286605835
25.4665625,2.08240747451782
25.4698958333333,2.0824670791626
25.4732291666667,2.08258628845215
25.4765625,2.08258628845215
25.4798958333333,2.08258628845215
25.4832291666667,2.08258628845215
25.4865625,2.08258628845215
25.4898958333333,2.08252668380737
25.4932291666667,2.08252668380737
25.4965625,2.0824670791626
25.4998958333333,2.0824670791626
25.5032291666667,2.08240747451782
25.5065625,2.08240747451782
25.5098958333333,2.08234786987305
25.5132291666667,2.08240747451782
25.5165625,2.0824670791626
25.5198958333333,2.08252668380737
25.5232291666667,2.0827054977417
25.5265625,2.08288431167603
25.5298958333333,2.0831823348999
25.5332291666667,2.08348035812378
25.5365625,2.08383798599243
25.5398958333333,2.08425521850586
25.5432291666667,2.08473205566406
25.5465625,2.08514928817749
25.5498958333333,2.08556652069092
25.5532291666667,2.08598375320435
25.5565625,2.08640098571777
25.5598958333333,2.08675861358643
25.5632291666667,2.08711624145508
25.5665625,2.08741426467896
25.5698958333333,2.08783149719238
25.5732291666667,2.08824872970581
25.5765625,2.08878517150879
25.5798958333333,2.08938121795654
25.5832291666667,2.09003686904907
25.5865625,2.09081172943115
25.5898958333333,2.09152698516846
25.5932291666667,2.09230184555054
25.5965625,2.09307670593262
25.5998958333333,2.09379196166992
25.6032291666667,2.09444761276245
25.6065625,2.09498405456543
25.6098958333333,2.09546089172363
25.6132291666667,2.09587812423706
25.6165625,2.09617614746094
25.6198958333333,2.09641456604004
25.6232291666667,2.09653377532959
25.6265625,2.09659337997437
25.6298958333333,2.09659337997437
25.6332291666667,2.09641456604004
25.6365625,2.09617614746094
25.6398958333333,2.09581851959229
25.6432291666667,2.09540128707886
25.6465625,2.0948052406311
25.6498958333333,2.09414958953857
25.6532291666667,2.09343433380127
25.6565625,2.09265947341919
25.6598958333333,2.09182500839233
25.6632291666667,2.0909309387207
25.6665625,2.09009647369385
25.6698958333333,2.08920240402222
25.6732291666667,2.08830833435059
25.6765625,2.08747386932373
25.6798958333333,2.0865797996521
25.6832291666667,2.08574533462524
25.6865625,2.08497047424316
25.6898958333333,2.08419561386108
25.6932291666667,2.08353996276855
25.6965625,2.08288431167603
25.6998958333333,2.08228826522827
25.7032291666667,2.08175182342529
25.7065625,2.08133459091187
25.7098958333333,2.08091735839844
25.7132291666667,2.08067893981934
25.7165625,2.08044052124023
25.7198958333333,2.08032131195068
25.7232291666667,2.08026170730591
25.7265625,2.08026170730591
25.7298958333333,2.08032131195068
25.7332291666667,2.08044052124023
25.7365625,2.08067893981934
25.7398958333333,2.08097696304321
25.7432291666667,2.08127498626709
25.7465625,2.08157300949097
25.7498958333333,2.08193063735962
25.7532291666667,2.0822286605835
25.7565625,2.08252668380737
25.7598958333333,2.08282470703125
25.7632291666667,2.08306312561035
25.7665625,2.08330154418945
25.7698958333333,2.08353996276855
25.7732291666667,2.08377838134766
25.7765625,2.08413600921631
25.7798958333333,2.08449363708496
25.7832291666667,2.08491086959839
25.7865625,2.08538770675659
25.7898958333333,2.08592414855957
25.7932291666667,2.08646059036255
25.7965625,2.0870566368103
25.7998958333333,2.08765268325806
25.8032291666667,2.08830833435059
25.8065625,2.08896398544312
25.8098958333333,2.0897388458252
25.8132291666667,2.09051370620728
25.8165625,2.09128856658936
25.8198958333333,2.09212303161621
25.8232291666667,2.09301710128784
25.8265625,2.0938515663147
25.8298958333333,2.09468603134155
25.8332291666667,2.09552049636841
25.8365625,2.09623575210571
25.8398958333333,2.09695100784302
25.8432291666667,2.09760665893555
25.8465625,2.0982027053833
25.8498958333333,2.09873914718628
25.8532291666667,2.09933519363403
25.8565625,2.09993124008179
25.8598958333333,2.10046768188477
25.8632291666667,2.10106372833252
25.8665625,2.10165977478027
25.8698958333333,2.10225582122803
25.8732291666667,2.10297107696533
25.8765625,2.10362672805786
25.8798958333333,2.10434198379517
25.8832291666667,2.10511684417725
25.8865625,2.10589170455933
25.8898958333333,2.10660696029663
25.8932291666667,2.10738182067871
25.8965625,2.10815668106079
25.8998958333333,2.1088719367981
25.9032291666667,2.10952758789063
25.9065625,2.11012363433838
25.9098958333333,2.11071968078613
25.9132291666667,2.11119651794434
25.9165625,2.11167335510254
25.9198958333333,2.11209058761597
25.9232291666667,2.11244821548462
25.9265625,2.11286544799805
25.9298958333333,2.1132230758667
25.9332291666667,2.11364030838013
25.9365625,2.11417675018311
25.9398958333333,2.11471319198608
25.9432291666667,2.11536884307861
25.9465625,2.11614370346069
25.9498958333333,2.11703777313232
25.9532291666667,2.11805105209351
25.9565625,2.11918354034424
25.9598958333333,2.12043523788452
25.9632291666667,2.1216869354248
25.9665625,2.12293863296509
25.9698958333333,2.12424993515015
25.9732291666667,2.12544202804565
25.9765625,2.12657451629639
25.9798958333333,2.12758779525757
25.9832291666667,2.1284818649292
25.9865625,2.1291971206665
25.9898958333333,2.12979316711426
25.9932291666667,2.13021039962769
25.9965625,2.13044881820679
25.9998958333333,2.13062763214111
26.0032291666667,2.13068723678589
26.0065625,2.13068723678589
26.0098958333333,2.13062763214111
26.0132291666667,2.13050842285156
26.0165625,2.13038921356201
26.0198958333333,2.13032960891724
26.0232291666667,2.13021039962769
26.0265625,2.13015079498291
26.0298958333333,2.13009119033813
26.0332291666667,2.13003158569336
26.0365625,2.12997198104858
26.0398958333333,2.12991237640381
26.0432291666667,2.12991237640381
26.0465625,2.12997198104858
26.0498958333333,2.13003158569336
26.0532291666667,2.13015079498291
26.0565625,2.13027000427246
26.0598958333333,2.13038921356201
26.0632291666667,2.13050842285156
26.0665625,2.13068723678589
26.0698958333333,2.13080644607544
26.0732291666667,2.13086605072021
26.0765625,2.13098526000977
26.0798958333333,2.13104486465454
26.0832291666667,2.13110446929932
26.0865625,2.13122367858887
26.0898958333333,2.13134288787842
26.0932291666667,2.13152170181274
26.0965625,2.13181972503662
26.0998958333333,2.13223695755005
26.1032291666667,2.13265419006348
26.1065625,2.13325023651123
26.1098958333333,2.13390588760376
26.1132291666667,2.13468074798584
26.1165625,2.1355152130127
26.1198958333333,2.1364688873291
26.1232291666667,2.13742256164551
26.1265625,2.13849544525146
26.1298958333333,2.13956832885742
26.1332291666667,2.14064121246338
26.1365625,2.14171409606934
26.1398958333333,2.14272737503052
26.1432291666667,2.1437406539917
26.1465625,2.14469432830811
26.1498958333333,2.14558839797974
26.1532291666667,2.14636325836182
26.1565625,2.1471381187439
26.1598958333333,2.1478533744812
26.1632291666667,2.14850902557373
26.1665625,2.14910507202148
26.1698958333333,2.14964151382446
26.1732291666667,2.15005874633789
26.1765625,2.15041637420654
26.1798958333333,2.15059518814087
26.1832291666667,2.15071439743042
26.1865625,2.15065479278564
26.1898958333333,2.15041637420654
26.1932291666667,2.15011835098267
26.1965625,2.14964151382446
26.1998958333333,2.14904546737671
26.2032291666667,2.1483302116394
26.2065625,2.14749574661255
26.2098958333333,2.14666128158569
26.2132291666667,2.14570760726929
26.2165625,2.14481353759766
26.2198958333333,2.14391946792603
26.2232291666667,2.14308500289917
26.2265625,2.14236974716187
26.2298958333333,2.14177370071411
26.2332291666667,2.14129686355591
26.2365625,2.14099884033203
26.2398958333333,2.14082002639771
26.2432291666667,2.14082002639771
26.2465625,2.14087963104248
26.2498958333333,2.14111804962158
26.2532291666667,2.14141607284546
26.2565625,2.14183330535889
26.2598958333333,2.14231014251709
26.2632291666667,2.14290618896484
26.2665625,2.14356184005737
26.2698958333333,2.14439630508423
26.2732291666667,2.14529037475586
26.2765625,2.14630365371704
26.2798958333333,2.147376537323
26.2832291666667,2.14856863021851
26.2865625,2.14982032775879
26.2898958333333,2.15107202529907
26.2932291666667,2.15232372283936
26.2965625,2.15357542037964
26.2998958333333,2.15470790863037
26.3032291666667,2.15578079223633
26.3065625,2.15673446655273
26.3098958333333,2.15756893157959
26.3132291666667,2.15834379196167
26.3165625,2.15905904769897
26.3198958333333,2.15965509414673
26.3232291666667,2.16019153594971
26.3265625,2.16060876846313
26.3298958333333,2.16090679168701
26.3332291666667,2.16102600097656
26.3365625,2.16108560562134
26.3398958333333,2.16102600097656
26.3432291666667,2.16084718704224
26.3465625,2.16060876846313
26.3498958333333,2.16031074523926
26.3532291666667,2.15995311737061
26.3565625,2.15959548950195
26.3598958333333,2.1592378616333
26.3632291666667,2.15882062911987
26.3665625,2.15846300125122
26.3698958333333,2.15810537338257
26.3732291666667,2.15780735015869
26.3765625,2.15744972229004
26.3798958333333,2.15715169906616
26.3832291666667,2.15685367584229
26.3865625,2.15655565261841
26.3898958333333,2.15631723403931
26.3932291666667,2.15607881546021
26.3965625,2.15590000152588
26.3998958333333,2.15572118759155
26.4032291666667,2.15554237365723
26.4065625,2.15542316436768
26.4098958333333,2.1553635597229
26.4132291666667,2.15524435043335
26.4165625,2.15518474578857
26.4198958333333,2.1551251411438
26.4232291666667,2.15506553649902
26.4265625,2.15494632720947
26.4298958333333,2.1548867225647
26.4332291666667,2.15476751327515
26.4365625,2.15458869934082
26.4398958333333,2.15446949005127
26.4432291666667,2.15429067611694
26.4465625,2.15411186218262
26.4498958333333,2.15399265289307
26.4532291666667,2.15393304824829
26.4565625,2.15387344360352
26.4598958333333,2.15381383895874
26.4632291666667,2.15387344360352
26.4665625,2.15387344360352
26.4698958333333,2.15387344360352
26.4732291666667,2.15387344360352
26.4765625,2.15375423431396
26.4798958333333,2.15363502502441
26.4832291666667,2.15345621109009
26.4865625,2.15321779251099
26.4898958333333,2.15291976928711
26.4932291666667,2.15268135070801
26.4965625,2.15244293212891
26.4998958333333,2.1522045135498
26.5032291666667,2.15208530426025
26.5065625,2.15208530426025
26.5098958333333,2.15208530426025
26.5132291666667,2.1522045135498
26.5165625,2.15244293212891
26.5198958333333,2.15274095535278
26.5232291666667,2.15315818786621
26.5265625,2.15369462966919
26.5298958333333,2.15435028076172
26.5332291666667,2.1551251411438
26.5365625,2.15607881546021
26.5398958333333,2.15715169906616
26.5432291666667,2.15840339660645
26.5465625,2.15977430343628
26.5498958333333,2.16120481491089
26.5532291666667,2.16275453567505
26.5565625,2.16436386108398
26.5598958333333,2.16597318649292
26.5632291666667,2.16758251190186
26.5665625,2.16913223266602
26.5698958333333,2.17068195343018
26.5732291666667,2.17217206954956
26.5765625,2.17366218566895
26.5798958333333,2.17509269714355
26.5832291666667,2.17646360397339
26.5865625,2.177894115448
26.5898958333333,2.17926502227783
26.5932291666667,2.18057632446289
26.5965625,2.18188762664795
26.5998958333333,2.18319892883301
26.6032291666667,2.18439102172852
26.6065625,2.18552350997925
26.6098958333333,2.18653678894043
26.6132291666667,2.18743085861206
26.6165625,2.18820571899414
26.6198958333333,2.18886137008667
26.6232291666667,2.18939781188965
26.6265625,2.18981504440308
26.6298958333333,2.19011306762695
26.6332291666667,2.19029188156128
26.6365625,2.19035148620605
26.6398958333333,2.19029188156128
26.6432291666667,2.19017267227173
26.6465625,2.1899938583374
26.6498958333333,2.18969583511353
26.6532291666667,2.18933820724487
26.6565625,2.18898057937622
26.6598958333333,2.18856334686279
26.6632291666667,2.18820571899414
26.6665625,2.18784809112549
26.6698958333333,2.18749046325684
26.6732291666667,2.18719244003296
26.6765625,2.18695402145386
26.6798958333333,2.18677520751953
26.6832291666667,2.18665599822998
26.6865625,2.18659639358521
26.6898958333333,2.18659639358521
26.6932291666667,2.18659639358521
26.6965625,2.18659639358521
26.6998958333333,2.18659639358521
26.7032291666667,2.18659639358521
26.7065625,2.18653678894043
26.7098958333333,2.18641757965088
26.7132291666667,2.18623876571655
26.7165625,2.18600034713745
26.7198958333333,2.18576192855835
26.7232291666667,2.18546390533447
26.7265625,2.1851658821106
26.7298958333333,2.18486785888672
26.7332291666667,2.18468904495239
26.7365625,2.18462944030762
26.7398958333333,2.18462944030762
26.7432291666667,2.18474864959717
26.7465625,2.18498706817627
26.7498958333333,2.18534469604492
26.7532291666667,2.1856427192688
26.7565625,2.18605995178223
26.7598958333333,2.18641757965088
26.7632291666667,2.18671560287476
26.7665625,2.18701362609863
26.7698958333333,2.18719244003296
26.7732291666667,2.18743085861206
26.7765625,2.18755006790161
26.7798958333333,2.18772888183594
26.7832291666667,2.18784809112549
26.7865625,2.18802690505981
26.7898958333333,2.18820571899414
26.7932291666667,2.18838453292847
26.7965625,2.18856334686279
26.7998958333333,2.18868255615234
26.8032291666667,2.18880176544189
26.8065625,2.18886137008667
26.8098958333333,2.18886137008667
26.8132291666667,2.18886137008667
26.8165625,2.18880176544189
26.8198958333333,2.18868255615234
26.8232291666667,2.18856334686279
26.8265625,2.18844413757324
26.8298958333333,2.18826532363892
26.8332291666667,2.18802690505981
26.8365625,2.18778848648071
26.8398958333333,2.18755006790161
26.8432291666667,2.18725204467773
26.8465625,2.18701362609863
26.8498958333333,2.18677520751953
26.8532291666667,2.18659639358521
26.8565625,2.18647718429565
26.8598958333333,2.18641757965088
26.8632291666667,2.18641757965088
26.8665625,2.18647718429565
26.8698958333333,2.18647718429565
26.8732291666667,2.18653678894043
26.8765625,2.18653678894043
26.8798958333333,2.18653678894043
26.8832291666667,2.18647718429565
26.8865625,2.18641757965088
26.8898958333333,2.18629837036133
26.8932291666667,2.18617916107178
26.8965625,2.18600034713745
26.8998958333333,2.1858811378479
26.9032291666667,2.18576192855835
26.9065625,2.18570232391357
26.9098958333333,2.18570232391357
26.9132291666667,2.18576192855835
26.9165625,2.18594074249268
26.9198958333333,2.18617916107178
26.9232291666667,2.18653678894043
26.9265625,2.18695402145386
26.9298958333333,2.18749046325684
26.9332291666667,2.18808650970459
26.9365625,2.18874216079712
26.9398958333333,2.18945741653442
26.9432291666667,2.19017267227173
26.9465625,2.19094753265381
26.9498958333333,2.19178199768066
26.9532291666667,2.19261646270752
26.9565625,2.19345092773438
26.9598958333333,2.19440460205078
26.9632291666667,2.19541788101196
26.9665625,2.1965503692627
26.9698958333333,2.19780206680298
26.9732291666667,2.19911336898804
26.9765625,2.20054388046265
26.9798958333333,2.20209360122681
26.9832291666667,2.20376253128052
26.9865625,2.20537185668945
26.9898958333333,2.20710039138794
26.9932291666667,2.20870971679688
26.9965625,2.21037864685059
26.9998958333333,2.21192836761475
27.0032291666667,2.21341848373413
27.0065625,2.21484899520874
27.0098958333333,2.21621990203857
27.0132291666667,2.21753120422363
27.0165625,2.21878290176392
27.0198958333333,2.2200345993042
27.0232291666667,2.22116708755493
27.0265625,2.22229957580566
27.0298958333333,2.22337245941162
27.0332291666667,2.2243857383728
27.0365625,2.22539901733398
27.0398958333333,2.22629308700562
27.0432291666667,2.22718715667725
27.0465625,2.2280216217041
27.0498958333333,2.22879648208618
27.0532291666667,2.22951173782349
27.0565625,2.23016738891602
27.0598958333333,2.23070383071899
27.0632291666667,2.2311806678772
27.0665625,2.23159790039063
27.0698958333333,2.2318959236145
27.0732291666667,2.23219394683838
27.0765625,2.23237276077271
27.0798958333333,2.23249197006226
27.0832291666667,2.23261117935181
27.0865625,2.23273038864136
27.0898958333333,2.23290920257568
27.0932291666667,2.23302841186523
27.0965625,2.23320722579956
27.0998958333333,2.23344564437866
27.1032291666667,2.23362445831299
27.1065625,2.23392248153687
27.1098958333333,2.23416090011597
27.1132291666667,2.23445892333984
27.1165625,2.23475694656372
27.1198958333333,2.2350549697876
27.1232291666667,2.23547220230103
27.1265625,2.23588943481445
27.1298958333333,2.23630666732788
27.1332291666667,2.23684310913086
27.1365625,2.23743915557861
27.1398958333333,2.23809480667114
27.1432291666667,2.23875045776367
27.1465625,2.2394061088562
27.1498958333333,2.24012136459351
27.1532291666667,2.24083662033081
27.1565625,2.24155187606812
27.1598958333333,2.24226713180542
27.1632291666667,2.24292278289795
27.1665625,2.24363803863525
27.1698958333333,2.24429368972778
27.1732291666667,2.24500894546509
27.1765625,2.24572420120239
27.1798958333333,2.24649906158447
27.1832291666667,2.24721431732178
27.1865625,2.24798917770386
27.1898958333333,2.24870443344116
27.1932291666667,2.24936008453369
27.1965625,2.24995613098145
27.1998958333333,2.25049257278442
27.2032291666667,2.25090980529785
27.2065625,2.2512674331665
27.2098958333333,2.25150585174561
27.2132291666667,2.25168466567993
27.2165625,2.25180387496948
27.2198958333333,2.25186347961426
27.2232291666667,2.25192308425903
27.2265625,2.25198268890381
27.2298958333333,2.25204229354858
27.2332291666667,2.25216150283813
27.2365625,2.25228071212769
27.2398958333333,2.25239992141724
27.2432291666667,2.25251913070679
27.2465625,2.25263833999634
27.2498958333333,2.25269794464111
27.2532291666667,2.25269794464111
27.2565625,2.25269794464111
27.2598958333333,2.25257873535156
27.2632291666667,2.25239992141724
27.2665625,2.25216150283813
27.2698958333333,2.25198268890381
27.2732291666667,2.25186347961426
27.2765625,2.25180387496948
27.2798958333333,2.25186347961426
27.2832291666667,2.25204229354858
27.2865625,2.25239992141724
27.2898958333333,2.25281715393066
27.2932291666667,2.25335359573364
27.2965625,2.25389003753662
27.2998958333333,2.25448608398438
27.3032291666667,2.25502252578735
27.3065625,2.25561857223511
27.3098958333333,2.25609540939331
27.3132291666667,2.25663185119629
27.3165625,2.25710868835449
27.3198958333333,2.25770473480225
27.3232291666667,2.25830078125
27.3265625,2.25895643234253
27.3298958333333,2.25973129272461
27.3332291666667,2.26050615310669
27.3365625,2.26134061813354
27.3398958333333,2.2621750831604
27.3432291666667,2.26300954818726
27.3465625,2.26384401321411
27.3498958333333,2.26461887359619
27.3532291666667,2.26527452468872
27.3565625,2.26593017578125
27.3598958333333,2.26640701293945
27.3632291666667,2.26688385009766
27.3665625,2.26724147796631
27.3698958333333,2.26753950119019
27.3732291666667,2.26771831512451
27.3765625,2.26789712905884
27.3798958333333,2.26795673370361
27.3832291666667,2.26795673370361
27.3865625,2.26795673370361
27.3898958333333,2.26783752441406
27.3932291666667,2.26771831512451
27.3965625,2.26759910583496
27.3998958333333,2.26736068725586
27.4032291666667,2.26712226867676
27.4065625,2.26688385009766
27.4098958333333,2.266526222229
27.4132291666667,2.26616859436035
27.4165625,2.26575136184692
27.4198958333333,2.26527452468872
27.4232291666667,2.26473808288574
27.4265625,2.26414203643799
27.4298958333333,2.26348638534546
27.4332291666667,2.26277112960815
27.4365625,2.26211547851563
27.4398958333333,2.2614598274231
27.4432291666667,2.26092338562012
27.4465625,2.26044654846191
27.4498958333333,2.26002931594849
27.4532291666667,2.25979089736938
27.4565625,2.25967168807983
27.4598958333333,2.25967168807983
27.4632291666667,2.25979089736938
27.4665625,2.25991010665894
27.4698958333333,2.26014852523804
27.4732291666667,2.26044654846191
27.4765625,2.26074457168579
27.4798958333333,2.26110219955444
27.4832291666667,2.2614598274231
27.4865625,2.26187705993652
27.4898958333333,2.26235389709473
27.4932291666667,2.26277112960815
27.4965625,2.26330757141113
27.4998958333333,2.26384401321411
27.5032291666667,2.26444005966187
27.5065625,2.26509571075439
27.5098958333333,2.26575136184692
27.5132291666667,2.26646661758423
27.5165625,2.26718187332153
27.5198958333333,2.26789712905884
27.5232291666667,2.26849317550659
27.5265625,2.26908922195435
27.5298958333333,2.26950645446777
27.5332291666667,2.26986408233643
27.5365625,2.27010250091553
27.5398958333333,2.27028131484985
27.5432291666667,2.2704005241394
27.5465625,2.27046012878418
27.5498958333333,2.27057933807373
27.5532291666667,2.27075815200806
27.5565625,2.27105617523193
27.5598958333333,2.27141380310059
27.5632291666667,2.27189064025879
27.5665625,2.27248668670654
27.5698958333333,2.27314233779907
27.5732291666667,2.2737979888916
27.5765625,2.27451324462891
27.5798958333333,2.27516889572144
27.5832291666667,2.27582454681396
27.5865625,2.27648019790649
27.5898958333333,2.27707624435425
27.5932291666667,2.277672290802
27.5965625,2.27832794189453
27.5998958333333,2.27892398834229
27.6032291666667,2.27952003479004
27.6065625,2.28011608123779
27.6098958333333,2.28071212768555
27.6132291666667,2.28124856948853
27.6165625,2.2817850112915
27.6198958333333,2.28226184844971
27.6232291666667,2.28261947631836
27.6265625,2.28297710418701
27.6298958333333,2.28327512741089
27.6332291666667,2.28351354598999
27.6365625,2.28363275527954
27.6398958333333,2.28375196456909
27.6432291666667,2.28387117385864
27.6465625,2.28387117385864
27.6498958333333,2.28393077850342
27.6532291666667,2.28387117385864
27.6565625,2.28387117385864
27.6598958333333,2.28381156921387
27.6632291666667,2.28369235992432
27.6665625,2.28363275527954
27.6698958333333,2.28345394134521
27.6732291666667,2.28333473205566
27.6765625,2.28315591812134
27.6798958333333,2.28297710418701
27.6832291666667,2.28279829025269
27.6865625,2.28261947631836
27.6898958333333,2.28244066238403
27.6932291666667,2.28226184844971
27.6965625,2.28214263916016
27.6998958333333,2.28202342987061
27.7032291666667,2.28196382522583
27.7065625,2.28196382522583
27.7098958333333,2.28208303451538
27.7132291666667,2.28232145309448
27.7165625,2.28267908096313
27.7198958333333,2.28309631347656
27.7232291666667,2.28363275527954
27.7265625,2.28422880172729
27.7298958333333,2.28488445281982
27.7332291666667,2.28559970855713
27.7365625,2.28637456893921
27.7398958333333,2.28714942932129
27.7432291666667,2.28798389434814
27.7465625,2.288818359375
27.7498958333333,2.28959321975708
27.7532291666667,2.29042768478394
27.7565625,2.29120254516602
27.7598958333333,2.2919774055481
27.7632291666667,2.2926926612854
27.7665625,2.29340791702271
27.7698958333333,2.29412317276001
27.7732291666667,2.29477882385254
27.7765625,2.29549407958984
27.7798958333333,2.29620933532715
27.7832291666667,2.297043800354
27.7865625,2.29781866073608
27.7898958333333,2.29865312576294
27.7932291666667,2.29954719543457
27.7965625,2.30038166046143
27.7998958333333,2.30115652084351
27.8032291666667,2.30187177658081
27.8065625,2.30246782302856
27.8098958333333,2.30300426483154
27.8132291666667,2.30348110198975
27.8165625,2.30389833450317
27.8198958333333,2.30425596237183
27.8232291666667,2.30467319488525
27.8265625,2.30509042739868
27.8298958333333,2.30556726455688
27.8332291666667,2.30610370635986
27.8365625,2.30669975280762
27.8398958333333,2.30735540390015
27.8432291666667,2.30801105499268
27.8465625,2.30872631072998
27.8498958333333,2.30950117111206
27.8532291666667,2.31027603149414
27.8565625,2.311110496521
27.8598958333333,2.31194496154785
27.8632291666667,2.31289863586426
27.8665625,2.31379270553589
27.8698958333333,2.31474637985229
27.8732291666667,2.31575965881348
27.8765625,2.31677293777466
27.8798958333333,2.31778621673584
27.8832291666667,2.31879949569702
27.8865625,2.31975317001343
27.8898958333333,2.32058763504028
27.8932291666667,2.32142210006714
27.8965625,2.32207775115967
27.8998958333333,2.3227334022522
27.9032291666667,2.3232102394104
27.9065625,2.32362747192383
27.9098958333333,2.32392549514771
27.9132291666667,2.32410430908203
27.9165625,2.32422351837158
27.9198958333333,2.32428312301636
27.9232291666667,2.32422351837158
27.9265625,2.32416391372681
27.9298958333333,2.32392549514771
27.9332291666667,2.3236870765686
27.9365625,2.32332944869995
27.9398958333333,2.32291221618652
27.9432291666667,2.32243537902832
27.9465625,2.32189893722534
27.9498958333333,2.32136249542236
27.9532291666667,2.32076644897461
27.9565625,2.32023000717163
27.9598958333333,2.31969356536865
27.9632291666667,2.31921672821045
27.9665625,2.3188591003418
27.9698958333333,2.31856107711792
27.9732291666667,2.31832265853882
27.9765625,2.31820344924927
27.9798958333333,2.31820344924927
27.9832291666667,2.31832265853882
27.9865625,2.31850147247314
27.9898958333333,2.3188591003418
27.9932291666667,2.31927633285522
27.9965625,2.3198127746582
27.9998958333333,2.32046842575073
28.0032291666667,2.32118368148804
28.0065625,2.32195854187012
28.0098958333333,2.3227334022522
28.0132291666667,2.32350826263428
28.0165625,2.32422351837158
28.0198958333333,2.32487916946411
28.0232291666667,2.32541561126709
28.0265625,2.32589244842529
28.0298958333333,2.32625007629395
28.0332291666667,2.32648849487305
28.0365625,2.3266077041626
28.0398958333333,2.32672691345215
28.0432291666667,2.3268461227417
28.0465625,2.32690572738647
28.0498958333333,2.3270845413208
28.0532291666667,2.32726335525513
28.0565625,2.327561378479
28.0598958333333,2.32785940170288
28.0632291666667,2.32827663421631
28.0665625,2.32863426208496
28.0698958333333,2.32905149459839
28.0732291666667,2.32946872711182
28.0765625,2.32976675033569
28.0798958333333,2.33006477355957
28.0832291666667,2.3302435874939
28.0865625,2.33036279678345
28.0898958333333,2.330482006073
28.0932291666667,2.33060121536255
28.0965625,2.33066082000732
28.0998958333333,2.33083963394165
28.1032291666667,2.3309588432312
28.1065625,2.3311972618103
28.1098958333333,2.3314356803894
28.1132291666667,2.33173370361328
28.1165625,2.33203172683716
28.1198958333333,2.33238935470581
28.1232291666667,2.33274698257446
28.1265625,2.33322381973267
28.1298958333333,2.33370065689087
28.1332291666667,2.33423709869385
28.1365625,2.33489274978638
28.1398958333333,2.33560800552368
28.1432291666667,2.33638286590576
28.1465625,2.33721733093262
28.1498958333333,2.33805179595947
28.1532291666667,2.33888626098633
28.1565625,2.33966112136841
28.1598958333333,2.34037637710571
28.1632291666667,2.34097242355347
28.1665625,2.34144926071167
28.1698958333333,2.34180688858032
28.1732291666667,2.34204530715942
28.1765625,2.34216451644897
28.1798958333333,2.34216451644897
28.1832291666667,2.34204530715942
28.1865625,2.3418664932251
28.1898958333333,2.34156847000122
28.1932291666667,2.34121084213257
28.1965625,2.34073400497437
28.1998958333333,2.34019756317139
28.2032291666667,2.33960151672363
28.2065625,2.3389458656311
28.2098958333333,2.33829021453857
28.2132291666667,2.33757495880127
28.2165625,2.33691930770874
28.2198958333333,2.33620405197144
28.2232291666667,2.33554840087891
28.2265625,2.33489274978638
28.2298958333333,2.33423709869385
28.2332291666667,2.33358144760132
28.2365625,2.33292579650879
28.2398958333333,2.33215093612671
28.2432291666667,2.3314356803894
28.2465625,2.3307204246521
28.2498958333333,2.32994556427002
28.2532291666667,2.32928991317749
28.2565625,2.32875347137451
28.2598958333333,2.32827663421631
28.2632291666667,2.32791900634766
28.2665625,2.32768058776855
28.2698958333333,2.32750177383423
28.2732291666667,2.32738256454468
28.2765625,2.3273229598999
28.2798958333333,2.32720375061035
28.2832291666667,2.3270845413208
28.2865625,2.32690572738647
28.2898958333333,2.32666730880737
28.2932291666667,2.32642889022827
28.2965625,2.32607126235962
28.2998958333333,2.32565402984619
28.3032291666667,2.32523679733276
28.3065625,2.32481956481934
28.3098958333333,2.32440233230591
28.3132291666667,2.32392549514771
28.3165625,2.32350826263428
28.3198958333333,2.32309103012085
28.3232291666667,2.32267379760742
28.3265625,2.32225656509399
28.3298958333333,2.32183933258057
28.3332291666667,2.32136249542236
28.3365625,2.32082605361938
28.3398958333333,2.32028961181641
28.3432291666667,2.31969356536865
28.3465625,2.3190975189209
28.3498958333333,2.31850147247314
28.3532291666667,2.31790542602539
28.3565625,2.31742858886719
28.3598958333333,2.31707096099854
28.3632291666667,2.31695175170898
28.3665625,2.31695175170898
28.3698958333333,2.31719017028809
28.3732291666667,2.31760740280151
28.3765625,2.31820344924927
28.3798958333333,2.31897830963135
28.3832291666667,2.3198127746582
28.3865625,2.32070684432983
28.3898958333333,2.32172012329102
28.3932291666667,2.32267379760742
28.3965625,2.32362747192383
28.3998958333333,2.32452154159546
28.4032291666667,2.32547521591187
28.4065625,2.3263692855835
28.4098958333333,2.32726335525513
28.4132291666667,2.32809782028198
28.4165625,2.32899188995361
28.4198958333333,2.32988595962524
28.4232291666667,2.33083963394165
28.4265625,2.33185291290283
28.4298958333333,2.33286619186401
28.4332291666667,2.33393907546997
28.4365625,2.33501195907593
28.4398958333333,2.33602523803711
28.4432291666667,2.33703851699829
28.4465625,2.3379921913147
28.4498958333333,2.33876705169678
28.4532291666667,2.33942270278931
28.4565625,2.34001874923706
28.4598958333333,2.34043598175049
28.4632291666667,2.34073400497437
28.4665625,2.34091281890869
28.4698958333333,2.34103202819824
28.4732291666667,2.34115123748779
28.4765625,2.34121084213257
28.4798958333333,2.34133005142212
28.4832291666667,2.34138965606689
28.4865625,2.34144926071167
28.4898958333333,2.34156847000122
28.4932291666667,2.341628074646
28.4965625,2.34174728393555
28.4998958333333,2.34192609786987
28.5032291666667,2.34204530715942
28.5065625,2.34228372573853
28.5098958333333,2.34252214431763
28.5132291666667,2.3428201675415
28.5165625,2.34311819076538
28.5198958333333,2.34347581863403
28.5232291666667,2.34383344650269
28.5265625,2.34425067901611
28.5298958333333,2.34460830688477
28.5332291666667,2.34496593475342
28.5365625,2.34526395797729
28.5398958333333,2.34556198120117
28.5432291666667,2.34580039978027
28.5465625,2.3459792137146
28.5498958333333,2.34609842300415
28.5532291666667,2.3462176322937
28.5565625,2.34633684158325
28.5598958333333,2.34639644622803
28.5632291666667,2.3464560508728
28.5665625,2.34657526016235
28.5698958333333,2.3466944694519
28.5732291666667,2.34687328338623
28.5765625,2.34711170196533
28.5798958333333,2.34740972518921
28.5832291666667,2.34770774841309
28.5865625,2.34812498092651
28.5898958333333,2.34860181808472
28.5932291666667,2.3491382598877
28.5965625,2.34967470169067
28.5998958333333,2.35027074813843
28.6032291666667,2.35086679458618
28.6065625,2.35146284103394
28.6098958333333,2.35211849212646
28.6132291666667,2.35271453857422
28.6165625,2.35337018966675
28.6198958333333,2.3539662361145
28.6232291666667,2.35456228256226
28.6265625,2.35521793365479
28.6298958333333,2.35593318939209
28.6332291666667,2.35664844512939
28.6365625,2.3573637008667
28.6398958333333,2.35813856124878
28.6432291666667,2.35885381698608
28.6465625,2.35956907272339
28.6498958333333,2.36028432846069
28.6532291666667,2.36088037490845
28.6565625,2.36141681671143
28.6598958333333,2.36189365386963
28.6632291666667,2.36225128173828
28.6665625,2.36260890960693
28.6698958333333,2.36296653747559
28.6732291666667,2.36332416534424
28.6765625,2.36362218856812
28.6798958333333,2.36392021179199
28.6832291666667,2.36427783966064
28.6865625,2.3646354675293
28.6898958333333,2.36493349075317
28.6932291666667,2.36523151397705
28.6965625,2.36552953720093
28.6998958333333,2.3658275604248
28.7032291666667,2.36612558364868
28.7065625,2.36648321151733
28.7098958333333,2.36684083938599
28.7132291666667,2.36725807189941
28.7165625,2.36773490905762
28.7198958333333,2.36839056015015
28.7232291666667,2.36910581588745
28.7265625,2.36988067626953
28.7298958333333,2.37083435058594
28.7332291666667,2.37178802490234
28.7365625,2.3728609085083
28.7398958333333,2.37399339675903
28.7432291666667,2.37518548965454
28.7465625,2.37637758255005
28.7498958333333,2.37756967544556
28.7532291666667,2.37870216369629
28.7565625,2.37983465194702
28.7598958333333,2.3808479309082
28.7632291666667,2.38186120986938
28.7665625,2.38281488418579
28.7698958333333,2.38364934921265
28.7732291666667,2.38442420959473
28.7765625,2.38513946533203
28.7798958333333,2.38579511642456
28.7832291666667,2.38633155822754
28.7865625,2.38674879074097
28.7898958333333,2.38704681396484
28.7932291666667,2.38716602325439
28.7965625,2.38716602325439
28.7998958333333,2.38704681396484
28.8032291666667,2.38680839538574
28.8065625,2.38651037216187
28.8098958333333,2.38615274429321
28.8132291666667,2.38579511642456
28.8165625,2.38549709320068
28.8198958333333,2.38519906997681
28.8232291666667,2.38502025604248
28.8265625,2.38496065139771
28.8298958333333,2.38502025604248
28.8332291666667,2.38513946533203
28.8365625,2.38531827926636
28.8398958333333,2.38561630249023
28.8432291666667,2.38597393035889
28.8465625,2.38639116287231
28.8498958333333,2.38686800003052
28.8532291666667,2.38734483718872
28.8565625,2.38782167434692
28.8598958333333,2.38829851150513
28.8632291666667,2.38871574401855
28.8665625,2.38919258117676
28.8698958333333,2.38955020904541
28.8732291666667,2.38990783691406
28.8765625,2.39020586013794
28.8798958333333,2.39044427871704
28.8832291666667,2.39068269729614
28.8865625,2.39098072052002
28.8898958333333,2.39121913909912
28.8932291666667,2.39145755767822
28.8965625,2.3917555809021
28.8998958333333,2.39205360412598
28.9032291666667,2.39235162734985
28.9065625,2.39270925521851
28.9098958333333,2.39300727844238
28.9132291666667,2.39330530166626
28.9165625,2.39360332489014
28.9198958333333,2.39390134811401
28.9232291666667,2.39413976669312
28.9265625,2.39437818527222
28.9298958333333,2.39461660385132
28.9332291666667,2.39485502243042
28.9365625,2.39503383636475
28.9398958333333,2.39521265029907
28.9432291666667,2.3953914642334
28.9465625,2.39557027816772
28.9498958333333,2.39574909210205
28.9532291666667,2.39598751068115
28.9565625,2.39628553390503
28.9598958333333,2.39664316177368
28.9632291666667,2.39706039428711
28.9665625,2.39753723144531
28.9698958333333,2.39807367324829
28.9732291666667,2.39866971969604
28.9765625,2.3992657661438
28.9798958333333,2.39980220794678
28.9832291666667,2.40033864974976
28.9865625,2.40081548690796
28.9898958333333,2.40129232406616
28.9932291666667,2.40170955657959
28.9965625,2.40206718444824
28.9998958333333,2.40242481231689
29.0032291666667,2.40284204483032
29.0065625,2.40325927734375
29.0098958333333,2.40373611450195
29.0132291666667,2.40421295166016
29.0165625,2.40480899810791
29.0198958333333,2.40534543991089
29.0232291666667,2.40594148635864
29.0265625,2.4065375328064
29.0298958333333,2.40707397460938
29.0332291666667,2.40761041641235
29.0365625,2.40802764892578
29.0398958333333,2.40844488143921
29.0432291666667,2.40880250930786
29.0465625,2.40916013717651
29.0498958333333,2.40945816040039
29.0532291666667,2.40975618362427
29.0565625,2.40999460220337
29.0598958333333,2.41029262542725
29.0632291666667,2.41053104400635
29.0665625,2.41076946258545
29.0698958333333,2.41100788116455
29.0732291666667,2.41124629974365
29.0765625,2.41148471832275
29.0798958333333,2.41166353225708
29.0832291666667,2.41178274154663
29.0865625,2.41190195083618
29.0898958333333,2.41202116012573
29.0932291666667,2.41208076477051
29.0965625,2.41214036941528
29.0998958333333,2.41208076477051
29.1032291666667,2.41208076477051
29.1065625,2.41202116012573
29.1098958333333,2.41196155548096
29.1132291666667,2.41190195083618
29.1165625,2.41196155548096
29.1198958333333,2.41202116012573
29.1232291666667,2.41225957870483
29.1265625,2.41249799728394
29.1298958333333,2.41279602050781
29.1332291666667,2.41321325302124
29.1365625,2.41369009017944
29.1398958333333,2.41410732269287
29.1432291666667,2.41458415985107
29.1465625,2.41506099700928
29.1498958333333,2.41547822952271
29.1532291666667,2.41583585739136
29.1565625,2.41619348526001
29.1598958333333,2.41649150848389
29.1632291666667,2.41672992706299
29.1665625,2.41690874099731
29.1698958333333,2.41702795028687
29.1732291666667,2.41708755493164
29.1765625,2.41708755493164
29.1798958333333,2.41702795028687
29.1832291666667,2.41690874099731
29.1865625,2.41678953170776
29.1898958333333,2.41661071777344
29.1932291666667,2.41643190383911
29.1965625,2.41631269454956
29.1998958333333,2.41619348526001
29.2032291666667,2.41613388061523
29.2065625,2.41613388061523
29.2098958333333,2.41625308990479
29.2132291666667,2.41655111312866
29.2165625,2.41690874099731
29.2198958333333,2.41738557815552
29.2232291666667,2.41798162460327
29.2265625,2.41869688034058
29.2298958333333,2.41947174072266
29.2332291666667,2.42030620574951
29.2365625,2.42120027542114
29.2398958333333,2.42209434509277
29.2432291666667,2.42310762405396
29.2465625,2.42412090301514
29.2498958333333,2.42519378662109
29.2532291666667,2.4263858795166
29.2565625,2.42763757705688
29.2598958333333,2.42906808853149
29.2632291666667,2.43061780929565
29.2665625,2.43228673934937
29.2698958333333,2.43407487869263
29.2732291666667,2.43598222732544
29.2765625,2.43794918060303
29.2798958333333,2.43997573852539
29.2832291666667,2.44200229644775
29.2865625,2.44396924972534
29.2898958333333,2.44593620300293
29.2932291666667,2.44784355163574
29.2965625,2.449631690979
29.2998958333333,2.45136022567749
29.3032291666667,2.45296955108643
29.3065625,2.45457887649536
29.3098958333333,2.45606899261475
29.3132291666667,2.45749950408936
29.3165625,2.45893001556396
29.3198958333333,2.4603009223938
29.3232291666667,2.46161222457886
29.3265625,2.46292352676392
29.3298958333333,2.46411561965942
29.3332291666667,2.46524810791016
29.3365625,2.46626138687134
29.3398958333333,2.46721506118774
29.3432291666667,2.4680495262146
29.3465625,2.46870517730713
29.3498958333333,2.46930122375488
29.3532291666667,2.46977806091309
29.3565625,2.47007608413696
29.3598958333333,2.47019529342651
29.3632291666667,2.47019529342651
29.3665625,2.47001647949219
29.3698958333333,2.46971845626831
29.3732291666667,2.46930122375488
29.3765625,2.46870517730713
29.3798958333333,2.46798992156982
29.3832291666667,2.46715545654297
29.3865625,2.46614217758179
29.3898958333333,2.46500968933105
29.3932291666667,2.46381759643555
29.3965625,2.46244668960571
29.3998958333333,2.46107578277588
29.4032291666667,2.45964527130127
29.4065625,2.45821475982666
29.4098958333333,2.45678424835205
29.4132291666667,2.45547294616699
29.4165625,2.45422124862671
29.4198958333333,2.45308876037598
29.4232291666667,2.45201587677002
29.4265625,2.45106220245361
29.4298958333333,2.45016813278198
29.4332291666667,2.4493932723999
29.4365625,2.44861841201782
29.4398958333333,2.44796276092529
29.4432291666667,2.44742631912231
29.4465625,2.44694948196411
29.4498958333333,2.44659185409546
29.4532291666667,2.44629383087158
29.4565625,2.44611501693726
29.4598958333333,2.44599580764771
29.4632291666667,2.44587659835815
29.4665625,2.44581699371338
29.4698958333333,2.44569778442383
29.4732291666667,2.44557857513428
29.4765625,2.44539976119995
29.4798958333333,2.44522094726563
29.4832291666667,2.44498252868652
29.4865625,2.4448037147522
29.4898958333333,2.44462490081787
29.4932291666667,2.44444608688354
29.4965625,2.44432687759399
29.4998958333333,2.44426727294922
29.5032291666667,2.44420766830444
29.5065625,2.44414806365967
29.5098958333333,2.44414806365967
29.5132291666667,2.44414806365967
29.5165625,2.44408845901489
29.5198958333333,2.44402885437012
29.5232291666667,2.44390964508057
29.5265625,2.44385004043579
29.5298958333333,2.44367122650146
29.5332291666667,2.44355201721191
29.5365625,2.44337320327759
29.5398958333333,2.44319438934326
29.5432291666667,2.44307518005371
29.5465625,2.44301557540894
29.5498958333333,2.44295597076416
29.5532291666667,2.44307518005371
29.5565625,2.44319438934326
29.5598958333333,2.44343280792236
29.5632291666667,2.44379043579102
29.5665625,2.44420766830444
29.5698958333333,2.44474411010742
29.5732291666667,2.44534015655518
29.5765625,2.44599580764771
29.5798958333333,2.44677066802979
29.5832291666667,2.44760513305664
29.5865625,2.44855880737305
29.5898958333333,2.44951248168945
29.5932291666667,2.45064496994019
29.5965625,2.45177745819092
29.5998958333333,2.45308876037598
29.6032291666667,2.45440006256104
29.6065625,2.45589017868042
29.6098958333333,2.4573802947998
29.6132291666667,2.45898962020874
29.6165625,2.46059894561768
29.6198958333333,2.46232748031616
29.6232291666667,2.46405601501465
29.6265625,2.46584415435791
29.6298958333333,2.46769189834595
29.6332291666667,2.46953964233398
29.6365625,2.47138738632202
29.6398958333333,2.47329473495483
29.6432291666667,2.47514247894287
29.6465625,2.47704982757568
29.6498958333333,2.47883796691895
29.6532291666667,2.48062610626221
29.6565625,2.48223543167114
29.6598958333333,2.48372554779053
29.6632291666667,2.48509645462036
29.6665625,2.48628854751587
29.6698958333333,2.48730182647705
29.6732291666667,2.48813629150391
29.6765625,2.48885154724121
29.6798958333333,2.48938798904419
29.6832291666667,2.48980522155762
29.6865625,2.49016284942627
29.6898958333333,2.49046087265015
29.6932291666667,2.49075889587402
29.6965625,2.49093770980835
29.6998958333333,2.49111652374268
29.7032291666667,2.491295337677
29.7065625,2.49135494232178
29.7098958333333,2.49141454696655
29.7132291666667,2.49135494232178
29.7165625,2.491295337677
29.7198958333333,2.49117612838745
29.7232291666667,2.4910569190979
29.7265625,2.49087810516357
29.7298958333333,2.4908185005188
29.7332291666667,2.49075889587402
29.7365625,2.49069929122925
29.7398958333333,2.49075889587402
29.7432291666667,2.49087810516357
29.7465625,2.49099731445313
29.7498958333333,2.49117612838745
29.7532291666667,2.49135494232178
29.7565625,2.49147415161133
29.7598958333333,2.49165296554565
29.7632291666667,2.49189138412476
29.7665625,2.49212980270386
29.7698958333333,2.49236822128296
29.7732291666667,2.49260663986206
29.7765625,2.49284505844116
29.7798958333333,2.49314308166504
29.7832291666667,2.49338150024414
29.7865625,2.49361991882324
29.7898958333333,2.49385833740234
29.7932291666667,2.49409675598145
29.7965625,2.49427556991577
29.7998958333333,2.49451398849487
29.8032291666667,2.49475240707397
29.8065625,2.49511003494263
29.8098958333333,2.49546766281128
29.8132291666667,2.49594449996948
29.8165625,2.49648094177246
29.8198958333333,2.49707698822021
29.8232291666667,2.49773263931274
29.8265625,2.49838829040527
29.8298958333333,2.4990439414978
29.8332291666667,2.49969959259033
29.8365625,2.50023603439331
29.8398958333333,2.50071287155151
29.8432291666667,2.50113010406494
29.8465625,2.50148773193359
29.8498958333333,2.5017261505127
29.8532291666667,2.5019645690918
29.8565625,2.5022029876709
29.8598958333333,2.50238180160522
29.8632291666667,2.50262022018433
29.8665625,2.50285863876343
29.8698958333333,2.5031566619873
29.8732291666667,2.50333547592163
29.8765625,2.50351428985596
29.8798958333333,2.50363349914551
29.8832291666667,2.50363349914551
29.8865625,2.50357389450073
29.8898958333333,2.50339508056641
29.8932291666667,2.50309705734253
29.8965625,2.50273942947388
29.8998958333333,2.50232219696045
29.9032291666667,2.50190496444702
29.9065625,2.50136852264404
29.9098958333333,2.50083208084106
29.9132291666667,2.50023603439331
29.9165625,2.49963998794556
29.9198958333333,2.49898433685303
29.9232291666667,2.4983286857605
29.9265625,2.49761343002319
29.9298958333333,2.49689817428589
29.9332291666667,2.49618291854858
29.9365625,2.49546766281128
29.9398958333333,2.49475240707397
29.9432291666667,2.49409675598145
29.9465625,2.49350070953369
29.9498958333333,2.49296426773071
29.9532291666667,2.49248743057251
29.9565625,2.49212980270386
29.9598958333333,2.49183177947998
29.9632291666667,2.49165296554565
29.9665625,2.49159336090088
29.9698958333333,2.49165296554565
29.9732291666667,2.49177217483521
29.9765625,2.49201059341431
29.9798958333333,2.49224901199341
29.9832291666667,2.49260663986206
29.9865625,2.49302387237549
29.9898958333333,2.49350070953369
29.9932291666667,2.49409675598145
29.9965625,2.4946928024292
29.9998958333333,2.4954080581665
30.0032291666667,2.49624252319336
30.0065625,2.49707698822021
30.0098958333333,2.49803066253662
30.0132291666667,2.49898433685303
30.0165625,2.49999761581421
30.0198958333333,2.50101089477539
30.0232291666667,2.5019645690918
30.0265625,2.5029182434082
30.0298958333333,2.50381231307983
30.0332291666667,2.50464677810669
30.0365625,2.50542163848877
30.0398958333333,2.50613689422607
30.0432291666667,2.50673294067383
30.0465625,2.50732898712158
30.0498958333333,2.50792503356934
30.0532291666667,2.50846147537231
30.0565625,2.50893831253052
30.0598958333333,2.5094747543335
30.0632291666667,2.5099515914917
30.0665625,2.51048803329468
30.0698958333333,2.51102447509766
30.0732291666667,2.51150131225586
30.0765625,2.51209735870361
30.0798958333333,2.51263380050659
30.0832291666667,2.51317024230957
30.0865625,2.51370668411255
30.0898958333333,2.51424312591553
30.0932291666667,2.51477956771851
30.0965625,2.51519680023193
30.0998958333333,2.51567363739014
30.1032291666667,2.51603126525879
30.1065625,2.51638889312744
30.1098958333333,2.51668691635132
30.1132291666667,2.51692533493042
30.1165625,2.51716375350952
30.1198958333333,2.51740217208862
30.1232291666667,2.51758098602295
30.1265625,2.51775979995728
30.1298958333333,2.5179386138916
30.1332291666667,2.51805782318115
30.1365625,2.51811742782593
30.1398958333333,2.51811742782593
30.1432291666667,2.51805782318115
30.1465625,2.5179386138916
30.1498958333333,2.51781940460205
30.1532291666667,2.51764059066772
30.1565625,2.51740217208862
30.1598958333333,2.51716375350952
30.1632291666667,2.51692533493042
30.1665625,2.51674652099609
30.1698958333333,2.51656770706177
30.1732291666667,2.51644849777222
30.1765625,2.51632928848267
30.1798958333333,2.51632928848267
30.1832291666667,2.51626968383789
30.1865625,2.51626968383789
30.1898958333333,2.51626968383789
30.1932291666667,2.51626968383789
30.1965625,2.51626968383789
30.1998958333333,2.51626968383789
30.2032291666667,2.51626968383789
30.2065625,2.51632928848267
30.2098958333333,2.51650810241699
30.2132291666667,2.51674652099609
30.2165625,2.51710414886475
30.2198958333333,2.51764059066772
30.2232291666667,2.51829624176025
30.2265625,2.51907110214233
30.2298958333333,2.51996517181396
30.2332291666667,2.52097845077515
30.2365625,2.52199172973633
30.2398958333333,2.52300500869751
30.2432291666667,2.52401828765869
30.2465625,2.52503156661987
30.2498958333333,2.52604484558105
30.2532291666667,2.52699851989746
30.2565625,2.52795219421387
30.2598958333333,2.5288462638855
30.2632291666667,2.5297999382019
30.2665625,2.53075361251831
30.2698958333333,2.53170728683472
30.2732291666667,2.53260135650635
30.2765625,2.53355503082275
30.2798958333333,2.53444910049438
30.2832291666667,2.53540277481079
30.2865625,2.53629684448242
30.2898958333333,2.53713130950928
30.2932291666667,2.53796577453613
30.2965625,2.53874063491821
30.2998958333333,2.53951549530029
30.3032291666667,2.54017114639282
30.3065625,2.54082679748535
30.3098958333333,2.54148244857788
30.3132291666667,2.54201889038086
30.3165625,2.54255533218384
30.3198958333333,2.54309177398682
30.3232291666667,2.54356861114502
30.3265625,2.54404544830322
30.3298958333333,2.54452228546143
30.3332291666667,2.5450587272644
30.3365625,2.54559516906738
30.3398958333333,2.54607200622559
30.3432291666667,2.54660844802856
30.3465625,2.54714488983154
30.3498958333333,2.54762172698975
30.3532291666667,2.54809856414795
30.3565625,2.54851579666138
30.3598958333333,2.54887342453003
30.3632291666667,2.54917144775391
30.3665625,2.54935026168823
30.3698958333333,2.54946947097778
30.3732291666667,2.54952907562256
30.3765625,2.54952907562256
30.3798958333333,2.54946947097778
30.3832291666667,2.54929065704346
30.3865625,2.54911184310913
30.3898958333333,2.5489330291748
30.3932291666667,2.5486946105957
30.3965625,2.5484561920166
30.3998958333333,2.5482177734375
30.4032291666667,2.5479793548584
30.4065625,2.5477409362793
30.4098958333333,2.54756212234497
30.4132291666667,2.54732370376587
30.4165625,2.54714488983154
30.4198958333333,2.54696607589722
30.4232291666667,2.54672765731812
30.4265625,2.54648923873901
30.4298958333333,2.54625082015991
30.4332291666667,2.54601240158081
30.4365625,2.54577398300171
30.4398958333333,2.54553556442261
30.4432291666667,2.54535675048828
30.4465625,2.54517793655396
30.4498958333333,2.5450587272644
30.4532291666667,2.54493951797485
30.4565625,2.54493951797485
30.4598958333333,2.54499912261963
30.4632291666667,2.54511833190918
30.4665625,2.54529714584351
30.4698958333333,2.54565477371216
30.4732291666667,2.54607200622559
30.4765625,2.54666805267334
30.4798958333333,2.54738330841064
30.4832291666667,2.54833698272705
30.4865625,2.54935026168823
30.4898958333333,2.55054235458374
30.4932291666667,2.55179405212402
30.4965625,2.55304574966431
30.4998958333333,2.55441665649414
30.5032291666667,2.5557279586792
30.5065625,2.55697965621948
30.5098958333333,2.55823135375977
30.5132291666667,2.55942344665527
30.5165625,2.56055593490601
30.5198958333333,2.56168842315674
30.5232291666667,2.5627613067627
30.5265625,2.56389379501343
30.5298958333333,2.56496667861938
30.5332291666667,2.56603956222534
30.5365625,2.56705284118652
30.5398958333333,2.56800651550293
30.5432291666667,2.56890058517456
30.5465625,2.56973505020142
30.5498958333333,2.57045030593872
30.5532291666667,2.57110595703125
30.5565625,2.57164239883423
30.5598958333333,2.57205963134766
30.5632291666667,2.57247686386108
30.5665625,2.57283449172974
30.5698958333333,2.57319211959839
30.5732291666667,2.57343053817749
30.5765625,2.57372856140137
30.5798958333333,2.57402658462524
30.5832291666667,2.57426500320435
30.5865625,2.57444381713867
30.5898958333333,2.57456302642822
30.5932291666667,2.57468223571777
30.5965625,2.57480144500732
30.5998958333333,2.5748610496521
30.6032291666667,2.57498025894165
30.6065625,2.5750994682312
30.6098958333333,2.57527828216553
30.6132291666667,2.57545709609985
30.6165625,2.57569551467896
30.6198958333333,2.57605314254761
30.6232291666667,2.57635116577148
30.6265625,2.57664918899536
30.6298958333333,2.57688760757446
30.6332291666667,2.57712602615356
30.6365625,2.57718563079834
30.6398958333333,2.57718563079834
30.6432291666667,2.57712602615356
30.6465625,2.57700681686401
30.6498958333333,2.57682800292969
30.6532291666667,2.57664918899536
30.6565625,2.57647037506104
30.6598958333333,2.57629156112671
30.6632291666667,2.57617235183716
30.6665625,2.57605314254761
30.6698958333333,2.57593393325806
30.6732291666667,2.57581472396851
30.6765625,2.57563591003418
30.6798958333333,2.57551670074463
30.6832291666667,2.57545709609985
30.6865625,2.5753378868103
30.6898958333333,2.57539749145508
30.6932291666667,2.57545709609985
30.6965625,2.57569551467896
30.6998958333333,2.57599353790283
30.7032291666667,2.57641077041626
30.7065625,2.57694721221924
30.7098958333333,2.57748365402222
30.7132291666667,2.57807970046997
30.7165625,2.57861614227295
30.7198958333333,2.57915258407593
30.7232291666667,2.57962942123413
30.7265625,2.58004665374756
30.7298958333333,2.58052349090576
30.7332291666667,2.58094072341919
30.7365625,2.58141756057739
30.7398958333333,2.5818943977356
30.7432291666667,2.58243083953857
30.7465625,2.58296728134155
30.7498958333333,2.58350372314453
30.7532291666667,2.58404016494751
30.7565625,2.58445739746094
30.7598958333333,2.58487462997437
30.7632291666667,2.58523225784302
30.7665625,2.58547067642212
30.7698958333333,2.58570909500122
30.7732291666667,2.58582830429077
30.7765625,2.58588790893555
30.7798958333333,2.58588790893555
30.7832291666667,2.58588790893555
30.7865625,2.58588790893555
30.7898958333333,2.58582830429077
30.7932291666667,2.585768699646
30.7965625,2.585768699646
30.7998958333333,2.58570909500122
30.8032291666667,2.58564949035645
30.8065625,2.58564949035645
30.8098958333333,2.58564949035645
30.8132291666667,2.58570909500122
30.8165625,2.585768699646
30.8198958333333,2.58582830429077
30.8232291666667,2.58594751358032
30.8265625,2.5860071182251
30.8298958333333,2.58606672286987
30.8332291666667,2.58612632751465
30.8365625,2.58612632751465
30.8398958333333,2.58606672286987
30.8432291666667,2.5860071182251
30.8465625,2.58588790893555
30.8498958333333,2.58582830429077
30.8532291666667,2.585768699646
30.8565625,2.585768699646
30.8598958333333,2.58582830429077
30.8632291666667,2.58594751358032
30.8665625,2.58606672286987
30.8698958333333,2.58630514144897
30.8732291666667,2.58666276931763
30.8765625,2.58702039718628
30.8798958333333,2.58743762969971
30.8832291666667,2.58791446685791
30.8865625,2.58845090866089
30.8898958333333,2.58898735046387
30.8932291666667,2.58952379226685
30.8965625,2.5901198387146
30.8998958333333,2.59077548980713
30.9032291666667,2.59137153625488
30.9065625,2.59202718734741
30.9098958333333,2.59274244308472
30.9132291666667,2.59339809417725
30.9165625,2.59411334991455
30.9198958333333,2.59482860565186
30.9232291666667,2.59548425674438
30.9265625,2.59613990783691
30.9298958333333,2.59673595428467
30.9332291666667,2.59733200073242
30.9365625,2.5978684425354
30.9398958333333,2.59846448898315
30.9432291666667,2.59906053543091
30.9465625,2.59971618652344
30.9498958333333,2.60043144226074
30.9532291666667,2.6012659072876
30.9565625,2.60210037231445
30.9598958333333,2.60299444198608
30.9632291666667,2.60394811630249
30.9665625,2.60484218597412
30.9698958333333,2.60567665100098
30.9732291666667,2.60639190673828
30.9765625,2.60704755783081
30.9798958333333,2.60758399963379
30.9832291666667,2.60806083679199
30.9865625,2.60847806930542
30.9898958333333,2.60889530181885
30.9932291666667,2.60937213897705
30.9965625,2.60990858078003
30.9998958333333,2.61056423187256
31.0032291666667,2.61133909225464
31.0065625,2.61223316192627
31.0098958333333,2.61330604553223
31.0132291666667,2.61443853378296
31.0165625,2.61569023132324
31.0198958333333,2.61694192886353
31.0232291666667,2.61819362640381
31.0265625,2.61938571929932
31.0298958333333,2.62057781219482
31.0332291666667,2.62159109115601
31.0365625,2.62260437011719
31.0398958333333,2.62343883514404
31.0432291666667,2.62421369552612
31.0465625,2.62486934661865
31.0498958333333,2.62546539306641
31.0532291666667,2.62594223022461
31.0565625,2.62629985809326
31.0598958333333,2.62659788131714
31.0632291666667,2.62677669525146
31.0665625,2.62689590454102
31.0698958333333,2.62683629989624
31.0732291666667,2.62671709060669
31.0765625,2.62641906738281
31.0798958333333,2.62612104415894
31.0832291666667,2.62564420700073
31.0865625,2.62516736984253
31.0898958333333,2.62457132339478
31.0932291666667,2.62391567230225
31.0965625,2.62326002120972
31.0998958333333,2.62248516082764
31.1032291666667,2.62171030044556
31.1065625,2.6208758354187
31.1098958333333,2.62004137039185
31.1132291666667,2.61920690536499
31.1165625,2.61837244033813
31.1198958333333,2.61753797531128
31.1232291666667,2.61670351028442
31.1265625,2.61586904525757
31.1298958333333,2.61503458023071
31.1332291666667,2.61414051055908
31.1365625,2.61330604553223
31.1398958333333,2.61247158050537
31.1432291666667,2.61163711547852
31.1465625,2.61092185974121
31.1498958333333,2.61026620864868
31.1532291666667,2.60978937149048
31.1565625,2.60943174362183
31.1598958333333,2.6092529296875
31.1632291666667,2.6092529296875
31.1665625,2.60937213897705
31.1698958333333,2.60955095291138
31.1732291666667,2.60984897613525
31.1765625,2.61014699935913
31.1798958333333,2.61044502258301
31.1832291666667,2.61068344116211
31.1865625,2.61086225509644
31.1898958333333,2.61104106903076
31.1932291666667,2.61116027832031
31.1965625,2.61139869689941
31.1998958333333,2.61163711547852
31.2032291666667,2.61193513870239
31.2065625,2.6124119758606
31.2098958333333,2.61294841766357
31.2132291666667,2.61366367340088
31.2165625,2.61443853378296
31.2198958333333,2.61533260345459
31.2232291666667,2.61622667312622
31.2265625,2.61712074279785
31.2298958333333,2.61795520782471
31.2332291666667,2.61878967285156
31.2365625,2.61950492858887
31.2398958333333,2.6201605796814
31.2432291666667,2.62075662612915
31.2465625,2.62129306793213
31.2498958333333,2.62176990509033
31.2532291666667,2.62218713760376
31.2565625,2.62260437011719
31.2598958333333,2.62296199798584
31.2632291666667,2.62337923049927
31.2665625,2.62367725372314
31.2698958333333,2.62397527694702
31.2732291666667,2.62421369552612
31.2765625,2.62439250946045
31.2798958333333,2.62451171875
31.2832291666667,2.62451171875
31.2865625,2.62445211410522
31.2898958333333,2.62439250946045
31.2932291666667,2.6242733001709
31.2965625,2.62421369552612
31.2998958333333,2.6242733001709
31.3032291666667,2.62433290481567
31.3065625,2.62445211410522
31.3098958333333,2.62469053268433
31.3132291666667,2.62492895126343
31.3165625,2.62516736984253
31.3198958333333,2.62540578842163
31.3232291666667,2.62558460235596
31.3265625,2.62576341629028
31.3298958333333,2.62588262557983
31.3332291666667,2.62600183486938
31.3365625,2.62612104415894
31.3398958333333,2.62624025344849
31.3432291666667,2.62635946273804
31.3465625,2.62659788131714
31.3498958333333,2.62677669525146
31.3532291666667,2.62701511383057
31.3565625,2.62731313705444
31.3598958333333,2.62755155563354
31.3632291666667,2.6279091835022
31.3665625,2.62820720672607
31.3698958333333,2.6286244392395
31.3732291666667,2.62904167175293
31.3765625,2.62945890426636
31.3798958333333,2.62993574142456
31.3832291666667,2.63047218322754
31.3865625,2.63100862503052
31.3898958333333,2.6315450668335
31.3932291666667,2.6320219039917
31.3965625,2.6324987411499
31.3998958333333,2.63297557830811
31.4032291666667,2.63339281082153
31.4065625,2.63381004333496
31.4098958333333,2.63422727584839
31.4132291666667,2.63470411300659
31.4165625,2.63518095016479
31.4198958333333,2.63571739196777
31.4232291666667,2.63631343841553
31.4265625,2.63696908950806
31.4298958333333,2.63774394989014
31.4332291666667,2.63851881027222
31.4365625,2.63941287994385
31.4398958333333,2.6402473449707
31.4432291666667,2.64114141464233
31.4465625,2.64203548431396
31.4498958333333,2.6429295539856
31.4532291666667,2.64376401901245
31.4565625,2.64453887939453
31.4598958333333,2.64531373977661
31.4632291666667,2.64608860015869
31.4665625,2.64692306518555
31.4698958333333,2.64769792556763
31.4732291666667,2.64853239059448
31.4765625,2.64942646026611
31.4798958333333,2.65032052993774
31.4832291666667,2.6511549949646
31.4865625,2.65204906463623
31.4898958333333,2.65288352966309
31.4932291666667,2.65365839004517
31.4965625,2.6543140411377
31.4998958333333,2.65491008758545
31.5032291666667,2.65538692474365
31.5065625,2.6557445526123
31.5098958333333,2.65604257583618
31.5132291666667,2.65628099441528
31.5165625,2.65640020370483
31.5198958333333,2.65657901763916
31.5232291666667,2.65669822692871
31.5265625,2.65681743621826
31.5298958333333,2.65705585479736
31.5332291666667,2.65729427337646
31.5365625,2.65753269195557
31.5398958333333,2.65789031982422
31.5432291666667,2.65824794769287
31.5465625,2.65872478485107
31.5498958333333,2.65920162200928
31.5532291666667,2.65973806381226
31.5565625,2.66033411026001
31.5598958333333,2.66093015670776
31.5632291666667,2.66152620315552
31.5665625,2.66212224960327
31.5698958333333,2.66271829605103
31.5732291666667,2.66331434249878
31.5765625,2.66379117965698
31.5798958333333,2.66426801681519
31.5832291666667,2.66462564468384
31.5865625,2.66498327255249
31.5898958333333,2.66522169113159
31.5932291666667,2.66546010971069
31.5965625,2.66563892364502
31.5998958333333,2.66581773757935
31.6032291666667,2.66599655151367
31.6065625,2.66611576080322
31.6098958333333,2.66629457473755
31.6132291666667,2.6664137840271
31.6165625,2.66659259796143
31.6198958333333,2.66671180725098
31.6232291666667,2.66677141189575
31.6265625,2.66683101654053
31.6298958333333,2.6668906211853
31.6332291666667,2.6668906211853
31.6365625,2.66683101654053
31.6398958333333,2.66671180725098
31.6432291666667,2.66659259796143
31.6465625,2.6664137840271
31.6498958333333,2.666175365448
31.6532291666667,2.6659369468689
31.6565625,2.66569852828979
31.6598958333333,2.66551971435547
31.6632291666667,2.66528129577637
31.6665625,2.66510248184204
31.6698958333333,2.66498327255249
31.6732291666667,2.66492366790771
31.6765625,2.66492366790771
31.6798958333333,2.66498327255249
31.6832291666667,2.66510248184204
31.6865625,2.66534090042114
31.6898958333333,2.66557931900024
31.6932291666667,2.6659369468689
31.6965625,2.66635417938232
31.6998958333333,2.66677141189575
31.7032291666667,2.66724824905396
31.7065625,2.66772508621216
31.7098958333333,2.66820192337036
31.7132291666667,2.66873836517334
31.7165625,2.66921520233154
31.7198958333333,2.66969203948975
31.7232291666667,2.67016887664795
31.7265625,2.67064571380615
31.7298958333333,2.67112255096436
31.7332291666667,2.67153978347778
31.7365625,2.67195701599121
31.7398958333333,2.67237424850464
31.7432291666667,2.67267227172852
31.7465625,2.67302989959717
31.7498958333333,2.67332792282104
31.7532291666667,2.67356634140015
31.7565625,2.67380475997925
31.7598958333333,2.67398357391357
31.7632291666667,2.6741623878479
31.7665625,2.67434120178223
31.7698958333333,2.67452001571655
31.7732291666667,2.67469882965088
31.7765625,2.67481803894043
31.7798958333333,2.67505645751953
31.7832291666667,2.67523527145386
31.7865625,2.67547369003296
31.7898958333333,2.67577171325684
31.7932291666667,2.67612934112549
31.7965625,2.67654657363892
31.7998958333333,2.67702341079712
31.8032291666667,2.67750024795532
31.8065625,2.6780366897583
31.8098958333333,2.67857313156128
31.8132291666667,2.67922878265381
31.8165625,2.67988443374634
31.8198958333333,2.68059968948364
31.8232291666667,2.68137454986572
31.8265625,2.68220901489258
31.8298958333333,2.68304347991943
31.8332291666667,2.68387794494629
31.8365625,2.68477201461792
31.8398958333333,2.68560647964478
31.8432291666667,2.68638134002686
31.8465625,2.68709659576416
31.8498958333333,2.68769264221191
31.8532291666667,2.68816947937012
31.8565625,2.68858671188354
31.8598958333333,2.6889443397522
31.8632291666667,2.6891827583313
31.8665625,2.68948078155518
31.8698958333333,2.68971920013428
31.8732291666667,2.68995761871338
31.8765625,2.69025564193726
31.8798958333333,2.69061326980591
31.8832291666667,2.69097089767456
31.8865625,2.69138813018799
31.8898958333333,2.69174575805664
31.8932291666667,2.69204378128052
31.8965625,2.69228219985962
31.8998958333333,2.69240140914917
31.9032291666667,2.69252061843872
31.9065625,2.69252061843872
31.9098958333333,2.69246101379395
31.9132291666667,2.69246101379395
31.9165625,2.69240140914917
31.9198958333333,2.69240140914917
31.9232291666667,2.69252061843872
31.9265625,2.69263982772827
31.9298958333333,2.69287824630737
31.9332291666667,2.69323587417603
31.9365625,2.69359350204468
31.9398958333333,2.69407033920288
31.9432291666667,2.69454717636108
31.9465625,2.69502401351929
31.9498958333333,2.69562005996704
31.9532291666667,2.69621610641479
31.9565625,2.69687175750732
31.9598958333333,2.69758701324463
31.9632291666667,2.69842147827148
31.9665625,2.69925594329834
31.9698958333333,2.70020961761475
31.9732291666667,2.70116329193115
31.9765625,2.70211696624756
31.9798958333333,2.70301103591919
31.9832291666667,2.7039647102356
31.9865625,2.70479917526245
31.9898958333333,2.70551443099976
31.9932291666667,2.70622968673706
31.9965625,2.70676612854004
31.9998958333333,2.70724296569824
32.0032291666667,2.70760059356689
32.0065625,2.70789861679077
32.0098958333333,2.70813703536987
32.0132291666667,2.7083158493042
32.0165625,2.70843505859375
32.0198958333333,2.7085542678833
32.0232291666667,2.70873308181763
32.0265625,2.70891189575195
32.0298958333333,2.70920991897583
32.0332291666667,2.70950794219971
32.0365625,2.70992517471313
32.0398958333333,2.71046161651611
32.0432291666667,2.71105766296387
32.0465625,2.7117133140564
32.0498958333333,2.71248817443848
32.0532291666667,2.71332263946533
32.0565625,2.71427631378174
32.0598958333333,2.71522998809814
32.0632291666667,2.71624326705933
32.0665625,2.71731615066528
32.0698958333333,2.71844863891602
32.0732291666667,2.71958112716675
32.0765625,2.72077322006226
32.0798958333333,2.72196531295776
32.0832291666667,2.72321701049805
32.0865625,2.72446870803833
32.0898958333333,2.72578001022339
32.0932291666667,2.72709131240845
32.0965625,2.72840261459351
32.0998958333333,2.72965431213379
32.1032291666667,2.7308464050293
32.1065625,2.73191928863525
32.1098958333333,2.73293256759644
32.1132291666667,2.73388624191284
32.1165625,2.73466110229492
32.1198958333333,2.73531675338745
32.1232291666667,2.73585319519043
32.1265625,2.73621082305908
32.1298958333333,2.73650884628296
32.1332291666667,2.73668766021729
32.1365625,2.73668766021729
32.1398958333333,2.73662805557251
32.1432291666667,2.73638963699341
32.1465625,2.73603200912476
32.1498958333333,2.73561477661133
32.1532291666667,2.73501873016357
32.1565625,2.73436307907104
32.1598958333333,2.73364782333374
32.1632291666667,2.73293256759644
32.1665625,2.73215770721436
32.1698958333333,2.73138284683228
32.1732291666667,2.73066759109497
32.1765625,2.72995233535767
32.1798958333333,2.72935628890991
32.1832291666667,2.72887945175171
32.1865625,2.72840261459351
32.1898958333333,2.72804498672485
32.1932291666667,2.72774696350098
32.1965625,2.72750854492188
32.1998958333333,2.72727012634277
32.2032291666667,2.72715091705322
32.2065625,2.72703170776367
32.2098958333333,2.7269721031189
32.2132291666667,2.72691249847412
32.2165625,2.7269721031189
32.2198958333333,2.72709131240845
32.2232291666667,2.72727012634277
32.2265625,2.7274489402771
32.2298958333333,2.7276873588562
32.2332291666667,2.72798538208008
32.2365625,2.72828340530396
32.2398958333333,2.72864103317261
32.2432291666667,2.72893905639648
32.2465625,2.72923707962036
32.2498958333333,2.72953510284424
32.2532291666667,2.72977352142334
32.2565625,2.73001194000244
32.2598958333333,2.73025035858154
32.2632291666667,2.73054838180542
32.2665625,2.73078680038452
32.2698958333333,2.73114442825317
32.2732291666667,2.73150205612183
32.2765625,2.73191928863525
32.2798958333333,2.73239612579346
32.2832291666667,2.73293256759644
32.2865625,2.73340940475464
32.2898958333333,2.73388624191284
32.2932291666667,2.73430347442627
32.2965625,2.73466110229492
32.2998958333333,2.7349591255188
32.3032291666667,2.73513793945313
32.3065625,2.73525714874268
32.3098958333333,2.73531675338745
32.3132291666667,2.73525714874268
32.3165625,2.7351975440979
32.3198958333333,2.73513793945313
32.3232291666667,2.73507833480835
32.3265625,2.7349591255188
32.3298958333333,2.73489952087402
32.3332291666667,2.73489952087402
32.3365625,2.73489952087402
32.3398958333333,2.73501873016357
32.3432291666667,2.7351975440979
32.3465625,2.735435962677
32.3498958333333,2.73579359054565
32.3532291666667,2.73615121841431
32.3565625,2.73662805557251
32.3598958333333,2.73716449737549
32.3632291666667,2.73776054382324
32.3665625,2.73841619491577
32.3698958333333,2.7390718460083
32.3732291666667,2.73978710174561
32.3765625,2.74056196212769
32.3798958333333,2.74133682250977
32.3832291666667,2.74211168289185
32.3865625,2.7429461479187
32.3898958333333,2.74384021759033
32.3932291666667,2.74467468261719
32.3965625,2.74550914764404
32.3998958333333,2.74640321731567
32.4032291666667,2.7472972869873
32.4065625,2.74819135665894
32.4098958333333,2.74914503097534
32.4132291666667,2.7502179145813
32.4165625,2.75135040283203
32.4198958333333,2.75260210037231
32.4232291666667,2.75403261184692
32.4265625,2.75558233261108
32.4298958333333,2.75731086730957
32.4332291666667,2.75921821594238
32.4365625,2.76130437850952
32.4398958333333,2.76362895965576
32.4432291666667,2.76613235473633
32.4465625,2.76893377304077
32.4498958333333,2.77203321456909
32.4532291666667,2.77543067932129
32.4565625,2.77912616729736
32.4598958333333,2.78323888778687
32.4632291666667,2.78770923614502
32.4665625,2.7925968170166
32.4698958333333,2.79784202575684
32.4732291666667,2.80356407165527
32.4765625,2.80976295471191
32.4798958333333,2.81631946563721
32.4832291666667,2.8233528137207
32.4865625,2.83080339431763
32.4898958333333,2.8386116027832
32.4932291666667,2.84683704376221
32.4965625,2.85536050796509
32.4998958333333,2.86424160003662
32.5032291666667,2.87342071533203
32.5065625,2.88283824920654
32.5098958333333,2.89249420166016
32.5132291666667,2.90244817733765
32.5165625,2.91264057159424
32.5198958333333,2.92301177978516
32.5232291666667,2.93368101119995
32.5265625,2.94458866119385
32.5298958333333,2.95567512512207
32.5332291666667,2.96700000762939
32.5365625,2.97844409942627
32.5398958333333,2.99006700515747
32.5432291666667,3.00180912017822
32.5465625,3.01367044448853
32.5498958333333,3.02565097808838
32.5532291666667,3.03763151168823
32.5565625,3.04961204528809
32.5598958333333,3.06165218353271
32.5632291666667,3.07357311248779
32.5665625,3.08537483215332
32.5698958333333,3.09693813323975
32.5732291666667,3.10826301574707
32.5765625,3.11917066574097
32.5798958333333,3.12960147857666
32.5832291666667,3.13931703567505
32.5865625,3.14825773239136
32.5898958333333,3.15630435943604
32.5932291666667,3.16333770751953
32.5965625,3.16929817199707
32.5998958333333,3.17400693893433
32.6032291666667,3.17752361297607
32.6065625,3.17972898483276
32.6098958333333,3.18062305450439
32.6132291666667,3.18026542663574
32.6165625,3.17871570587158
32.6198958333333,3.17603349685669
32.6232291666667,3.17221879959106
32.6265625,3.16745042800903
32.6298958333333,3.16178798675537
32.6332291666667,3.15535068511963
32.6365625,3.14825773239136
32.6398958333333,3.14062833786011
32.6432291666667,3.13264131546021
32.6465625,3.12435626983643
32.6498958333333,3.11601161956787
32.6532291666667,3.10760736465454
32.6565625,3.09926271438599
32.6598958333333,3.09109687805176
32.6632291666667,3.08316946029663
32.6665625,3.07542085647583
32.6698958333333,3.06797027587891
32.6732291666667,3.06081771850586
32.6765625,3.05384397506714
32.6798958333333,3.04716825485229
32.6832291666667,3.040611743927
32.6865625,3.03429365158081
32.6898958333333,3.02809476852417
32.6932291666667,3.02201509475708
32.6965625,3.01611423492432
32.6998958333333,3.0103325843811
32.7032291666667,3.00467014312744
32.7065625,2.99912691116333
32.7098958333333,2.99370288848877
32.7132291666667,2.98845767974854
32.7165625,2.98333168029785
32.7198958333333,2.97832489013672
32.7232291666667,2.97343730926514
32.7265625,2.96866893768311
32.7298958333333,2.96401977539063
32.7332291666667,2.95954942703247
32.7365625,2.95507907867432
32.7398958333333,2.95078754425049
32.7432291666667,2.94655561447144
32.7465625,2.94238328933716
32.7498958333333,2.93827056884766
32.7532291666667,2.93427705764771
32.7565625,2.93028354644775
32.7598958333333,2.9262900352478
32.7632291666667,2.92235612869263
32.7665625,2.91848182678223
32.7698958333333,2.91454792022705
32.7732291666667,2.91067361831665
32.7765625,2.90679931640625
32.7798958333333,2.90298461914063
32.7832291666667,2.89922952651978
32.7865625,2.89547443389893
32.7898958333333,2.89177894592285
32.7932291666667,2.88814306259155
32.7965625,2.88456678390503
32.7998958333333,2.88110971450806
32.8032291666667,2.87777185440063
32.8065625,2.87455320358276
32.8098958333333,2.87145376205444
32.8132291666667,2.86853313446045
32.8165625,2.86579132080078
32.8198958333333,2.86322832107544
32.8232291666667,2.86084413528442
32.8265625,2.85863876342773
32.8298958333333,2.85667181015015
32.8332291666667,2.85482406616211
32.8365625,2.8531551361084
32.8398958333333,2.85166501998901
32.8432291666667,2.85029411315918
32.8465625,2.8490424156189
32.8498958333333,2.84796953201294
32.8532291666667,2.84701585769653
32.8565625,2.84618139266968
32.8598958333333,2.8454065322876
32.8632291666667,2.84475088119507
32.8665625,2.84415483474731
32.8698958333333,2.84367799758911
32.8732291666667,2.84320116043091
32.8765625,2.84278392791748
32.8798958333333,2.84236669540405
32.8832291666667,2.84194946289063
32.8865625,2.84159183502197
32.8898958333333,2.84117460250854
32.8932291666667,2.84081697463989
32.8965625,2.84039974212646
32.8998958333333,2.84004211425781
32.9032291666667,2.83968448638916
32.9065625,2.83938646316528
32.9098958333333,2.83902883529663
32.9132291666667,2.83879041671753
32.9165625,2.83849239349365
32.9198958333333,2.83825397491455
32.9232291666667,2.83801555633545
32.9265625,2.83777713775635
32.9298958333333,2.8376579284668
32.9332291666667,2.83753871917725
32.9365625,2.8374195098877
32.9398958333333,2.83735990524292
32.9432291666667,2.83735990524292
32.9465625,2.83730030059814
32.9498958333333,2.83730030059814
32.9532291666667,2.83724069595337
32.9565625,2.83718109130859
32.9598958333333,2.83706188201904
32.9632291666667,2.83688306808472
32.9665625,2.83664464950562
32.9698958333333,2.83634662628174
32.9732291666667,2.83604860305786
32.9765625,2.83569097518921
32.9798958333333,2.83527374267578
32.9832291666667,2.83485651016235
32.9865625,2.83443927764893
32.9898958333333,2.83396244049072
32.9932291666667,2.83336639404297
32.9965625,2.83282995223999
32.9998958333333,2.83217430114746
33.0032291666667,2.83145904541016
33.0065625,2.83074378967285
33.0098958333333,2.83002853393555
33.0132291666667,2.82925367355347
33.0165625,2.82847881317139
33.0198958333333,2.82776355743408
33.0232291666667,2.82704830169678
33.0265625,2.82639265060425
33.0298958333333,2.82573699951172
33.0332291666667,2.82508134841919
33.0365625,2.82448530197144
33.0398958333333,2.82388925552368
33.0432291666667,2.82329320907593
33.0465625,2.82269716262817
33.0498958333333,2.8221607208252
33.0532291666667,2.82156467437744
33.0565625,2.82102823257446
33.0598958333333,2.82043218612671
33.0632291666667,2.81989574432373
33.0665625,2.81935930252075
33.0698958333333,2.81888246536255
33.0732291666667,2.81840562820435
33.0765625,2.81798839569092
33.0798958333333,2.81757116317749
33.0832291666667,2.81721353530884
33.0865625,2.81685590744019
33.0898958333333,2.81655788421631
33.0932291666667,2.81625986099243
33.0965625,2.81602144241333
33.0998958333333,2.81572341918945
33.1032291666667,2.81548500061035
33.1065625,2.81518697738647
33.1098958333333,2.81494855880737
33.1132291666667,2.81476974487305
33.1165625,2.81459093093872
33.1198958333333,2.81441211700439
33.1232291666667,2.81429290771484
33.1265625,2.81423330307007
33.1298958333333,2.81423330307007
33.1332291666667,2.81423330307007
33.1365625,2.81429290771484
33.1398958333333,2.81441211700439
33.1432291666667,2.81459093093872
33.1465625,2.81482934951782
33.1498958333333,2.8151273727417
33.1532291666667,2.81548500061035
33.1565625,2.81596183776855
33.1598958333333,2.81655788421631
33.1632291666667,2.81721353530884
33.1665625,2.81798839569092
33.1698958333333,2.81888246536255
33.1732291666667,2.81977653503418
33.1765625,2.82073020935059
33.1798958333333,2.82162427902222
33.1832291666667,2.82251834869385
33.1865625,2.8233528137207
33.1898958333333,2.82418727874756
33.1932291666667,2.82496213912964
33.1965625,2.82567739486694
33.1998958333333,2.82633304595947
33.2032291666667,2.826988697052
33.2065625,2.82764434814453
33.2098958333333,2.82829999923706
33.2132291666667,2.82895565032959
33.2165625,2.82961130142212
33.2198958333333,2.83020734786987
33.2232291666667,2.83080339431763
33.2265625,2.83139944076538
33.2298958333333,2.83199548721313
33.2332291666667,2.83259153366089
33.2365625,2.83318758010864
33.2398958333333,2.83384323120117
33.2432291666667,2.83455848693848
33.2465625,2.83539295196533
33.2498958333333,2.83622741699219
33.2532291666667,2.83712148666382
33.2565625,2.83801555633545
33.2598958333333,2.83896923065186
33.2632291666667,2.83998250961304
33.2665625,2.84099578857422
33.2698958333333,2.8420090675354
33.2732291666667,2.84308195114136
33.2765625,2.84409523010254
33.2798958333333,2.8451681137085
33.2832291666667,2.84624099731445
33.2865625,2.84731388092041
33.2898958333333,2.84838676452637
33.2932291666667,2.84940004348755
33.2965625,2.85041332244873
33.2998958333333,2.85136699676514
33.3032291666667,2.85238027572632
33.3065625,2.8533935546875
33.3098958333333,2.85440683364868
33.3132291666667,2.85547971725464
33.3165625,2.8565526008606
33.3198958333333,2.85762548446655
33.3232291666667,2.85869836807251
33.3265625,2.85977125167847
33.3298958333333,2.86072492599487
33.3332291666667,2.8616189956665
33.3365625,2.86239385604858
33.3398958333333,2.86310911178589
33.3432291666667,2.86364555358887
33.3465625,2.86412239074707
33.3498958333333,2.8645396232605
33.3532291666667,2.86483764648438
33.3565625,2.86513566970825
33.3598958333333,2.86531448364258
33.3632291666667,2.86537408828735
33.3665625,2.86543369293213
33.3698958333333,2.86537408828735
33.3732291666667,2.86519527435303
33.3765625,2.86495685577393
33.3798958333333,2.86459922790527
33.3832291666667,2.86412239074707
33.3865625,2.86352634429932
33.3898958333333,2.86281108856201
33.3932291666667,2.86203622817993
33.3965625,2.8611421585083
33.3998958333333,2.86024808883667
33.4032291666667,2.85935401916504
33.4065625,2.85845994949341
33.4098958333333,2.85762548446655
33.4132291666667,2.85691022872925
33.4165625,2.85631418228149
33.4198958333333,2.85583734512329
33.4232291666667,2.85547971725464
33.4265625,2.85530090332031
33.4298958333333,2.85518169403076
33.4332291666667,2.85512208938599
33.4365625,2.85512208938599
33.4398958333333,2.85518169403076
33.4432291666667,2.85524129867554
33.4465625,2.85536050796509
33.4498958333333,2.85542011260986
33.4532291666667,2.85553932189941
33.4565625,2.85565853118896
33.4598958333333,2.85577774047852
33.4632291666667,2.85589694976807
33.4665625,2.85613536834717
33.4698958333333,2.85631418228149
33.4732291666667,2.85661220550537
33.4765625,2.8570294380188
33.4798958333333,2.857506275177
33.4832291666667,2.85804271697998
33.4865625,2.85869836807251
33.4898958333333,2.85935401916504
33.4932291666667,2.86006927490234
33.4965625,2.86078453063965
33.4998958333333,2.8613805770874
33.5032291666667,2.86197662353516
33.5065625,2.86239385604858
33.5098958333333,2.86269187927246
33.5132291666667,2.86293029785156
33.5165625,2.86304950714111
33.5198958333333,2.86310911178589
33.5232291666667,2.86322832107544
33.5265625,2.86334753036499
33.5298958333333,2.86352634429932
33.5332291666667,2.86382436752319
33.5365625,2.86418199539185
33.5398958333333,2.86459922790527
33.5432291666667,2.8650164604187
33.5465625,2.8654932975769
33.5498958333333,2.86597013473511
33.5532291666667,2.86644697189331
33.5565625,2.86692380905151
33.5598958333333,2.86740064620972
33.5632291666667,2.86787748336792
33.5665625,2.8684139251709
33.5698958333333,2.86895036697388
33.5732291666667,2.86960601806641
33.5765625,2.87038087844849
33.5798958333333,2.87121534347534
33.5832291666667,2.87210941314697
33.5865625,2.87306308746338
33.5898958333333,2.87407636642456
33.5932291666667,2.87508964538574
33.5965625,2.87610292434692
33.5998958333333,2.87705659866333
33.6032291666667,2.87801027297974
33.6065625,2.87890434265137
33.6098958333333,2.87973880767822
33.6132291666667,2.88057327270508
33.6165625,2.88134813308716
33.6198958333333,2.88212299346924
33.6232291666667,2.88295745849609
33.6265625,2.88373231887817
33.6298958333333,2.88456678390503
33.6332291666667,2.88546085357666
33.6365625,2.88635492324829
33.6398958333333,2.88724899291992
33.6432291666667,2.88820266723633
33.6465625,2.88921594619751
33.6498958333333,2.89016962051392
33.6532291666667,2.89124250411987
33.6565625,2.89225578308105
33.6598958333333,2.89332866668701
33.6632291666667,2.89446115493774
33.6665625,2.8955340385437
33.6698958333333,2.89666652679443
33.6732291666667,2.89773941040039
33.6765625,2.89875268936157
33.6798958333333,2.8996467590332
33.6832291666667,2.90048122406006
33.6865625,2.90125608444214
33.6898958333333,2.90191173553467
33.6932291666667,2.90244817733765
33.6965625,2.90298461914063
33.6998958333333,2.90340185165405
33.7032291666667,2.90387868881226
33.7065625,2.90435552597046
33.7098958333333,2.90483236312866
33.7132291666667,2.90530920028687
33.7165625,2.90578603744507
33.7198958333333,2.9062032699585
33.7232291666667,2.90662050247192
33.7265625,2.9069185256958
33.7298958333333,2.90721654891968
33.7332291666667,2.90745496749878
33.7365625,2.90757417678833
33.7398958333333,2.90769338607788
33.7432291666667,2.90769338607788
33.7465625,2.90769338607788
33.7498958333333,2.90769338607788
33.7532291666667,2.90763378143311
33.7565625,2.90757417678833
33.7598958333333,2.90751457214355
33.7632291666667,2.90745496749878
33.7665625,2.90733575820923
33.7698958333333,2.90721654891968
33.7732291666667,2.90709733963013
33.7765625,2.90697813034058
33.7798958333333,2.90685892105103
33.7832291666667,2.90673971176147
33.7865625,2.9066801071167
33.7898958333333,2.9066801071167
33.7932291666667,2.90673971176147
33.7965625,2.90685892105103
33.7998958333333,2.90709733963013
33.8032291666667,2.90733575820923
33.8065625,2.90763378143311
33.8098958333333,2.90793180465698
33.8132291666667,2.90828943252563
33.8165625,2.90858745574951
33.8198958333333,2.90882587432861
33.8232291666667,2.90912389755249
33.8265625,2.90936231613159
33.8298958333333,2.90954113006592
33.8332291666667,2.90977954864502
33.8365625,2.91001796722412
33.8398958333333,2.910315990448
33.8432291666667,2.91061401367188
33.8465625,2.9110312461853
33.8498958333333,2.91144847869873
33.8532291666667,2.91192531585693
33.8565625,2.91240215301514
33.8598958333333,2.91293859481812
33.8632291666667,2.91347503662109
33.8665625,2.91401147842407
33.8698958333333,2.91454792022705
33.8732291666667,2.91502475738525
33.8765625,2.91544198989868
33.8798958333333,2.91585922241211
33.8832291666667,2.91627645492554
33.8865625,2.91669368743896
33.8898958333333,2.91711091995239
33.8932291666667,2.91752815246582
33.8965625,2.91794538497925
33.8998958333333,2.91842222213745
33.9032291666667,2.91889905929565
33.9065625,2.91943550109863
33.9098958333333,2.92003154754639
33.9132291666667,2.92056798934937
33.9165625,2.92116403579712
33.9198958333333,2.92164087295532
33.9232291666667,2.92205810546875
33.9265625,2.9224157333374
33.9298958333333,2.9226541519165
33.9332291666667,2.92277336120605
33.9365625,2.92283296585083
33.9398958333333,2.92271375656128
33.9432291666667,2.92253494262695
33.9465625,2.92235612869263
33.9498958333333,2.92205810546875
33.9532291666667,2.92181968688965
33.9565625,2.92158126831055
33.9598958333333,2.92134284973145
33.9632291666667,2.92116403579712
33.9665625,2.92104482650757
33.9698958333333,2.92098522186279
33.9732291666667,2.92098522186279
33.9765625,2.92104482650757
33.9798958333333,2.92122364044189
33.9832291666667,2.921462059021
33.9865625,2.92181968688965
33.9898958333333,2.92223691940308
33.9932291666667,2.92277336120605
33.9965625,2.92342901229858
33.9998958333333,2.92414426803589
34.0032291666667,2.92497873306274
34.0065625,2.92587280273438
34.0098958333333,2.92676687240601
34.0132291666667,2.92778015136719
34.0165625,2.92879343032837
34.0198958333333,2.92980670928955
34.0232291666667,2.93087959289551
34.0265625,2.93195247650146
34.0298958333333,2.93302536010742
34.0332291666667,2.93409824371338
34.0365625,2.93511152267456
34.0398958333333,2.93612480163574
34.0432291666667,2.93707847595215
34.0465625,2.93803215026855
34.0498958333333,2.93892621994019
34.0532291666667,2.93976068496704
34.0565625,2.94053554534912
34.0598958333333,2.9413104057312
34.0632291666667,2.94208526611328
34.0665625,2.94280052185059
34.0698958333333,2.94351577758789
34.0732291666667,2.94417142868042
34.0765625,2.94476747512817
34.0798958333333,2.94530391693115
34.0832291666667,2.94578075408936
34.0865625,2.94619798660278
34.0898958333333,2.94649600982666
34.0932291666667,2.94667482376099
34.0965625,2.94679403305054
34.0998958333333,2.94685363769531
34.1032291666667,2.94679403305054
34.1065625,2.94673442840576
34.1098958333333,2.94655561447144
34.1132291666667,2.94637680053711
34.1165625,2.94613838195801
34.1198958333333,2.94589996337891
34.1232291666667,2.9456615447998
34.1265625,2.9454231262207
34.1298958333333,2.9451847076416
34.1332291666667,2.94500589370728
34.1365625,2.9449462890625
34.1398958333333,2.94488668441772
34.1432291666667,2.9449462890625
34.1465625,2.94512510299683
34.1498958333333,2.9454231262207
34.1532291666667,2.94578075408936
34.1565625,2.94625759124756
34.1598958333333,2.94679403305054
34.1632291666667,2.94733047485352
34.1665625,2.94798612594604
34.1698958333333,2.9485821723938
34.1732291666667,2.94917821884155
34.1765625,2.94977426528931
34.1798958333333,2.95031070709229
34.1832291666667,2.95078754425049
34.1865625,2.95126438140869
34.1898958333333,2.95174121856689
34.1932291666667,2.95215845108032
34.1965625,2.95257568359375
34.1998958333333,2.95299291610718
34.2032291666667,2.95341014862061
34.2065625,2.95388698577881
34.2098958333333,2.95436382293701
34.2132291666667,2.95484066009521
34.2165625,2.95537710189819
34.2198958333333,2.95591354370117
34.2232291666667,2.95639038085938
34.2265625,2.95686721801758
34.2298958333333,2.95734405517578
34.2332291666667,2.95782089233398
34.2365625,2.95823812484741
34.2398958333333,2.95865535736084
34.2432291666667,2.95901298522949
34.2465625,2.95931100845337
34.2498958333333,2.95960903167725
34.2532291666667,2.95978784561157
34.2565625,2.95990705490112
34.2598958333333,2.9599666595459
34.2632291666667,2.9599666595459
34.2665625,2.95984745025635
34.2698958333333,2.9597282409668
34.2732291666667,2.95960903167725
34.2765625,2.9594898223877
34.2798958333333,2.95943021774292
34.2832291666667,2.9594898223877
34.2865625,2.95960903167725
34.2898958333333,2.95984745025635
34.2932291666667,2.96014547348022
34.2965625,2.96050310134888
34.2998958333333,2.9609203338623
34.3032291666667,2.96139717102051
34.3065625,2.96181440353394
34.3098958333333,2.96223163604736
34.3132291666667,2.96258926391602
34.3165625,2.96288728713989
34.3198958333333,2.96318531036377
34.3232291666667,2.9633641242981
34.3265625,2.96354293823242
34.3298958333333,2.96366214752197
34.3332291666667,2.96372175216675
34.3365625,2.96378135681152
34.3398958333333,2.96378135681152
34.3432291666667,2.9638409614563
34.3465625,2.96396017074585
34.3498958333333,2.9640793800354
34.3532291666667,2.96425819396973
34.3565625,2.96449661254883
34.3598958333333,2.96479463577271
34.3632291666667,2.96515226364136
34.3665625,2.96550989151001
34.3698958333333,2.96592712402344
34.3732291666667,2.96634435653687
34.3765625,2.96676158905029
34.3798958333333,2.9672384262085
34.3832291666667,2.96759605407715
34.3865625,2.9679536819458
34.3898958333333,2.96831130981445
34.3932291666667,2.96860933303833
34.3965625,2.96890735626221
34.3998958333333,2.96914577484131
34.4032291666667,2.96944379806519
34.4065625,2.96974182128906
34.4098958333333,2.97015905380249
34.4132291666667,2.97057628631592
34.4165625,2.9711127281189
34.4198958333333,2.97170877456665
34.4232291666667,2.97236442565918
34.4265625,2.97313928604126
34.4298958333333,2.97391414642334
34.4332291666667,2.9747486114502
34.4365625,2.97552347183228
34.4398958333333,2.97635793685913
34.4432291666667,2.97713279724121
34.4465625,2.97784805297852
34.4498958333333,2.97856330871582
34.4532291666667,2.97927856445313
34.4565625,2.97999382019043
34.4598958333333,2.98076868057251
34.4632291666667,2.98154354095459
34.4665625,2.98237800598145
34.4698958333333,2.98333168029785
34.4732291666667,2.98434495925903
34.4765625,2.98541784286499
34.4798958333333,2.9866099357605
34.4832291666667,2.98780202865601
34.4865625,2.98899412155151
34.4898958333333,2.99018621444702
34.4932291666667,2.99137830734253
34.4965625,2.99245119094849
34.4998958333333,2.99346446990967
34.5032291666667,2.9943585395813
34.5065625,2.99519300460815
34.5098958333333,2.99590826034546
34.5132291666667,2.99656391143799
34.5165625,2.99715995788574
34.5198958333333,2.9977560043335
34.5232291666667,2.99829244613647
34.5265625,2.99882888793945
34.5298958333333,2.99936532974243
34.5332291666667,2.99990177154541
34.5365625,3.00049781799316
34.5398958333333,3.00109386444092
34.5432291666667,3.00180912017822
34.5465625,3.00252437591553
34.5498958333333,3.00335884094238
34.5532291666667,3.00419330596924
34.5565625,3.00514698028564
34.5598958333333,3.00604104995728
34.5632291666667,3.00705432891846
34.5665625,3.00800800323486
34.5698958333333,3.00896167755127
34.5732291666667,3.0098557472229
34.5765625,3.01074981689453
34.5798958333333,3.01158428192139
34.5832291666667,3.01247835159302
34.5865625,3.01331281661987
34.5898958333333,3.0142068862915
34.5932291666667,3.01510095596313
34.5965625,3.01605463027954
34.5998958333333,3.01700830459595
34.6032291666667,3.0180811882019
34.6065625,3.01921367645264
34.6098958333333,3.02040576934814
34.6132291666667,3.02159786224365
34.6165625,3.02284955978394
34.6198958333333,3.02416086196899
34.6232291666667,3.02553176879883
34.6265625,3.02690267562866
34.6298958333333,3.02839279174805
34.6332291666667,3.02988290786743
34.6365625,3.03149223327637
34.6398958333333,3.0331015586853
34.6432291666667,3.03483009338379
34.6465625,3.03661823272705
34.6498958333333,3.03852558135986
34.6532291666667,3.04043292999268
34.6565625,3.04239988327026
34.6598958333333,3.04442644119263
34.6632291666667,3.04645299911499
34.6665625,3.04853916168213
34.6698958333333,3.05050611495972
34.6732291666667,3.05241346359253
34.6765625,3.05426120758057
34.6798958333333,3.05593013763428
34.6832291666667,3.05742025375366
34.6865625,3.05873155593872
34.6898958333333,3.05992364883423
34.6932291666667,3.06087732315063
34.6965625,3.06165218353271
34.6998958333333,3.06230783462524
34.7032291666667,3.06284427642822
34.7065625,3.06326150894165
34.7098958333333,3.06355953216553
34.7132291666667,3.06379795074463
34.7165625,3.06397676467896
34.7198958333333,3.06409597396851
34.7232291666667,3.06415557861328
34.7265625,3.06415557861328
34.7298958333333,3.06403636932373
34.7332291666667,3.0638575553894
34.7365625,3.06355953216553
34.7398958333333,3.0631422996521
34.7432291666667,3.06260585784912
34.7465625,3.06195020675659
34.7498958333333,3.06117534637451
34.7532291666667,3.06034088134766
34.7565625,3.0595064163208
34.7598958333333,3.05867195129395
34.7632291666667,3.05783748626709
34.7665625,3.05712223052979
34.7698958333333,3.05652618408203
34.7732291666667,3.05598974227905
34.7765625,3.05557250976563
34.7798958333333,3.0551552772522
34.7832291666667,3.05479764938354
34.7865625,3.05444002151489
34.7898958333333,3.05414199829102
34.7932291666667,3.05378437042236
34.7965625,3.05348634719849
34.7998958333333,3.05318832397461
34.8032291666667,3.05294990539551
34.8065625,3.05277109146118
34.8098958333333,3.05265188217163
34.8132291666667,3.05253267288208
34.8165625,3.05241346359253
34.8198958333333,3.05229425430298
34.8232291666667,3.05205583572388
34.8265625,3.05169820785522
34.8298958333333,3.05122137069702
34.8332291666667,3.05056571960449
34.8365625,3.04973125457764
34.8398958333333,3.04877758026123
34.8432291666667,3.04770469665527
34.8465625,3.04657220840454
34.8498958333333,3.04538011550903
34.8532291666667,3.04430723190308
34.8565625,3.04323434829712
34.8598958333333,3.04234027862549
34.8632291666667,3.04156541824341
34.8665625,3.04102897644043
34.8698958333333,3.040611743927
34.8732291666667,3.0403733253479
34.8765625,3.04031372070313
34.8798958333333,3.0403733253479
34.8832291666667,3.040611743927
34.8865625,3.0408501625061
34.8898958333333,3.04114818572998
34.8932291666667,3.04150581359863
34.8965625,3.04180383682251
34.8998958333333,3.04216146469116
34.9032291666667,3.04245948791504
34.9065625,3.04275751113892
34.9098958333333,3.04305553436279
34.9132291666667,3.04341316223145
34.9165625,3.0437707901001
34.9198958333333,3.04412841796875
34.9232291666667,3.04454565048218
34.9265625,3.04490327835083
34.9298958333333,3.04526090621948
34.9332291666667,3.04561853408813
34.9365625,3.04597616195679
34.9398958333333,3.04627418518066
34.9432291666667,3.04657220840454
34.9465625,3.04675102233887
34.9498958333333,3.04698944091797
34.9532291666667,3.04716825485229
34.9565625,3.04728746414185
34.9598958333333,3.04734706878662
34.9632291666667,3.0474066734314
34.9665625,3.04746627807617
34.9698958333333,3.04746627807617
34.9732291666667,3.04746627807617
34.9765625,3.0474066734314
34.9798958333333,3.0474066734314
34.9832291666667,3.0474066734314
34.9865625,3.04746627807617
34.9898958333333,3.04752588272095
34.9932291666667,3.0476450920105
34.9965625,3.04782390594482
34.9998958333333,3.04806232452393
35.0032291666667,3.0483603477478
35.0065625,3.04871797561646
35.0098958333333,3.04913520812988
35.0132291666667,3.04955244064331
35.0165625,3.04996967315674
35.0198958333333,3.05032730102539
35.0232291666667,3.05062532424927
35.0265625,3.05086374282837
35.0298958333333,3.05098295211792
35.0332291666667,3.0510425567627
35.0365625,3.0510425567627
35.0398958333333,3.05098295211792
35.0432291666667,3.05092334747314
35.0465625,3.05086374282837
35.0498958333333,3.05074453353882
35.0532291666667,3.05068492889404
35.0565625,3.05068492889404
35.0598958333333,3.05062532424927
35.0632291666667,3.05062532424927
35.0665625,3.05068492889404
35.0698958333333,3.05074453353882
35.0732291666667,3.05086374282837
35.0765625,3.05116176605225
35.0798958333333,3.05145978927612
35.0832291666667,3.05193662643433
35.0865625,3.05253267288208
35.0898958333333,3.05318832397461
35.0932291666667,3.05396318435669
35.0965625,3.05485725402832
35.0998958333333,3.05581092834473
35.1032291666667,3.05682420730591
35.1065625,3.05795669555664
35.1098958333333,3.05920839309692
35.1132291666667,3.06057929992676
35.1165625,3.06218862533569
35.1198958333333,3.06409597396851
35.1232291666667,3.06624174118042
35.1265625,3.06886434555054
35.1298958333333,3.07190418243408
35.1332291666667,3.07548046112061
35.1365625,3.07959318161011
35.1398958333333,3.08442115783691
35.1432291666667,3.0900239944458
35.1465625,3.09640169143677
35.1498958333333,3.10373306274414
35.1532291666667,3.1120777130127
35.1565625,3.12155485153198
35.1598958333333,3.1324028968811
35.1632291666667,3.14462184906006
35.1665625,3.15845012664795
35.1698958333333,3.1740665435791
35.1732291666667,3.19153070449829
35.1765625,3.21114063262939
35.1798958333333,3.23295593261719
35.1832291666667,3.25721502304077
35.1865625,3.28397750854492
35.1898958333333,3.31342220306396
35.1932291666667,3.3455491065979
35.1965625,3.38047742843628
35.1998958333333,3.4182071685791
35.2032291666667,3.45873832702637
35.2065625,3.5020112991333
35.2098958333333,3.54796648025513
35.2132291666667,3.59654426574707
35.2165625,3.6475658416748
35.2198958333333,3.70091199874878
35.2232291666667,3.75646352767944
35.2265625,3.81410121917725
35.2298958333333,3.87358665466309
35.2332291666667,3.93486022949219
35.2365625,3.99768352508545
35.2398958333333,4.06187772750854
35.2432291666667,4.1273832321167
35.2465625,4.19396162033081
35.2498958333333,4.2615532875061
35.2532291666667,4.32991981506348
35.2565625,4.39900159835815
35.2598958333333,4.46867942810059
35.2632291666667,4.53883409500122
35.2665625,4.60952520370483
35.2698958333333,4.68063354492188
35.2732291666667,4.75215911865234
35.2765625,4.82398271560669
35.2798958333333,4.89616394042969
35.2832291666667,4.96846437454224
35.2865625,5.04082441329956
35.2898958333333,5.11300563812256
35.2932291666667,5.18471002578735
35.2965625,5.25557994842529
35.2998958333333,5.32513856887817
35.3032291666667,5.39296865463257
35.3065625,5.45841455459595
35.3098958333333,5.52088022232056
35.3132291666667,5.57971000671387
35.3165625,5.6341290473938
35.3198958333333,5.68342208862305
35.3232291666667,5.72693347930908
35.3265625,5.76400756835938
35.3298958333333,5.7939887046814
35.3332291666667,5.81634044647217
35.3365625,5.83082437515259
35.3398958333333,5.83702325820923
35.3432291666667,5.83481788635254
35.3465625,5.82432746887207
35.3498958333333,5.80573081970215
35.3532291666667,5.7792067527771
35.3565625,5.74535131454468
35.3598958333333,5.70464134216309
35.3632291666667,5.65767288208008
35.3665625,5.60522079467773
35.3698958333333,5.54805994033813
35.3732291666667,5.48684597015381
35.3765625,5.42253255844116
35.3798958333333,5.35577535629272
35.3832291666667,5.2872896194458
35.3865625,5.21785020828247
35.3898958333333,5.14799356460571
35.3932291666667,5.07837533950806
35.3965625,5.00941276550293
35.3998958333333,4.94164228439331
35.4032291666667,4.87524271011353
35.4065625,4.81057167053223
35.4098958333333,4.74780797958374
35.4132291666667,4.68713045120239
35.4165625,4.62853908538818
35.4198958333333,4.57215309143066
35.4232291666667,4.51791286468506
35.4265625,4.46581840515137
35.4298958333333,4.41581010818481
35.4332291666667,4.3678879737854
35.4365625,4.3218731880188
35.4398958333333,4.27776575088501
35.4432291666667,4.23550605773926
35.4465625,4.19503450393677
35.4498958333333,4.15611267089844
35.4532291666667,4.11880016326904
35.4565625,4.08297777175903
35.4598958333333,4.04852628707886
35.4632291666667,4.01538610458374
35.4665625,3.98343801498413
35.4698958333333,3.95268201828003
35.4732291666667,3.92293930053711
35.4765625,3.89426946640015
35.4798958333333,3.86655330657959
35.4832291666667,3.83973121643066
35.4865625,3.81386280059814
35.4898958333333,3.78888845443726
35.4932291666667,3.76474857330322
35.4965625,3.74150276184082
35.4998958333333,3.71909141540527
35.5032291666667,3.69751453399658
35.5065625,3.67677211761475
35.5098958333333,3.65686416625977
35.5132291666667,3.63773107528687
35.5165625,3.61943244934082
35.5198958333333,3.60190868377686
35.5232291666667,3.5851001739502
35.5265625,3.56900691986084
35.5298958333333,3.55368852615356
35.5332291666667,3.53896617889404
35.5365625,3.52495908737183
35.5398958333333,3.51160764694214
35.5432291666667,3.49885225296021
35.5465625,3.4867525100708
35.5498958333333,3.47524881362915
35.5532291666667,3.46434116363525
35.5565625,3.45396995544434
35.5598958333333,3.44425439834595
35.5632291666667,3.43501567840576
35.5665625,3.42637300491333
35.5698958333333,3.41826677322388
35.5732291666667,3.41063737869263
35.5765625,3.40348482131958
35.5798958333333,3.39680910110474
35.5832291666667,3.39055061340332
35.5865625,3.38470935821533
35.5898958333333,3.37916612625122
35.5932291666667,3.37398052215576
35.5965625,3.3690333366394
35.5998958333333,3.36432456970215
35.6032291666667,3.35979461669922
35.6065625,3.35544347763062
35.6098958333333,3.35121154785156
35.6132291666667,3.34709882736206
35.6165625,3.34310531616211
35.6198958333333,3.33923101425171
35.6232291666667,3.33547592163086
35.6265625,3.33184003829956
35.6298958333333,3.32826375961304
35.6332291666667,3.32486629486084
35.6365625,3.32158803939819
35.6398958333333,3.31836938858032
35.6432291666667,3.315269947052
35.6465625,3.31228971481323
35.6498958333333,3.30924987792969
35.6532291666667,3.30632925033569
35.6565625,3.30334901809692
35.6598958333333,3.30042839050293
35.6632291666667,3.29744815826416
35.6665625,3.29452753067017
35.6698958333333,3.2915472984314
35.6732291666667,3.2886266708374
35.6765625,3.28570604324341
35.6798958333333,3.28278541564941
35.6832291666667,3.2799243927002
35.6865625,3.27706336975098
35.6898958333333,3.27420234680176
35.6932291666667,3.27146053314209
35.6965625,3.26865911483765
35.6998958333333,3.26597690582275
35.7032291666667,3.26329469680786
35.7065625,3.26067209243774
35.7098958333333,3.25816869735718
35.7132291666667,3.25572490692139
35.7165625,3.25334072113037
35.7198958333333,3.25095653533936
35.7232291666667,3.24863195419312
35.7265625,3.24636697769165
35.7298958333333,3.24410200119019
35.7332291666667,3.24177742004395
35.7365625,3.23951244354248
35.7398958333333,3.23724746704102
35.7432291666667,3.23504209518433
35.7465625,3.23289632797241
35.7498958333333,3.23086977005005
35.7532291666667,3.22884321212769
35.7565625,3.22699546813965
35.7598958333333,3.22514772415161
35.7632291666667,3.22341918945313
35.7665625,3.22180986404419
35.7698958333333,3.22020053863525
35.7732291666667,3.21871042251587
35.7765625,3.21727991104126
35.7798958333333,3.21590900421143
35.7832291666667,3.21465730667114
35.7865625,3.21346521377563
35.7898958333333,3.2123327255249
35.7932291666667,3.21131944656372
35.7965625,3.21036577224731
35.7998958333333,3.20947170257568
35.8032291666667,3.20863723754883
35.8065625,3.20786237716675
35.8098958333333,3.20714712142944
35.8132291666667,3.20643186569214
35.8165625,3.20577621459961
35.8198958333333,3.20512056350708
35.8232291666667,3.20446491241455
35.8265625,3.2038688659668
35.8298958333333,3.20327281951904
35.8332291666667,3.20273637771606
35.8365625,3.20225954055786
35.8398958333333,3.20178270339966
35.8432291666667,3.20136547088623
35.8465625,3.2009482383728
35.8498958333333,3.2004714012146
35.8532291666667,3.1999945640564
35.8565625,3.19951772689819
35.8598958333333,3.19892168045044
35.8632291666667,3.19826602935791
35.8665625,3.19761037826538
35.8698958333333,3.19689512252808
35.8732291666667,3.19623947143555
35.8765625,3.19558382034302
35.8798958333333,3.19492816925049
35.8832291666667,3.19433212280273
35.8865625,3.19385528564453
35.8898958333333,3.1934380531311
35.8932291666667,3.19302082061768
35.8965625,3.19266319274902
35.8998958333333,3.19236516952515
35.9032291666667,3.19200754165649
35.9065625,3.19176912307739
35.9098958333333,3.19147109985352
35.9132291666667,3.19129228591919
35.9165625,3.19117307662964
35.9198958333333,3.19105386734009
35.9232291666667,3.19105386734009
35.9265625,3.19117307662964
35.9298958333333,3.19141149520874
35.9332291666667,3.19164991378784
35.9365625,3.19200754165649
35.9398958333333,3.19236516952515
35.9432291666667,3.19278240203857
35.9465625,3.19314002990723
35.9498958333333,3.19349765777588
35.9532291666667,3.19385528564453
35.9565625,3.19415330886841
35.9598958333333,3.19439172744751
35.9632291666667,3.19463014602661
35.9665625,3.19480895996094
35.9698958333333,3.19504737854004
35.9732291666667,3.19528579711914
35.9765625,3.19552421569824
35.9798958333333,3.19582223892212
35.9832291666667,3.19623947143555
35.9865625,3.19665670394897
35.9898958333333,3.19713354110718
35.9932291666667,3.19766998291016
35.9965625,3.19826602935791
35.9998958333333,3.19892168045044
36.0032291666667,3.19957733154297
36.0065625,3.2002329826355
36.0098958333333,3.20088863372803
36.0132291666667,3.20154428482056
36.0165625,3.20219993591309
36.0198958333333,3.20285558700562
36.0232291666667,3.20351123809814
36.0265625,3.20422649383545
36.0298958333333,3.20494174957275
36.0332291666667,3.20571660995483
36.0365625,3.20649147033691
36.0398958333333,3.20726633071899
36.0432291666667,3.20810079574585
36.0465625,3.20887565612793
36.0498958333333,3.20959091186523
36.0532291666667,3.21024656295776
36.0565625,3.21084260940552
36.0598958333333,3.21143865585327
36.0632291666667,3.21191549301147
36.0665625,3.21239233016968
36.0698958333333,3.21286916732788
36.0732291666667,3.21328639984131
36.0765625,3.21376323699951
36.0798958333333,3.21424007415771
36.0832291666667,3.21477651596069
36.0865625,3.21531295776367
36.0898958333333,3.21590900421143
36.0932291666667,3.2164454460144
36.0965625,3.21704149246216
36.0998958333333,3.21757793426514
36.1032291666667,3.21805477142334
36.1065625,3.21853160858154
36.1098958333333,3.21894884109497
36.1132291666667,3.21930646896362
36.1165625,3.2196044921875
36.1198958333333,3.21990251541138
36.1232291666667,3.22020053863525
36.1265625,3.22049856185913
36.1298958333333,3.22085618972778
36.1332291666667,3.22127342224121
36.1365625,3.22169065475464
36.1398958333333,3.22216749191284
36.1432291666667,3.22270393371582
36.1465625,3.2232403755188
36.1498958333333,3.22377681732178
36.1532291666667,3.22425365447998
36.1565625,3.22479009628296
36.1598958333333,3.22526693344116
36.1632291666667,3.22568416595459
36.1665625,3.22616100311279
36.1698958333333,3.226637840271
36.1732291666667,3.22717428207397
36.1765625,3.2278299331665
36.1798958333333,3.22860479354858
36.1832291666667,3.22943925857544
36.1865625,3.23039293289185
36.1898958333333,3.23140621185303
36.1932291666667,3.23247909545898
36.1965625,3.23361158370972
36.1998958333333,3.23468446731567
36.2032291666667,3.23581695556641
36.2065625,3.23683023452759
36.2098958333333,3.23784351348877
36.2132291666667,3.2387375831604
36.2165625,3.23969125747681
36.2198958333333,3.24052572250366
36.2232291666667,3.24141979217529
36.2265625,3.24231386184692
36.2298958333333,3.24320793151855
36.2332291666667,3.24410200119019
36.2365625,3.24505567550659
36.2398958333333,3.246009349823
36.2432291666667,3.2469630241394
36.2465625,3.24791669845581
36.2498958333333,3.24881076812744
36.2532291666667,3.2496452331543
36.2565625,3.25042009353638
36.2598958333333,3.25107574462891
36.2632291666667,3.25173139572144
36.2665625,3.25226783752441
36.2698958333333,3.25280427932739
36.2732291666667,3.2532811164856
36.2765625,3.2537579536438
36.2798958333333,3.254234790802
36.2832291666667,3.25465202331543
36.2865625,3.25512886047363
36.2898958333333,3.25554609298706
36.2932291666667,3.25590372085571
36.2965625,3.25620174407959
36.2998958333333,3.25649976730347
36.3032291666667,3.25673818588257
36.3065625,3.25685739517212
36.3098958333333,3.25703620910645
36.3132291666667,3.257155418396
36.3165625,3.25727462768555
36.3198958333333,3.2573938369751
36.3232291666667,3.25757265090942
36.3265625,3.2578706741333
36.3298958333333,3.25816869735718
36.3332291666667,3.25858592987061
36.3365625,3.25906276702881
36.3398958333333,3.25965881347656
36.3432291666667,3.26025485992432
36.3465625,3.26097011566162
36.3498958333333,3.2617449760437
36.3532291666667,3.26251983642578
36.3565625,3.26341390609741
36.3598958333333,3.26430797576904
36.3632291666667,3.26526165008545
36.3665625,3.26615571975708
36.3698958333333,3.26704978942871
36.3732291666667,3.26794385910034
36.3765625,3.26871871948242
36.3798958333333,3.2694935798645
36.3832291666667,3.27026844024658
36.3865625,3.27098369598389
36.3898958333333,3.27169895172119
36.3932291666667,3.27247381210327
36.3965625,3.27324867248535
36.3998958333333,3.27414274215698
36.4032291666667,3.27515602111816
36.4065625,3.27622890472412
36.4098958333333,3.27736139297485
36.4132291666667,3.27867269515991
36.4165625,3.27998399734497
36.4198958333333,3.28147411346436
36.4232291666667,3.28296422958374
36.4265625,3.2845139503479
36.4298958333333,3.28612327575684
36.4332291666667,3.28773260116577
36.4365625,3.28934192657471
36.4398958333333,3.29095125198364
36.4432291666667,3.29244136810303
36.4465625,3.29393148422241
36.4498958333333,3.29536199569702
36.4532291666667,3.29667329788208
36.4565625,3.29798460006714
36.4598958333333,3.29917669296265
36.4632291666667,3.30036878585815
36.4665625,3.30150127410889
36.4698958333333,3.30257415771484
36.4732291666667,3.30352783203125
36.4765625,3.30442190170288
36.4798958333333,3.30513715744019
36.4832291666667,3.30567359924316
36.4865625,3.30603122711182
36.4898958333333,3.30615043640137
36.4932291666667,3.30603122711182
36.4965625,3.30567359924316
36.4998958333333,3.30507755279541
36.5032291666667,3.30424308776855
36.5065625,3.30322980880737
36.5098958333333,3.30203771591187
36.5132291666667,3.30072641372681
36.5165625,3.2992959022522
36.5198958333333,3.29780578613281
36.5232291666667,3.29625606536865
36.5265625,3.29464673995972
36.5298958333333,3.29309701919556
36.5332291666667,3.29148769378662
36.5365625,3.28993797302246
36.5398958333333,3.28844785690308
36.5432291666667,3.28701734542847
36.5465625,3.28570604324341
36.5498958333333,3.28445434570313
36.5532291666667,3.28338146209717
36.5565625,3.28242778778076
36.5598958333333,3.28159332275391
36.5632291666667,3.28081846237183
36.5665625,3.28022241592407
36.5698958333333,3.27962636947632
36.5732291666667,3.27914953231812
36.5765625,3.27867269515991
36.5798958333333,3.27819585800171
36.5832291666667,3.27777862548828
36.5865625,3.27736139297485
36.5898958333333,3.27694416046143
36.5932291666667,3.27658653259277
36.5965625,3.27616930007935
36.5998958333333,3.27581167221069
36.6032291666667,3.27545404434204
36.6065625,3.27503681182861
36.6098958333333,3.27467918395996
36.6132291666667,3.27432155609131
36.6165625,3.27396392822266
36.6198958333333,3.273606300354
36.6232291666667,3.27330827713013
36.6265625,3.27306985855103
36.6298958333333,3.27295064926147
36.6332291666667,3.2728910446167
36.6365625,3.27295064926147
36.6398958333333,3.27306985855103
36.6432291666667,3.2733678817749
36.6465625,3.27366590499878
36.6498958333333,3.27402353286743
36.6532291666667,3.27438116073608
36.6565625,3.27473878860474
36.6598958333333,3.27509641647339
36.6632291666667,3.27539443969727
36.6665625,3.27563285827637
36.6698958333333,3.27581167221069
36.6732291666667,3.27593088150024
36.6765625,3.27605009078979
36.6798958333333,3.27610969543457
36.6832291666667,3.27610969543457
36.6865625,3.27616930007935
36.6898958333333,3.2762885093689
36.6932291666667,3.27640771865845
36.6965625,3.27658653259277
36.6998958333333,3.27688455581665
36.7032291666667,3.2772421836853
36.7065625,3.27765941619873
36.7098958333333,3.27813625335693
36.7132291666667,3.27873229980469
36.7165625,3.27938795089722
36.7198958333333,3.28010320663452
36.7232291666667,3.28081846237183
36.7265625,3.28159332275391
36.7298958333333,3.28242778778076
36.7332291666667,3.28326225280762
36.7365625,3.28409671783447
36.7398958333333,3.28487157821655
36.7432291666667,3.28564643859863
36.7465625,3.28636169433594
36.7498958333333,3.28707695007324
36.7532291666667,3.28773260116577
36.7565625,3.28832864761353
36.7598958333333,3.2888650894165
36.7632291666667,3.28934192657471
36.7665625,3.28969955444336
36.7698958333333,3.29005718231201
36.7732291666667,3.29029560089111
36.7765625,3.29041481018066
36.7798958333333,3.29047441482544
36.7832291666667,3.29035520553589
36.7865625,3.29017639160156
36.7898958333333,3.28981876373291
36.7932291666667,3.28946113586426
36.7965625,3.28898429870605
36.7998958333333,3.2883882522583
36.8032291666667,3.28785181045532
36.8065625,3.28725576400757
36.8098958333333,3.28665971755981
36.8132291666667,3.28618288040161
36.8165625,3.28576564788818
36.8198958333333,3.28540802001953
36.8232291666667,3.28510999679565
36.8265625,3.28493118286133
36.8298958333333,3.28481197357178
36.8332291666667,3.28469276428223
36.8365625,3.28463315963745
36.8398958333333,3.28463315963745
36.8432291666667,3.28463315963745
36.8465625,3.28469276428223
36.8498958333333,3.284752368927
36.8532291666667,3.28493118286133
36.8565625,3.28522920608521
36.8598958333333,3.28558683395386
36.8632291666667,3.28600406646729
36.8665625,3.28648090362549
36.8698958333333,3.28701734542847
36.8732291666667,3.28755378723145
36.8765625,3.28803062438965
36.8798958333333,3.28850746154785
36.8832291666667,3.28892469406128
36.8865625,3.28928232192993
36.8898958333333,3.28958034515381
36.8932291666667,3.28993797302246
36.8965625,3.29029560089111
36.8998958333333,3.29077243804932
36.9032291666667,3.29130887985229
36.9065625,3.29190492630005
36.9098958333333,3.29267978668213
36.9132291666667,3.29351425170898
36.9165625,3.29446792602539
36.9198958333333,3.2954216003418
36.9232291666667,3.29643487930298
36.9265625,3.29738855361938
36.9298958333333,3.29834222793579
36.9332291666667,3.29923629760742
36.9365625,3.29995155334473
36.9398958333333,3.30066680908203
36.9432291666667,3.30120325088501
36.9465625,3.30168008804321
36.9498958333333,3.30215692520142
36.9532291666667,3.30257415771484
36.9565625,3.3029317855835
36.9598958333333,3.30328941345215
36.9632291666667,3.3036470413208
36.9665625,3.30400466918945
36.9698958333333,3.30436229705811
36.9732291666667,3.30466032028198
36.9765625,3.30495834350586
36.9798958333333,3.30513715744019
36.9832291666667,3.30531597137451
36.9865625,3.30543518066406
36.9898958333333,3.30549478530884
36.9932291666667,3.30555438995361
36.9965625,3.30555438995361
36.9998958333333,3.30555438995361
37.0032291666667,3.30567359924316
37.0065625,3.30579280853271
37.0098958333333,3.30597162246704
37.0132291666667,3.30626964569092
37.0165625,3.30662727355957
37.0198958333333,3.307044506073
37.0232291666667,3.30758094787598
37.0265625,3.30811738967896
37.0298958333333,3.30865383148193
37.0332291666667,3.30919027328491
37.0365625,3.30966711044312
37.0398958333333,3.31014394760132
37.0432291666667,3.31056118011475
37.0465625,3.31097841262817
37.0498958333333,3.31145524978638
37.0532291666667,3.3118724822998
37.0565625,3.31240892410278
37.0598958333333,3.31306457519531
37.0632291666667,3.31377983093262
37.0665625,3.31467390060425
37.0698958333333,3.31556797027588
37.0732291666667,3.31658124923706
37.0765625,3.31753492355347
37.0798958333333,3.31854820251465
37.0832291666667,3.31950187683105
37.0865625,3.32039594650269
37.0898958333333,3.32123041152954
37.0932291666667,3.32200527191162
37.0965625,3.32272052764893
37.0998958333333,3.32343578338623
37.1032291666667,3.32415103912354
37.1065625,3.32486629486084
37.1098958333333,3.32564115524292
37.1132291666667,3.326416015625
37.1165625,3.32725048065186
37.1198958333333,3.32808494567871
37.1232291666667,3.32897901535034
37.1265625,3.3298134803772
37.1298958333333,3.33070755004883
37.1332291666667,3.33160161972046
37.1365625,3.33243608474731
37.1398958333333,3.33327054977417
37.1432291666667,3.33404541015625
37.1465625,3.33482027053833
37.1498958333333,3.33547592163086
37.1532291666667,3.33607196807861
37.1565625,3.33654880523682
37.1598958333333,3.33696603775024
37.1632291666667,3.3373236656189
37.1665625,3.337562084198
37.1698958333333,3.33774089813232
37.1732291666667,3.33791971206665
37.1765625,3.3380389213562
37.1798958333333,3.33815813064575
37.1832291666667,3.3382773399353
37.1865625,3.33833694458008
37.1898958333333,3.33839654922485
37.1932291666667,3.33845615386963
37.1965625,3.33857536315918
37.1998958333333,3.33863496780396
37.2032291666667,3.33875417709351
37.2065625,3.33893299102783
37.2098958333333,3.33911180496216
37.2132291666667,3.33929061889648
37.2165625,3.33958864212036
37.2198958333333,3.33988666534424
37.2232291666667,3.34030389785767
37.2265625,3.34066152572632
37.2298958333333,3.34107875823975
37.2332291666667,3.34149599075317
37.2365625,3.34185361862183
37.2398958333333,3.34221124649048
37.2432291666667,3.34244966506958
37.2465625,3.34250926971436
37.2498958333333,3.34250926971436
37.2532291666667,3.3423900604248
37.2565625,3.3421516418457
37.2598958333333,3.34185361862183
37.2632291666667,3.34149599075317
37.2665625,3.34107875823975
37.2698958333333,3.34078073501587
37.2732291666667,3.34054231643677
37.2765625,3.34036350250244
37.2798958333333,3.34024429321289
37.2832291666667,3.34030389785767
37.2865625,3.34036350250244
37.2898958333333,3.34048271179199
37.2932291666667,3.34066152572632
37.2965625,3.34078073501587
37.2998958333333,3.3409595489502
37.3032291666667,3.34107875823975
37.3065625,3.3411979675293
37.3098958333333,3.34131717681885
37.3132291666667,3.34149599075317
37.3165625,3.34173440933228
37.3198958333333,3.34203243255615
37.3232291666667,3.3423900604248
37.3265625,3.34286689758301
37.3298958333333,3.34340333938599
37.3332291666667,3.34393978118896
37.3365625,3.34447622299194
37.3398958333333,3.34501266479492
37.3432291666667,3.3455491065979
37.3465625,3.3460259437561
37.3498958333333,3.34644317626953
37.3532291666667,3.34674119949341
37.3565625,3.34703922271729
37.3598958333333,3.34727764129639
37.3632291666667,3.34751605987549
37.3665625,3.34769487380981
37.3698958333333,3.34787368774414
37.3732291666667,3.34799289703369
37.3765625,3.34817171096802
37.3798958333333,3.34829092025757
37.3832291666667,3.34835052490234
37.3865625,3.34846973419189
37.3898958333333,3.34858894348145
37.3932291666667,3.348708152771
37.3965625,3.34876775741577
37.3998958333333,3.34888696670532
37.4032291666667,3.34906578063965
37.4065625,3.3491849899292
37.4098958333333,3.34936380386353
37.4132291666667,3.34954261779785
37.4165625,3.34972143173218
37.4198958333333,3.34984064102173
37.4232291666667,3.34995985031128
37.4265625,3.35001945495605
37.4298958333333,3.35013866424561
37.4332291666667,3.35025787353516
37.4365625,3.35043668746948
37.4398958333333,3.35067510604858
37.4432291666667,3.35097312927246
37.4465625,3.35133075714111
37.4498958333333,3.35174798965454
37.4532291666667,3.35216522216797
37.4565625,3.3525824546814
37.4598958333333,3.35299968719482
37.4632291666667,3.3532977104187
37.4665625,3.3535361289978
37.4698958333333,3.35365533828735
37.4732291666667,3.35359573364258
37.4765625,3.3535361289978
37.4798958333333,3.35347652435303
37.4832291666667,3.35335731506348
37.4865625,3.35335731506348
37.4898958333333,3.35335731506348
37.4932291666667,3.3535361289978
37.4965625,3.3537745475769
37.4998958333333,3.35413217544556
37.5032291666667,3.35460901260376
37.5065625,3.35514545440674
37.5098958333333,3.35574150085449
37.5132291666667,3.35627794265747
37.5165625,3.35681438446045
37.5198958333333,3.35735082626343
37.5232291666667,3.35782766342163
37.5265625,3.35830450057983
37.5298958333333,3.35872173309326
37.5332291666667,3.35913896560669
37.5365625,3.35961580276489
37.5398958333333,3.36015224456787
37.5432291666667,3.36074829101563
37.5465625,3.36152315139771
37.5498958333333,3.36235761642456
37.5532291666667,3.36337089538574
37.5565625,3.36450338363647
37.5598958333333,3.36569547653198
37.5632291666667,3.36700677871704
37.5665625,3.36825847625732
37.5698958333333,3.36956977844238
37.5732291666667,3.37088108062744
37.5765625,3.37213277816772
37.5798958333333,3.37338447570801
37.5832291666667,3.37463617324829
37.5865625,3.37588787078857
37.5898958333333,3.37725877761841
37.5932291666667,3.37862968444824
37.5965625,3.38011980056763
37.5998958333333,3.38160991668701
37.6032291666667,3.38321924209595
37.6065625,3.38476896286011
37.6098958333333,3.38637828826904
37.6132291666667,3.3879280090332
37.6165625,3.38941812515259
37.6198958333333,3.3908486366272
37.6232291666667,3.39227914810181
37.6265625,3.39353084564209
37.6298958333333,3.39478254318237
37.6332291666667,3.39591503143311
37.6365625,3.39692831039429
37.6398958333333,3.39794158935547
37.6432291666667,3.3988356590271
37.6465625,3.39967012405396
37.6498958333333,3.40038537979126
37.6532291666667,3.40110063552856
37.6565625,3.40169668197632
37.6598958333333,3.4022331237793
37.6632291666667,3.4027099609375
37.6665625,3.40312719345093
37.6698958333333,3.40348482131958
37.6732291666667,3.40378284454346
37.6765625,3.40402126312256
37.6798958333333,3.40425968170166
37.6832291666667,3.40443849563599
37.6865625,3.40455770492554
37.6898958333333,3.40467691421509
37.6932291666667,3.40467691421509
37.6965625,3.40467691421509
37.6998958333333,3.40467691421509
37.7032291666667,3.40455770492554
37.7065625,3.40443849563599
37.7098958333333,3.40431928634644
37.7132291666667,3.40414047241211
37.7165625,3.40396165847778
37.7198958333333,3.40372323989868
37.7232291666667,3.40354442596436
37.7265625,3.40324640274048
37.7298958333333,3.4029483795166
37.7332291666667,3.40259075164795
37.7365625,3.40217351913452
37.7398958333333,3.40169668197632
37.7432291666667,3.40121984481812
37.7465625,3.40068340301514
37.7498958333333,3.40020656585693
37.7532291666667,3.39972972869873
37.7565625,3.39925289154053
37.7598958333333,3.3988356590271
37.7632291666667,3.39847803115845
37.7665625,3.39812040328979
37.7698958333333,3.39776277542114
37.7732291666667,3.39746475219727
37.7765625,3.39710712432861
37.7798958333333,3.39680910110474
37.7832291666667,3.39657068252563
37.7865625,3.39639186859131
37.7898958333333,3.39627265930176
37.7932291666667,3.39627265930176
37.7965625,3.39633226394653
37.7998958333333,3.39657068252563
37.8032291666667,3.39680910110474
37.8065625,3.39722633361816
37.8098958333333,3.39764356613159
37.8132291666667,3.39818000793457
37.8165625,3.39877605438232
37.8198958333333,3.39937210083008
37.8232291666667,3.40002775192261
37.8265625,3.40074300765991
37.8298958333333,3.40139865875244
37.8332291666667,3.40211391448975
37.8365625,3.40282917022705
37.8398958333333,3.40360403060913
37.8432291666667,3.40431928634644
37.8465625,3.40515375137329
37.8498958333333,3.40592861175537
37.8532291666667,3.406822681427
37.8565625,3.40777635574341
37.8598958333333,3.40873003005981
37.8632291666667,3.40980291366577
37.8665625,3.41087579727173
37.8698958333333,3.41206789016724
37.8732291666667,3.41325998306274
37.8765625,3.41445207595825
37.8798958333333,3.41576337814331
37.8832291666667,3.41707468032837
37.8865625,3.41850519180298
37.8898958333333,3.41993570327759
37.8932291666667,3.42148542404175
37.8965625,3.42309474945068
37.8998958333333,3.42488288879395
37.9032291666667,3.42673063278198
37.9065625,3.42869758605957
37.9098958333333,3.43072414398193
37.9132291666667,3.43281030654907
37.9165625,3.43501567840576
37.9198958333333,3.43716144561768
37.9232291666667,3.43930721282959
37.9265625,3.4414529800415
37.9298958333333,3.44353914260864
37.9332291666667,3.44550609588623
37.9365625,3.44741344451904
37.9398958333333,3.44926118850708
37.9432291666667,3.45110893249512
37.9465625,3.45295667648315
37.9498958333333,3.45480442047119
37.9532291666667,3.45677137374878
37.9565625,3.45873832702637
37.9598958333333,3.46082448959351
37.9632291666667,3.4630298614502
37.9665625,3.46529483795166
37.9698958333333,3.4676194190979
37.9732291666667,3.47000360488892
37.9765625,3.47244739532471
37.9798958333333,3.47483158111572
37.9832291666667,3.47721576690674
37.9865625,3.47959995269775
37.9898958333333,3.48192453384399
37.9932291666667,3.48418951034546
37.9965625,3.48639488220215
37.9998958333333,3.48854064941406
38.0032291666667,3.4906268119812
38.0065625,3.49259376525879
38.0098958333333,3.49444150924683
38.0132291666667,3.49617004394531
38.0165625,3.49777936935425
38.0198958333333,3.49920988082886
38.0232291666667,3.50052118301392
38.0265625,3.50165367126465
38.0298958333333,3.50260734558105
38.0332291666667,3.50344181060791
38.0365625,3.50409746170044
38.0398958333333,3.50469350814819
38.0432291666667,3.5051703453064
38.0465625,3.50558757781982
38.0498958333333,3.50594520568848
38.0532291666667,3.50624322891235
38.0565625,3.50648164749146
38.0598958333333,3.50672006607056
38.0632291666667,3.50695848464966
38.0665625,3.50713729858398
38.0698958333333,3.50731611251831
38.0732291666667,3.50749492645264
38.0765625,3.50761413574219
38.0798958333333,3.50773334503174
38.0832291666667,3.50791215896606
38.0865625,3.50803136825562
38.0898958333333,3.50821018218994
38.0932291666667,3.50838899612427
38.0965625,3.50862741470337
38.0998958333333,3.50892543792725
38.1032291666667,3.50922346115112
38.1065625,3.50964069366455
38.1098958333333,3.51005792617798
38.1132291666667,3.51053476333618
38.1165625,3.51107120513916
38.1198958333333,3.51172685623169
38.1232291666667,3.51238250732422
38.1265625,3.51303815841675
38.1298958333333,3.51375341415405
38.1332291666667,3.51452827453613
38.1365625,3.51530313491821
38.1398958333333,3.51613759994507
38.1432291666667,3.51697206497192
38.1465625,3.51780652999878
38.1498958333333,3.51870059967041
38.1532291666667,3.51959466934204
38.1565625,3.52048873901367
38.1598958333333,3.5213828086853
38.1632291666667,3.52215766906738
38.1665625,3.52287292480469
38.1698958333333,3.52346897125244
38.1732291666667,3.52400541305542
38.1765625,3.52442264556885
38.1798958333333,3.52472066879272
38.1832291666667,3.5250186920166
38.1865625,3.52519750595093
38.1898958333333,3.52537631988525
38.1932291666667,3.52555513381958
38.1965625,3.52573394775391
38.1998958333333,3.52591276168823
38.2032291666667,3.52609157562256
38.2065625,3.52627038955688
38.2098958333333,3.52644920349121
38.2132291666667,3.52662801742554
38.2165625,3.52668762207031
38.2198958333333,3.52674722671509
38.2232291666667,3.52674722671509
38.2265625,3.52674722671509
38.2298958333333,3.52674722671509
38.2332291666667,3.52680683135986
38.2365625,3.52686643600464
38.2398958333333,3.52704524993896
38.2432291666667,3.52734327316284
38.2465625,3.52782011032104
38.2498958333333,3.52835655212402
38.2532291666667,3.52907180786133
38.2565625,3.52984666824341
38.2598958333333,3.53074073791504
38.2632291666667,3.53163480758667
38.2665625,3.53264808654785
38.2698958333333,3.53366136550903
38.2732291666667,3.53461503982544
38.2765625,3.53562831878662
38.2798958333333,3.53658199310303
38.2832291666667,3.53753566741943
38.2865625,3.53848934173584
38.2898958333333,3.53944301605225
38.2932291666667,3.54039669036865
38.2965625,3.54146957397461
38.2998958333333,3.54260206222534
38.3032291666667,3.5439133644104
38.3065625,3.54534387588501
38.3098958333333,3.54689359664917
38.3132291666667,3.54868173599243
38.3165625,3.55064868927002
38.3198958333333,3.55273485183716
38.3232291666667,3.55499982833862
38.3265625,3.55738401412964
38.3298958333333,3.55988740921021
38.3332291666667,3.56245040893555
38.3365625,3.56507301330566
38.3398958333333,3.56775522232056
38.3432291666667,3.57043743133545
38.3465625,3.57311964035034
38.3498958333333,3.57580184936523
38.3532291666667,3.57842445373535
38.3565625,3.58098745346069
38.3598958333333,3.58349084854126
38.3632291666667,3.5858154296875
38.3665625,3.58808040618896
38.3698958333333,3.59022617340088
38.3732291666667,3.59213352203369
38.3765625,3.59398126602173
38.3798958333333,3.59559059143066
38.3832291666667,3.59708070755005
38.3865625,3.59839200973511
38.3898958333333,3.59946489334106
38.3932291666667,3.6003589630127
38.3965625,3.60107421875
38.3998958333333,3.60149145126343
38.4032291666667,3.60172986984253
38.4065625,3.60172986984253
38.4098958333333,3.6015510559082
38.4132291666667,3.60119342803955
38.4165625,3.60065698623657
38.4198958333333,3.60000133514404
38.4232291666667,3.59916687011719
38.4265625,3.59815359115601
38.4298958333333,3.5969614982605
38.4332291666667,3.59559059143066
38.4365625,3.59398126602173
38.4398958333333,3.59213352203369
38.4432291666667,3.59010696411133
38.4465625,3.58790159225464
38.4498958333333,3.58545780181885
38.4532291666667,3.58295440673828
38.4565625,3.58033180236816
38.4598958333333,3.57770919799805
38.4632291666667,3.57502698898315
38.4665625,3.57246398925781
38.4698958333333,3.56990098953247
38.4732291666667,3.56745719909668
38.4765625,3.56507301330566
38.4798958333333,3.5628080368042
38.4832291666667,3.56060266494751
38.4865625,3.55851650238037
38.4898958333333,3.55654954910278
38.4932291666667,3.55464220046997
38.4965625,3.55279445648193
38.4998958333333,3.55106592178345
38.5032291666667,3.54939699172974
38.5065625,3.5477876663208
38.5098958333333,3.54623794555664
38.5132291666667,3.54474782943726
38.5165625,3.54331731796265
38.5198958333333,3.54182720184326
38.5232291666667,3.54039669036865
38.5265625,3.53896617889404
38.5298958333333,3.53753566741943
38.5332291666667,3.5361647605896
38.5365625,3.53485345840454
38.5398958333333,3.53354215621948
38.5432291666667,3.53235006332397
38.5465625,3.53127717971802
38.5498958333333,3.53026390075684
38.5532291666667,3.52936983108521
38.5565625,3.52853536605835
38.5598958333333,3.52782011032104
38.5632291666667,3.52710485458374
38.5665625,3.52638959884644
38.5698958333333,3.52573394775391
38.5732291666667,3.5250186920166
38.5765625,3.5243034362793
38.5798958333333,3.52364778518677
38.5832291666667,3.52293252944946
38.5865625,3.52227687835693
38.5898958333333,3.52168083190918
38.5932291666667,3.52108478546143
38.5965625,3.52060794830322
38.5998958333333,3.52019071578979
38.6032291666667,3.51977348327637
38.6065625,3.51947546005249
38.6098958333333,3.51911783218384
38.6132291666667,3.51887941360474
38.6165625,3.51864099502563
38.6198958333333,3.51846218109131
38.6232291666667,3.51834297180176
38.6265625,3.51822376251221
38.6298958333333,3.51822376251221
38.6332291666667,3.51834297180176
38.6365625,3.51852178573608
38.6398958333333,3.51876020431519
38.6432291666667,3.51911783218384
38.6465625,3.51953506469727
38.6498958333333,3.52001190185547
38.6532291666667,3.52054834365845
38.6565625,3.52108478546143
38.6598958333333,3.52168083190918
38.6632291666667,3.52227687835693
38.6665625,3.52293252944946
38.6698958333333,3.52358818054199
38.6732291666667,3.52424383163452
38.6765625,3.52495908737183
38.6798958333333,3.52567434310913
38.6832291666667,3.52632999420166
38.6865625,3.52704524993896
38.6898958333333,3.52782011032104
38.6932291666667,3.52853536605835
38.6965625,3.52931022644043
38.6998958333333,3.53014469146729
38.7032291666667,3.53103876113892
38.7065625,3.53193283081055
38.7098958333333,3.53282690048218
38.7132291666667,3.53378057479858
38.7165625,3.53473424911499
38.7198958333333,3.53562831878662
38.7232291666667,3.53652238845825
38.7265625,3.53735685348511
38.7298958333333,3.53819131851196
38.7332291666667,3.53896617889404
38.7365625,3.53974103927612
38.7398958333333,3.5405158996582
38.7432291666667,3.54129076004028
38.7465625,3.54212522506714
38.7498958333333,3.54295969009399
38.7532291666667,3.54385375976563
38.7565625,3.54480743408203
38.7598958333333,3.54582071304321
38.7632291666667,3.54683399200439
38.7665625,3.54784727096558
38.7698958333333,3.54886054992676
38.7732291666667,3.54987382888794
38.7765625,3.5509467124939
38.7798958333333,3.55207920074463
38.7832291666667,3.55321168899536
38.7865625,3.55446338653564
38.7898958333333,3.55583429336548
38.7932291666667,3.55732440948486
38.7965625,3.55899333953857
38.7998958333333,3.56072187423706
38.8032291666667,3.56262922286987
38.8065625,3.56459617614746
38.8098958333333,3.56674194335938
38.8132291666667,3.56888771057129
38.8165625,3.57115268707275
38.8198958333333,3.57341766357422
38.8232291666667,3.57580184936523
38.8265625,3.57818603515625
38.8298958333333,3.58068943023682
38.8332291666667,3.58331203460693
38.8365625,3.5860538482666
38.8398958333333,3.58891487121582
38.8432291666667,3.59201431274414
38.8465625,3.59529256820679
38.8498958333333,3.59874963760376
38.8532291666667,3.60244512557983
38.8565625,3.60643863677979
38.8598958333333,3.61073017120361
38.8632291666667,3.61537933349609
38.8665625,3.62032651901245
38.8698958333333,3.62569093704224
38.8732291666667,3.63141298294067
38.8765625,3.63761186599731
38.8798958333333,3.64428758621216
38.8832291666667,3.65144014358521
38.8865625,3.65906953811646
38.8898958333333,3.66723537445068
38.8932291666667,3.67599725723267
38.8965625,3.68529558181763
38.8998958333333,3.69524955749512
38.9032291666667,3.70591878890991
38.9065625,3.71730327606201
38.9098958333333,3.72958183288574
38.9132291666667,3.7427544593811
38.9165625,3.75694036483765
38.9198958333333,3.77219915390015
38.9232291666667,3.78865003585815
38.9265625,3.80629301071167
38.9298958333333,3.82518768310547
38.9332291666667,3.84539365768433
38.9365625,3.86691093444824
38.9398958333333,3.88979911804199
38.9432291666667,3.91393899917603
38.9465625,3.93939018249512
38.9498958333333,3.96609306335449
38.9532291666667,3.99398803710938
38.9565625,4.02313470840454
38.9598958333333,4.05341386795044
38.9632291666667,4.08476591110229
38.9665625,4.11725044250488
38.9698958333333,4.15080785751343
38.9732291666667,4.1852593421936
38.9765625,4.22072410583496
38.9798958333333,4.25714254379272
38.9832291666667,4.29439544677734
38.9865625,4.33254241943359
38.9898958333333,4.37158346176147
38.9932291666667,4.41157817840576
38.9965625,4.45246696472168
38.9998958333333,4.494309425354
39.0032291666667,4.53716516494751
39.0065625,4.58115339279175
39.0098958333333,4.62627410888672
39.0132291666667,4.67264652252197
39.0165625,4.72027063369751
39.0198958333333,4.76914644241333
39.0232291666667,4.81939315795898
39.0265625,4.8709511756897
39.0298958333333,4.92376089096069
39.0332291666667,4.9777626991272
39.0365625,5.03265857696533
39.0398958333333,5.08832931518555
39.0432291666667,5.14447689056396
39.0465625,5.20062446594238
39.0498958333333,5.25641441345215
39.0532291666667,5.31136989593506
39.0565625,5.36483526229858
39.0598958333333,5.41627407073975
39.0632291666667,5.46503067016602
39.0665625,5.51050901412964
39.0698958333333,5.55211305618286
39.0732291666667,5.58924674987793
39.0765625,5.62125444412231
39.0798958333333,5.64771890640259
39.0832291666667,5.66822290420532
39.0865625,5.68240880966187
39.0898958333333,5.69009780883789
39.0932291666667,5.69117069244385
39.0965625,5.68562746047974
39.0998958333333,5.67358732223511
39.1032291666667,5.65528869628906
39.1065625,5.63108921051025
39.1098958333333,5.60140609741211
39.1132291666667,5.56671619415283
39.1165625,5.52767515182495
39.1198958333333,5.48481941223145
39.1232291666667,5.43886423110962
39.1265625,5.39034605026245
39.1298958333333,5.33998012542725
39.1332291666667,5.28830289840698
39.1365625,5.23591041564941
39.1398958333333,5.18333911895752
39.1432291666667,5.13094663619995
39.1465625,5.07920980453491
39.1498958333333,5.02842664718628
39.1532291666667,4.97883558273315
39.1565625,4.93067502975464
39.1598958333333,4.88412380218506
39.1632291666667,4.83924150466919
39.1665625,4.79620695114136
39.1698958333333,4.75507974624634
39.1732291666667,4.71585988998413
39.1765625,4.67866659164429
39.1798958333333,4.64338064193726
39.1832291666667,4.61018085479736
39.1865625,4.57900762557983
39.1898958333333,4.54986095428467
39.1932291666667,4.52268123626709
39.1965625,4.49752807617188
39.1998958333333,4.4742226600647
39.2032291666667,4.45282459259033
39.2065625,4.43321466445923
39.2098958333333,4.41533327102661
39.2132291666667,4.39912080764771
39.2165625,4.38457727432251
39.2198958333333,4.37158346176147
39.2232291666667,4.3601393699646
39.2265625,4.35030460357666
39.2298958333333,4.34207916259766
39.2332291666667,4.33540344238281
39.2365625,4.3303370475769
39.2398958333333,4.32676076889038
39.2432291666667,4.32473421096802
39.2465625,4.32419776916504
39.2498958333333,4.32509183883667
39.2532291666667,4.32729721069336
39.2565625,4.33075428009033
39.2598958333333,4.33534383773804
39.2632291666667,4.34106588363647
39.2665625,4.34780120849609
39.2698958333333,4.35549020767212
39.2732291666667,4.364013671875
39.2765625,4.37337160110474
39.2798958333333,4.38350439071655
39.2832291666667,4.39435243606567
39.2865625,4.4059157371521
39.2898958333333,4.41807508468628
39.2932291666667,4.43083047866821
39.2965625,4.44430112838745
39.2998958333333,4.45842742919922
39.3032291666667,4.47320938110352
39.3065625,4.48882579803467
39.3098958333333,4.50515747070313
39.3132291666667,4.52232360839844
39.3165625,4.54032421112061
39.3198958333333,4.5592188835144
39.3232291666667,4.57894802093506
39.3265625,4.59951162338257
39.3298958333333,4.62090969085693
39.3332291666667,4.64290380477905
39.3365625,4.6655535697937
39.3398958333333,4.68862056732178
39.3432291666667,4.71192598342896
39.3465625,4.73529100418091
39.3498958333333,4.75841760635376
39.3532291666667,4.78100776672363
39.3565625,4.80282306671143
39.3598958333333,4.82338666915894
39.3632291666667,4.84251976013184
39.3665625,4.85974550247192
39.3698958333333,4.87476587295532
39.3732291666667,4.88734245300293
39.3765625,4.89705801010132
39.3798958333333,4.90367412567139
39.3832291666667,4.90707159042358
39.3865625,4.90701198577881
39.3898958333333,4.90337610244751
39.3932291666667,4.89616394042969
39.3965625,4.88537549972534
39.3998958333333,4.87112998962402
39.4032291666667,4.85354661941528
39.4065625,4.83280420303345
39.4098958333333,4.80931997299194
39.4132291666667,4.78321313858032
39.4165625,4.75496053695679
39.4198958333333,4.72486019134521
39.4232291666667,4.69321012496948
39.4265625,4.66048717498779
39.4298958333333,4.62692975997925
39.4332291666667,4.59295511245728
39.4365625,4.55886125564575
39.4398958333333,4.52494621276855
39.4432291666667,4.49138879776001
39.4465625,4.45848703384399
39.4498958333333,4.42641973495483
39.4532291666667,4.3952465057373
39.4565625,4.36520576477051
39.4598958333333,4.33629751205444
39.4632291666667,4.30858135223389
39.4665625,4.28205728530884
39.4698958333333,4.25684452056885
39.4732291666667,4.23276424407959
39.4765625,4.20993566513062
39.4798958333333,4.18829917907715
39.4832291666667,4.16773557662964
39.4865625,4.14824485778809
39.4898958333333,4.12982702255249
39.4932291666667,4.11230325698853
39.4965625,4.09573316574097
39.4998958333333,4.07993793487549
39.5032291666667,4.06497716903687
39.5065625,4.05073165893555
39.5098958333333,4.03714179992676
39.5132291666667,4.02414798736572
39.5165625,4.01169061660767
39.5198958333333,3.99971008300781
39.5232291666667,3.98814678192139
39.5265625,3.97700071334839
39.5298958333333,3.96621227264404
39.5332291666667,3.95584106445313
39.5365625,3.94588708877563
39.5398958333333,3.9362907409668
39.5432291666667,3.92705202102661
39.5465625,3.91823053359985
39.5498958333333,3.90976667404175
39.5532291666667,3.90172004699707
39.5565625,3.89397144317627
39.5598958333333,3.88646125793457
39.5632291666667,3.87918949127197
39.5665625,3.87215614318848
39.5698958333333,3.86518239974976
39.5732291666667,3.85838747024536
39.5765625,3.85171175003052
39.5798958333333,3.84509563446045
39.5832291666667,3.83859872817993
39.5865625,3.83228063583374
39.5898958333333,3.82602214813232
39.5932291666667,3.82000207901001
39.5965625,3.81410121917725
39.5998958333333,3.80843877792358
39.6032291666667,3.80301475524902
39.6065625,3.79770994186401
39.6098958333333,3.79258394241333
39.6132291666667,3.7875771522522
39.6165625,3.78274917602539
39.6198958333333,3.77810001373291
39.6232291666667,3.77351045608521
39.6265625,3.76898050308228
39.6298958333333,3.76462936401367
39.6332291666667,3.76039743423462
39.6365625,3.75628471374512
39.6398958333333,3.75235080718994
39.6432291666667,3.74859571456909
39.6465625,3.74495983123779
39.6498958333333,3.74150276184082
39.6532291666667,3.73822450637817
39.6565625,3.73512506484985
39.6598958333333,3.73220443725586
39.6632291666667,3.72946262359619
39.6665625,3.72689962387085
39.6698958333333,3.72445583343506
39.6732291666667,3.72219085693359
39.6765625,3.72010469436646
39.6798958333333,3.71819734573364
39.6832291666667,3.71646881103516
39.6865625,3.71485948562622
39.6898958333333,3.71342897415161
39.6932291666667,3.71211767196655
39.6965625,3.71092557907104
39.6998958333333,3.70991230010986
39.7032291666667,3.70895862579346
39.7065625,3.70806455612183
39.7098958333333,3.70723009109497
39.7132291666667,3.70651483535767
39.7165625,3.70585918426514
39.7198958333333,3.70526313781738
39.7232291666667,3.70466709136963
39.7265625,3.70413064956665
39.7298958333333,3.70365381240845
39.7332291666667,3.70317697525024
39.7365625,3.70275974273682
39.7398958333333,3.70240211486816
39.7432291666667,3.70204448699951
39.7465625,3.70180606842041
39.7498958333333,3.70162725448608
39.7532291666667,3.70162725448608
39.7565625,3.70168685913086
39.7598958333333,3.70186567306519
39.7632291666667,3.70210409164429
39.7665625,3.70246171951294
39.7698958333333,3.70281934738159
39.7732291666667,3.70323657989502
39.7765625,3.70365381240845
39.7798958333333,3.70407104492188
39.7832291666667,3.7044882774353
39.7865625,3.70484590530396
39.7898958333333,3.70526313781738
39.7932291666667,3.70568037033081
39.7965625,3.70615720748901
39.7998958333333,3.70663404464722
39.8032291666667,3.70723009109497
39.8065625,3.70782613754272
39.8098958333333,3.70854139328003
39.8132291666667,3.70925664901733
39.8165625,3.71009111404419
39.8198958333333,3.71092557907104
39.8232291666667,3.71187925338745
39.8265625,3.71289253234863
39.8298958333333,3.71390581130981
39.8332291666667,3.71503829956055
39.8365625,3.71617078781128
39.8398958333333,3.71730327606201
39.8432291666667,3.71843576431274
39.8465625,3.71962785720825
39.8498958333333,3.72076034545898
39.8532291666667,3.72183322906494
39.8565625,3.72296571731567
39.8598958333333,3.72397899627686
39.8632291666667,3.72505187988281
39.8665625,3.72618436813354
39.8698958333333,3.72731685638428
39.8732291666667,3.72850894927979
39.8765625,3.72982025146484
39.8798958333333,3.73125076293945
39.8832291666667,3.73280048370361
39.8865625,3.73446941375732
39.8898958333333,3.73619794845581
39.8932291666667,3.73804569244385
39.8965625,3.73995304107666
39.8998958333333,3.74191999435425
39.9032291666667,3.74382734298706
39.9065625,3.74573469161987
39.9098958333333,3.74764204025269
39.9132291666667,3.74948978424072
39.9165625,3.75133752822876
39.9198958333333,3.75312566757202
39.9232291666667,3.75491380691528
39.9265625,3.75670194625854
39.9298958333333,3.75854969024658
39.9332291666667,3.76039743423462
39.9365625,3.76236438751221
39.9398958333333,3.76433134078979
39.9432291666667,3.76629829406738
39.9465625,3.76838445663452
39.9498958333333,3.77041101455688
39.9532291666667,3.77243757247925
39.9565625,3.77452373504639
39.9598958333333,3.77649068832397
39.9632291666667,3.77845764160156
39.9665625,3.78036499023438
39.9698958333333,3.78227233886719
39.9732291666667,3.78406047821045
39.9765625,3.78584861755371
39.9798958333333,3.78763675689697
39.9832291666667,3.78936529159546
39.9865625,3.79103422164917
39.9898958333333,3.79264354705811
39.9932291666667,3.79419326782227
39.9965625,3.79574298858643
39.9998958333333,3.79717350006104
40.0032291666667,3.79860401153564
40.0065625,3.79997491836548
40.0098958333333,3.80128622055054
40.0132291666667,3.80253791809082
40.0165625,3.80373001098633
40.0198958333333,3.80486249923706
40.0232291666667,3.80599498748779
40.0265625,3.80706787109375
40.0298958333333,3.80814075469971
40.0332291666667,3.80909442901611
40.0365625,3.80998849868774
40.0398958333333,3.81076335906982
40.0432291666667,3.81141901016235
40.0465625,3.81195545196533
40.0498958333333,3.81237268447876
40.0532291666667,3.81261110305786
40.0565625,3.81273031234741
40.0598958333333,3.81267070770264
40.0632291666667,3.81249189376831
40.0665625,3.81219387054443
40.0698958333333,3.81183624267578
40.0732291666667,3.81141901016235
40.0765625,3.81100177764893
40.0798958333333,3.81052494049072
40.0832291666667,3.81016731262207
40.0865625,3.80980968475342
40.0898958333333,3.80957126617432
40.0932291666667,3.80939245223999
40.0965625,3.80939245223999
40.0998958333333,3.80945205688477
40.1032291666667,3.80963087081909
40.1065625,3.80992889404297
40.1098958333333,3.8103461265564
40.1132291666667,3.8108229637146
40.1165625,3.81135940551758
40.1198958333333,3.81195545196533
40.1232291666667,3.81261110305786
40.1265625,3.81326675415039
40.1298958333333,3.81392240524292
40.1332291666667,3.81457805633545
40.1365625,3.81523370742798
40.1398958333333,3.81582975387573
40.1432291666667,3.81642580032349
40.1465625,3.81690263748169
40.1498958333333,3.81737947463989
40.1532291666667,3.81779670715332
40.1565625,3.81803512573242
40.1598958333333,3.81821393966675
40.1632291666667,3.81821393966675
40.1665625,3.8180947303772
40.1698958333333,3.8178563117981
40.1732291666667,3.81737947463989
40.1765625,3.81672382354736
40.1798958333333,3.81588935852051
40.1832291666667,3.8149356842041
40.1865625,3.81386280059814
40.1898958333333,3.81261110305786
40.1932291666667,3.8112998008728
40.1965625,3.80986928939819
40.1998958333333,3.80843877792358
40.2032291666667,3.80688905715942
40.2065625,3.80533933639526
40.2098958333333,3.80373001098633
40.2132291666667,3.80212068557739
40.2165625,3.80057096481323
40.2198958333333,3.7989616394043
40.2232291666667,3.79741191864014
40.2265625,3.79592180252075
40.2298958333333,3.79455089569092
40.2332291666667,3.79323959350586
40.2365625,3.79204750061035
40.2398958333333,3.79097461700439
40.2432291666667,3.78996133804321
40.2465625,3.78912687301636
40.2498958333333,3.7882924079895
40.2532291666667,3.78751754760742
40.2565625,3.78686189651489
40.2598958333333,3.78620624542236
40.2632291666667,3.78555059432983
40.2665625,3.78501415252686
40.2698958333333,3.7844181060791
40.2732291666667,3.78388166427612
40.2765625,3.78340482711792
40.2798958333333,3.78298759460449
40.2832291666667,3.78262996673584
40.2865625,3.78239154815674
40.2898958333333,3.78215312957764
40.2932291666667,3.78203392028809
40.2965625,3.78203392028809
40.2998958333333,3.78209352493286
40.3032291666667,3.78227233886719
40.3065625,3.78251075744629
40.3098958333333,3.78292798995972
40.3132291666667,3.78340482711792
40.3165625,3.78400087356567
40.3198958333333,3.78471612930298
40.3232291666667,3.78555059432983
40.3265625,3.78638505935669
40.3298958333333,3.78727912902832
40.3332291666667,3.78817319869995
40.3365625,3.78906726837158
40.3398958333333,3.78996133804321
40.3432291666667,3.79079580307007
40.3465625,3.79157066345215
40.3498958333333,3.79234552383423
40.3532291666667,3.79306077957153
40.3565625,3.79383563995361
40.3598958333333,3.79461050033569
40.3632291666667,3.79550457000732
40.3665625,3.79651784896851
40.3698958333333,3.79765033721924
40.3732291666667,3.79890203475952
40.3765625,3.80027294158936
40.3798958333333,3.80176305770874
40.3832291666667,3.8033127784729
40.3865625,3.80492210388184
40.3898958333333,3.80665063858032
40.3932291666667,3.80837917327881
40.3965625,3.81016731262207
40.3998958333333,3.81195545196533
40.4032291666667,3.81368398666382
40.4065625,3.81547212600708
40.4098958333333,3.81726026535034
40.4132291666667,3.8190484046936
40.4165625,3.82077693939209
40.4198958333333,3.82250547409058
40.4232291666667,3.82417440414429
40.4265625,3.825843334198
40.4298958333333,3.82745265960693
40.4332291666667,3.82906198501587
40.4365625,3.83055210113525
40.4398958333333,3.83210182189941
40.4432291666667,3.8335919380188
40.4465625,3.83514165878296
40.4498958333333,3.83669137954712
40.4532291666667,3.83824110031128
40.4565625,3.83979082107544
40.4598958333333,3.84140014648438
40.4632291666667,3.84300947189331
40.4665625,3.84467840194702
40.4698958333333,3.84640693664551
40.4732291666667,3.84813547134399
40.4765625,3.84986400604248
40.4798958333333,3.85171175003052
40.4832291666667,3.85355949401855
40.4865625,3.85540723800659
40.4898958333333,3.85737419128418
40.4932291666667,3.85940074920654
40.4965625,3.86142730712891
40.4998958333333,3.86351346969604
40.5032291666667,3.86565923690796
40.5065625,3.8677453994751
40.5098958333333,3.86989116668701
40.5132291666667,3.87203693389893
40.5165625,3.87418270111084
40.5198958333333,3.87626886367798
40.5232291666667,3.87835502624512
40.5265625,3.88032197952271
40.5298958333333,3.88228893280029
40.5332291666667,3.88419628143311
40.5365625,3.88598442077637
40.5398958333333,3.88771295547485
40.5432291666667,3.88926267623901
40.5465625,3.89069318771362
40.5498958333333,3.89194488525391
40.5532291666667,3.89295816421509
40.5565625,3.89373302459717
40.5598958333333,3.89426946640015
40.5632291666667,3.89450788497925
40.5665625,3.89456748962402
40.5698958333333,3.89426946640015
40.5732291666667,3.89379262924194
40.5765625,3.89307737350464
40.5798958333333,3.89212369918823
40.5832291666667,3.8909912109375
40.5865625,3.88967990875244
40.5898958333333,3.88818979263306
40.5932291666667,3.88652086257935
40.5965625,3.88473272323608
40.5998958333333,3.88282537460327
40.6032291666667,3.88079881668091
40.6065625,3.87871265411377
40.6098958333333,3.87650728225708
40.6132291666667,3.87424230575562
40.6165625,3.87197732925415
40.6198958333333,3.86965274810791
40.6232291666667,3.86732816696167
40.6265625,3.86500358581543
40.6298958333333,3.86267900466919
40.6332291666667,3.86035442352295
40.6365625,3.85814905166626
40.6398958333333,3.85594367980957
40.6432291666667,3.85379791259766
40.6465625,3.85171175003052
40.6498958333333,3.84974479675293
40.6532291666667,3.84783744812012
40.6565625,3.84598970413208
40.6598958333333,3.84426116943359
40.6632291666667,3.84259223937988
40.6665625,3.84104251861572
40.6698958333333,3.83955240249634
40.6732291666667,3.8381814956665
40.6765625,3.83687019348145
40.6798958333333,3.83567810058594
40.6832291666667,3.83460521697998
40.6865625,3.8335919380188
40.6898958333333,3.83269786834717
40.6932291666667,3.83198261260986
40.6965625,3.83132696151733
40.6998958333333,3.83079051971436
40.7032291666667,3.83037328720093
40.7065625,3.83001565933228
40.7098958333333,3.82977724075317
40.7132291666667,3.82959842681885
40.7165625,3.8294792175293
40.7198958333333,3.82941961288452
40.7232291666667,3.82936000823975
40.7265625,3.82936000823975
40.7298958333333,3.82941961288452
40.7332291666667,3.8294792175293
40.7365625,3.82953882217407
40.7398958333333,3.8297176361084
40.7432291666667,3.82989645004272
40.7465625,3.8301944732666
40.7498958333333,3.83049249649048
40.7532291666667,3.83085012435913
40.7565625,3.83132696151733
40.7598958333333,3.83174419403076
40.7632291666667,3.83222103118896
40.7665625,3.83275747299194
40.7698958333333,3.83323431015015
40.7732291666667,3.83371114730835
40.7765625,3.83424758911133
40.7798958333333,3.83472442626953
40.7832291666667,3.83520126342773
40.7865625,3.83567810058594
40.7898958333333,3.83621454238892
40.7932291666667,3.83675098419189
40.7965625,3.83734703063965
40.7998958333333,3.8379430770874
40.8032291666667,3.83859872817993
40.8065625,3.83931398391724
40.8098958333333,3.84008884429932
40.8132291666667,3.8408637046814
40.8165625,3.84169816970825
40.8198958333333,3.84259223937988
40.8232291666667,3.84348630905151
40.8265625,3.84438037872314
40.8298958333333,3.84527444839478
40.8332291666667,3.84604930877686
40.8365625,3.84682416915894
40.8398958333333,3.84747982025146
40.8432291666667,3.84801626205444
40.8465625,3.84849309921265
40.8498958333333,3.84891033172607
40.8532291666667,3.84926795959473
40.8565625,3.84962558746338
40.8598958333333,3.85004281997681
40.8632291666667,3.85046005249023
40.8665625,3.85099649429321
40.8698958333333,3.85153293609619
40.8732291666667,3.85218858718872
40.8765625,3.85290384292603
40.8798958333333,3.85367870330811
40.8832291666667,3.85451316833496
40.8865625,3.85546684265137
40.8898958333333,3.85648012161255
40.8932291666667,3.85755300521851
40.8965625,3.85868549346924
40.8998958333333,3.8599967956543
40.9032291666667,3.86142730712891
40.9065625,3.86303663253784
40.9098958333333,3.86476516723633
40.9132291666667,3.86667251586914
40.9165625,3.86875867843628
40.9198958333333,3.87102365493774
40.9232291666667,3.87352705001831
40.9265625,3.8762092590332
40.9298958333333,3.87907028198242
40.9332291666667,3.88211011886597
40.9365625,3.88538837432861
40.9398958333333,3.88878583908081
40.9432291666667,3.89236211776733
40.9465625,3.89611721038818
40.9498958333333,3.90005111694336
40.9532291666667,3.90416383743286
40.9565625,3.90851497650146
40.9598958333333,3.91298532485962
40.9632291666667,3.91775369644165
40.9665625,3.92276048660278
40.9698958333333,3.92806529998779
40.9732291666667,3.9336085319519
40.9765625,3.93956899642944
40.9798958333333,3.94576787948608
40.9832291666667,3.95238399505615
40.9865625,3.95941734313965
40.9898958333333,3.96674871444702
40.9932291666667,3.9745569229126
40.9965625,3.9827823638916
40.9998958333333,3.99142503738403
41.0032291666667,4.00060415267944
41.0065625,4.01026010513306
41.0098958333333,4.0205717086792
41.0132291666667,4.03141975402832
41.0165625,4.04292345046997
41.0198958333333,4.05508279800415
41.0232291666667,4.06795740127563
41.0265625,4.08154726028442
41.0298958333333,4.09591197967529
41.0332291666667,4.11099195480347
41.0365625,4.12678718566895
41.0398958333333,4.14341688156128
41.0432291666667,4.16094064712524
41.0465625,4.17929887771606
41.0498958333333,4.19855117797852
41.0532291666667,4.21881675720215
41.0565625,4.24003601074219
41.0598958333333,4.26238775253296
41.0632291666667,4.28575277328491
41.0665625,4.3102502822876
41.0698958333333,4.33593988418579
41.0732291666667,4.36270236968994
41.0765625,4.39071655273438
41.0798958333333,4.41992282867432
41.0832291666667,4.45038080215454
41.0865625,4.48226928710938
41.0898958333333,4.51552867889404
41.0932291666667,4.5502781867981
41.0965625,4.58663702011108
41.0998958333333,4.62466478347778
41.1032291666667,4.66436147689819
41.1065625,4.70590591430664
41.1098958333333,4.74923849105835
41.1132291666667,4.7944188117981
41.1165625,4.84144687652588
41.1198958333333,4.89038228988647
41.1232291666667,4.94110584259033
41.1265625,4.99361753463745
41.1298958333333,5.04785776138306
41.1332291666667,5.10376691818237
41.1365625,5.1613450050354
41.1398958333333,5.22041320800781
41.1432291666667,5.28097152709961
41.1465625,5.34296035766602
41.1498958333333,5.40626049041748
41.1532291666667,5.47093152999878
41.1565625,5.53685426712036
41.1598958333333,5.60420751571655
41.1632291666667,5.67299127578735
41.1665625,5.74326515197754
41.1698958333333,5.81526756286621
41.1732291666667,5.88911771774292
41.1765625,5.96493482589722
41.1798958333333,6.04301691055298
41.1832291666667,6.12348318099976
41.1865625,6.20651245117188
41.1898958333333,6.29228353500366
41.1932291666667,6.38079643249512
41.1965625,6.47217035293579
41.1998958333333,6.56628608703613
41.2032291666667,6.66314363479614
41.2065625,6.76250457763672
41.2098958333333,6.86407089233398
41.2132291666667,6.96748495101929
41.2165625,7.07226991653442
41.2198958333333,7.17777013778687
41.2232291666667,7.28332996368408
41.2265625,7.38811492919922
41.2298958333333,7.49117136001587
41.2332291666667,7.59154558181763
41.2365625,7.68816471099854
41.2398958333333,7.77995586395264
41.2432291666667,7.86584615707397
41.2465625,7.94476270675659
41.2498958333333,8.01581144332886
41.2532291666667,8.07809829711914
41.2565625,8.13090801239014
41.2598958333333,8.17364454269409
41.2632291666667,8.20589065551758
41.2665625,8.22758674621582
41.2698958333333,8.23855400085449
41.2732291666667,8.23909044265747
41.2765625,8.22961330413818
41.2798958333333,8.21059942245483
41.2832291666667,8.18288326263428
41.2865625,8.14729928970337
41.2898958333333,8.10492038726807
41.2932291666667,8.05675983428955
41.2965625,8.00400972366333
41.2998958333333,7.94780254364014
41.3032291666667,7.8892707824707
41.3065625,7.82948732376099
41.3098958333333,7.76946544647217
41.3132291666667,7.71015882492065
41.3165625,7.6524019241333
41.3198958333333,7.59696960449219
41.3232291666667,7.54445791244507
41.3265625,7.4954628944397
41.3298958333333,7.45046138763428
41.3332291666667,7.40975141525269
41.3365625,7.3736310005188
41.3398958333333,7.34233856201172
41.3432291666667,7.315993309021
41.3465625,7.29453563690186
41.3498958333333,7.27814435958862
41.3532291666667,7.26664066314697
41.3565625,7.26008415222168
41.3598958333333,7.25823640823364
41.3632291666667,7.26109743118286
41.3665625,7.26836919784546
41.3698958333333,7.27981328964233
41.3732291666667,7.29519128799438
41.3765625,7.31414556503296
41.3798958333333,7.33619928359985
41.3832291666667,7.36087560653687
41.3865625,7.38763809204102
41.3898958333333,7.41589069366455
41.3932291666667,7.44497776031494
41.3965625,7.47418403625488
41.3998958333333,7.50279426574707
41.4032291666667,7.53015279769897
41.4065625,7.55554437637329
41.4098958333333,7.57825374603271
41.4132291666667,7.59768486022949
41.4165625,7.61324167251587
41.4198958333333,7.62444734573364
41.4232291666667,7.63112306594849
41.4265625,7.63309001922607
41.4298958333333,7.63034820556641
41.4332291666667,7.62313604354858
41.4365625,7.61204957962036
41.4398958333333,7.59762525558472
41.4432291666667,7.58081674575806
41.4465625,7.56269693374634
41.4498958333333,7.54451751708984
41.4532291666667,7.52770900726318
41.4565625,7.51376152038574
41.4598958333333,7.50428438186646
41.4632291666667,7.50112533569336
41.4665625,7.50595331192017
41.4698958333333,7.52061605453491
41.4732291666667,7.54702091217041
41.4765625,7.5870156288147
41.4798958333333,7.64250755310059
41.4832291666667,7.71540403366089
41.4865625,7.80761241912842
41.4898958333333,7.92109966278076
41.4932291666667,8.05777311325073
41.4965625,8.21977853775024
41.4998958333333,8.40902328491211
41.5032291666667,8.62777233123779
41.5065625,8.87823104858398
41.5098958333333,9.16260480880737
41.5132291666667,9.48327779769897
41.5165625,9.8426342010498
41.5198958333333,10.2431178092957
41.5232291666667,10.6871724128723
41.5265625,11.1773610115051
41.5298958333333,11.7160677909851
41.5332291666667,12.3057961463928
41.5365625,12.9490494728088
41.5398958333333,13.6482715606689
41.5432291666667,14.4059062004089
41.5465625,15.2243375778198
41.5498958333333,16.106128692627
41.5532291666667,17.0538425445557
41.5565625,18.0701613426208
41.5598958333333,19.1578269004822
41.5632291666667,20.3198790550232
41.5665625,21.5595364570618
41.5698958333333,22.8801965713501
41.5732291666667,24.2856740951538
41.5765625,25.7799625396729
41.5798958333333,27.3671746253967
41.5832291666667,29.0517807006836
41.5865625,30.8380722999573
41.5898958333333,32.7304005622864
41.5932291666667,34.7328186035156
41.5965625,36.8489623069763
41.5998958333333,39.0818119049072
41.6032291666667,41.4335131645203
41.6065625,43.9051985740662
41.6098958333333,46.4970469474792
41.6132291666667,49.207866191864
41.6165625,52.0352721214294
41.6198958333333,54.9757480621338
41.6232291666667,58.0246448516846
41.6265625,61.1763596534729
41.6298958333333,64.4246935844421
41.6332291666667,67.7629113197327
41.6365625,71.1842775344849
41.6398958333333,74.6824145317078
41.6432291666667,78.2513618469238
41.6465625,81.8861126899719
41.6498958333333,85.5830311775208
41.6532291666667,89.3398523330688
41.6565625,93.1559205055237
41.6598958333333,97.0322489738464
41.6632291666667,100.971519947052
41.6665625,104.978024959564
41.6698958333333,109.057366847992
41.6732291666667,113.216161727905
41.6765625,117.461740970612
41.6798958333333,121.801555156708
41.6832291666667,126.242637634277
41.6865625,130.791068077087
41.6898958333333,135.451138019562
41.6932291666667,140.224754810333
41.6965625,145.110666751862
41.6998958333333,150.103688240051
41.7032291666667,155.193984508514
41.7065625,160.366356372833
41.7098958333333,165.599703788757
41.7132291666667,170.866727828979
41.7165625,176.133513450623
41.7198958333333,181.359767913818
41.7232291666667,186.498880386353
41.7265625,191.498696804047
41.7298958333333,196.302115917206
41.7332291666667,200.848579406738
41.7365625,205.075442790985
41.7398958333333,208.919405937195
41.7432291666667,212.31871843338
41.7465625,215.214908123016
41.7498958333333,217.554807662964
41.7532291666667,219.292223453522
41.7565625,220.38996219635
41.7598958333333,220.820784568787
41.7632291666667,220.568656921387
41.7665625,219.629406929016
41.7698958333333,218.010902404785
41.7732291666667,215.732634067535
41.7765625,212.825357913971
41.7798958333333,209.329903125763
41.7832291666667,205.295741558075
41.7865625,200.779616832733
41.7898958333333,195.843517780304
41.7932291666667,190.55300951004
41.7965625,184.975385665894
41.7998958333333,179.177701473236
41.8032291666667,173.225402832031
41.8065625,167.180716991425
41.8098958333333,161.101698875427
41.8132291666667,155.040919780731
41.8165625,149.04522895813
41.8198958333333,143.155157566071
41.8232291666667,137.40462064743
41.8265625,131.82145357132
41.8298958333333,126.427114009857
41.8332291666667,121.237456798553
41.8365625,116.263151168823
41.8398958333333,111.510217189789
41.8432291666667,106.980741024017
41.8465625,102.673470973969
41.8498958333333,98.5842943191528
41.8532291666667,94.707190990448
41.8565625,91.0342335700989
41.8598958333333,87.5566601753235
41.8632291666667,84.2646956443787
41.8665625,81.1483860015869
41.8698958333333,78.1975388526917
41.8732291666667,75.4020810127258
41.8765625,72.7521777153015
41.8798958333333,70.238471031189
41.8832291666667,67.8520202636719
41.8865625,65.5843615531921
41.8898958333333,63.427746295929
41.8932291666667,61.3747835159302
41.8965625,59.4186782836914
41.8998958333333,57.5531125068665
41.9032291666667,55.7722449302673
41.9065625,54.0705919265747
41.9098958333333,52.4430871009827
41.9132291666667,50.885021686554
41.9165625,49.3919849395752
41.9198958333333,47.9598641395569
41.9232291666667,46.5847253799438
41.9265625,45.2629923820496
41.9298958333333,43.9912676811218
41.9332291666667,42.766273021698
41.9365625,41.5850877761841
41.9398958333333,40.4447913169861
41.9432291666667,39.3428206443787
41.9465625,38.2766723632813
41.9498958333333,37.2441411018372
41.9532291666667,36.2430214881897
41.9565625,35.2715253829956
41.9598958333333,34.3278050422668
41.9632291666667,33.410370349884
41.9665625,32.5177311897278
41.9698958333333,31.6487550735474
41.9732291666667,30.8023691177368
41.9765625,29.9775004386902
41.9798958333333,29.1734933853149
41.9832291666667,28.389573097229
41.9865625,27.6252627372742
41.9898958333333,26.8800854682922
41.9932291666667,26.1537432670593
41.9965625,25.4459977149963
41.9998958333333,24.7567296028137
42.0032291666667,24.0859389305115
42.0065625,23.4335064888
42.0098958333333,22.7996110916138
42.0132291666667,22.1842527389526
42.0165625,21.5874910354614
42.0198958333333,21.0095047950745
42.0232291666667,20.450234413147
42.0265625,19.9097990989685
42.0298958333333,19.3880796432495
42.0332291666667,18.8851952552795
42.0365625,18.4008479118347
42.0398958333333,17.935037612915
42.0432291666667,17.4874067306519
42.0465625,17.0577168464661
42.0498958333333,16.645610332489
42.0532291666667,16.2507295608521
42.0565625,15.8726572990417
42.0598958333333,15.5107975006104
42.0632291666667,15.1646733283997
42.0665625,14.8336887359619
42.0698958333333,14.5171284675598
42.0732291666667,14.2145156860352
42.0765625,13.9249563217163
42.0798958333333,13.6479139328003
42.0832291666667,13.382613658905
42.0865625,13.1283402442932
42.0898958333333,12.8843784332275
42.0932291666667,12.6500725746155
42.0965625,12.4247670173645
42.0998958333333,12.2078061103821
42.1032291666667,11.99871301651
42.1065625,11.7969512939453
42.1098958333333,11.601984500885
42.1132291666667,11.4134550094604
42.1165625,11.2308859825134
42.1198958333333,11.0538601875305
42.1232291666667,10.8821392059326
42.1265625,10.7153654098511
42.1298958333333,10.5531811714172
42.1332291666667,10.3954076766968
42.1365625,10.2417469024658
42.1398958333333,10.09202003479
42.1432291666667,9.94604825973511
42.1465625,9.80371236801147
42.1498958333333,9.66483354568481
42.1532291666667,9.52935218811035
42.1565625,9.39714908599854
42.1598958333333,9.26816463470459
42.1632291666667,9.14227962493896
42.1665625,9.01943445205688
42.1698958333333,8.89956951141357
42.1732291666667,8.78256559371948
42.1765625,8.66836309432983
42.1798958333333,8.55690240859985
42.1832291666667,8.44806432723999
42.1865625,8.34184885025024
42.1898958333333,8.23819637298584
42.1932291666667,8.137047290802
42.1965625,8.03834199905396
42.1998958333333,7.94214010238647
42.2032291666667,7.84838199615479
42.2065625,7.75706768035889
42.2098958333333,7.668137550354
42.2132291666667,7.58159160614014
42.2165625,7.49737024307251
42.2198958333333,7.4155330657959
42.2232291666667,7.33590126037598
42.2265625,7.25853443145752
42.2298958333333,7.18331336975098
42.2332291666667,7.11017847061157
42.2365625,7.03907012939453
42.2398958333333,6.96998834609985
42.2432291666667,6.90281391143799
42.2465625,6.83754682540894
42.2498958333333,6.77412748336792
42.2532291666667,6.71255588531494
42.2565625,6.65283203125
42.2598958333333,6.59489631652832
42.2632291666667,6.53886795043945
42.2665625,6.48456811904907
42.2698958333333,6.43205642700195
42.2732291666667,6.38127326965332
42.2765625,6.3321590423584
42.2798958333333,6.28471374511719
42.2832291666667,6.23875856399536
42.2865625,6.19429349899292
42.2898958333333,6.15125894546509
42.2932291666667,6.10953569412231
42.2965625,6.0691237449646
42.2998958333333,6.02996349334717
42.3032291666667,5.99193572998047
42.3065625,5.95515966415405
42.3098958333333,5.91945648193359
42.3132291666667,5.88482618331909
42.3165625,5.85120916366577
42.3198958333333,5.81854581832886
42.3232291666667,5.78689575195313
42.3265625,5.75602054595947
42.3298958333333,5.72597980499268
42.3332291666667,5.69665431976318
42.3365625,5.668044090271
42.3398958333333,5.64008951187134
42.3432291666667,5.61279058456421
42.3465625,5.58608770370483
42.3498958333333,5.55998086929321
42.3532291666667,5.53447008132935
42.3565625,5.50961494445801
42.3598958333333,5.48523664474487
42.3632291666667,5.46151399612427
42.3665625,5.43832778930664
42.3698958333333,5.41573762893677
42.3732291666667,5.39368391036987
42.3765625,5.37216663360596
42.3798958333333,5.35124540328979
42.3832291666667,5.33086061477661
42.3865625,5.31107187271118
42.3898958333333,5.29187917709351
42.3932291666667,5.27328252792358
42.3965625,5.25522232055664
42.3998958333333,5.23769855499268
42.4032291666667,5.22071123123169
42.4065625,5.20420074462891
42.4098958333333,5.1882266998291
42.4132291666667,5.1727294921875
42.4165625,5.1577091217041
42.4198958333333,5.14322519302368
42.4232291666667,5.12915849685669
42.4265625,5.11568784713745
42.4298958333333,5.10269403457642
42.4332291666667,5.09023666381836
42.4365625,5.07831573486328
42.4398958333333,5.06687164306641
42.4432291666667,5.05590438842773
42.4465625,5.04541397094727
42.4498958333333,5.03528118133545
42.4532291666667,5.02544641494751
42.4565625,5.01596927642822
42.4598958333333,5.00667095184326
42.4632291666667,4.9976110458374
42.4665625,4.98861074447632
42.4698958333333,4.97972965240479
42.4732291666667,4.97084856033325
42.4765625,4.96196746826172
42.4798958333333,4.95308637619019
42.4832291666667,4.94420528411865
42.4865625,4.93526458740234
42.4898958333333,4.92626428604126
42.4932291666667,4.91732358932495
42.4965625,4.90826368331909
42.4998958333333,4.89914417266846
42.5032291666667,4.89002466201782
42.5065625,4.88078594207764
42.5098958333333,4.87148761749268
42.5132291666667,4.86207008361816
42.5165625,4.85265254974365
42.5198958333333,4.84311580657959
42.5232291666667,4.83357906341553
42.5265625,4.82404232025146
42.5298958333333,4.81462478637695
42.5332291666667,4.80520725250244
42.5365625,4.79596853256226
42.5398958333333,4.78684902191162
42.5432291666667,4.77784872055054
42.5465625,4.76908683776855
42.5498958333333,4.7605037689209
42.5532291666667,4.75215911865234
42.5565625,4.74399328231812
42.5598958333333,4.73600625991821
42.5632291666667,4.72831726074219
42.5665625,4.72080707550049
42.5698958333333,4.71347570419312
42.5732291666667,4.70644235610962
42.5765625,4.69958782196045
42.5798958333333,4.69303131103516
42.5832291666667,4.68671321868896
42.5865625,4.68063354492188
42.5898958333333,4.67473268508911
42.5932291666667,4.66912984848022
42.5965625,4.66370582580566
42.5998958333333,4.65846061706543
42.6032291666667,4.6534538269043
42.6065625,4.64850664138794
42.6098958333333,4.64373826980591
42.6132291666667,4.63908910751343
42.6165625,4.6345591545105
42.6198958333333,4.63014841079712
42.6232291666667,4.62585687637329
42.6265625,4.62174415588379
42.6298958333333,4.61781024932861
42.6332291666667,4.61405515670776
42.6365625,4.61041927337646
42.6398958333333,4.60702180862427
42.6432291666667,4.6038031578064
42.6465625,4.60070371627808
42.6498958333333,4.59772348403931
42.6532291666667,4.59480285644531
42.6565625,4.59200143814087
42.6598958333333,4.58920001983643
42.6632291666667,4.58645820617676
42.6665625,4.58377599716187
42.6698958333333,4.58115339279175
42.6732291666667,4.57864999771118
42.6765625,4.57614660263062
42.6798958333333,4.5737624168396
42.6832291666667,4.57143783569336
42.6865625,4.56917285919189
42.6898958333333,4.56696748733521
42.6932291666667,4.56482172012329
42.6965625,4.56273555755615
42.6998958333333,4.56070899963379
42.7032291666667,4.55868244171143
42.7065625,4.55665588378906
42.7098958333333,4.55468893051147
42.7132291666667,4.55278158187866
42.7165625,4.55087423324585
42.7198958333333,4.54896688461304
42.7232291666667,4.54705953598022
42.7265625,4.54521179199219
42.7298958333333,4.54342365264893
42.7332291666667,4.54169511795044
42.7365625,4.53996658325195
42.7398958333333,4.53829765319824
42.7432291666667,4.53668832778931
42.7465625,4.53513860702515
42.7498958333333,4.53358888626099
42.7532291666667,4.53203916549683
42.7565625,4.53054904937744
42.7598958333333,4.52899932861328
42.7632291666667,4.5275092124939
42.7665625,4.52601909637451
42.7698958333333,4.52446937561035
42.7732291666667,4.52297925949097
42.7765625,4.52154874801636
42.7798958333333,4.52017784118652
42.7832291666667,4.51880693435669
42.7865625,4.51755523681641
42.7898958333333,4.51630353927612
42.7932291666667,4.51511144638062
42.7965625,4.51403856277466
42.7998958333333,4.5129656791687
42.8032291666667,4.51189279556274
42.8065625,4.51093912124634
42.8098958333333,4.50998544692993
42.8132291666667,4.50903177261353
42.8165625,4.50813770294189
42.8198958333333,4.50724363327026
42.8232291666667,4.50634956359863
42.8265625,4.50551509857178
42.8298958333333,4.50462102890015
42.8332291666667,4.50372695922852
42.8365625,4.50277328491211
42.8398958333333,4.5018196105957
42.8432291666667,4.50074672698975
42.8465625,4.49961423873901
42.8498958333333,4.49848175048828
42.8532291666667,4.497230052948
42.8565625,4.49597835540771
42.8598958333333,4.49472665786743
42.8632291666667,4.49341535568237
42.8665625,4.49222326278687
42.8698958333333,4.49097156524658
42.8732291666667,4.48977947235107
42.8765625,4.48864698410034
42.8798958333333,4.48757410049438
42.8832291666667,4.4865608215332
42.8865625,4.48566675186157
42.8898958333333,4.48477268218994
42.8932291666667,4.48399782180786
42.8965625,4.48322296142578
42.8998958333333,4.48250770568848
42.9032291666667,4.48185205459595
42.9065625,4.48125600814819
42.9098958333333,4.48071956634521
42.9132291666667,4.48018312454224
42.9165625,4.47964668273926
42.9198958333333,4.47911024093628
42.9232291666667,4.4785737991333
42.9265625,4.47803735733032
42.9298958333333,4.47744131088257
42.9332291666667,4.47684526443481
42.9365625,4.47624921798706
42.9398958333333,4.47559356689453
42.9432291666667,4.47487831115723
42.9465625,4.4742226600647
42.9498958333333,4.47350740432739
42.9532291666667,4.47285175323486
42.9565625,4.47213649749756
42.9598958333333,4.47148084640503
42.9632291666667,4.4708251953125
42.9665625,4.47016954421997
42.9698958333333,4.46957349777222
42.9732291666667,4.46885824203491
42.9765625,4.46814298629761
42.9798958333333,4.4674277305603
42.9832291666667,4.46659326553345
42.9865625,4.46575880050659
42.9898958333333,4.46486473083496
42.9932291666667,4.46391105651855
42.9965625,4.46289777755737
42.9998958333333,4.46188449859619
43.0032291666667,4.46087121963501
43.0065625,4.4599175453186
43.0098958333333,4.45902347564697
43.0132291666667,4.45818901062012
43.0165625,4.45741415023804
43.0198958333333,4.45669889450073
43.0232291666667,4.45610284805298
43.0265625,4.45556640625
43.0298958333333,4.45502996444702
43.0332291666667,4.45455312728882
43.0365625,4.45413589477539
43.0398958333333,4.45371866226196
43.0432291666667,4.45330142974854
43.0465625,4.45288419723511
43.0498958333333,4.45246696472168
43.0532291666667,4.45204973220825
43.0565625,4.45163249969482
43.0598958333333,4.45127487182617
43.0632291666667,4.45085763931274
43.0665625,4.45050001144409
43.0698958333333,4.45020198822021
43.0732291666667,4.44996356964111
43.0765625,4.44978475570679
43.0798958333333,4.44960594177246
43.0832291666667,4.44960594177246
43.0865625,4.44960594177246
43.0898958333333,4.44972515106201
43.0932291666667,4.44996356964111
43.0965625,4.45026159286499
43.0998958333333,4.45055961608887
43.1032291666667,4.45091724395752
43.1065625,4.45133447647095
43.1098958333333,4.4516921043396
43.1132291666667,4.45210933685303
43.1165625,4.45246696472168
43.1198958333333,4.45276498794556
43.1232291666667,4.45312261581421
43.1265625,4.45336103439331
43.1298958333333,4.45359945297241
43.1332291666667,4.45383787155151
43.1365625,4.45395708084106
43.1398958333333,4.45407629013062
43.1432291666667,4.45419549942017
43.1465625,4.45419549942017
43.1498958333333,4.45419549942017
43.1532291666667,4.45413589477539
43.1565625,4.45413589477539
43.1598958333333,4.45407629013062
43.1632291666667,4.45401668548584
43.1665625,4.45401668548584
43.1698958333333,4.45401668548584
43.1732291666667,4.45407629013062
43.1765625,4.45413589477539
43.1798958333333,4.45419549942017
43.1832291666667,4.45431470870972
43.1865625,4.45443391799927
43.1898958333333,4.45455312728882
43.1932291666667,4.45473194122314
43.1965625,4.45491075515747
43.1998958333333,4.45514917373657
43.2032291666667,4.45544719696045
43.2065625,4.45574522018433
43.2098958333333,4.45610284805298
43.2132291666667,4.45646047592163
43.2165625,4.45675849914551
43.2198958333333,4.45693731307983
43.2232291666667,4.45705652236938
43.2265625,4.45705652236938
43.2298958333333,4.45687770843506
43.2332291666667,4.45657968521118
43.2365625,4.4560432434082
43.2398958333333,4.45544719696045
43.2432291666667,4.45473194122314
43.2465625,4.45395708084106
43.2498958333333,4.45318222045898
43.2532291666667,4.45234775543213
43.2565625,4.45151329040527
43.2598958333333,4.45073843002319
43.2632291666667,4.44996356964111
43.2665625,4.44924831390381
43.2698958333333,4.44847345352173
43.2732291666667,4.44769859313965
43.2765625,4.44686412811279
43.2798958333333,4.44597005844116
43.2832291666667,4.44507598876953
43.2865625,4.4441819190979
43.2898958333333,4.44316864013672
43.2932291666667,4.44221496582031
43.2965625,4.44120168685913
43.2998958333333,4.44018840789795
43.3032291666667,4.43917512893677
43.3065625,4.43816184997559
43.3098958333333,4.43720817565918
43.3132291666667,4.436194896698
43.3165625,4.43518161773682
43.3198958333333,4.43422794342041
43.3232291666667,4.43321466445923
43.3265625,4.43220138549805
43.3298958333333,4.43112850189209
43.3332291666667,4.43005561828613
43.3365625,4.42898273468018
43.3398958333333,4.42790985107422
43.3432291666667,4.42683696746826
43.3465625,4.4257640838623
43.3498958333333,4.42475080490112
43.3532291666667,4.42379713058472
43.3565625,4.42290306091309
43.3598958333333,4.42200899124146
43.3632291666667,4.4211745262146
43.3665625,4.42034006118774
43.3698958333333,4.41950559616089
43.3732291666667,4.41861152648926
43.3765625,4.41765785217285
43.3798958333333,4.41664457321167
43.3832291666667,4.41563129425049
43.3865625,4.41455841064453
43.3898958333333,4.4134259223938
43.3932291666667,4.41235303878784
43.3965625,4.41133975982666
43.3998958333333,4.41032648086548
43.4032291666667,4.40943241119385
43.4065625,4.40847873687744
43.4098958333333,4.40764427185059
43.4132291666667,4.40680980682373
43.4165625,4.40609455108643
43.4198958333333,4.40531969070435
43.4232291666667,4.40466403961182
43.4265625,4.40394878387451
43.4298958333333,4.40335273742676
43.4332291666667,4.402756690979
43.4365625,4.40216064453125
43.4398958333333,4.40162420272827
43.4432291666667,4.40108776092529
43.4465625,4.40055131912231
43.4498958333333,4.39995527267456
43.4532291666667,4.39929962158203
43.4565625,4.39858436584473
43.4598958333333,4.39774990081787
43.4632291666667,4.39679622650146
43.4665625,4.39578294754028
43.4698958333333,4.39471006393433
43.4732291666667,4.39357757568359
43.4765625,4.39232587814331
43.4798958333333,4.39107418060303
43.4832291666667,4.38982248306274
43.4865625,4.38851118087769
43.4898958333333,4.3872594833374
43.4932291666667,4.38594818115234
43.4965625,4.38463687896729
43.4998958333333,4.38326597213745
43.5032291666667,4.38183546066284
43.5065625,4.38040494918823
43.5098958333333,4.37885522842407
43.5132291666667,4.37724590301514
43.5165625,4.3756365776062
43.5198958333333,4.37390804290771
43.5232291666667,4.37211990356445
43.5265625,4.37039136886597
43.5298958333333,4.36854362487793
43.5332291666667,4.36669588088989
43.5365625,4.36484813690186
43.5398958333333,4.36305999755859
43.5432291666667,4.36127185821533
43.5465625,4.35948371887207
43.5498958333333,4.35781478881836
43.5532291666667,4.35620546340942
43.5565625,4.35465574264526
43.5598958333333,4.35322523117065
43.5632291666667,4.35185432434082
43.5665625,4.35066223144531
43.5698958333333,4.3494701385498
43.5732291666667,4.34839725494385
43.5765625,4.34732437133789
43.5798958333333,4.34625148773193
43.5832291666667,4.34517860412598
43.5865625,4.34404611587524
43.5898958333333,4.34297323226929
43.5932291666667,4.34184074401855
43.5965625,4.34070825576782
43.5998958333333,4.33957576751709
43.6032291666667,4.33844327926636
43.6065625,4.33743000030518
43.6098958333333,4.33647632598877
43.6132291666667,4.33558225631714
43.6165625,4.33474779129028
43.6198958333333,4.3339729309082
43.6232291666667,4.33331727981567
43.6265625,4.33272123336792
43.6298958333333,4.33212518692017
43.6332291666667,4.33152914047241
43.6365625,4.33105230331421
43.6398958333333,4.33051586151123
43.6432291666667,4.33003902435303
43.6465625,4.32956218719482
43.6498958333333,4.3291449546814
43.6532291666667,4.32872772216797
43.6565625,4.32831048965454
43.6598958333333,4.32795286178589
43.6632291666667,4.32759523391724
43.6665625,4.32717800140381
43.6698958333333,4.32682037353516
43.6732291666667,4.32634353637695
43.6765625,4.32580709457397
43.6798958333333,4.325270652771
43.6832291666667,4.32461500167847
43.6865625,4.32389974594116
43.6898958333333,4.32312488555908
43.6932291666667,4.32229042053223
43.6965625,4.3213963508606
43.6998958333333,4.32044267654419
43.7032291666667,4.31948900222778
43.7065625,4.31853532791138
43.7098958333333,4.31758165359497
43.7132291666667,4.31668758392334
43.7165625,4.31573390960693
43.7198958333333,4.31478023529053
43.7232291666667,4.3138861656189
43.7265625,4.31299209594727
43.7298958333333,4.31209802627563
43.7332291666667,4.31126356124878
43.7365625,4.31042909622192
43.7398958333333,4.30965423583984
43.7432291666667,4.30893898010254
43.7465625,4.30834293365479
43.7498958333333,4.30780649185181
43.7532291666667,4.30744886398315
43.7565625,4.30721044540405
43.7598958333333,4.3070912361145
43.7632291666667,4.3070912361145
43.7665625,4.30715084075928
43.7698958333333,4.30721044540405
43.7732291666667,4.3073296546936
43.7765625,4.30744886398315
43.7798958333333,4.30756807327271
43.7832291666667,4.30762767791748
43.7865625,4.30768728256226
43.7898958333333,4.30780649185181
43.7932291666667,4.30786609649658
43.7965625,4.30804491043091
43.7998958333333,4.30822372436523
43.8032291666667,4.30846214294434
43.8065625,4.30876016616821
43.8098958333333,4.30905818939209
43.8132291666667,4.30941581726074
43.8165625,4.30977344512939
43.8198958333333,4.3100118637085
43.8232291666667,4.3102502822876
43.8265625,4.31042909622192
43.8298958333333,4.31054830551147
43.8332291666667,4.31060791015625
43.8365625,4.31060791015625
43.8398958333333,4.31060791015625
43.8432291666667,4.31054830551147
43.8465625,4.3104887008667
43.8498958333333,4.3104887008667
43.8532291666667,4.31042909622192
43.8565625,4.3104887008667
43.8598958333333,4.31054830551147
43.8632291666667,4.31066751480103
43.8665625,4.31084632873535
43.8698958333333,4.31108474731445
43.8732291666667,4.31138277053833
43.8765625,4.31168079376221
43.8798958333333,4.31203842163086
43.8832291666667,4.31239604949951
43.8865625,4.31281328201294
43.8898958333333,4.31317090988159
43.8932291666667,4.31358814239502
43.8965625,4.31406497955322
43.8998958333333,4.31454181671143
43.9032291666667,4.31513786315918
43.9065625,4.31585311889648
43.9098958333333,4.31662797927856
43.9132291666667,4.31758165359497
43.9165625,4.31865453720093
43.9198958333333,4.31984663009644
43.9232291666667,4.32115793228149
43.9265625,4.32252883911133
43.9298958333333,4.32401895523071
43.9332291666667,4.32544946670532
43.9365625,4.32699918746948
43.9398958333333,4.32860851287842
43.9432291666667,4.33021783828735
43.9465625,4.33194637298584
43.9498958333333,4.33379411697388
43.9532291666667,4.33576107025146
43.9565625,4.3378472328186
43.9598958333333,4.34011220932007
43.9632291666667,4.34243679046631
43.9665625,4.34499979019165
43.9698958333333,4.34762239456177
43.9732291666667,4.35042381286621
43.9765625,4.35328483581543
43.9798958333333,4.3562650680542
43.9832291666667,4.35930490493774
43.9865625,4.36234474182129
43.9898958333333,4.36550378799438
43.9932291666667,4.36866283416748
43.9965625,4.37182188034058
43.9998958333333,4.37504053115845
44.0032291666667,4.37825918197632
44.0065625,4.38159704208374
44.0098958333333,4.38493490219116
44.0132291666667,4.38845157623291
44.0165625,4.39196825027466
44.0198958333333,4.39566373825073
44.0232291666667,4.39947843551636
44.0265625,4.40341234207153
44.0298958333333,4.40752506256104
44.0332291666667,4.41169738769531
44.0365625,4.41598892211914
44.0398958333333,4.42034006118774
44.0432291666667,4.4248104095459
44.0465625,4.42934036254883
44.0498958333333,4.43398952484131
44.0532291666667,4.43869829177856
44.0565625,4.44352626800537
44.0598958333333,4.44841384887695
44.0632291666667,4.45342063903809
44.0665625,4.45848703384399
44.0698958333333,4.46361303329468
44.0732291666667,4.46891784667969
44.0765625,4.4742226600647
44.0798958333333,4.47964668273926
44.0832291666667,4.48507070541382
44.0865625,4.49067354202271
44.0898958333333,4.49627637863159
44.0932291666667,4.50193881988525
44.0965625,4.50766086578369
44.0998958333333,4.51350212097168
44.1032291666667,4.51934337615967
44.1065625,4.52518463134766
44.1098958333333,4.5311450958252
44.1132291666667,4.53710556030273
44.1165625,4.54306602478027
44.1198958333333,4.54896688461304
44.1232291666667,4.55492734909058
44.1265625,4.56076860427856
44.1298958333333,4.56660985946655
44.1332291666667,4.57239151000977
44.1365625,4.5781135559082
44.1398958333333,4.58365678787231
44.1432291666667,4.58914041519165
44.1465625,4.59450483322144
44.1498958333333,4.59975004196167
44.1532291666667,4.60493564605713
44.1565625,4.61000204086304
44.1598958333333,4.61506843566895
44.1632291666667,4.62007522583008
44.1665625,4.62502241134644
44.1698958333333,4.62996959686279
44.1732291666667,4.63485717773438
44.1765625,4.63974475860596
44.1798958333333,4.64457273483276
44.1832291666667,4.64934110641479
44.1865625,4.6539306640625
44.1898958333333,4.65840101242065
44.1932291666667,4.66263294219971
44.1965625,4.66668605804443
44.1998958333333,4.67050075531006
44.2032291666667,4.67413663864136
44.2065625,4.67753410339355
44.2098958333333,4.68063354492188
44.2132291666667,4.68361377716064
44.2165625,4.68629598617554
44.2198958333333,4.6887993812561
44.2232291666667,4.69100475311279
44.2265625,4.69297170639038
44.2298958333333,4.69470024108887
44.2332291666667,4.69613075256348
44.2365625,4.69726324081421
44.2398958333333,4.69803810119629
44.2432291666667,4.69845533370972
44.2465625,4.69851493835449
44.2498958333333,4.69821691513062
44.2532291666667,4.69762086868286
44.2565625,4.69660758972168
44.2598958333333,4.69529628753662
44.2632291666667,4.69362735748291
44.2665625,4.69166040420532
44.2698958333333,4.68933582305908
44.2732291666667,4.68677282333374
44.2765625,4.6839714050293
44.2798958333333,4.68093156814575
44.2832291666667,4.67771291732788
44.2865625,4.67425584793091
44.2898958333333,4.67067956924438
44.2932291666667,4.66698408126831
44.2965625,4.66316938400269
44.2998958333333,4.65923547744751
44.3032291666667,4.65524196624756
44.3065625,4.65118885040283
44.3098958333333,4.64701652526855
44.3132291666667,4.64290380477905
44.3165625,4.63879108428955
44.3198958333333,4.63473796844482
44.3232291666667,4.63074445724487
44.3265625,4.6268105506897
44.3298958333333,4.6229362487793
44.3332291666667,4.61912155151367
44.3365625,4.6154260635376
44.3398958333333,4.61173057556152
44.3432291666667,4.60809469223022
44.3465625,4.60445880889893
44.3498958333333,4.6008825302124
44.3532291666667,4.59730625152588
44.3565625,4.59378957748413
44.3598958333333,4.59027290344238
44.3632291666667,4.58675622940063
44.3665625,4.58329916000366
44.3698958333333,4.57984209060669
44.3732291666667,4.57644462585449
44.3765625,4.57304716110229
44.3798958333333,4.5696496963501
44.3832291666667,4.56637144088745
44.3865625,4.56303358078003
44.3898958333333,4.55981492996216
44.3932291666667,4.55665588378906
44.3965625,4.55355644226074
44.3998958333333,4.5505166053772
44.4032291666667,4.5475959777832
44.4065625,4.54479455947876
44.4098958333333,4.54199314117432
44.4132291666667,4.5393705368042
44.4165625,4.53680753707886
44.4198958333333,4.53436374664307
44.4232291666667,4.53203916549683
44.4265625,4.52989339828491
44.4298958333333,4.52792644500732
44.4332291666667,4.52607870101929
44.4365625,4.52440977096558
44.4398958333333,4.52297925949097
44.4432291666667,4.52166795730591
44.4465625,4.5204758644104
44.4498958333333,4.51940298080444
44.4532291666667,4.51833009719849
44.4565625,4.5173168182373
44.4598958333333,4.51624393463135
44.4632291666667,4.51511144638062
44.4665625,4.51385974884033
44.4698958333333,4.5124888420105
44.4732291666667,4.51105833053589
44.4765625,4.50950860977173
44.4798958333333,4.50783967971802
44.4832291666667,4.50611114501953
44.4865625,4.50432300567627
44.4898958333333,4.50247526168823
44.4932291666667,4.50050830841064
44.4965625,4.49854135513306
44.4998958333333,4.49645519256592
44.5032291666667,4.49436902999878
44.5065625,4.49222326278687
44.5098958333333,4.49001789093018
44.5132291666667,4.48781251907349
44.5165625,4.4856071472168
44.5198958333333,4.48340177536011
44.5232291666667,4.48113679885864
44.5265625,4.47893142700195
44.5298958333333,4.47666645050049
44.5332291666667,4.47440147399902
44.5365625,4.47207689285278
44.5398958333333,4.46969270706177
44.5432291666667,4.4671893119812
44.5465625,4.46468591690063
44.5498958333333,4.46218252182007
44.5532291666667,4.45961952209473
44.5565625,4.45705652236938
44.5598958333333,4.45461273193359
44.5632291666667,4.45222854614258
44.5665625,4.44990396499634
44.5698958333333,4.44769859313965
44.5732291666667,4.44561243057251
44.5765625,4.44358587265015
44.5798958333333,4.44173812866211
44.5832291666667,4.43989038467407
44.5865625,4.43822145462036
44.5898958333333,4.43655252456665
44.5932291666667,4.43506240844727
44.5965625,4.43369150161743
44.5998958333333,4.43243980407715
44.6032291666667,4.43136692047119
44.6065625,4.43047285079956
44.6098958333333,4.42981719970703
44.6132291666667,4.4293999671936
44.6165625,4.42922115325928
44.6198958333333,4.42934036254883
44.6232291666667,4.42963838577271
44.6265625,4.43023443222046
44.6298958333333,4.43106889724731
44.6332291666667,4.43214178085327
44.6365625,4.43345308303833
44.6398958333333,4.43506240844727
44.6432291666667,4.43685054779053
44.6465625,4.43887710571289
44.6498958333333,4.44114208221436
44.6532291666667,4.44358587265015
44.6565625,4.44614887237549
44.6598958333333,4.44895029067993
44.6632291666667,4.45187091827393
44.6665625,4.45491075515747
44.6698958333333,4.45801019668579
44.6732291666667,4.46122884750366
44.6765625,4.46450710296631
44.6798958333333,4.46784496307373
44.6832291666667,4.4713020324707
44.6865625,4.4746994972229
44.6898958333333,4.47821617126465
44.6932291666667,4.4817328453064
44.6965625,4.48524951934814
44.6998958333333,4.48882579803467
44.7032291666667,4.49234247207642
44.7065625,4.49585914611816
44.7098958333333,4.49931621551514
44.7132291666667,4.50271368026733
44.7165625,4.50605154037476
44.7198958333333,4.50927019119263
44.7232291666667,4.51242923736572
44.7265625,4.51546907424927
44.7298958333333,4.51838970184326
44.7332291666667,4.52119112014771
44.7365625,4.5238733291626
44.7398958333333,4.52637672424316
44.7432291666667,4.52864170074463
44.7465625,4.53066825866699
44.7498958333333,4.53245639801025
44.7532291666667,4.53400611877441
44.7565625,4.53513860702515
44.7598958333333,4.53603267669678
44.7632291666667,4.53656911849976
44.7665625,4.53686714172363
44.7698958333333,4.53680753707886
44.7732291666667,4.53650951385498
44.7765625,4.535973072052
44.7798958333333,4.53519821166992
44.7832291666667,4.53430414199829
44.7865625,4.53317165374756
44.7898958333333,4.53197956085205
44.7932291666667,4.53060865402222
44.7965625,4.52917814254761
44.7998958333333,4.52762842178345
44.8032291666667,4.52595949172974
44.8065625,4.52429056167603
44.8098958333333,4.52250242233276
44.8132291666667,4.52065467834473
44.8165625,4.51880693435669
44.8198958333333,4.51695919036865
44.8232291666667,4.51511144638062
44.8265625,4.51332330703735
44.8298958333333,4.51153516769409
44.8332291666667,4.50986623764038
44.8365625,4.50825691223145
44.8398958333333,4.50670719146729
44.8432291666667,4.50527667999268
44.8465625,4.50390577316284
44.8498958333333,4.50259447097778
44.8532291666667,4.5013427734375
44.8565625,4.50015068054199
44.8598958333333,4.49901819229126
44.8632291666667,4.4979453086853
44.8665625,4.49693202972412
44.8698958333333,4.49597835540771
44.8732291666667,4.49502468109131
44.8765625,4.4940710067749
44.8798958333333,4.49317693710327
44.8832291666667,4.49228286743164
44.8865625,4.49138879776001
44.8898958333333,4.4904351234436
44.8932291666667,4.4894814491272
44.8965625,4.48846817016602
44.8998958333333,4.48745489120483
44.9032291666667,4.48638200759888
44.9065625,4.48524951934814
44.9098958333333,4.48405742645264
44.9132291666667,4.4829249382019
44.9165625,4.4817328453064
44.9198958333333,4.48054075241089
44.9232291666667,4.47934865951538
44.9265625,4.47821617126465
44.9298958333333,4.47708368301392
44.9332291666667,4.47595119476318
44.9365625,4.474937915802
44.9398958333333,4.47392463684082
44.9432291666667,4.47291135787964
44.9465625,4.47195768356323
44.9498958333333,4.4710636138916
44.9532291666667,4.47016954421997
44.9565625,4.46933507919312
44.9598958333333,4.46850061416626
44.9632291666667,4.4676661491394
44.9665625,4.46689128875732
44.9698958333333,4.46605682373047
44.9732291666667,4.46528196334839
44.9765625,4.46444749832153
44.9798958333333,4.46367263793945
44.9832291666667,4.46295738220215
44.9865625,4.46218252182007
44.9898958333333,4.46146726608276
44.9932291666667,4.46069240570068
44.9965625,4.45997714996338
44.9998958333333,4.4592022895813
45.0032291666667,4.45842742919922
45.0065625,4.45759296417236
45.0098958333333,4.45675849914551
45.0132291666667,4.45586442947388
45.0165625,4.45497035980225
45.0198958333333,4.45413589477539
45.0232291666667,4.45330142974854
45.0265625,4.45252656936646
45.0298958333333,4.45181131362915
45.0332291666667,4.45115566253662
45.0365625,4.45055961608887
45.0398958333333,4.45002317428589
45.0432291666667,4.44960594177246
45.0465625,4.44912910461426
45.0498958333333,4.44877147674561
45.0532291666667,4.44835424423218
45.0565625,4.44799661636353
45.0598958333333,4.44763898849487
45.0632291666667,4.44728136062622
45.0665625,4.44698333740234
45.0698958333333,4.44674491882324
45.0732291666667,4.44650650024414
45.0765625,4.44632768630981
45.0798958333333,4.44620847702026
45.0832291666667,4.44608926773071
45.0865625,4.44602966308594
45.0898958333333,4.44597005844116
45.0932291666667,4.44585084915161
45.0965625,4.44585084915161
45.0998958333333,4.44585084915161
45.1032291666667,4.44591045379639
45.1065625,4.44602966308594
45.1098958333333,4.44626808166504
45.1132291666667,4.44656610488892
45.1165625,4.44692373275757
45.1198958333333,4.44740056991577
45.1232291666667,4.4478178024292
45.1265625,4.44823503494263
45.1298958333333,4.44859266281128
45.1332291666667,4.44889068603516
45.1365625,4.44906949996948
45.1398958333333,4.44918870925903
45.1432291666667,4.44924831390381
45.1465625,4.44924831390381
45.1498958333333,4.44930791854858
45.1532291666667,4.44942712783813
45.1565625,4.44960594177246
45.1598958333333,4.44996356964111
45.1632291666667,4.45038080215454
45.1665625,4.45091724395752
45.1698958333333,4.45157289505005
45.1732291666667,4.45234775543213
45.1765625,4.45318222045898
45.1798958333333,4.45407629013062
45.1832291666667,4.4550895690918
45.1865625,4.45616245269775
45.1898958333333,4.45729494094849
45.1932291666667,4.45848703384399
45.1965625,4.4596791267395
45.1998958333333,4.46093082427979
45.2032291666667,4.46224212646484
45.2065625,4.46349382400513
45.2098958333333,4.46474552154541
45.2132291666667,4.46593761444092
45.2165625,4.4671893119812
45.2198958333333,4.46844100952148
45.2232291666667,4.46963310241699
45.2265625,4.47088479995728
45.2298958333333,4.47213649749756
45.2332291666667,4.47344779968262
45.2365625,4.4746994972229
45.2398958333333,4.47601079940796
45.2432291666667,4.47726249694824
45.2465625,4.47851419448853
45.2498958333333,4.47976589202881
45.2532291666667,4.48095798492432
45.2565625,4.48203086853027
45.2598958333333,4.48310375213623
45.2632291666667,4.48411703109741
45.2665625,4.48507070541382
45.2698958333333,4.48590517044067
45.2732291666667,4.48668003082275
45.2765625,4.48739528656006
45.2798958333333,4.48799133300781
45.2832291666667,4.48852777481079
45.2865625,4.48900461196899
45.2898958333333,4.48936223983765
45.2932291666667,4.48966026306152
45.2965625,4.48989868164063
45.2998958333333,4.49013710021973
45.3032291666667,4.49031591415405
45.3065625,4.49055433273315
45.3098958333333,4.49073314666748
45.3132291666667,4.49091196060181
45.3165625,4.49115037918091
45.3198958333333,4.49138879776001
45.3232291666667,4.49168682098389
45.3265625,4.49210405349731
45.3298958333333,4.49258089065552
45.3332291666667,4.4931173324585
45.3365625,4.4938325881958
45.3398958333333,4.49466705322266
45.3432291666667,4.49562072753906
45.3465625,4.49669361114502
45.3498958333333,4.49788570404053
45.3532291666667,4.49919700622559
45.3565625,4.5006275177002
45.3598958333333,4.50223684310913
45.3632291666667,4.50402498245239
45.3665625,4.50599193572998
45.3698958333333,4.50819730758667
45.3732291666667,4.51064109802246
45.3765625,4.51332330703735
45.3798958333333,4.51624393463135
45.3832291666667,4.51940298080444
45.3865625,4.52268123626709
45.3898958333333,4.52607870101929
45.3932291666667,4.52959537506104
45.3965625,4.53311204910278
45.3998958333333,4.53674793243408
45.4032291666667,4.54038381576538
45.4065625,4.54407930374146
45.4098958333333,4.5478343963623
45.4132291666667,4.55170869827271
45.4165625,4.55564260482788
45.4198958333333,4.55975532531738
45.4232291666667,4.56398725509644
45.4265625,4.56833839416504
45.4298958333333,4.57286834716797
45.4332291666667,4.57751750946045
45.4365625,4.58222627639771
45.4398958333333,4.58705425262451
45.4432291666667,4.59188222885132
45.4465625,4.59682941436768
45.4498958333333,4.60183620452881
45.4532291666667,4.60684299468994
45.4565625,4.61190938949585
45.4598958333333,4.61697578430176
45.4632291666667,4.62216138839722
45.4665625,4.62734699249268
45.4698958333333,4.63259220123291
45.4732291666667,4.63789701461792
45.4765625,4.64320182800293
45.4798958333333,4.64856624603271
45.4832291666667,4.6539306640625
45.4865625,4.65929508209229
45.4898958333333,4.66465950012207
45.4932291666667,4.66996431350708
45.4965625,4.67520952224731
45.4998958333333,4.680335521698
45.5032291666667,4.68534231185913
45.5065625,4.69022989273071
45.5098958333333,4.69505786895752
45.5132291666667,4.69970703125
45.5165625,4.70423698425293
45.5198958333333,4.70864772796631
45.5232291666667,4.71293926239014
45.5265625,4.71699237823486
45.5298958333333,4.72086668014526
45.5332291666667,4.72456216812134
45.5365625,4.72795963287354
45.5398958333333,4.73111867904663
45.5432291666667,4.73392009735107
45.5465625,4.73642349243164
45.5498958333333,4.73850965499878
45.5532291666667,4.74029779434204
45.5565625,4.74178791046143
45.5598958333333,4.74286079406738
45.5632291666667,4.74357604980469
45.5665625,4.74405288696289
45.5698958333333,4.74417209625244
45.5732291666667,4.74399328231812
45.5765625,4.74363565444946
45.5798958333333,4.74292039871216
45.5832291666667,4.74202632904053
45.5865625,4.74083423614502
45.5898958333333,4.73946332931519
45.5932291666667,4.73779439926147
45.5965625,4.73594665527344
45.5998958333333,4.7338604927063
45.6032291666667,4.73153591156006
45.6065625,4.72903251647949
45.6098958333333,4.7263503074646
45.6132291666667,4.72348928451538
45.6165625,4.72050905227661
45.6198958333333,4.71740961074829
45.6232291666667,4.71419095993042
45.6265625,4.71091270446777
45.6298958333333,4.70757484436035
45.6332291666667,4.70423698425293
45.6365625,4.70083951950073
45.6398958333333,4.69750165939331
45.6432291666667,4.69410419464111
45.6465625,4.69070672988892
45.6498958333333,4.68736886978149
45.6532291666667,4.68403100967407
45.6565625,4.68069314956665
45.6598958333333,4.677414894104
45.6632291666667,4.67419624328613
45.6665625,4.67103719711304
45.6698958333333,4.66787815093994
45.6732291666667,4.6648383140564
45.6765625,4.6619176864624
45.6798958333333,4.65905666351318
45.6832291666667,4.65631484985352
45.6865625,4.65363264083862
45.6898958333333,4.65106964111328
45.6932291666667,4.64850664138794
45.6965625,4.64606285095215
45.6998958333333,4.64361906051636
45.7032291666667,4.64135408401489
45.7065625,4.63908910751343
45.7098958333333,4.63694334030151
45.7132291666667,4.63485717773438
45.7165625,4.63289022445679
45.7198958333333,4.63104248046875
45.7232291666667,4.62925434112549
45.7265625,4.62758541107178
45.7298958333333,4.62597608566284
45.7332291666667,4.62442636489868
45.7365625,4.6229362487793
45.7398958333333,4.62156534194946
45.7432291666667,4.62019443511963
45.7465625,4.61882352828979
45.7498958333333,4.61745262145996
45.7532291666667,4.6161413192749
45.7565625,4.61483001708984
45.7598958333333,4.61351871490479
45.7632291666667,4.6122670173645
45.7665625,4.61101531982422
45.7698958333333,4.60982322692871
45.7732291666667,4.6086311340332
45.7765625,4.60755825042725
45.7798958333333,4.60654497146606
45.7832291666667,4.60559129714966
45.7865625,4.60463762283325
45.7898958333333,4.6038031578064
45.7932291666667,4.60290908813477
45.7965625,4.60207462310791
45.7998958333333,4.60124015808105
45.8032291666667,4.60046529769897
45.8065625,4.59963083267212
45.8098958333333,4.59885597229004
45.8132291666667,4.59814071655273
45.8165625,4.59742546081543
45.8198958333333,4.5967698097229
45.8232291666667,4.59623336791992
45.8265625,4.59575653076172
45.8298958333333,4.59533929824829
45.8332291666667,4.59498167037964
45.8365625,4.59474325180054
45.8398958333333,4.59450483322144
45.8432291666667,4.59432601928711
45.8465625,4.59414720535278
45.8498958333333,4.59402799606323
45.8532291666667,4.59378957748413
45.8565625,4.59355115890503
45.8598958333333,4.59331274032593
45.8632291666667,4.59295511245728
45.8665625,4.59259748458862
45.8698958333333,4.59223985671997
45.8732291666667,4.59194183349609
45.8765625,4.59164381027222
45.8798958333333,4.59146499633789
45.8832291666667,4.59134578704834
45.8865625,4.59134578704834
45.8898958333333,4.59140539169312
45.8932291666667,4.59152460098267
45.8965625,4.59170341491699
45.8998958333333,4.59182262420654
45.9032291666667,4.59200143814087
45.9065625,4.59212064743042
45.9098958333333,4.59223985671997
45.9132291666667,4.5924186706543
45.9165625,4.59259748458862
45.9198958333333,4.59277629852295
45.9232291666667,4.59301471710205
45.9265625,4.59325313568115
45.9298958333333,4.59349155426025
45.9332291666667,4.59367036819458
45.9365625,4.59384918212891
45.9398958333333,4.59390878677368
45.9432291666667,4.59390878677368
45.9465625,4.59384918212891
45.9498958333333,4.59372997283936
45.9532291666667,4.59355115890503
45.9565625,4.5933723449707
45.9598958333333,4.59325313568115
45.9632291666667,4.5931339263916
45.9665625,4.59307432174683
45.9698958333333,4.5931339263916
45.9732291666667,4.59319353103638
45.9765625,4.59331274032593
45.9798958333333,4.59343194961548
45.9832291666667,4.59349155426025
45.9865625,4.59349155426025
45.9898958333333,4.59349155426025
45.9932291666667,4.5933723449707
45.9965625,4.5931339263916
45.9998958333333,4.59277629852295
46.0032291666667,4.59235906600952
46.0065625,4.59188222885132
46.0098958333333,4.59128618240356
46.0132291666667,4.59074974060059
46.0165625,4.59015369415283
46.0198958333333,4.58961725234985
46.0232291666667,4.58914041519165
46.0265625,4.58866357803345
46.0298958333333,4.58830595016479
46.0332291666667,4.58800792694092
46.0365625,4.58776950836182
46.0398958333333,4.58759069442749
46.0432291666667,4.58741188049316
46.0465625,4.58723306655884
46.0498958333333,4.58711385726929
46.0532291666667,4.58693504333496
46.0565625,4.58675622940063
46.0598958333333,4.58657741546631
46.0632291666667,4.58639860153198
46.0665625,4.58627939224243
46.0698958333333,4.58627939224243
46.0732291666667,4.58633899688721
46.0765625,4.58651781082153
46.0798958333333,4.58681583404541
46.0832291666667,4.58729267120361
46.0865625,4.58782911300659
46.0898958333333,4.58848476409912
46.0932291666667,4.5892596244812
46.0965625,4.59009408950806
46.0998958333333,4.59092855453491
46.1032291666667,4.59176301956177
46.1065625,4.59259748458862
46.1098958333333,4.59343194961548
46.1132291666667,4.59414720535278
46.1165625,4.59486246109009
46.1198958333333,4.59551811218262
46.1232291666667,4.59611415863037
46.1265625,4.59665060043335
46.1298958333333,4.5972466468811
46.1332291666667,4.59784269332886
46.1365625,4.59843873977661
46.1398958333333,4.59909439086914
46.1432291666667,4.59975004196167
46.1465625,4.60046529769897
46.1498958333333,4.6011209487915
46.1532291666667,4.60171699523926
46.1565625,4.60231304168701
46.1598958333333,4.60278987884521
46.1632291666667,4.60314750671387
46.1665625,4.60344552993774
46.1698958333333,4.60368394851685
46.1732291666667,4.6038031578064
46.1765625,4.60392236709595
46.1798958333333,4.60398197174072
46.1832291666667,4.6040415763855
46.1865625,4.60410118103027
46.1898958333333,4.60416078567505
46.1932291666667,4.60433959960938
46.1965625,4.6045184135437
46.1998958333333,4.6047568321228
46.2032291666667,4.60505485534668
46.2065625,4.60541248321533
46.2098958333333,4.60582971572876
46.2132291666667,4.60630655288696
46.2165625,4.60684299468994
46.2198958333333,4.6074390411377
46.2232291666667,4.60797548294067
46.2265625,4.60857152938843
46.2298958333333,4.60916757583618
46.2332291666667,4.60970401763916
46.2365625,4.61024045944214
46.2398958333333,4.61077690124512
46.2432291666667,4.61125373840332
46.2465625,4.6117901802063
46.2498958333333,4.61232662200928
46.2532291666667,4.61286306381226
46.2565625,4.61345911026001
46.2598958333333,4.61411476135254
46.2632291666667,4.61477041244507
46.2665625,4.61548566818237
46.2698958333333,4.61620092391968
46.2732291666667,4.61697578430176
46.2765625,4.61775064468384
46.2798958333333,4.61858510971069
46.2832291666667,4.61947917938232
46.2865625,4.62031364440918
46.2898958333333,4.62126731872559
46.2932291666667,4.62222099304199
46.2965625,4.6231746673584
46.2998958333333,4.62418794631958
46.3032291666667,4.62520122528076
46.3065625,4.62621450424194
46.3098958333333,4.6272873878479
46.3132291666667,4.62836027145386
46.3165625,4.62937355041504
46.3198958333333,4.63038682937622
46.3232291666667,4.63134050369263
46.3265625,4.63223457336426
46.3298958333333,4.63306903839111
46.3332291666667,4.63384389877319
46.3365625,4.6345591545105
46.3398958333333,4.63515520095825
46.3432291666667,4.63569164276123
46.3465625,4.63610887527466
46.3498958333333,4.63646650314331
46.3532291666667,4.63676452636719
46.3565625,4.63706254959106
46.3598958333333,4.63736057281494
46.3632291666667,4.63759899139404
46.3665625,4.63789701461792
46.3698958333333,4.6381950378418
46.3732291666667,4.63855266571045
46.3765625,4.63896989822388
46.3798958333333,4.63944673538208
46.3832291666667,4.63998317718506
46.3865625,4.64051961898804
46.3898958333333,4.64117527008057
46.3932291666667,4.64177131652832
46.3965625,4.64236736297607
46.3998958333333,4.6430230140686
46.4032291666667,4.64361906051636
46.4065625,4.64427471160889
46.4098958333333,4.64487075805664
46.4132291666667,4.64546680450439
46.4165625,4.64612245559692
46.4198958333333,4.64671850204468
46.4232291666667,4.64737415313721
46.4265625,4.64797019958496
46.4298958333333,4.64856624603271
46.4332291666667,4.64910268783569
46.4365625,4.64963912963867
46.4398958333333,4.6500563621521
46.4432291666667,4.65041399002075
46.4465625,4.65071201324463
46.4498958333333,4.65089082717896
46.4532291666667,4.65101003646851
46.4565625,4.65106964111328
46.4598958333333,4.65112924575806
46.4632291666667,4.65112924575806
46.4665625,4.65124845504761
46.4698958333333,4.65142726898193
46.4732291666667,4.65166568756104
46.4765625,4.65196371078491
46.4798958333333,4.65238094329834
46.4832291666667,4.65285778045654
46.4865625,4.65333461761475
46.4898958333333,4.6539306640625
46.4932291666667,4.65446710586548
46.4965625,4.65506315231323
46.4998958333333,4.65565919876099
46.5032291666667,4.65619564056396
46.5065625,4.65673208236694
46.5098958333333,4.65726852416992
46.5132291666667,4.65774536132813
46.5165625,4.65816259384155
46.5198958333333,4.65852022171021
46.5232291666667,4.65887784957886
46.5265625,4.65923547744751
46.5298958333333,4.65953350067139
46.5332291666667,4.65983152389526
46.5365625,4.66018915176392
46.5398958333333,4.66066598892212
46.5432291666667,4.6612024307251
46.5465625,4.66185808181763
46.5498958333333,4.66263294219971
46.5532291666667,4.66358661651611
46.5565625,4.66459989547729
46.5598958333333,4.66567277908325
46.5632291666667,4.66686487197876
46.5665625,4.66811656951904
46.5698958333333,4.6694278717041
46.5732291666667,4.67079877853394
46.5765625,4.67222929000854
46.5798958333333,4.67371940612793
46.5832291666667,4.67520952224731
46.5865625,4.67675924301147
46.5898958333333,4.67836856842041
46.5932291666667,4.67991828918457
46.5965625,4.68146800994873
46.5998958333333,4.68301773071289
46.6032291666667,4.68450784683228
46.6065625,4.68593835830688
46.6098958333333,4.68724966049194
46.6132291666667,4.68850135803223
46.6165625,4.68963384628296
46.6198958333333,4.69070672988892
46.6232291666667,4.69166040420532
46.6265625,4.69255447387695
46.6298958333333,4.69332933425903
46.6332291666667,4.69398498535156
46.6365625,4.69458103179932
46.6398958333333,4.69505786895752
46.6432291666667,4.69547510147095
46.6465625,4.69577312469482
46.6498958333333,4.69601154327393
46.6532291666667,4.69624996185303
46.6565625,4.69642877578735
46.6598958333333,4.69666719436646
46.6632291666667,4.69690561294556
46.6665625,4.69720363616943
46.6698958333333,4.69756126403809
46.6732291666667,4.69791889190674
46.6765625,4.69827651977539
46.6798958333333,4.69863414764404
46.6832291666667,4.69893217086792
46.6865625,4.69911098480225
46.6898958333333,4.69928979873657
46.6932291666667,4.69934940338135
46.6965625,4.69940900802612
46.6998958333333,4.6994686126709
46.7032291666667,4.69952821731567
46.7065625,4.69964742660522
46.7098958333333,4.69982624053955
46.7132291666667,4.70006465911865
46.7165625,4.70036268234253
46.7198958333333,4.70066070556641
46.7232291666667,4.70107793807983
46.7265625,4.70143556594849
46.7298958333333,4.70179319381714
46.7332291666667,4.70209121704102
46.7365625,4.70238924026489
46.7398958333333,4.70274686813354
46.7432291666667,4.7031044960022
46.7465625,4.70352172851563
46.7498958333333,4.70399856567383
46.7532291666667,4.70459461212158
46.7565625,4.70525026321411
46.7598958333333,4.70602512359619
46.7632291666667,4.70691919326782
46.7665625,4.70787286758423
46.7698958333333,4.70882654190063
46.7732291666667,4.70983982086182
46.7765625,4.71079349517822
46.7798958333333,4.71168756484985
46.7832291666667,4.71258163452148
46.7865625,4.71341609954834
46.7898958333333,4.7142505645752
46.7932291666667,4.71502542495728
46.7965625,4.71580028533936
46.7998958333333,4.71657514572144
46.8032291666667,4.71740961074829
46.8065625,4.71818447113037
46.8098958333333,4.719078540802
46.8132291666667,4.71991300582886
46.8165625,4.72080707550049
46.8198958333333,4.72164154052734
46.8232291666667,4.72253561019897
46.8265625,4.72331047058105
46.8298958333333,4.72414493560791
46.8332291666667,4.72497940063477
46.8365625,4.72575426101685
46.8398958333333,4.7265887260437
46.8432291666667,4.72736358642578
46.8465625,4.72819805145264
46.8498958333333,4.72903251647949
46.8532291666667,4.72980737686157
46.8565625,4.73058223724365
46.8598958333333,4.73129749298096
46.8632291666667,4.73201274871826
46.8665625,4.73266839981079
46.8698958333333,4.73326444625854
46.8732291666667,4.73392009735107
46.8765625,4.73451614379883
46.8798958333333,4.73511219024658
46.8832291666667,4.73576784133911
46.8865625,4.73642349243164
46.8898958333333,4.73707914352417
46.8932291666667,4.7377347946167
46.8965625,4.73839044570923
46.8998958333333,4.73904609680176
46.9032291666667,4.73970174789429
46.9065625,4.74035739898682
46.9098958333333,4.74101305007935
46.9132291666667,4.74166870117188
46.9165625,4.7423243522644
46.9198958333333,4.74303960800171
46.9232291666667,4.74369525909424
46.9265625,4.74441051483154
46.9298958333333,4.7450065612793
46.9332291666667,4.74560260772705
46.9365625,4.7461986541748
46.9398958333333,4.74673509597778
46.9432291666667,4.74721193313599
46.9465625,4.74774837493896
46.9498958333333,4.74822521209717
46.9532291666667,4.74882125854492
46.9565625,4.74941730499268
46.9598958333333,4.75013256072998
46.9632291666667,4.75084781646729
46.9665625,4.75168228149414
46.9698958333333,4.75257635116577
46.9732291666667,4.7534704208374
46.9765625,4.75448369979858
46.9798958333333,4.75543737411499
46.9832291666667,4.75651025772095
46.9865625,4.7575831413269
46.9898958333333,4.75865602493286
46.9932291666667,4.75984811782837
46.9965625,4.76104021072388
46.9998958333333,4.76229190826416
47.0032291666667,4.76360321044922
47.0065625,4.76497411727905
47.0098958333333,4.76646423339844
47.0132291666667,4.7680139541626
47.0165625,4.76962327957153
47.0198958333333,4.77123260498047
47.0232291666667,4.77296113967896
47.0265625,4.77463006973267
47.0298958333333,4.77629899978638
47.0332291666667,4.77796792984009
47.0365625,4.77957725524902
47.0398958333333,4.78118658065796
47.0432291666667,4.78273630142212
47.0465625,4.7842264175415
47.0498958333333,4.78577613830566
47.0532291666667,4.78732585906982
47.0565625,4.78899478912354
47.0598958333333,4.79060411453247
47.0632291666667,4.79233264923096
47.0665625,4.79406118392944
47.0698958333333,4.79584932327271
47.0732291666667,4.79763746261597
47.0765625,4.79936599731445
47.0798958333333,4.80109453201294
47.0832291666667,4.80282306671143
47.0865625,4.80443239212036
47.0898958333333,4.8060417175293
47.0932291666667,4.80765104293823
47.0965625,4.80926036834717
47.0998958333333,4.8108696937561
47.1032291666667,4.81247901916504
47.1065625,4.81408834457397
47.1098958333333,4.81575727462769
47.1132291666667,4.81736660003662
47.1165625,4.81897592544556
47.1198958333333,4.82046604156494
47.1232291666667,4.82195615768433
47.1265625,4.82338666915894
47.1298958333333,4.82475757598877
47.1332291666667,4.82600927352905
47.1365625,4.82726097106934
47.1398958333333,4.82851266860962
47.1432291666667,4.8297643661499
47.1465625,4.83101606369019
47.1498958333333,4.83226776123047
47.1532291666667,4.83357906341553
47.1565625,4.83483076095581
47.1598958333333,4.83614206314087
47.1632291666667,4.83733415603638
47.1665625,4.83852624893188
47.1698958333333,4.83959913253784
47.1732291666667,4.84061241149902
47.1765625,4.84150648117065
47.1798958333333,4.84234094619751
47.1832291666667,4.84305620193481
47.1865625,4.84371185302734
47.1898958333333,4.8443078994751
47.1932291666667,4.84484434127808
47.1965625,4.84532117843628
47.1998958333333,4.84585762023926
47.2032291666667,4.84633445739746
47.2065625,4.84687089920044
47.2098958333333,4.84740734100342
47.2132291666667,4.84800338745117
47.2165625,4.84859943389893
47.2198958333333,4.84919548034668
47.2232291666667,4.84985113143921
47.2265625,4.85050678253174
47.2298958333333,4.85116243362427
47.2332291666667,4.85187768936157
47.2365625,4.8525333404541
47.2398958333333,4.85318899154663
47.2432291666667,4.85378503799438
47.2465625,4.85450029373169
47.2498958333333,4.85521554946899
47.2532291666667,4.85605001449585
47.2565625,4.85706329345703
47.2598958333333,4.85819578170776
47.2632291666667,4.85962629318237
47.2665625,4.86129522323608
47.2698958333333,4.8632025718689
47.2732291666667,4.86546754837036
47.2765625,4.8680305480957
47.2798958333333,4.87089157104492
47.2832291666667,4.87411022186279
47.2865625,4.87756729125977
47.2898958333333,4.88126277923584
47.2932291666667,4.88531589508057
47.2965625,4.88966703414917
47.2998958333333,4.89431619644165
47.3032291666667,4.89938259124756
47.3065625,4.90474700927734
47.3098958333333,4.91058826446533
47.3132291666667,4.91690635681152
47.3165625,4.92370128631592
47.3198958333333,4.93103265762329
47.3232291666667,4.93890047073364
47.3265625,4.94736433029175
47.3298958333333,4.95654344558716
47.3332291666667,4.9663782119751
47.3365625,4.97698783874512
47.3398958333333,4.98843193054199
47.3432291666667,5.0007700920105
47.3465625,5.01412153244019
47.3498958333333,5.02842664718628
47.3532291666667,5.04380464553833
47.3565625,5.06025552749634
47.3598958333333,5.07783889770508
47.3632291666667,5.09655475616455
47.3665625,5.11640310287476
47.3698958333333,5.13738393783569
47.3732291666667,5.15949726104736
47.3765625,5.18274307250977
47.3798958333333,5.20718097686768
47.3832291666667,5.23275136947632
47.3865625,5.25957345962524
47.3898958333333,5.2875280380249
47.3932291666667,5.31661510467529
47.3965625,5.34683465957642
47.3998958333333,5.37818670272827
47.4032291666667,5.41049242019653
47.4065625,5.44381141662598
47.4098958333333,5.47808408737183
47.4132291666667,5.51319122314453
47.4165625,5.54907321929932
47.4198958333333,5.58584928512573
47.4232291666667,5.62334060668945
47.4265625,5.6617259979248
47.4298958333333,5.70088624954224
47.4332291666667,5.74100017547607
47.4365625,5.78194856643677
47.4398958333333,5.82391023635864
47.4432291666667,5.8668851852417
47.4465625,5.91087341308594
47.4498958333333,5.95599412918091
47.4532291666667,6.00218772888184
47.4565625,6.0495138168335
47.4598958333333,6.09785318374634
47.4632291666667,6.14732503890991
47.4665625,6.19775056838989
47.4698958333333,6.24912977218628
47.4732291666667,6.3014030456543
47.4765625,6.35439157485962
47.4798958333333,6.40815496444702
47.4832291666667,6.46251440048218
47.4865625,6.51746988296509
47.4898958333333,6.57308101654053
47.4932291666667,6.62922859191895
47.4965625,6.68597221374512
47.4998958333333,6.74337148666382
47.5032291666667,6.8015456199646
47.5065625,6.86049461364746
47.5098958333333,6.92039728164673
47.5132291666667,6.98131322860718
47.5165625,7.04330205917358
47.5198958333333,7.10660219192505
47.5232291666667,7.17121362686157
47.5265625,7.23725557327271
47.5298958333333,7.30478763580322
47.5332291666667,7.37380981445313
47.5365625,7.44426250457764
47.5398958333333,7.51602649688721
47.5432291666667,7.58898258209229
47.5465625,7.66283273696899
47.5498958333333,7.73721933364868
47.5532291666667,7.8117847442627
47.5565625,7.88587331771851
47.5598958333333,7.95888900756836
47.5632291666667,8.0302357673645
47.5665625,8.0990195274353
47.5698958333333,8.16440582275391
47.5732291666667,8.22556018829346
47.5765625,8.28152894973755
47.5798958333333,8.33147764205933
47.5832291666667,8.37439298629761
47.5865625,8.40961933135986
47.5898958333333,8.43632221221924
47.5932291666667,8.45396518707275
47.5965625,8.46195220947266
47.5998958333333,8.45998525619507
47.6032291666667,8.44782590866089
47.6065625,8.42541456222534
47.6098958333333,8.39287042617798
47.6132291666667,8.35049152374268
47.6165625,8.29863548278809
47.6198958333333,8.23783874511719
47.6232291666667,8.16887617111206
47.6265625,8.09246301651001
47.6298958333333,8.00961256027222
47.6332291666667,7.92121887207031
47.6365625,7.82829523086548
47.6398958333333,7.73197412490845
47.6432291666667,7.6332688331604
47.6465625,7.53313302993774
47.6498958333333,7.43246078491211
47.6532291666667,7.3322057723999
47.6565625,7.23308324813843
47.6598958333333,7.13574886322021
47.6632291666667,7.04079866409302
47.6665625,6.94864988327026
47.6698958333333,6.85966014862061
47.6732291666667,6.77412748336792
47.6765625,6.69223070144653
47.6798958333333,6.61396980285645
47.6832291666667,6.53952360153198
47.6865625,6.46883249282837
47.6898958333333,6.40183687210083
47.6932291666667,6.33847713470459
47.6965625,6.2786340713501
47.6998958333333,6.22212886810303
47.7032291666667,6.1689019203186
47.7065625,6.11865520477295
47.7098958333333,6.07132911682129
47.7132291666667,6.02662563323975
47.7165625,5.98442554473877
47.7198958333333,5.94449043273926
47.7232291666667,5.90670108795166
47.7265625,5.87087869644165
47.7298958333333,5.8368444442749
47.7332291666667,5.80453872680664
47.7365625,5.77384233474731
47.7398958333333,5.74469566345215
47.7432291666667,5.71697950363159
47.7465625,5.69057464599609
47.7498958333333,5.66548109054565
47.7532291666667,5.64157962799072
47.7565625,5.61875104904175
47.7598958333333,5.59693574905396
47.7632291666667,5.57601451873779
47.7665625,5.55592775344849
47.7698958333333,5.53661584854126
47.7732291666667,5.51807880401611
47.7765625,5.5001974105835
47.7798958333333,5.48297166824341
47.7832291666667,5.46640157699585
47.7865625,5.45048713684082
47.7898958333333,5.43516874313354
47.7932291666667,5.4205060005188
47.7965625,5.40637969970703
47.7998958333333,5.39284944534302
47.8032291666667,5.37985563278198
47.8065625,5.36739826202393
47.8098958333333,5.35541772842407
47.8132291666667,5.34385442733765
47.8165625,5.33270835876465
47.8198958333333,5.32197952270508
47.8232291666667,5.31166791915894
47.8265625,5.30177354812622
47.8298958333333,5.29229640960693
47.8332291666667,5.28323650360107
47.8365625,5.27465343475342
47.8398958333333,5.26648759841919
47.8432291666667,5.25885820388794
47.8465625,5.25170564651489
47.8498958333333,5.24508953094482
47.8532291666667,5.23906946182251
47.8565625,5.2335262298584
47.8598958333333,5.22863864898682
47.8632291666667,5.22434711456299
47.8665625,5.22065162658691
47.8698958333333,5.21755218505859
47.8732291666667,5.21504878997803
47.8765625,5.21314144134521
47.8798958333333,5.21177053451538
47.8832291666667,5.21093606948853
47.8865625,5.21063804626465
47.8898958333333,5.21081686019897
47.8932291666667,5.21153211593628
47.8965625,5.21272420883179
47.8998958333333,5.2143931388855
47.9032291666667,5.21659851074219
47.9065625,5.21934032440186
47.9098958333333,5.2226185798645
47.9132291666667,5.22637367248535
47.9165625,5.23072481155396
47.9198958333333,5.23549318313599
47.9232291666667,5.24085760116577
47.9265625,5.24663925170898
47.9298958333333,5.25283813476563
47.9332291666667,5.25957345962524
47.9365625,5.26666641235352
47.9398958333333,5.27417659759521
47.9432291666667,5.28216361999512
47.9465625,5.29050827026367
47.9498958333333,5.29921054840088
47.9532291666667,5.30838966369629
47.9565625,5.31798601150513
47.9598958333333,5.32799959182739
47.9632291666667,5.33849000930786
47.9665625,5.34939765930176
47.9698958333333,5.36072254180908
47.9732291666667,5.37246465682983
47.9765625,5.38462400436401
47.9798958333333,5.39708137512207
47.9832291666667,5.40989637374878
47.9865625,5.42300939559937
47.9898958333333,5.4362416267395
47.9932291666667,5.44971227645874
47.9965625,5.46324253082275
47.9998958333333,5.47695159912109
48.0032291666667,5.49072027206421
48.0065625,5.50448894500732
48.0098958333333,5.51831722259521
48.0132291666667,5.53208589553833
48.0165625,5.54585456848145
48.0198958333333,5.55944442749023
48.0232291666667,5.57291507720947
48.0265625,5.58614730834961
48.0298958333333,5.59908151626587
48.0332291666667,5.61165809631348
48.0365625,5.62375783920288
48.0398958333333,5.63544034957886
48.0432291666667,5.64658641815186
48.0465625,5.65707683563232
48.0498958333333,5.66697120666504
48.0532291666667,5.67615032196045
48.0565625,5.68461418151855
48.0598958333333,5.69230318069458
48.0632291666667,5.69921731948853
48.0665625,5.70523738861084
48.0698958333333,5.71036338806152
48.0732291666667,5.7145357131958
48.0765625,5.71781396865845
48.0798958333333,5.72007894515991
48.0832291666667,5.72139024734497
48.0865625,5.72168827056885
48.0898958333333,5.72097301483154
48.0932291666667,5.71930408477783
48.0965625,5.71674108505249
48.0998958333333,5.71328401565552
48.1032291666667,5.70893287658691
48.1065625,5.70380687713623
48.1098958333333,5.69790601730347
48.1132291666667,5.6912899017334
48.1165625,5.6840181350708
48.1198958333333,5.67609071731567
48.1232291666667,5.66762685775757
48.1265625,5.65862655639648
48.1298958333333,5.6491494178772
48.1332291666667,5.63925504684448
48.1365625,5.62894344329834
48.1398958333333,5.61821460723877
48.1432291666667,5.60718774795532
48.1465625,5.595862865448
48.1498958333333,5.58418035507202
48.1532291666667,5.57231903076172
48.1565625,5.56015968322754
48.1598958333333,5.54788112640381
48.1632291666667,5.53542375564575
48.1665625,5.5229663848877
48.1698958333333,5.51044940948486
48.1732291666667,5.49805164337158
48.1765625,5.48571348190308
48.1798958333333,5.4735541343689
48.1832291666667,5.46163320541382
48.1865625,5.44989109039307
48.1898958333333,5.43832778930664
48.1932291666667,5.42700290679932
48.1965625,5.41585683822632
48.1998958333333,5.40488958358765
48.2032291666667,5.39416074752808
48.2065625,5.38361072540283
48.2098958333333,5.37329912185669
48.2132291666667,5.36316633224487
48.2165625,5.35321235656738
48.2198958333333,5.34355640411377
48.2232291666667,5.33413887023926
48.2265625,5.32495975494385
48.2298958333333,5.31601905822754
48.2332291666667,5.30731678009033
48.2365625,5.298912525177
48.2398958333333,5.290687084198
48.2432291666667,5.28275966644287
48.2465625,5.27513027191162
48.2498958333333,5.26773929595947
48.2532291666667,5.26058673858643
48.2565625,5.25373220443726
48.2598958333333,5.24711608886719
48.2632291666667,5.24073839187622
48.2665625,5.23453950881958
48.2698958333333,5.22851943969727
48.2732291666667,5.2226185798645
48.2765625,5.21689653396606
48.2798958333333,5.21129369735718
48.2832291666667,5.20586967468262
48.2865625,5.20056486129761
48.2898958333333,5.19543886184692
48.2932291666667,5.19061088562012
48.2965625,5.18596172332764
48.2998958333333,5.18155097961426
48.3032291666667,5.17737865447998
48.3065625,5.1734447479248
48.3098958333333,5.16974925994873
48.3132291666667,5.16617298126221
48.3165625,5.16277551651001
48.3198958333333,5.15949726104736
48.3232291666667,5.15627861022949
48.3265625,5.15317916870117
48.3298958333333,5.15013933181763
48.3332291666667,5.14721870422363
48.3365625,5.14441728591919
48.3398958333333,5.1417350769043
48.3432291666667,5.13923168182373
48.3465625,5.13684749603271
48.3498958333333,5.13458251953125
48.3532291666667,5.13243675231934
48.3565625,5.13041019439697
48.3598958333333,5.12844324111938
48.3632291666667,5.12665510177612
48.3665625,5.12492656707764
48.3698958333333,5.12325763702393
48.3732291666667,5.12176752090454
48.3765625,5.12033700942993
48.3798958333333,5.11902570724487
48.3832291666667,5.11783361434937
48.3865625,5.11676073074341
48.3898958333333,5.11568784713745
48.3932291666667,5.11467456817627
48.3965625,5.11372089385986
48.3998958333333,5.11282682418823
48.4032291666667,5.1119327545166
48.4065625,5.11109828948975
48.4098958333333,5.11026382446289
48.4132291666667,5.10942935943604
48.4165625,5.10871410369873
48.4198958333333,5.10799884796143
48.4232291666667,5.10740280151367
48.4265625,5.10680675506592
48.4298958333333,5.10638952255249
48.4332291666667,5.10597229003906
48.4365625,5.10573387145996
48.4398958333333,5.10555505752563
48.4432291666667,5.10537624359131
48.4465625,5.10525703430176
48.4498958333333,5.10519742965698
48.4532291666667,5.10501861572266
48.4565625,5.10483980178833
48.4598958333333,5.10460138320923
48.4632291666667,5.10424375534058
48.4665625,5.10388612747192
48.4698958333333,5.10340929031372
48.4732291666667,5.10293245315552
48.4765625,5.10245561599731
48.4798958333333,5.10203838348389
48.4832291666667,5.10168075561523
48.4865625,5.10132312774658
48.4898958333333,5.10108470916748
48.4932291666667,5.10096549987793
48.4965625,5.10084629058838
48.4998958333333,5.1007866859436
48.5032291666667,5.10072708129883
48.5065625,5.10072708129883
48.5098958333333,5.10072708129883
48.5132291666667,5.10066747665405
48.5165625,5.10060787200928
48.5198958333333,5.10060787200928
48.5232291666667,5.1005482673645
48.5265625,5.10042905807495
48.5298958333333,5.10036945343018
48.5332291666667,5.1003098487854
48.5365625,5.10025024414063
48.5398958333333,5.10019063949585
48.5432291666667,5.10013103485107
48.5465625,5.10001182556152
48.5498958333333,5.09989261627197
48.5532291666667,5.09977340698242
48.5565625,5.09965419769287
48.5598958333333,5.09947538375854
48.5632291666667,5.09929656982422
48.5665625,5.09911775588989
48.5698958333333,5.09893894195557
48.5732291666667,5.09876012802124
48.5765625,5.09870052337646
48.5798958333333,5.09864091873169
48.5832291666667,5.09870052337646
48.5865625,5.09881973266602
48.5898958333333,5.09899854660034
48.5932291666667,5.09929656982422
48.5965625,5.09965419769287
48.5998958333333,5.10013103485107
48.6032291666667,5.10066747665405
48.6065625,5.10132312774658
48.6098958333333,5.10203838348389
48.6132291666667,5.10281324386597
48.6165625,5.1037073135376
48.6198958333333,5.104660987854
48.6232291666667,5.10567426681519
48.6265625,5.10668754577637
48.6298958333333,5.10764122009277
48.6332291666667,5.10859489440918
48.6365625,5.10942935943604
48.6398958333333,5.11020421981812
48.6432291666667,5.11091947555542
48.6465625,5.11151552200317
48.6498958333333,5.11199235916138
48.6532291666667,5.11246919631958
48.6565625,5.11288642883301
48.6598958333333,5.11330366134644
48.6632291666667,5.11378049850464
48.6665625,5.11419773101807
48.6698958333333,5.11467456817627
48.6732291666667,5.11521100997925
48.6765625,5.11568784713745
48.6798958333333,5.11622428894043
48.6832291666667,5.11670112609863
48.6865625,5.11717796325684
48.6898958333333,5.11765480041504
48.6932291666667,5.11801242828369
48.6965625,5.11837005615234
48.6998958333333,5.11860847473145
48.7032291666667,5.11884689331055
48.7065625,5.11902570724487
48.7098958333333,5.11914491653442
48.7132291666667,5.1192045211792
48.7165625,5.1192045211792
48.7198958333333,5.11926412582397
48.7232291666667,5.11926412582397
48.7265625,5.11926412582397
48.7298958333333,5.11932373046875
48.7332291666667,5.11932373046875
48.7365625,5.11938333511353
48.7398958333333,5.1194429397583
48.7432291666667,5.11950254440308
48.7465625,5.11956214904785
48.7498958333333,5.11962175369263
48.7532291666667,5.11956214904785
48.7565625,5.11956214904785
48.7598958333333,5.1194429397583
48.7632291666667,5.11932373046875
48.7665625,5.1192045211792
48.7698958333333,5.11908531188965
48.7732291666667,5.1189661026001
48.7765625,5.11890649795532
48.7798958333333,5.11890649795532
48.7832291666667,5.1189661026001
48.7865625,5.11908531188965
48.7898958333333,5.11926412582397
48.7932291666667,5.11950254440308
48.7965625,5.11986017227173
48.7998958333333,5.12027740478516
48.8032291666667,5.12069463729858
48.8065625,5.12117147445679
48.8098958333333,5.12170791625977
48.8132291666667,5.12224435806274
48.8165625,5.12278079986572
48.8198958333333,5.1233172416687
48.8232291666667,5.12391328811646
48.8265625,5.12450933456421
48.8298958333333,5.12516498565674
48.8332291666667,5.12582063674927
48.8365625,5.12653589248657
48.8398958333333,5.12731075286865
48.8432291666667,5.12814521789551
48.8465625,5.12903928756714
48.8498958333333,5.12999296188354
48.8532291666667,5.13100624084473
48.8565625,5.13201951980591
48.8598958333333,5.13315200805664
48.8632291666667,5.13428449630737
48.8665625,5.13547658920288
48.8698958333333,5.13666868209839
48.8732291666667,5.13792037963867
48.8765625,5.13911247253418
48.8798958333333,5.14036417007446
48.8832291666667,5.14161586761475
48.8865625,5.14280796051025
48.8898958333333,5.14405965805054
48.8932291666667,5.14525175094604
48.8965625,5.14650344848633
48.8998958333333,5.14769554138184
48.9032291666667,5.14888763427734
48.9065625,5.15002012252808
48.9098958333333,5.15109300613403
48.9132291666667,5.15204668045044
48.9165625,5.15294075012207
48.9198958333333,5.15377521514893
48.9232291666667,5.15443086624146
48.9265625,5.15496730804443
48.9298958333333,5.15544414520264
48.9332291666667,5.15574216842651
48.9365625,5.15604019165039
48.9398958333333,5.15627861022949
48.9432291666667,5.15645742416382
48.9465625,5.15663623809814
48.9498958333333,5.15681505203247
48.9532291666667,5.1569938659668
48.9565625,5.15717267990112
48.9598958333333,5.15741109848022
48.9632291666667,5.15758991241455
48.9665625,5.15776872634888
48.9698958333333,5.1579475402832
48.9732291666667,5.15812635421753
48.9765625,5.15830516815186
48.9798958333333,5.15854358673096
48.9832291666667,5.15878200531006
48.9865625,5.15913963317871
48.9898958333333,5.15955686569214
48.9932291666667,5.15997409820557
48.9965625,5.16051054000854
48.9998958333333,5.16104698181152
49.0032291666667,5.16170263290405
49.0065625,5.16241788864136
49.0098958333333,5.16313314437866
49.0132291666667,5.16390800476074
49.0165625,5.1647424697876
49.0198958333333,5.16557693481445
49.0232291666667,5.16647100448608
49.0265625,5.16736507415771
49.0298958333333,5.16831874847412
49.0332291666667,5.16921281814575
49.0365625,5.17004728317261
49.0398958333333,5.17088174819946
49.0432291666667,5.17165660858154
49.0465625,5.17237186431885
49.0498958333333,5.17302751541138
49.0532291666667,5.17368316650391
49.0565625,5.17427921295166
49.0598958333333,5.17487525939941
49.0632291666667,5.17553091049194
49.0665625,5.1761269569397
49.0698958333333,5.176842212677
49.0732291666667,5.17755746841431
49.0765625,5.17827272415161
49.0798958333333,5.17904758453369
49.0832291666667,5.17982244491577
49.0865625,5.18053770065308
49.0898958333333,5.18119335174561
49.0932291666667,5.18178939819336
49.0965625,5.18232583999634
49.0998958333333,5.18274307250977
49.1032291666667,5.18316030502319
49.1065625,5.18351793289185
49.1098958333333,5.1838755607605
49.1132291666667,5.18423318862915
49.1165625,5.1845908164978
49.1198958333333,5.18506765365601
49.1232291666667,5.18548488616943
49.1265625,5.18596172332764
49.1298958333333,5.18637895584106
49.1332291666667,5.18673658370972
49.1365625,5.18709421157837
49.1398958333333,5.18733263015747
49.1432291666667,5.1875114440918
49.1465625,5.18769025802612
49.1498958333333,5.18786907196045
49.1532291666667,5.18810749053955
49.1565625,5.18834590911865
49.1598958333333,5.18864393234253
49.1632291666667,5.18900156021118
49.1665625,5.18947839736938
49.1698958333333,5.18995523452759
49.1732291666667,5.19043207168579
49.1765625,5.19096851348877
49.1798958333333,5.19150495529175
49.1832291666667,5.1921010017395
49.1865625,5.19263744354248
49.1898958333333,5.19317388534546
49.1932291666667,5.19376993179321
49.1965625,5.19436597824097
49.1998958333333,5.1950216293335
49.2032291666667,5.19567728042603
49.2065625,5.19633293151855
49.2098958333333,5.19692897796631
49.2132291666667,5.19758462905884
49.2165625,5.19824028015137
49.2198958333333,5.1988959312439
49.2232291666667,5.1996111869812
49.2265625,5.20026683807373
49.2298958333333,5.20098209381104
49.2332291666667,5.20175695419312
49.2365625,5.20247220993042
49.2398958333333,5.2032470703125
49.2432291666667,5.20402193069458
49.2465625,5.20485639572144
49.2498958333333,5.20563125610352
49.2532291666667,5.2064061164856
49.2565625,5.2071213722229
49.2598958333333,5.20783662796021
49.2632291666667,5.20861148834229
49.2665625,5.20926713943481
49.2698958333333,5.20998239517212
49.2732291666667,5.21063804626465
49.2765625,5.2112340927124
49.2798958333333,5.21183013916016
49.2832291666667,5.21230697631836
49.2865625,5.21278381347656
49.2898958333333,5.21314144134521
49.2932291666667,5.21349906921387
49.2965625,5.21379709243774
49.2998958333333,5.21403551101685
49.3032291666667,5.21421432495117
49.3065625,5.2143931388855
49.3098958333333,5.21457195281982
49.3132291666667,5.21475076675415
49.3165625,5.2148699760437
49.3198958333333,5.21498918533325
49.3232291666667,5.21504878997803
49.3265625,5.21504878997803
49.3298958333333,5.2151083946228
49.3332291666667,5.2151083946228
49.3365625,5.21504878997803
49.3398958333333,5.21498918533325
49.3432291666667,5.21492958068848
49.3465625,5.2148699760437
49.3498958333333,5.21481037139893
49.3532291666667,5.21475076675415
49.3565625,5.2146315574646
49.3598958333333,5.21451234817505
49.3632291666667,5.2143931388855
49.3665625,5.21433353424072
49.3698958333333,5.21427392959595
49.3732291666667,5.21427392959595
49.3765625,5.2143931388855
49.3798958333333,5.2146315574646
49.3832291666667,5.21492958068848
49.3865625,5.2153468132019
49.3898958333333,5.21594285964966
49.3932291666667,5.21659851074219
49.3965625,5.21731376647949
49.3998958333333,5.21808862686157
49.4032291666667,5.21886348724365
49.4065625,5.21963834762573
49.4098958333333,5.22035360336304
49.4132291666667,5.22112846374512
49.4165625,5.22184371948242
49.4198958333333,5.22255897521973
49.4232291666667,5.22333383560181
49.4265625,5.22410869598389
49.4298958333333,5.22494316101074
49.4332291666667,5.2257776260376
49.4365625,5.22667169570923
49.4398958333333,5.22756576538086
49.4432291666667,5.22845983505249
49.4465625,5.22935390472412
49.4498958333333,5.23018836975098
49.4532291666667,5.23090362548828
49.4565625,5.23155927658081
49.4598958333333,5.23209571838379
49.4632291666667,5.23257255554199
49.4665625,5.23293018341064
49.4698958333333,5.23322820663452
49.4732291666667,5.23346662521362
49.4765625,5.2337646484375
49.4798958333333,5.2340030670166
49.4832291666667,5.23430109024048
49.4865625,5.23471832275391
49.4898958333333,5.23513555526733
49.4932291666667,5.23567199707031
49.4965625,5.23620843887329
49.4998958333333,5.23680448532104
49.5032291666667,5.23746013641357
49.5065625,5.23805618286133
49.5098958333333,5.23871183395386
49.5132291666667,5.23936748504639
49.5165625,5.23996353149414
49.5198958333333,5.24055957794189
49.5232291666667,5.24115562438965
49.5265625,5.24181127548218
49.5298958333333,5.24246692657471
49.5332291666667,5.24312257766724
49.5365625,5.24383783340454
49.5398958333333,5.24461269378662
49.5432291666667,5.24550676345825
49.5465625,5.24646043777466
49.5498958333333,5.24747371673584
49.5532291666667,5.24860620498657
49.5565625,5.24979829788208
49.5598958333333,5.25104999542236
49.5632291666667,5.25236129760742
49.5665625,5.25373220443726
49.5698958333333,5.25510311126709
49.5732291666667,5.25647401809692
49.5765625,5.25778532028198
49.5798958333333,5.25915622711182
49.5832291666667,5.26046752929688
49.5865625,5.26171922683716
49.5898958333333,5.26303052902222
49.5932291666667,5.2642822265625
49.5965625,5.26553392410278
49.5998958333333,5.26678562164307
49.6032291666667,5.26797771453857
49.6065625,5.26911020278931
49.6098958333333,5.27024269104004
49.6132291666667,5.27125597000122
49.6165625,5.27220964431763
49.6198958333333,5.27304410934448
49.6232291666667,5.27387857437134
49.6265625,5.27465343475342
49.6298958333333,5.27548789978027
49.6332291666667,5.27626276016235
49.6365625,5.27703762054443
49.6398958333333,5.27787208557129
49.6432291666667,5.27876615524292
49.6465625,5.27960062026978
49.6498958333333,5.28049468994141
49.6532291666667,5.28132915496826
49.6565625,5.28222322463989
49.6598958333333,5.28305768966675
49.6632291666667,5.28395175933838
49.6665625,5.28484582901001
49.6698958333333,5.28579950332642
49.6732291666667,5.28675317764282
49.6765625,5.287766456604
49.6798958333333,5.28872013092041
49.6832291666667,5.28961420059204
49.6865625,5.2904486656189
49.6898958333333,5.2911639213562
49.6932291666667,5.29175996780396
49.6965625,5.29217720031738
49.6998958333333,5.29247522354126
49.7032291666667,5.29271364212036
49.7065625,5.29283285140991
49.7098958333333,5.29289245605469
49.7132291666667,5.29295206069946
49.7165625,5.29295206069946
49.7198958333333,5.29301166534424
49.7232291666667,5.29313087463379
49.7265625,5.29325008392334
49.7298958333333,5.29342889785767
49.7332291666667,5.29360771179199
49.7365625,5.29378652572632
49.7398958333333,5.29396533966064
49.7432291666667,5.29420375823975
49.7465625,5.29444217681885
49.7498958333333,5.29474020004272
49.7532291666667,5.2950382232666
49.7565625,5.29539585113525
49.7598958333333,5.29581308364868
49.7632291666667,5.29628992080688
49.7665625,5.29694557189941
49.7698958333333,5.29772043228149
49.7732291666667,5.29861450195313
49.7765625,5.29968738555908
49.7798958333333,5.30081987380981
49.7832291666667,5.30213117599487
49.7865625,5.30350208282471
49.7898958333333,5.30493259429932
49.7932291666667,5.30636310577393
49.7965625,5.30779361724854
49.7998958333333,5.30910491943359
49.8032291666667,5.31035661697388
49.8065625,5.31154870986938
49.8098958333333,5.31262159347534
49.8132291666667,5.3136944770813
49.8165625,5.31470775604248
49.8198958333333,5.31566143035889
49.8232291666667,5.31667470932007
49.8265625,5.31768798828125
49.8298958333333,5.31876087188721
49.8332291666667,5.31977415084839
49.8365625,5.32084703445435
49.8398958333333,5.3219199180603
49.8432291666667,5.32293319702148
49.8465625,5.32388687133789
49.8498958333333,5.32472133636475
49.8532291666667,5.3255558013916
49.8565625,5.32627105712891
49.8598958333333,5.32686710357666
49.8632291666667,5.32746315002441
49.8665625,5.32805919647217
49.8698958333333,5.32859563827515
49.8732291666667,5.3291916847229
49.8765625,5.32984733581543
49.8798958333333,5.33056259155273
49.8832291666667,5.33133745193481
49.8865625,5.33223152160645
49.8898958333333,5.33324480056763
49.8932291666667,5.33431768417358
49.8965625,5.33550977706909
49.8998958333333,5.3367018699646
49.9032291666667,5.33795356750488
49.9065625,5.33920526504517
49.9098958333333,5.34045696258545
49.9132291666667,5.34164905548096
49.9165625,5.34278154373169
49.9198958333333,5.34385442733765
49.9232291666667,5.34486770629883
49.9265625,5.34582138061523
49.9298958333333,5.34671545028687
49.9332291666667,5.34754991531372
49.9365625,5.3483247756958
49.9398958333333,5.34904003143311
49.9432291666667,5.34975528717041
49.9465625,5.35041093826294
49.9498958333333,5.35106658935547
49.9532291666667,5.351722240448
49.9565625,5.35237789154053
49.9598958333333,5.35297393798828
49.9632291666667,5.35368919372559
49.9665625,5.35434484481812
49.9698958333333,5.35500049591064
49.9732291666667,5.35565614700317
49.9765625,5.3563117980957
49.9798958333333,5.35690784454346
49.9832291666667,5.35750389099121
49.9865625,5.35804033279419
49.9898958333333,5.35851716995239
49.9932291666667,5.3589940071106
49.9965625,5.35941123962402
49.9998958333333,5.35976886749268
50.0032291666667,5.36012649536133
50.0065625,5.36048412322998
50.0098958333333,5.36084175109863
50.0132291666667,5.36119937896729
50.0165625,5.36155700683594
50.0198958333333,5.36197423934937
50.0232291666667,5.36239147186279
50.0265625,5.36274909973145
50.0298958333333,5.36316633224487
50.0332291666667,5.3635835647583
50.0365625,5.36400079727173
50.0398958333333,5.36441802978516
50.0432291666667,5.36483526229858
50.0465625,5.36525249481201
50.0498958333333,5.36566972732544
50.0532291666667,5.36602735519409
50.0565625,5.36638498306274
50.0598958333333,5.36668300628662
50.0632291666667,5.36686182022095
50.0665625,5.3669810295105
50.0698958333333,5.36710023880005
50.0732291666667,5.36715984344482
50.0765625,5.3672194480896
50.0798958333333,5.36727905273438
50.0832291666667,5.3674578666687
50.0865625,5.36763668060303
50.0898958333333,5.36787509918213
50.0932291666667,5.36817312240601
50.0965625,5.36847114562988
50.0998958333333,5.36876916885376
50.1032291666667,5.36906719207764
50.1065625,5.36924600601196
50.1098958333333,5.36948442459106
50.1132291666667,5.36966323852539
50.1165625,5.36990165710449
50.1198958333333,5.37014007568359
50.1232291666667,5.3703784942627
50.1265625,5.37073612213135
50.1298958333333,5.37121295928955
50.1332291666667,5.37174940109253
50.1365625,5.37228584289551
50.1398958333333,5.37294149398804
50.1432291666667,5.37353754043579
50.1465625,5.37413358688354
50.1498958333333,5.3747296333313
50.1532291666667,5.37526607513428
50.1565625,5.37580251693726
50.1598958333333,5.37621974945068
50.1632291666667,5.37663698196411
50.1665625,5.37711381912231
50.1698958333333,5.37765026092529
50.1732291666667,5.37830591201782
50.1765625,5.3790807723999
50.1798958333333,5.38003444671631
50.1832291666667,5.38116693496704
50.1865625,5.3824782371521
50.1898958333333,5.38396835327148
50.1932291666667,5.38551807403564
50.1965625,5.38718700408936
50.1998958333333,5.38885593414307
50.2032291666667,5.39052486419678
50.2065625,5.39213418960571
50.2098958333333,5.39380311965942
50.2132291666667,5.39535284042358
50.2165625,5.39690256118774
50.2198958333333,5.39839267730713
50.2232291666667,5.39982318878174
50.2265625,5.40119409561157
50.2298958333333,5.40256500244141
50.2332291666667,5.40387630462646
50.2365625,5.40506839752197
50.2398958333333,5.40620088577271
50.2432291666667,5.40727376937866
50.2465625,5.40828704833984
50.2498958333333,5.40924072265625
50.2532291666667,5.41013479232788
50.2565625,5.41102886199951
50.2598958333333,5.41192293167114
50.2632291666667,5.41281700134277
50.2665625,5.4137110710144
50.2698958333333,5.41466474533081
50.2732291666667,5.41555881500244
50.2765625,5.41645288467407
50.2798958333333,5.4173469543457
50.2832291666667,5.41812181472778
50.2865625,5.41889667510986
50.2898958333333,5.41955232620239
50.2932291666667,5.42014837265015
50.2965625,5.42062520980835
50.2998958333333,5.42104244232178
50.3032291666667,5.42134046554565
50.3065625,5.42151927947998
50.3098958333333,5.42163848876953
50.3132291666667,5.42175769805908
50.3165625,5.42181730270386
50.3198958333333,5.42187690734863
50.3232291666667,5.42205572128296
50.3265625,5.42223453521729
50.3298958333333,5.42247295379639
50.3332291666667,5.42283058166504
50.3365625,5.42330741882324
50.3398958333333,5.423903465271
50.3432291666667,5.42449951171875
50.3465625,5.42521476745605
50.3498958333333,5.42593002319336
50.3532291666667,5.42664527893066
50.3565625,5.42730093002319
50.3598958333333,5.4280161857605
50.3632291666667,5.4287314414978
50.3665625,5.42932748794556
50.3698958333333,5.42998313903809
50.3732291666667,5.43057918548584
50.3765625,5.43111562728882
50.3798958333333,5.43171167373657
50.3832291666667,5.43224811553955
50.3865625,5.43272495269775
50.3898958333333,5.43326139450073
50.3932291666667,5.43379783630371
50.3965625,5.43439388275146
50.3998958333333,5.43498992919922
50.4032291666667,5.43564558029175
50.4065625,5.43630123138428
50.4098958333333,5.43701648712158
50.4132291666667,5.43773174285889
50.4165625,5.43850660324097
50.4198958333333,5.43922185897827
50.4232291666667,5.43999671936035
50.4265625,5.44071197509766
50.4298958333333,5.44148683547974
50.4332291666667,5.44226169586182
50.4365625,5.44309616088867
50.4398958333333,5.44393062591553
50.4432291666667,5.44488430023193
50.4465625,5.44589757919312
50.4498958333333,5.44697046279907
50.4532291666667,5.4481029510498
50.4565625,5.44923543930054
50.4598958333333,5.45036792755127
50.4632291666667,5.451500415802
50.4665625,5.45263290405273
50.4698958333333,5.45364618301392
50.4732291666667,5.4546594619751
50.4765625,5.45555353164673
50.4798958333333,5.45644760131836
50.4832291666667,5.45728206634521
50.4865625,5.45811653137207
50.4898958333333,5.45889139175415
50.4932291666667,5.45972585678101
50.4965625,5.46050071716309
50.4998958333333,5.46127557754517
50.5032291666667,5.46199083328247
50.5065625,5.462646484375
50.5098958333333,5.46330213546753
50.5132291666667,5.46389818191528
50.5165625,5.46449422836304
50.5198958333333,5.46497106552124
50.5232291666667,5.46538829803467
50.5265625,5.4658055305481
50.5298958333333,5.46622276306152
50.5332291666667,5.46658039093018
50.5365625,5.4669976234436
50.5398958333333,5.46735525131226
50.5432291666667,5.46777248382568
50.5465625,5.46818971633911
50.5498958333333,5.46854734420776
50.5532291666667,5.46896457672119
50.5565625,5.46932220458984
50.5598958333333,5.4696798324585
50.5632291666667,5.47003746032715
50.5665625,5.4703950881958
50.5698958333333,5.47069311141968
50.5732291666667,5.47105073928833
50.5765625,5.47140836715698
50.5798958333333,5.47188520431519
50.5832291666667,5.47236204147339
50.5865625,5.47289848327637
50.5898958333333,5.4735541343689
50.5932291666667,5.47420978546143
50.5965625,5.47498464584351
50.5998958333333,5.47581911087036
50.6032291666667,5.47665357589722
50.6065625,5.47754764556885
50.6098958333333,5.47850131988525
50.6132291666667,5.47945499420166
50.6165625,5.48040866851807
50.6198958333333,5.48136234283447
50.6232291666667,5.48231601715088
50.6265625,5.48332929611206
50.6298958333333,5.48428297042847
50.6332291666667,5.48529624938965
50.6365625,5.48630952835083
50.6398958333333,5.48738241195679
50.6432291666667,5.48845529556274
50.6465625,5.48958778381348
50.6498958333333,5.49077987670898
50.6532291666667,5.49203157424927
50.6565625,5.4934024810791
50.6598958333333,5.49477338790894
50.6632291666667,5.49626350402832
50.6665625,5.49775362014771
50.6698958333333,5.49924373626709
50.6732291666667,5.50073385238647
50.6765625,5.50216436386108
50.6798958333333,5.50353527069092
50.6832291666667,5.5047869682312
50.6865625,5.50597906112671
50.6898958333333,5.50705194473267
50.6932291666667,5.50806522369385
50.6965625,5.50895929336548
50.6998958333333,5.50979375839233
50.7032291666667,5.51056861877441
50.7065625,5.51122426986694
50.7098958333333,5.51193952560425
50.7132291666667,5.512535572052
50.7165625,5.51313161849976
50.7198958333333,5.51372766494751
50.7232291666667,5.51426410675049
50.7265625,5.51474094390869
50.7298958333333,5.51521778106689
50.7332291666667,5.5156946182251
50.7365625,5.5161714553833
50.7398958333333,5.51670789718628
50.7432291666667,5.51730394363403
50.7465625,5.51789999008179
50.7498958333333,5.51855564117432
50.7532291666667,5.51927089691162
50.7565625,5.51998615264893
50.7598958333333,5.52070140838623
50.7632291666667,5.52129745483398
50.7665625,5.52189350128174
50.7698958333333,5.52237033843994
50.7732291666667,5.52272796630859
50.7765625,5.5229663848877
50.7798958333333,5.5232048034668
50.7832291666667,5.52338361740112
50.7865625,5.52356243133545
50.7898958333333,5.52380084991455
50.7932291666667,5.52409887313843
50.7965625,5.52451610565186
50.7998958333333,5.52499294281006
50.8032291666667,5.52558898925781
50.8065625,5.52618503570557
50.8098958333333,5.52690029144287
50.8132291666667,5.5275559425354
50.8165625,5.52827119827271
50.8198958333333,5.52892684936523
50.8232291666667,5.52958250045776
50.8265625,5.53029775619507
50.8298958333333,5.53101301193237
50.8332291666667,5.53184747695923
50.8365625,5.53274154663086
50.8398958333333,5.53375482559204
50.8432291666667,5.534827709198
50.8465625,5.53601980209351
50.8498958333333,5.53727149963379
50.8532291666667,5.53858280181885
50.8565625,5.53983449935913
50.8598958333333,5.54102659225464
50.8632291666667,5.54215908050537
50.8665625,5.5432915687561
50.8698958333333,5.54430484771729
50.8732291666667,5.54531812667847
50.8765625,5.54633140563965
50.8798958333333,5.54740428924561
50.8832291666667,5.54853677749634
50.8865625,5.54978847503662
50.8898958333333,5.55109977722168
50.8932291666667,5.55253028869629
50.8965625,5.55402040481567
50.8998958333333,5.55545091629028
50.9032291666667,5.55688142776489
50.9065625,5.55825233459473
50.9098958333333,5.55950403213501
50.9132291666667,5.56069612503052
50.9165625,5.5617094039917
50.9198958333333,5.56266307830811
50.9232291666667,5.56349754333496
50.9265625,5.56427240371704
50.9298958333333,5.5651068687439
50.9332291666667,5.56588172912598
50.9365625,5.56665658950806
50.9398958333333,5.56743144989014
50.9432291666667,5.56814670562744
50.9465625,5.56880235671997
50.9498958333333,5.5694580078125
50.9532291666667,5.56999444961548
50.9565625,5.57047128677368
50.9598958333333,5.57082891464233
50.9632291666667,5.57118654251099
50.9665625,5.57154417037964
50.9698958333333,5.57184219360352
50.9732291666667,5.57219982147217
50.9765625,5.5726170539856
50.9798958333333,5.57303428649902
50.9832291666667,5.57351112365723
50.9865625,5.57398796081543
50.9898958333333,5.57446479797363
50.9932291666667,5.57494163513184
50.9965625,5.57535886764526
50.9998958333333,5.57577610015869
51.0032291666667,5.57613372802734
51.0065625,5.57643175125122
51.0098958333333,5.57678937911987
51.0132291666667,5.57708740234375
51.0165625,5.57750463485718
51.0198958333333,5.57792186737061
51.0232291666667,5.57845830917358
51.0265625,5.57899475097656
51.0298958333333,5.57965040206909
51.0332291666667,5.58030605316162
51.0365625,5.58102130889893
51.0398958333333,5.58179616928101
51.0432291666667,5.58263063430786
51.0465625,5.58346509933472
51.0498958333333,5.58435916900635
51.0532291666667,5.58525323867798
51.0565625,5.58626651763916
51.0598958333333,5.58739900588989
51.0632291666667,5.58853149414063
51.0665625,5.58978319168091
51.0698958333333,5.59109449386597
51.0732291666667,5.59240579605103
51.0765625,5.59383630752563
51.0798958333333,5.59526681900024
51.0832291666667,5.59675693511963
51.0865625,5.59824705123901
51.0898958333333,5.59979677200317
51.0932291666667,5.60140609741211
51.0965625,5.60295581817627
51.0998958333333,5.60450553894043
51.1032291666667,5.60605525970459
51.1065625,5.60754537582397
51.1098958333333,5.60897588729858
51.1132291666667,5.61034679412842
51.1165625,5.6115984916687
51.1198958333333,5.61285018920898
51.1232291666667,5.61398267745972
51.1265625,5.61511516571045
51.1298958333333,5.61624765396118
51.1332291666667,5.61732053756714
51.1365625,5.61845302581787
51.1398958333333,5.61952590942383
51.1432291666667,5.62059879302979
51.1465625,5.62161207199097
51.1498958333333,5.62262535095215
51.1532291666667,5.62363862991333
51.1565625,5.62459230422974
51.1598958333333,5.62554597854614
51.1632291666667,5.62655925750732
51.1665625,5.62751293182373
51.1698958333333,5.62852621078491
51.1732291666667,5.62959909439087
51.1765625,5.63061237335205
51.1798958333333,5.63162565231323
51.1832291666667,5.63263893127441
51.1865625,5.63353300094604
51.1898958333333,5.6343674659729
51.1932291666667,5.63508272171021
51.1965625,5.63573837280273
51.1998958333333,5.63627481460571
51.2032291666667,5.63675165176392
51.2065625,5.63716888427734
51.2098958333333,5.63758611679077
51.2132291666667,5.6380033493042
51.2165625,5.63853979110718
51.2198958333333,5.63919544219971
51.2232291666667,5.64002990722656
51.2265625,5.64098358154297
51.2298958333333,5.6421160697937
51.2332291666667,5.64342737197876
51.2365625,5.64485788345337
51.2398958333333,5.64640760421753
51.2432291666667,5.64801692962646
51.2465625,5.64956665039063
51.2498958333333,5.65111637115479
51.2532291666667,5.65248727798462
51.2565625,5.65379858016968
51.2598958333333,5.65493106842041
51.2632291666667,5.65582513809204
51.2665625,5.65659999847412
51.2698958333333,5.6571364402771
51.2732291666667,5.65749406814575
51.2765625,5.65773248672485
51.2798958333333,5.6578516960144
51.2832291666667,5.65791130065918
51.2865625,5.6578516960144
51.2898958333333,5.65779209136963
51.2932291666667,5.65773248672485
51.2965625,5.6576132774353
51.2998958333333,5.65755367279053
51.3032291666667,5.65749406814575
51.3065625,5.65743446350098
51.3098958333333,5.6573748588562
51.3132291666667,5.6573748588562
51.3165625,5.65743446350098
51.3198958333333,5.65749406814575
51.3232291666667,5.65755367279053
51.3265625,5.65773248672485
51.3298958333333,5.6578516960144
51.3332291666667,5.65809011459351
51.3365625,5.65832853317261
51.3398958333333,5.65856695175171
51.3432291666667,5.65880537033081
51.3465625,5.65898418426514
51.3498958333333,5.65922260284424
51.3532291666667,5.65940141677856
51.3565625,5.65952062606812
51.3598958333333,5.65963983535767
51.3632291666667,5.65975904464722
51.3665625,5.65987825393677
51.3698958333333,5.66005706787109
51.3732291666667,5.6602954864502
51.3765625,5.66065311431885
51.3798958333333,5.66107034683228
51.3832291666667,5.66160678863525
51.3865625,5.66232204437256
51.3898958333333,5.66309690475464
51.3932291666667,5.66405057907104
51.3965625,5.66506385803223
51.3998958333333,5.66607713699341
51.4032291666667,5.66709041595459
51.4065625,5.66810369491577
51.4098958333333,5.66911697387695
51.4132291666667,5.67007064819336
51.4165625,5.67090511322021
51.4198958333333,5.67173957824707
51.4232291666667,5.67245483398438
51.4265625,5.67317008972168
51.4298958333333,5.67382574081421
51.4332291666667,5.67454099655151
51.4365625,5.67519664764404
51.4398958333333,5.67585229873657
51.4432291666667,5.6765079498291
51.4465625,5.67716360092163
51.4498958333333,5.67787885665894
51.4532291666667,5.67859411239624
51.4565625,5.6794285774231
51.4598958333333,5.68032264709473
51.4632291666667,5.68127632141113
51.4665625,5.68234920501709
51.4698958333333,5.6835412979126
51.4732291666667,5.68479299545288
51.4765625,5.68610429763794
51.4798958333333,5.68753480911255
51.4832291666667,5.68890571594238
51.4865625,5.69033622741699
51.4898958333333,5.69164752960205
51.4932291666667,5.69289922714233
51.4965625,5.69403171539307
51.4998958333333,5.69504499435425
51.5032291666667,5.69593906402588
51.5065625,5.69683313369751
51.5098958333333,5.69766759872437
51.5132291666667,5.698561668396
51.5165625,5.69945573806763
51.5198958333333,5.70040941238403
51.5232291666667,5.70148229598999
51.5265625,5.70261478424072
51.5298958333333,5.70380687713623
51.5332291666667,5.70505857467651
51.5365625,5.70636987686157
51.5398958333333,5.70762157440186
51.5432291666667,5.70887327194214
51.5465625,5.71012496948242
51.5498958333333,5.71137666702271
51.5532291666667,5.71262836456299
51.5565625,5.7138204574585
51.5598958333333,5.71495294570923
51.5632291666667,5.71608543395996
51.5665625,5.71715831756592
51.5698958333333,5.71823120117188
51.5732291666667,5.71918487548828
51.5765625,5.72013854980469
51.5798958333333,5.72097301483154
51.5832291666667,5.7218074798584
51.5865625,5.7225227355957
51.5898958333333,5.72323799133301
51.5932291666667,5.72383403778076
51.5965625,5.72443008422852
51.5998958333333,5.72490692138672
51.6032291666667,5.72532415390015
51.6065625,5.72562217712402
51.6098958333333,5.72580099105835
51.6132291666667,5.72586059570313
51.6165625,5.7259202003479
51.6198958333333,5.72597980499268
51.6232291666667,5.72609901428223
51.6265625,5.72633743286133
51.6298958333333,5.72669506072998
51.6332291666667,5.72729110717773
51.6365625,5.72806596755981
51.6398958333333,5.72913885116577
51.6432291666667,5.73039054870605
51.6465625,5.73176145553589
51.6498958333333,5.73331117630005
51.6532291666667,5.73498010635376
51.6565625,5.73664903640747
51.6598958333333,5.73837757110596
51.6632291666667,5.74010610580444
51.6665625,5.74183464050293
51.6698958333333,5.74350357055664
51.6732291666667,5.74517250061035
51.6765625,5.74678182601929
51.6798958333333,5.74833154678345
51.6832291666667,5.74988126754761
51.6865625,5.75137138366699
51.6898958333333,5.7528018951416
51.6932291666667,5.75417280197144
51.6965625,5.75548410415649
51.6998958333333,5.75673580169678
51.7032291666667,5.75798749923706
51.7065625,5.75911998748779
51.7098958333333,5.76019287109375
51.7132291666667,5.76120615005493
51.7165625,5.76215982437134
51.7198958333333,5.76311349868774
51.7232291666667,5.7639479637146
51.7265625,5.76478242874146
51.7298958333333,5.76555728912354
51.7332291666667,5.76633214950562
51.7365625,5.76698780059814
51.7398958333333,5.7675838470459
51.7432291666667,5.76812028884888
51.7465625,5.76859712600708
51.7498958333333,5.76895475387573
51.7532291666667,5.76925277709961
51.7565625,5.76937198638916
51.7598958333333,5.76943159103394
51.7632291666667,5.76943159103394
51.7665625,5.76931238174438
51.7698958333333,5.76919317245483
51.7732291666667,5.76901435852051
51.7765625,5.76883554458618
51.7798958333333,5.76865673065186
51.7832291666667,5.7685375213623
51.7865625,5.76847791671753
51.7898958333333,5.76847791671753
51.7932291666667,5.7685375213623
51.7965625,5.76877593994141
51.7998958333333,5.76913356781006
51.8032291666667,5.76961040496826
51.8065625,5.77020645141602
51.8098958333333,5.7709813117981
51.8132291666667,5.77187538146973
51.8165625,5.77288866043091
51.8198958333333,5.77396154403687
51.8232291666667,5.77515363693237
51.8265625,5.77634572982788
51.8298958333333,5.77759742736816
51.8332291666667,5.77878952026367
51.8365625,5.7799220085144
51.8398958333333,5.78099489212036
51.8432291666667,5.78194856643677
51.8465625,5.78290224075317
51.8498958333333,5.78367710113525
51.8532291666667,5.78439235687256
51.8565625,5.78504800796509
51.8598958333333,5.78558444976807
51.8632291666667,5.78612089157104
51.8665625,5.78665733337402
51.8698958333333,5.787193775177
51.8732291666667,5.78773021697998
51.8765625,5.78832626342773
51.8798958333333,5.78892230987549
51.8832291666667,5.78957796096802
51.8865625,5.79017400741577
51.8898958333333,5.79077005386353
51.8932291666667,5.79136610031128
51.8965625,5.79190254211426
51.8998958333333,5.79231977462769
51.9032291666667,5.79273700714111
51.9065625,5.79309463500977
51.9098958333333,5.79345226287842
51.9132291666667,5.79375028610229
51.9165625,5.79410791397095
51.9198958333333,5.7944655418396
51.9232291666667,5.79476356506348
51.9265625,5.79506158828735
51.9298958333333,5.79535961151123
51.9332291666667,5.79559803009033
51.9365625,5.79577684402466
51.9398958333333,5.79595565795898
51.9432291666667,5.79619407653809
51.9465625,5.79643249511719
51.9498958333333,5.79673051834106
51.9532291666667,5.79720735549927
51.9565625,5.79780340194702
51.9598958333333,5.79851865768433
51.9632291666667,5.79947233200073
51.9665625,5.80054521560669
51.9698958333333,5.80185651779175
51.9732291666667,5.80328702926636
51.9765625,5.80489635467529
51.9798958333333,5.80662488937378
51.9832291666667,5.80841302871704
51.9865625,5.81037998199463
51.9898958333333,5.81240653991699
51.9932291666667,5.81449270248413
51.9965625,5.81669807434082
51.9998958333333,5.81896305084229
52.0032291666667,5.82128763198853
52.0065625,5.82373142242432
52.0098958333333,5.82623481750488
52.0132291666667,5.828857421875
52.0165625,5.83153963088989
52.0198958333333,5.83422183990479
52.0232291666667,5.83690404891968
52.0265625,5.83958625793457
52.0298958333333,5.84214925765991
52.0332291666667,5.8445930480957
52.0365625,5.84697723388672
52.0398958333333,5.84918260574341
52.0432291666667,5.85132837295532
52.0465625,5.85335493087769
52.0498958333333,5.8552622795105
52.0532291666667,5.85716962814331
52.0565625,5.85895776748657
52.0598958333333,5.86074590682983
52.0632291666667,5.86247444152832
52.0665625,5.86408376693726
52.0698958333333,5.86569309234619
52.0732291666667,5.86724281311035
52.0765625,5.86873292922974
52.0798958333333,5.87016344070435
52.0832291666667,5.8714747428894
52.0865625,5.87272644042969
52.0898958333333,5.8739185333252
52.0932291666667,5.87499141693115
52.0965625,5.87594509124756
52.0998958333333,5.87683916091919
52.1032291666667,5.87767362594604
52.1065625,5.87838888168335
52.1098958333333,5.8789849281311
52.1132291666667,5.87958097457886
52.1165625,5.88005781173706
52.1198958333333,5.88047504425049
52.1232291666667,5.88077306747437
52.1265625,5.88101148605347
52.1298958333333,5.88113069534302
52.1332291666667,5.88119029998779
52.1365625,5.88119029998779
52.1398958333333,5.88113069534302
52.1432291666667,5.88107109069824
52.1465625,5.88095188140869
52.1498958333333,5.88089227676392
52.1532291666667,5.88083267211914
52.1565625,5.88089227676392
52.1598958333333,5.88107109069824
52.1632291666667,5.88130950927734
52.1665625,5.88160753250122
52.1698958333333,5.88208436965942
52.1732291666667,5.88268041610718
52.1765625,5.88333606719971
52.1798958333333,5.88411092758179
52.1832291666667,5.88500499725342
52.1865625,5.8860182762146
52.1898958333333,5.88703155517578
52.1932291666667,5.88816404342651
52.1965625,5.88935613632202
52.1998958333333,5.8906078338623
52.2032291666667,5.89185953140259
52.2065625,5.89317083358765
52.2098958333333,5.89454174041748
52.2132291666667,5.89591264724731
52.2165625,5.89734315872192
52.2198958333333,5.89871406555176
52.2232291666667,5.90020418167114
52.2265625,5.90163469314575
52.2298958333333,5.90306520462036
52.2332291666667,5.90449571609497
52.2365625,5.9058666229248
52.2398958333333,5.90723752975464
52.2432291666667,5.90848922729492
52.2465625,5.90968132019043
52.2498958333333,5.91075420379639
52.2532291666667,5.91182708740234
52.2565625,5.91278076171875
52.2598958333333,5.91367483139038
52.2632291666667,5.91450929641724
52.2665625,5.91534376144409
52.2698958333333,5.91611862182617
52.2732291666667,5.91689348220825
52.2765625,5.91760873794556
52.2798958333333,5.91826438903809
52.2832291666667,5.91886043548584
52.2865625,5.91939687728882
52.2898958333333,5.91975450515747
52.2932291666667,5.92005252838135
52.2965625,5.9201717376709
52.2998958333333,5.9201717376709
52.3032291666667,5.92005252838135
52.3065625,5.91981410980225
52.3098958333333,5.91945648193359
52.3132291666667,5.91909885406494
52.3165625,5.91862201690674
52.3198958333333,5.91820478439331
52.3232291666667,5.91778755187988
52.3265625,5.91737031936646
52.3298958333333,5.91707229614258
52.3332291666667,5.91683387756348
52.3365625,5.91665506362915
52.3398958333333,5.9165358543396
52.3432291666667,5.91647624969482
52.3465625,5.91647624969482
52.3498958333333,5.9165358543396
52.3532291666667,5.91659545898438
52.3565625,5.91665506362915
52.3598958333333,5.91683387756348
52.3632291666667,5.9170126914978
52.3665625,5.9172511100769
52.3698958333333,5.91760873794556
52.3732291666667,5.91802597045898
52.3765625,5.91862201690674
52.3798958333333,5.91933727264404
52.3832291666667,5.92011213302612
52.3865625,5.92100620269775
52.3898958333333,5.92190027236938
52.3932291666667,5.92291355133057
52.3965625,5.92386722564697
52.3998958333333,5.92482089996338
52.4032291666667,5.92577457427979
52.4065625,5.92672824859619
52.4098958333333,5.92780113220215
52.4132291666667,5.92887401580811
52.4165625,5.93006610870361
52.4198958333333,5.93143701553345
52.4232291666667,5.93292713165283
52.4265625,5.93459606170654
52.4298958333333,5.93632459640503
52.4332291666667,5.93817234039307
52.4365625,5.94007968902588
52.4398958333333,5.94192743301392
52.4432291666667,5.94383478164673
52.4465625,5.94562292098999
52.4498958333333,5.9472918510437
52.4532291666667,5.94890117645264
52.4565625,5.95039129257202
52.4598958333333,5.95182180404663
52.4632291666667,5.95307350158691
52.4665625,5.95426559448242
52.4698958333333,5.95533847808838
52.4732291666667,5.95629215240479
52.4765625,5.95724582672119
52.4798958333333,5.9581995010376
52.4832291666667,5.95909357070923
52.4865625,5.96004724502563
52.4898958333333,5.96106052398682
52.4932291666667,5.962073802948
52.4965625,5.96320629119873
52.4998958333333,5.96445798873901
52.5032291666667,5.9657096862793
52.5065625,5.96708059310913
52.5098958333333,5.96851110458374
52.5132291666667,5.9700608253479
52.5165625,5.97167015075684
52.5198958333333,5.9734582901001
52.5232291666667,5.97536563873291
52.5265625,5.97745180130005
52.5298958333333,5.97971677780151
52.5332291666667,5.98210096359253
52.5365625,5.9846043586731
52.5398958333333,5.98716735839844
52.5432291666667,5.98973035812378
52.5465625,5.99223375320435
52.5498958333333,5.99467754364014
52.5532291666667,5.9969425201416
52.5565625,5.99902868270874
52.5598958333333,6.00093603134155
52.5632291666667,6.00266456604004
52.5665625,6.00427389144897
52.5698958333333,6.00570440292358
52.5732291666667,6.00707530975342
52.5765625,6.0083270072937
52.5798958333333,6.00945949554443
52.5832291666667,6.01053237915039
52.5865625,6.01160526275635
52.5898958333333,6.01255893707275
52.5932291666667,6.01357221603394
52.5965625,6.01446628570557
52.5998958333333,6.01541996002197
52.6032291666667,6.0163140296936
52.6065625,6.01714849472046
52.6098958333333,6.01804256439209
52.6132291666667,6.01887702941895
52.6165625,6.0197114944458
52.6198958333333,6.02054595947266
52.6232291666667,6.02132081985474
52.6265625,6.02215528488159
52.6298958333333,6.02293014526367
52.6332291666667,6.02376461029053
52.6365625,6.02453947067261
52.6398958333333,6.02531433105469
52.6432291666667,6.02602958679199
52.6465625,6.02668523788452
52.6498958333333,6.02734088897705
52.6532291666667,6.02787733078003
52.6565625,6.02835416793823
52.6598958333333,6.02871179580688
52.6632291666667,6.02906942367554
52.6665625,6.02930784225464
52.6698958333333,6.02942705154419
52.6732291666667,6.02960586547852
52.6765625,6.02966547012329
52.6798958333333,6.02978467941284
52.6832291666667,6.02990388870239
52.6865625,6.03002309799194
52.6898958333333,6.03020191192627
52.6932291666667,6.0303807258606
52.6965625,6.03055953979492
52.6998958333333,6.0308575630188
52.7032291666667,6.03115558624268
52.7065625,6.0315728187561
52.7098958333333,6.03199005126953
52.7132291666667,6.03252649307251
52.7165625,6.03312253952026
52.7198958333333,6.03377819061279
52.7232291666667,6.0344934463501
52.7265625,6.03526830673218
52.7298958333333,6.03598356246948
52.7332291666667,6.03675842285156
52.7365625,6.03741407394409
52.7398958333333,6.03801012039185
52.7432291666667,6.03848695755005
52.7465625,6.03896379470825
52.7498958333333,6.0393214225769
52.7532291666667,6.03967905044556
52.7565625,6.03997707366943
52.7598958333333,6.04027509689331
52.7632291666667,6.04063272476196
52.7665625,6.04099035263062
52.7698958333333,6.04146718978882
52.7732291666667,6.0420036315918
52.7765625,6.04259967803955
52.7798958333333,6.04331493377686
52.7832291666667,6.04403018951416
52.7865625,6.04480504989624
52.7898958333333,6.0456395149231
52.7932291666667,6.0465931892395
52.7965625,6.04754686355591
52.7998958333333,6.04861974716187
52.8032291666667,6.0497522354126
52.8065625,6.05100393295288
52.8098958333333,6.05231523513794
52.8132291666667,6.05374574661255
52.8165625,6.05529546737671
52.8198958333333,6.05684518814087
52.8232291666667,6.0584545135498
52.8265625,6.06012344360352
52.8298958333333,6.06167316436768
52.8332291666667,6.06322288513184
52.8365625,6.06465339660645
52.8398958333333,6.0659646987915
52.8432291666667,6.06709718704224
52.8465625,6.06811046600342
52.8498958333333,6.06894493103027
52.8532291666667,6.06966018676758
52.8565625,6.07025623321533
52.8598958333333,6.07073307037354
52.8632291666667,6.07120990753174
52.8665625,6.07168674468994
52.8698958333333,6.07222318649292
52.8732291666667,6.07287883758545
52.8765625,6.07359409332275
52.8798958333333,6.07454776763916
52.8832291666667,6.07556104660034
52.8865625,6.07669353485107
52.8898958333333,6.07788562774658
52.8932291666667,6.07901811599731
52.8965625,6.08015060424805
52.8998958333333,6.08116388320923
52.9032291666667,6.08205795288086
52.9065625,6.08283281326294
52.9098958333333,6.08348846435547
52.9132291666667,6.08396530151367
52.9165625,6.0843825340271
52.9198958333333,6.08474016189575
52.9232291666667,6.08491897583008
52.9265625,6.0850977897644
52.9298958333333,6.08521699905396
52.9332291666667,6.08527660369873
52.9365625,6.08533620834351
52.9398958333333,6.08533620834351
52.9432291666667,6.08533620834351
52.9465625,6.08533620834351
52.9498958333333,6.08539581298828
52.9532291666667,6.08545541763306
52.9565625,6.08563423156738
52.9598958333333,6.08575344085693
52.9632291666667,6.08599185943604
52.9665625,6.08623027801514
52.9698958333333,6.08658790588379
52.9732291666667,6.08706474304199
52.9765625,6.08760118484497
52.9798958333333,6.0882568359375
52.9832291666667,6.08909130096436
52.9865625,6.09010457992554
52.9898958333333,6.09123706817627
52.9932291666667,6.09254837036133
52.9965625,6.09397888183594
52.9998958333333,6.0955286026001
53.0032291666667,6.09713792800903
53.0065625,6.09874725341797
53.0098958333333,6.10041618347168
53.0132291666667,6.10202550888062
53.0165625,6.10363483428955
53.0198958333333,6.10518455505371
53.0232291666667,6.1066746711731
53.0265625,6.10810518264771
53.0298958333333,6.10947608947754
53.0332291666667,6.11084699630737
53.0365625,6.11215829849243
53.0398958333333,6.11346960067749
53.0432291666667,6.11478090286255
53.0465625,6.11609220504761
53.0498958333333,6.11740350723267
53.0532291666667,6.11871480941772
53.0565625,6.12008571624756
53.0598958333333,6.12133741378784
53.0632291666667,6.12258911132813
53.0665625,6.12378120422363
53.0698958333333,6.12485408782959
53.0732291666667,6.125807762146
53.0765625,6.12664222717285
53.0798958333333,6.12741708755493
53.0832291666667,6.12807273864746
53.0865625,6.12866878509521
53.0898958333333,6.12932443618774
53.0932291666667,6.1299204826355
53.0965625,6.1306357383728
53.0998958333333,6.13147020339966
53.1032291666667,6.13236427307129
53.1065625,6.1333179473877
53.1098958333333,6.13439083099365
53.1132291666667,6.13546371459961
53.1165625,6.13659620285034
53.1198958333333,6.13772869110107
53.1232291666667,6.13886117935181
53.1265625,6.13999366760254
53.1298958333333,6.14112615585327
53.1332291666667,6.142258644104
53.1365625,6.14345073699951
53.1398958333333,6.14470243453979
53.1432291666667,6.14607334136963
53.1465625,6.14744424819946
53.1498958333333,6.14899396896362
53.1532291666667,6.15054368972778
53.1565625,6.15221261978149
53.1598958333333,6.15394115447998
53.1632291666667,6.15572929382324
53.1665625,6.1575174331665
53.1698958333333,6.15930557250977
53.1732291666667,6.1611533164978
53.1765625,6.16294145584106
53.1798958333333,6.16472959518433
53.1832291666667,6.16645812988281
53.1865625,6.16812705993652
53.1898958333333,6.16979598999023
53.1932291666667,6.17140531539917
53.1965625,6.17295503616333
53.1998958333333,6.17444515228271
53.2032291666667,6.17587566375732
53.2065625,6.17718696594238
53.2098958333333,6.17849826812744
53.2132291666667,6.17969036102295
53.2165625,6.18082284927368
53.2198958333333,6.18183612823486
53.2232291666667,6.18267059326172
53.2265625,6.1834454536438
53.2298958333333,6.18404150009155
53.2332291666667,6.18457794189453
53.2365625,6.18493556976318
53.2398958333333,6.18523359298706
53.2432291666667,6.18547201156616
53.2465625,6.18571043014526
53.2498958333333,6.18588924407959
53.2532291666667,6.18612766265869
53.2565625,6.18648529052734
53.2598958333333,6.18696212768555
53.2632291666667,6.18749856948853
53.2665625,6.18821382522583
53.2698958333333,6.18898868560791
53.2732291666667,6.18988275527954
53.2765625,6.19083642959595
53.2798958333333,6.19184970855713
53.2832291666667,6.19292259216309
53.2865625,6.19399547576904
53.2898958333333,6.19512796401978
53.2932291666667,6.19632005691528
53.2965625,6.19757175445557
53.2998958333333,6.19888305664063
53.3032291666667,6.20019435882568
53.3065625,6.20156526565552
53.3098958333333,6.20293617248535
53.3132291666667,6.20430707931519
53.3165625,6.20561838150024
53.3198958333333,6.20687007904053
53.3232291666667,6.20800256729126
53.3265625,6.20901584625244
53.3298958333333,6.20996952056885
53.3332291666667,6.2108039855957
53.3365625,6.21157884597778
53.3398958333333,6.21229410171509
53.3432291666667,6.21294975280762
53.3465625,6.21366500854492
53.3498958333333,6.21432065963745
53.3532291666667,6.21503591537476
53.3565625,6.21575117111206
53.3598958333333,6.21652603149414
53.3632291666667,6.21730089187622
53.3665625,6.21813535690308
53.3698958333333,6.21896982192993
53.3732291666667,6.21974468231201
53.3765625,6.22051954269409
53.3798958333333,6.22129440307617
53.3832291666667,6.22212886810303
53.3865625,6.22290372848511
53.3898958333333,6.22373819351196
53.3932291666667,6.22451305389404
53.3965625,6.2253475189209
53.3998958333333,6.22624158859253
53.4032291666667,6.22707605361938
53.4065625,6.22797012329102
53.4098958333333,6.2287449836731
53.4132291666667,6.22951984405518
53.4165625,6.23017549514771
53.4198958333333,6.23077154159546
53.4232291666667,6.23130798339844
53.4265625,6.23172521591187
53.4298958333333,6.23208284378052
53.4332291666667,6.23244047164917
53.4365625,6.23279809951782
53.4398958333333,6.23321533203125
53.4432291666667,6.23363256454468
53.4465625,6.23416900634766
53.4498958333333,6.23482465744019
53.4532291666667,6.23565912246704
53.4565625,6.23661279678345
53.4598958333333,6.2376856803894
53.4632291666667,6.23887777328491
53.4665625,6.24018907546997
53.4698958333333,6.2415599822998
53.4732291666667,6.24299049377441
53.4765625,6.24442100524902
53.4798958333333,6.24585151672363
53.4832291666667,6.24716281890869
53.4865625,6.24847412109375
53.4898958333333,6.24960660934448
53.4932291666667,6.25061988830566
53.4965625,6.25151395797729
53.4998958333333,6.25228881835938
53.5032291666667,6.2529444694519
53.5065625,6.25342130661011
53.5098958333333,6.25371932983398
53.5132291666667,6.25389814376831
53.5165625,6.25395774841309
53.5198958333333,6.25383853912354
53.5232291666667,6.25354051589966
53.5265625,6.25318288803101
53.5298958333333,6.2527060508728
53.5332291666667,6.2522292137146
53.5365625,6.25169277191162
53.5398958333333,6.25121593475342
53.5432291666667,6.25079870223999
53.5465625,6.25050067901611
53.5498958333333,6.25038146972656
53.5532291666667,6.25050067901611
53.5565625,6.25079870223999
53.5598958333333,6.25133514404297
53.5632291666667,6.25211000442505
53.5665625,6.25306367874146
53.5698958333333,6.25425577163696
53.5732291666667,6.2556266784668
53.5765625,6.25711679458618
53.5798958333333,6.25878572463989
53.5832291666667,6.26057386398315
53.5865625,6.26248121261597
53.5898958333333,6.26444816589355
53.5932291666667,6.26653432846069
53.5965625,6.26862049102783
53.5998958333333,6.27076625823975
53.6032291666667,6.27291202545166
53.6065625,6.27505779266357
53.6098958333333,6.27708435058594
53.6132291666667,6.27905130386353
53.6165625,6.28089904785156
53.6198958333333,6.28268718719482
53.6232291666667,6.28435611724854
53.6265625,6.28596544265747
53.6298958333333,6.28745555877686
53.6332291666667,6.28894567489624
53.6365625,6.29043579101563
53.6398958333333,6.29192590713501
53.6432291666667,6.29341602325439
53.6465625,6.29496574401855
53.6498958333333,6.29657506942749
53.6532291666667,6.29812479019165
53.6565625,6.29973411560059
53.6598958333333,6.30134344100952
53.6632291666667,6.30301237106323
53.6665625,6.30468130111694
53.6698958333333,6.30635023117065
53.6732291666667,6.30807876586914
53.6765625,6.30980730056763
53.6798958333333,6.31153583526611
53.6832291666667,6.3132643699646
53.6865625,6.31493330001831
53.6898958333333,6.31660223007202
53.6932291666667,6.31821155548096
53.6965625,6.31982088088989
53.6998958333333,6.32131099700928
53.7032291666667,6.32280111312866
53.7065625,6.32423162460327
53.7098958333333,6.32560253143311
53.7132291666667,6.32685422897339
53.7165625,6.32810592651367
53.7198958333333,6.32917881011963
53.7232291666667,6.33019208908081
53.7265625,6.33108615875244
53.7298958333333,6.3319206237793
53.7332291666667,6.33269548416138
53.7365625,6.33347034454346
53.7398958333333,6.33424520492554
53.7432291666667,6.33507966995239
53.7465625,6.3360333442688
53.7498958333333,6.33710622787476
53.7532291666667,6.33829832077026
53.7565625,6.3396692276001
53.7598958333333,6.34109973907471
53.7632291666667,6.34264945983887
53.7665625,6.34431838989258
53.7698958333333,6.34598731994629
53.7732291666667,6.34765625
53.7765625,6.34938478469849
53.7798958333333,6.35111331939697
53.7832291666667,6.35284185409546
53.7865625,6.35457038879395
53.7898958333333,6.35623931884766
53.7932291666667,6.35790824890137
53.7965625,6.3595175743103
53.7998958333333,6.36106729507446
53.8032291666667,6.36255741119385
53.8065625,6.36392831802368
53.8098958333333,6.36529922485352
53.8132291666667,6.3665509223938
53.8165625,6.36768341064453
53.8198958333333,6.36869668960571
53.8232291666667,6.36965036392212
53.8265625,6.37048482894897
53.8298958333333,6.37125968933105
53.8332291666667,6.37185573577881
53.8365625,6.37239217758179
53.8398958333333,6.37280941009521
53.8432291666667,6.37316703796387
53.8465625,6.37352466583252
53.8498958333333,6.37394189834595
53.8532291666667,6.37435913085938
53.8565625,6.37483596801758
53.8598958333333,6.37549161911011
53.8632291666667,6.37626647949219
53.8665625,6.37722015380859
53.8698958333333,6.37835264205933
53.8732291666667,6.37960433959961
53.8765625,6.38091564178467
53.8798958333333,6.38234615325928
53.8832291666667,6.38377666473389
53.8865625,6.3852071762085
53.8898958333333,6.38663768768311
53.8932291666667,6.38800859451294
53.8965625,6.38937950134277
53.8998958333333,6.39057159423828
53.9032291666667,6.39170408248901
53.9065625,6.3927173614502
53.9098958333333,6.39361143112183
53.9132291666667,6.39438629150391
53.9165625,6.39510154724121
53.9198958333333,6.39563798904419
53.9232291666667,6.39611482620239
53.9265625,6.39647245407104
53.9298958333333,6.3968300819397
53.9332291666667,6.39712810516357
53.9365625,6.39736652374268
53.9398958333333,6.39760494232178
53.9432291666667,6.39784336090088
53.9465625,6.39802217483521
53.9498958333333,6.39820098876953
53.9532291666667,6.39837980270386
53.9565625,6.39855861663818
53.9598958333333,6.39879703521729
53.9632291666667,6.39909505844116
53.9665625,6.39951229095459
53.9698958333333,6.40010833740234
53.9732291666667,6.40082359313965
53.9765625,6.40177726745605
53.9798958333333,6.40290975570679
53.9832291666667,6.40428066253662
53.9865625,6.40577077865601
53.9898958333333,6.40738010406494
53.9932291666667,6.40910863876343
53.9965625,6.41083717346191
53.9998958333333,6.41262531280518
54.0032291666667,6.41435384750366
54.0065625,6.4159631729126
54.0098958333333,6.41751289367676
54.0132291666667,6.41894340515137
54.0165625,6.42025470733643
54.0198958333333,6.42150640487671
54.0232291666667,6.42263889312744
54.0265625,6.4237117767334
54.0298958333333,6.42472505569458
54.0332291666667,6.42567873001099
54.0365625,6.42657279968262
54.0398958333333,6.42740726470947
54.0432291666667,6.42818212509155
54.0465625,6.42883777618408
54.0498958333333,6.42937421798706
54.0532291666667,6.42973184585571
54.0565625,6.42991065979004
54.0598958333333,6.42997026443481
54.0632291666667,6.42991065979004
54.0665625,6.42979145050049
54.0698958333333,6.42967224121094
54.0732291666667,6.42961263656616
54.0765625,6.42961263656616
54.0798958333333,6.42979145050049
54.0832291666667,6.43002986907959
54.0865625,6.43044710159302
54.0898958333333,6.430983543396
54.0932291666667,6.43157958984375
54.0965625,6.4321756362915
54.0998958333333,6.43271207809448
54.1032291666667,6.43324851989746
54.1065625,6.43366575241089
54.1098958333333,6.43402338027954
54.1132291666667,6.43426179885864
54.1165625,6.43450021743774
54.1198958333333,6.43461942672729
54.1232291666667,6.43473863601685
54.1265625,6.43479824066162
54.1298958333333,6.4348578453064
54.1332291666667,6.43497705459595
54.1365625,6.43503665924072
54.1398958333333,6.43515586853027
54.1432291666667,6.4353346824646
54.1465625,6.43551349639893
54.1498958333333,6.43575191497803
54.1532291666667,6.4360499382019
54.1565625,6.43646717071533
54.1598958333333,6.43688440322876
54.1632291666667,6.43742084503174
54.1665625,6.43801689147949
54.1698958333333,6.43879175186157
54.1732291666667,6.4396858215332
54.1765625,6.44069910049438
54.1798958333333,6.44189119338989
54.1832291666667,6.44320249557495
54.1865625,6.44469261169434
54.1898958333333,6.44630193710327
54.1932291666667,6.44803047180176
54.1965625,6.44987821578979
54.1998958333333,6.45166635513306
54.2032291666667,6.45345449447632
54.2065625,6.45512342453003
54.2098958333333,6.45661354064941
54.2132291666667,6.45792484283447
54.2165625,6.45899772644043
54.2198958333333,6.45989179611206
54.2232291666667,6.46048784255981
54.2265625,6.46084547042847
54.2298958333333,6.46102428436279
54.2332291666667,6.46108388900757
54.2365625,6.46102428436279
54.2398958333333,6.46090507507324
54.2432291666667,6.46078586578369
54.2465625,6.46066665649414
54.2498958333333,6.46060705184937
54.2532291666667,6.46060705184937
54.2565625,6.46078586578369
54.2598958333333,6.46108388900757
54.2632291666667,6.46156072616577
54.2665625,6.46215677261353
54.2698958333333,6.46299123764038
54.2732291666667,6.46394491195679
54.2765625,6.46513700485229
54.2798958333333,6.46650791168213
54.2832291666667,6.46811723709106
54.2865625,6.4699649810791
54.2898958333333,6.47199153900146
54.2932291666667,6.47425651550293
54.2965625,6.47670030593872
54.2998958333333,6.47938251495361
54.3032291666667,6.48218393325806
54.3065625,6.48510456085205
54.3098958333333,6.4881443977356
54.3132291666667,6.49112462997437
54.3165625,6.49416446685791
54.3198958333333,6.4970850944519
54.3232291666667,6.49994611740112
54.3265625,6.50274753570557
54.3298958333333,6.50537014007568
54.3332291666667,6.50787353515625
54.3365625,6.51019811630249
54.3398958333333,6.51240348815918
54.3432291666667,6.51437044143677
54.3465625,6.51615858078003
54.3498958333333,6.51782751083374
54.3532291666667,6.5193772315979
54.3565625,6.52074813842773
54.3598958333333,6.52211904525757
54.3632291666667,6.52337074279785
54.3665625,6.52462244033813
54.3698958333333,6.52593374252319
54.3732291666667,6.52718544006348
54.3765625,6.52855634689331
54.3798958333333,6.52992725372314
54.3832291666667,6.53141736984253
54.3865625,6.53290748596191
54.3898958333333,6.53445720672607
54.3932291666667,6.53606653213501
54.3965625,6.53761625289917
54.3998958333333,6.53916597366333
54.4032291666667,6.54071569442749
54.4065625,6.54220581054688
54.4098958333333,6.54363632202148
54.4132291666667,6.54494762420654
54.4165625,6.54613971710205
54.4198958333333,6.54727220535278
54.4232291666667,6.54822587966919
54.4265625,6.54911994934082
54.4298958333333,6.5498948097229
54.4332291666667,6.55061006546021
54.4365625,6.55126571655273
54.4398958333333,6.55192136764526
54.4432291666667,6.55251741409302
54.4465625,6.55311346054077
54.4498958333333,6.55370950698853
54.4532291666667,6.5542459487915
54.4565625,6.55478239059448
54.4598958333333,6.55519962310791
54.4632291666667,6.55555725097656
54.4665625,6.55591487884521
54.4698958333333,6.55621290206909
54.4732291666667,6.55645132064819
54.4765625,6.55674934387207
54.4798958333333,6.55704736709595
54.4832291666667,6.55746459960938
54.4865625,6.5578818321228
54.4898958333333,6.55841827392578
54.4932291666667,6.55907392501831
54.4965625,6.55978918075562
54.4998958333333,6.56068325042725
54.5032291666667,6.56163692474365
54.5065625,6.56265020370483
54.5098958333333,6.56378269195557
54.5132291666667,6.56497478485107
54.5165625,6.56622648239136
54.5198958333333,6.56759738922119
54.5232291666667,6.56896829605103
54.5265625,6.57033920288086
54.5298958333333,6.57171010971069
54.5332291666667,6.57308101654053
54.5365625,6.57439231872559
54.5398958333333,6.57570362091064
54.5432291666667,6.57689571380615
54.5465625,6.57796859741211
54.5498958333333,6.57898187637329
54.5532291666667,6.57987594604492
54.5565625,6.58059120178223
54.5598958333333,6.58118724822998
54.5632291666667,6.58172369003296
54.5665625,6.58214092254639
54.5698958333333,6.58249855041504
54.5732291666667,6.58285617828369
54.5765625,6.58315420150757
54.5798958333333,6.583571434021
54.5832291666667,6.58398866653442
54.5865625,6.5845251083374
54.5898958333333,6.58512115478516
54.5932291666667,6.58583641052246
54.5965625,6.58667087554932
54.5998958333333,6.58762454986572
54.6032291666667,6.58869743347168
54.6065625,6.58994913101196
54.6098958333333,6.59126043319702
54.6132291666667,6.59275054931641
54.6165625,6.59435987472534
54.6198958333333,6.5961480140686
54.6232291666667,6.59799575805664
54.6265625,6.59996271133423
54.6298958333333,6.60198926925659
54.6332291666667,6.60407543182373
54.6365625,6.60616159439087
54.6398958333333,6.60818815231323
54.6432291666667,6.61009550094604
54.6465625,6.61188364028931
54.6498958333333,6.61355257034302
54.6532291666667,6.61498308181763
54.6565625,6.61629438400269
54.6598958333333,6.61736726760864
54.6632291666667,6.61826133728027
54.6665625,6.6189169883728
54.6698958333333,6.61945343017578
54.6732291666667,6.61981105804443
54.6765625,6.61998987197876
54.6798958333333,6.62010908126831
54.6832291666667,6.62010908126831
54.6865625,6.62004947662354
54.6898958333333,6.62004947662354
54.6932291666667,6.61998987197876
54.6965625,6.62010908126831
54.6998958333333,6.62028789520264
54.7032291666667,6.62058591842651
54.7065625,6.62112236022949
54.7098958333333,6.62177801132202
54.7132291666667,6.62261247634888
54.7165625,6.62356615066528
54.7198958333333,6.62457942962646
54.7232291666667,6.62565231323242
54.7265625,6.62678480148315
54.7298958333333,6.62791728973389
54.7332291666667,6.62910938262939
54.7365625,6.63024187088013
54.7398958333333,6.63149356842041
54.7432291666667,6.63286447525024
54.7465625,6.63429498672485
54.7498958333333,6.63584470748901
54.7532291666667,6.63751363754272
54.7565625,6.63924217224121
54.7598958333333,6.64103031158447
54.7632291666667,6.64281845092773
54.7665625,6.64448738098145
54.7698958333333,6.64603710174561
54.7732291666667,6.64746761322021
54.7765625,6.64865970611572
54.7798958333333,6.64961338043213
54.7832291666667,6.65038824081421
54.7865625,6.65098428726196
54.7898958333333,6.65140151977539
54.7932291666667,6.65175914764404
54.7965625,6.65193796157837
54.7998958333333,6.65205717086792
54.8032291666667,6.6521167755127
54.8065625,6.6521167755127
54.8098958333333,6.6521167755127
54.8132291666667,6.65217638015747
54.8165625,6.65223598480225
54.8198958333333,6.65241479873657
54.8232291666667,6.65271282196045
54.8265625,6.65313005447388
54.8298958333333,6.65378570556641
54.8332291666667,6.65462017059326
54.8365625,6.65563344955444
54.8398958333333,6.65682554244995
54.8432291666667,6.65807723999023
54.8465625,6.65944814682007
54.8498958333333,6.6608190536499
54.8532291666667,6.66224956512451
54.8565625,6.66368007659912
54.8598958333333,6.66511058807373
54.8632291666667,6.66648149490356
54.8665625,6.66779279708862
54.8698958333333,6.66916370391846
54.8732291666667,6.67041540145874
54.8765625,6.67166709899902
54.8798958333333,6.67285919189453
54.8832291666667,6.67399168014526
54.8865625,6.67494535446167
54.8898958333333,6.67577981948853
54.8932291666667,6.67643547058105
54.8965625,6.67697191238403
54.8998958333333,6.67726993560791
54.9032291666667,6.67738914489746
54.9065625,6.67744874954224
54.9098958333333,6.67744874954224
54.9132291666667,6.67744874954224
54.9165625,6.67750835418701
54.9198958333333,6.67774677276611
54.9232291666667,6.67822360992432
54.9265625,6.6789984703064
54.9298958333333,6.68007135391235
54.9332291666667,6.68150186538696
54.9365625,6.68317079544067
54.9398958333333,6.68519735336304
54.9432291666667,6.68740272521973
54.9465625,6.68990612030029
54.9498958333333,6.69246912002563
54.9532291666667,6.6952109336853
54.9565625,6.69807195663452
54.9598958333333,6.70093297958374
54.9632291666667,6.70379400253296
54.9665625,6.70665502548218
54.9698958333333,6.70945644378662
54.9732291666667,6.71225786209106
54.9765625,6.71488046646118
54.9798958333333,6.71738386154175
54.9832291666667,6.71976804733276
54.9865625,6.72191381454468
54.9898958333333,6.72388076782227
54.9932291666667,6.72566890716553
54.9965625,6.72721862792969
54.9998958333333,6.72852993011475
55.0032291666667,6.72966241836548
55.0065625,6.73055648803711
55.0098958333333,6.73133134841919
55.0132291666667,6.73192739486694
55.0165625,6.73240423202515
55.0198958333333,6.7327618598938
55.0232291666667,6.7330002784729
55.0265625,6.733238697052
55.0298958333333,6.7334771156311
55.0332291666667,6.73377513885498
55.0365625,6.73413276672363
55.0398958333333,6.73460960388184
55.0432291666667,6.73526525497437
55.0465625,6.73604011535645
55.0498958333333,6.73705339431763
55.0532291666667,6.73830509185791
55.0565625,6.73973560333252
55.0598958333333,6.74134492874146
55.0632291666667,6.74313306808472
55.0665625,6.74504041671753
55.0698958333333,6.74706697463989
55.0732291666667,6.74915313720703
55.0765625,6.75123929977417
55.0798958333333,6.75332546234131
55.0832291666667,6.75535202026367
55.0865625,6.75731897354126
55.0898958333333,6.75928592681885
55.0932291666667,6.76113367080688
55.0965625,6.76292181015015
55.0998958333333,6.76476955413818
55.1032291666667,6.76655769348145
55.1065625,6.76834583282471
55.1098958333333,6.77007436752319
55.1132291666667,6.7717432975769
55.1165625,6.77329301834106
55.1198958333333,6.77472352981567
55.1232291666667,6.77591562271118
55.1265625,6.77692890167236
55.1298958333333,6.77776336669922
55.1332291666667,6.77835941314697
55.1365625,6.7787766456604
55.1398958333333,6.77907466888428
55.1432291666667,6.77937269210815
55.1465625,6.77955150604248
55.1498958333333,6.77984952926636
55.1532291666667,6.78014755249023
55.1565625,6.78056478500366
55.1598958333333,6.78110122680664
55.1632291666667,6.78181648254395
55.1665625,6.78259134292603
55.1698958333333,6.78348541259766
55.1732291666667,6.78455829620361
55.1765625,6.78569078445435
55.1798958333333,6.78694248199463
55.1832291666667,6.78831338882446
55.1865625,6.78974390029907
55.1898958333333,6.79129362106323
55.1932291666667,6.79284334182739
55.1965625,6.7945122718811
55.1998958333333,6.79612159729004
55.2032291666667,6.79779052734375
55.2065625,6.79939985275269
55.2098958333333,6.80094957351685
55.2132291666667,6.80249929428101
55.2165625,6.80392980575562
55.2198958333333,6.80530071258545
55.2232291666667,6.80655241012573
55.2265625,6.80774450302124
55.2298958333333,6.8088173866272
55.2332291666667,6.8097710609436
55.2365625,6.81060552597046
55.2398958333333,6.81126117706299
55.2432291666667,6.81179761886597
55.2465625,6.81221485137939
55.2498958333333,6.8124532699585
55.2532291666667,6.81263208389282
55.2565625,6.81275129318237
55.2598958333333,6.81281089782715
55.2632291666667,6.81287050247192
55.2665625,6.81304931640625
55.2698958333333,6.81334733963013
55.2732291666667,6.81376457214355
55.2765625,6.81442022323608
55.2798958333333,6.81525468826294
55.2832291666667,6.81626796722412
55.2865625,6.81746006011963
55.2898958333333,6.81883096694946
55.2932291666667,6.82038068771362
55.2965625,6.82204961776733
55.2998958333333,6.82377815246582
55.3032291666667,6.82556629180908
55.3065625,6.82741403579712
55.3098958333333,6.82920217514038
55.3132291666667,6.83104991912842
55.3165625,6.8327784538269
55.3198958333333,6.83450698852539
55.3232291666667,6.83611631393433
55.3265625,6.83754682540894
55.3298958333333,6.83891773223877
55.3332291666667,6.84010982513428
55.3365625,6.84118270874023
55.3398958333333,6.84219598770142
55.3432291666667,6.84309005737305
55.3465625,6.8439245223999
55.3498958333333,6.84475898742676
55.3532291666667,6.84553384780884
55.3565625,6.84630870819092
55.3598958333333,6.847083568573
55.3632291666667,6.8477988243103
55.3665625,6.84845447540283
55.3698958333333,6.84893131256104
55.3732291666667,6.84934854507446
55.3765625,6.84964656829834
55.3798958333333,6.84982538223267
55.3832291666667,6.84982538223267
55.3865625,6.84976577758789
55.3898958333333,6.84970617294312
55.3932291666667,6.84964656829834
55.3965625,6.84964656829834
55.3998958333333,6.84976577758789
55.4032291666667,6.85006380081177
55.4065625,6.85060024261475
55.4098958333333,6.85125589370728
55.4132291666667,6.85209035873413
55.4165625,6.85310363769531
55.4198958333333,6.85417652130127
55.4232291666667,6.85536861419678
55.4265625,6.85650110244751
55.4298958333333,6.85763359069824
55.4332291666667,6.8587064743042
55.4365625,6.85966014862061
55.4398958333333,6.86055421829224
55.4432291666667,6.86126947402954
55.4465625,6.86192512512207
55.4498958333333,6.86252117156982
55.4532291666667,6.8630576133728
55.4565625,6.86353445053101
55.4598958333333,6.86401128768921
55.4632291666667,6.86442852020264
55.4665625,6.86490535736084
55.4698958333333,6.86532258987427
55.4732291666667,6.8657398223877
55.4765625,6.86615705490112
55.4798958333333,6.86657428741455
55.4832291666667,6.8669319152832
55.4865625,6.86734914779663
55.4898958333333,6.86776638031006
55.4932291666667,6.86824321746826
55.4965625,6.86877965927124
55.4998958333333,6.86937570571899
55.5032291666667,6.87003135681152
55.5065625,6.87086582183838
55.5098958333333,6.87181949615479
55.5132291666667,6.87289237976074
55.5165625,6.87414407730103
55.5198958333333,6.87557458877563
55.5232291666667,6.87718391418457
55.5265625,6.87909126281738
55.5298958333333,6.88117742538452
55.5332291666667,6.88356161117554
55.5365625,6.88612461090088
55.5398958333333,6.88892602920532
55.5432291666667,6.89184665679932
55.5465625,6.89494609832764
55.5498958333333,6.89804553985596
55.5532291666667,6.90114498138428
55.5565625,6.90412521362305
55.5598958333333,6.90692663192749
55.5632291666667,6.90954923629761
55.5665625,6.9119930267334
55.5698958333333,6.91413879394531
55.5732291666667,6.9161057472229
55.5765625,6.91783428192139
55.5798958333333,6.91932439804077
55.5832291666667,6.92069530487061
55.5865625,6.92188739776611
55.5898958333333,6.92296028137207
55.5932291666667,6.92391395568848
55.5965625,6.92480802536011
55.5998958333333,6.92552328109741
55.6032291666667,6.92623853683472
55.6065625,6.92683458328247
55.6098958333333,6.92737102508545
55.6132291666667,6.92790746688843
55.6165625,6.92844390869141
55.6198958333333,6.92892074584961
55.6232291666667,6.92939758300781
55.6265625,6.92993402481079
55.6298958333333,6.93053007125854
55.6332291666667,6.93118572235107
55.6365625,6.93196058273315
55.6398958333333,6.93285465240479
55.6432291666667,6.93392753601074
55.6465625,6.93517923355103
55.6498958333333,6.93666934967041
55.6532291666667,6.93845748901367
55.6565625,6.94042444229126
55.6598958333333,6.94262981414795
55.6632291666667,6.94507360458374
55.6665625,6.94769620895386
55.6698958333333,6.95043802261353
55.6732291666667,6.95323944091797
55.6765625,6.95604085922241
55.6798958333333,6.95878267288208
55.6832291666667,6.96146488189697
55.6865625,6.96390867233276
55.6898958333333,6.96617364883423
55.6932291666667,6.96820020675659
55.6965625,6.96992874145508
55.6998958333333,6.97135925292969
55.7032291666667,6.9725513458252
55.7065625,6.97344541549683
55.7098958333333,6.97410106658936
55.7132291666667,6.97463750839233
55.7165625,6.97499513626099
55.7198958333333,6.97523355484009
55.7232291666667,6.97541236877441
55.7265625,6.97553157806396
55.7298958333333,6.97565078735352
55.7332291666667,6.97571039199829
55.7365625,6.97582960128784
55.7398958333333,6.97588920593262
55.7432291666667,6.97600841522217
55.7465625,6.97612762451172
55.7498958333333,6.97624683380127
55.7532291666667,6.97648525238037
55.7565625,6.97678327560425
55.7598958333333,6.9771409034729
55.7632291666667,6.9776177406311
55.7665625,6.97827339172363
55.7698958333333,6.97904825210571
55.7732291666667,6.97994232177734
55.7765625,6.98107481002808
55.7798958333333,6.98238611221313
55.7832291666667,6.98381662368774
55.7865625,6.98554515838623
55.7898958333333,6.98739290237427
55.7932291666667,6.98941946029663
55.7965625,6.99156522750854
55.7998958333333,6.99377059936523
55.8032291666667,6.9960355758667
55.8065625,6.99824094772339
55.8098958333333,7.0003867149353
55.8132291666667,7.00241327285767
55.8165625,7.00432062149048
55.8198958333333,7.00604915618896
55.8232291666667,7.00759887695313
55.8265625,7.00896978378296
55.8298958333333,7.01016187667847
55.8332291666667,7.0112943649292
55.8365625,7.01230764389038
55.8398958333333,7.01326131820679
55.8432291666667,7.01421499252319
55.8465625,7.01510906219482
55.8498958333333,7.01612234115601
55.8532291666667,7.01713562011719
55.8565625,7.01814889907837
55.8598958333333,7.01922178268433
55.8632291666667,7.02029466629028
55.8665625,7.02130794525146
55.8698958333333,7.02238082885742
55.8732291666667,7.02333450317383
55.8765625,7.02434778213501
55.8798958333333,7.02530145645142
55.8832291666667,7.0263147354126
55.8865625,7.02738761901855
55.8898958333333,7.02857971191406
55.8932291666667,7.02989101409912
55.8965625,7.03138113021851
55.8998958333333,7.03305006027222
55.9032291666667,7.03495740890503
55.9065625,7.03704357147217
55.9098958333333,7.03930854797363
55.9132291666667,7.04169273376465
55.9165625,7.04419612884521
55.9198958333333,7.04675912857056
55.9232291666667,7.0493221282959
55.9265625,7.05182552337646
55.9298958333333,7.05420970916748
55.9332291666667,7.05647468566895
55.9365625,7.05856084823608
55.9398958333333,7.0604681968689
55.9432291666667,7.06213712692261
55.9465625,7.06356763839722
55.9498958333333,7.06475973129272
55.9532291666667,7.06577301025391
55.9565625,7.06654787063599
55.9598958333333,7.06720352172852
55.9632291666667,7.06768035888672
55.9665625,7.06815719604492
55.9698958333333,7.06851482391357
55.9732291666667,7.06887245178223
55.9765625,7.06923007965088
55.9798958333333,7.06958770751953
55.9832291666667,7.06994533538818
55.9865625,7.07024335861206
55.9898958333333,7.07060098648071
55.9932291666667,7.07095861434937
55.9965625,7.07137584686279
55.9998958333333,7.07173347473145
56.0032291666667,7.07221031188965
56.0065625,7.07268714904785
56.0098958333333,7.07328319549561
56.0132291666667,7.07399845123291
56.0165625,7.07477331161499
56.0198958333333,7.0757269859314
56.0232291666667,7.07685947418213
56.0265625,7.07817077636719
56.0298958333333,7.07966089248657
56.0332291666667,7.08138942718506
56.0365625,7.08335638046265
56.0398958333333,7.08550214767456
56.0432291666667,7.08788633346558
56.0465625,7.09044933319092
56.0498958333333,7.09319114685059
56.0532291666667,7.0960521697998
56.0565625,7.09891319274902
56.0598958333333,7.10183382034302
56.0632291666667,7.10469484329224
56.0665625,7.1074366569519
56.0698958333333,7.11005926132202
56.0732291666667,7.11244344711304
56.0765625,7.11464881896973
56.0798958333333,7.11661577224731
56.0832291666667,7.1183443069458
56.0865625,7.11989402770996
56.0898958333333,7.12126493453979
56.0932291666667,7.1224570274353
56.0965625,7.12347030639648
56.0998958333333,7.12430477142334
56.1032291666667,7.12502002716064
56.1065625,7.1256160736084
56.1098958333333,7.12603330612183
56.1132291666667,7.1263313293457
56.1165625,7.12651014328003
56.1198958333333,7.12662935256958
56.1232291666667,7.12662935256958
56.1265625,7.1265697479248
56.1298958333333,7.12651014328003
56.1332291666667,7.12645053863525
56.1365625,7.12645053863525
56.1398958333333,7.12651014328003
56.1432291666667,7.12668895721436
56.1465625,7.12698698043823
56.1498958333333,7.12746381759644
56.1532291666667,7.12805986404419
56.1565625,7.12883472442627
56.1598958333333,7.12984800338745
56.1632291666667,7.13104009628296
56.1665625,7.13241100311279
56.1698958333333,7.13402032852173
56.1732291666667,7.13580846786499
56.1765625,7.13777542114258
56.1798958333333,7.13986158370972
56.1832291666667,7.14212656021118
56.1865625,7.14445114135742
56.1898958333333,7.14683532714844
56.1932291666667,7.14921951293945
56.1965625,7.15154409408569
56.1998958333333,7.15380907058716
56.2032291666667,7.15595483779907
56.2065625,7.15798139572144
56.2098958333333,7.1597695350647
56.2132291666667,7.16143846511841
56.2165625,7.16292858123779
56.2198958333333,7.16418027877808
56.2232291666667,7.16525316238403
56.2265625,7.16614723205566
56.2298958333333,7.16686248779297
56.2332291666667,7.16745853424072
56.2365625,7.16793537139893
56.2398958333333,7.16835260391235
56.2432291666667,7.16865062713623
56.2465625,7.16888904571533
56.2498958333333,7.16918706893921
56.2532291666667,7.16942548751831
56.2565625,7.16978311538696
56.2598958333333,7.17014074325562
56.2632291666667,7.17061758041382
56.2665625,7.17121362686157
56.2698958333333,7.1718692779541
56.2732291666667,7.17276334762573
56.2765625,7.17377662658691
56.2798958333333,7.17490911483765
56.2832291666667,7.17622041702271
56.2865625,7.17765092849731
56.2898958333333,7.17926025390625
56.2932291666667,7.18104839324951
56.2965625,7.18289613723755
56.2998958333333,7.18492269515991
56.3032291666667,7.18700885772705
56.3065625,7.18915462493896
56.3098958333333,7.19135999679565
56.3132291666667,7.19362497329712
56.3165625,7.19588994979858
56.3198958333333,7.19809532165527
56.3232291666667,7.20030069351196
56.3265625,7.2023868560791
56.3298958333333,7.20429420471191
56.3332291666667,7.20608234405518
56.3365625,7.20763206481934
56.3398958333333,7.20900297164917
56.3432291666667,7.21019506454468
56.3465625,7.21126794815063
56.3498958333333,7.21210241317749
56.3532291666667,7.21281766891479
56.3565625,7.21341371536255
56.3598958333333,7.21389055252075
56.3632291666667,7.21430778503418
56.3665625,7.21460580825806
56.3698958333333,7.21478462219238
56.3732291666667,7.21484422683716
56.3765625,7.21478462219238
56.3798958333333,7.21454620361328
56.3832291666667,7.2142481803894
56.3865625,7.21383094787598
56.3898958333333,7.21347332000732
56.3932291666667,7.2130560874939
56.3965625,7.21275806427002
56.3998958333333,7.21257925033569
56.4032291666667,7.21257925033569
56.4065625,7.21275806427002
56.4098958333333,7.21311569213867
56.4132291666667,7.21371173858643
56.4165625,7.21454620361328
56.4198958333333,7.21549987792969
56.4232291666667,7.2166919708252
56.4265625,7.21800327301025
56.4298958333333,7.21949338912964
56.4332291666667,7.2210431098938
56.4365625,7.22265243530273
56.4398958333333,7.22426176071167
56.4432291666667,7.22593069076538
56.4465625,7.22759962081909
56.4498958333333,7.2292685508728
56.4532291666667,7.23087787628174
56.4565625,7.23248720169067
56.4598958333333,7.23403692245483
56.4632291666667,7.23552703857422
56.4665625,7.2370171546936
56.4698958333333,7.23838806152344
56.4732291666667,7.23963975906372
56.4765625,7.24083185195923
56.4798958333333,7.24190473556519
56.4832291666667,7.24285840988159
56.4865625,7.24369287490845
56.4898958333333,7.24440813064575
56.4932291666667,7.24500417709351
56.4965625,7.24554061889648
56.4998958333333,7.24595785140991
56.5032291666667,7.24631547927856
56.5065625,7.24661350250244
56.5098958333333,7.24691152572632
56.5132291666667,7.2472095489502
56.5165625,7.24750757217407
56.5198958333333,7.24786520004272
56.5232291666667,7.24834203720093
56.5265625,7.24893808364868
56.5298958333333,7.24971294403076
56.5332291666667,7.25066661834717
56.5365625,7.2517991065979
56.5398958333333,7.25311040878296
56.5432291666667,7.25460052490234
56.5465625,7.25626945495605
56.5498958333333,7.25817680358887
56.5532291666667,7.26020336151123
56.5565625,7.26240873336792
56.5598958333333,7.26473331451416
56.5632291666667,7.26717710494995
56.5665625,7.26974010467529
56.5698958333333,7.27236270904541
56.5732291666667,7.27516412734985
56.5765625,7.2779655456543
56.5798958333333,7.28088617324829
56.5832291666667,7.28380680084229
56.5865625,7.28684663772583
56.5898958333333,7.28994607925415
56.5932291666667,7.29310512542725
56.5965625,7.29638338088989
56.5998958333333,7.29966163635254
56.6032291666667,7.30299949645996
56.6065625,7.30639696121216
56.6098958333333,7.30973482131958
56.6132291666667,7.313072681427
56.6165625,7.3162317276001
56.6198958333333,7.31927156448364
56.6232291666667,7.32201337814331
56.6265625,7.32451677322388
56.6298958333333,7.32672214508057
56.6332291666667,7.32862949371338
56.6365625,7.33023881912231
56.6398958333333,7.33155012130737
56.6432291666667,7.33256340026855
56.6465625,7.33339786529541
56.6498958333333,7.33411312103271
56.6532291666667,7.33470916748047
56.6565625,7.33524560928345
56.6598958333333,7.33572244644165
56.6632291666667,7.33625888824463
56.6665625,7.33673572540283
56.6698958333333,7.33727216720581
56.6732291666667,7.33786821365356
56.6765625,7.33846426010132
56.6798958333333,7.33906030654907
56.6832291666667,7.33977556228638
56.6865625,7.34049081802368
56.6898958333333,7.34132528305054
56.6932291666667,7.34215974807739
56.6965625,7.3431134223938
56.6998958333333,7.34406709671021
56.7032291666667,7.34502077102661
56.7065625,7.34603404998779
56.7098958333333,7.3469877243042
56.7132291666667,7.34788179397583
56.7165625,7.34877586364746
56.7198958333333,7.34966993331909
56.7232291666667,7.35050439834595
56.7265625,7.3513388633728
56.7298958333333,7.35217332839966
56.7332291666667,7.35300779342651
56.7365625,7.35378265380859
56.7398958333333,7.35455751419067
56.7432291666667,7.35527276992798
56.7465625,7.35580921173096
56.7498958333333,7.35616683959961
56.7532291666667,7.35634565353394
56.7565625,7.35628604888916
56.7598958333333,7.35604763031006
56.7632291666667,7.35551118850708
56.7665625,7.35479593276978
56.7698958333333,7.35390186309814
56.7732291666667,7.35294818878174
56.7765625,7.35187530517578
56.7798958333333,7.35080242156982
56.7832291666667,7.34984874725342
56.7865625,7.34895467758179
56.7898958333333,7.34823942184448
56.7932291666667,7.34776258468628
56.7965625,7.34758377075195
56.7998958333333,7.34776258468628
56.8032291666667,7.34829902648926
56.8065625,7.34925270080566
56.8098958333333,7.35068321228027
56.8132291666667,7.35247135162354
56.8165625,7.354736328125
56.8198958333333,7.35735893249512
56.8232291666667,7.36033916473389
56.8265625,7.36355781555176
56.8298958333333,7.36701488494873
56.8332291666667,7.37053155899048
56.8365625,7.37422704696655
56.8398958333333,7.37792253494263
56.8432291666667,7.38173723220825
56.8465625,7.38555192947388
56.8498958333333,7.3893666267395
56.8532291666667,7.3932409286499
56.8565625,7.3971152305603
56.8598958333333,7.40110874176025
56.8632291666667,7.40510225296021
56.8665625,7.40921497344971
56.8698958333333,7.41326808929443
56.8732291666667,7.41738080978394
56.8765625,7.42149353027344
56.8798958333333,7.42554664611816
56.8832291666667,7.42948055267334
56.8865625,7.43335485458374
56.8898958333333,7.43705034255981
56.8932291666667,7.44050741195679
56.8965625,7.44372606277466
56.8998958333333,7.44664669036865
56.9032291666667,7.44926929473877
56.9065625,7.45153427124023
56.9098958333333,7.45350122451782
56.9132291666667,7.45511054992676
56.9165625,7.45642185211182
56.9198958333333,7.457435131073
56.9232291666667,7.4581503868103
56.9265625,7.45868682861328
56.9298958333333,7.45904445648193
56.9332291666667,7.45928287506104
56.9365625,7.45946168899536
56.9398958333333,7.45964050292969
56.9432291666667,7.45987892150879
56.9465625,7.46023654937744
56.9498958333333,7.46071338653564
56.9532291666667,7.4613094329834
56.9565625,7.46214389801025
56.9598958333333,7.46315717697144
56.9632291666667,7.46434926986694
56.9665625,7.46572017669678
56.9698958333333,7.46726989746094
56.9732291666667,7.46899843215942
56.9765625,7.47078657150269
56.9798958333333,7.47275352478027
56.9832291666667,7.47472047805786
56.9865625,7.47674703598022
56.9898958333333,7.47871398925781
56.9932291666667,7.4806809425354
56.9965625,7.48252868652344
56.9998958333333,7.4843168258667
57.0032291666667,7.48598575592041
57.0065625,7.48759508132935
57.0098958333333,7.48908519744873
57.0132291666667,7.49045610427856
57.0165625,7.49176740646362
57.0198958333333,7.49295949935913
57.0232291666667,7.49403238296509
57.0265625,7.49498605728149
57.0298958333333,7.49582052230835
57.0332291666667,7.49647617340088
57.0365625,7.49707221984863
57.0398958333333,7.49754905700684
57.0432291666667,7.49790668487549
57.0465625,7.49820470809937
57.0498958333333,7.49844312667847
57.0532291666667,7.49856233596802
57.0565625,7.49868154525757
57.0598958333333,7.49862194061279
57.0632291666667,7.49850273132324
57.0665625,7.49826431274414
57.0698958333333,7.49784708023071
57.0732291666667,7.49737024307251
57.0765625,7.49677419662476
57.0798958333333,7.496178150177
57.0832291666667,7.49558210372925
57.0865625,7.49498605728149
57.0898958333333,7.49456882476807
57.0932291666667,7.49433040618896
57.0965625,7.49433040618896
57.0998958333333,7.49450922012329
57.1032291666667,7.49504566192627
57.1065625,7.49576091766357
57.1098958333333,7.49671459197998
57.1132291666667,7.49790668487549
57.1165625,7.4993371963501
57.1198958333333,7.50094652175903
57.1232291666667,7.50279426574707
57.1265625,7.50476121902466
57.1298958333333,7.50690698623657
57.1332291666667,7.50917196273804
57.1365625,7.51155614852905
57.1398958333333,7.51399993896484
57.1432291666667,7.51650333404541
57.1465625,7.51900672912598
57.1498958333333,7.52151012420654
57.1532291666667,7.52389430999756
57.1565625,7.5262188911438
57.1598958333333,7.52842426300049
57.1632291666667,7.53051042556763
57.1665625,7.53253698348999
57.1698958333333,7.5344443321228
57.1732291666667,7.53623247146606
57.1765625,7.53796100616455
57.1798958333333,7.53962993621826
57.1832291666667,7.54117965698242
57.1865625,7.54266977310181
57.1898958333333,7.54410028457642
57.1932291666667,7.54541158676147
57.1965625,7.54660367965698
57.1998958333333,7.54767656326294
57.2032291666667,7.54868984222412
57.2065625,7.54952430725098
57.2098958333333,7.55023956298828
57.2132291666667,7.55083560943604
57.2165625,7.55131244659424
57.2198958333333,7.55172967910767
57.2232291666667,7.55208730697632
57.2265625,7.55244493484497
57.2298958333333,7.55292177200317
57.2332291666667,7.55351781845093
57.2365625,7.55423307418823
57.2398958333333,7.55524635314941
57.2432291666667,7.55655765533447
57.2465625,7.55816698074341
57.2498958333333,7.56007432937622
57.2532291666667,7.56227970123291
57.2565625,7.56478309631348
57.2598958333333,7.56758451461792
57.2632291666667,7.57062435150146
57.2665625,7.57384300231934
57.2698958333333,7.57724046707153
57.2732291666667,7.58075714111328
57.2765625,7.58439302444458
57.2798958333333,7.58814811706543
57.2832291666667,7.59190320968628
57.2865625,7.5957179069519
57.2898958333333,7.59941339492798
57.2932291666667,7.60310888290405
57.2965625,7.60656595230103
57.2998958333333,7.60990381240845
57.3032291666667,7.61300325393677
57.3065625,7.61598348617554
57.3098958333333,7.61872529983521
57.3132291666667,7.62134790420532
57.3165625,7.62385129928589
57.3198958333333,7.62629508972168
57.3232291666667,7.62861967086792
57.3265625,7.63088464736938
57.3298958333333,7.63309001922607
57.3332291666667,7.63523578643799
57.3365625,7.63726234436035
57.3398958333333,7.63916969299316
57.3432291666667,7.6410174369812
57.3465625,7.64262676239014
57.3498958333333,7.64411687850952
57.3532291666667,7.6453685760498
57.3565625,7.64644145965576
57.3598958333333,7.64733552932739
57.3632291666667,7.64799118041992
57.3665625,7.64840841293335
57.3698958333333,7.64870643615723
57.3732291666667,7.648766040802
57.3765625,7.648766040802
57.3798958333333,7.64864683151245
57.3832291666667,7.64858722686768
57.3865625,7.6485276222229
57.3898958333333,7.6485276222229
57.3932291666667,7.64864683151245
57.3965625,7.64894485473633
57.3998958333333,7.64942169189453
57.4032291666667,7.65001773834229
57.4065625,7.65085220336914
57.4098958333333,7.65180587768555
57.4132291666667,7.65299797058105
57.4165625,7.65436887741089
57.4198958333333,7.65591859817505
57.4232291666667,7.65764713287354
57.4265625,7.65961408615112
57.4298958333333,7.66170024871826
57.4332291666667,7.66390562057495
57.4365625,7.66623020172119
57.4398958333333,7.66867399215698
57.4432291666667,7.67111778259277
57.4465625,7.67350196838379
57.4498958333333,7.67594575881958
57.4532291666667,7.67821073532104
57.4565625,7.68047571182251
57.4598958333333,7.68262147903442
57.4632291666667,7.68458843231201
57.4665625,7.68649578094482
57.4698958333333,7.68834352493286
57.4732291666667,7.69007205963135
57.4765625,7.69174098968506
57.4798958333333,7.69340991973877
57.4832291666667,7.69507884979248
57.4865625,7.69680738449097
57.4898958333333,7.69859552383423
57.4932291666667,7.70050287246704
57.4965625,7.70241022109985
57.4998958333333,7.70443677902222
57.5032291666667,7.7064037322998
57.5065625,7.70843029022217
57.5098958333333,7.71039724349976
57.5132291666667,7.71224498748779
57.5165625,7.7139139175415
57.5198958333333,7.71540403366089
57.5232291666667,7.71665573120117
57.5265625,7.71772861480713
57.5298958333333,7.71862268447876
57.5332291666667,7.71939754486084
57.5365625,7.71999359130859
57.5398958333333,7.72053003311157
57.5432291666667,7.72112607955933
57.5465625,7.72172212600708
57.5498958333333,7.72237777709961
57.5532291666667,7.72315263748169
57.5565625,7.72404670715332
57.5598958333333,7.72500038146973
57.5632291666667,7.72607326507568
57.5665625,7.72720575332642
57.5698958333333,7.72833824157715
57.5732291666667,7.72958993911743
57.5765625,7.73084163665771
57.5798958333333,7.732093334198
57.5832291666667,7.73340463638306
57.5865625,7.73477554321289
57.5898958333333,7.7362060546875
57.5932291666667,7.73763656616211
57.5965625,7.73912668228149
57.5998958333333,7.74061679840088
57.6032291666667,7.74210691452026
57.6065625,7.74353742599487
57.6098958333333,7.74484872817993
57.6132291666667,7.74604082107544
57.6165625,7.7471137046814
57.6198958333333,7.74794816970825
57.6232291666667,7.74866342544556
57.6265625,7.74925947189331
57.6298958333333,7.74967670440674
57.6332291666667,7.75009393692017
57.6365625,7.75057077407837
57.6398958333333,7.75104761123657
57.6432291666667,7.75164365768433
57.6465625,7.75241851806641
57.6498958333333,7.75331258773804
57.6532291666667,7.75444507598877
57.6565625,7.75563716888428
57.6598958333333,7.75700807571411
57.6632291666667,7.75837898254395
57.6665625,7.75986909866333
57.6698958333333,7.76124000549316
57.6732291666667,7.762610912323
57.6765625,7.76380300521851
57.6798958333333,7.76487588882446
57.6832291666667,7.76576995849609
57.6865625,7.7664852142334
57.6898958333333,7.7669620513916
57.6932291666667,7.76731967926025
57.6965625,7.76749849319458
57.6998958333333,7.76755809783936
57.7032291666667,7.76755809783936
57.7065625,7.76761770248413
57.7098958333333,7.76767730712891
57.7132291666667,7.76785612106323
57.7165625,7.76821374893188
57.7198958333333,7.76875019073486
57.7232291666667,7.76952505111694
57.7265625,7.77047872543335
57.7298958333333,7.77167081832886
57.7332291666667,7.77310132980347
57.7365625,7.77465105056763
57.7398958333333,7.77637958526611
57.7432291666667,7.77822732925415
57.7465625,7.78013467788696
57.7498958333333,7.78204202651978
57.7532291666667,7.78400897979736
57.7565625,7.78591632843018
57.7598958333333,7.78776407241821
57.7632291666667,7.7894926071167
57.7665625,7.79104232788086
57.7698958333333,7.79247283935547
57.7732291666667,7.79366493225098
57.7765625,7.79473781585693
57.7798958333333,7.79563188552856
57.7832291666667,7.79634714126587
57.7865625,7.79694318771362
57.7898958333333,7.7974796295166
57.7932291666667,7.79789686203003
57.7965625,7.79831409454346
57.7998958333333,7.79867172241211
57.8032291666667,7.79914855957031
57.8065625,7.79962539672852
57.8098958333333,7.80016183853149
57.8132291666667,7.80081748962402
57.8165625,7.80153274536133
57.8198958333333,7.80236721038818
57.8232291666667,7.80332088470459
57.8265625,7.80433416366577
57.8298958333333,7.80552625656128
57.8332291666667,7.80689716339111
57.8365625,7.8083872795105
57.8398958333333,7.81005620956421
57.8432291666667,7.81190395355225
57.8465625,7.81393051147461
57.8498958333333,7.81607627868652
57.8532291666667,7.81840085983276
57.8565625,7.82084465026855
57.8598958333333,7.8234076499939
57.8632291666667,7.82608985900879
57.8665625,7.82889127731323
57.8698958333333,7.831871509552
57.8732291666667,7.8350305557251
57.8765625,7.83836841583252
57.8798958333333,7.84194469451904
57.8832291666667,7.84581899642944
57.8865625,7.84981250762939
57.8898958333333,7.85404443740845
57.8932291666667,7.85839557647705
57.8965625,7.86286592483521
57.8998958333333,7.86733627319336
57.9032291666667,7.87180662155151
57.9065625,7.87621736526489
57.9098958333333,7.8805685043335
57.9132291666667,7.88486003875732
57.9165625,7.88897275924683
57.9198958333333,7.89296627044678
57.9232291666667,7.89684057235718
57.9265625,7.90047645568848
57.9298958333333,7.90387392044067
57.9332291666667,7.90703296661377
57.9365625,7.90989398956299
57.9398958333333,7.91251659393311
57.9432291666667,7.91484117507935
57.9465625,7.91692733764648
57.9498958333333,7.9188346862793
57.9532291666667,7.92056322097778
57.9565625,7.92217254638672
57.9598958333333,7.9236626625061
57.9632291666667,7.92509317398071
57.9665625,7.92652368545532
57.9698958333333,7.92783498764038
57.9732291666667,7.92908668518066
57.9765625,7.93033838272095
57.9798958333333,7.9314112663269
57.9832291666667,7.93248414993286
57.9865625,7.93343782424927
57.9898958333333,7.9343318939209
57.9932291666667,7.93522596359253
57.9965625,7.93606042861938
57.9998958333333,7.93683528900146
58.0032291666667,7.93761014938354
58.0065625,7.93838500976563
58.0098958333333,7.93910026550293
58.0132291666667,7.93975591659546
58.0165625,7.94035196304321
58.0198958333333,7.94088840484619
58.0232291666667,7.94142484664917
58.0265625,7.94202089309692
58.0298958333333,7.9425573348999
58.0332291666667,7.94321298599243
58.0365625,7.94404745101929
58.0398958333333,7.94500112533569
58.0432291666667,7.94613361358643
58.0465625,7.94750452041626
58.0498958333333,7.94899463653564
58.0532291666667,7.95072317123413
58.0565625,7.95263051986694
58.0598958333333,7.95465707778931
58.0632291666667,7.95674324035645
58.0665625,7.95882940292358
58.0698958333333,7.96091556549072
58.0732291666667,7.96294212341309
58.0765625,7.9648494720459
58.0798958333333,7.96663761138916
58.0832291666667,7.96836614608765
58.0865625,7.96997547149658
58.0898958333333,7.97146558761597
58.0932291666667,7.97295570373535
58.0965625,7.97432661056519
58.0998958333333,7.97575712203979
58.1032291666667,7.97706842422485
58.1065625,7.97843933105469
58.1098958333333,7.97981023788452
58.1132291666667,7.98112154006958
58.1165625,7.98243284225464
58.1198958333333,7.98368453979492
58.1232291666667,7.98493623733521
58.1265625,7.98612833023071
58.1298958333333,7.98726081848145
58.1332291666667,7.98839330673218
58.1365625,7.98940658569336
58.1398958333333,7.99041986465454
58.1432291666667,7.99143314361572
58.1465625,7.9924464225769
58.1498958333333,7.99351930618286
58.1532291666667,7.99459218978882
58.1565625,7.99578428268433
58.1598958333333,7.99697637557983
58.1632291666667,7.99822807312012
58.1665625,7.9994797706604
58.1698958333333,8.00079107284546
58.1732291666667,8.00210237503052
58.1765625,8.00341367721558
58.1798958333333,8.00466537475586
58.1832291666667,8.00585746765137
58.1865625,8.00710916519165
58.1898958333333,8.00836086273193
58.1932291666667,8.00961256027222
58.1965625,8.01098346710205
58.1998958333333,8.01253318786621
58.2032291666667,8.01414251327515
58.2065625,8.01593065261841
58.2098958333333,8.01783800125122
58.2132291666667,8.01986455917358
58.2165625,8.0220103263855
58.2198958333333,8.02427530288696
58.2232291666667,8.02648067474365
58.2265625,8.02874565124512
58.2298958333333,8.03095102310181
58.2332291666667,8.03309679031372
58.2365625,8.03512334823608
58.2398958333333,8.03709030151367
58.2432291666667,8.03899765014648
58.2465625,8.04084539413452
58.2498958333333,8.04263353347778
58.2532291666667,8.04436206817627
58.2565625,8.04609060287476
58.2598958333333,8.04787874221802
58.2632291666667,8.0496072769165
58.2665625,8.05145502090454
58.2698958333333,8.05330276489258
58.2732291666667,8.05521011352539
58.2765625,8.0571174621582
58.2798958333333,8.05902481079102
58.2832291666667,8.06093215942383
58.2865625,8.06283950805664
58.2898958333333,8.06468725204468
58.2932291666667,8.06653499603271
58.2965625,8.0682635307312
58.2998958333333,8.06999206542969
58.3032291666667,8.07160139083862
58.3065625,8.07309150695801
58.3098958333333,8.07452201843262
58.3132291666667,8.07583332061768
58.3165625,8.07702541351318
58.3198958333333,8.07815790176392
58.3232291666667,8.0791711807251
58.3265625,8.08018445968628
58.3298958333333,8.08107852935791
58.3332291666667,8.08203220367432
58.3365625,8.08298587799072
58.3398958333333,8.0839991569519
58.3432291666667,8.08495283126831
58.3465625,8.08602571487427
58.3498958333333,8.08703899383545
58.3532291666667,8.08805227279663
58.3565625,8.08906555175781
58.3598958333333,8.09007883071899
58.3632291666667,8.09109210968018
58.3665625,8.09204578399658
58.3698958333333,8.09305906295776
58.3732291666667,8.09413194656372
58.3765625,8.09520483016968
58.3798958333333,8.09645652770996
58.3832291666667,8.09776782989502
58.3865625,8.0992579460144
58.3898958333333,8.10092687606812
58.3932291666667,8.1026554107666
58.3965625,8.10444355010986
58.3998958333333,8.10635089874268
58.4032291666667,8.10819864273071
58.4065625,8.11004638671875
58.4098958333333,8.11183452606201
58.4132291666667,8.1135630607605
58.4165625,8.11517238616943
58.4198958333333,8.11666250228882
58.4232291666667,8.11803340911865
58.4265625,8.11934471130371
58.4298958333333,8.12059640884399
58.4332291666667,8.1217885017395
58.4365625,8.12292098999023
58.4398958333333,8.12399387359619
58.4432291666667,8.12512636184692
58.4465625,8.12625885009766
58.4498958333333,8.12745094299316
58.4532291666667,8.12864303588867
58.4565625,8.12995433807373
58.4598958333333,8.13126564025879
58.4632291666667,8.1326961517334
58.4665625,8.13412666320801
58.4698958333333,8.13561677932739
58.4732291666667,8.13716650009155
58.4765625,8.13859701156616
58.4798958333333,8.139967918396
58.4832291666667,8.14127922058105
58.4865625,8.14247131347656
58.4898958333333,8.14342498779297
58.4932291666667,8.14425945281982
58.4965625,8.14497470855713
58.4998958333333,8.14557075500488
58.5032291666667,8.14604759216309
58.5065625,8.14652442932129
58.5098958333333,8.14706087112427
58.5132291666667,8.14777612686157
58.5165625,8.14861059188843
58.5198958333333,8.14974308013916
58.5232291666667,8.15111398696899
58.5265625,8.15278291702271
58.5298958333333,8.15474987030029
58.5332291666667,8.15701484680176
58.5365625,8.1595778465271
58.5398958333333,8.16231966018677
58.5432291666667,8.16535949707031
58.5465625,8.16851854324341
58.5498958333333,8.17197561264038
58.5532291666667,8.17561149597168
58.5565625,8.1794261932373
58.5598958333333,8.18341970443726
58.5632291666667,8.18765163421631
58.5665625,8.19200277328491
58.5698958333333,8.19647312164307
58.5732291666667,8.20106267929077
58.5765625,8.20571184158325
58.5798958333333,8.21030139923096
58.5832291666667,8.21483135223389
58.5865625,8.21918249130249
58.5898958333333,8.22341442108154
58.5932291666667,8.22734832763672
58.5965625,8.23110342025757
58.5998958333333,8.23450088500977
58.6032291666667,8.23765993118286
58.6065625,8.2404613494873
58.6098958333333,8.2429051399231
58.6132291666667,8.24493169784546
58.6165625,8.24666023254395
58.6198958333333,8.247971534729
58.6232291666667,8.24892520904541
58.6265625,8.24958086013794
58.6298958333333,8.24987888336182
58.6332291666667,8.24993848800659
58.6365625,8.24981927871704
58.6398958333333,8.24958086013794
58.6432291666667,8.24922323226929
58.6465625,8.24874639511108
58.6498958333333,8.24826955795288
58.6532291666667,8.2477331161499
58.6565625,8.24713706970215
58.6598958333333,8.24642181396484
58.6632291666667,8.24564695358276
58.6665625,8.24469327926636
58.6698958333333,8.24368000030518
58.6732291666667,8.24248790740967
58.6765625,8.24117660522461
58.6798958333333,8.23986530303955
58.6832291666667,8.23849439620972
58.6865625,8.23724269866943
58.6898958333333,8.23616981506348
58.6932291666667,8.23527574539185
58.6965625,8.23473930358887
58.6998958333333,8.23456048965454
58.7032291666667,8.23485851287842
58.7065625,8.2356333732605
58.7098958333333,8.23682546615601
58.7132291666667,8.23849439620972
58.7165625,8.24064016342163
58.7198958333333,8.2431435585022
58.7232291666667,8.24606418609619
58.7265625,8.24928283691406
58.7298958333333,8.25285911560059
58.7332291666667,8.25667381286621
58.7365625,8.26084613800049
58.7398958333333,8.26531648635864
58.7432291666667,8.27008485794067
58.7465625,8.27515125274658
58.7498958333333,8.28039646148682
58.7532291666667,8.2857608795166
58.7565625,8.29124450683594
58.7598958333333,8.29672813415527
58.7632291666667,8.30221176147461
58.7665625,8.30751657485962
58.7698958333333,8.31270217895508
58.7732291666667,8.31764936447144
58.7765625,8.32241773605347
58.7798958333333,8.32688808441162
58.7832291666667,8.33112001419067
58.7865625,8.33505392074585
58.7898958333333,8.33874940872192
58.7932291666667,8.34214687347412
58.7965625,8.34518671035767
58.7998958333333,8.34792852401733
58.8032291666667,8.35037231445313
58.8065625,8.35257768630981
58.8098958333333,8.3545446395874
58.8132291666667,8.35639238357544
58.8165625,8.3581805229187
58.8198958333333,8.35996866226196
58.8232291666667,8.36175680160522
58.8265625,8.36360454559326
58.8298958333333,8.36557149887085
58.8332291666667,8.36765766143799
58.8365625,8.36986303329468
58.8398958333333,8.37212800979614
58.8432291666667,8.37439298629761
58.8465625,8.37671756744385
58.8498958333333,8.37898254394531
58.8532291666667,8.38124752044678
58.8565625,8.38339328765869
58.8598958333333,8.38541984558105
58.8632291666667,8.38720798492432
58.8665625,8.38875770568848
58.8698958333333,8.39000940322876
58.8732291666667,8.39096307754517
58.8765625,8.3916187286377
58.8798958333333,8.39197635650635
58.8832291666667,8.39203596115112
58.8865625,8.39191675186157
58.8898958333333,8.3916187286377
58.8932291666667,8.39132070541382
58.8965625,8.39102268218994
58.8998958333333,8.39090347290039
58.9032291666667,8.39096307754517
58.9065625,8.39120149612427
58.9098958333333,8.39167833328247
58.9132291666667,8.392333984375
58.9165625,8.39328765869141
58.9198958333333,8.39447975158691
58.9232291666667,8.39591026306152
58.9265625,8.39751958847046
58.9298958333333,8.3993673324585
58.9332291666667,8.40139389038086
58.9365625,8.40359926223755
58.9398958333333,8.40604305267334
58.9432291666667,8.40860605239868
58.9465625,8.4112286567688
58.9498958333333,8.41391086578369
58.9532291666667,8.41659307479858
58.9565625,8.41909646987915
58.9598958333333,8.42136144638062
58.9632291666667,8.42344760894775
58.9665625,8.42523574829102
58.9698958333333,8.42666625976563
58.9732291666667,8.42785835266113
58.9765625,8.42875242233276
58.9798958333333,8.42934846878052
58.9832291666667,8.42982530593872
58.9865625,8.4301233291626
58.9898958333333,8.43030214309692
58.9932291666667,8.43042135238647
58.9965625,8.43054056167603
58.9998958333333,8.4306001663208
59.0032291666667,8.43071937561035
59.0065625,8.43095779418945
59.0098958333333,8.43125581741333
59.0132291666667,8.43179225921631
59.0165625,8.43250751495361
59.0198958333333,8.43352079391479
59.0232291666667,8.43489170074463
59.0265625,8.43656063079834
59.0298958333333,8.43852758407593
59.0332291666667,8.44091176986694
59.0365625,8.44365358352661
59.0398958333333,8.44663381576538
59.0432291666667,8.44985246658325
59.0465625,8.45330953598022
59.0498958333333,8.45682621002197
59.0532291666667,8.46034288406372
59.0565625,8.46379995346069
59.0598958333333,8.46701860427856
59.0632291666667,8.46987962722778
59.0665625,8.47238302230835
59.0698958333333,8.47434997558594
59.0732291666667,8.47584009170532
59.0765625,8.4768533706665
59.0798958333333,8.47733020782471
59.0832291666667,8.47744941711426
59.0865625,8.47733020782471
59.0898958333333,8.47697257995605
59.0932291666667,8.4766149520874
59.0965625,8.47625732421875
59.0998958333333,8.47607851028442
59.1032291666667,8.47607851028442
59.1065625,8.47631692886353
59.1098958333333,8.4768533706665
59.1132291666667,8.47756862640381
59.1165625,8.47858190536499
59.1198958333333,8.47983360290527
59.1232291666667,8.48132371902466
59.1265625,8.48299264907837
59.1298958333333,8.48478078842163
59.1332291666667,8.48674774169922
59.1365625,8.48883390426636
59.1398958333333,8.49097967147827
59.1432291666667,8.49312543869019
59.1465625,8.4952712059021
59.1498958333333,8.49735736846924
59.1532291666667,8.4993839263916
59.1565625,8.50129127502441
59.1598958333333,8.5030198097229
59.1632291666667,8.50456953048706
59.1665625,8.50588083267212
59.1698958333333,8.50701332092285
59.1732291666667,8.50796699523926
59.1765625,8.50868225097656
59.1798958333333,8.50921869277954
59.1832291666667,8.50963592529297
59.1865625,8.50987434387207
59.1898958333333,8.51011276245117
59.1932291666667,8.5102915763855
59.1965625,8.51047039031982
59.1998958333333,8.5107684135437
59.2032291666667,8.51112604141235
59.2065625,8.51166248321533
59.2098958333333,8.51231813430786
59.2132291666667,8.51315259933472
59.2165625,8.51410627365112
59.2198958333333,8.51523876190186
59.2232291666667,8.51649045944214
59.2265625,8.5178017616272
59.2298958333333,8.51923227310181
59.2332291666667,8.52072238922119
59.2365625,8.52227210998535
59.2398958333333,8.52382183074951
59.2432291666667,8.52549076080322
59.2465625,8.52721929550171
59.2498958333333,8.52900743484497
59.2532291666667,8.53085517883301
59.2565625,8.53276252746582
59.2598958333333,8.53472948074341
59.2632291666667,8.53675603866577
59.2665625,8.53878259658813
59.2698958333333,8.54074954986572
59.2732291666667,8.54265689849854
59.2765625,8.54450464248657
59.2798958333333,8.54623317718506
59.2832291666667,8.54790210723877
59.2865625,8.54951143264771
59.2898958333333,8.55118036270142
59.2932291666667,8.5529088973999
59.2965625,8.55487585067749
59.2998958333333,8.55708122253418
59.3032291666667,8.5597038269043
59.3065625,8.56262445449829
59.3098958333333,8.56602191925049
59.3132291666667,8.56989622116089
59.3165625,8.57406854629517
59.3198958333333,8.57865810394287
59.3232291666667,8.58354568481445
59.3265625,8.58867168426514
59.3298958333333,8.59397649765015
59.3332291666667,8.59940052032471
59.3365625,8.60488414764404
59.3398958333333,8.61042737960815
59.3432291666667,8.61597061157227
59.3465625,8.6214542388916
59.3498958333333,8.62693786621094
59.3532291666667,8.63224267959595
59.3565625,8.63742828369141
59.3598958333333,8.64237546920776
59.3632291666667,8.64708423614502
59.3665625,8.65143537521362
59.3698958333333,8.6553692817688
59.3732291666667,8.65882635116577
59.3765625,8.66174697875977
59.3798958333333,8.66413116455078
59.3832291666667,8.66591930389404
59.3865625,8.66717100143433
59.3898958333333,8.66788625717163
59.3932291666667,8.66818428039551
59.3965625,8.66812467575073
59.3998958333333,8.66782665252686
59.4032291666667,8.66740942001343
59.4065625,8.66687297821045
59.4098958333333,8.66639614105225
59.4132291666667,8.66597890853882
59.4165625,8.66574048995972
59.4198958333333,8.66568088531494
59.4232291666667,8.66580009460449
59.4265625,8.66615772247314
59.4298958333333,8.66669416427612
59.4332291666667,8.6674690246582
59.4365625,8.66842269897461
59.4398958333333,8.66961479187012
59.4432291666667,8.67092609405518
59.4465625,8.67235660552979
59.4498958333333,8.67390632629395
59.4532291666667,8.67551565170288
59.4565625,8.67712497711182
59.4598958333333,8.6788535118103
59.4632291666667,8.68058204650879
59.4665625,8.6822509765625
59.4698958333333,8.68397951126099
59.4732291666667,8.6856484413147
59.4765625,8.68725776672363
59.4798958333333,8.68880748748779
59.4832291666667,8.69029760360718
59.4865625,8.69160890579224
59.4898958333333,8.69286060333252
59.4932291666667,8.69393348693848
59.4965625,8.69494676589966
59.4998958333333,8.69578123092651
59.5032291666667,8.69661569595337
59.5065625,8.69745016098022
59.5098958333333,8.69834423065186
59.5132291666667,8.69935750961304
59.5165625,8.70060920715332
59.5198958333333,8.70215892791748
59.5232291666667,8.70394706726074
59.5265625,8.70609283447266
59.5298958333333,8.70853662490845
59.5332291666667,8.71127843856812
59.5365625,8.71419906616211
59.5398958333333,8.71735811233521
59.5432291666667,8.72057676315308
59.5465625,8.72379541397095
59.5498958333333,8.72701406478882
59.5532291666667,8.73017311096191
59.5565625,8.73321294784546
59.5598958333333,8.73607397079468
59.5632291666667,8.73875617980957
59.5665625,8.74125957489014
59.5698958333333,8.74358415603638
59.5732291666667,8.74567031860352
59.5765625,8.74757766723633
59.5798958333333,8.74936580657959
59.5832291666667,8.75091552734375
59.5865625,8.75240564346313
59.5898958333333,8.75383615493774
59.5932291666667,8.75520706176758
59.5965625,8.75657796859741
59.5998958333333,8.75800848007202
59.6032291666667,8.75949859619141
59.6065625,8.76110792160034
59.6098958333333,8.76277685165405
59.6132291666667,8.76456499099731
59.6165625,8.76647233963013
59.6198958333333,8.76849889755249
59.6232291666667,8.7706446647644
59.6265625,8.77290964126587
59.6298958333333,8.77529382705688
59.6332291666667,8.777916431427
59.6365625,8.78065824508667
59.6398958333333,8.78351926803589
59.6432291666667,8.78661870956421
59.6465625,8.78983736038208
59.6498958333333,8.79311561584473
59.6532291666667,8.79651308059692
59.6565625,8.79991054534912
59.6598958333333,8.80330801010132
59.6632291666667,8.80652666091919
59.6665625,8.80968570709229
59.6698958333333,8.81266593933105
59.6732291666667,8.8154673576355
59.6765625,8.81814956665039
59.6798958333333,8.82065296173096
59.6832291666667,8.82303714752197
59.6865625,8.82524251937866
59.6898958333333,8.82738828659058
59.6932291666667,8.82941484451294
59.6965625,8.83132219314575
59.6998958333333,8.83311033248901
59.7032291666667,8.83477926254272
59.7065625,8.83632898330688
59.7098958333333,8.83781909942627
59.7132291666667,8.83913040161133
59.7165625,8.84038209915161
59.7198958333333,8.84151458740234
59.7232291666667,8.84252786636353
59.7265625,8.84348154067993
59.7298958333333,8.84431600570679
59.7332291666667,8.84503126144409
59.7365625,8.8457465171814
59.7398958333333,8.84652137756348
59.7432291666667,8.84729623794556
59.7465625,8.84819030761719
59.7498958333333,8.84932279586792
59.7532291666667,8.85069370269775
59.7565625,8.85242223739624
59.7598958333333,8.8544487953186
59.7632291666667,8.85683298110962
59.7665625,8.85945558547974
59.7698958333333,8.86231660842896
59.7732291666667,8.8653564453125
59.7765625,8.86845588684082
59.7798958333333,8.87155532836914
59.7832291666667,8.87453556060791
59.7865625,8.8774561882019
59.7898958333333,8.8801383972168
59.7932291666667,8.88264179229736
59.7965625,8.8849663734436
59.7998958333333,8.88705253601074
59.8032291666667,8.88890027999878
59.8065625,8.89056921005249
59.8098958333333,8.8919997215271
59.8132291666667,8.89325141906738
59.8165625,8.89432430267334
59.8198958333333,8.89521837234497
59.8232291666667,8.89599323272705
59.8265625,8.89664888381958
59.8298958333333,8.89718532562256
59.8332291666667,8.89766216278076
59.8365625,8.89813899993896
59.8398958333333,8.89867544174194
59.8432291666667,8.89921188354492
59.8465625,8.89980792999268
59.8498958333333,8.90058279037476
59.8532291666667,8.90153646469116
59.8565625,8.90260934829712
59.8598958333333,8.90392065048218
59.8632291666667,8.90541076660156
59.8665625,8.90713930130005
59.8698958333333,8.90904664993286
59.8732291666667,8.9111328125
59.8765625,8.91339778900146
59.8798958333333,8.91578197479248
59.8832291666667,8.91834497451782
59.8865625,8.92102718353271
59.8898958333333,8.92382860183716
59.8932291666667,8.92668962478638
59.8965625,8.9295506477356
59.8998958333333,8.93247127532959
59.9032291666667,8.93527269363403
59.9065625,8.93795490264893
59.9098958333333,8.94045829772949
59.9132291666667,8.94284248352051
59.9165625,8.9450478553772
59.9198958333333,8.94707441329956
59.9232291666667,8.9489221572876
59.9265625,8.95071029663086
59.9298958333333,8.95237922668457
59.9332291666667,8.95404815673828
59.9365625,8.95571708679199
59.9398958333333,8.9573860168457
59.9432291666667,8.95911455154419
59.9465625,8.96090269088745
59.9498958333333,8.96269083023071
59.9532291666667,8.96447896957397
59.9565625,8.96632671356201
59.9598958333333,8.96811485290527
59.9632291666667,8.96984338760376
59.9665625,8.97151231765747
59.9698958333333,8.97318124771118
59.9732291666667,8.97479057312012
59.9765625,8.97639989852905
59.9798958333333,8.97800922393799
59.9832291666667,8.97961854934692
59.9865625,8.98128747940063
59.9898958333333,8.98295640945435
59.9932291666667,8.98468494415283
59.9965625,8.98647308349609
59.9998958333333,8.98832082748413
60.0032291666667,8.99016857147217
60.0065625,8.99201631546021
60.0098958333333,8.99386405944824
60.0132291666667,8.9956521987915
60.0165625,8.99732112884521
60.0198958333333,8.99893045425415
60.0232291666667,9.00036096572876
60.0265625,9.00167226791382
60.0298958333333,9.00280475616455
60.0332291666667,9.00375843048096
60.0365625,9.00459289550781
60.0398958333333,9.00524854660034
60.0432291666667,9.0058445930481
60.0465625,9.00638103485107
60.0498958333333,9.00691747665405
60.0532291666667,9.00757312774658
60.0565625,9.00834798812866
60.0598958333333,9.00930166244507
60.0632291666667,9.01049375534058
60.0665625,9.01198387145996
60.0698958333333,9.013831615448
60.0732291666667,9.01591777801514
60.0765625,9.01836156845093
60.0798958333333,9.02104377746582
60.0832291666667,9.02402400970459
60.0865625,9.02724266052246
60.0898958333333,9.03064012527466
60.0932291666667,9.03427600860596
60.0965625,9.03803110122681
60.0998958333333,9.04190540313721
60.1032291666667,9.04595851898193
60.1065625,9.05013084411621
60.1098958333333,9.05436277389526
60.1132291666667,9.05871391296387
60.1165625,9.06306505203247
60.1198958333333,9.06747579574585
60.1232291666667,9.07188653945923
60.1265625,9.07623767852783
60.1298958333333,9.08052921295166
60.1332291666667,9.08470153808594
60.1365625,9.08869504928589
60.1398958333333,9.09245014190674
60.1432291666667,9.09596681594849
60.1465625,9.09918546676636
60.1498958333333,9.10216569900513
60.1532291666667,9.10478830337524
60.1565625,9.10711288452148
60.1598958333333,9.10907983779907
60.1632291666667,9.11086797714233
60.1665625,9.11241769790649
60.1698958333333,9.1138482093811
60.1732291666667,9.11509990692139
60.1765625,9.11635160446167
60.1798958333333,9.11760330200195
60.1832291666667,9.11885499954224
60.1865625,9.12016630172729
60.1898958333333,9.1215968132019
60.1932291666667,9.12314653396606
60.1965625,9.12481546401978
60.1998958333333,9.12660360336304
60.2032291666667,9.12845134735107
60.2065625,9.13041830062866
60.2098958333333,9.13238525390625
60.2132291666667,9.13429260253906
60.2165625,9.13619995117188
60.2198958333333,9.13798809051514
60.2232291666667,9.13959741592407
60.2265625,9.14102792739868
60.2298958333333,9.14227962493896
60.2332291666667,9.1434121131897
60.2365625,9.14448499679565
60.2398958333333,9.14549827575684
60.2432291666667,9.14651155471802
60.2465625,9.1475248336792
60.2498958333333,9.14859771728516
60.2532291666667,9.14973020553589
60.2565625,9.15086269378662
60.2598958333333,9.15193557739258
60.2632291666667,9.15300846099854
60.2665625,9.15396213531494
60.2698958333333,9.15473699569702
60.2732291666667,9.15539264678955
60.2765625,9.15592908859253
60.2798958333333,9.15628671646118
60.2832291666667,9.15652513504028
60.2865625,9.15664434432983
60.2898958333333,9.15670394897461
60.2932291666667,9.15682315826416
60.2965625,9.15694236755371
60.2998958333333,9.15712118148804
60.3032291666667,9.15741920471191
60.3065625,9.15789604187012
60.3098958333333,9.15855169296265
60.3132291666667,9.15944576263428
60.3165625,9.16057825088501
60.3198958333333,9.16206836700439
60.3232291666667,9.16379690170288
60.3265625,9.16588306427002
60.3298958333333,9.16820764541626
60.3332291666667,9.17083024978638
60.3365625,9.17375087738037
60.3398958333333,9.17685031890869
60.3432291666667,9.18012857437134
60.3465625,9.18352603912354
60.3498958333333,9.18698310852051
60.3532291666667,9.19038057327271
60.3565625,9.1937780380249
60.3598958333333,9.19705629348755
60.3632291666667,9.20027494430542
60.3665625,9.20331478118896
60.3698958333333,9.20629501342773
60.3732291666667,9.20915603637695
60.3765625,9.2119574546814
60.3798958333333,9.21469926834106
60.3832291666667,9.21744108200073
60.3865625,9.22012329101563
60.3898958333333,9.22286510467529
60.3932291666667,9.22554731369019
60.3965625,9.22822952270508
60.3998958333333,9.2308521270752
60.4032291666667,9.23347473144531
60.4065625,9.23609733581543
60.4098958333333,9.238600730896
60.4132291666667,9.24110412597656
60.4165625,9.24354791641235
60.4198958333333,9.24593210220337
60.4232291666667,9.24831628799438
60.4265625,9.25076007843018
60.4298958333333,9.25314426422119
60.4332291666667,9.25564765930176
60.4365625,9.2582106590271
60.4398958333333,9.26095247268677
60.4432291666667,9.26381349563599
60.4465625,9.26691293716431
60.4498958333333,9.27019119262695
60.4532291666667,9.27376747131348
60.4565625,9.27752256393433
60.4598958333333,9.28151607513428
60.4632291666667,9.28574800491333
60.4665625,9.29009914398193
60.4698958333333,9.29456949234009
60.4732291666667,9.29903984069824
60.4765625,9.3035101890564
60.4798958333333,9.307861328125
60.4832291666667,9.3119740486145
60.4865625,9.31578874588013
60.4898958333333,9.31918621063232
60.4932291666667,9.32216644287109
60.4965625,9.32461023330688
60.4998958333333,9.32663679122925
60.5032291666667,9.32812690734863
60.5065625,9.32925939559937
60.5098958333333,9.32997465133667
60.5132291666667,9.3303918838501
60.5165625,9.3306303024292
60.5198958333333,9.33068990707397
60.5232291666667,9.33068990707397
60.5265625,9.3306303024292
60.5298958333333,9.33051109313965
60.5332291666667,9.3303918838501
60.5365625,9.33033227920532
60.5398958333333,9.33033227920532
60.5432291666667,9.33033227920532
60.5465625,9.3303918838501
60.5498958333333,9.3306303024292
60.5532291666667,9.3308687210083
60.5565625,9.33128595352173
60.5598958333333,9.33188199996948
60.5632291666667,9.33265686035156
60.5665625,9.33367013931274
60.5698958333333,9.3349814414978
60.5732291666667,9.33653116226196
60.5765625,9.33837890625
60.5798958333333,9.34058427810669
60.5832291666667,9.34302806854248
60.5865625,9.34571027755737
60.5898958333333,9.34869050979614
60.5932291666667,9.35184955596924
60.5965625,9.35512781143188
60.5998958333333,9.35846567153931
60.6032291666667,9.36192274093628
60.6065625,9.36537981033325
60.6098958333333,9.36877727508545
60.6132291666667,9.37211513519287
60.6165625,9.37539339065552
60.6198958333333,9.37849283218384
60.6232291666667,9.38153266906738
60.6265625,9.38433408737183
60.6298958333333,9.38701629638672
60.6332291666667,9.38957929611206
60.6365625,9.3919038772583
60.6398958333333,9.39410924911499
60.6432291666667,9.39619541168213
60.6465625,9.39810276031494
60.6498958333333,9.39995050430298
60.6532291666667,9.40167903900146
60.6565625,9.4032883644104
60.6598958333333,9.40483808517456
60.6632291666667,9.40632820129395
60.6665625,9.40775871276855
60.6698958333333,9.40924882888794
60.6732291666667,9.4107985496521
60.6765625,9.41246747970581
60.6798958333333,9.4141960144043
60.6832291666667,9.41616296768188
60.6865625,9.41824913024902
60.6898958333333,9.42063331604004
60.6932291666667,9.42319631576538
60.6965625,9.42593812942505
60.6998958333333,9.42891836166382
60.7032291666667,9.43201780319214
60.7065625,9.43529605865479
60.7098958333333,9.43875312805176
60.7132291666667,9.44232940673828
60.7165625,9.44608449935913
60.7198958333333,9.45001840591431
60.7232291666667,9.45413112640381
60.7265625,9.45848226547241
60.7298958333333,9.46301221847534
60.7332291666667,9.46778059005737
60.7365625,9.47278738021851
60.7398958333333,9.47791337966919
60.7432291666667,9.48315858840942
60.7465625,9.48846340179443
60.7498958333333,9.49364900588989
60.7532291666667,9.49877500534058
60.7565625,9.50360298156738
60.7598958333333,9.50813293457031
60.7632291666667,9.51230525970459
60.7665625,9.51594114303589
60.7698958333333,9.51915979385376
60.7732291666667,9.52178239822388
60.7765625,9.52380895614624
60.7798958333333,9.52529907226563
60.7832291666667,9.52619314193726
60.7865625,9.52661037445068
60.7898958333333,9.52649116516113
60.7932291666667,9.52607393264771
60.7965625,9.52529907226563
60.7998958333333,9.52434539794922
60.8032291666667,9.52327251434326
60.8065625,9.5221996307373
60.8098958333333,9.52112674713135
60.8132291666667,9.52011346817017
60.8165625,9.51921939849854
60.8198958333333,9.51850414276123
60.8232291666667,9.51790809631348
60.8265625,9.51743125915527
60.8298958333333,9.51707363128662
60.8332291666667,9.51689481735229
60.8365625,9.51683521270752
60.8398958333333,9.51701402664185
60.8432291666667,9.5173716545105
60.8465625,9.51796770095825
60.8498958333333,9.51880216598511
60.8532291666667,9.51999425888062
60.8565625,9.52142477035522
60.8598958333333,9.52321290969849
60.8632291666667,9.52523946762085
60.8665625,9.52756404876709
60.8698958333333,9.53018665313721
60.8732291666667,9.53304767608643
60.8765625,9.5360279083252
60.8798958333333,9.53924655914307
60.8832291666667,9.54258441925049
60.8865625,9.54610109329224
60.8898958333333,9.54973697662354
60.8932291666667,9.55343246459961
60.8965625,9.55724716186523
60.8998958333333,9.56112146377563
60.9032291666667,9.56493616104126
60.9065625,9.56869125366211
60.9098958333333,9.57232713699341
60.9132291666667,9.57572460174561
60.9165625,9.57882404327393
60.9198958333333,9.58162546157837
60.9232291666667,9.58406925201416
60.9265625,9.58609580993652
60.9298958333333,9.58782434463501
60.9332291666667,9.58919525146484
60.9365625,9.59032773971558
60.9398958333333,9.59122180938721
60.9432291666667,9.59205627441406
60.9465625,9.59277153015137
60.9498958333333,9.59360599517822
60.9532291666667,9.59450006484985
60.9565625,9.59563255310059
60.9598958333333,9.5970630645752
60.9632291666667,9.59885120391846
60.9665625,9.6009373664856
60.9698958333333,9.60344076156616
60.9732291666667,9.60630178451538
60.9765625,9.6094012260437
60.9798958333333,9.61285829544067
60.9832291666667,9.61649417877197
60.9865625,9.6203088760376
60.9898958333333,9.62430238723755
60.9932291666667,9.62841510772705
60.9965625,9.63258743286133
60.9998958333333,9.63681936264038
61.0032291666667,9.64111089706421
61.0065625,9.64540243148804
61.0098958333333,9.64975357055664
61.0132291666667,9.65404510498047
61.0165625,9.65827703475952
61.0198958333333,9.66250896453857
61.0232291666667,9.66662168502808
61.0265625,9.67073440551758
61.0298958333333,9.67472791671753
61.0332291666667,9.67866182327271
61.0365625,9.68259572982788
61.0398958333333,9.68647003173828
61.0432291666667,9.69022512435913
61.0465625,9.69398021697998
61.0498958333333,9.69767570495605
61.0532291666667,9.7011923789978
61.0565625,9.70458984375
61.0598958333333,9.70780849456787
61.0632291666667,9.71066951751709
61.0665625,9.71329212188721
61.0698958333333,9.71555709838867
61.0732291666667,9.71740484237671
61.0765625,9.71883535385132
61.0798958333333,9.71996784210205
61.0832291666667,9.72068309783936
61.0865625,9.72104072570801
61.0898958333333,9.72115993499756
61.0932291666667,9.72110033035278
61.0965625,9.72092151641846
61.0998958333333,9.72068309783936
61.1032291666667,9.72044467926025
61.1065625,9.7203254699707
61.1098958333333,9.72044467926025
61.1132291666667,9.72068309783936
61.1165625,9.72121953964233
61.1198958333333,9.72205400466919
61.1232291666667,9.72318649291992
61.1265625,9.72461700439453
61.1298958333333,9.72628593444824
61.1332291666667,9.72819328308105
61.1365625,9.73039865493774
61.1398958333333,9.73284244537354
61.1432291666667,9.73546504974365
61.1465625,9.7382664680481
61.1498958333333,9.74124670028687
61.1532291666667,9.74440574645996
61.1565625,9.74762439727783
61.1598958333333,9.75102186203003
61.1632291666667,9.754478931427
61.1665625,9.75799560546875
61.1698958333333,9.76157188415527
61.1732291666667,9.7651481628418
61.1765625,9.76872444152832
61.1798958333333,9.77230072021484
61.1832291666667,9.77581739425659
61.1865625,9.77933406829834
61.1898958333333,9.78291034698486
61.1932291666667,9.78642702102661
61.1965625,9.78994369506836
61.1998958333333,9.79340076446533
61.2032291666667,9.7968578338623
61.2065625,9.80019569396973
61.2098958333333,9.80347394943237
61.2132291666667,9.80657339096069
61.2165625,9.80949401855469
61.2198958333333,9.81217622756958
61.2232291666667,9.81462001800537
61.2265625,9.81676578521729
61.2298958333333,9.81861352920532
61.2332291666667,9.82022285461426
61.2365625,9.82159376144409
61.2398958333333,9.82272624969482
61.2432291666667,9.82356071472168
61.2465625,9.82415676116943
61.2498958333333,9.82445478439331
61.2532291666667,9.82457399368286
61.2565625,9.82445478439331
61.2598958333333,9.82403755187988
61.2632291666667,9.8235011100769
61.2665625,9.82284545898438
61.2698958333333,9.82207059860229
61.2732291666667,9.82129573822021
61.2765625,9.82069969177246
61.2798958333333,9.82022285461426
61.2832291666667,9.82010364532471
61.2865625,9.82028245925903
61.2898958333333,9.82087850570679
61.2932291666667,9.82195138931274
61.2965625,9.8235011100769
61.2998958333333,9.82558727264404
61.3032291666667,9.82809066772461
61.3065625,9.83107089996338
61.3098958333333,9.8344087600708
61.3132291666667,9.83810424804688
61.3165625,9.8421573638916
61.3198958333333,9.84644889831543
61.3232291666667,9.85103845596313
61.3265625,9.85580682754517
61.3298958333333,9.8608136177063
61.3332291666667,9.86599922180176
61.3365625,9.87136363983154
61.3398958333333,9.87684726715088
61.3432291666667,9.88250970840454
61.3465625,9.88835096359253
61.3498958333333,9.89425182342529
61.3532291666667,9.90027189254761
61.3565625,9.90641117095947
61.3598958333333,9.91266965866089
61.3632291666667,9.91898775100708
61.3665625,9.92530584335327
61.3698958333333,9.93168354034424
61.3732291666667,9.93794202804565
61.3765625,9.94414091110229
61.3798958333333,9.95016098022461
61.3832291666667,9.9560022354126
61.3865625,9.96160507202148
61.3898958333333,9.96696949005127
61.3932291666667,9.97203588485718
61.3965625,9.97692346572876
61.3998958333333,9.98151302337646
61.4032291666667,9.98586416244507
61.4065625,9.99003648757935
61.4098958333333,9.99408960342407
61.4132291666667,9.99796390533447
61.4165625,10.0017189979553
61.4198958333333,10.0053548812866
61.4232291666667,10.0088119506836
61.4265625,10.012149810791
61.4298958333333,10.0153088569641
61.4332291666667,10.0183486938477
61.4365625,10.0212097167969
61.4398958333333,10.0239515304565
61.4432291666667,10.0265145301819
61.4465625,10.0290179252625
61.4498958333333,10.0314617156982
61.4532291666667,10.0337862968445
61.4565625,10.0361108779907
61.4598958333333,10.0383758544922
61.4632291666667,10.0405812263489
61.4665625,10.0427269935608
61.4698958333333,10.0448131561279
61.4732291666667,10.0467801094055
61.4765625,10.0486278533936
61.4798958333333,10.050356388092
61.4832291666667,10.051965713501
61.4865625,10.0533366203308
61.4898958333333,10.0545287132263
61.4932291666667,10.0554823875427
61.4965625,10.0563764572144
61.4998958333333,10.0570917129517
61.5032291666667,10.0576877593994
61.5065625,10.0582242012024
61.5098958333333,10.0587606430054
61.5132291666667,10.0593566894531
61.5165625,10.0599527359009
61.5198958333333,10.0606083869934
61.5232291666667,10.0613236427307
61.5265625,10.0620985031128
61.5298958333333,10.0628733634949
61.5332291666667,10.063648223877
61.5365625,10.0643038749695
61.5398958333333,10.0648403167725
61.5432291666667,10.0652575492859
61.5465625,10.0654363632202
61.5498958333333,10.065495967865
61.5532291666667,10.0653171539307
61.5565625,10.064959526062
61.5598958333333,10.0644826889038
61.5632291666667,10.0638866424561
61.5665625,10.063111782074
61.5698958333333,10.0622773170471
61.5732291666667,10.0613236427307
61.5765625,10.06019115448
61.5798958333333,10.0589990615845
61.5832291666667,10.0576281547546
61.5865625,10.0561380386353
61.5898958333333,10.0544691085815
61.5932291666667,10.0527405738831
61.5965625,10.0508332252502
61.5998958333333,10.0489854812622
61.6032291666667,10.0470781326294
61.6065625,10.0452899932861
61.6098958333333,10.0436806678772
61.6132291666667,10.0421905517578
61.6165625,10.0409984588623
61.6198958333333,10.0399851799011
61.6232291666667,10.0392699241638
61.6265625,10.0387930870056
61.6298958333333,10.0384950637817
61.6332291666667,10.038435459137
61.6365625,10.038435459137
61.6398958333333,10.0386142730713
61.6432291666667,10.0389122962952
61.6465625,10.0392699241638
61.6498958333333,10.039746761322
61.6532291666667,10.040283203125
61.6565625,10.040819644928
61.6598958333333,10.0414752960205
61.6632291666667,10.0421905517578
61.6665625,10.0429058074951
61.6698958333333,10.0436806678772
61.6732291666667,10.0443959236145
61.6765625,10.045051574707
61.6798958333333,10.0456476211548
61.6832291666667,10.046124458313
61.6865625,10.0464820861816
61.6898958333333,10.046660900116
61.6932291666667,10.046660900116
61.6965625,10.0464224815369
61.6998958333333,10.0460052490234
61.7032291666667,10.0453495979309
61.7065625,10.0443959236145
61.7098958333333,10.0431442260742
61.7132291666667,10.0416541099548
61.7165625,10.0398659706116
61.7198958333333,10.0377202033997
61.7232291666667,10.0353956222534
61.7265625,10.0328326225281
61.7298958333333,10.0301504135132
61.7332291666667,10.0273489952087
61.7365625,10.0244879722595
61.7398958333333,10.0216269493103
61.7432291666667,10.0188255310059
61.7465625,10.0160837173462
61.7498958333333,10.0134015083313
61.7532291666667,10.0107789039612
61.7565625,10.0082755088806
61.7598958333333,10.0057721138
61.7632291666667,10.003387928009
61.7665625,10.001003742218
61.7698958333333,9.99867916107178
61.7732291666667,9.99635457992554
61.7765625,9.99408960342407
61.7798958333333,9.99194383621216
61.7832291666667,9.98991727828979
61.7865625,9.98795032501221
61.7898958333333,9.98616218566895
61.7932291666667,9.98455286026001
61.7965625,9.98306274414063
61.7998958333333,9.98169183731079
61.8032291666667,9.98044013977051
61.8065625,9.979248046875
61.8098958333333,9.97805595397949
61.8132291666667,9.97692346572876
61.8165625,9.97567176818848
61.8198958333333,9.97447967529297
61.8232291666667,9.97322797775269
61.8265625,9.9719762802124
61.8298958333333,9.97072458267212
61.8332291666667,9.96959209442139
61.8365625,9.96845960617065
61.8398958333333,9.96750593185425
61.8432291666667,9.96667146682739
61.8465625,9.96601581573486
61.8498958333333,9.96547937393188
61.8532291666667,9.96512174606323
61.8565625,9.96488332748413
61.8598958333333,9.96482372283936
61.8632291666667,9.96488332748413
61.8665625,9.96506214141846
61.8698958333333,9.96541976928711
61.8732291666667,9.96595621109009
61.8765625,9.96655225753784
61.8798958333333,9.96726751327515
61.8832291666667,9.96804237365723
61.8865625,9.96875762939453
61.8898958333333,9.96947288513184
61.8932291666667,9.97000932693481
61.8965625,9.97042655944824
61.8998958333333,9.97054576873779
61.9032291666667,9.97042655944824
61.9065625,9.97006893157959
61.9098958333333,9.96941328048706
61.9132291666667,9.96851921081543
61.9165625,9.96732711791992
61.9198958333333,9.96595621109009
61.9232291666667,9.9644660949707
61.9265625,9.96279716491699
61.9298958333333,9.96100902557373
61.9332291666667,9.95922088623047
61.9365625,9.95737314224243
61.9398958333333,9.95558500289917
61.9432291666667,9.95385646820068
61.9465625,9.95218753814697
61.9498958333333,9.95063781738281
61.9532291666667,9.9492073059082
61.9565625,9.94789600372314
61.9598958333333,9.94676351547241
61.9632291666667,9.94580984115601
61.9665625,9.94503498077393
61.9698958333333,9.94443893432617
61.9732291666667,9.94396209716797
61.9765625,9.94360446929932
61.9798958333333,9.94342565536499
61.9832291666667,9.94330644607544
61.9865625,9.94324684143066
61.9898958333333,9.94324684143066
61.9932291666667,9.94324684143066
61.9965625,9.94330644607544
61.9998958333333,9.94342565536499
62.0032291666667,9.94354486465454
62.0065625,9.94366407394409
62.0098958333333,9.94384288787842
62.0132291666667,9.94402170181274
62.0165625,9.94426012039185
62.0198958333333,9.94449853897095
62.0232291666667,9.94473695755005
62.0265625,9.94491577148438
62.0298958333333,9.94515419006348
62.0332291666667,9.9453330039978
62.0365625,9.94545221328735
62.0398958333333,9.9455714225769
62.0432291666667,9.9455714225769
62.0465625,9.94551181793213
62.0498958333333,9.94527339935303
62.0532291666667,9.94491577148438
62.0565625,9.94431972503662
62.0598958333333,9.94342565536499
62.0632291666667,9.94229316711426
62.0665625,9.94086265563965
62.0698958333333,9.93919372558594
62.0732291666667,9.93740558624268
62.0765625,9.93543863296509
62.0798958333333,9.93341207504272
62.0832291666667,9.93150472640991
62.0865625,9.92965698242188
62.0898958333333,9.92798805236816
62.0932291666667,9.92649793624878
62.0965625,9.92530584335327
62.0998958333333,9.92429256439209
62.1032291666667,9.92351770401001
62.1065625,9.92286205291748
62.1098958333333,9.92238521575928
62.1132291666667,9.92202758789063
62.1165625,9.92172956466675
62.1198958333333,9.92143154144287
62.1232291666667,9.92119312286377
62.1265625,9.92089509963989
62.1298958333333,9.92059707641602
62.1332291666667,9.92017984390259
62.1365625,9.91970300674438
62.1398958333333,9.91904735565186
62.1432291666667,9.91827249526978
62.1465625,9.91743803024292
62.1498958333333,9.91636514663696
62.1532291666667,9.91517305374146
62.1565625,9.9138617515564
62.1598958333333,9.91243124008179
62.1632291666667,9.9109411239624
62.1665625,9.90945100784302
62.1698958333333,9.90790128707886
62.1732291666667,9.90647077560425
62.1765625,9.90509986877441
62.1798958333333,9.90390777587891
62.1832291666667,9.90283489227295
62.1865625,9.90194082260132
62.1898958333333,9.90128517150879
62.1932291666667,9.90086793899536
62.1965625,9.90056991577148
62.1998958333333,9.90051031112671
62.2032291666667,9.90062952041626
62.2065625,9.90086793899536
62.2098958333333,9.90110635757446
62.2132291666667,9.90140438079834
62.2165625,9.90170240402222
62.2198958333333,9.90188121795654
62.2232291666667,9.90194082260132
62.2265625,9.90188121795654
62.2298958333333,9.90170240402222
62.2332291666667,9.90140438079834
62.2365625,9.90098714828491
62.2398958333333,9.90045070648193
62.2432291666667,9.8997950553894
62.2465625,9.8990797996521
62.2498958333333,9.89830493927002
62.2532291666667,9.89753007888794
62.2565625,9.89663600921631
62.2598958333333,9.89574193954468
62.2632291666667,9.89484786987305
62.2665625,9.89401340484619
62.2698958333333,9.89317893981934
62.2732291666667,9.89246368408203
62.2765625,9.89192724227905
62.2798958333333,9.89151000976563
62.2832291666667,9.89127159118652
62.2865625,9.89115238189697
62.2898958333333,9.89121198654175
62.2932291666667,9.89139080047607
62.2965625,9.89168882369995
62.2998958333333,9.8920464515686
62.3032291666667,9.89252328872681
62.3065625,9.89305973052979
62.3098958333333,9.89371538162231
62.3132291666667,9.89449024200439
62.3165625,9.89538431167603
62.3198958333333,9.89639759063721
62.3232291666667,9.89753007888794
62.3265625,9.898841381073
62.3298958333333,9.90021228790283
62.3332291666667,9.90164279937744
62.3365625,9.9031925201416
62.3398958333333,9.90474224090576
62.3432291666667,9.90629196166992
62.3465625,9.90778207778931
62.3498958333333,9.90927219390869
62.3532291666667,9.91076231002808
62.3565625,9.91213321685791
62.3598958333333,9.91350412368774
62.3632291666667,9.91469621658325
62.3665625,9.91582870483398
62.3698958333333,9.91678237915039
62.3732291666667,9.91755723953247
62.3765625,9.91803407669067
62.3798958333333,9.91827249526978
62.3832291666667,9.918212890625
62.3865625,9.91779565811157
62.3898958333333,9.91708040237427
62.3932291666667,9.91600751876831
62.3965625,9.91463661193848
62.3998958333333,9.91296768188477
62.4032291666667,9.91100072860718
62.4065625,9.90885496139526
62.4098958333333,9.9065899848938
62.4132291666667,9.90420579910278
62.4165625,9.90182161331177
62.4198958333333,9.89943742752075
62.4232291666667,9.89723205566406
62.4265625,9.89508628845215
62.4298958333333,9.89317893981934
62.4332291666667,9.89145040512085
62.4365625,9.88990068435669
62.4398958333333,9.88858938217163
62.4432291666667,9.88739728927612
62.4465625,9.88644361495972
62.4498958333333,9.88560914993286
62.4532291666667,9.88489389419556
62.4565625,9.8842978477478
62.4598958333333,9.8838210105896
62.4632291666667,9.88340377807617
62.4665625,9.88310575485229
62.4698958333333,9.88280773162842
62.4732291666667,9.88256931304932
62.4765625,9.88239049911499
62.4798958333333,9.88221168518066
62.4832291666667,9.88197326660156
62.4865625,9.88173484802246
62.4898958333333,9.88137722015381
62.4932291666667,9.88101959228516
62.4965625,9.88060235977173
62.4998958333333,9.88012552261353
62.5032291666667,9.87958908081055
62.5065625,9.87905263900757
62.5098958333333,9.87851619720459
62.5132291666667,9.87803936004639
62.5165625,9.87768173217773
62.5198958333333,9.87738370895386
62.5232291666667,9.87720489501953
62.5265625,9.87708568572998
62.5298958333333,9.87702608108521
62.5332291666667,9.87702608108521
62.5365625,9.87702608108521
62.5398958333333,9.87702608108521
62.5432291666667,9.87696647644043
62.5465625,9.8767876625061
62.5498958333333,9.876549243927
62.5532291666667,9.87625122070313
62.5565625,9.87577438354492
62.5598958333333,9.87523794174194
62.5632291666667,9.87464189529419
62.5665625,9.87398624420166
62.5698958333333,9.87321138381958
62.5732291666667,9.8724365234375
62.5765625,9.87166166305542
62.5798958333333,9.87082719802856
62.5832291666667,9.87011194229126
62.5865625,9.86945629119873
62.5898958333333,9.86886024475098
62.5932291666667,9.86844301223755
62.5965625,9.86814498901367
62.5998958333333,9.86802577972412
62.6032291666667,9.86802577972412
62.6065625,9.86814498901367
62.6098958333333,9.86844301223755
62.6132291666667,9.86886024475098
62.6165625,9.86945629119873
62.6198958333333,9.87011194229126
62.6232291666667,9.87094640731812
62.6265625,9.87184047698975
62.6298958333333,9.87297296524048
62.6332291666667,9.87422466278076
62.6365625,9.8755955696106
62.6398958333333,9.87714529037476
62.6432291666667,9.87881422042847
62.6465625,9.88054275512695
62.6498958333333,9.88239049911499
62.6532291666667,9.88423824310303
62.6565625,9.88614559173584
62.6598958333333,9.88799333572388
62.6632291666667,9.88984107971191
62.6665625,9.8915696144104
62.6698958333333,9.89323854446411
62.6732291666667,9.89484786987305
62.6765625,9.89633798599243
62.6798958333333,9.89776849746704
62.6832291666667,9.8990797996521
62.6865625,9.90033149719238
62.6898958333333,9.90146398544312
62.6932291666667,9.90253686904907
62.6965625,9.90349054336548
62.6998958333333,9.90438461303711
62.7032291666667,9.90509986877441
62.7065625,9.90563631057739
62.7098958333333,9.90605354309082
62.7132291666667,9.90617275238037
62.7165625,9.9061131477356
62.7198958333333,9.90569591522217
62.7232291666667,9.90498065948486
62.7265625,9.90396738052368
62.7298958333333,9.90259647369385
62.7332291666667,9.90092754364014
62.7365625,9.89902019500732
62.7398958333333,9.89687442779541
62.7432291666667,9.89460945129395
62.7465625,9.89216566085815
62.7498958333333,9.88966226577759
62.7532291666667,9.88715887069702
62.7565625,9.88465547561646
62.7598958333333,9.88215208053589
62.7632291666667,9.87976789474487
62.7665625,9.87750291824341
62.7698958333333,9.87535715103149
62.7732291666667,9.87339019775391
62.7765625,9.87166166305542
62.7798958333333,9.87017154693604
62.7832291666667,9.86891984939575
62.7865625,9.86802577972412
62.7898958333333,9.86731052398682
62.7932291666667,9.86683368682861
62.7965625,9.86653566360474
62.7998958333333,9.86641645431519
62.8032291666667,9.86629724502563
62.8065625,9.86629724502563
62.8098958333333,9.86617803573608
62.8132291666667,9.86605882644653
62.8165625,9.86582040786743
62.8198958333333,9.86552238464355
62.8232291666667,9.8651647567749
62.8265625,9.86474752426147
62.8298958333333,9.86433029174805
62.8332291666667,9.86391305923462
62.8365625,9.86349582672119
62.8398958333333,9.86325740814209
62.8432291666667,9.86307859420776
62.8465625,9.86307859420776
62.8498958333333,9.86325740814209
62.8532291666667,9.86361503601074
62.8565625,9.86415147781372
62.8598958333333,9.86486673355103
62.8632291666667,9.86570119857788
62.8665625,9.86665487289429
62.8698958333333,9.86772775650024
62.8732291666667,9.8688006401062
62.8765625,9.86981391906738
62.8798958333333,9.87076759338379
62.8832291666667,9.87160205841064
62.8865625,9.87225770950317
62.8898958333333,9.87273454666138
62.8932291666667,9.87297296524048
62.8965625,9.87297296524048
62.8998958333333,9.87273454666138
62.9032291666667,9.8721981048584
62.9065625,9.87148284912109
62.9098958333333,9.87052917480469
62.9132291666667,9.86939668655396
62.9165625,9.86820459365845
62.9198958333333,9.86689329147339
62.9232291666667,9.86558198928833
62.9265625,9.86427068710327
62.9298958333333,9.86295938491821
62.9332291666667,9.86170768737793
62.9365625,9.86063480377197
62.9398958333333,9.85956192016602
62.9432291666667,9.85866785049438
62.9465625,9.85795259475708
62.9498958333333,9.85735654830933
62.9532291666667,9.8569393157959
62.9565625,9.85676050186157
62.9598958333333,9.85676050186157
62.9632291666667,9.8569393157959
62.9665625,9.85729694366455
62.9698958333333,9.85783338546753
62.9732291666667,9.85854864120483
62.9765625,9.85944271087646
62.9798958333333,9.86045598983765
62.9832291666667,9.8615288734436
62.9865625,9.86272096633911
62.9898958333333,9.86403226852417
62.9932291666667,9.86534357070923
62.9965625,9.86671447753906
62.9998958333333,9.86814498901367
63.0032291666667,9.86951589584351
63.0065625,9.87088680267334
63.0098958333333,9.8721981048584
63.0132291666667,9.87344980239868
63.0165625,9.87464189529419
63.0198958333333,9.87577438354492
63.0232291666667,9.8767876625061
63.0265625,9.87774133682251
63.0298958333333,9.87863540649414
63.0332291666667,9.879469871521
63.0365625,9.8801851272583
63.0398958333333,9.88084077835083
63.0432291666667,9.88143682479858
63.0465625,9.88185405731201
63.0498958333333,9.88215208053589
63.0532291666667,9.88227128982544
63.0565625,9.88215208053589
63.0598958333333,9.88173484802246
63.0632291666667,9.88107919692993
63.0665625,9.88012552261353
63.0698958333333,9.87893342971802
63.0732291666667,9.87744331359863
63.0765625,9.8758339881897
63.0798958333333,9.87404584884644
63.0832291666667,9.8721981048584
63.0865625,9.87040996551514
63.0898958333333,9.86868143081665
63.0932291666667,9.86713171005249
63.0965625,9.86576080322266
