0.00302083333333333,-0.208675861358643
0.00635416666666667,-0.211060047149658
0.0096875,-0.213146209716797
0.0130208333333333,-0.214755535125732
0.0163541666666667,-0.215530395507813
0.0196875,-0.214934349060059
0.0230208333333333,-0.212609767913818
0.0263541666666667,-0.208735466003418
0.0296875,-0.204503536224365
0.0330208333333333,-0.203430652618408
0.0363541666666667,-0.21207332611084
0.0396875,-0.241398811340332
0.0430208333333333,-0.307619571685791
0.0463541666666667,-0.433027744293213
0.0496875,-0.645637512207031
0.0530208333333333,-0.978171825408936
0.0563541666666667,-1.46621465682983
0.0596875,-2.14481353759766
0.0630208333333333,-3.04478406906128
0.0663541666666667,-4.18871641159058
0.0696875,-5.58710098266602
0.0730208333333333,-7.2358250617981
0.0763541666666667,-9.11486148834229
0.0796875,-11.1883282661438
0.0830208333333333,-13.4069323539734
0.0863541666666667,-15.711784362793
0.0896875,-18.0391669273376
0.0930208333333333,-20.3259587287903
0.0963541666666667,-22.5147008895874
0.0996875,-24.5579481124878
0.103020833333333,-26.4204144477844
0.106354166666667,-28.0807614326477
0.1096875,-29.5306444168091
0.113020833333333,-30.7732820510864
0.116354166666667,-31.8208932876587
0.1196875,-32.6918363571167
0.123020833333333,-33.4078669548035
0.126354166666667,-33.9915156364441
0.1296875,-34.464418888092
0.133020833333333,-34.8461270332336
0.136354166666667,-35.1535081863403
0.1396875,-35.4006290435791
0.143020833333333,-35.5991721153259
0.146354166666667,-35.7584357261658
0.1496875,-35.8861088752747
0.153020833333333,-35.9881520271301
0.156354166666667,-36.0695123672485
0.1596875,-36.1340641975403
0.163020833333333,-36.185085773468
0.166354166666667,-36.2250208854675
0.1696875,-36.2560153007507
0.173020833333333,-36.2797379493713
0.176354166666667,-36.2975597381592
0.1796875,-36.310613155365
0.183020833333333,-36.3198518753052
0.186354166666667,-36.325991153717
0.1896875,-36.3296866416931
0.193020833333333,-36.3315343856812
0.196354166666667,-36.3319516181946
0.1996875,-36.3312363624573
0.203020833333333,-36.3297462463379
0.206354166666667,-36.3276600837708
0.2096875,-36.3251566886902
0.213020833333333,-36.3224148750305
0.216354166666667,-36.3194942474365
0.2196875,-36.316454410553
0.223020833333333,-36.3134145736694
0.226354166666667,-36.3103151321411
0.2296875,-36.3073348999023
0.233020833333333,-36.3043546676636
0.236354166666667,-36.3015532493591
0.2396875,-36.2988114356995
0.243020833333333,-36.2961888313293
0.246354166666667,-36.2937450408936
0.2496875,-36.2913608551025
0.253020833333333,-36.2890958786011
0.256354166666667,-36.2868905067444
0.2596875,-36.2847447395325
0.263020833333333,-36.2826585769653
0.266354166666667,-36.280632019043
0.2696875,-36.2786054611206
0.273020833333333,-36.276638507843
0.276354166666667,-36.2747311592102
0.2796875,-36.2729430198669
0.283020833333333,-36.2712144851685
0.286354166666667,-36.2696051597595
0.2896875,-36.2681746482849
0.293020833333333,-36.2669229507446
0.296354166666667,-36.2657904624939
0.2996875,-36.2648367881775
0.303020833333333,-36.2640619277954
0.306354166666667,-36.2634658813477
0.3096875,-36.2630486488342
0.313020833333333,-36.2627506256104
0.316354166666667,-36.262571811676
0.3196875,-36.2626314163208
0.323020833333333,-36.2628698348999
0.326354166666667,-36.2633466720581
0.3296875,-36.2640619277954
0.333020833333333,-36.2650156021118
0.336354166666667,-36.2662076950073
0.3396875,-36.2676978111267
0.343020833333333,-36.26948595047
0.346354166666667,-36.2716317176819
0.3496875,-36.2739562988281
0.353020833333333,-36.276638507843
0.356354166666667,-36.2796187400818
0.3596875,-36.2828969955444
0.363020833333333,-36.2864136695862
0.366354166666667,-36.2902283668518
0.3696875,-36.2943410873413
0.373020833333333,-36.2987518310547
0.376354166666667,-36.3034009933472
0.3796875,-36.3082885742188
0.383020833333333,-36.3133549690247
0.386354166666667,-36.3186597824097
0.3896875,-36.3240838050842
0.393020833333333,-36.3296270370483
0.396354166666667,-36.3352298736572
0.3996875,-36.3408923149109
0.403020833333333,-36.3465547561646
0.406354166666667,-36.3521575927734
0.4096875,-36.3577008247375
0.413020833333333,-36.3631844520569
0.416354166666667,-36.3686084747314
0.4196875,-36.3739132881165
0.423020833333333,-36.3792777061462
0.426354166666667,-36.3845825195313
0.4296875,-36.3898873329163
0.433020833333333,-36.395251750946
0.436354166666667,-36.4005565643311
0.4396875,-36.4058613777161
0.443020833333333,-36.4111065864563
0.446354166666667,-36.4161729812622
0.4496875,-36.4211201667786
0.453020833333333,-36.4258885383606
0.456354166666667,-36.4304780960083
0.4596875,-36.4348292350769
0.463020833333333,-36.439061164856
0.466354166666667,-36.4431738853455
0.4696875,-36.4472270011902
0.473020833333333,-36.4512801170349
0.476354166666667,-36.4553928375244
0.4796875,-36.4596247673035
0.483020833333333,-36.4639163017273
0.486354166666667,-36.4683270454407
0.4896875,-36.4728569984436
0.493020833333333,-36.4775061607361
0.496354166666667,-36.4823341369629
0.4996875,-36.4874005317688
0.503020833333333,-36.4927053451538
0.506354166666667,-36.4983081817627
0.5096875,-36.5042686462402
0.513020833333333,-36.510705947876
0.516354166666667,-36.5175008773804
0.5196875,-36.5248322486877
0.523020833333333,-36.5327000617981
0.526354166666667,-36.5411043167114
0.5296875,-36.549985408783
0.533020833333333,-36.5594029426575
0.536354166666667,-36.5692377090454
0.5396875,-36.5795493125916
0.543020833333333,-36.5901589393616
0.546354166666667,-36.6011261940002
0.5496875,-36.6122722625732
0.553020833333333,-36.6235971450806
0.556354166666667,-36.6349220275879
0.5596875,-36.64630651474
0.563020833333333,-36.6576910018921
0.566354166666667,-36.6690754890442
0.5696875,-36.6805195808411
0.573020833333333,-36.6920232772827
0.576354166666667,-36.7036461830139
0.5796875,-36.7153882980347
0.583020833333333,-36.7274284362793
0.586354166666667,-36.739706993103
0.5896875,-36.7523431777954
0.593020833333333,-36.7653369903564
0.596354166666667,-36.7786288261414
0.5996875,-36.7922782897949
0.603020833333333,-36.8062257766724
0.606354166666667,-36.8205308914185
0.6096875,-36.8350148200989
0.613020833333333,-36.8497967720032
0.616354166666667,-36.8646383285522
0.6196875,-36.8795990943909
0.623020833333333,-36.8945002555847
0.626354166666667,-36.909282207489
0.6296875,-36.9240045547485
0.633020833333333,-36.9385480880737
0.636354166666667,-36.9529724121094
0.6396875,-36.9672775268555
0.643020833333333,-36.9815230369568
0.646354166666667,-36.9957685470581
0.6496875,-37.0100736618042
0.653020833333333,-37.0244383811951
0.656354166666667,-37.0388627052307
0.6596875,-37.0534062385559
0.663020833333333,-37.0678901672363
0.666354166666667,-37.0823740959167
0.6696875,-37.0966792106628
0.673020833333333,-37.1108651161194
0.676354166666667,-37.1248126029968
0.6796875,-37.1384620666504
0.683020833333333,-37.1518135070801
0.686354166666667,-37.1649265289307
0.6896875,-37.1777415275574
0.693020833333333,-37.190318107605
0.696354166666667,-37.2026562690735
0.6996875,-37.2148752212524
0.703020833333333,-37.2270345687866
0.706354166666667,-37.2390747070313
0.7096875,-37.2511148452759
0.713020833333333,-37.2631549835205
0.716354166666667,-37.2752547264099
0.7196875,-37.2872948646545
0.723020833333333,-37.2992753982544
0.726354166666667,-37.3112559318542
0.7296875,-37.3231768608093
0.733020833333333,-37.3349785804749
0.736354166666667,-37.3466610908508
0.7396875,-37.358283996582
0.743020833333333,-37.3697876930237
0.746354166666667,-37.381112575531
0.7496875,-37.3923778533936
0.753020833333333,-37.4035239219666
0.756354166666667,-37.41455078125
0.7596875,-37.4255180358887
0.763020833333333,-37.4363660812378
0.766354166666667,-37.4471545219421
0.7696875,-37.4579429626465
0.773020833333333,-37.4687314033508
0.776354166666667,-37.4794602394104
0.7796875,-37.4903082847595
0.783020833333333,-37.5011563301086
0.786354166666667,-37.5120639801025
0.7896875,-37.5230312347412
0.793020833333333,-37.5339984893799
0.796354166666667,-37.5450253486633
0.7996875,-37.5559329986572
0.803020833333333,-37.5667810440063
0.806354166666667,-37.5775098800659
0.8096875,-37.5880002975464
0.813020833333333,-37.5983715057373
0.816354166666667,-37.6084446907043
0.8196875,-37.6183986663818
0.823020833333333,-37.628173828125
0.826354166666667,-37.6377701759338
0.8296875,-37.6473069190979
0.833020833333333,-37.6567244529724
0.836354166666667,-37.6662015914917
0.8396875,-37.6756191253662
0.843020833333333,-37.6850962638855
0.846354166666667,-37.6945734024048
0.8496875,-37.7040505409241
0.853020833333333,-37.7135276794434
0.856354166666667,-37.7229452133179
0.8596875,-37.7323031425476
0.863020833333333,-37.7415418624878
0.866354166666667,-37.750780582428
0.8696875,-37.7598404884338
0.873020833333333,-37.7688407897949
0.876354166666667,-37.7777814865112
0.8796875,-37.7866625785828
0.883020833333333,-37.7954244613647
0.886354166666667,-37.8041863441467
0.8896875,-37.8128886222839
0.893020833333333,-37.8215909004211
0.896354166666667,-37.8302335739136
0.8996875,-37.838876247406
0.903020833333333,-37.8475189208984
0.906354166666667,-37.8561615943909
0.9096875,-37.8647446632385
0.913020833333333,-37.8732681274414
0.916354166666667,-37.8817319869995
0.9196875,-37.8901362419128
0.923020833333333,-37.8984212875366
0.926354166666667,-37.9065871238708
0.9296875,-37.9146933555603
0.933020833333333,-37.922739982605
0.936354166666667,-37.9307270050049
0.9396875,-37.9385948181152
0.943020833333333,-37.9464030265808
0.946354166666667,-37.9542112350464
0.9496875,-37.9619002342224
0.953020833333333,-37.9695296287537
0.956354166666667,-37.9770994186401
0.9596875,-37.9845499992371
0.963020833333333,-37.9918813705444
0.966354166666667,-37.999153137207
0.9696875,-38.0063056945801
0.973020833333333,-38.0134582519531
0.976354166666667,-38.0205512046814
0.9796875,-38.0276441574097
0.983020833333333,-38.0346775054932
0.986354166666667,-38.0417108535767
0.9896875,-38.0486249923706
0.993020833333333,-38.0554795265198
0.996354166666667,-38.0622148513794
0.9996875,-38.0688309669495
1.00302083333333,-38.07532787323
1.00635416666667,-38.0816459655762
1.0096875,-38.0879044532776
1.01302083333333,-38.0940437316895
1.01635416666667,-38.1000638008118
1.0196875,-38.1060838699341
1.02302083333333,-38.1120443344116
1.02635416666667,-38.1180047988892
1.0296875,-38.1239652633667
1.03302083333333,-38.1298661231995
1.03635416666667,-38.135826587677
1.0396875,-38.1417274475098
1.04302083333333,-38.1476879119873
1.04635416666667,-38.1536483764648
1.0496875,-38.1595492362976
1.05302083333333,-38.1655097007751
1.05635416666667,-38.1714105606079
1.0596875,-38.1772518157959
1.06302083333333,-38.1831526756287
1.06635416666667,-38.1889343261719
1.0696875,-38.1947159767151
1.07302083333333,-38.2004976272583
1.07635416666667,-38.2062196731567
1.0796875,-38.2120013237
1.08302083333333,-38.2177233695984
1.08635416666667,-38.2235050201416
1.0896875,-38.2292866706848
1.09302083333333,-38.2350087165833
1.09635416666667,-38.2407307624817
1.0996875,-38.2463932037354
1.10302083333333,-38.2519364356995
1.10635416666667,-38.2574200630188
1.1096875,-38.2627248764038
1.11302083333333,-38.267970085144
1.11635416666667,-38.2730960845947
1.1196875,-38.2781624794006
1.12302083333333,-38.2832884788513
1.12635416666667,-38.2883548736572
1.1296875,-38.2935404777527
1.13302083333333,-38.2987260818481
1.13635416666667,-38.3039712905884
1.1396875,-38.3092761039734
1.14302083333333,-38.3145213127136
1.14635416666667,-38.3197069168091
1.1496875,-38.3248329162598
1.15302083333333,-38.3298397064209
1.15635416666667,-38.3346676826477
1.1596875,-38.339376449585
1.16302083333333,-38.3439064025879
1.16635416666667,-38.3483171463013
1.1696875,-38.3526086807251
1.17302083333333,-38.3569002151489
1.17635416666667,-38.361132144928
1.1796875,-38.3653044700623
1.18302083333333,-38.3695363998413
1.18635416666667,-38.3737087249756
1.1896875,-38.3779406547546
1.19302083333333,-38.3821725845337
1.19635416666667,-38.3864045143127
1.1996875,-38.390576839447
1.20302083333333,-38.3947491645813
1.20635416666667,-38.398802280426
1.2096875,-38.402795791626
1.21302083333333,-38.4066700935364
1.21635416666667,-38.410484790802
1.2196875,-38.4142398834229
1.22302083333333,-38.4179353713989
1.22635416666667,-38.4215116500854
1.2296875,-38.425087928772
1.23302083333333,-38.4286642074585
1.23635416666667,-38.432240486145
1.2396875,-38.4358167648315
1.24302083333333,-38.4395122528076
1.24635416666667,-38.4432077407837
1.2496875,-38.4470224380493
1.25302083333333,-38.4508967399597
1.25635416666667,-38.4548306465149
1.2596875,-38.4588241577148
1.26302083333333,-38.4628772735596
1.26635416666667,-38.4669303894043
1.2696875,-38.4710431098938
1.27302083333333,-38.4750962257385
1.27635416666667,-38.4791493415833
1.2796875,-38.4831428527832
1.28302083333333,-38.4871363639832
1.28635416666667,-38.4910702705383
1.2896875,-38.4949445724487
1.29302083333333,-38.4986996650696
1.29635416666667,-38.5023951530457
1.2996875,-38.506031036377
1.30302083333333,-38.5094881057739
1.30635416666667,-38.5128855705261
1.3096875,-38.5162234306335
1.31302083333333,-38.5194420814514
1.31635416666667,-38.5226607322693
1.3196875,-38.5258197784424
1.32302083333333,-38.5289788246155
1.32635416666667,-38.5321974754333
1.3296875,-38.535475730896
1.33302083333333,-38.5387539863586
1.33635416666667,-38.5420918464661
1.3396875,-38.5454297065735
1.34302083333333,-38.5487079620361
1.34635416666667,-38.5519862174988
1.3496875,-38.5551452636719
1.35302083333333,-38.558304309845
1.35635416666667,-38.5614633560181
1.3596875,-38.5645627975464
1.36302083333333,-38.5676622390747
1.36635416666667,-38.5708212852478
1.3696875,-38.5740399360657
1.37302083333333,-38.5772585868835
1.37635416666667,-38.580596446991
1.3796875,-38.5839343070984
1.38302083333333,-38.5872721672058
1.38635416666667,-38.590669631958
1.3896875,-38.5940670967102
1.39302083333333,-38.5974645614624
1.39635416666667,-38.6008024215698
1.3996875,-38.604199886322
1.40302083333333,-38.607656955719
1.40635416666667,-38.611114025116
1.4096875,-38.6146903038025
1.41302083333333,-38.6183261871338
1.41635416666667,-38.6220216751099
1.4196875,-38.6258363723755
1.42302083333333,-38.6296510696411
1.42635416666667,-38.6335253715515
1.4296875,-38.6373996734619
1.43302083333333,-38.6412739753723
1.43635416666667,-38.6450886726379
1.4396875,-38.6488437652588
1.44302083333333,-38.6524796485901
1.44635416666667,-38.6559963226318
1.4496875,-38.659393787384
1.45302083333333,-38.6627316474915
1.45635416666667,-38.6659502983093
1.4596875,-38.6691689491272
1.46302083333333,-38.6723875999451
1.46635416666667,-38.6756062507629
1.4696875,-38.6788845062256
1.47302083333333,-38.682222366333
1.47635416666667,-38.6855602264404
1.4796875,-38.6890172958374
1.48302083333333,-38.6924743652344
1.48635416666667,-38.6959910392761
1.4896875,-38.6995673179626
1.49302083333333,-38.7030839920044
1.49635416666667,-38.7066602706909
1.4996875,-38.7102961540222
1.50302083333333,-38.7138724327087
1.50635416666667,-38.7175679206848
1.5096875,-38.7212634086609
1.51302083333333,-38.7250185012817
1.51635416666667,-38.7287139892578
1.5196875,-38.7324690818787
1.52302083333333,-38.7361645698547
1.52635416666667,-38.739800453186
1.5296875,-38.7433767318726
1.53302083333333,-38.7468338012695
1.53635416666667,-38.7502312660217
1.5396875,-38.7535095214844
1.54302083333333,-38.756787776947
1.54635416666667,-38.7599468231201
1.5496875,-38.7631058692932
1.55302083333333,-38.7662053108215
1.55635416666667,-38.7693643569946
1.5596875,-38.7725234031677
1.56302083333333,-38.7756824493408
1.56635416666667,-38.7789011001587
1.5696875,-38.7821793556213
1.57302083333333,-38.7855172157288
1.57635416666667,-38.788914680481
1.5796875,-38.7922525405884
1.58302083333333,-38.7956500053406
1.58635416666667,-38.7990474700928
1.5896875,-38.802444934845
1.59302083333333,-38.8058423995972
1.59635416666667,-38.8091802597046
1.5996875,-38.8124585151672
1.60302083333333,-38.8156771659851
1.60635416666667,-38.8188362121582
1.6096875,-38.8219356536865
1.61302083333333,-38.8249158859253
1.61635416666667,-38.8278961181641
1.6196875,-38.8307571411133
1.62302083333333,-38.8334989547729
1.62635416666667,-38.8362407684326
1.6296875,-38.8389229774475
1.63302083333333,-38.8415455818176
1.63635416666667,-38.8441681861877
1.6396875,-38.8467311859131
1.64302083333333,-38.8492941856384
1.64635416666667,-38.8518571853638
1.6496875,-38.8544201850891
1.65302083333333,-38.8569235801697
1.65635416666667,-38.8594269752502
1.6596875,-38.861870765686
1.66302083333333,-38.8642549514771
1.66635416666667,-38.8665199279785
1.6696875,-38.8687252998352
1.67302083333333,-38.8708114624023
1.67635416666667,-38.8728380203247
1.6796875,-38.8747453689575
1.68302083333333,-38.8766527175903
1.68635416666667,-38.8785004615784
1.6896875,-38.8803482055664
1.69302083333333,-38.8821363449097
1.69635416666667,-38.8839840888977
1.6996875,-38.885772228241
1.70302083333333,-38.8875603675842
1.70635416666667,-38.8892889022827
1.7096875,-38.8910174369812
1.71302083333333,-38.8926267623901
1.71635416666667,-38.8942360877991
1.7196875,-38.895845413208
1.72302083333333,-38.8973951339722
1.72635416666667,-38.8988852500916
1.7296875,-38.9004349708557
1.73302083333333,-38.9019250869751
1.73635416666667,-38.9034748077393
1.7396875,-38.9050841331482
1.74302083333333,-38.9066338539124
1.74635416666667,-38.9082431793213
1.7496875,-38.9098525047302
1.75302083333333,-38.9115214347839
1.75635416666667,-38.9131307601929
1.7596875,-38.914680480957
1.76302083333333,-38.916289806366
1.76635416666667,-38.9178395271301
1.7696875,-38.9193296432495
1.77302083333333,-38.9208793640137
1.77635416666667,-38.9223694801331
1.7796875,-38.9239192008972
1.78302083333333,-38.9254689216614
1.78635416666667,-38.9270782470703
1.7896875,-38.928747177124
1.79302083333333,-38.9304757118225
1.79635416666667,-38.932204246521
1.7996875,-38.934051990509
1.80302083333333,-38.9358997344971
1.80635416666667,-38.9377474784851
1.8096875,-38.9395952224731
1.81302083333333,-38.9414429664612
1.81635416666667,-38.9431715011597
1.8196875,-38.9449000358582
1.82302083333333,-38.9465689659119
1.82635416666667,-38.948118686676
1.8296875,-38.9496684074402
1.83302083333333,-38.9511585235596
1.83635416666667,-38.952648639679
1.8396875,-38.9540791511536
1.84302083333333,-38.9555096626282
1.84635416666667,-38.9569401741028
1.8496875,-38.9584302902222
1.85302083333333,-38.9599204063416
1.85635416666667,-38.9615297317505
1.8596875,-38.9631986618042
1.86302083333333,-38.9649271965027
1.86635416666667,-38.9667749404907
1.8696875,-38.9687418937683
1.87302083333333,-38.9707088470459
1.87635416666667,-38.9726758003235
1.8796875,-38.9745831489563
1.88302083333333,-38.9764904975891
1.88635416666667,-38.9783382415771
1.8896875,-38.9800667762756
1.89302083333333,-38.9816761016846
1.89635416666667,-38.9832854270935
1.8996875,-38.9847755432129
1.90302083333333,-38.9862656593323
1.90635416666667,-38.9877557754517
1.9096875,-38.989245891571
1.91302083333333,-38.9907360076904
1.91635416666667,-38.9922857284546
1.9196875,-38.9938354492188
1.92302083333333,-38.9953851699829
1.92635416666667,-38.9969348907471
1.9296875,-38.9984846115112
1.93302083333333,-38.9999747276306
1.93635416666667,-39.0015244483948
1.9396875,-39.0031337738037
1.94302083333333,-39.0046834945679
1.94635416666667,-39.0063524246216
1.9496875,-39.0080213546753
1.95302083333333,-39.009690284729
1.95635416666667,-39.0114188194275
1.9596875,-39.0132069587708
1.96302083333333,-39.0149354934692
1.96635416666667,-39.0167236328125
1.9696875,-39.0185117721558
1.97302083333333,-39.020299911499
1.97635416666667,-39.0220284461975
1.9796875,-39.0238165855408
1.98302083333333,-39.0256643295288
1.98635416666667,-39.0275120735168
1.9896875,-39.0293598175049
1.99302083333333,-39.0312671661377
1.99635416666667,-39.0331149101257
1.9996875,-39.0349626541138
2.00302083333333,-39.0368103981018
2.00635416666667,-39.0385389328003
2.0096875,-39.0402674674988
2.01302083333333,-39.0419363975525
2.01635416666667,-39.0435457229614
2.0196875,-39.0450954437256
2.02302083333333,-39.0466451644897
2.02635416666667,-39.0481352806091
2.0296875,-39.0496850013733
2.03302083333333,-39.0511751174927
2.03635416666667,-39.0527844429016
2.0396875,-39.0543341636658
2.04302083333333,-39.0560030937195
2.04635416666667,-39.0576720237732
2.0496875,-39.0594601631165
2.05302083333333,-39.0612483024597
2.05635416666667,-39.0630960464478
2.0596875,-39.0650033950806
2.06302083333333,-39.0668511390686
2.06635416666667,-39.0687584877014
2.0696875,-39.0706062316895
2.07302083333333,-39.0723943710327
2.07635416666667,-39.0741229057312
2.0796875,-39.0758514404297
2.08302083333333,-39.0774607658386
2.08635416666667,-39.0791296958923
2.0896875,-39.0807390213013
2.09302083333333,-39.0823483467102
2.09635416666667,-39.0839576721191
2.0996875,-39.0855669975281
2.10302083333333,-39.0872359275818
2.10635416666667,-39.0888452529907
2.1096875,-39.0904545783997
2.11302083333333,-39.0920042991638
2.11635416666667,-39.0936136245728
2.1196875,-39.0951633453369
2.12302083333333,-39.0967726707458
2.12635416666667,-39.0983819961548
2.1296875,-39.1000509262085
2.13302083333333,-39.1017198562622
2.13635416666667,-39.1034483909607
2.1396875,-39.105236530304
2.14302083333333,-39.1069650650024
2.14635416666667,-39.1086935997009
2.1496875,-39.1104221343994
2.15302083333333,-39.1120910644531
2.15635416666667,-39.1137003898621
2.1596875,-39.1152501106262
2.16302083333333,-39.1167998313904
2.16635416666667,-39.1183495521545
2.1696875,-39.1198396682739
2.17302083333333,-39.1213297843933
2.17635416666667,-39.1227602958679
2.1796875,-39.1242504119873
2.18302083333333,-39.1256809234619
2.18635416666667,-39.1271114349365
2.1896875,-39.1285419464111
2.19302083333333,-39.129912853241
2.19635416666667,-39.1312837600708
2.1996875,-39.1326546669006
2.20302083333333,-39.1339659690857
2.20635416666667,-39.1353368759155
2.2096875,-39.1367077827454
2.21302083333333,-39.1380786895752
2.21635416666667,-39.1395092010498
2.2196875,-39.1408801078796
2.22302083333333,-39.142370223999
2.22635416666667,-39.1438007354736
2.2296875,-39.1452312469482
2.23302083333333,-39.1466617584229
2.23635416666667,-39.1480326652527
2.2396875,-39.1493439674377
2.24302083333333,-39.150595664978
2.24635416666667,-39.1518473625183
2.2496875,-39.1530394554138
2.25302083333333,-39.1542315483093
2.25635416666667,-39.1554236412048
2.2596875,-39.1566753387451
2.26302083333333,-39.1579270362854
2.26635416666667,-39.1592383384705
2.2696875,-39.1605496406555
2.27302083333333,-39.1619205474854
2.27635416666667,-39.16335105896
2.2796875,-39.1647815704346
2.28302083333333,-39.1662120819092
2.28635416666667,-39.167582988739
2.2896875,-39.1690135002136
2.29302083333333,-39.1703844070435
2.29635416666667,-39.1718149185181
2.2996875,-39.1732454299927
2.30302083333333,-39.1746759414673
2.30635416666667,-39.1761064529419
2.3096875,-39.1775965690613
2.31302083333333,-39.1789674758911
2.31635416666667,-39.1803383827209
2.3196875,-39.1817092895508
2.32302083333333,-39.1829609870911
2.32635416666667,-39.1841530799866
2.3296875,-39.1853451728821
2.33302083333333,-39.1864776611328
2.33635416666667,-39.1875505447388
2.3396875,-39.1885638237
2.34302083333333,-39.1896367073059
2.34635416666667,-39.1907095909119
2.3496875,-39.1917824745178
2.35302083333333,-39.1929745674133
2.35635416666667,-39.1941666603088
2.3596875,-39.1954183578491
2.36302083333333,-39.196789264679
2.36635416666667,-39.1981601715088
2.3696875,-39.1995906829834
2.37302083333333,-39.2009615898132
2.37635416666667,-39.2023921012878
2.3796875,-39.2037034034729
2.38302083333333,-39.2050743103027
2.38635416666667,-39.206326007843
2.3896875,-39.2075777053833
2.39302083333333,-39.208710193634
2.39635416666667,-39.2099022865295
2.3996875,-39.2110347747803
2.40302083333333,-39.212167263031
2.40635416666667,-39.2132997512817
2.4096875,-39.2143726348877
2.41302083333333,-39.2153859138489
2.41635416666667,-39.2163991928101
2.4196875,-39.2172932624817
2.42302083333333,-39.2181277275085
2.42635416666667,-39.2188429832458
2.4296875,-39.2194390296936
2.43302083333333,-39.2200350761414
2.43635416666667,-39.2205119132996
2.4396875,-39.220929145813
2.44302083333333,-39.2213463783264
2.44635416666667,-39.2217040061951
2.4496875,-39.2221212387085
2.45302083333333,-39.2225384712219
2.45635416666667,-39.2228960990906
2.4596875,-39.223313331604
2.46302083333333,-39.2237305641174
2.46635416666667,-39.2240881919861
2.4696875,-39.2244458198547
2.47302083333333,-39.2248034477234
2.47635416666667,-39.2251014709473
2.4796875,-39.2253994941711
2.48302083333333,-39.2256379127502
2.48635416666667,-39.2258167266846
2.4896875,-39.2259955406189
2.49302083333333,-39.2261147499084
2.49635416666667,-39.2261743545532
2.4996875,-39.2261743545532
2.50302083333333,-39.2261147499084
2.50635416666667,-39.2259955406189
2.5096875,-39.2258167266846
2.51302083333333,-39.2255783081055
2.51635416666667,-39.2252206802368
2.5196875,-39.2248034477234
2.52302083333333,-39.2242670059204
2.52635416666667,-39.2235517501831
2.5296875,-39.2227172851563
2.53302083333333,-39.2216444015503
2.53635416666667,-39.2203330993652
2.5396875,-39.2187237739563
2.54302083333333,-39.2166972160339
2.54635416666667,-39.2141938209534
2.5496875,-39.2111539840698
2.55302083333333,-39.2073392868042
2.55635416666667,-39.2026901245117
2.5596875,-39.1970872879028
2.56302083333333,-39.1902923583984
2.56635416666667,-39.1822457313538
2.5696875,-39.1727089881897
2.57302083333333,-39.1616225242615
2.57635416666667,-39.1488075256348
2.5796875,-39.1342043876648
2.58302083333333,-39.117693901062
2.58635416666667,-39.0992760658264
2.5896875,-39.0787124633789
2.59302083333333,-39.0560626983643
2.59635416666667,-39.0312075614929
2.5996875,-39.0040278434753
2.60302083333333,-38.9745831489563
2.60635416666667,-38.9427542686462
2.6096875,-38.9086604118347
2.61302083333333,-38.8725996017456
2.61635416666667,-38.834810256958
2.6196875,-38.7960076332092
2.62302083333333,-38.7570261955261
2.62635416666667,-38.7188196182251
2.6296875,-38.6826992034912
2.63302083333333,-38.6497974395752
2.63635416666667,-38.6213064193726
2.6396875,-38.5980606079102
2.64302083333333,-38.5804176330566
2.64635416666667,-38.5680198669434
2.6496875,-38.5594367980957
2.65302083333333,-38.5522842407227
2.65635416666667,-38.543164730072
2.6596875,-38.5279655456543
2.66302083333333,-38.5026335716248
2.66635416666667,-38.4639501571655
2.6696875,-38.4106040000916
2.67302083333333,-38.3445620536804
2.67635416666667,-38.2716059684753
2.6796875,-38.2021069526672
2.68302083333333,-38.1509065628052
2.68635416666667,-38.1363034248352
2.6896875,-38.1785035133362
2.69302083333333,-38.2975935935974
2.69635416666667,-38.5109782218933
2.6996875,-38.8309359550476
2.70302083333333,-39.2626523971558
2.70635416666667,-39.8033261299133
2.7096875,-40.441632270813
2.71302083333333,-41.1589741706848
2.71635416666667,-41.9312715530396
2.7196875,-42.7313446998596
2.72302083333333,-43.5317158699036
2.72635416666667,-44.3068742752075
2.7296875,-45.0355410575867
2.73302083333333,-45.7016825675964
2.73635416666667,-46.295166015625
2.7396875,-46.8116402626038
2.74302083333333,-47.2513437271118
2.74635416666667,-47.6183891296387
2.7496875,-47.9192137718201
2.75302083333333,-48.1613278388977
2.75635416666667,-48.3527183532715
2.7596875,-48.5007166862488
2.76302083333333,-48.6117601394653
2.76635416666667,-48.6913919448853
2.7696875,-48.7438440322876
2.77302083333333,-48.7723350524902
2.77635416666667,-48.7792491912842
2.7796875,-48.7660765647888
2.78302083333333,-48.7338900566101
2.78635416666667,-48.683226108551
2.7896875,-48.6146807670593
2.79302083333333,-48.5286116600037
2.79635416666667,-48.4256148338318
2.7996875,-48.3065247535706
2.80302083333333,-48.1722950935364
2.80635416666667,-48.0242967605591
2.8096875,-47.8639006614685
2.81302083333333,-47.6927757263184
2.81635416666667,-47.5124716758728
2.8196875,-47.3244190216064
2.82302083333333,-47.1298098564148
2.82635416666667,-46.9295382499695
2.8296875,-46.7241406440735
2.83302083333333,-46.5139746665955
2.83635416666667,-46.2989211082458
2.8396875,-46.0788011550903
2.84302083333333,-45.8531975746155
2.84635416666667,-45.6216335296631
2.8496875,-45.383632183075
2.85302083333333,-45.1386570930481
2.85635416666667,-44.8861718177795
2.8596875,-44.6256995201111
2.86302083333333,-44.356644153595
2.86635416666667,-44.0782904624939
2.8696875,-43.7898635864258
2.87302083333333,-43.490469455719
2.87635416666667,-43.1790947914124
2.8796875,-42.8545475006104
2.88302083333333,-42.5155758857727
2.88635416666667,-42.1607494354248
2.8896875,-41.7885184288025
2.89302083333333,-41.3972735404968
2.89635416666667,-40.9851670265198
2.8996875,-40.5503511428833
2.90302083333333,-40.0906205177307
2.90635416666667,-39.6037697792053
2.9096875,-39.0871167182922
2.91302083333333,-38.5379195213318
2.91635416666667,-37.9528999328613
2.9196875,-37.3281836509705
2.92302083333333,-36.6594195365906
2.92635416666667,-35.9411835670471
2.9296875,-35.1669192314148
2.93302083333333,-34.3283414840698
2.93635416666667,-33.4150195121765
2.9396875,-32.4136018753052
2.94302083333333,-31.3073396682739
2.94635416666667,-30.0756692886353
2.9496875,-28.6951065063477
2.95302083333333,-27.1421670913696
2.95635416666667,-25.3980755805969
2.9596875,-23.4572887420654
2.96302083333333,-21.3366150856018
2.96635416666667,-19.0850496292114
2.9696875,-16.7903304100037
2.97302083333333,-14.5804882049561
2.97635416666667,-12.6190781593323
2.9796875,-11.0931992530823
2.98302083333333,-10.1953148841858
2.98635416666667,-10.1011991500854
2.9896875,-10.9454393386841
2.99302083333333,-12.7999782562256
2.99635416666667,-15.6586170196533
2.9996875,-19.4320678710938
3.00302083333333,-23.9550471305847
3.00635416666667,-29.0043354034424
3.0096875,-34.3248844146729
3.01302083333333,-39.6583080291748
3.01635416666667,-44.7699427604675
3.0196875,-49.4698882102966
3.02302083333333,-53.6264777183533
3.02635416666667,-57.1707487106323
3.0296875,-60.0923895835876
3.03302083333333,-62.4288320541382
3.03635416666667,-64.2505884170532
3.0396875,-65.6446814537048
3.04302083333333,-66.701352596283
3.04635416666667,-67.5032734870911
3.0496875,-68.1199431419373
3.05302083333333,-68.6060190200806
3.05635416666667,-69.0017938613892
3.0596875,-69.3355798721313
3.06302083333333,-69.6266889572144
3.06635416666667,-69.8876976966858
3.0696875,-70.1265931129456
3.07302083333333,-70.3484416007996
3.07635416666667,-70.5561637878418
3.0796875,-70.751428604126
3.08302083333333,-70.9347724914551
3.08635416666667,-71.1061358451843
3.0896875,-71.2645053863525
3.09302083333333,-71.4080929756165
3.09635416666667,-71.5340971946716
3.0996875,-71.6389417648315
3.10302083333333,-71.7183947563171
3.10635416666667,-71.768045425415
3.1096875,-71.7842578887939
3.11302083333333,-71.7646479606628
3.11635416666667,-71.709156036377
3.1196875,-71.6204047203064
3.12302083333333,-71.5040564537048
3.12635416666667,-71.3688135147095
3.1296875,-71.2259411811829
3.13302083333333,-71.0879564285278
3.13635416666667,-70.9676742553711
3.1396875,-70.8762407302856
3.14302083333333,-70.8222389221191
3.14635416666667,-70.8103775978088
3.1496875,-70.8417296409607
3.15302083333333,-70.9133744239807
3.15635416666667,-71.0193514823914
3.1596875,-71.1516737937927
3.16302083333333,-71.3012218475342
3.16635416666667,-71.4589357376099
3.1696875,-71.6167688369751
3.17302083333333,-71.7682838439941
3.17635416666667,-71.9090700149536
3.1796875,-72.0364451408386
3.18302083333333,-72.1494555473328
3.18635416666667,-72.2482800483704
3.1896875,-72.3340511322021
3.19302083333333,-72.4081993103027
3.19635416666667,-72.4725723266602
3.1996875,-72.5288391113281
3.20302083333333,-72.5788474082947
3.20635416666667,-72.624146938324
3.2096875,-72.6659297943115
3.21302083333333,-72.7054476737976
3.21635416666667,-72.7435946464539
3.2196875,-72.780966758728
3.22302083333333,-72.8181600570679
3.22635416666667,-72.8555917739868
3.2296875,-72.8933811187744
3.23302083333333,-72.9318261146545
3.23635416666667,-72.9709267616272
3.2396875,-73.0108618736267
3.24302083333333,-73.0516314506531
3.24635416666667,-73.0932354927063
3.2496875,-73.1356739997864
3.25302083333333,-73.1789469718933
3.25635416666667,-73.2229948043823
3.2596875,-73.2678174972534
3.26302083333333,-73.3133554458618
3.26635416666667,-73.3595490455627
3.2696875,-73.4062194824219
3.27302083333333,-73.4533667564392
3.27635416666667,-73.5008716583252
3.2796875,-73.5485553741455
3.28302083333333,-73.5963582992554
3.28635416666667,-73.6441016197205
3.2896875,-73.691725730896
3.29302083333333,-73.7391114234924
3.29635416666667,-73.7860202789307
3.2996875,-73.8323926925659
3.30302083333333,-73.8779902458191
3.30635416666667,-73.9225745201111
3.3096875,-73.9659667015076
3.31302083333333,-74.0077495574951
3.31635416666667,-74.0470886230469
3.3196875,-74.0816593170166
3.32302083333333,-74.1056203842163
3.32635416666667,-74.1052627563477
3.3296875,-74.0528106689453
3.33302083333333,-73.8980770111084
3.33635416666667,-73.559582233429
3.3396875,-72.9144811630249
3.34302083333333,-71.7853903770447
3.34635416666667,-69.9217915534973
3.3496875,-66.9774413108826
3.35302083333333,-62.4920129776001
3.35635416666667,-55.8913350105286
3.3596875,-46.5185642242432
3.36302083333333,-33.6991548538208
3.36635416666667,-16.8290138244629
3.3696875,4.5311450958252
3.37302083333333,30.5700898170471
3.37635416666667,61.1560344696045
3.3796875,95.7878232002258
3.38302083333333,133.574962615967
3.38635416666667,173.258721828461
3.3896875,213.282525539398
3.39302083333333,251.906991004944
3.39635416666667,287.350177764893
3.3996875,317.93087720871
3.40302083333333,342.196047306061
3.40635416666667,359.022557735443
3.4096875,367.691278457642
3.41302083333333,367.931187152863
3.41635416666667,359.933793544769
3.4196875,344.338417053223
3.42302083333333,322.187542915344
3.42635416666667,294.852733612061
3.4296875,263.928949832916
3.43302083333333,231.103420257568
3.43635416666667,198.012411594391
3.4396875,166.108906269073
3.44302083333333,136.56085729599
3.44635416666667,110.191464424133
3.4496875,87.4612927436829
3.45302083333333,68.4862732887268
3.45635416666667,53.0865788459778
3.4596875,40.8610105514526
3.46302083333333,31.2780141830444
3.46635416666667,23.7686038017273
3.4696875,17.8043842315674
3.47302083333333,12.9464864730835
3.47635416666667,8.86362791061401
3.4796875,5.32472133636475
3.48302083333333,2.17825174331665
3.48635416666667,-0.671684741973877
3.4896875,-3.2849907875061
3.49302083333333,-5.70029020309448
3.49635416666667,-7.94392824172974
3.4996875,-10.0350975990295
3.50302083333333,-11.9889974594116
3.50635416666667,-13.8182640075684
3.5096875,-15.5342817306519
3.51302083333333,-17.1470642089844
3.51635416666667,-18.6662673950195
3.5196875,-20.1008319854736
3.52302083333333,-21.4592814445496
3.52635416666667,-22.7497220039368
3.5296875,-23.9797830581665
3.53302083333333,-25.1566171646118
3.53635416666667,-26.2868404388428
3.5396875,-27.3764133453369
3.54302083333333,-28.430700302124
3.54635416666667,-29.4542908668518
3.5496875,-30.4510593414307
3.55302083333333,-31.4242243766785
3.55635416666667,-32.3764085769653
3.5596875,-33.3095788955688
3.56302083333333,-34.2251658439636
3.56635416666667,-35.1241230964661
3.5696875,-36.0071063041687
3.57302083333333,-36.8744134902954
3.57635416666667,-37.7261638641357
3.5796875,-38.5621786117554
3.58302083333333,-39.38227891922
3.58635416666667,-40.1861071586609
3.5896875,-40.973424911499
3.59302083333333,-41.7437553405762
3.59635416666667,-42.4968600273132
3.5996875,-43.2323217391968
3.60302083333333,-43.9499020576477
3.60635416666667,-44.6494221687317
3.6096875,-45.3305840492249
3.61302083333333,-45.993447303772
3.61635416666667,-46.6378331184387
3.6196875,-47.2638010978699
3.62302083333333,-47.871470451355
3.62635416666667,-48.4610795974731
3.6296875,-49.0327477455139
3.63302083333333,-49.5868325233459
3.63635416666667,-50.1236915588379
3.6396875,-50.6437420845032
3.64302083333333,-51.1473417282104
3.64635416666667,-51.6349673271179
3.6496875,-52.107036113739
3.65302083333333,-52.5639653205872
3.65635416666667,-53.0061721801758
3.6596875,-53.4341335296631
3.66302083333333,-53.8481473922729
3.66635416666667,-54.2487502098083
3.6696875,-54.6361804008484
3.67302083333333,-55.010974407196
3.67635416666667,-55.3734302520752
3.6796875,-55.7239651679993
3.68302083333333,-56.0629963874817
3.68635416666667,-56.3909411430359
3.6896875,-56.708037853241
3.69302083333333,-57.0147633552551
3.69635416666667,-57.3112964630127
3.6996875,-57.5979948043823
3.70302083333333,-57.8750371932983
3.70635416666667,-58.1426024436951
3.7096875,-58.4008693695068
3.71302083333333,-58.6500763893127
3.71635416666667,-58.8902831077576
3.7196875,-59.1216087341309
3.72302083333333,-59.3442320823669
3.72635416666667,-59.5581531524658
3.7296875,-59.7636103630066
3.73302083333333,-59.9604845046997
3.73635416666667,-60.1490139961243
3.7396875,-60.3290796279907
3.74302083333333,-60.5006814002991
3.74635416666667,-60.6638789176941
3.7496875,-60.8184933662415
3.75302083333333,-60.9645247459412
3.75635416666667,-61.1017942428589
3.7596875,-61.2301826477051
3.76302083333333,-61.3495111465454
3.76635416666667,-61.459481716156
3.7696875,-61.559796333313
3.77302083333333,-61.6500973701477
3.77635416666667,-61.7299675941467
3.7796875,-61.7989301681519
3.78302083333333,-61.8564486503601
3.78635416666667,-61.901867389679
3.7896875,-61.9344711303711
3.79302083333333,-61.9534254074097
3.79635416666667,-61.957836151123
3.7996875,-61.94669008255
3.80302083333333,-61.9189143180847
3.80635416666667,-61.873197555542
3.8096875,-61.808168888092
3.81302083333333,-61.7222785949707
3.81635416666667,-61.613917350769
3.8196875,-61.4812970161438
3.82302083333333,-61.3225102424622
3.82635416666667,-61.1355304718018
3.8296875,-60.9182119369507
3.83302083333333,-60.6684684753418
3.83635416666667,-60.3839755058289
3.8396875,-60.0625872612
3.84302083333333,-59.7018003463745
3.84635416666667,-59.2992305755615
3.8496875,-58.8520169258118
3.85302083333333,-58.356761932373
3.85635416666667,-57.8091740608215
3.8596875,-57.2034120559692
3.86302083333333,-56.5313100814819
3.86635416666667,-55.7819008827209
3.8696875,-54.9406409263611
3.87302083333333,-53.9897084236145
3.87635416666667,-52.9087781906128
3.8796875,-51.6766905784607
3.88302083333333,-50.2738952636719
3.88635416666667,-48.6852526664734
3.8896875,-46.9031929969788
3.89302083333333,-44.9298024177551
3.89635416666667,-42.7786111831665
3.8996875,-40.4747128486633
3.90302083333333,-38.0532145500183
3.90635416666667,-35.5563759803772
3.9096875,-33.0289006233215
3.91302083333333,-30.5132269859314
3.91635416666667,-28.0449390411377
3.9196875,-25.6490707397461
3.92302083333333,-23.3390331268311
3.92635416666667,-21.1164951324463
3.9296875,-18.9740061759949
3.93302083333333,-16.8980956077576
3.93635416666667,-14.8738026618958
3.9396875,-12.8887891769409
3.94302083333333,-10.9366774559021
3.94635416666667,-9.01955366134644
3.9496875,-7.1483850479126
3.95302083333333,-5.34176826477051
3.95635416666667,-3.62366437911987
3.9596875,-2.02006101608276
3.96302083333333,-0.555872917175293
3.96635416666667,0.748395919799805
3.9696875,1.87885761260986
3.97302083333333,2.82955169677734
3.97635416666667,3.60310077667236
3.9796875,4.21011447906494
3.98302083333333,4.66829538345337
3.98635416666667,5.00082969665527
3.9896875,5.23471832275391
3.99302083333333,5.39916753768921
3.99635416666667,5.52380084991455
3.9996875,5.63758611679077
4.00302083333333,5.76764345169067
4.00635416666667,5.93835115432739
4.0096875,6.17045164108276
4.01302083333333,6.48045539855957
4.01635416666667,6.88004493713379
4.0196875,7.37529993057251
4.02302083333333,7.96645879745483
4.02635416666667,8.64744186401367
4.0296875,9.40608978271484
4.03302083333333,10.224461555481
4.03635416666667,11.0796689987183
4.0396875,11.9451880455017
4.04302083333333,12.7924084663391
4.04635416666667,13.5924816131592
4.0496875,14.3182277679443
4.05302083333333,14.9460434913635
4.05635416666667,15.4572129249573
4.0596875,15.8390998840332
4.06302083333333,16.0858035087585
4.06635416666667,16.1978602409363
4.0696875,16.1819458007813
4.07302083333333,16.049861907959
4.07635416666667,15.8172249794006
4.0796875,15.5022144317627
4.08302083333333,15.1242613792419
4.08635416666667,14.7027373313904
4.0896875,14.2562389373779
4.09302083333333,13.8015747070313
4.09635416666667,13.3536458015442
4.0996875,12.9249095916748
4.10302083333333,12.5256776809692
4.10635416666667,12.1636986732483
4.1096875,11.8446350097656
4.11302083333333,11.5721821784973
4.11635416666667,11.3480091094971
4.1196875,11.1719965934753
4.12302083333333,11.042594909668
4.12635416666667,10.956883430481
4.1296875,10.9108686447144
4.13302083333333,10.8996033668518
4.13635416666667,10.9177827835083
4.1396875,10.9597444534302
4.14302083333333,11.0199451446533
4.14635416666667,11.0930204391479
4.1496875,11.1743211746216
4.15302083333333,11.2594962120056
4.15635416666667,11.3451480865479
4.1596875,11.4284753799438
4.16302083333333,11.5072131156921
4.16635416666667,11.5798711776733
4.1696875,11.6452574729919
4.17302083333333,11.7026567459106
4.17635416666667,11.7515921592712
4.1796875,11.7917656898499
4.18302083333333,11.8228793144226
4.18635416666667,11.8448734283447
4.1896875,11.8577480316162
4.19302083333333,11.8615627288818
4.19635416666667,11.8563771247864
4.1996875,11.8425488471985
4.20302083333333,11.820375919342
4.20635416666667,11.79039478302
4.2096875,11.7533802986145
4.21302083333333,11.7100477218628
4.21635416666667,11.6613507270813
4.2196875,11.6084218025208
4.22302083333333,11.5523338317871
4.22635416666667,11.4942193031311
4.2296875,11.4352703094482
4.23302083333333,11.3766193389893
4.23635416666667,11.3192796707153
4.2396875,11.2643837928772
4.24302083333333,11.2127065658569
4.24635416666667,11.1650824546814
4.2496875,11.1221075057983
4.25302083333333,11.084258556366
4.25635416666667,11.0518336296082
4.2596875,11.0248327255249
4.26302083333333,11.0031962394714
4.26635416666667,10.9865665435791
4.2696875,10.9744071960449
4.27302083333333,10.9660625457764
4.27635416666667,10.9606385231018
4.2796875,10.9572410583496
4.28302083333333,10.9547972679138
4.28635416666667,10.9522938728333
4.2896875,10.9485983848572
4.29302083333333,10.942816734314
4.29635416666667,10.9339356422424
4.2996875,10.9212398529053
4.30302083333333,10.90407371521
4.30635416666667,10.8819603919983
4.3096875,10.8547806739807
4.31302083333333,10.8224153518677
4.31635416666667,10.7852220535278
4.3196875,10.7436776161194
4.32302083333333,10.6984376907349
4.32635416666667,10.6503963470459
4.3296875,10.6004476547241
4.33302083333333,10.5497241020203
4.33635416666667,10.4992389678955
4.3396875,10.450005531311
4.34302083333333,10.4029774665833
4.34635416666667,10.3588104248047
4.3496875,10.3182196617126
4.35302083333333,10.2815628051758
4.35635416666667,10.249137878418
4.3596875,10.2209448814392
4.36302083333333,10.1968050003052
4.36635416666667,10.176420211792
4.3696875,10.1593136787415
4.37302083333333,10.1447701454163
4.37635416666667,10.1320743560791
4.3796875,10.1203322410583
4.38302083333333,10.1086497306824
4.38635416666667,10.0961327552795
4.3896875,10.0818276405334
4.39302083333333,10.064959526062
4.39635416666667,10.0448727607727
4.3996875,10.0210309028625
4.40302083333333,9.99325513839722
4.40635416666667,9.96130704879761
4.4096875,9.9254846572876
4.41302083333333,9.88602638244629
4.41635416666667,9.84352827072144
4.4196875,9.79852676391602
4.42302083333333,9.75191593170166
4.42635416666667,9.70441102981567
4.4296875,9.65684652328491
4.43302083333333,9.60999727249146
4.43635416666667,9.56469774246216
4.4396875,9.52142477035522
4.44302083333333,9.48077440261841
4.44635416666667,9.44310426712036
4.4496875,9.40871238708496
4.45302083333333,9.37759876251221
4.45635416666667,9.34958457946777
4.4596875,9.32449102401733
4.46302083333333,9.30172204971313
4.46635416666667,9.2807412147522
4.4696875,9.26071405410767
4.47302083333333,9.24092531204224
4.47635416666667,9.22048091888428
4.4796875,9.19860601425171
4.48302083333333,9.17458534240723
4.48635416666667,9.14788246154785
4.4896875,9.11808013916016
4.49302083333333,9.08493995666504
4.49635416666667,9.0484619140625
4.4996875,9.00894403457642
4.50302083333333,8.96656513214111
4.50635416666667,8.92192125320435
4.5096875,8.87554883956909
4.51302083333333,8.82816314697266
4.51635416666667,8.78041982650757
4.5196875,8.73297452926636
4.52302083333333,8.68654251098633
4.52635416666667,8.64160060882568
4.5296875,8.59874486923218
4.53302083333333,8.55827331542969
4.53635416666667,8.52054357528687
4.5396875,8.48567485809326
4.54302083333333,8.4536075592041
4.54635416666667,8.42428207397461
4.5496875,8.39734077453613
4.55302083333333,8.37230682373047
4.55635416666667,8.34852457046509
4.5596875,8.32551717758179
4.56302083333333,8.30239057540894
4.56635416666667,8.27854871749878
4.5696875,8.25327634811401
4.57302083333333,8.22609663009644
4.57635416666667,8.19653272628784
4.5796875,8.16440582275391
4.58302083333333,8.12965631484985
4.58635416666667,8.09234380722046
4.5896875,8.05288553237915
4.59302083333333,8.0115795135498
4.59635416666667,7.9689621925354
4.5996875,7.92574882507324
4.60302083333333,7.88253545761108
4.60635416666667,7.83997774124146
4.6096875,7.79873132705688
4.61302083333333,7.75939226150513
4.61635416666667,7.72255659103394
4.6196875,7.68858194351196
4.62302083333333,7.65776634216309
4.62635416666667,7.63040781021118
4.6296875,7.60644674301147
4.63302083333333,7.58576393127441
4.63635416666667,7.56806135177612
4.6396875,7.55292177200317
4.64302083333333,7.53980875015259
4.64635416666667,7.52800703048706
4.6496875,7.51692056655884
4.65302083333333,7.50577449798584
4.65635416666667,7.49403238296509
4.6596875,7.48097896575928
4.66302083333333,7.46637582778931
4.66635416666667,7.44986534118652
4.6696875,7.43138790130615
4.67302083333333,7.41100311279297
4.67635416666667,7.38900899887085
4.6796875,7.36570358276367
4.68302083333333,7.34162330627441
4.68635416666667,7.31730461120605
4.6896875,7.2934627532959
4.69302083333333,7.27075338363647
4.69635416666667,7.24983215332031
4.6996875,7.23141431808472
4.70302083333333,7.21615552902222
4.70635416666667,7.20465183258057
4.7096875,7.19720125198364
4.71302083333333,7.19428062438965
4.71635416666667,7.19588994979858
4.7196875,7.20202922821045
4.72302083333333,7.21234083175659
4.72635416666667,7.22640752792358
4.7296875,7.24351406097412
4.73302083333333,7.26282596588135
4.73635416666667,7.28350877761841
4.7396875,7.30443000793457
4.74302083333333,7.3246955871582
4.74635416666667,7.3433518409729
4.7496875,7.35950469970703
4.75302083333333,7.37237930297852
4.75635416666667,7.3813796043396
4.7596875,7.38608837127686
4.76302083333333,7.38620758056641
4.76635416666667,7.38149881362915
4.7696875,7.37208127975464
4.77302083333333,7.35807418823242
4.77635416666667,7.33977556228638
4.7796875,7.31772184371948
4.78302083333333,7.29233026504517
4.78635416666667,7.26425647735596
4.7896875,7.23421573638916
4.79302083333333,7.20274448394775
4.79635416666667,7.17055797576904
4.7996875,7.13801383972168
4.80302083333333,7.10558891296387
4.80635416666667,7.07352161407471
4.8096875,7.04199075698853
4.81302083333333,7.01099634170532
4.81635416666667,6.98041915893555
4.8196875,6.95008039474487
4.82302083333333,6.9197416305542
4.82635416666667,6.8892240524292
4.8296875,6.85817003250122
4.83302083333333,6.82646036148071
4.83635416666667,6.79391622543335
4.8396875,6.76041841506958
4.84302083333333,6.72608613967896
4.84635416666667,6.69091939926147
4.8496875,6.65515661239624
4.85302083333333,6.61921501159668
4.85635416666667,6.583571434021
4.8596875,6.54864311218262
4.86302083333333,6.51532411575317
4.86635416666667,6.48432970046997
4.8696875,6.45655393600464
4.87302083333333,6.43289089202881
4.87635416666667,6.41435384750366
4.8796875,6.40177726745605
4.88302083333333,6.39593601226807
4.88635416666667,6.39772415161133
4.8896875,6.40761852264404
4.89302083333333,6.42615556716919
4.89635416666667,6.45363330841064
4.8996875,6.49017095565796
4.90302083333333,6.53576850891113
4.90635416666667,6.59048557281494
4.9096875,6.65402412414551
4.91302083333333,6.72620534896851
4.91635416666667,6.80679082870483
4.9196875,6.89530372619629
4.92302083333333,6.99156522750854
4.92635416666667,7.0950984954834
4.9296875,7.2055459022522
4.93302083333333,7.32254981994629
4.93635416666667,7.44575262069702
4.9396875,7.57485628128052
4.94302083333333,7.70944356918335
4.94635416666667,7.84921646118164
4.9496875,7.99399614334106
4.95302083333333,8.14336538314819
4.95635416666667,8.29702615737915
4.9596875,8.45462083816528
4.96302083333333,8.61573219299316
4.96635416666667,8.77970457077026
4.9696875,8.94594192504883
4.97302083333333,9.113609790802
4.97635416666667,9.28193330764771
4.9796875,9.44983959197998
4.98302083333333,9.61625576019287
4.98635416666667,9.78010892868042
4.9896875,9.94026660919189
4.99302083333333,10.0957751274109
4.99635416666667,10.2455019950867
4.9996875,10.3886127471924
5.00302083333333,10.5242729187012
5.00635416666667,10.6518268585205
5.0096875,10.7707381248474
5.01302083333333,10.8806490898132
5.01635416666667,10.9813809394836
5.0196875,11.0729336738586
5.02302083333333,11.155366897583
5.02635416666667,11.2290382385254
5.0296875,11.2943053245544
5.03302083333333,11.3515853881836
5.03635416666667,11.4014148712158
5.0396875,11.4443302154541
5.04302083333333,11.4806890487671
5.04635416666667,11.510968208313
5.0496875,11.5353465080261
5.05302083333333,11.5540027618408
5.05635416666667,11.5670561790466
5.0596875,11.5743279457092
5.06302083333333,11.5757584571838
5.06635416666667,11.5711688995361
5.0696875,11.5604400634766
5.07302083333333,11.5433931350708
5.07635416666667,11.5199089050293
5.0796875,11.4899873733521
5.08302083333333,11.4536881446838
5.08635416666667,11.4110112190247
5.0896875,11.3623142242432
5.09302083333333,11.3078355789185
5.09635416666667,11.2481117248535
5.0996875,11.1836791038513
5.10302083333333,11.1151337623596
5.10635416666667,11.0432505607605
5.1096875,10.9687447547913
5.11302083333333,10.8925700187683
5.11635416666667,10.8153820037842
5.1196875,10.7379555702209
5.12302083333333,10.6610059738159
5.12635416666667,10.5850100517273
5.1296875,10.5103850364685
5.13302083333333,10.4373693466187
5.13635416666667,10.3660821914673
5.1396875,10.2964639663696
5.14302083333333,10.2283358573914
5.14635416666667,10.1615190505981
5.1496875,10.0955963134766
5.15302083333333,10.0302696228027
5.15635416666667,9.96512174606323
5.1596875,9.89973545074463
5.16302083333333,9.83363389968872
5.16635416666667,9.76657867431641
5.1696875,9.69827175140381
5.17302083333333,9.62841510772705
5.17635416666667,9.55688953399658
5.1796875,9.4836950302124
5.18302083333333,9.40883159637451
5.18635416666667,9.33247804641724
5.1896875,9.25475358963013
5.19302083333333,9.17589664459229
5.19635416666667,9.09620523452759
5.1996875,9.01573896408081
5.20302083333333,8.93479585647583
5.20635416666667,8.85337591171265
5.2096875,8.77159833908081
5.21302083333333,8.68934392929077
5.21635416666667,8.60661268234253
5.2196875,8.52316617965698
5.22302083333333,8.43894481658936
5.22635416666667,8.35388898849487
5.2296875,8.26781988143921
5.23302083333333,8.18067789077759
5.23635416666667,8.09246301651001
5.2396875,8.00323486328125
5.24302083333333,7.91305303573608
5.24635416666667,7.82203674316406
5.2496875,7.73036479949951
5.25302083333333,7.63833522796631
5.25635416666667,7.54612684249878
5.2596875,7.45415687561035
5.26302083333333,7.36284255981445
5.26635416666667,7.27254152297974
5.2696875,7.1837306022644
5.27302083333333,7.09700584411621
5.27635416666667,7.01272487640381
5.2796875,6.93148374557495
5.28302083333333,6.85358047485352
5.28635416666667,6.77937269210815
5.2896875,6.70903921127319
5.29302083333333,6.64269924163818
5.29635416666667,6.58035278320313
5.2996875,6.52188062667847
5.30302083333333,6.46704435348511
5.30635416666667,6.41554594039917
5.3096875,6.36708736419678
5.31302083333333,6.3212513923645
5.31635416666667,6.27774000167847
5.3196875,6.23613595962524
5.32302083333333,6.19608163833618
5.32635416666667,6.15733861923218
5.3296875,6.11966848373413
5.33302083333333,6.08277320861816
5.33635416666667,6.0465931892395
5.3396875,6.01100921630859
5.34302083333333,5.97602128982544
5.34635416666667,5.94162940979004
5.3496875,5.90789318084717
5.35302083333333,5.87499141693115
5.35635416666667,5.84298372268677
5.3596875,5.81204891204834
5.36302083333333,5.78224658966064
5.36635416666667,5.75375556945801
5.3696875,5.72651624679565
5.37302083333333,5.70058822631836
5.37635416666667,5.67585229873657
5.3796875,5.65218925476074
5.38302083333333,5.62936067581177
5.38635416666667,5.6072473526001
5.3896875,5.58555126190186
5.39302083333333,5.56403398513794
5.39635416666667,5.54239749908447
5.3996875,5.5205225944519
5.40302083333333,5.49805164337158
5.40635416666667,5.47498464584351
5.4096875,5.45114278793335
5.41302083333333,5.42652606964111
5.41635416666667,5.4011344909668
5.4196875,5.37502765655518
5.42302083333333,5.34844398498535
5.42635416666667,5.32156229019165
5.4296875,5.29468059539795
5.43302083333333,5.26803731918335
5.43635416666667,5.2419900894165
5.4396875,5.21683692932129
5.44302083333333,5.19281625747681
5.44635416666667,5.17016649246216
5.4496875,5.14912605285645
5.45302083333333,5.12981414794922
5.45635416666667,5.1124095916748
5.4596875,5.09685277938843
5.46302083333333,5.08314371109009
5.46635416666667,5.07122278213501
5.4696875,5.06091117858887
5.47302083333333,5.05203008651733
5.47635416666667,5.04428148269653
5.4796875,5.03748655319214
5.48302083333333,5.0312876701355
5.48635416666667,5.02544641494751
5.4896875,5.0196647644043
5.49302083333333,5.01376390457153
5.49635416666667,5.00750541687012
5.4996875,5.00082969665527
5.50302083333333,4.99361753463745
5.50635416666667,4.9859881401062
5.5096875,4.9780011177063
5.51302083333333,4.96965646743774
5.51635416666667,4.96125221252441
5.5196875,4.95290756225586
5.52302083333333,4.94486093521118
5.52635416666667,4.93729114532471
5.5296875,4.93037700653076
5.53302083333333,4.9242377281189
5.53635416666667,4.91899251937866
5.5396875,4.91476058959961
5.54302083333333,4.91142272949219
5.54635416666667,4.90891933441162
5.5496875,4.90719079971313
5.55302083333333,4.90593910217285
5.55635416666667,4.90498542785645
5.5596875,4.90397214889526
5.56302083333333,4.90260124206543
5.56635416666667,4.90057468414307
5.5696875,4.8975944519043
5.57302083333333,4.89342212677002
5.57635416666667,4.88775968551636
5.5796875,4.88042831420898
5.58302083333333,4.87124919891357
5.58635416666667,4.86010313034058
5.5896875,4.84693050384521
5.59302083333333,4.83155250549316
5.59635416666667,4.8140287399292
5.5996875,4.79435920715332
5.60302083333333,4.77248430252075
5.60635416666667,4.74858283996582
5.6096875,4.72277402877808
5.61302083333333,4.69505786895752
5.61635416666667,4.66573238372803
5.6196875,4.63491678237915
5.62302083333333,4.60273027420044
5.62635416666667,4.56947088241577
5.6296875,4.53513860702515
5.63302083333333,4.49997186660767
5.63635416666667,4.46408987045288
5.6396875,4.42773103713989
5.64302083333333,4.39107418060303
5.64635416666667,4.35423851013184
5.6496875,4.3175220489502
5.65302083333333,4.28104400634766
5.65635416666667,4.24516201019287
5.6596875,4.21011447906494
5.66302083333333,4.17613983154297
5.66635416666667,4.1433572769165
5.6696875,4.11206483840942
5.67302083333333,4.08238172531128
5.67635416666667,4.05436754226685
5.6796875,4.02826070785522
5.68302083333333,4.00400161743164
5.68635416666667,3.98164987564087
5.6896875,3.96126508712769
5.69302083333333,3.94272804260254
5.69635416666667,3.92597913742065
5.6996875,3.91083955764771
5.70302083333333,3.89724969863892
5.70635416666667,3.88491153717041
5.7096875,3.87370586395264
5.71302083333333,3.86333465576172
5.71635416666667,3.85355949401855
5.7196875,3.84414196014404
5.72302083333333,3.83484363555908
5.72635416666667,3.82542610168457
5.7296875,3.81577014923096
5.73302083333333,3.80575656890869
5.73635416666667,3.79520654678345
5.7396875,3.78406047821045
5.74302083333333,3.77243757247925
5.74635416666667,3.76027822494507
5.7496875,3.74764204025269
5.75302083333333,3.73464822769165
5.75635416666667,3.72135639190674
5.7596875,3.70782613754272
5.76302083333333,3.69405746459961
5.76635416666667,3.68016958236694
5.7696875,3.66616249084473
5.77302083333333,3.65197658538818
5.77635416666667,3.63767147064209
5.7796875,3.62318754196167
5.78302083333333,3.6085844039917
5.78635416666667,3.59374284744263
5.7896875,3.578782081604
5.79302083333333,3.56364250183105
5.79635416666667,3.54850292205811
5.7996875,3.53330373764038
5.80302083333333,3.51828336715698
5.80635416666667,3.50338220596313
5.8096875,3.48883867263794
5.81302083333333,3.47477197647095
5.81635416666667,3.46136093139648
5.8196875,3.4487247467041
5.82302083333333,3.43698263168335
5.82635416666667,3.42631340026855
5.8296875,3.41683626174927
5.83302083333333,3.40867042541504
5.83635416666667,3.40193510055542
5.8396875,3.39663028717041
5.84302083333333,3.39281558990479
5.84635416666667,3.39049100875854
5.8496875,3.38965654373169
5.85302083333333,3.39013338088989
5.85635416666667,3.39198112487793
5.8596875,3.39490175247192
5.86302083333333,3.39877605438232
5.86635416666667,3.4034252166748
5.8696875,3.40867042541504
5.87302083333333,3.41427326202393
5.87635416666667,3.42011451721191
5.8796875,3.42601537704468
5.88302083333333,3.43185663223267
5.88635416666667,3.4375786781311
5.8896875,3.44312191009521
5.89302083333333,3.44842672348022
5.89635416666667,3.45355272293091
5.8996875,3.45849990844727
5.90302083333333,3.46332788467407
5.90635416666667,3.46803665161133
5.9096875,3.47268581390381
5.91302083333333,3.47727537155151
5.91635416666667,3.48192453384399
5.9196875,3.48657369613647
5.92302083333333,3.49122285842896
5.92635416666667,3.49593162536621
5.9296875,3.50064039230347
5.93302083333333,3.5054087638855
5.93635416666667,3.51017713546753
5.9396875,3.51488590240479
5.94302083333333,3.51953506469727
5.94635416666667,3.52412462234497
5.9496875,3.52853536605835
5.95302083333333,3.53270769119263
5.95635416666667,3.5366415977478
5.9596875,3.5402774810791
5.96302083333333,3.54355573654175
5.96635416666667,3.54647636413574
5.9696875,3.54909896850586
5.97302083333333,3.5514235496521
5.97635416666667,3.55356931686401
5.9796875,3.5555362701416
5.98302083333333,3.55744361877441
5.98635416666667,3.55935096740723
5.9896875,3.56137752532959
5.99302083333333,3.56346368789673
5.99635416666667,3.56572866439819
5.9996875,3.56817245483398
6.00302083333333,3.5707950592041
6.00635416666667,3.57353687286377
6.0096875,3.57639789581299
6.01302083333333,3.57931852340698
6.01635416666667,3.58229875564575
6.0196875,3.58527898788452
6.02302083333333,3.58819961547852
6.02635416666667,3.59106063842773
6.0296875,3.5938024520874
6.03302083333333,3.59648466110229
6.03635416666667,3.59898805618286
6.0396875,3.6013126373291
6.04302083333333,3.60357761383057
6.04635416666667,3.60566377639771
6.0496875,3.60763072967529
6.05302083333333,3.60953807830811
6.05635416666667,3.61138582229614
6.0596875,3.6131739616394
6.06302083333333,3.61502170562744
6.06635416666667,3.61686944961548
6.0696875,3.61883640289307
6.07302083333333,3.62086296081543
6.07635416666667,3.62306833267212
6.0796875,3.62539291381836
6.08302083333333,3.62783670425415
6.08635416666667,3.63039970397949
6.0896875,3.63308191299438
6.09302083333333,3.63582372665405
6.09635416666667,3.63850593566895
6.0996875,3.64112854003906
6.10302083333333,3.64363193511963
6.10635416666667,3.64589691162109
6.1096875,3.64792346954346
6.11302083333333,3.64971160888672
6.11635416666667,3.6512017250061
6.1196875,3.65239381790161
6.12302083333333,3.65340709686279
6.12635416666667,3.65418195724487
6.1296875,3.6548376083374
6.13302083333333,3.65537405014038
6.13635416666667,3.65585088729858
6.1396875,3.65626811981201
6.14302083333333,3.65674495697021
6.14635416666667,3.65716218948364
6.1496875,3.65757942199707
6.15302083333333,3.65793704986572
6.15635416666667,3.65829467773438
6.1596875,3.65859270095825
6.16302083333333,3.6587119102478
6.16635416666667,3.6587119102478
6.1696875,3.65853309631348
6.17302083333333,3.65805625915527
6.17635416666667,3.65734100341797
6.1796875,3.65626811981201
6.18302083333333,3.6548376083374
6.18635416666667,3.65310907363892
6.1896875,3.65102291107178
6.19302083333333,3.64863872528076
6.19635416666667,3.64595651626587
6.1996875,3.6429762840271
6.20302083333333,3.63975763320923
6.20635416666667,3.63636016845703
6.2096875,3.63278388977051
6.21302083333333,3.62908840179443
6.21635416666667,3.62515449523926
6.2196875,3.62110137939453
6.22302083333333,3.61692905426025
6.22635416666667,3.61257791519165
6.2296875,3.60798835754395
6.23302083333333,3.60316038131714
6.23635416666667,3.59809398651123
6.2396875,3.59278917312622
6.24302083333333,3.58718633651733
6.24635416666667,3.58128547668457
6.2496875,3.57502698898315
6.25302083333333,3.56853008270264
6.25635416666667,3.56173515319824
6.2596875,3.55464220046997
6.26302083333333,3.5473108291626
6.26635416666667,3.53974103927612
6.2696875,3.53187322616577
6.27302083333333,3.52376699447632
6.27635416666667,3.51524353027344
6.2796875,3.5063624382019
6.28302083333333,3.49682569503784
6.28635416666667,3.48663330078125
6.2896875,3.47548723220825
6.29302083333333,3.4632682800293
6.29635416666667,3.44973802566528
6.2996875,3.43477725982666
6.30302083333333,3.41826677322388
6.30635416666667,3.40002775192261
6.3096875,3.3801794052124
6.31302083333333,3.35866212844849
6.31635416666667,3.33565473556519
6.3196875,3.31145524978638
6.32302083333333,3.28636169433594
6.32635416666667,3.26073169708252
6.3296875,3.23492288589478
6.33302083333333,3.20947170257568
6.33635416666667,3.18479537963867
6.3396875,3.16131114959717
6.34302083333333,3.1394362449646
6.34635416666667,3.11940908432007
6.3496875,3.1014084815979
6.35302083333333,3.08561325073242
6.35635416666667,3.07208299636841
6.3596875,3.06075811386108
6.36302083333333,3.0515193939209
6.36635416666667,3.04430723190308
6.3696875,3.03888320922852
6.37302083333333,3.03506851196289
6.37635416666667,3.03268432617188
6.3796875,3.03155183792114
6.38302083333333,3.03137302398682
6.38635416666667,3.03196907043457
6.3896875,3.0331015586853
6.39302083333333,3.03465127944946
6.39635416666667,3.03632020950317
6.3996875,3.03798913955688
6.40302083333333,3.03947925567627
6.40635416666667,3.040611743927
6.4096875,3.04132699966431
6.41302083333333,3.04150581359863
6.41635416666667,3.04108858108521
6.4196875,3.04001569747925
6.42302083333333,3.03822755813599
6.42635416666667,3.0357837677002
6.4296875,3.03268432617188
6.43302083333333,3.02892923355103
6.43635416666667,3.02451848983765
6.4396875,3.01951169967651
6.44302083333333,3.01390886306763
6.44635416666667,3.00776958465576
6.4496875,3.00121307373047
6.45302083333333,2.99429893493652
6.45635416666667,2.98720598220825
6.4596875,2.97993421554565
6.46302083333333,2.97272205352783
6.46635416666667,2.96568870544434
6.4696875,2.95895338058472
6.47302083333333,2.95281410217285
6.47635416666667,2.94721126556396
6.4796875,2.94244289398193
6.48302083333333,2.93844938278198
6.48635416666667,2.93546915054321
6.4896875,2.93350219726563
6.49302083333333,2.93254852294922
6.49635416666667,2.93278694152832
6.4996875,2.93409824371338
6.50302083333333,2.93648242950439
6.50635416666667,2.93999910354614
6.5096875,2.9444694519043
6.51302083333333,2.94977426528931
6.51635416666667,2.9558539390564
6.5196875,2.96247005462646
6.52302083333333,2.96950340270996
6.52635416666667,2.97677516937256
6.5296875,2.98410654067993
6.53302083333333,2.99137830734253
6.53635416666667,2.99853086471558
6.5396875,3.00544500350952
6.54302083333333,3.01212072372437
6.54635416666667,3.01855802536011
6.5496875,3.02475690841675
6.55302083333333,3.03077697753906
6.55635416666667,3.03667783737183
6.5596875,3.04245948791504
6.56302083333333,3.0481219291687
6.56635416666667,3.05378437042236
6.5696875,3.05944681167603
6.57302083333333,3.06504964828491
6.57635416666667,3.07059288024902
6.5796875,3.07613611221313
6.58302083333333,3.08150053024292
6.58635416666667,3.08668613433838
6.5896875,3.09163331985474
6.59302083333333,3.09622287750244
6.59635416666667,3.10045480728149
6.5996875,3.10415029525757
6.60302083333333,3.10736894607544
6.60635416666667,3.10999155044556
6.6096875,3.11201810836792
6.61302083333333,3.11344861984253
6.61635416666667,3.11428308486938
6.6196875,3.11464071273804
6.62302083333333,3.11440229415894
6.62635416666667,3.11374664306641
6.6296875,3.11267375946045
6.63302083333333,3.11118364334106
6.63635416666667,3.10933589935303
6.6396875,3.10713052749634
6.64302083333333,3.104567527771
6.64635416666667,3.101646900177
6.6496875,3.09836864471436
6.65302083333333,3.09485197067261
6.65635416666667,3.09097766876221
6.6596875,3.08686494827271
6.66302083333333,3.0825138092041
6.66635416666667,3.07804346084595
6.6696875,3.07357311248779
6.67302083333333,3.06910276412964
6.67635416666667,3.06481122970581
6.6796875,3.06075811386108
6.68302083333333,3.05700302124023
6.68635416666667,3.05372476577759
6.6896875,3.05086374282837
6.69302083333333,3.0485987663269
6.69635416666667,3.04675102233887
6.6996875,3.04549932479858
6.70302083333333,3.0447244644165
6.70635416666667,3.04442644119263
6.7096875,3.04454565048218
6.71302083333333,3.04514169692993
6.71635416666667,3.04621458053589
6.7196875,3.0476450920105
6.72302083333333,3.04949283599854
6.72635416666667,3.05181741714478
6.7296875,3.05444002151489
6.73302083333333,3.05753946304321
6.73635416666667,3.06099653244019
6.7396875,3.06487083435059
6.74302083333333,3.06910276412964
6.74635416666667,3.07375192642212
6.7496875,3.07881832122803
6.75302083333333,3.08442115783691
6.75635416666667,3.09056043624878
6.7596875,3.0972957611084
6.76302083333333,3.10468673706055
6.76635416666667,3.11273336410522
6.7696875,3.12149524688721
6.77302083333333,3.13097238540649
6.77635416666667,3.14098596572876
6.7796875,3.151535987854
6.78302083333333,3.16238403320313
6.78635416666667,3.17347049713135
6.7896875,3.18455696105957
6.79302083333333,3.19546461105347
6.79635416666667,3.20595502853394
6.7996875,3.21578979492188
6.80302083333333,3.22479009628296
6.80635416666667,3.23283672332764
6.8096875,3.23963165283203
6.81302083333333,3.24511528015137
6.81635416666667,3.24910879135132
6.8196875,3.25143337249756
6.82302083333333,3.25202941894531
6.82635416666667,3.25089693069458
6.8296875,3.24785709381104
6.83302083333333,3.24296951293945
6.83635416666667,3.23629379272461
6.8396875,3.22777032852173
6.84302083333333,3.21763753890991
6.84635416666667,3.20589542388916
6.8496875,3.1927227973938
6.85302083333333,3.17841768264771
6.85635416666667,3.16303968429565
6.8596875,3.1469464302063
6.86302083333333,3.13031673431396
6.86635416666667,3.11344861984253
6.8696875,3.09664011001587
6.87302083333333,3.08007001876831
6.87635416666667,3.06403636932373
6.8796875,3.04883718490601
6.88302083333333,3.03477048873901
6.88635416666667,3.0219554901123
6.8896875,3.01069021224976
6.89302083333333,3.00109386444092
6.89635416666667,2.99340486526489
6.8996875,2.98762321472168
6.90302083333333,2.98374891281128
6.90635416666667,2.98190116882324
6.9096875,2.98190116882324
6.91302083333333,2.98362970352173
6.91635416666667,2.98696756362915
6.9196875,2.99173593521118
6.92302083333333,2.99769639968872
6.92635416666667,3.00461053848267
6.9296875,3.01229953765869
6.93302083333333,3.02064418792725
6.93635416666667,3.02934646606445
6.9396875,3.03834676742554
6.94302083333333,3.04752588272095
6.94635416666667,3.05670499801636
6.9496875,3.06588411331177
6.95302083333333,3.0750036239624
6.95635416666667,3.08400392532349
6.9596875,3.09282541275024
6.96302083333333,3.10146808624268
6.96635416666667,3.10999155044556
6.9696875,3.11827659606934
6.97302083333333,3.12632322311401
6.97635416666667,3.13413143157959
6.9796875,3.14164161682129
6.98302083333333,3.14879417419434
6.98635416666667,3.15558910369873
6.9896875,3.1619668006897
6.99302083333333,3.16792726516724
6.99635416666667,3.17329168319702
6.9996875,3.1781792640686
7.00302083333333,3.18253040313721
7.00635416666667,3.18628549575806
7.0096875,3.18944454193115
7.01302083333333,3.19200754165649
7.01635416666667,3.19403409957886
7.0196875,3.19540500640869
7.02302083333333,3.19623947143555
7.02635416666667,3.19647789001465
7.0296875,3.19606065750122
7.03302083333333,3.19510698318481
7.03635416666667,3.1934380531311
7.0396875,3.19117307662964
7.04302083333333,3.18825244903564
7.04635416666667,3.18461656570435
7.0496875,3.18032503128052
7.05302083333333,3.17531824111938
7.05635416666667,3.16977500915527
7.0596875,3.16363573074341
7.06302083333333,3.15701961517334
7.06635416666667,3.15004587173462
7.0696875,3.14289331436157
7.07302083333333,3.13568115234375
7.07635416666667,3.12858819961548
7.0796875,3.12167406082153
7.08302083333333,3.11505794525146
7.08635416666667,3.10897827148438
7.0896875,3.10337543487549
7.09302083333333,3.09836864471436
7.09635416666667,3.09401750564575
7.0996875,3.09020280838013
7.10302083333333,3.08704376220703
7.10635416666667,3.08442115783691
7.1096875,3.08233499526978
7.11302083333333,3.08078527450562
7.11635416666667,3.07965278625488
7.1196875,3.0788779258728
7.12302083333333,3.07852029800415
7.12635416666667,3.07846069335938
7.1296875,3.0786395072937
7.13302083333333,3.07905673980713
7.13635416666667,3.07971239089966
7.1396875,3.08054685592651
7.14302083333333,3.08144092559814
7.14635416666667,3.0825138092041
7.1496875,3.08364629745483
7.15302083333333,3.08483839035034
7.15635416666667,3.08603048324585
7.1596875,3.08710336685181
7.16302083333333,3.08811664581299
7.16635416666667,3.08889150619507
7.1696875,3.08942794799805
7.17302083333333,3.08960676193237
7.17635416666667,3.0893087387085
7.1796875,3.08859348297119
7.18302083333333,3.08728218078613
7.18635416666667,3.08549404144287
7.1896875,3.08310985565186
7.19302083333333,3.08012962341309
7.19635416666667,3.07661294937134
7.1996875,3.07250022888184
7.20302083333333,3.06785106658936
7.20635416666667,3.06248664855957
7.2096875,3.05646657943726
7.21302083333333,3.04967164993286
7.21635416666667,3.04204225540161
7.2196875,3.03357839584351
7.22302083333333,3.02428007125854
7.22635416666667,3.01402807235718
7.2296875,3.00288200378418
7.23302083333333,2.99090147018433
7.23635416666667,2.97814607620239
7.2396875,2.96473503112793
7.24302083333333,2.95084714889526
7.24635416666667,2.93654203414917
7.2496875,2.92205810546875
7.25302083333333,2.90757417678833
7.25635416666667,2.89314985275269
7.2596875,2.87896394729614
7.26302083333333,2.8652548789978
7.26635416666667,2.85208225250244
7.2696875,2.83962488174438
7.27302083333333,2.82806158065796
7.27635416666667,2.81739234924316
7.2796875,2.8078556060791
7.28302083333333,2.79951095581055
7.28635416666667,2.79253721237183
7.2896875,2.78693437576294
7.29302083333333,2.78276205062866
7.29635416666667,2.78013944625854
7.2996875,2.77894735336304
7.30302083333333,2.77918577194214
7.30635416666667,2.78079509735107
7.3096875,2.78365612030029
7.31302083333333,2.78759002685547
7.31635416666667,2.7925968170166
7.3196875,2.79843807220459
7.32302083333333,2.80505418777466
7.32635416666667,2.81232595443726
7.3296875,2.82013416290283
7.33302083333333,2.82847881317139
7.33635416666667,2.83724069595337
7.3396875,2.84630060195923
7.34302083333333,2.85559892654419
7.34635416666667,2.86507606506348
7.3496875,2.87461280822754
7.35302083333333,2.88408994674683
7.35635416666667,2.89344787597656
7.3596875,2.90250778198242
7.36302083333333,2.9112696647644
7.36635416666667,2.91961431503296
7.3696875,2.92754173278809
7.37302083333333,2.93505191802979
7.37635416666667,2.94214487075806
7.3796875,2.9488205909729
7.38302083333333,2.95519828796387
7.38635416666667,2.96127796173096
7.3896875,2.96711921691895
7.39302083333333,2.97284126281738
7.39635416666667,2.97838449478149
7.3996875,2.98392772674561
7.40302083333333,2.98935174942017
7.40635416666667,2.99477577209473
7.4096875,3.00014019012451
7.41302083333333,3.00538539886475
7.41635416666667,3.01051139831543
7.4196875,3.01557779312134
7.42302083333333,3.02046537399292
7.42635416666667,3.02523374557495
7.4296875,3.02988290786743
7.43302083333333,3.03441286087036
7.43635416666667,3.03876399993896
7.4396875,3.04299592971802
7.44302083333333,3.04716825485229
7.44635416666667,3.05122137069702
7.4496875,3.05521488189697
7.45302083333333,3.05896997451782
7.45635416666667,3.0626654624939
7.4596875,3.06612253189087
7.46302083333333,3.06940078735352
7.46635416666667,3.07250022888184
7.4696875,3.07530164718628
7.47302083333333,3.07780504226685
7.47635416666667,3.08001041412354
7.4796875,3.08191776275635
7.48302083333333,3.08346748352051
7.48635416666667,3.08471918106079
7.4896875,3.08555364608765
7.49302083333333,3.08609008789063
7.49635416666667,3.08620929718018
7.4996875,3.08597087860107
7.50302083333333,3.08537483215332
7.50635416666667,3.08442115783691
7.5096875,3.08310985565186
7.51302083333333,3.08144092559814
7.51635416666667,3.07947397232056
7.5196875,3.07714939117432
7.52302083333333,3.07440757751465
7.52635416666667,3.0713677406311
7.5296875,3.06785106658936
7.53302083333333,3.06403636932373
7.53635416666667,3.0597448348999
7.5396875,3.05509567260742
7.54302083333333,3.05008888244629
7.54635416666667,3.0447244644165
7.5496875,3.03906202316284
7.55302083333333,3.03316116333008
7.55635416666667,3.02708148956299
7.5596875,3.02094221115112
7.56302083333333,3.01480293273926
7.56635416666667,3.00884246826172
7.5696875,3.00294160842896
7.57302083333333,2.99733877182007
7.57635416666667,2.99197435379028
7.5796875,2.98690795898438
7.58302083333333,2.98219919204712
7.58635416666667,2.97778844833374
7.5896875,2.97367572784424
7.59302083333333,2.96992063522339
7.59635416666667,2.96646356582642
7.5996875,2.9633641242981
7.60302083333333,2.96062231063843
7.60635416666667,2.95817852020264
7.6096875,2.9560923576355
7.61302083333333,2.95436382293701
7.61635416666667,2.9529333114624
7.6196875,2.95180082321167
7.62302083333333,2.95096635818481
7.62635416666667,2.95048952102661
7.6296875,2.95019149780273
7.63302083333333,2.95019149780273
7.63635416666667,2.95042991638184
7.6396875,2.95090675354004
7.64302083333333,2.95156240463257
7.64635416666667,2.95233726501465
7.6496875,2.95335054397583
7.65302083333333,2.95442342758179
7.65635416666667,2.95561552047729
7.6596875,2.95686721801758
7.66302083333333,2.95817852020264
7.66635416666667,2.9594898223877
7.6696875,2.96080112457275
7.67302083333333,2.96205282211304
7.67635416666667,2.96330451965332
7.6796875,2.96449661254883
7.68302083333333,2.96556949615479
7.68635416666667,2.96658277511597
7.6896875,2.9674768447876
7.69302083333333,2.96825170516968
7.69635416666667,2.96878814697266
7.6996875,2.96914577484131
7.70302083333333,2.96920537948608
7.70635416666667,2.96908617019653
7.7096875,2.96854972839355
7.71302083333333,2.96777486801147
7.71635416666667,2.96658277511597
7.7196875,2.96509265899658
7.72302083333333,2.96324491500854
7.72635416666667,2.96109914779663
7.7296875,2.95865535736084
7.73302083333333,2.95603275299072
7.73635416666667,2.95323133468628
7.7396875,2.95031070709229
7.74302083333333,2.94727087020874
7.74635416666667,2.9442310333252
7.7496875,2.94125080108643
7.75302083333333,2.93838977813721
7.75635416666667,2.93576717376709
7.7596875,2.93338298797607
7.76302083333333,2.93129682540894
7.76635416666667,2.92962789535522
7.7696875,2.92843580245972
7.77302083333333,2.92778015136719
7.77635416666667,2.92766094207764
7.7796875,2.92813777923584
7.78302083333333,2.9292106628418
7.78635416666667,2.93087959289551
7.7896875,2.93320417404175
7.79302083333333,2.93612480163574
7.79635416666667,2.93958187103271
7.7996875,2.94363498687744
7.80302083333333,2.94822454452515
7.80635416666667,2.95335054397583
7.8096875,2.95901298522949
7.81302083333333,2.96509265899658
7.81635416666667,2.97170877456665
7.8196875,2.97880172729492
7.82302083333333,2.98643112182617
7.82635416666667,2.99453735351563
7.8296875,3.00318002700806
7.83302083333333,3.01229953765869
7.83635416666667,3.02189588546753
7.8396875,3.03190946578979
7.84302083333333,3.04216146469116
7.84635416666667,3.05271148681641
7.8496875,3.06332111358643
7.85302083333333,3.074049949646
7.85635416666667,3.08465957641602
7.8596875,3.09509038925171
7.86302083333333,3.1052827835083
7.86635416666667,3.11517715454102
7.8696875,3.12459468841553
7.87302083333333,3.13353538513184
7.87635416666667,3.14176082611084
7.8796875,3.14921140670776
7.88302083333333,3.15582752227783
7.88635416666667,3.16143035888672
7.8896875,3.16590070724487
7.89302083333333,3.16929817199707
7.89635416666667,3.17156314849854
7.8996875,3.17269563674927
7.90302083333333,3.17281484603882
7.90635416666667,3.17192077636719
7.9096875,3.17025184631348
7.91302083333333,3.16786766052246
7.91635416666667,3.16488742828369
7.9196875,3.16148996353149
7.92302083333333,3.15767526626587
7.92635416666667,3.15368175506592
7.9296875,3.14950942993164
7.93302083333333,3.14521789550781
7.93635416666667,3.14098596572876
7.9396875,3.13675403594971
7.94302083333333,3.13270092010498
7.94635416666667,3.12888622283936
7.9496875,3.12525033950806
7.95302083333333,3.12191247940063
7.95635416666667,3.11893224716187
7.9596875,3.11630964279175
7.96302083333333,3.11398506164551
7.96635416666667,3.11201810836792
7.9696875,3.11034917831421
7.97302083333333,3.1089186668396
7.97635416666667,3.10772657394409
7.9796875,3.10665369033813
7.98302083333333,3.10570001602173
7.98635416666667,3.10486555099487
7.9896875,3.10415029525757
7.99302083333333,3.10349464416504
7.99635416666667,3.10295820236206
7.9996875,3.10254096984863
8.00302083333333,3.10230255126953
8.00635416666667,3.10224294662476
8.0096875,3.10236215591431
8.01302083333333,3.10271978378296
8.01635416666667,3.10313701629639
8.0196875,3.10373306274414
8.02302083333333,3.10444831848145
8.02635416666667,3.10510396957397
8.0296875,3.1057596206665
8.03302083333333,3.10629606246948
8.03635416666667,3.10659408569336
8.0396875,3.10665369033813
8.04302083333333,3.10635566711426
8.04635416666667,3.10564041137695
8.0496875,3.10438871383667
8.05302083333333,3.10254096984863
8.05635416666667,3.10009717941284
8.0596875,3.09693813323975
8.06302083333333,3.09306383132935
8.06635416666667,3.08853387832642
8.0696875,3.08334827423096
8.07302083333333,3.07738780975342
8.07635416666667,3.07083129882813
8.0796875,3.06367874145508
8.08302083333333,3.05593013763428
8.08635416666667,3.04770469665527
8.0896875,3.03906202316284
8.09302083333333,3.03000211715698
8.09635416666667,3.02070379257202
8.0996875,3.01128625869751
8.10302083333333,3.00174951553345
8.10635416666667,2.99233198165894
8.1096875,2.98303365707397
8.11302083333333,2.97397375106812
8.11635416666667,2.96527147293091
8.1196875,2.9570460319519
8.12302083333333,2.94923782348633
8.12635416666667,2.94196605682373
8.1296875,2.93529033660889
8.13302083333333,2.92915105819702
8.13635416666667,2.92366743087769
8.1396875,2.91872024536133
8.14302083333333,2.91430950164795
8.14635416666667,2.91043519973755
8.1496875,2.90697813034058
8.15302083333333,2.90393829345703
8.15635416666667,2.90113687515259
8.1596875,2.8984546661377
8.16302083333333,2.89589166641235
8.16635416666667,2.89320945739746
8.1696875,2.89040803909302
8.17302083333333,2.88736820220947
8.17635416666667,2.88397073745728
8.1796875,2.88021564483643
8.18302083333333,2.87598371505737
8.18635416666667,2.87127494812012
8.1896875,2.86614894866943
8.19302083333333,2.86060571670532
8.19635416666667,2.85458564758301
8.1996875,2.84820795059204
8.20302083333333,2.84141302108765
8.20635416666667,2.8342604637146
8.2096875,2.82680988311768
8.21302083333333,2.81912088394165
8.21635416666667,2.81119346618652
8.2196875,2.80314683914185
8.22302083333333,2.79504060745239
8.22635416666667,2.78705358505249
8.2296875,2.77930498123169
8.23302083333333,2.77191400527954
8.23635416666667,2.76505947113037
8.2396875,2.75892019271851
8.24302083333333,2.7536153793335
8.24635416666667,2.74920463562012
8.2496875,2.7458667755127
8.25302083333333,2.74354219436646
8.25635416666667,2.74229049682617
8.2596875,2.74205207824707
8.26302083333333,2.74288654327393
8.26635416666667,2.74467468261719
8.2696875,2.74735689163208
8.27302083333333,2.75099277496338
8.27635416666667,2.75546312332153
8.2796875,2.76082754135132
8.28302083333333,2.76702642440796
8.28635416666667,2.77411937713623
8.2896875,2.78192758560181
8.29302083333333,2.79051065444946
8.29635416666667,2.79980897903442
8.2996875,2.80964374542236
8.30302083333333,2.81995534896851
8.30635416666667,2.8306245803833
8.3096875,2.8415322303772
8.31302083333333,2.85261869430542
8.31635416666667,2.86370515823364
8.3196875,2.87467241287231
8.32302083333333,2.88552045822144
8.32635416666667,2.89618968963623
8.3296875,2.90662050247192
8.33302083333333,2.91675329208374
8.33635416666667,2.92664766311646
8.3396875,2.93624401092529
8.34302083333333,2.94560194015503
8.34635416666667,2.95472145080566
8.3496875,2.9636025428772
8.35302083333333,2.97224521636963
8.35635416666667,2.98058986663818
8.3596875,2.98869609832764
8.36302083333333,2.99638509750366
8.36635416666667,3.00377607345581
8.3696875,3.01063060760498
8.37302083333333,3.01694869995117
8.37635416666667,3.02261114120483
8.3796875,3.02749872207642
8.38302083333333,3.03155183792114
8.38635416666667,3.03465127944946
8.3896875,3.03667783737183
8.39302083333333,3.03763151168823
8.39635416666667,3.03751230239868
8.3996875,3.03620100021362
8.40302083333333,3.03369760513306
8.40635416666667,3.03006172180176
8.4096875,3.02529335021973
8.41302083333333,3.01939249038696
8.41635416666667,3.01241874694824
8.4196875,3.00431251525879
8.42302083333333,2.99525260925293
8.42635416666667,2.98523902893066
8.4296875,2.97433137893677
8.43302083333333,2.96276807785034
8.43635416666667,2.95066833496094
8.4396875,2.93821096420288
8.44302083333333,2.92563438415527
8.44635416666667,2.91329622268677
8.4496875,2.90131568908691
8.45302083333333,2.89005041122437
8.45635416666667,2.87967920303345
8.4596875,2.87038087844849
8.46302083333333,2.86233425140381
8.46635416666667,2.85559892654419
8.4696875,2.85035371780396
8.47302083333333,2.84653902053833
8.47635416666667,2.84421443939209
8.4796875,2.84332036972046
8.48302083333333,2.84391641616821
8.48635416666667,2.8458833694458
8.4896875,2.849280834198
8.49302083333333,2.85398960113525
8.49635416666667,2.85995006561279
8.4996875,2.86728143692017
8.50302083333333,2.87580490112305
8.50635416666667,2.88552045822144
8.5096875,2.89642810821533
8.51302083333333,2.90834903717041
8.51635416666667,2.92128324508667
8.5196875,2.93505191802979
8.52302083333333,2.94953584671021
8.52635416666667,2.9645562171936
8.5296875,2.97999382019043
8.53302083333333,2.99561023712158
8.53635416666667,3.01122665405273
8.5396875,3.02672386169434
8.54302083333333,3.04192304611206
8.54635416666667,3.05658578872681
8.5496875,3.07059288024902
8.55302083333333,3.08388471603394
8.55635416666667,3.09628248214722
8.5596875,3.10778617858887
8.56302083333333,3.11827659606934
8.56635416666667,3.12775373458862
8.5696875,3.13615798950195
8.57302083333333,3.14342975616455
8.57635416666667,3.14968824386597
8.5796875,3.15481424331665
8.58302083333333,3.15886735916138
8.58635416666667,3.16184759140015
8.5896875,3.16393375396729
8.59302083333333,3.16518545150757
8.59635416666667,3.16566228866577
8.5996875,3.16548347473145
8.60302083333333,3.16494703292847
8.60635416666667,3.16411256790161
8.6096875,3.16327810287476
8.61302083333333,3.16262245178223
8.61635416666667,3.16226482391357
8.6196875,3.16238403320313
8.62302083333333,3.16315889358521
8.62635416666667,3.16458940505981
8.6296875,3.16673517227173
8.63302083333333,3.16959619522095
8.63635416666667,3.1731128692627
8.6396875,3.1772255897522
8.64302083333333,3.18187475204468
8.64635416666667,3.18682193756104
8.6496875,3.19200754165649
8.65302083333333,3.1973123550415
8.65635416666667,3.20255756378174
8.6596875,3.20768356323242
8.66302083333333,3.21263074874878
8.66635416666667,3.21727991104126
8.6696875,3.22157144546509
8.67302083333333,3.22550535202026
8.67635416666667,3.22896242141724
8.6796875,3.23194265365601
8.68302083333333,3.2343864440918
8.68635416666667,3.23623418807983
8.6896875,3.23748588562012
8.69302083333333,3.23808193206787
8.69635416666667,3.2380223274231
8.6996875,3.23736667633057
8.70302083333333,3.23617458343506
8.70635416666667,3.23444604873657
8.7096875,3.23235988616943
8.71302083333333,3.23003530502319
8.71635416666667,3.2275915145874
8.7196875,3.22508811950684
8.72302083333333,3.22270393371582
8.72635416666667,3.22055816650391
8.7296875,3.21865081787109
8.73302083333333,3.21704149246216
8.73635416666667,3.21567058563232
8.7396875,3.21465730667114
8.74302083333333,3.21388244628906
8.74635416666667,3.21334600448608
8.7496875,3.21292877197266
8.75302083333333,3.21263074874878
8.75635416666667,3.2123327255249
8.7596875,3.2120943069458
8.76302083333333,3.21173667907715
8.76635416666667,3.2113790512085
8.7696875,3.21096181869507
8.77302083333333,3.21042537689209
8.77635416666667,3.20982933044434
8.7796875,3.20917367935181
8.78302083333333,3.2084584236145
8.78635416666667,3.20768356323242
8.7896875,3.20678949356079
8.79302083333333,3.20577621459961
8.79635416666667,3.2045841217041
8.7996875,3.20309400558472
8.80302083333333,3.20130586624146
8.80635416666667,3.19910049438477
8.8096875,3.1963586807251
8.81302083333333,3.19314002990723
8.81635416666667,3.18938493728638
8.8196875,3.18503379821777
8.82302083333333,3.18020582199097
8.82635416666667,3.17490100860596
8.8296875,3.16905975341797
8.83302083333333,3.16280126571655
8.83635416666667,3.15606594085693
8.8396875,3.14891338348389
8.84302083333333,3.14116477966309
8.84635416666667,3.13293933868408
8.8496875,3.12411785125732
8.85302083333333,3.11470031738281
8.85635416666667,3.10468673706055
8.8596875,3.09407711029053
8.86302083333333,3.08293104171753
8.86635416666667,3.07130813598633
8.8696875,3.0592679977417
8.87302083333333,3.04692983627319
8.87635416666667,3.03447246551514
8.8796875,3.02189588546753
8.88302083333333,3.00943851470947
8.88635416666667,2.99715995788574
8.8896875,2.98517942428589
8.89302083333333,2.97355651855469
8.89635416666667,2.96235084533691
8.8996875,2.95162200927734
8.90302083333333,2.94137001037598
8.90635416666667,2.93171405792236
8.9096875,2.92259454727173
8.91302083333333,2.91413068771362
8.91635416666667,2.90626287460327
8.9196875,2.89911031723022
8.92302083333333,2.89273262023926
8.92635416666667,2.8870701789856
8.9296875,2.88230180740356
8.93302083333333,2.87836790084839
8.93635416666667,2.87532806396484
8.9396875,2.87318229675293
8.94302083333333,2.87187099456787
8.94635416666667,2.87139415740967
8.9496875,2.87157297134399
8.95302083333333,2.87246704101563
8.95635416666667,2.87395715713501
8.9596875,2.8759241104126
8.96302083333333,2.87836790084839
8.96635416666667,2.88122892379761
8.9696875,2.88450717926025
8.97302083333333,2.88808345794678
8.97635416666667,2.89201736450195
8.9796875,2.89630889892578
8.98302083333333,2.90101766586304
8.98635416666667,2.90608406066895
8.9896875,2.91156768798828
8.99302083333333,2.91740894317627
8.99635416666667,2.92372703552246
8.9996875,2.93034315109253
9.00302083333333,2.93737649917603
9.00635416666667,2.94476747512817
9.0096875,2.95239686965942
9.01302083333333,2.96032428741455
9.01635416666667,2.96849012374878
9.0196875,2.97677516937256
9.02302083333333,2.98523902893066
9.02635416666667,2.99382209777832
9.0296875,3.00252437591553
9.03302083333333,3.01134586334229
9.03635416666667,3.02022695541382
9.0396875,3.02928686141968
9.04302083333333,3.03840637207031
9.04635416666667,3.04758548736572
9.0496875,3.05688381195068
9.05302083333333,3.06618213653564
9.05635416666667,3.07536125183105
9.0596875,3.08448076248169
9.06302083333333,3.09330224990845
9.06635416666667,3.1018853187561
9.0696875,3.11005115509033
9.07302083333333,3.11779975891113
9.07635416666667,3.12507152557373
9.0796875,3.13180685043335
9.08302083333333,3.13794612884521
9.08635416666667,3.14342975616455
9.0896875,3.14831733703613
9.09302083333333,3.15248966217041
9.09635416666667,3.15594673156738
9.0996875,3.15862894058228
9.10302083333333,3.16053628921509
9.10635416666667,3.16166877746582
9.1096875,3.16202640533447
9.11302083333333,3.16166877746582
9.11635416666667,3.16059589385986
9.1196875,3.15892696380615
9.12302083333333,3.15684080123901
9.12635416666667,3.15439701080322
9.1296875,3.15183401107788
9.13302083333333,3.14921140670776
9.13635416666667,3.1467080116272
9.1396875,3.14450263977051
9.14302083333333,3.14265489578247
9.14635416666667,3.14122438430786
9.1496875,3.14027070999146
9.15302083333333,3.13979387283325
9.15635416666667,3.1396746635437
9.1596875,3.14003229141235
9.16302083333333,3.14062833786011
9.16635416666667,3.14152240753174
9.1696875,3.14265489578247
9.17302083333333,3.14384698867798
9.17635416666667,3.14521789550781
9.1796875,3.1467080116272
9.18302083333333,3.14831733703613
9.18635416666667,3.14998626708984
9.1896875,3.15171480178833
9.19302083333333,3.15356254577637
9.19635416666667,3.15552949905396
9.1996875,3.15743684768677
9.20302083333333,3.15940380096436
9.20635416666667,3.16131114959717
9.2096875,3.16309928894043
9.21302083333333,3.16470861434937
9.21635416666667,3.16619873046875
9.2196875,3.16745042800903
9.22302083333333,3.16852331161499
9.22635416666667,3.16941738128662
9.2296875,3.1701922416687
9.23302083333333,3.17078828811646
9.23635416666667,3.17126512527466
9.2396875,3.17162275314331
9.24302083333333,3.17186117172241
9.24635416666667,3.17186117172241
9.2496875,3.17162275314331
9.25302083333333,3.17102670669556
9.25635416666667,3.17001342773438
9.2596875,3.16840410232544
9.26302083333333,3.16619873046875
9.26635416666667,3.16327810287476
9.2696875,3.15964221954346
9.27302083333333,3.15523147583008
9.27635416666667,3.15016508102417
9.2796875,3.14438343048096
9.28302083333333,3.13806533813477
9.28635416666667,3.13115119934082
9.2896875,3.12381982803345
9.29302083333334,3.11613082885742
9.29635416666667,3.10814380645752
9.2996875,3.09985876083374
9.30302083333333,3.09145450592041
9.30635416666667,3.08287143707275
9.3096875,3.0742883682251
9.31302083333333,3.06582450866699
9.31635416666667,3.05747985839844
9.3196875,3.04949283599854
9.32302083333333,3.04198265075684
9.32635416666667,3.03512811660767
9.3296875,3.02904844284058
9.33302083333333,3.02380323410034
9.33635416666667,3.01969051361084
9.3396875,3.01665067672729
9.34302083333333,3.01474332809448
9.34635416666667,3.01414728164673
9.3496875,3.01468372344971
9.35302083333333,3.01647186279297
9.35635416666667,3.01939249038696
9.3596875,3.02338600158691
9.36302083333333,3.02845239639282
9.36635416666667,3.03447246551514
9.3696875,3.04150581359863
9.37302083333333,3.04937362670898
9.37635416666667,3.05807590484619
9.3796875,3.0674934387207
9.38302083333333,3.07768583297729
9.38635416666667,3.08859348297119
9.3896875,3.10003757476807
9.39302083333333,3.11201810836792
9.39635416666667,3.1244158744812
9.3996875,3.13717126846313
9.40302083333333,3.15016508102417
9.40635416666667,3.16321849822998
9.4096875,3.17633152008057
9.41302083333333,3.18938493728638
9.41635416666667,3.20231914520264
9.4196875,3.21501493453979
9.42302083333333,3.22741270065308
9.42635416666667,3.23957204818726
9.4296875,3.25143337249756
9.43302083333333,3.26305627822876
9.43635416666667,3.27450037002563
9.4396875,3.28570604324341
9.44302083333333,3.29679250717163
9.44635416666667,3.30770015716553
9.4496875,3.3184289932251
9.45302083333333,3.32897901535034
9.45635416666667,3.33929061889648
9.4596875,3.34924459457397
9.46302083333333,3.35890054702759
9.46635416666667,3.368079662323
9.4696875,3.37678194046021
9.47302083333333,3.38488817214966
9.47635416666667,3.39245796203613
9.4796875,3.3993124961853
9.48302083333333,3.40551137924194
9.48635416666667,3.41099500656128
9.4896875,3.41570377349854
9.49302083333333,3.41963768005371
9.49635416666667,3.42273712158203
9.4996875,3.4250020980835
9.50302083333333,3.42637300491333
9.50635416666667,3.42684984207153
9.5096875,3.42637300491333
9.51302083333333,3.42494249343872
9.51635416666667,3.42255830764771
9.5196875,3.41928005218506
9.52302083333333,3.41510772705078
9.52635416666667,3.41016054153442
9.5296875,3.40455770492554
9.53302083333333,3.3983588218689
9.53635416666667,3.39162349700928
9.5396875,3.38447093963623
9.54302083333334,3.37696075439453
9.54635416666667,3.36921215057373
9.5496875,3.3612847328186
9.55302083333333,3.35323810577393
9.55635416666667,3.34501266479492
9.5596875,3.33666801452637
9.56302083333333,3.32826375961304
9.56635416666667,3.31968069076538
9.5696875,3.31097841262817
9.57302083333333,3.30215692520142
9.57635416666667,3.29321622848511
9.5796875,3.28409671783447
9.58302083333333,3.27485799789429
9.58635416666667,3.26544046401978
9.5896875,3.25590372085571
9.59302083333333,3.24630737304688
9.59635416666667,3.23671102523804
9.5996875,3.22723388671875
9.60302083333333,3.21781635284424
9.60635416666667,3.20875644683838
9.6096875,3.20005416870117
9.61302083333333,3.19182872772217
9.61635416666667,3.18431854248047
9.6196875,3.17758321762085
9.62302083333333,3.17168235778809
9.62635416666667,3.16685438156128
9.6296875,3.16315889358521
9.63302083333333,3.16065549850464
9.63635416666667,3.15940380096436
9.6396875,3.15952301025391
9.64302083333333,3.16095352172852
9.64635416666667,3.16375494003296
9.6496875,3.16786766052246
9.65302083333333,3.17323207855225
9.65635416666667,3.17972898483276
9.6596875,3.18723917007446
9.66302083333333,3.19558382034302
9.66635416666667,3.2045841217041
9.6696875,3.21418046951294
9.67302083333333,3.22407484054565
9.67635416666667,3.2341480255127
9.6796875,3.24422121047974
9.68302083333333,3.25411558151245
9.68635416666667,3.26371192932129
9.6896875,3.27277183532715
9.69302083333333,3.28123569488525
9.69635416666667,3.28892469406128
9.6996875,3.29560041427612
9.70302083333333,3.30132246017456
9.70635416666667,3.30585241317749
9.7096875,3.30930948257446
9.71302083333333,3.3116340637207
9.71635416666667,3.31282615661621
9.7196875,3.31306457519531
9.72302083333333,3.31246852874756
9.72635416666667,3.31109762191772
9.7296875,3.30919027328491
9.73302083333333,3.3068060874939
9.73635416666667,3.304123878479
9.7396875,3.30126285552979
9.74302083333333,3.29834222793579
9.74635416666667,3.2954216003418
9.7496875,3.29256057739258
9.75302083333333,3.28987836837769
9.75635416666667,3.28737497329712
9.7596875,3.28516960144043
9.76302083333333,3.28326225280762
9.76635416666667,3.28171253204346
9.7696875,3.28052043914795
9.77302083333333,3.27968597412109
9.77635416666667,3.27920913696289
9.7796875,3.27908992767334
9.78302083333333,3.27914953231812
9.78635416666667,3.27938795089722
9.7896875,3.27968597412109
9.79302083333334,3.27986478805542
9.79635416666667,3.27986478805542
9.7996875,3.27950716018677
9.80302083333333,3.27867269515991
9.80635416666667,3.27730178833008
9.8096875,3.27539443969727
9.81302083333333,3.27277183532715
9.81635416666667,3.26955318450928
9.8196875,3.26567888259888
9.82302083333333,3.26120853424072
9.82635416666667,3.25614213943481
9.8296875,3.2505989074707
9.83302083333333,3.24457883834839
9.83635416666667,3.2382607460022
9.8396875,3.23158502578735
9.84302083333333,3.22473049163818
9.84635416666667,3.21769714355469
9.8496875,3.21066379547119
9.85302083333333,3.20374965667725
9.85635416666667,3.19689512252808
9.8596875,3.19027900695801
9.86302083333333,3.18402051925659
9.86635416666667,3.17806005477905
9.8696875,3.17251682281494
9.87302083333333,3.16745042800903
9.87635416666667,3.16286087036133
9.8796875,3.1588077545166
9.88302083333333,3.15523147583008
9.88635416666667,3.15213203430176
9.8896875,3.14962863922119
9.89302083333333,3.14754247665405
9.89635416666667,3.14593315124512
9.8996875,3.14474105834961
9.90302083333333,3.14396619796753
9.90635416666667,3.14360857009888
9.9096875,3.14366817474365
9.91302083333333,3.14408540725708
9.91635416666667,3.14480066299438
9.9196875,3.14581394195557
9.92302083333333,3.14706563949585
9.92635416666667,3.14849615097046
9.9296875,3.15004587173462
9.93302083333333,3.15171480178833
9.93635416666667,3.15332412719727
9.9396875,3.15481424331665
9.94302083333333,3.15618515014648
9.94635416666667,3.15725803375244
9.9496875,3.15797328948975
9.95302083333333,3.1583309173584
9.95635416666667,3.15827131271362
9.9596875,3.15767526626587
9.96302083333333,3.15666198730469
9.96635416666667,3.15511226654053
9.9696875,3.15314531326294
9.97302083333333,3.15070152282715
9.97635416666667,3.14795970916748
9.9796875,3.14491987228394
9.98302083333333,3.14164161682129
9.98635416666667,3.13824415206909
9.9896875,3.13478708267212
9.99302083333333,3.1314492225647
9.99635416666667,3.12834978103638
9.9996875,3.12548875808716
10.0030208333333,3.12310457229614
10.0063541666667,3.12125682830811
10.0096875,3.12000513076782
10.0130208333333,3.11946868896484
10.0163541666667,3.11970710754395
10.0196875,3.12072038650513
10.0230208333333,3.12244892120361
10.0263541666667,3.12495231628418
10.0296875,3.12811136245728
10.0330208333333,3.13180685043335
10.0363541666667,3.13591957092285
10.0396875,3.14027070999146
10.0430208333333,3.14480066299438
10.0463541666667,3.14939022064209
10.0496875,3.15386056900024
10.0530208333333,3.15815210342407
10.0563541666667,3.16214561462402
10.0596875,3.16578149795532
10.0630208333333,3.16905975341797
10.0663541666667,3.17186117172241
10.0696875,3.17412614822388
10.0730208333333,3.17591428756714
10.0763541666667,3.17704677581787
10.0796875,3.17764282226563
10.0830208333333,3.17758321762085
10.0863541666667,3.1769871711731
10.0896875,3.17585468292236
10.0930208333333,3.17424535751343
10.0963541666667,3.17227840423584
10.0996875,3.1699538230896
10.1030208333333,3.16745042800903
10.1063541666667,3.16482782363892
10.1096875,3.1622052192688
10.1130208333333,3.15964221954346
10.1163541666667,3.15719842910767
10.1196875,3.1549334526062
10.1230208333333,3.15296649932861
10.1263541666667,3.15123796463013
10.1296875,3.14986705780029
10.1330208333333,3.14885377883911
10.1363541666667,3.14819812774658
10.1396875,3.14778089523315
10.1430208333333,3.1476616859436
10.1463541666667,3.14778089523315
10.1496875,3.14801931381226
10.1530208333333,3.14843654632568
10.1563541666667,3.14885377883911
10.1596875,3.14921140670776
10.1630208333333,3.14944982528687
10.1663541666667,3.14956903457642
10.1696875,3.14956903457642
10.1730208333333,3.14927101135254
10.1763541666667,3.14879417419434
10.1796875,3.14801931381226
10.1830208333333,3.14700603485107
10.1863541666667,3.14581394195557
10.1896875,3.14444303512573
10.1930208333333,3.14295291900635
10.1963541666667,3.14134359359741
10.1996875,3.13973426818848
10.2030208333333,3.13824415206909
10.2063541666667,3.13681364059448
10.2096875,3.13562154769897
10.2130208333333,3.13472747802734
10.2163541666667,3.13413143157959
10.2196875,3.13389301300049
10.2230208333333,3.13401222229004
10.2263541666667,3.13466787338257
10.2296875,3.13585996627808
10.2330208333333,3.13752889633179
10.2363541666667,3.13979387283325
10.2396875,3.14265489578247
10.2430208333333,3.14611196517944
10.2463541666667,3.15010547637939
10.2496875,3.15475463867188
10.2530208333333,3.15988063812256
10.2563541666667,3.16548347473145
10.2596875,3.17156314849854
10.2630208333333,3.1779408454895
10.2663541666667,3.18467617034912
10.2696875,3.19164991378784
10.2730208333333,3.19880247116089
10.2763541666667,3.20601463317871
10.2796875,3.21328639984131
10.2830208333333,3.22061777114868
10.2863541666667,3.2278299331665
10.2896875,3.23492288589478
10.2930208333333,3.24183702468872
10.2963541666667,3.24845314025879
10.2996875,3.25471162796021
10.3030208333333,3.26055288314819
10.3063541666667,3.26579809188843
10.3096875,3.27044725418091
10.3130208333333,3.27432155609131
10.3163541666667,3.27742099761963
10.3196875,3.27956676483154
10.3230208333333,3.28075885772705
10.3263541666667,3.2808780670166
10.3296875,3.27998399734497
10.3330208333333,3.27801704406738
10.3363541666667,3.27497720718384
10.3396875,3.27086448669434
10.3430208333333,3.26573848724365
10.3463541666667,3.25965881347656
10.3496875,3.25268507003784
10.3530208333333,3.24493646621704
10.3563541666667,3.23653221130371
10.3596875,3.22765111923218
10.3630208333333,3.21841239929199
10.3663541666667,3.20905447006226
10.3696875,3.19981575012207
10.3730208333333,3.19075584411621
10.3763541666667,3.18223237991333
10.3796875,3.1743049621582
10.3830208333333,3.16715240478516
10.3863541666667,3.16089391708374
10.3896875,3.15570831298828
10.3930208333333,3.15159559249878
10.3963541666667,3.14867496490479
10.3996875,3.14688682556152
10.4030208333333,3.14629077911377
10.4063541666667,3.14688682556152
10.4096875,3.14855575561523
10.4130208333333,3.15135717391968
10.4163541666667,3.15511226654053
10.4196875,3.15988063812256
10.4230208333333,3.16548347473145
10.4263541666667,3.17180156707764
10.4296875,3.17883491516113
10.4330208333333,3.18640470504761
10.4363541666667,3.19445133209229
10.4396875,3.20273637771606
10.4430208333333,3.21120023727417
10.4463541666667,3.21978330612183
10.4496875,3.22830677032471
10.4530208333333,3.23665142059326
10.4563541666667,3.24481725692749
10.4596875,3.25274467468262
10.4630208333333,3.26037406921387
10.4663541666667,3.26776504516602
10.4696875,3.27479839324951
10.4730208333333,3.28159332275391
10.4763541666667,3.2881498336792
10.4796875,3.29452753067017
10.4830208333333,3.30060720443726
10.4863541666667,3.30650806427002
10.4896875,3.31211090087891
10.4930208333333,3.31753492355347
10.4963541666667,3.32272052764893
10.4996875,3.32760810852051
10.5030208333333,3.33225727081299
10.5063541666667,3.33666801452637
10.5096875,3.34084033966064
10.5130208333333,3.34477424621582
10.5163541666667,3.34835052490234
10.5196875,3.35168838500977
10.5230208333333,3.35466861724854
10.5263541666667,3.35729122161865
10.5296875,3.35931777954102
10.5330208333333,3.36086750030518
10.5363541666667,3.36176156997681
10.5396875,3.36205959320068
10.5430208333333,3.36164236068726
10.5463541666667,3.3605694770813
10.5496875,3.35884094238281
10.5530208333333,3.35657596588135
10.5563541666667,3.3537745475769
10.5596875,3.35061550140381
10.5630208333333,3.34709882736206
10.5663541666667,3.34340333938599
10.5696875,3.33952903747559
10.5730208333333,3.33553552627563
10.5763541666667,3.33160161972046
10.5796875,3.32772731781006
10.5830208333333,3.32391262054443
10.5863541666667,3.32027673721313
10.5896875,3.31693887710571
10.5930208333333,3.31383943557739
10.5963541666667,3.31103801727295
10.5996875,3.30865383148193
10.6030208333333,3.30668687820435
10.6063541666667,3.30507755279541
10.6096875,3.3038854598999
10.6130208333333,3.30305099487305
10.6163541666667,3.30257415771484
10.6196875,3.30233573913574
10.6230208333333,3.30227613449097
10.6263541666667,3.30233573913574
10.6296875,3.30251455307007
10.6330208333333,3.30269336700439
10.6363541666667,3.30287218093872
10.6396875,3.30299139022827
10.6430208333333,3.30311059951782
10.6463541666667,3.3031702041626
10.6496875,3.30311059951782
10.6530208333333,3.30299139022827
10.6563541666667,3.30281257629395
10.6596875,3.30257415771484
10.6630208333333,3.30227613449097
10.6663541666667,3.30191850662231
10.6696875,3.30156087875366
10.6730208333333,3.30114364624023
10.6763541666667,3.30078601837158
10.6796875,3.30042839050293
10.6830208333333,3.30018997192383
10.6863541666667,3.30007076263428
10.6896875,3.3000111579895
10.6930208333333,3.30013036727905
10.6963541666667,3.30030918121338
10.6996875,3.30054759979248
10.7030208333333,3.30090522766113
10.7063541666667,3.30126285552979
10.7096875,3.30168008804321
10.7130208333333,3.30209732055664
10.7163541666667,3.30257415771484
10.7196875,3.3031702041626
10.7230208333333,3.30382585525513
10.7263541666667,3.30460071563721
10.7296875,3.30561399459839
10.7330208333333,3.30686569213867
10.7363541666667,3.30835580825806
10.7396875,3.31020355224609
10.7430208333333,3.31228971481323
10.7463541666667,3.31473350524902
10.7496875,3.31747531890869
10.7530208333333,3.32045555114746
10.7563541666667,3.32373380661011
10.7596875,3.32725048065186
10.7630208333333,3.33094596862793
10.7663541666667,3.33482027053833
10.7696875,3.33893299102783
10.7730208333333,3.34316492080688
10.7763541666667,3.34751605987549
10.7796875,3.35204601287842
10.7830208333333,3.35657596588135
10.7863541666667,3.3610463142395
10.7896875,3.36545705795288
10.7930208333333,3.36974859237671
10.7963541666667,3.37380170822144
10.7996875,3.37755680084229
10.8030208333333,3.38101387023926
10.8063541666667,3.38411331176758
10.8096875,3.38691473007202
10.8130208333333,3.38947772979736
10.8163541666667,3.39174270629883
10.8196875,3.39388847351074
10.8230208333333,3.39591503143311
10.8263541666667,3.39794158935547
10.8296875,3.39990854263306
10.8330208333333,3.40187549591064
10.8363541666667,3.40396165847778
10.8396875,3.40604782104492
10.8430208333333,3.40831279754639
10.8463541666667,3.41063737869263
10.8496875,3.41308116912842
10.8530208333333,3.41564416885376
10.8563541666667,3.4184455871582
10.8596875,3.4213662147522
10.8630208333333,3.42446565628052
10.8663541666667,3.42780351638794
10.8696875,3.43126058578491
10.8730208333333,3.43489646911621
10.8763541666667,3.43865156173706
10.8796875,3.44240665435791
10.8830208333333,3.44616174697876
10.8863541666667,3.44979763031006
10.8896875,3.45319509506226
10.8930208333333,3.45635414123535
10.8963541666667,3.45921516418457
10.8996875,3.46165895462036
10.9030208333333,3.4637451171875
10.9063541666667,3.46535444259644
10.9096875,3.46654653549194
10.9130208333333,3.4673810005188
10.9163541666667,3.467857837677
10.9196875,3.46803665161133
10.9230208333333,3.46791744232178
10.9263541666667,3.46755981445313
10.9296875,3.46708297729492
10.9330208333333,3.46630811691284
10.9363541666667,3.46547365188599
10.9396875,3.46440076828003
10.9430208333333,3.46320867538452
10.9463541666667,3.46189737319946
10.9496875,3.46046686172485
10.9530208333333,3.45885753631592
10.9563541666667,3.45712900161743
10.9596875,3.45534086227417
10.9630208333333,3.45331430435181
10.9663541666667,3.45122814178467
10.9696875,3.44890356063843
10.9730208333333,3.44640016555786
10.9763541666667,3.44371795654297
10.9796875,3.44079732894897
10.9830208333333,3.43769788742065
10.9863541666667,3.43441963195801
10.9896875,3.43108177185059
10.9930208333333,3.42762470245361
10.9963541666667,3.42410802841187
10.9996875,3.42077016830444
11.0030208333333,3.4174919128418
11.0063541666667,3.41445207595825
11.0096875,3.41171026229858
11.0130208333333,3.40926647186279
11.0163541666667,3.40729951858521
11.0196875,3.40580940246582
11.0230208333333,3.40485572814941
11.0263541666667,3.40449810028076
11.0296875,3.40479612350464
11.0330208333333,3.40580940246582
11.0363541666667,3.40747833251953
11.0396875,3.40992212295532
11.0430208333333,3.41308116912842
11.0463541666667,3.41689586639404
11.0496875,3.42130661010742
11.0530208333333,3.42625379562378
11.0563541666667,3.43155860900879
11.0596875,3.43722105026245
11.0630208333333,3.44306230545044
11.0663541666667,3.44890356063843
11.0696875,3.45474481582642
11.0730208333333,3.46046686172485
11.0763541666667,3.46595048904419
11.0796875,3.47107648849487
11.0830208333333,3.47596406936646
11.0863541666667,3.48043441772461
11.0896875,3.48454713821411
11.0930208333333,3.48824262619019
11.0963541666667,3.49146127700806
11.0996875,3.4942626953125
11.1030208333333,3.49658727645874
11.1063541666667,3.49849462509155
11.1096875,3.50010395050049
11.1130208333333,3.50135564804077
11.1163541666667,3.50242853164673
11.1196875,3.50344181060791
11.1230208333333,3.50451469421387
11.1263541666667,3.50576639175415
11.1296875,3.50731611251831
11.1330208333333,3.50922346115112
11.1363541666667,3.51160764694214
11.1396875,3.51446866989136
11.1430208333333,3.517746925354
11.1463541666667,3.52150201797485
11.1496875,3.52561473846436
11.1530208333333,3.53002548217773
11.1563541666667,3.53473424911499
11.1596875,3.53968143463135
11.1630208333333,3.54468822479248
11.1663541666667,3.54987382888794
11.1696875,3.5550594329834
11.1730208333333,3.56024503707886
11.1763541666667,3.56525182723999
11.1796875,3.5700798034668
11.1830208333333,3.57455015182495
11.1863541666667,3.57866287231445
11.1896875,3.58223915100098
11.1930208333333,3.58521938323975
11.1963541666667,3.58766317367554
11.1996875,3.58957052230835
11.2030208333333,3.59088182449341
11.2063541666667,3.59165668487549
11.2096875,3.59213352203369
11.2130208333333,3.59219312667847
11.2163541666667,3.59201431274414
11.2196875,3.59159708023071
11.2230208333333,3.59094142913818
11.2263541666667,3.5901665687561
11.2296875,3.5892128944397
11.2330208333333,3.58802080154419
11.2363541666667,3.58664989471436
11.2396875,3.58498096466064
11.2430208333333,3.58307361602783
11.2463541666667,3.58092784881592
11.2496875,3.57848405838013
11.2530208333333,3.57580184936523
11.2563541666667,3.57282161712646
11.2596875,3.56960296630859
11.2630208333333,3.56608629226685
11.2663541666667,3.56227159500122
11.2696875,3.55815887451172
11.2730208333333,3.55368852615356
11.2763541666667,3.54897975921631
11.2796875,3.5439133644104
11.2830208333333,3.53860855102539
11.2863541666667,3.53312492370605
11.2896875,3.52746248245239
11.2930208333333,3.52180004119873
11.2963541666667,3.51619720458984
11.2996875,3.51077318191528
11.3030208333333,3.50558757781982
11.3063541666667,3.50075960159302
11.3096875,3.49634885787964
11.3130208333333,3.49241495132446
11.3163541666667,3.48889827728271
11.3196875,3.48591804504395
11.3230208333333,3.48341464996338
11.3263541666667,3.48138809204102
11.3296875,3.47983837127686
11.3330208333333,3.47882509231567
11.3363541666667,3.47834825515747
11.3396875,3.47846746444702
11.3430208333333,3.47918272018433
11.3463541666667,3.48049402236938
11.3496875,3.48246097564697
11.3530208333333,3.48514318466187
11.3563541666667,3.48842144012451
11.3596875,3.49241495132446
11.3630208333333,3.49706411361694
11.3663541666667,3.50230932235718
11.3696875,3.50826978683472
11.3730208333333,3.51488590240479
11.3763541666667,3.52209806442261
11.3796875,3.52996587753296
11.3830208333333,3.53848934173584
11.3863541666667,3.54760885238647
11.3896875,3.55726480484009
11.3930208333333,3.56727838516235
11.3963541666667,3.57764959335327
11.3996875,3.58819961547852
11.4030208333333,3.59874963760376
11.4063541666667,3.60918045043945
11.4096875,3.61937284469604
11.4130208333333,3.62914800643921
11.4163541666667,3.63850593566895
11.4196875,3.6473274230957
11.4230208333333,3.65549325942993
11.4263541666667,3.66306304931641
11.4296875,3.66997718811035
11.4330208333333,3.67611646652222
11.4363541666667,3.68160009384155
11.4396875,3.68624925613403
11.4430208333333,3.69018316268921
11.4463541666667,3.69328260421753
11.4496875,3.69572639465332
11.4530208333333,3.69745492935181
11.4563541666667,3.69864702224731
11.4596875,3.69930267333984
11.4630208333333,3.69954109191895
11.4663541666667,3.69948148727417
11.4696875,3.69912385940552
11.4730208333333,3.69846820831299
11.4763541666667,3.69757413864136
11.4796875,3.6962628364563
11.4830208333333,3.69459390640259
11.4863541666667,3.69244813919067
11.4896875,3.68976593017578
11.4930208333333,3.68654727935791
11.4963541666667,3.68273258209229
11.4996875,3.67838144302368
11.5030208333333,3.67343425750732
11.5063541666667,3.66801023483276
11.5096875,3.662109375
11.5130208333333,3.65579128265381
11.5163541666667,3.64905595779419
11.5196875,3.64202260971069
11.5230208333333,3.63463163375854
11.5263541666667,3.62706184387207
11.5296875,3.61925363540649
11.5330208333333,3.61138582229614
11.5363541666667,3.60363721847534
11.5396875,3.59606742858887
11.5430208333333,3.58885526657104
11.5463541666667,3.5821795463562
11.5496875,3.57621908187866
11.5530208333333,3.57109308242798
11.5563541666667,3.56680154800415
11.5596875,3.56346368789673
11.5630208333333,3.56107950210571
11.5663541666667,3.55958938598633
11.5696875,3.55899333953857
11.5730208333333,3.55911254882813
11.5763541666667,3.56000661849976
11.5796875,3.56155633926392
11.5830208333333,3.56364250183105
11.5863541666667,3.56626510620117
11.5896875,3.56936454772949
11.5930208333333,3.57276201248169
11.5963541666667,3.57645750045776
11.5996875,3.58039140701294
11.6030208333333,3.58438491821289
11.6063541666667,3.58843803405762
11.6096875,3.59243154525757
11.6130208333333,3.59642505645752
11.6163541666667,3.60029935836792
11.6196875,3.60417366027832
11.6230208333333,3.60804796218872
11.6263541666667,3.61192226409912
11.6296875,3.61591577529907
11.6330208333333,3.62008810043335
11.6363541666667,3.62437963485718
11.6396875,3.62896919250488
11.6430208333333,3.63385677337646
11.6463541666667,3.63898277282715
11.6496875,3.64440679550171
11.6530208333333,3.65012884140015
11.6563541666667,3.65602970123291
11.6596875,3.66222858428955
11.6630208333333,3.66872549057007
11.6663541666667,3.67534160614014
11.6696875,3.68219614028931
11.6730208333333,3.6892294883728
11.6763541666667,3.69632244110107
11.6796875,3.70347499847412
11.6830208333333,3.71068716049194
11.6863541666667,3.71783971786499
11.6896875,3.72481346130371
11.6930208333333,3.73166799545288
11.6963541666667,3.73822450637817
11.6996875,3.74454259872437
11.7030208333333,3.7505030632019
11.7063541666667,3.75616550445557
11.7096875,3.76158952713013
11.7130208333333,3.76665592193604
11.7163541666667,3.77142429351807
11.7196875,3.77601385116577
11.7230208333333,3.7803053855896
11.7263541666667,3.7844181060791
11.7296875,3.78835201263428
11.7330208333333,3.7921667098999
11.7363541666667,3.7958025932312
11.7396875,3.79931926727295
11.7430208333333,3.80277633666992
11.7463541666667,3.80617380142212
11.7496875,3.80945205688477
11.7530208333333,3.81278991699219
11.7563541666667,3.81606817245483
11.7596875,3.81928682327271
11.7630208333333,3.82256507873535
11.7663541666667,3.82572412490845
11.7696875,3.82882356643677
11.7730208333333,3.83180379867554
11.7763541666667,3.83466482162476
11.7796875,3.83734703063965
11.7830208333333,3.83979082107544
11.7863541666667,3.8420557975769
11.7896875,3.84420156478882
11.7930208333333,3.84610891342163
11.7963541666667,3.84789705276489
11.7996875,3.84950637817383
11.8030208333333,3.85099649429321
11.8063541666667,3.85230779647827
11.8096875,3.85349988937378
11.8130208333333,3.85451316833496
11.8163541666667,3.85528802871704
11.8196875,3.85582447052002
11.8230208333333,3.85600328445435
11.8263541666667,3.85588407516479
11.8296875,3.85534763336182
11.8330208333333,3.85451316833496
11.8363541666667,3.85326147079468
11.8396875,3.85171175003052
11.8430208333333,3.84986400604248
11.8463541666667,3.84771823883057
11.8496875,3.84533405303955
11.8530208333333,3.84289026260376
11.8563541666667,3.84032726287842
11.8596875,3.83782386779785
11.8630208333333,3.83543968200684
11.8663541666667,3.83323431015015
11.8696875,3.83126735687256
11.8730208333333,3.82965803146362
11.8763541666667,3.82846593856812
11.8796875,3.82775068283081
11.8830208333333,3.82763147354126
11.8863541666667,3.82804870605469
11.8896875,3.82906198501587
11.8930208333333,3.83073091506958
11.8963541666667,3.83299589157104
11.8996875,3.83591651916504
11.9030208333333,3.83937358856201
11.9063541666667,3.84336709976196
11.9096875,3.84777784347534
11.9130208333333,3.85260581970215
11.9163541666667,3.85767221450806
11.9196875,3.86291742324829
11.9230208333333,3.86828184127808
11.9263541666667,3.87358665466309
11.9296875,3.87877225875854
11.9330208333333,3.88383865356445
11.9363541666667,3.88860702514648
11.9396875,3.89313697814941
11.9430208333333,3.89736890792847
11.9463541666667,3.90130281448364
11.9496875,3.90499830245972
11.9530208333333,3.90851497650146
11.9563541666667,3.91197204589844
11.9596875,3.91536951065063
11.9630208333333,3.91888618469238
11.9663541666667,3.92246246337891
11.9696875,3.92621755599976
11.9730208333333,3.93021106719971
11.9763541666667,3.93444299697876
11.9796875,3.93891334533691
11.9830208333333,3.94374132156372
11.9863541666667,3.94880771636963
11.9896875,3.95423173904419
11.9930208333333,3.95989418029785
11.9963541666667,3.96591424942017
11.9996875,3.97211313247681
12.0030208333333,3.97855043411255
12.0063541666667,3.98510694503784
12.0096875,3.99166345596313
12.0130208333333,3.99821996688843
12.0163541666667,4.00459766387939
12.0196875,4.01073694229126
12.0230208333333,4.01663780212402
12.0263541666667,4.02224063873291
12.0296875,4.02754545211792
12.0330208333333,4.03249263763428
12.0363541666667,4.03714179992676
12.0396875,4.04149293899536
12.0430208333333,4.04560565948486
12.0463541666667,4.04947996139526
12.0496875,4.05317544937134
12.0530208333333,4.05669212341309
12.0563541666667,4.06008958816528
12.0596875,4.06336784362793
12.0630208333333,4.06652688980103
12.0663541666667,4.06968593597412
12.0696875,4.07284498214722
12.0730208333333,4.07600402832031
12.0763541666667,4.07928228378296
12.0796875,4.08267974853516
12.0830208333333,4.0861964225769
12.0863541666667,4.0898323059082
12.0896875,4.09364700317383
12.0930208333333,4.097580909729
12.0963541666667,4.10151481628418
12.0996875,4.10556793212891
12.1030208333333,4.10956144332886
12.1063541666667,4.11349534988403
12.1096875,4.11742925643921
12.1130208333333,4.12118434906006
12.1163541666667,4.12487983703613
12.1196875,4.12845611572266
12.1230208333333,4.1319727897644
12.1263541666667,4.13531064987183
12.1296875,4.13864850997925
12.1330208333333,4.14186716079712
12.1363541666667,4.14502620697021
12.1396875,4.14818525314331
12.1430208333333,4.15122509002686
12.1463541666667,4.1542649269104
12.1496875,4.15724515914917
12.1530208333333,4.16016578674316
12.1563541666667,4.16302680969238
12.1596875,4.16570901870728
12.1630208333333,4.16821241378784
12.1663541666667,4.17047739028931
12.1696875,4.17238473892212
12.1730208333333,4.17399406433105
12.1763541666667,4.17512655258179
12.1796875,4.17584180831909
12.1830208333333,4.17613983154297
12.1863541666667,4.17608022689819
12.1896875,4.17566299438477
12.1930208333333,4.17494773864746
12.1963541666667,4.17411327362061
12.1996875,4.17304039001465
12.2030208333333,4.17196750640869
12.2063541666667,4.17083501815796
12.2096875,4.169762134552
12.2130208333333,4.16868925094604
12.2163541666667,4.16767597198486
12.2196875,4.16678190231323
12.2230208333333,4.16606664657593
12.2263541666667,4.16547060012817
12.2296875,4.16505336761475
12.2330208333333,4.16481494903564
12.2363541666667,4.16481494903564
12.2396875,4.16505336761475
12.2430208333333,4.16558980941772
12.2463541666667,4.16642427444458
12.2496875,4.16749715805054
12.2530208333333,4.16892766952515
12.2563541666667,4.17065620422363
12.2596875,4.17274236679077
12.2630208333333,4.17512655258179
12.2663541666667,4.17786836624146
12.2696875,4.180908203125
12.2730208333333,4.1843056678772
12.2763541666667,4.1879415512085
12.2796875,4.19193506240845
12.2830208333333,4.1961669921875
12.2863541666667,4.20069694519043
12.2896875,4.20546531677246
12.2930208333333,4.21047210693359
12.2963541666667,4.2157769203186
12.2996875,4.22132015228271
12.3030208333333,4.22710180282593
12.3063541666667,4.23306226730347
12.3096875,4.23932075500488
12.3130208333333,4.24569845199585
12.3163541666667,4.25219535827637
12.3196875,4.25869226455688
12.3230208333333,4.26524877548218
12.3263541666667,4.2717456817627
12.3296875,4.27818298339844
12.3330208333333,4.28444147109985
12.3363541666667,4.29052114486694
12.3396875,4.29636240005493
12.3430208333333,4.30190563201904
12.3463541666667,4.30721044540405
12.3496875,4.31221723556519
12.3530208333333,4.31686639785767
12.3563541666667,4.32109832763672
12.3596875,4.32491302490234
12.3630208333333,4.32825088500977
12.3663541666667,4.33105230331421
12.3696875,4.33337688446045
12.3730208333333,4.33504581451416
12.3763541666667,4.33617830276489
12.3796875,4.33677434921265
12.3830208333333,4.33683395385742
12.3863541666667,4.33635711669922
12.3896875,4.33534383773804
12.3930208333333,4.33385372161865
12.3963541666667,4.33194637298584
12.3996875,4.32956218719482
12.4030208333333,4.32682037353516
12.4063541666667,4.32372093200684
12.4096875,4.32038307189941
12.4130208333333,4.31692600250244
12.4163541666667,4.31334972381592
12.4196875,4.30989265441895
12.4230208333333,4.3066143989563
12.4263541666667,4.30375337600708
12.4296875,4.30130958557129
12.4330208333333,4.29940223693848
12.4363541666667,4.29826974868774
12.4396875,4.29779291152954
12.4430208333333,4.29821014404297
12.4463541666667,4.29946184158325
12.4496875,4.30166721343994
12.4530208333333,4.30482625961304
12.4563541666667,4.30893898010254
12.4596875,4.31406497955322
12.4630208333333,4.32008504867554
12.4663541666667,4.32711839675903
12.4696875,4.33492660522461
12.4730208333333,4.34356927871704
12.4763541666667,4.35280799865723
12.4796875,4.36258316040039
12.4830208333333,4.37265634536743
12.4863541666667,4.3829083442688
12.4896875,4.39321994781494
12.4930208333333,4.40335273742676
12.4963541666667,4.41330671310425
12.4996875,4.42290306091309
12.5030208333333,4.4320821762085
12.5063541666667,4.44090366363525
12.5096875,4.44930791854858
12.5130208333333,4.45729494094849
12.5163541666667,4.46498394012451
12.5196875,4.47243452072144
12.5230208333333,4.47970628738403
12.5263541666667,4.48691844940186
12.5296875,4.49419021606445
12.5330208333333,4.5015811920166
12.5363541666667,4.50921058654785
12.5396875,4.51713800430298
12.5430208333333,4.52536344528198
12.5463541666667,4.53400611877441
12.5496875,4.54294681549072
12.5530208333333,4.55224514007568
12.5563541666667,4.56184148788452
12.5596875,4.57167625427246
12.5630208333333,4.58157062530518
12.5663541666667,4.59152460098267
12.5696875,4.60141897201538
12.5730208333333,4.61113452911377
12.5763541666667,4.62061166763306
12.5796875,4.62967157363892
12.5830208333333,4.63831424713135
12.5863541666667,4.6464204788208
12.5896875,4.65404987335205
12.5930208333333,4.66102361679077
12.5963541666667,4.66740131378174
12.5996875,4.67312335968018
12.6030208333333,4.67824935913086
12.6063541666667,4.68266010284424
12.6096875,4.68647480010986
12.6130208333333,4.68975305557251
12.6163541666667,4.6924352645874
12.6196875,4.69464063644409
12.6230208333333,4.69642877578735
12.6263541666667,4.69791889190674
12.6296875,4.69917058944702
12.6330208333333,4.70024347305298
12.6363541666667,4.70131635665894
12.6396875,4.70238924026489
12.6430208333333,4.7035813331604
12.6463541666667,4.70501184463501
12.6496875,4.70662117004395
12.6530208333333,4.70852851867676
12.6563541666667,4.71073389053345
12.6596875,4.71329689025879
12.6630208333333,4.71609830856323
12.6663541666667,4.71919775009155
12.6696875,4.7224760055542
12.6730208333333,4.72605228424072
12.6763541666667,4.7297477722168
12.6796875,4.7336220741272
12.6830208333333,4.73755598068237
12.6863541666667,4.74166870117188
12.6896875,4.74578142166138
12.6930208333333,4.75001335144043
12.6963541666667,4.75418567657471
12.6996875,4.75829839706421
12.7030208333333,4.76235151290894
12.7063541666667,4.76622581481934
12.7096875,4.76992130279541
12.7130208333333,4.77331876754761
12.7163541666667,4.77641820907593
12.7196875,4.77910041809082
12.7230208333333,4.78148460388184
12.7263541666667,4.78345155715942
12.7296875,4.78500127792358
12.7330208333333,4.78625297546387
12.7363541666667,4.78702783584595
12.7396875,4.78744506835938
12.7430208333333,4.78744506835938
12.7463541666667,4.78696823120117
12.7496875,4.78607416152954
12.7530208333333,4.78470325469971
12.7563541666667,4.78279590606689
12.7596875,4.78041172027588
12.7630208333333,4.77749109268188
12.7663541666667,4.77409362792969
12.7696875,4.77015972137451
12.7730208333333,4.76562976837158
12.7763541666667,4.76056337356567
12.7796875,4.75490093231201
12.7830208333333,4.74858283996582
12.7863541666667,4.7416090965271
12.7896875,4.7338604927063
12.7930208333333,4.72533702850342
12.7963541666667,4.71609830856323
12.7996875,4.70608472824097
12.8030208333333,4.69541549682617
12.8063541666667,4.68403100967407
12.8096875,4.67211008071899
12.8130208333333,4.65965270996094
12.8163541666667,4.646897315979
12.8196875,4.63384389877319
12.8230208333333,4.62067127227783
12.8263541666667,4.6074390411377
12.8296875,4.59426641464233
12.8330208333333,4.58133220672607
12.8363541666667,4.56863641738892
12.8396875,4.55641746520996
12.8430208333333,4.54461574554443
12.8463541666667,4.53341007232666
12.8496875,4.52274084091187
12.8530208333333,4.51278686523438
12.8563541666667,4.50348854064941
12.8596875,4.49484586715698
12.8630208333333,4.4867992401123
12.8663541666667,4.47934865951538
12.8696875,4.47249412536621
12.8730208333333,4.46599721908569
12.8763541666667,4.45997714996338
12.8796875,4.45425510406494
12.8830208333333,4.44889068603516
12.8863541666667,4.44376468658447
12.8896875,4.43887710571289
12.8930208333333,4.43416833877563
12.8963541666667,4.42963838577271
12.8996875,4.4252872467041
12.9030208333333,4.42105531692505
12.9063541666667,4.41688299179077
12.9096875,4.41288948059082
12.9130208333333,4.40889596939087
12.9163541666667,4.40496206283569
12.9196875,4.40108776092529
12.9230208333333,4.39727306365967
12.9263541666667,4.39351797103882
12.9296875,4.38982248306274
12.9330208333333,4.38618659973145
12.9363541666667,4.3826699256897
12.9396875,4.37915325164795
12.9430208333333,4.37575578689575
12.9463541666667,4.37247753143311
12.9496875,4.36931848526001
12.9530208333333,4.36627864837646
12.9563541666667,4.36341762542725
12.9596875,4.36067581176758
12.9630208333333,4.35805320739746
12.9663541666667,4.35549020767212
12.9696875,4.35298681259155
12.9730208333333,4.35042381286621
12.9763541666667,4.34768199920654
12.9796875,4.34476137161255
12.9830208333333,4.34160232543945
12.9863541666667,4.33796644210815
12.9896875,4.3339729309082
12.9930208333333,4.32944297790527
12.9963541666667,4.32437658309937
12.9996875,4.3187141418457
13.0030208333333,4.31239604949951
13.0063541666667,4.30536270141602
13.0096875,4.29761409759521
13.0130208333333,4.28903102874756
13.0163541666667,4.27961349487305
13.0196875,4.2693018913269
13.0230208333333,4.25809621810913
13.0263541666667,4.24599647521973
13.0296875,4.23294305801392
13.0330208333333,4.21905517578125
13.0363541666667,4.20433282852173
13.0396875,4.1888952255249
13.0430208333333,4.17274236679077
13.0463541666667,4.15593385696411
13.0496875,4.13864850997925
13.0530208333333,4.12088632583618
13.0563541666667,4.10282611846924
13.0596875,4.08452749252319
13.0630208333333,4.06605005264282
13.0663541666667,4.04751300811768
13.0696875,4.02897596359253
13.0730208333333,4.01049852371216
13.0763541666667,3.99214029312134
13.0796875,3.97384166717529
13.0830208333333,3.95560264587402
13.0863541666667,3.93736362457275
13.0896875,3.91912460327148
13.0930208333333,3.90070676803589
13.0963541666667,3.88216972351074
13.0996875,3.86333465576172
13.1030208333333,3.84426116943359
13.1063541666667,3.82483005523682
13.1096875,3.80504131317139
13.1130208333333,3.7848949432373
13.1163541666667,3.76433134078979
13.1196875,3.74341011047363
13.1230208333333,3.72201204299927
13.1263541666667,3.70031595230103
13.1296875,3.67826223373413
13.1330208333333,3.65591049194336
13.1363541666667,3.63332033157349
13.1396875,3.61061096191406
13.1430208333333,3.58790159225464
13.1463541666667,3.56531143188477
13.1496875,3.54284048080444
13.1530208333333,3.52072715759277
13.1563541666667,3.49897146224976
13.1596875,3.47769260406494
13.1630208333333,3.45689058303833
13.1663541666667,3.4366250038147
13.1696875,3.41701507568359
13.1730208333333,3.39800119400024
13.1763541666667,3.37964296340942
13.1796875,3.36188077926636
13.1830208333333,3.34489345550537
13.1863541666667,3.32850217819214
13.1896875,3.31288576126099
13.1930208333333,3.29786539077759
13.1963541666667,3.28356027603149
13.1996875,3.26991081237793
13.2030208333333,3.25685739517212
13.2063541666667,3.24445962905884
13.2096875,3.23265790939331
13.2130208333333,3.22145223617554
13.2163541666667,3.21084260940552
13.2196875,3.20088863372803
13.2230208333333,3.19153070449829
13.2263541666667,3.18288803100586
13.2296875,3.17496061325073
13.2330208333333,3.16774845123291
13.2363541666667,3.16137075424194
13.2396875,3.15570831298828
13.2430208333333,3.1508207321167
13.2463541666667,3.14676761627197
13.2496875,3.14342975616455
13.2530208333333,3.14092636108398
13.2563541666667,3.13907861709595
13.2596875,3.13794612884521
13.2630208333333,3.13740968704224
13.2663541666667,3.13746929168701
13.2696875,3.13800573348999
13.2730208333333,3.1389594078064
13.2763541666667,3.14027070999146
13.2796875,3.14193964004517
13.2830208333333,3.1437873840332
13.2863541666667,3.14581394195557
13.2896875,3.14790010452271
13.2930208333333,3.14998626708984
13.2963541666667,3.15201282501221
13.2996875,3.15392017364502
13.3030208333333,3.15564870834351
13.3063541666667,3.15707921981812
13.3096875,3.15815210342407
13.3130208333333,3.15892696380615
13.3163541666667,3.1592845916748
13.3196875,3.1592845916748
13.3230208333333,3.15886735916138
13.3263541666667,3.15815210342407
13.3296875,3.15713882446289
13.3330208333333,3.15588712692261
13.3363541666667,3.154456615448
13.3396875,3.15302610397339
13.3430208333333,3.15159559249878
13.3463541666667,3.15028429031372
13.3496875,3.14915180206299
13.3530208333333,3.14837694168091
13.3563541666667,3.14801931381226
13.3596875,3.14813852310181
13.3630208333333,3.14873456954956
13.3663541666667,3.14986705780029
13.3696875,3.151535987854
13.3730208333333,3.15368175506592
13.3763541666667,3.15624475479126
13.3796875,3.15910577774048
13.3830208333333,3.16226482391357
13.3863541666667,3.165602684021
13.3896875,3.16894054412842
13.3930208333333,3.17221879959106
13.3963541666667,3.17537784576416
13.3996875,3.17823886871338
13.4030208333333,3.18080186843872
13.4063541666667,3.18294763565063
13.4096875,3.18461656570435
13.4130208333333,3.18574905395508
13.4163541666667,3.18628549575806
13.4196875,3.18616628646851
13.4230208333333,3.18539142608643
13.4263541666667,3.18402051925659
13.4296875,3.182053565979
13.4330208333333,3.17949056625366
13.4363541666667,3.17639112472534
13.4396875,3.17287445068359
13.4430208333333,3.16894054412842
13.4463541666667,3.16476821899414
13.4496875,3.16029787063599
13.4530208333333,3.15570831298828
13.4563541666667,3.15099954605103
13.4596875,3.14617156982422
13.4630208333333,3.14134359359741
13.4663541666667,3.13651561737061
13.4696875,3.1316876411438
13.4730208333333,3.12685966491699
13.4763541666667,3.12221050262451
13.4796875,3.11762094497681
13.4830208333333,3.1132698059082
13.4863541666667,3.10909748077393
13.4896875,3.1052827835083
13.4930208333333,3.1018853187561
13.4963541666667,3.09884548187256
13.4996875,3.09634208679199
13.5030208333333,3.09425592422485
13.5063541666667,3.09270620346069
13.5096875,3.09157371520996
13.5130208333333,3.09091806411743
13.5163541666667,3.09067964553833
13.5196875,3.09073925018311
13.5230208333333,3.09115648269653
13.5263541666667,3.09175252914429
13.5296875,3.09258699417114
13.5330208333333,3.09360027313232
13.5363541666667,3.09467315673828
13.5396875,3.09586524963379
13.5430208333333,3.09699773788452
13.5463541666667,3.09813022613525
13.5496875,3.09914350509644
13.5530208333333,3.09991836547852
13.5563541666667,3.10057401657104
13.5596875,3.1009316444397
13.5630208333333,3.10105085372925
13.5663541666667,3.1009316444397
13.5696875,3.10063362121582
13.5730208333333,3.10015678405762
13.5763541666667,3.09956073760986
13.5796875,3.09902429580688
13.5830208333333,3.09848785400391
13.5863541666667,3.09807062149048
13.5896875,3.0977725982666
13.5930208333333,3.09771299362183
13.5963541666667,3.0977725982666
13.5996875,3.0980110168457
13.6030208333333,3.09842824935913
13.6063541666667,3.09896469116211
13.6096875,3.09950113296509
13.6130208333333,3.10015678405762
13.6163541666667,3.10075283050537
13.6196875,3.1014084815979
13.6230208333333,3.10194492340088
13.6263541666667,3.10248136520386
13.6296875,3.10289859771729
13.6330208333333,3.10331583023071
13.6363541666667,3.10367345809937
13.6396875,3.10397148132324
13.6430208333333,3.10420989990234
13.6463541666667,3.10438871383667
13.6496875,3.10450792312622
13.6530208333333,3.104567527771
13.6563541666667,3.10450792312622
13.6596875,3.10438871383667
13.6630208333333,3.10409069061279
13.6663541666667,3.10367345809937
13.6696875,3.10307741165161
13.6730208333333,3.10230255126953
13.6763541666667,3.10134887695313
13.6796875,3.10015678405762
13.6830208333333,3.09884548187256
13.6863541666667,3.09735536575317
13.6896875,3.09574604034424
13.6930208333333,3.09395790100098
13.6963541666667,3.09211015701294
13.6996875,3.09020280838013
13.7030208333333,3.08823585510254
13.7063541666667,3.08626890182495
13.7096875,3.08430194854736
13.7130208333333,3.08233499526978
13.7163541666667,3.08042764663696
13.7196875,3.07846069335938
13.7230208333333,3.07649374008179
13.7263541666667,3.0745267868042
13.7296875,3.07244062423706
13.7330208333333,3.07023525238037
13.7363541666667,3.06797027587891
13.7396875,3.06546688079834
13.7430208333333,3.06284427642822
13.7463541666667,3.059983253479
13.7496875,3.05700302124023
13.7530208333333,3.05378437042236
13.7563541666667,3.05032730102539
13.7596875,3.04669141769409
13.7630208333333,3.04299592971802
13.7663541666667,3.03912162780762
13.7696875,3.03524732589722
13.7730208333333,3.03143262863159
13.7763541666667,3.02773714065552
13.7796875,3.02433967590332
13.7830208333333,3.021240234375
13.7863541666667,3.01855802536011
13.7896875,3.01641225814819
13.7930208333333,3.01486253738403
13.7963541666667,3.01390886306763
13.7996875,3.01361083984375
13.8030208333333,3.01384925842285
13.8063541666667,3.01462411880493
13.8096875,3.01587581634521
13.8130208333333,3.01748514175415
13.8163541666667,3.01945209503174
13.8196875,3.02159786224365
13.8230208333333,3.02404165267944
13.8263541666667,3.02660465240479
13.8296875,3.02940607070923
13.8330208333333,3.03232669830322
13.8363541666667,3.03542613983154
13.8396875,3.03864479064941
13.8430208333333,3.04198265075684
13.8463541666667,3.04538011550903
13.8496875,3.04889678955078
13.8530208333333,3.05235385894775
13.8563541666667,3.05581092834473
13.8596875,3.05920839309692
13.8630208333333,3.06254625320435
13.8663541666667,3.06582450866699
13.8696875,3.06910276412964
13.8730208333333,3.07244062423706
13.8763541666667,3.07583808898926
13.8796875,3.07935476303101
13.8830208333333,3.08305025100708
13.8863541666667,3.08692455291748
13.8896875,3.09109687805176
13.8930208333333,3.09550762176514
13.8963541666667,3.10015678405762
13.8996875,3.1050443649292
13.9030208333333,3.11022996902466
13.9063541666667,3.11565399169922
13.9096875,3.12131643295288
13.9130208333333,3.12715768814087
13.9163541666667,3.13323736190796
13.9196875,3.13949584960938
13.9230208333333,3.14587354660034
13.9263541666667,3.15243005752563
13.9296875,3.15910577774048
13.9330208333333,3.16578149795532
13.9363541666667,3.17251682281494
13.9396875,3.17919254302979
13.9430208333333,3.18580865859985
13.9463541666667,3.19230556488037
13.9496875,3.19856405258179
13.9530208333333,3.20464372634888
13.9563541666667,3.21048498153687
13.9596875,3.2159686088562
13.9630208333333,3.22109460830688
13.9663541666667,3.22592258453369
13.9696875,3.23033332824707
13.9730208333333,3.2343864440918
13.9763541666667,3.23808193206787
13.9796875,3.24141979217529
13.9830208333333,3.24440002441406
13.9863541666667,3.24708223342896
13.9896875,3.24946641921997
13.9930208333333,3.25161218643188
13.9963541666667,3.2535195350647
13.9996875,3.25530767440796
14.0030208333333,3.25697660446167
14.0063541666667,3.25858592987061
14.0096875,3.26025485992432
14.0130208333333,3.2619833946228
14.0163541666667,3.26389074325562
14.0196875,3.26603651046753
14.0230208333333,3.2685399055481
14.0263541666667,3.27140092849731
14.0296875,3.27467918395996
14.0330208333333,3.27837467193604
14.0363541666667,3.28248739242554
14.0396875,3.28707695007324
14.0430208333333,3.2920241355896
14.0463541666667,3.29726934432983
14.0496875,3.30275297164917
14.0530208333333,3.30853462219238
14.0563541666667,3.31443548202515
14.0596875,3.32051515579224
14.0630208333333,3.32671403884888
14.0663541666667,3.33291292190552
14.0696875,3.33917140960693
14.0730208333333,3.34542989730835
14.0763541666667,3.35162878036499
14.0796875,3.35770845413208
14.0830208333333,3.36360931396484
14.0863541666667,3.36927175521851
14.0896875,3.37457656860352
14.0930208333333,3.37952375411987
14.0963541666667,3.38399410247803
14.0996875,3.38804721832275
14.1030208333333,3.39150428771973
14.1063541666667,3.3944845199585
14.1096875,3.39680910110474
14.1130208333333,3.398597240448
14.1163541666667,3.39967012405396
14.1196875,3.40008735656738
14.1230208333333,3.39972972869873
14.1263541666667,3.39865684509277
14.1296875,3.39674949645996
14.1330208333333,3.39400768280029
14.1363541666667,3.39055061340332
14.1396875,3.38625907897949
14.1430208333333,3.38125228881836
14.1463541666667,3.3755898475647
14.1496875,3.36939096450806
14.1530208333333,3.36259603500366
14.1563541666667,3.35532426834106
14.1596875,3.34775447845459
14.1630208333333,3.33982706069946
14.1663541666667,3.33172082901001
14.1696875,3.32343578338623
14.1730208333333,3.31515073776245
14.1763541666667,3.3068060874939
14.1796875,3.29858064651489
14.1830208333333,3.29047441482544
14.1863541666667,3.28260660171509
14.1896875,3.27503681182861
14.1930208333333,3.26776504516602
14.1963541666667,3.26097011566162
14.1996875,3.25465202331543
14.2030208333333,3.24887037277222
14.2063541666667,3.24374437332153
14.2096875,3.23933362960815
14.2130208333333,3.23563814163208
14.2163541666667,3.23277711868286
14.2196875,3.23069095611572
14.2230208333333,3.22949886322021
14.2263541666667,3.22920083999634
14.2296875,3.22967767715454
14.2330208333333,3.23104858398438
14.2363541666667,3.23325395584106
14.2396875,3.23617458343506
14.2430208333333,3.23987007141113
14.2463541666667,3.24416160583496
14.2496875,3.24898958206177
14.2530208333333,3.254234790802
14.2563541666667,3.25983762741089
14.2596875,3.2656192779541
14.2630208333333,3.27152013778687
14.2663541666667,3.27736139297485
14.2696875,3.28314304351807
14.2730208333333,3.28874588012695
14.2763541666667,3.29411029815674
14.2796875,3.29917669296265
14.2830208333333,3.30394506454468
14.2863541666667,3.30841541290283
14.2896875,3.31246852874756
14.2930208333333,3.31616401672363
14.2963541666667,3.31944227218628
14.2996875,3.32218408584595
14.3030208333333,3.32444906234741
14.3063541666667,3.32623720169067
14.3096875,3.32742929458618
14.3130208333333,3.32802534103394
14.3163541666667,3.32808494567871
14.3196875,3.32754850387573
14.3230208333333,3.326416015625
14.3263541666667,3.32474708557129
14.3296875,3.3225417137146
14.3330208333333,3.31991910934448
14.3363541666667,3.31681966781616
14.3396875,3.31342220306396
14.3430208333333,3.30960750579834
14.3463541666667,3.30561399459839
14.3496875,3.30132246017456
14.3530208333333,3.29697132110596
14.3563541666667,3.2925009727478
14.3596875,3.28803062438965
14.3630208333333,3.28361988067627
14.3663541666667,3.27926874160767
14.3696875,3.27509641647339
14.3730208333333,3.27116250991821
14.3763541666667,3.26746702194214
14.3796875,3.26400995254517
14.3830208333333,3.26091051101685
14.3863541666667,3.25816869735718
14.3896875,3.25578451156616
14.3930208333333,3.2537579536438
14.3963541666667,3.25220823287964
14.3996875,3.25107574462891
14.4030208333333,3.25042009353638
14.4063541666667,3.25024127960205
14.4096875,3.2505989074707
14.4130208333333,3.25149297714233
14.4163541666667,3.25286388397217
14.4196875,3.25483083724976
14.4230208333333,3.25721502304077
14.4263541666667,3.26013565063477
14.4296875,3.26341390609741
14.4330208333333,3.26704978942871
14.4363541666667,3.27098369598389
14.4396875,3.27515602111816
14.4430208333333,3.27950716018677
14.4463541666667,3.28391790390015
14.4496875,3.28832864761353
14.4530208333333,3.29262018203735
14.4563541666667,3.29685211181641
14.4596875,3.30078601837158
14.4630208333333,3.30448150634766
14.4663541666667,3.30781936645508
14.4696875,3.31073999404907
14.4730208333333,3.31330299377441
14.4763541666667,3.31538915634155
14.4796875,3.31705808639526
14.4830208333333,3.31830978393555
14.4863541666667,3.3191442489624
14.4896875,3.31956148147583
14.4930208333333,3.31956148147583
14.4963541666667,3.31920385360718
14.4996875,3.3184289932251
14.5030208333333,3.31729650497437
14.5063541666667,3.31586599349976
14.5096875,3.31401824951172
14.5130208333333,3.31181287765503
14.5163541666667,3.30936908721924
14.5196875,3.30662727355957
14.5230208333333,3.30358743667603
14.5263541666667,3.30030918121338
14.5296875,3.29685211181641
14.5330208333333,3.29315662384033
14.5363541666667,3.28934192657471
14.5396875,3.28534841537476
14.5430208333333,3.28129529953003
14.5463541666667,3.27718257904053
14.5496875,3.27295064926147
14.5530208333333,3.2687783241272
14.5563541666667,3.26460599899292
14.5596875,3.26049327850342
14.5630208333333,3.25644016265869
14.5663541666667,3.25244665145874
14.5696875,3.24857234954834
14.5730208333333,3.24487686157227
14.5763541666667,3.24130058288574
14.5796875,3.23796272277832
14.5830208333333,3.23486328125
14.5863541666667,3.23194265365601
14.5896875,3.22932004928589
14.5930208333333,3.22693586349487
14.5963541666667,3.22484970092773
14.5996875,3.2230019569397
14.6030208333333,3.22157144546509
14.6063541666667,3.22049856185913
14.6096875,3.2198429107666
14.6130208333333,3.21966409683228
14.6163541666667,3.2200813293457
14.6196875,3.22103500366211
14.6230208333333,3.22264432907104
14.6263541666667,3.22490930557251
14.6296875,3.2278299331665
14.6330208333333,3.23140621185303
14.6363541666667,3.23551893234253
14.6396875,3.24022769927979
14.6430208333333,3.24553251266479
14.6463541666667,3.25125455856323
14.6496875,3.25745344161987
14.6530208333333,3.26406955718994
14.6563541666667,3.27110290527344
14.6596875,3.27843427658081
14.6630208333333,3.28600406646729
14.6663541666667,3.29381227493286
14.6696875,3.30179929733276
14.6730208333333,3.30978631973267
14.6763541666667,3.31777334213257
14.6796875,3.32564115524292
14.6830208333333,3.33333015441895
14.6863541666667,3.34084033966064
14.6896875,3.34799289703369
14.6930208333333,3.35496664047241
14.6963541666667,3.36158275604248
14.6996875,3.36796045303345
14.7030208333333,3.37409973144531
14.7063541666667,3.38006019592285
14.7096875,3.38578224182129
14.7130208333333,3.39138507843018
14.7163541666667,3.39680910110474
14.7196875,3.40217351913452
14.7230208333333,3.40741872787476
14.7263541666667,3.41260433197021
14.7296875,3.4177303314209
14.7330208333333,3.42273712158203
14.7363541666667,3.42774391174316
14.7396875,3.4327507019043
14.7430208333333,3.43769788742065
14.7463541666667,3.44270467758179
14.7496875,3.44783067703247
14.7530208333333,3.45307588577271
14.7563541666667,3.45844030380249
14.7596875,3.46404314041138
14.7630208333333,3.46976518630981
14.7663541666667,3.47566604614258
14.7696875,3.48168611526489
14.7730208333333,3.48782539367676
14.7763541666667,3.49396467208862
14.7796875,3.50016355514526
14.7830208333333,3.50624322891235
14.7863541666667,3.51220369338989
14.7896875,3.51798534393311
14.7930208333333,3.52352857589722
14.7963541666667,3.52877378463745
14.7996875,3.53366136550903
14.8030208333333,3.53813171386719
14.8063541666667,3.54218482971191
14.8096875,3.54570150375366
14.8130208333333,3.54868173599243
14.8163541666667,3.551185131073
14.8196875,3.55321168899536
14.8230208333333,3.5548210144043
14.8263541666667,3.55595350265503
14.8296875,3.55684757232666
14.8330208333333,3.55744361877441
14.8363541666667,3.55792045593262
14.8396875,3.55833768844604
14.8430208333333,3.55875492095947
14.8463541666667,3.55929136276245
14.8496875,3.56000661849976
14.8530208333333,3.56084108352661
14.8563541666667,3.56191396713257
14.8596875,3.56322526931763
14.8630208333333,3.56471538543701
14.8663541666667,3.56650352478027
14.8696875,3.56841087341309
14.8730208333333,3.570556640625
14.8763541666667,3.57282161712646
14.8796875,3.57520580291748
14.8830208333333,3.57770919799805
14.8863541666667,3.58015298843384
14.8896875,3.58259677886963
14.8930208333333,3.58492136001587
14.8963541666667,3.58700752258301
14.8996875,3.58879566192627
14.9030208333333,3.59022617340088
14.9063541666667,3.59112024307251
14.9096875,3.59147787094116
14.9130208333333,3.59123945236206
14.9163541666667,3.59028577804565
14.9196875,3.58861684799194
14.9230208333333,3.58617305755615
14.9263541666667,3.58307361602783
14.9296875,3.57925891876221
14.9330208333333,3.57472896575928
14.9363541666667,3.56954336166382
14.9396875,3.56370210647583
14.9430208333333,3.55726480484009
14.9463541666667,3.55023145675659
14.9496875,3.54266166687012
14.9530208333333,3.53461503982544
14.9563541666667,3.52609157562256
14.9596875,3.51721048355103
14.9630208333333,3.50809097290039
14.9663541666667,3.49879264831543
14.9696875,3.48943471908569
14.9730208333333,3.48013639450073
14.9763541666667,3.4710168838501
14.9796875,3.46225500106812
14.9830208333333,3.45385074615479
14.9863541666667,3.44592332839966
14.9896875,3.43859195709229
14.9930208333333,3.43179702758789
14.9963541666667,3.42565774917603
14.9996875,3.42017412185669
15.0030208333333,3.41540575027466
15.0063541666667,3.41141223907471
15.0096875,3.40813398361206
15.0130208333333,3.40569019317627
15.0163541666667,3.40408086776733
15.0196875,3.40330600738525
15.0230208333333,3.40336561203003
15.0263541666667,3.40431928634644
15.0296875,3.4061074256897
15.0330208333333,3.40867042541504
15.0363541666667,3.41200828552246
15.0396875,3.41606140136719
15.0430208333333,3.42071056365967
15.0463541666667,3.42583656311035
15.0496875,3.43143939971924
15.0530208333333,3.43739986419678
15.0563541666667,3.44359874725342
15.0596875,3.44991683959961
15.0630208333333,3.45629453659058
15.0663541666667,3.46261262893677
15.0696875,3.46875190734863
15.0730208333333,3.47459316253662
15.0763541666667,3.48013639450073
15.0796875,3.48520278930664
15.0830208333333,3.48979234695435
15.0863541666667,3.4937858581543
15.0896875,3.49724292755127
15.0930208333333,3.49998474121094
15.0963541666667,3.50213050842285
15.0996875,3.50350141525269
15.1030208333333,3.50415706634521
15.1063541666667,3.50409746170044
15.1096875,3.50326299667358
15.1130208333333,3.50165367126465
15.1163541666667,3.49926948547363
15.1196875,3.49617004394531
15.1230208333333,3.49241495132446
15.1263541666667,3.48806381225586
15.1296875,3.4831166267395
15.1330208333333,3.47775220870972
15.1363541666667,3.4719705581665
15.1396875,3.46589088439941
15.1430208333333,3.45957279205322
15.1463541666667,3.45307588577271
15.1496875,3.44645977020264
15.1530208333333,3.43990325927734
15.1563541666667,3.43334674835205
15.1596875,3.42696905136108
15.1630208333333,3.42077016830444
15.1663541666667,3.41486930847168
15.1696875,3.40932607650757
15.1730208333333,3.40420007705688
15.1763541666667,3.3995509147644
15.1796875,3.39537858963013
15.1830208333333,3.3918023109436
15.1863541666667,3.38882207870483
15.1896875,3.38649749755859
15.1930208333333,3.38470935821533
15.1963541666667,3.3835768699646
15.1996875,3.3831000328064
15.2030208333333,3.38321924209595
15.2063541666667,3.38399410247803
15.2096875,3.38530540466309
15.2130208333333,3.38715314865112
15.2163541666667,3.38959693908691
15.2196875,3.39257717132568
15.2230208333333,3.39609384536743
15.2263541666667,3.40014696121216
15.2296875,3.40473651885986
15.2330208333333,3.40986251831055
15.2363541666667,3.41540575027466
15.2396875,3.42148542404175
15.2430208333333,3.42792272567749
15.2463541666667,3.43471765518188
15.2496875,3.44192981719971
15.2530208333333,3.44932079315186
15.2563541666667,3.45695018768311
15.2596875,3.46475839614868
15.2630208333333,3.47262620925903
15.2663541666667,3.48055362701416
15.2696875,3.48854064941406
15.2730208333333,3.49652767181396
15.2763541666667,3.50445508956909
15.2796875,3.51238250732422
15.2830208333333,3.52019071578979
15.2863541666667,3.52787971496582
15.2896875,3.53544950485229
15.2930208333333,3.54290008544922
15.2963541666667,3.55011224746704
15.2996875,3.55714559555054
15.3030208333333,3.56394052505493
15.3063541666667,3.57043743133545
15.3096875,3.57663631439209
15.3130208333333,3.58253717422485
15.3163541666667,3.58814001083374
15.3196875,3.59344482421875
15.3230208333333,3.59845161437988
15.3263541666667,3.60316038131714
15.3296875,3.60757112503052
15.3330208333333,3.61162424087524
15.3363541666667,3.61543893814087
15.3396875,3.61877679824829
15.3430208333333,3.62175703048706
15.3463541666667,3.62426042556763
15.3496875,3.62622737884521
15.3530208333333,3.62759828567505
15.3563541666667,3.62837314605713
15.3596875,3.62849235534668
15.3630208333333,3.62807512283325
15.3663541666667,3.62706184387207
15.3696875,3.62551212310791
15.3730208333333,3.62354516983032
15.3763541666667,3.62116098403931
15.3796875,3.61847877502441
15.3830208333333,3.61555814743042
15.3863541666667,3.61239910125732
15.3896875,3.60912084579468
15.3930208333333,3.60572338104248
15.3963541666667,3.60232591629028
15.3996875,3.59892845153809
15.4030208333333,3.59559059143066
15.4063541666667,3.59237194061279
15.4096875,3.58933210372925
15.4130208333333,3.5865306854248
15.4163541666667,3.58396768569946
15.4196875,3.581702709198
15.4230208333333,3.57961654663086
15.4263541666667,3.5778284072876
15.4296875,3.57609987258911
15.4330208333333,3.57455015182495
15.4363541666667,3.57294082641602
15.4396875,3.5712718963623
15.4430208333333,3.56948375701904
15.4463541666667,3.56751680374146
15.4496875,3.56531143188477
15.4530208333333,3.56286764144897
15.4563541666667,3.56012582778931
15.4596875,3.55714559555054
15.4630208333333,3.55392694473267
15.4663541666667,3.55041027069092
15.4696875,3.54677438735962
15.4730208333333,3.54295969009399
15.4763541666667,3.53902578353882
15.4796875,3.53497266769409
15.4830208333333,3.53085994720459
15.4863541666667,3.52668762207031
15.4896875,3.52251529693604
15.4930208333333,3.51846218109131
15.4963541666667,3.51446866989136
15.4996875,3.51065397262573
15.5030208333333,3.50707769393921
15.5063541666667,3.50373983383179
15.5096875,3.50075960159302
15.5130208333333,3.49807739257813
15.5163541666667,3.49581241607666
15.5196875,3.49384546279907
15.5230208333333,3.49229574203491
15.5263541666667,3.49104404449463
15.5296875,3.490149974823
15.5330208333333,3.48949432373047
15.5363541666667,3.48907709121704
15.5396875,3.48883867263794
15.5430208333333,3.48877906799316
15.5463541666667,3.48877906799316
15.5496875,3.48877906799316
15.5530208333333,3.48871946334839
15.5563541666667,3.48860025405884
15.5596875,3.48830223083496
15.5630208333333,3.48788499832153
15.5663541666667,3.487229347229
15.5696875,3.48639488220215
15.5730208333333,3.48538160324097
15.5763541666667,3.48418951034546
15.5796875,3.48281860351563
15.5830208333333,3.48126888275146
15.5863541666667,3.47965955734253
15.5896875,3.47799062728882
15.5930208333333,3.47632169723511
15.5963541666667,3.4746527671814
15.5996875,3.47304344177246
15.6030208333333,3.47155332565308
15.6063541666667,3.47030162811279
15.6096875,3.46928834915161
15.6130208333333,3.46857309341431
15.6163541666667,3.46821546554565
15.6196875,3.46833467483521
15.6230208333333,3.46893072128296
15.6263541666667,3.47012281417847
15.6296875,3.47185134887695
15.6330208333333,3.47417593002319
15.6363541666667,3.47715616226196
15.6396875,3.48079204559326
15.6430208333333,3.48496437072754
15.6463541666667,3.48979234695435
15.6496875,3.49515676498413
15.6530208333333,3.50099802017212
15.6563541666667,3.50725650787354
15.6596875,3.51399183273315
15.6630208333333,3.52102518081665
15.6663541666667,3.5284161567688
15.6696875,3.53598594665527
15.6730208333333,3.5436749458313
15.6763541666667,3.5514235496521
15.6796875,3.55911254882813
15.6830208333333,3.56674194335938
15.6863541666667,3.5741925239563
15.6896875,3.58134508132935
15.6930208333333,3.58814001083374
15.6963541666667,3.59457731246948
15.6996875,3.60047817230225
15.7030208333333,3.60590219497681
15.7063541666667,3.61078977584839
15.7096875,3.61502170562744
15.7130208333333,3.61871719360352
15.7163541666667,3.62175703048706
15.7196875,3.62426042556763
15.7230208333333,3.62610816955566
15.7263541666667,3.62753868103027
15.7296875,3.6284327507019
15.7330208333333,3.62896919250488
15.7363541666667,3.62914800643921
15.7396875,3.62902879714966
15.7430208333333,3.62873077392578
15.7463541666667,3.62825393676758
15.7496875,3.62753868103027
15.7530208333333,3.62676382064819
15.7563541666667,3.62581014633179
15.7596875,3.62473726272583
15.7630208333333,3.6236047744751
15.7663541666667,3.62241268157959
15.7696875,3.62122058868408
15.7730208333333,3.62002849578857
15.7763541666667,3.61889600753784
15.7796875,3.61776351928711
15.7830208333333,3.61675024032593
15.7863541666667,3.6158561706543
15.7896875,3.61502170562744
15.7930208333333,3.61424684524536
15.7963541666667,3.61359119415283
15.7996875,3.61305475234985
15.8030208333333,3.61263751983643
15.8063541666667,3.61233949661255
15.8096875,3.61227989196777
15.8130208333333,3.61227989196777
15.8163541666667,3.61251831054688
15.8196875,3.61287593841553
15.8230208333333,3.61341238021851
15.8263541666667,3.61412763595581
15.8296875,3.61496210098267
15.8330208333333,3.61591577529907
15.8363541666667,3.61692905426025
15.8396875,3.61800193786621
15.8430208333333,3.61913442611694
15.8463541666667,3.6202073097229
15.8496875,3.62128019332886
15.8530208333333,3.62217426300049
15.8563541666667,3.62294912338257
15.8596875,3.62348556518555
15.8630208333333,3.62378358840942
15.8663541666667,3.6238431930542
15.8696875,3.62354516983032
15.8730208333333,3.62300872802734
15.8763541666667,3.62217426300049
15.8796875,3.62104177474976
15.8830208333333,3.61961126327515
15.8863541666667,3.61794233322144
15.8896875,3.61603498458862
15.8930208333333,3.61388921737671
15.8963541666667,3.61150503158569
15.8996875,3.60894203186035
15.9030208333333,3.60620021820068
15.9063541666667,3.60321998596191
15.9096875,3.60018014907837
15.9130208333333,3.5969614982605
15.9163541666667,3.59368324279785
15.9196875,3.59040498733521
15.9230208333333,3.58706712722778
15.9263541666667,3.58378887176514
15.9296875,3.58057022094727
15.9330208333333,3.57753038406372
15.9363541666667,3.57460975646973
15.9396875,3.57192754745483
15.9430208333333,3.56954336166382
15.9463541666667,3.5673975944519
15.9496875,3.56566905975342
15.9530208333333,3.56429815292358
15.9563541666667,3.56334447860718
15.9596875,3.56274843215942
15.9630208333333,3.5625696182251
15.9663541666667,3.5628080368042
15.9696875,3.56346368789673
15.9730208333333,3.56447696685791
15.9763541666667,3.56584787368774
15.9796875,3.56751680374146
15.9830208333333,3.56954336166382
15.9863541666667,3.57186794281006
15.9896875,3.5744309425354
15.9930208333333,3.57723236083984
15.9963541666667,3.58015298843384
15.9996875,3.58319282531738
16.0030208333333,3.5862922668457
16.0063541666667,3.5894513130188
16.0096875,3.59249114990234
16.0130208333333,3.59541177749634
16.0163541666667,3.59821319580078
16.0196875,3.6008358001709
16.0230208333333,3.60321998596191
16.0263541666667,3.60536575317383
16.0296875,3.60727310180664
16.0330208333333,3.60900163650513
16.0363541666667,3.61049175262451
16.0396875,3.61174345016479
16.0430208333333,3.61287593841553
16.0463541666667,3.61382961273193
16.0496875,3.61460447311401
16.0530208333333,3.61520051956177
16.0563541666667,3.61567735671997
16.0596875,3.61603498458862
16.0630208333333,3.61621379852295
16.0663541666667,3.61621379852295
16.0696875,3.61603498458862
16.0730208333333,3.61567735671997
16.0763541666667,3.61514091491699
16.0796875,3.61436605453491
16.0830208333333,3.61347198486328
16.0863541666667,3.61239910125732
16.0896875,3.61120700836182
16.0930208333333,3.60989570617676
16.0963541666667,3.60852479934692
16.0996875,3.60703468322754
16.1030208333333,3.60554456710815
16.1063541666667,3.60393524169922
16.1096875,3.60226631164551
16.1130208333333,3.60053777694702
16.1163541666667,3.59863042831421
16.1196875,3.59660387039185
16.1230208333333,3.59433889389038
16.1263541666667,3.59195470809937
16.1296875,3.58933210372925
16.1330208333333,3.58659029006958
16.1363541666667,3.58372926712036
16.1396875,3.58080863952637
16.1430208333333,3.57788801193237
16.1463541666667,3.57508659362793
16.1496875,3.57252359390259
16.1530208333333,3.57013940811157
16.1563541666667,3.56817245483398
16.1596875,3.56656312942505
16.1630208333333,3.56537103652954
16.1663541666667,3.56477499008179
16.1696875,3.56471538543701
16.1730208333333,3.56531143188477
16.1763541666667,3.56662273406982
16.1796875,3.56864929199219
16.1830208333333,3.57145071029663
16.1863541666667,3.57496738433838
16.1896875,3.57925891876221
16.1930208333333,3.58438491821289
16.1963541666667,3.59022617340088
16.1996875,3.59678268432617
16.2030208333333,3.60399484634399
16.2063541666667,3.61186265945435
16.2096875,3.6202073097229
16.2130208333333,3.62908840179443
16.2163541666667,3.63826751708984
16.2196875,3.64774465560913
16.2230208333333,3.65740060806274
16.2263541666667,3.66705656051636
16.2296875,3.6766529083252
16.2330208333333,3.68607044219971
16.2363541666667,3.69518995285034
16.2396875,3.70407104492188
16.2430208333333,3.71247529983521
16.2463541666667,3.72052192687988
16.2496875,3.72809171676636
16.2530208333333,3.73512506484985
16.2563541666667,3.74162197113037
16.2596875,3.74764204025269
16.2630208333333,3.75312566757202
16.2663541666667,3.75807285308838
16.2696875,3.76248359680176
16.2730208333333,3.76629829406738
16.2763541666667,3.76945734024048
16.2796875,3.77202033996582
16.2830208333333,3.77386808395386
16.2863541666667,3.77494096755981
16.2896875,3.77529859542847
16.2930208333333,3.77482175827026
16.2963541666667,3.77357006072998
16.2996875,3.77142429351807
16.3030208333333,3.76856327056885
16.3063541666667,3.76492738723755
16.3096875,3.76063585281372
16.3130208333333,3.75568866729736
16.3163541666667,3.7502646446228
16.3196875,3.74430418014526
16.3230208333333,3.73804569244385
16.3263541666667,3.73154878616333
16.3296875,3.72481346130371
16.3330208333333,3.71789932250977
16.3363541666667,3.71098518371582
16.3396875,3.7040114402771
16.3430208333333,3.69703769683838
16.3463541666667,3.69018316268921
16.3496875,3.68350744247437
16.3530208333333,3.67695093154907
16.3563541666667,3.67069244384766
16.3596875,3.66473197937012
16.3630208333333,3.65912914276123
16.3663541666667,3.653883934021
16.3696875,3.64905595779419
16.3730208333333,3.64464521408081
16.3763541666667,3.64059209823608
16.3796875,3.63701581954956
16.3830208333333,3.63385677337646
16.3863541666667,3.63105535507202
16.3896875,3.62861156463623
16.3930208333333,3.62652540206909
16.3963541666667,3.62479686737061
16.3996875,3.62342596054077
16.4030208333333,3.62235307693481
16.4063541666667,3.62157821655273
16.4096875,3.62110137939453
16.4130208333333,3.62092256546021
16.4163541666667,3.62098217010498
16.4196875,3.62128019332886
16.4230208333333,3.62175703048706
16.4263541666667,3.62241268157959
16.4296875,3.62324714660645
16.4330208333333,3.62420082092285
16.4363541666667,3.62521409988403
16.4396875,3.62622737884521
16.4430208333333,3.6272406578064
16.4463541666667,3.6281943321228
16.4496875,3.62908840179443
16.4530208333333,3.62980365753174
16.4563541666667,3.63039970397949
16.4596875,3.63075733184814
16.4630208333333,3.63093614578247
16.4663541666667,3.63093614578247
16.4696875,3.63075733184814
16.4730208333333,3.63034009933472
16.4763541666667,3.62986326217651
16.4796875,3.62926721572876
16.4830208333333,3.62855195999146
16.4863541666667,3.62783670425415
16.4896875,3.62706184387207
16.4930208333333,3.62628698348999
16.4963541666667,3.62551212310791
16.4996875,3.62467765808105
16.5030208333333,3.6238431930542
16.5063541666667,3.62300872802734
16.5096875,3.62205505371094
16.5130208333333,3.62110137939453
16.5163541666667,3.62008810043335
16.5196875,3.61901521682739
16.5230208333333,3.61794233322144
16.5263541666667,3.6168098449707
16.5296875,3.6156177520752
16.5330208333333,3.61448526382446
16.5363541666667,3.61341238021851
16.5396875,3.61233949661255
16.5430208333333,3.61126661300659
16.5463541666667,3.61037254333496
16.5496875,3.60947847366333
16.5530208333333,3.60876321792603
16.5563541666667,3.60822677612305
16.5596875,3.60792875289917
16.5630208333333,3.60786914825439
16.5663541666667,3.60822677612305
16.5696875,3.60900163650513
16.5730208333333,3.61025333404541
16.5763541666667,3.6119818687439
16.5796875,3.61430644989014
16.5830208333333,3.61722707748413
16.5863541666667,3.62074375152588
16.5896875,3.62479686737061
16.5930208333333,3.62938642501831
16.5963541666667,3.63445281982422
16.5996875,3.63999605178833
16.6030208333333,3.64595651626587
16.6063541666667,3.65227460861206
16.6096875,3.65889072418213
16.6130208333333,3.66580486297607
16.6163541666667,3.67289781570435
16.6196875,3.68016958236694
16.6230208333333,3.68756055831909
16.6263541666667,3.69495153427124
16.6296875,3.70234251022339
16.6330208333333,3.70967388153076
16.6363541666667,3.71688604354858
16.6396875,3.72397899627686
16.6430208333333,3.7308931350708
16.6463541666667,3.73756885528564
16.6496875,3.74412536621094
16.6530208333333,3.7505030632019
16.6563541666667,3.75670194625854
16.6596875,3.76278162002563
16.6630208333333,3.76874208450317
16.6663541666667,3.77470254898071
16.6696875,3.78066301345825
16.6730208333333,3.78668308258057
16.6763541666667,3.79288196563721
16.6796875,3.79925966262817
16.6830208333333,3.80581617355347
16.6863541666667,3.81267070770264
16.6896875,3.81976366043091
16.6930208333333,3.82709503173828
16.6963541666667,3.83466482162476
16.6996875,3.84241342544556
16.7030208333333,3.85022163391113
16.7063541666667,3.85814905166626
16.7096875,3.86595726013184
16.7130208333333,3.87364625930786
16.7163541666667,3.88109683990479
16.7196875,3.88818979263306
16.7230208333333,3.89492511749268
16.7263541666667,3.90112400054932
16.7296875,3.9067268371582
16.7330208333333,3.91167402267456
16.7363541666667,3.91584634780884
16.7396875,3.91924381256104
16.7430208333333,3.92180681228638
16.7463541666667,3.92359495162964
16.7496875,3.92448902130127
16.7530208333333,3.92454862594604
16.7563541666667,3.92377376556396
16.7596875,3.9222240447998
16.7630208333333,3.91983985900879
16.7663541666667,3.91674041748047
16.7696875,3.91292572021484
16.7730208333333,3.90839576721191
16.7763541666667,3.90326976776123
16.7796875,3.89754772186279
16.7830208333333,3.8912296295166
16.7863541666667,3.88449430465698
16.7896875,3.87740135192871
16.7930208333333,3.87001037597656
16.7963541666667,3.86244058609009
16.7996875,3.85487079620361
16.8030208333333,3.84736061096191
16.8063541666667,3.84002923965454
16.8096875,3.83299589157104
16.8130208333333,3.82626056671143
16.8163541666667,3.82000207901001
16.8196875,3.8142204284668
16.8230208333333,3.80897521972656
16.8263541666667,3.80420684814453
16.8296875,3.80003452301025
16.8330208333333,3.79645824432373
16.8363541666667,3.79341840744019
16.8396875,3.79109382629395
16.8430208333333,3.78936529159546
16.8463541666667,3.78835201263428
16.8496875,3.78811359405518
16.8530208333333,3.78859043121338
16.8563541666667,3.78978252410889
16.8596875,3.79180908203125
16.8630208333333,3.79455089569092
16.8663541666667,3.79800796508789
16.8696875,3.80212068557739
16.8730208333333,3.80688905715942
16.8763541666667,3.81219387054443
16.8796875,3.81797552108765
16.8830208333333,3.82423400878906
16.8863541666667,3.83079051971436
16.8896875,3.83764505386353
16.8930208333333,3.84467840194702
16.8963541666667,3.85189056396484
16.8996875,3.85910272598267
16.9030208333333,3.86625528335571
16.9063541666667,3.87328863143921
16.9096875,3.88002395629883
16.9130208333333,3.88646125793457
16.9163541666667,3.89242172241211
16.9196875,3.89784574508667
16.9230208333333,3.90255451202393
16.9263541666667,3.90654802322388
16.9296875,3.90976667404175
16.9330208333333,3.91209125518799
16.9363541666667,3.91358137130737
16.9396875,3.9142370223999
16.9430208333333,3.91411781311035
16.9463541666667,3.9132833480835
16.9496875,3.91173362731934
16.9530208333333,3.90970706939697
16.9563541666667,3.90714406967163
16.9596875,3.90428304672241
16.9630208333333,3.90118360519409
16.9663541666667,3.89790534973145
16.9696875,3.89456748962402
16.9730208333333,3.89111042022705
16.9763541666667,3.88777256011963
16.9796875,3.88443470001221
16.9830208333333,3.88121604919434
16.9863541666667,3.87817621231079
16.9896875,3.87531518936157
16.9930208333333,3.87269258499146
16.9963541666667,3.87042760848999
16.9996875,3.86852025985718
17.0030208333333,3.86708974838257
17.0063541666667,3.86607646942139
17.0096875,3.86559963226318
17.0130208333333,3.86559963226318
17.0163541666667,3.86607646942139
17.0196875,3.86708974838257
17.0230208333333,3.86852025985718
17.0263541666667,3.87036800384521
17.0296875,3.8725733757019
17.0330208333333,3.87507677078247
17.0363541666667,3.87787818908691
17.0396875,3.88085842132568
17.0430208333333,3.88401746749878
17.0463541666667,3.88729572296143
17.0496875,3.89069318771362
17.0530208333333,3.89409065246582
17.0563541666667,3.89754772186279
17.0596875,3.90094518661499
17.0630208333333,3.90434265136719
17.0663541666667,3.90774011611938
17.0696875,3.91101837158203
17.0730208333333,3.9142370223999
17.0763541666667,3.91745567321777
17.0796875,3.92055511474609
17.0830208333333,3.92359495162964
17.0863541666667,3.92657518386841
17.0896875,3.92943620681763
17.0930208333333,3.93211841583252
17.0963541666667,3.93462181091309
17.0996875,3.93694639205933
17.1030208333333,3.93903255462646
17.1063541666667,3.94082069396973
17.1096875,3.94231081008911
17.1130208333333,3.94356250762939
17.1163541666667,3.9445161819458
17.1196875,3.94517183303833
17.1230208333333,3.94564867019653
17.1263541666667,3.94594669342041
17.1296875,3.94606590270996
17.1330208333333,3.94606590270996
17.1363541666667,3.94600629806519
17.1396875,3.94588708877563
17.1430208333333,3.94582748413086
17.1463541666667,3.94576787948608
17.1496875,3.94576787948608
17.1530208333333,3.94582748413086
17.1563541666667,3.94600629806519
17.1596875,3.94618511199951
17.1630208333333,3.94642353057861
17.1663541666667,3.94666194915771
17.1696875,3.94684076309204
17.1730208333333,3.94695997238159
17.1763541666667,3.94695997238159
17.1796875,3.94672155380249
17.1830208333333,3.94618511199951
17.1863541666667,3.94535064697266
17.1896875,3.94409894943237
17.1930208333333,3.94237041473389
17.1963541666667,3.9401650428772
17.1996875,3.93736362457275
17.2030208333333,3.93396615982056
17.2063541666667,3.93003225326538
17.2096875,3.92550230026245
17.2130208333333,3.92037630081177
17.2163541666667,3.91477346420288
17.2196875,3.90869379043579
17.2230208333333,3.90219688415527
17.2263541666667,3.89528274536133
17.2296875,3.88807058334351
17.2330208333333,3.88056039810181
17.2363541666667,3.87287139892578
17.2396875,3.86506319046021
17.2430208333333,3.85713577270508
17.2463541666667,3.84926795959473
17.2496875,3.8415789604187
17.2530208333333,3.834068775177
17.2563541666667,3.82697582244873
17.2596875,3.82035970687866
17.2630208333333,3.81439924240112
17.2663541666667,3.80915403366089
17.2696875,3.80468368530273
17.2730208333333,3.80110740661621
17.2763541666667,3.79830598831177
17.2796875,3.79645824432373
17.2830208333333,3.79544496536255
17.2863541666667,3.79526615142822
17.2896875,3.79592180252075
17.2930208333333,3.79729270935059
17.2963541666667,3.79949808120728
17.2996875,3.80235910415649
17.3030208333333,3.80581617355347
17.3063541666667,3.80992889404297
17.3096875,3.8144588470459
17.3130208333333,3.81940603256226
17.3163541666667,3.82465124130249
17.3196875,3.83001565933228
17.3230208333333,3.83543968200684
17.3263541666667,3.84074449539185
17.3296875,3.8459300994873
17.3330208333333,3.85075807571411
17.3363541666667,3.85516881942749
17.3396875,3.85910272598267
17.3430208333333,3.86255979537964
17.3463541666667,3.86542081832886
17.3496875,3.86768579483032
17.3530208333333,3.86935472488403
17.3563541666667,3.87036800384521
17.3596875,3.87078523635864
17.3630208333333,3.87060642242432
17.3663541666667,3.86989116668701
17.3696875,3.86863946914673
17.3730208333333,3.86691093444824
17.3763541666667,3.86476516723633
17.3796875,3.86220216751099
17.3830208333333,3.85934114456177
17.3863541666667,3.8561224937439
17.3896875,3.85266542434692
17.3930208333333,3.84891033172607
17.3963541666667,3.8449764251709
17.3996875,3.84074449539185
17.4030208333333,3.83639335632324
17.4063541666667,3.83186340332031
17.4096875,3.82721424102783
17.4130208333333,3.82250547409058
17.4163541666667,3.81779670715332
17.4196875,3.81308794021606
17.4230208333333,3.80849838256836
17.4263541666667,3.80408763885498
17.4296875,3.79985570907593
17.4330208333333,3.79598140716553
17.4363541666667,3.79234552383423
17.4396875,3.78918647766113
17.4430208333333,3.78644466400146
17.4463541666667,3.7841796875
17.4496875,3.78239154815674
17.4530208333333,3.78125905990601
17.4563541666667,3.78066301345825
17.4596875,3.78072261810303
17.4630208333333,3.78131866455078
17.4663541666667,3.78251075744629
17.4696875,3.7841796875
17.4730208333333,3.78626585006714
17.4763541666667,3.78876924514771
17.4796875,3.79157066345215
17.4830208333333,3.79449129104614
17.4863541666667,3.79747152328491
17.4896875,3.80045175552368
17.4930208333333,3.80343198776245
17.4963541666667,3.80629301071167
17.4996875,3.80903482437134
17.5030208333333,3.81165742874146
17.5063541666667,3.8142204284668
17.5096875,3.81666421890259
17.5130208333333,3.81910800933838
17.5163541666667,3.82161140441895
17.5196875,3.82411479949951
17.5230208333333,3.82667779922485
17.5263541666667,3.82930040359497
17.5296875,3.83204221725464
17.5330208333333,3.83496284484863
17.5363541666667,3.8379430770874
17.5396875,3.84116172790527
17.5430208333333,3.8444995880127
17.5463541666667,3.84813547134399
17.5496875,3.85195016860962
17.5530208333333,3.85606288909912
17.5563541666667,3.8604736328125
17.5596875,3.86512279510498
17.5630208333333,3.87012958526611
17.5663541666667,3.87537479400635
17.5696875,3.88097763061523
17.5730208333333,3.88681888580322
17.5763541666667,3.89289855957031
17.5796875,3.89915704727173
17.5830208333333,3.90565395355225
17.5863541666667,3.91227006912231
17.5896875,3.91894578933716
17.5930208333333,3.92568111419678
17.5963541666667,3.93235683441162
17.5996875,3.93897294998169
17.6030208333333,3.94535064697266
17.6063541666667,3.9515495300293
17.6096875,3.95739078521729
17.6130208333333,3.9629340171814
17.6163541666667,3.9680004119873
17.6196875,3.97270917892456
17.6230208333333,3.97700071334839
17.6263541666667,3.98075580596924
17.6296875,3.98415327072144
17.6330208333333,3.98719310760498
17.6363541666667,3.98987531661987
17.6396875,3.99231910705566
17.6430208333333,3.99446487426758
17.6463541666667,3.99649143218994
17.6496875,3.99845838546753
17.6530208333333,4.00036573410034
17.6563541666667,4.00221347808838
17.6596875,4.00412082672119
17.6630208333333,4.00608777999878
17.6663541666667,4.00817394256592
17.6696875,4.01031970977783
17.6730208333333,4.01264429092407
17.6763541666667,4.01502847671509
17.6796875,4.01759147644043
17.6830208333333,4.02027368545532
17.6863541666667,4.02295589447021
17.6896875,4.02575731277466
17.6930208333333,4.0285587310791
17.6963541666667,4.03130054473877
17.6996875,4.03392314910889
17.7030208333333,4.03636693954468
17.7063541666667,4.03863191604614
17.7096875,4.04059886932373
17.7130208333333,4.04226779937744
17.7163541666667,4.04351949691772
17.7196875,4.04435396194458
17.7230208333333,4.04465198516846
17.7263541666667,4.04441356658936
17.7296875,4.0435791015625
17.7330208333333,4.04208898544312
17.7363541666667,4.04006242752075
17.7396875,4.03738021850586
17.7430208333333,4.03410196304321
17.7463541666667,4.03022766113281
17.7496875,4.02575731277466
17.7530208333333,4.0208101272583
17.7563541666667,4.01538610458374
17.7596875,4.00954484939575
17.7630208333333,4.00334596633911
17.7663541666667,3.99690866470337
17.7696875,3.99035215377808
17.7730208333333,3.98379564285278
17.7763541666667,3.97735834121704
17.7796875,3.97109985351563
17.7830208333333,3.96525859832764
17.7863541666667,3.95989418029785
17.7896875,3.95500659942627
17.7930208333333,3.95077466964722
17.7963541666667,3.94713878631592
17.7996875,3.9442777633667
17.8030208333333,3.94213199615479
17.8063541666667,3.94070148468018
17.8096875,3.94010543823242
17.8130208333333,3.94022464752197
17.8163541666667,3.94117832183838
17.8196875,3.94284725189209
17.8230208333333,3.94535064697266
17.8263541666667,3.94850969314575
17.8296875,3.95238399505615
17.8330208333333,3.95685434341431
17.8363541666667,3.96186113357544
17.8396875,3.96728515625
17.8430208333333,3.97306680679321
17.8463541666667,3.97908687591553
17.8496875,3.98534536361694
17.8530208333333,3.99160385131836
17.8563541666667,3.99798154830933
17.8596875,4.00418043136597
17.8630208333333,4.01031970977783
17.8663541666667,4.01616096496582
17.8696875,4.02176380157471
17.8730208333333,4.02694940567017
17.8763541666667,4.03177738189697
17.8796875,4.03618812561035
17.8830208333333,4.0401816368103
17.8863541666667,4.04369831085205
17.8896875,4.04691696166992
17.8930208333333,4.04971837997437
17.8963541666667,4.05228137969971
17.8996875,4.05454635620117
17.9030208333333,4.05663251876831
17.9063541666667,4.05848026275635
17.9096875,4.06008958816528
17.9130208333333,4.06157970428467
17.9163541666667,4.06277179718018
17.9196875,4.06384468078613
17.9230208333333,4.06467914581299
17.9263541666667,4.06539440155029
17.9296875,4.06599044799805
17.9330208333333,4.06646728515625
17.9363541666667,4.06688451766968
17.9396875,4.06730175018311
17.9430208333333,4.06771898269653
17.9463541666667,4.06813621520996
17.9496875,4.06873226165771
17.9530208333333,4.06938791275024
17.9563541666667,4.07016277313232
17.9596875,4.07105684280396
17.9630208333333,4.07212972640991
17.9663541666667,4.07332181930542
17.9696875,4.07463312149048
17.9730208333333,4.07606363296509
17.9763541666667,4.07761335372925
17.9796875,4.07928228378296
17.9830208333333,4.08095121383667
17.9863541666667,4.08262014389038
17.9896875,4.08440828323364
17.9930208333333,4.0861964225769
17.9963541666667,4.08804416656494
17.9996875,4.08995151519775
18.0030208333333,4.09185886383057
18.0063541666667,4.09382581710815
18.0096875,4.09579277038574
18.0130208333333,4.09781932830811
18.0163541666667,4.09990549087524
18.0196875,4.10205125808716
18.0230208333333,4.10425662994385
18.0263541666667,4.10640239715576
18.0296875,4.10860776901245
18.0330208333333,4.11081314086914
18.0363541666667,4.11295890808105
18.0396875,4.11516427993774
18.0430208333333,4.11731004714966
18.0463541666667,4.11951541900635
18.0496875,4.12166118621826
18.0530208333333,4.12380695343018
18.0563541666667,4.12595272064209
18.0596875,4.12803888320923
18.0630208333333,4.13012504577637
18.0663541666667,4.13221120834351
18.0696875,4.13417816162109
18.0730208333333,4.13614511489868
18.0763541666667,4.13793325424194
18.0796875,4.13960218429565
18.0830208333333,4.14115190505981
18.0863541666667,4.14252281188965
18.0896875,4.14371490478516
18.0930208333333,4.14478778839111
18.0963541666667,4.14562225341797
18.0996875,4.14639711380005
18.1030208333333,4.14705276489258
18.1063541666667,4.14770841598511
18.1096875,4.14842367172241
18.1130208333333,4.14925813674927
18.1163541666667,4.15027141571045
18.1196875,4.15152311325073
18.1230208333333,4.15307283401489
18.1263541666667,4.15492057800293
18.1296875,4.15706634521484
18.1330208333333,4.15962934494019
18.1363541666667,4.1624903678894
18.1396875,4.1656494140625
18.1430208333333,4.16916608810425
18.1463541666667,4.1729211807251
18.1496875,4.1770339012146
18.1530208333333,4.18132543563843
18.1563541666667,4.18585538864136
18.1596875,4.19050455093384
18.1630208333333,4.19527292251587
18.1663541666667,4.2000412940979
18.1696875,4.20480966567993
18.1730208333333,4.20939922332764
18.1763541666667,4.21380996704102
18.1796875,4.21792268753052
18.1830208333333,4.22167778015137
18.1863541666667,4.22507524490356
18.1896875,4.22805547714233
18.1930208333333,4.2305588722229
18.1963541666667,4.23258543014526
18.1996875,4.23401594161987
18.2030208333333,4.23479080200195
18.2063541666667,4.23502922058105
18.2096875,4.23461198806763
18.2130208333333,4.23353910446167
18.2163541666667,4.23181056976318
18.2196875,4.22948598861694
18.2230208333333,4.22650575637817
18.2263541666667,4.22298908233643
18.2296875,4.21905517578125
18.2330208333333,4.21464443206787
18.2363541666667,4.20993566513062
18.2396875,4.20492887496948
18.2430208333333,4.19974327087402
18.2463541666667,4.19443845748901
18.2496875,4.18901443481445
18.2530208333333,4.18359041213989
18.2563541666667,4.17822599411011
18.2596875,4.17286157608032
18.2630208333333,4.16761636734009
18.2663541666667,4.16243076324463
18.2696875,4.15736436843872
18.2730208333333,4.15241718292236
18.2763541666667,4.14758920669556
18.2796875,4.1428804397583
18.2830208333333,4.13841009140015
18.2863541666667,4.13405895233154
18.2896875,4.13000583648682
18.2930208333333,4.12613153457642
18.2963541666667,4.12249565124512
18.2996875,4.1191577911377
18.3030208333333,4.1159987449646
18.3063541666667,4.11313772201538
18.3096875,4.11051511764526
18.3130208333333,4.10813093185425
18.3163541666667,4.10592555999756
18.3196875,4.10395860671997
18.3230208333333,4.10217046737671
18.3263541666667,4.10068035125732
18.3296875,4.09936904907227
18.3330208333333,4.09823656082153
18.3363541666667,4.09740209579468
18.3396875,4.09668684005737
18.3430208333333,4.09621000289917
18.3463541666667,4.09597158432007
18.3496875,4.09591197967529
18.3530208333333,4.09615039825439
18.3563541666667,4.0966272354126
18.3596875,4.09740209579468
18.3630208333333,4.09847497940063
18.3663541666667,4.09996509552002
18.3696875,4.10187244415283
18.3730208333333,4.1041374206543
18.3763541666667,4.10687923431396
18.3796875,4.10991907119751
18.3830208333333,4.11337614059448
18.3863541666667,4.11719083786011
18.3896875,4.12118434906006
18.3930208333333,4.12541627883911
18.3963541666667,4.12982702255249
18.3996875,4.13429737091064
18.4030208333333,4.1387677192688
18.4063541666667,4.14323806762695
18.4096875,4.14758920669556
18.4130208333333,4.15176153182983
18.4163541666667,4.15575504302979
18.4196875,4.15945053100586
18.4230208333333,4.16278839111328
18.4263541666667,4.16582822799683
18.4296875,4.16851043701172
18.4330208333333,4.17077541351318
18.4363541666667,4.17262315750122
18.4396875,4.17399406433105
18.4430208333333,4.17500734329224
18.4463541666667,4.17554378509521
18.4496875,4.17572259902954
18.4530208333333,4.17554378509521
18.4563541666667,4.17500734329224
18.4596875,4.17417287826538
18.4630208333333,4.17304039001465
18.4663541666667,4.17166948318481
18.4696875,4.17011976242065
18.4730208333333,4.16845083236694
18.4763541666667,4.16660308837891
18.4796875,4.16469573974609
18.4830208333333,4.16272878646851
18.4863541666667,4.16076183319092
18.4896875,4.15885448455811
18.4930208333333,4.15706634521484
18.4963541666667,4.15533781051636
18.4996875,4.15384769439697
18.5030208333333,4.15253639221191
18.5063541666667,4.15146350860596
18.5096875,4.1506290435791
18.5130208333333,4.14997339248657
18.5163541666667,4.14955615997314
18.5196875,4.14931774139404
18.5230208333333,4.14925813674927
18.5263541666667,4.14931774139404
18.5296875,4.14949655532837
18.5330208333333,4.14973497390747
18.5363541666667,4.14997339248657
18.5396875,4.1501522064209
18.5430208333333,4.15027141571045
18.5463541666667,4.15021181106567
18.5496875,4.14997339248657
18.5530208333333,4.14949655532837
18.5563541666667,4.14866209030151
18.5596875,4.14758920669556
18.5630208333333,4.14621829986572
18.5663541666667,4.14454936981201
18.5696875,4.1426420211792
18.5730208333333,4.14049625396729
18.5763541666667,4.13817167282104
18.5796875,4.13566827774048
18.5830208333333,4.13298606872559
18.5863541666667,4.13018465042114
18.5896875,4.12726402282715
18.5930208333333,4.1242241859436
18.5963541666667,4.12112474441528
18.5996875,4.11784648895264
18.6030208333333,4.11456823348999
18.6063541666667,4.11128997802734
18.6096875,4.1080117225647
18.6130208333333,4.1048526763916
18.6163541666667,4.10181283950806
18.6196875,4.09901142120361
18.6230208333333,4.09656763076782
18.6263541666667,4.09442186355591
18.6296875,4.09281253814697
18.6330208333333,4.09162044525146
18.6363541666667,4.09090518951416
18.6396875,4.09072637557983
18.6430208333333,4.09102439880371
18.6463541666667,4.09173965454102
18.6496875,4.09281253814697
18.6530208333333,4.09418344497681
18.6563541666667,4.09585237503052
18.6596875,4.09764051437378
18.6630208333333,4.09960746765137
18.6663541666667,4.10163402557373
18.6696875,4.10377979278564
18.6730208333333,4.10592555999756
18.6763541666667,4.10819053649902
18.6796875,4.11051511764526
18.6830208333333,4.11289930343628
18.6863541666667,4.11534309387207
18.6896875,4.11796569824219
18.6930208333333,4.12064790725708
18.6963541666667,4.12356853485107
18.6996875,4.12666797637939
18.7030208333333,4.13000583648682
18.7063541666667,4.13364171981812
18.7096875,4.13763523101807
18.7130208333333,4.14198637008667
18.7163541666667,4.1467547416687
18.7196875,4.15199995040894
18.7230208333333,4.15772199630737
18.7263541666667,4.16386127471924
18.7296875,4.17047739028931
18.7330208333333,4.17757034301758
18.7363541666667,4.1850209236145
18.7396875,4.19288873672485
18.7430208333333,4.20105457305908
18.7463541666667,4.20945882797241
18.7496875,4.21798229217529
18.7530208333333,4.22662496566772
18.7563541666667,4.23520803451538
18.7596875,4.24367189407349
18.7630208333333,4.25189733505249
18.7663541666667,4.25982475280762
18.7696875,4.26733493804932
18.7730208333333,4.27430868148804
18.7763541666667,4.28080558776855
18.7796875,4.28670644760132
18.7830208333333,4.29195165634155
18.7863541666667,4.29660081863403
18.7896875,4.30053472518921
18.7930208333333,4.30375337600708
18.7963541666667,4.30631637573242
18.7996875,4.30822372436523
18.8030208333333,4.30941581726074
18.8063541666667,4.3100118637085
18.8096875,4.3100118637085
18.8130208333333,4.30953502655029
18.8163541666667,4.30858135223389
18.8196875,4.30727005004883
18.8230208333333,4.30566072463989
18.8263541666667,4.30381298065186
18.8296875,4.30178642272949
18.8330208333333,4.29970026016235
18.8363541666667,4.29761409759521
18.8396875,4.29564714431763
18.8430208333333,4.29373979568481
18.8463541666667,4.29195165634155
18.8496875,4.29034233093262
18.8530208333333,4.28891181945801
18.8563541666667,4.28766012191772
18.8596875,4.28664684295654
18.8630208333333,4.28575277328491
18.8663541666667,4.28503751754761
18.8696875,4.28450107574463
18.8730208333333,4.28402423858643
18.8763541666667,4.283607006073
18.8796875,4.28330898284912
18.8830208333333,4.28307056427002
18.8863541666667,4.28283214569092
18.8896875,4.28259372711182
18.8930208333333,4.28229570388794
18.8963541666667,4.28193807601929
18.8996875,4.28152084350586
18.9030208333333,4.28092479705811
18.9063541666667,4.2802095413208
18.9096875,4.27931547164917
18.9130208333333,4.27824258804321
18.9163541666667,4.27699089050293
18.9196875,4.27550077438354
18.9230208333333,4.27383184432983
18.9263541666667,4.2719841003418
18.9296875,4.26995754241943
18.9330208333333,4.26781177520752
18.9363541666667,4.26554679870605
18.9396875,4.26316261291504
18.9430208333333,4.2608380317688
18.9463541666667,4.25851345062256
18.9496875,4.25624847412109
18.9530208333333,4.25422191619873
18.9563541666667,4.25237417221069
18.9596875,4.25088405609131
18.9630208333333,4.2496919631958
18.9663541666667,4.24885749816895
18.9696875,4.24844026565552
18.9730208333333,4.24844026565552
18.9763541666667,4.24879789352417
18.9796875,4.24951314926147
18.9830208333333,4.25052642822266
18.9863541666667,4.25177812576294
18.9896875,4.25320863723755
18.9930208333333,4.25475835800171
18.9963541666667,4.2564868927002
18.9996875,4.25827503204346
19.0030208333333,4.26018238067627
19.0063541666667,4.26220893859863
19.0096875,4.26429510116577
19.0130208333333,4.26656007766724
19.0163541666667,4.26888465881348
19.0196875,4.27132844924927
19.0230208333333,4.27389144897461
19.0263541666667,4.27651405334473
19.0296875,4.27919626235962
19.0330208333333,4.28199768066406
19.0363541666667,4.28479909896851
19.0396875,4.28766012191772
19.0430208333333,4.29058074951172
19.0463541666667,4.29350137710571
19.0496875,4.29642200469971
19.0530208333333,4.2993426322937
19.0563541666667,4.30220365524292
19.0596875,4.30506467819214
19.0630208333333,4.30786609649658
19.0663541666667,4.31054830551147
19.0696875,4.31311130523682
19.0730208333333,4.31555509567261
19.0763541666667,4.31782007217407
19.0796875,4.31996583938599
19.0830208333333,4.32193279266357
19.0863541666667,4.32378053665161
19.0896875,4.32544946670532
19.0930208333333,4.32705879211426
19.0963541666667,4.32854890823364
19.0996875,4.32997941970825
19.1030208333333,4.33135032653809
19.1063541666667,4.33266162872314
19.1096875,4.33391332626343
19.1130208333333,4.33516502380371
19.1163541666667,4.33635711669922
19.1196875,4.33748960494995
19.1230208333333,4.33868169784546
19.1263541666667,4.33981418609619
19.1296875,4.34088706970215
19.1330208333333,4.34201955795288
19.1363541666667,4.34303283691406
19.1396875,4.34404611587524
19.1430208333333,4.34505939483643
19.1463541666667,4.34601306915283
19.1496875,4.34702634811401
19.1530208333333,4.3480396270752
19.1563541666667,4.34911251068115
19.1596875,4.35024499893188
19.1630208333333,4.35155630111694
19.1663541666667,4.35298681259155
19.1696875,4.35459613800049
19.1730208333333,4.35632467269897
19.1763541666667,4.35829162597656
19.1796875,4.3603777885437
19.1830208333333,4.36264276504517
19.1863541666667,4.36502695083618
19.1896875,4.36758995056152
19.1930208333333,4.37033176422119
19.1963541666667,4.37325239181519
19.1996875,4.37641143798828
19.2030208333333,4.37980890274048
19.2063541666667,4.38350439071655
19.2096875,4.38743829727173
19.2130208333333,4.39167022705078
19.2163541666667,4.39608097076416
19.2196875,4.40078973770142
19.2230208333333,4.40561771392822
19.2263541666667,4.41062450408936
19.2296875,4.41563129425049
19.2330208333333,4.42063808441162
19.2363541666667,4.42558526992798
19.2396875,4.43047285079956
19.2430208333333,4.43518161773682
19.2463541666667,4.43971157073975
19.2496875,4.44406270980835
19.2530208333333,4.44811582565308
19.2563541666667,4.45187091827393
19.2596875,4.4553279876709
19.2630208333333,4.45842742919922
19.2663541666667,4.46110963821411
19.2696875,4.46337461471558
19.2730208333333,4.46522235870361
19.2763541666667,4.46653366088867
19.2796875,4.4674277305603
19.2830208333333,4.46772575378418
19.2863541666667,4.46760654449463
19.2896875,4.4669508934021
19.2930208333333,4.46587800979614
19.2963541666667,4.46438789367676
19.2996875,4.4625997543335
19.3030208333333,4.46057319641113
19.3063541666667,4.45830821990967
19.3096875,4.45598363876343
19.3130208333333,4.45359945297241
19.3163541666667,4.4512152671814
19.3196875,4.44889068603516
19.3230208333333,4.44668531417847
19.3263541666667,4.44447994232178
19.3296875,4.44245338439941
19.3330208333333,4.44048643112183
19.3363541666667,4.43869829177856
19.3396875,4.43696975708008
19.3430208333333,4.43536043167114
19.3463541666667,4.43392992019653
19.3496875,4.43267822265625
19.3530208333333,4.43160533905029
19.3563541666667,4.43077087402344
19.3596875,4.43017482757568
19.3630208333333,4.42987680435181
19.3663541666667,4.42993640899658
19.3696875,4.43029403686523
19.3730208333333,4.43089008331299
19.3763541666667,4.43184375762939
19.3796875,4.43297624588013
19.3830208333333,4.43434715270996
19.3863541666667,4.43589687347412
19.3896875,4.43750619888306
19.3930208333333,4.43923473358154
19.3963541666667,4.4410228729248
19.3996875,4.44287061691284
19.4030208333333,4.44483757019043
19.4063541666667,4.44686412811279
19.4096875,4.44895029067993
19.4130208333333,4.4512152671814
19.4163541666667,4.45365905761719
19.4196875,4.45622205734253
19.4230208333333,4.45902347564697
19.4263541666667,4.46188449859619
19.4296875,4.46492433547974
19.4330208333333,4.46802377700806
19.4363541666667,4.47124242782593
19.4396875,4.4744610786438
19.4430208333333,4.47773933410645
19.4463541666667,4.48101758956909
19.4496875,4.48435544967651
19.4530208333333,4.48781251907349
19.4563541666667,4.49132919311523
19.4596875,4.49502468109131
19.4630208333333,4.49883937835693
19.4663541666667,4.50289249420166
19.4696875,4.50700521469116
19.4730208333333,4.51135635375977
19.4763541666667,4.51582670211792
19.4796875,4.52041625976563
19.4830208333333,4.52506542205811
19.4863541666667,4.52971458435059
19.4896875,4.53448295593262
19.4930208333333,4.5391321182251
19.4963541666667,4.54384088516235
19.4996875,4.54843044281006
19.5030208333333,4.55296039581299
19.5063541666667,4.55731153488159
19.5096875,4.56148386001587
19.5130208333333,4.56541776657104
19.5163541666667,4.56905364990234
19.5196875,4.57227230072021
19.5230208333333,4.57513332366943
19.5263541666667,4.57757711410522
19.5296875,4.57948446273804
19.5330208333333,4.58091497421265
19.5363541666667,4.58186864852905
19.5396875,4.58222627639771
19.5430208333333,4.58204746246338
19.5463541666667,4.58133220672607
19.5496875,4.58008050918579
19.5530208333333,4.5783519744873
19.5563541666667,4.57602739334106
19.5596875,4.5732855796814
19.5630208333333,4.57000732421875
19.5663541666667,4.56637144088745
19.5696875,4.56225872039795
19.5730208333333,4.55784797668457
19.5763541666667,4.55307960510254
19.5796875,4.54795360565186
19.5830208333333,4.54258918762207
19.5863541666667,4.53698635101318
19.5896875,4.53102588653564
19.5930208333333,4.52488660812378
19.5963541666667,4.51856851577759
19.5996875,4.51201200485229
19.6030208333333,4.50533628463745
19.6063541666667,4.49854135513306
19.6096875,4.49162721633911
19.6130208333333,4.48471307754517
19.6163541666667,4.47773933410645
19.6196875,4.47070598602295
19.6230208333333,4.463791847229
19.6263541666667,4.45681810379028
19.6296875,4.44990396499634
19.6330208333333,4.44293022155762
19.6363541666667,4.43601608276367
19.6396875,4.42910194396973
19.6430208333333,4.42212820053101
19.6463541666667,4.41521406173706
19.6496875,4.40824031829834
19.6530208333333,4.40132617950439
19.6563541666667,4.39435243606567
19.6596875,4.3874979019165
19.6630208333333,4.38064336776733
19.6663541666667,4.37390804290771
19.6696875,4.36735153198242
19.6730208333333,4.36097383499146
19.6763541666667,4.35483455657959
19.6796875,4.34905290603638
19.6830208333333,4.34356927871704
19.6863541666667,4.33862209320068
19.6896875,4.33415174484253
19.6930208333333,4.33027744293213
19.6963541666667,4.32705879211426
19.6996875,4.32455539703369
19.7030208333333,4.32288646697998
19.7063541666667,4.32205200195313
19.7096875,4.3221116065979
19.7130208333333,4.32306528091431
19.7163541666667,4.32497262954712
19.7196875,4.32783365249634
19.7230208333333,4.33164834976196
19.7263541666667,4.33635711669922
19.7296875,4.34195995330811
19.7330208333333,4.3485164642334
19.7363541666667,4.35584783554077
19.7396875,4.36407327651978
19.7430208333333,4.37307357788086
19.7463541666667,4.3829083442688
19.7496875,4.39345836639404
19.7530208333333,4.40466403961182
19.7563541666667,4.41658496856689
19.7596875,4.42904233932495
19.7630208333333,4.44197654724121
19.7663541666667,4.45526838302612
19.7696875,4.46891784667969
19.7730208333333,4.4826865196228
19.7763541666667,4.49651479721069
19.7796875,4.51034307479858
19.7830208333333,4.52399253845215
19.7863541666667,4.53746318817139
19.7896875,4.55069541931152
19.7930208333333,4.56357002258301
19.7963541666667,4.57608699798584
19.7996875,4.58824634552002
19.8030208333333,4.599928855896
19.8063541666667,4.61119413375854
19.8096875,4.62192296981812
19.8130208333333,4.63217496871948
19.8163541666667,4.6418309211731
19.8196875,4.65089082717896
19.8230208333333,4.65929508209229
19.8263541666667,4.66698408126831
19.8296875,4.67389822006226
19.8330208333333,4.68015670776367
19.8363541666667,4.68558073043823
19.8396875,4.69028949737549
19.8430208333333,4.69416379928589
19.8463541666667,4.69732284545898
19.8496875,4.69964742660522
19.8530208333333,4.70125675201416
19.8563541666667,4.70215082168579
19.8596875,4.70221042633057
19.8630208333333,4.70161437988281
19.8663541666667,4.70030307769775
19.8696875,4.69833612442017
19.8730208333333,4.6958327293396
19.8763541666667,4.69273328781128
19.8796875,4.68921661376953
19.8830208333333,4.68534231185913
19.8863541666667,4.68116998672485
19.8896875,4.67687845230103
19.8930208333333,4.67252731323242
19.8963541666667,4.66823577880859
19.8996875,4.66406345367432
19.9030208333333,4.66018915176392
19.9063541666667,4.65661287307739
19.9096875,4.65339422225952
19.9130208333333,4.6507716178894
19.9163541666667,4.64868545532227
19.9196875,4.64725494384766
19.9230208333333,4.64659929275513
19.9263541666667,4.64677810668945
19.9296875,4.64773178100586
19.9330208333333,4.64951992034912
19.9363541666667,4.65214252471924
19.9396875,4.65553998947144
19.9430208333333,4.65953350067139
19.9463541666667,4.66406345367432
19.9496875,4.66883182525635
19.9530208333333,4.67371940612793
19.9563541666667,4.67848777770996
19.9596875,4.68295812606812
19.9630208333333,4.68701124191284
19.9663541666667,4.69040870666504
19.9696875,4.69315052032471
19.9730208333333,4.69511747360229
19.9763541666667,4.6963095664978
19.9796875,4.69684600830078
19.9830208333333,4.69666719436646
19.9863541666667,4.69589233398438
19.9896875,4.69464063644409
19.9930208333333,4.69297170639038
19.9963541666667,4.69100475311279
19.9996875,4.6887993812561
20.0030208333333,4.68641519546509
20.0063541666667,4.68403100967407
20.0096875,4.68164682388306
20.0130208333333,4.67938184738159
20.0163541666667,4.67723608016968
20.0196875,4.67526912689209
20.0230208333333,4.67348098754883
20.0263541666667,4.67199087142944
20.0296875,4.67079877853394
20.0330208333333,4.66984510421753
20.0363541666667,4.669189453125
20.0396875,4.66877222061157
20.0430208333333,4.66865301132202
20.0463541666667,4.66877222061157
20.0496875,4.66901063919067
20.0530208333333,4.6694278717041
20.0563541666667,4.6699047088623
20.0596875,4.67032194137573
20.0630208333333,4.67067956924438
20.0663541666667,4.67091798782349
20.0696875,4.67097759246826
20.0730208333333,4.67085838317871
20.0763541666667,4.67050075531006
20.0796875,4.6699047088623
20.0830208333333,4.66907024383545
20.0863541666667,4.66793775558472
20.0896875,4.66656684875488
20.0930208333333,4.66495752334595
20.0963541666667,4.66305017471313
20.0996875,4.66090440750122
20.1030208333333,4.65846061706543
20.1063541666667,4.65583801269531
20.1096875,4.65303659439087
20.1130208333333,4.6500563621521
20.1163541666667,4.64695692062378
20.1196875,4.64373826980591
20.1230208333333,4.64051961898804
20.1263541666667,4.63730096817017
20.1296875,4.63402271270752
20.1330208333333,4.63080406188965
20.1363541666667,4.627525806427
20.1396875,4.62430715560913
20.1430208333333,4.62108850479126
20.1463541666667,4.61786985397339
20.1496875,4.61477041244507
20.1530208333333,4.61167097091675
20.1563541666667,4.60875034332275
20.1596875,4.60600852966309
20.1630208333333,4.60344552993774
20.1663541666667,4.60124015808105
20.1696875,4.59927320480347
20.1730208333333,4.59766387939453
20.1763541666667,4.59641218185425
20.1796875,4.59551811218262
20.1830208333333,4.59504127502441
20.1863541666667,4.59492206573486
20.1896875,4.59516048431396
20.1930208333333,4.59575653076172
20.1963541666667,4.59671020507813
20.1996875,4.59802150726318
20.2030208333333,4.59963083267212
20.2063541666667,4.60165739059448
20.2096875,4.60392236709595
20.2130208333333,4.60648536682129
20.2163541666667,4.60934638977051
20.2196875,4.6125054359436
20.2230208333333,4.6159029006958
20.2263541666667,4.6195387840271
20.2296875,4.62347269058228
20.2330208333333,4.62758541107178
20.2363541666667,4.63193655014038
20.2396875,4.63646650314331
20.2430208333333,4.64117527008057
20.2463541666667,4.64600324630737
20.2496875,4.65089082717896
20.2530208333333,4.65577840805054
20.2563541666667,4.66060638427734
20.2596875,4.66525554656982
20.2630208333333,4.66978549957275
20.2663541666667,4.67407703399658
20.2696875,4.67807054519653
20.2730208333333,4.68176603317261
20.2763541666667,4.68522310256958
20.2796875,4.68826293945313
20.2830208333333,4.69106435775757
20.2863541666667,4.69356775283813
20.2896875,4.69577312469482
20.2930208333333,4.69774007797241
20.2963541666667,4.69952821731567
20.2996875,4.70107793807983
20.3030208333333,4.70244884490967
20.3063541666667,4.70376014709473
20.3096875,4.70489263534546
20.3130208333333,4.70590591430664
20.3163541666667,4.70691919326782
20.3196875,4.70781326293945
20.3230208333333,4.70864772796631
20.3263541666667,4.70948219299316
20.3296875,4.71031665802002
20.3330208333333,4.71115112304688
20.3363541666667,4.71204519271851
20.3396875,4.71293926239014
20.3430208333333,4.71395254135132
20.3463541666667,4.71508502960205
20.3496875,4.71633672714233
20.3530208333333,4.71770763397217
20.3563541666667,4.71919775009155
20.3596875,4.72080707550049
20.3630208333333,4.72259521484375
20.3663541666667,4.72444295883179
20.3696875,4.72646951675415
20.3730208333333,4.72849607467651
20.3763541666667,4.73058223724365
20.3796875,4.73272800445557
20.3830208333333,4.73493337631226
20.3863541666667,4.73719835281372
20.3896875,4.73946332931519
20.3930208333333,4.7418475151062
20.3963541666667,4.74423170089722
20.3996875,4.74667549133301
20.4030208333333,4.74923849105835
20.4063541666667,4.75186109542847
20.4096875,4.75454330444336
20.4130208333333,4.75722551345825
20.4163541666667,4.7600269317627
20.4196875,4.76288795471191
20.4230208333333,4.76574897766113
20.4263541666667,4.7687292098999
20.4296875,4.77170944213867
20.4330208333333,4.77474927902222
20.4363541666667,4.77784872055054
20.4396875,4.78100776672363
20.4430208333333,4.78428602218628
20.4463541666667,4.78756427764893
20.4496875,4.79084253311157
20.4530208333333,4.79418039321899
20.4563541666667,4.79751825332642
20.4596875,4.80085611343384
20.4630208333333,4.80413436889648
20.4663541666667,4.80735301971436
20.4696875,4.81051206588745
20.4730208333333,4.81361150741577
20.4763541666667,4.81665134429932
20.4796875,4.81957197189331
20.4830208333333,4.82231378555298
20.4863541666667,4.8249363899231
20.4896875,4.82743978500366
20.4930208333333,4.82982397079468
20.4963541666667,4.83208894729614
20.4996875,4.83423471450806
20.5030208333333,4.8363208770752
20.5063541666667,4.83834743499756
20.5096875,4.8404335975647
20.5130208333333,4.84257936477661
20.5163541666667,4.84472513198853
20.5196875,4.84693050384521
20.5230208333333,4.84907627105713
20.5263541666667,4.85122203826904
20.5296875,4.85324859619141
20.5330208333333,4.85515594482422
20.5363541666667,4.85682487487793
20.5396875,4.85825538635254
20.5430208333333,4.85938787460327
20.5463541666667,4.86022233963013
20.5496875,4.86075878143311
20.5530208333333,4.86093759536743
20.5563541666667,4.86069917678833
20.5596875,4.86010313034058
20.5630208333333,4.85914945602417
20.5663541666667,4.85771894454956
20.5696875,4.8559308052063
20.5730208333333,4.85360622406006
20.5763541666667,4.85092401504517
20.5796875,4.84770536422729
20.5830208333333,4.844069480896
20.5863541666667,4.84001636505127
20.5896875,4.83560562133789
20.5930208333333,4.83077764511108
20.5963541666667,4.82571125030518
20.5996875,4.82034683227539
20.6030208333333,4.81480360031128
20.6063541666667,4.80920076370239
20.6096875,4.80347871780396
20.6130208333333,4.79775667190552
20.6163541666667,4.79209423065186
20.6196875,4.78655099868774
20.6230208333333,4.78106737136841
20.6263541666667,4.7757625579834
20.6296875,4.77063655853271
20.6330208333333,4.76574897766113
20.6363541666667,4.76109981536865
20.6396875,4.75674867630005
20.6430208333333,4.75269556045532
20.6463541666667,4.74905967712402
20.6496875,4.74578142166138
20.6530208333333,4.74292039871216
20.6563541666667,4.74053621292114
20.6596875,4.73850965499878
20.6630208333333,4.73695993423462
20.6663541666667,4.73588705062866
20.6696875,4.73517179489136
20.6730208333333,4.73499298095703
20.6763541666667,4.73523139953613
20.6796875,4.73600625991821
20.6830208333333,4.73731756210327
20.6863541666667,4.73922491073608
20.6896875,4.74166870117188
20.6930208333333,4.7447681427002
20.6963541666667,4.74852323532104
20.6996875,4.75281476974487
20.7030208333333,4.75770235061646
20.7063541666667,4.76312637329102
20.7096875,4.768967628479
20.7130208333333,4.77516651153564
20.7163541666667,4.78172302246094
20.7196875,4.78857755661011
20.7230208333333,4.79555130004883
20.7263541666667,4.8026442527771
20.7296875,4.80979681015015
20.7330208333333,4.81688976287842
20.7363541666667,4.82398271560669
20.7396875,4.83095645904541
20.7430208333333,4.83781099319458
20.7463541666667,4.84448671340942
20.7496875,4.85104322433472
20.7530208333333,4.85736131668091
20.7563541666667,4.86350059509277
20.7596875,4.86958026885986
20.7630208333333,4.8755407333374
20.7663541666667,4.88138198852539
20.7696875,4.88722324371338
20.7730208333333,4.89306449890137
20.7763541666667,4.89890575408936
20.7796875,4.90486621856689
20.7830208333333,4.91088628768921
20.7863541666667,4.91690635681152
20.7896875,4.92304563522339
20.7930208333333,4.92912530899048
20.7963541666667,4.93520498275757
20.7996875,4.94116544723511
20.8030208333333,4.9470067024231
20.8063541666667,4.95260953903198
20.8096875,4.95791435241699
20.8130208333333,4.96286153793335
20.8163541666667,4.96739149093628
20.8196875,4.97138500213623
20.8230208333333,4.97490167617798
20.8263541666667,4.9777626991272
20.8296875,4.97996807098389
20.8330208333333,4.98151779174805
20.8363541666667,4.9823522567749
20.8396875,4.98247146606445
20.8430208333333,4.98193502426147
20.8463541666667,4.98062372207642
20.8496875,4.97865676879883
20.8530208333333,4.97603416442871
20.8563541666667,4.97287511825562
20.8596875,4.96912002563477
20.8630208333333,4.96494770050049
20.8663541666667,4.96035814285278
20.8696875,4.95553016662598
20.8730208333333,4.95052337646484
20.8763541666667,4.94551658630371
20.8796875,4.94056940078735
20.8830208333333,4.93574142456055
20.8863541666667,4.93127107620239
20.8896875,4.92721796035767
20.8930208333333,4.92370128631592
20.8963541666667,4.92072105407715
20.8996875,4.91845607757568
20.9030208333333,4.91678714752197
20.9063541666667,4.91589307785034
20.9096875,4.91559505462646
20.9130208333333,4.91607189178467
20.9163541666667,4.91714477539063
20.9196875,4.91881370544434
20.9230208333333,4.9210786819458
20.9263541666667,4.92393970489502
20.9296875,4.92721796035767
20.9330208333333,4.93091344833374
20.9363541666667,4.93502616882324
20.9396875,4.9394965171814
20.9430208333333,4.94414567947388
20.9463541666667,4.94903326034546
20.9496875,4.95404005050659
20.9530208333333,4.9591064453125
20.9563541666667,4.96417284011841
20.9596875,4.96917963027954
20.9630208333333,4.97400760650635
20.9663541666667,4.97865676879883
20.9696875,4.98300790786743
20.9730208333333,4.98700141906738
20.9763541666667,4.99051809310913
20.9796875,4.99355792999268
20.9830208333333,4.99606132507324
20.9863541666667,4.99790906906128
20.9896875,4.99910116195679
20.9930208333333,4.99969720840454
20.9963541666667,4.99963760375977
20.9996875,4.99898195266724
21.0030208333333,4.99773025512695
21.0063541666667,4.99594211578369
21.0096875,4.99361753463745
21.0130208333333,4.99093532562256
21.0163541666667,4.98777627944946
21.0196875,4.98425960540771
21.0230208333333,4.98032569885254
21.0263541666667,4.97603416442871
21.0296875,4.97150421142578
21.0330208333333,4.9666166305542
21.0363541666667,4.96149063110352
21.0396875,4.95618581771851
21.0430208333333,4.95070219039917
21.0463541666667,4.94509935379028
21.0496875,4.93955612182617
21.0530208333333,4.93401288986206
21.0563541666667,4.9285888671875
21.0596875,4.92340326309204
21.0630208333333,4.91839647293091
21.0663541666667,4.91368770599365
21.0696875,4.90933656692505
21.0730208333333,4.90540266036987
21.0763541666667,4.90188598632813
21.0796875,4.89884614944458
21.0830208333333,4.89634275436401
21.0863541666667,4.89431619644165
21.0896875,4.89282608032227
21.0930208333333,4.89187240600586
21.0963541666667,4.89133596420288
21.0996875,4.89127635955811
21.1030208333333,4.89157438278198
21.1063541666667,4.89217042922974
21.1096875,4.89300489425659
21.1130208333333,4.89407777786255
21.1163541666667,4.89526987075806
21.1196875,4.89652156829834
21.1230208333333,4.89789247512817
21.1263541666667,4.89932298660278
21.1296875,4.90075349807739
21.1330208333333,4.90224361419678
21.1363541666667,4.90373373031616
21.1396875,4.90528345108032
21.1430208333333,4.90683317184448
21.1463541666667,4.90838289260864
21.1496875,4.90999221801758
21.1530208333333,4.91166114807129
21.1563541666667,4.913330078125
21.1596875,4.91511821746826
21.1630208333333,4.91690635681152
21.1663541666667,4.91875410079956
21.1696875,4.92066144943237
21.1730208333333,4.92262840270996
21.1763541666667,4.9247145652771
21.1796875,4.92691993713379
21.1830208333333,4.92918491363525
21.1863541666667,4.93150949478149
21.1896875,4.93395328521729
21.1930208333333,4.93645668029785
21.1963541666667,4.93901968002319
21.1996875,4.94158267974854
21.2030208333333,4.94414567947388
21.2063541666667,4.94676828384399
21.2096875,4.94933128356934
21.2130208333333,4.95189428329468
21.2163541666667,4.95445728302002
21.2196875,4.95696067810059
21.2230208333333,4.95940446853638
21.2263541666667,4.96178865432739
21.2296875,4.96405363082886
21.2330208333333,4.96625900268555
21.2363541666667,4.96822595596313
21.2396875,4.97007369995117
21.2430208333333,4.97162342071533
21.2463541666667,4.97293472290039
21.2496875,4.9738883972168
21.2530208333333,4.97448444366455
21.2563541666667,4.97466325759888
21.2596875,4.97448444366455
21.2630208333333,4.9738883972168
21.2663541666667,4.97293472290039
21.2696875,4.97168302536011
21.2730208333333,4.97013330459595
21.2763541666667,4.96840476989746
21.2796875,4.96643781661987
21.2830208333333,4.96441125869751
21.2863541666667,4.9622654914856
21.2896875,4.96017932891846
21.2930208333333,4.95803356170654
21.2963541666667,4.95600700378418
21.2996875,4.95404005050659
21.3030208333333,4.95225191116333
21.3063541666667,4.95058298110962
21.3096875,4.94921207427979
21.3130208333333,4.9481987953186
21.3163541666667,4.94754314422607
21.3196875,4.94742393493652
21.3230208333333,4.94784116744995
21.3263541666667,4.94891405105591
21.3296875,4.95064258575439
21.3330208333333,4.95302677154541
21.3363541666667,4.95618581771851
21.3396875,4.96000051498413
21.3430208333333,4.96441125869751
21.3463541666667,4.96941804885864
21.3496875,4.97490167617798
21.3530208333333,4.98080253601074
21.3563541666667,4.98706102371216
21.3596875,4.9934983253479
21.3630208333333,5.00023365020752
21.3663541666667,5.00708818435669
21.3696875,5.01400232315063
21.3730208333333,5.02109527587891
21.3763541666667,5.02824783325195
21.3796875,5.035400390625
21.3830208333333,5.04261255264282
21.3863541666667,5.04976511001587
21.3896875,5.05679845809937
21.3930208333333,5.06365299224854
21.3963541666667,5.0702691078186
21.3996875,5.07652759552002
21.4030208333333,5.08248805999756
21.4063541666667,5.08797168731689
21.4096875,5.0930380821228
21.4130208333333,5.09762763977051
21.4163541666667,5.10174036026001
21.4196875,5.10537624359131
21.4230208333333,5.10865449905396
21.4263541666667,5.11157512664795
21.4296875,5.11407852172852
21.4330208333333,5.11634349822998
21.4363541666667,5.11831045150757
21.4396875,5.11997938156128
21.4430208333333,5.12140989303589
21.4463541666667,5.12248277664185
21.4496875,5.1233172416687
21.4530208333333,5.12373447418213
21.4563541666667,5.1237940788269
21.4596875,5.12343645095825
21.4630208333333,5.12266159057617
21.4663541666667,5.12135028839111
21.4696875,5.11962175369263
21.4730208333333,5.11741638183594
21.4763541666667,5.11467456817627
21.4796875,5.1114559173584
21.4830208333333,5.1078200340271
21.4863541666667,5.10376691818237
21.4896875,5.09929656982422
21.4930208333333,5.09440898895264
21.4963541666667,5.08922338485718
21.4996875,5.08373975753784
21.5030208333333,5.07789850234985
21.5063541666667,5.07187843322754
21.5096875,5.06556034088135
21.5130208333333,5.05912303924561
21.5163541666667,5.05250692367554
21.5196875,5.04589080810547
21.5230208333333,5.0392746925354
21.5263541666667,5.03265857696533
21.5296875,5.02622127532959
21.5330208333333,5.02002239227295
21.5363541666667,5.01400232315063
21.5396875,5.00833988189697
21.5430208333333,5.00297546386719
21.5463541666667,4.99790906906128
21.5496875,4.9932599067688
21.5530208333333,4.98896837234497
21.5563541666667,4.98503446578979
21.5596875,4.98157739639282
21.5630208333333,4.97853755950928
21.5663541666667,4.97597455978394
21.5696875,4.97394800186157
21.5730208333333,4.97239828109741
21.5763541666667,4.97138500213623
21.5796875,4.9709677696228
21.5830208333333,4.97108697891235
21.5863541666667,4.97180223464966
21.5896875,4.97311353683472
21.5930208333333,4.97502088546753
21.5963541666667,4.97746467590332
21.5996875,4.98044490814209
21.6030208333333,4.98396158218384
21.6063541666667,4.98795509338379
21.6096875,4.99230623245239
21.6130208333333,4.9971342086792
21.6163541666667,5.00220060348511
21.6196875,5.00762462615967
21.6230208333333,5.01322746276855
21.6263541666667,5.01900911331177
21.6296875,5.02490997314453
21.6330208333333,5.03081083297729
21.6363541666667,5.03671169281006
21.6396875,5.04249334335327
21.6430208333333,5.04803657531738
21.6463541666667,5.05340099334717
21.6496875,5.05846738815308
21.6530208333333,5.06317615509033
21.6563541666667,5.06746768951416
21.6596875,5.07146120071411
21.6630208333333,5.07497787475586
21.6663541666667,5.07819652557373
21.6696875,5.08099794387817
21.6730208333333,5.08344173431396
21.6763541666667,5.0855278968811
21.6796875,5.08725643157959
21.6830208333333,5.08862733840942
21.6863541666667,5.08964061737061
21.6896875,5.09029626846313
21.6930208333333,5.09065389633179
21.6963541666667,5.09065389633179
21.6996875,5.09047508239746
21.7030208333333,5.09011745452881
21.7063541666667,5.08964061737061
21.7096875,5.08910417556763
21.7130208333333,5.08850812911987
21.7163541666667,5.08797168731689
21.7196875,5.08749485015869
21.7230208333333,5.08701801300049
21.7263541666667,5.08666038513184
21.7296875,5.08636236190796
21.7330208333333,5.08612394332886
21.7363541666667,5.08588552474976
21.7396875,5.08570671081543
21.7430208333333,5.0855278968811
21.7463541666667,5.08540868759155
21.7496875,5.085289478302
21.7530208333333,5.08522987365723
21.7563541666667,5.08511066436768
21.7596875,5.08493185043335
21.7630208333333,5.08469343185425
21.7663541666667,5.08439540863037
21.7696875,5.08391857147217
21.7730208333333,5.08338212966919
21.7763541666667,5.08260726928711
21.7796875,5.0816535949707
21.7830208333333,5.08040189743042
21.7863541666667,5.07885217666626
21.7896875,5.07700443267822
21.7930208333333,5.07473945617676
21.7963541666667,5.07205724716187
21.7996875,5.06901741027832
21.8030208333333,5.06556034088135
21.8063541666667,5.06168603897095
21.8096875,5.05751371383667
21.8130208333333,5.05310297012329
21.8163541666667,5.04851341247559
21.8196875,5.04374504089355
21.8230208333333,5.03897666931152
21.8263541666667,5.03426790237427
21.8296875,5.02961874008179
21.8330208333333,5.02520799636841
21.8363541666667,5.02097606658936
21.8396875,5.01710176467896
21.8430208333333,5.01364469528198
21.8463541666667,5.01060485839844
21.8496875,5.0080418586731
21.8530208333333,5.00607490539551
21.8563541666667,5.0046443939209
21.8596875,5.00386953353882
21.8630208333333,5.00375032424927
21.8663541666667,5.00422716140747
21.8696875,5.00530004501343
21.8730208333333,5.00696897506714
21.8763541666667,5.0092339515686
21.8796875,5.0119161605835
21.8830208333333,5.01513481140137
21.8863541666667,5.01877069473267
21.8896875,5.02276420593262
21.8930208333333,5.027174949646
21.8963541666667,5.03182411193848
21.8996875,5.03671169281006
21.9030208333333,5.04183769226074
21.9063541666667,5.0470232963562
21.9096875,5.05232810974121
21.9130208333333,5.05763292312622
21.9163541666667,5.06287813186646
21.9196875,5.06800413131714
21.9230208333333,5.0729513168335
21.9263541666667,5.07771968841553
21.9296875,5.08219003677368
21.9330208333333,5.08648157119751
21.9363541666667,5.09047508239746
21.9396875,5.09417057037354
21.9430208333333,5.09756803512573
21.9463541666667,5.10060787200928
21.9496875,5.10334968566895
21.9530208333333,5.10579347610474
21.9563541666667,5.10793924331665
21.9596875,5.10972738265991
21.9630208333333,5.1112174987793
21.9663541666667,5.1124095916748
21.9696875,5.11330366134644
21.9730208333333,5.11389970779419
21.9763541666667,5.11419773101807
21.9796875,5.11419773101807
21.9830208333333,5.11395931243896
21.9863541666667,5.11342287063599
21.9896875,5.11264801025391
21.9930208333333,5.1116943359375
21.9963541666667,5.11062145233154
21.9996875,5.10936975479126
22.0030208333333,5.1080584526062
22.0063541666667,5.10674715042114
22.0096875,5.10531663894653
22.0130208333333,5.10388612747192
22.0163541666667,5.10245561599731
22.0196875,5.10090589523315
22.0230208333333,5.09923696517944
22.0263541666667,5.09744882583618
22.0296875,5.09560108184814
22.0330208333333,5.09357452392578
22.0363541666667,5.09142875671387
22.0396875,5.08922338485718
22.0430208333333,5.08695840835571
22.0463541666667,5.08475303649902
22.0496875,5.08254766464233
22.0530208333333,5.08040189743042
22.0563541666667,5.07849454879761
22.0596875,5.07670640945435
22.0630208333333,5.07509708404541
22.0663541666667,5.07372617721558
22.0696875,5.07253408432007
22.0730208333333,5.07152080535889
22.0763541666667,5.07074594497681
22.0796875,5.07014989852905
22.0830208333333,5.06973266601563
22.0863541666667,5.0695538520813
22.0896875,5.0695538520813
22.0930208333333,5.06985187530518
22.0963541666667,5.07044792175293
22.0996875,5.07128238677979
22.1030208333333,5.07247447967529
22.1063541666667,5.07402420043945
22.1096875,5.07581233978271
22.1130208333333,5.07795810699463
22.1163541666667,5.08040189743042
22.1196875,5.08302450180054
22.1230208333333,5.08594512939453
22.1263541666667,5.08904457092285
22.1296875,5.09226322174072
22.1330208333333,5.09560108184814
22.1363541666667,5.09893894195557
22.1396875,5.10227680206299
22.1430208333333,5.10555505752563
22.1463541666667,5.10877370834351
22.1496875,5.11181354522705
22.1530208333333,5.11461496353149
22.1563541666667,5.11717796325684
22.1596875,5.11938333511353
22.1630208333333,5.12129068374634
22.1663541666667,5.12290000915527
22.1696875,5.12415170669556
22.1730208333333,5.12504577636719
22.1763541666667,5.12558221817017
22.1796875,5.12582063674927
22.1830208333333,5.12570142745972
22.1863541666667,5.12528419494629
22.1896875,5.12456893920898
22.1930208333333,5.1235556602478
22.1963541666667,5.12224435806274
22.1996875,5.12063503265381
22.2030208333333,5.11884689331055
22.2063541666667,5.11682033538818
22.2096875,5.11467456817627
22.2130208333333,5.1124095916748
22.2163541666667,5.11008501052856
22.2196875,5.1078200340271
22.2230208333333,5.10561466217041
22.2263541666667,5.10340929031372
22.2296875,5.10138273239136
22.2330208333333,5.09947538375854
22.2363541666667,5.09768724441528
22.2396875,5.09613752365112
22.2430208333333,5.09470701217651
22.2463541666667,5.09351491928101
22.2496875,5.0925612449646
22.2530208333333,5.09184598922729
22.2563541666667,5.09136915206909
22.2596875,5.09113073348999
22.2630208333333,5.09119033813477
22.2663541666667,5.09142875671387
22.2696875,5.09196519851685
22.2730208333333,5.09268045425415
22.2763541666667,5.09363412857056
22.2796875,5.09482622146606
22.2830208333333,5.0961971282959
22.2863541666667,5.09768724441528
22.2896875,5.09935617446899
22.2930208333333,5.10108470916748
22.2963541666667,5.10281324386597
22.2996875,5.10460138320923
22.3030208333333,5.10632991790771
22.3063541666667,5.10793924331665
22.3096875,5.10942935943604
22.3130208333333,5.11085987091064
22.3163541666667,5.11211156845093
22.3196875,5.11324405670166
22.3230208333333,5.11437654495239
22.3263541666667,5.11538982391357
22.3296875,5.11634349822998
22.3330208333333,5.11723756790161
22.3363541666667,5.11807203292847
22.3396875,5.11884689331055
22.3430208333333,5.11956214904785
22.3463541666667,5.12015819549561
22.3496875,5.12075424194336
22.3530208333333,5.12129068374634
22.3563541666667,5.12182712554932
22.3596875,5.12236356735229
22.3630208333333,5.12295961380005
22.3663541666667,5.12367486953735
22.3696875,5.12456893920898
22.3730208333333,5.12564182281494
22.3763541666667,5.126953125
22.3796875,5.12856245040894
22.3830208333333,5.1303505897522
22.3863541666667,5.13243675231934
22.3896875,5.13482093811035
22.3930208333333,5.13744354248047
22.3963541666667,5.14030456542969
22.3996875,5.14352321624756
22.4030208333333,5.14692068099976
22.4063541666667,5.15073537826538
22.4096875,5.15478849411011
22.4130208333333,5.15919923782349
22.4163541666667,5.16390800476074
22.4196875,5.16891479492188
22.4230208333333,5.17427921295166
22.4263541666667,5.17982244491577
22.4296875,5.18560409545898
22.4330208333333,5.19150495529175
22.4363541666667,5.19752502441406
22.4396875,5.20354509353638
22.4430208333333,5.20950555801392
22.4463541666667,5.21546602249146
22.4496875,5.22130727767944
22.4530208333333,5.22702932357788
22.4563541666667,5.23263216018677
22.4596875,5.23817539215088
22.4630208333333,5.24359941482544
22.4663541666667,5.2490234375
22.4696875,5.25432825088501
22.4730208333333,5.25957345962524
22.4763541666667,5.2647590637207
22.4796875,5.26982545852661
22.4830208333333,5.27483224868774
22.4863541666667,5.27971982955933
22.4896875,5.28448820114136
22.4930208333333,5.28907775878906
22.4963541666667,5.29348850250244
22.4996875,5.29778003692627
22.5030208333333,5.30189275741577
22.5063541666667,5.30588626861572
22.5096875,5.30964136123657
22.5130208333333,5.31333684921265
22.5163541666667,5.31685352325439
22.5196875,5.32013177871704
22.5230208333333,5.32323122024536
22.5263541666667,5.3260326385498
22.5296875,5.32859563827515
22.5330208333333,5.33086061477661
22.5363541666667,5.33270835876465
22.5396875,5.33419847488403
22.5430208333333,5.33527135848999
22.5463541666667,5.33592700958252
22.5496875,5.33610582351685
22.5530208333333,5.33586740493774
22.5563541666667,5.33515214920044
22.5596875,5.33401966094971
22.5630208333333,5.33241033554077
22.5663541666667,5.33038377761841
22.5696875,5.32799959182739
22.5730208333333,5.3253173828125
22.5763541666667,5.32239675521851
22.5796875,5.31923770904541
22.5830208333333,5.31595945358276
22.5863541666667,5.31250238418579
22.5896875,5.30904531478882
22.5930208333333,5.30552864074707
22.5963541666667,5.30201196670532
22.5996875,5.29861450195313
22.6030208333333,5.29521703720093
22.6063541666667,5.29199838638306
22.6096875,5.28895854949951
22.6130208333333,5.28615713119507
22.6163541666667,5.28359413146973
22.6196875,5.28132915496826
22.6230208333333,5.27936220169067
22.6263541666667,5.27763366699219
22.6296875,5.2761435508728
22.6330208333333,5.27483224868774
22.6363541666667,5.27369976043701
22.6396875,5.27268648147583
22.6430208333333,5.2717924118042
22.6463541666667,5.27083873748779
22.6496875,5.26994466781616
22.6530208333333,5.26905059814453
22.6563541666667,5.26809692382813
22.6596875,5.26702404022217
22.6630208333333,5.26589155197144
22.6663541666667,5.26458024978638
22.6696875,5.26314973831177
22.6730208333333,5.26160001754761
22.6763541666667,5.25975227355957
22.6796875,5.25778532028198
22.6830208333333,5.25552034378052
22.6863541666667,5.25301694869995
22.6896875,5.25033473968506
22.6930208333333,5.24741411209106
22.6963541666667,5.24425506591797
22.6996875,5.24097681045532
22.7030208333333,5.2376389503479
22.7063541666667,5.23418188095093
22.7096875,5.23078441619873
22.7130208333333,5.22738695144653
22.7163541666667,5.22416830062866
22.7196875,5.22106885910034
22.7230208333333,5.21814823150635
22.7263541666667,5.2153468132019
22.7296875,5.21272420883179
22.7330208333333,5.210280418396
22.7363541666667,5.20789623260498
22.7396875,5.20569086074829
22.7430208333333,5.20360469818115
22.7463541666667,5.20163774490356
22.7496875,5.1998496055603
22.7530208333333,5.19824028015137
22.7563541666667,5.19680976867676
22.7596875,5.19567728042603
22.7630208333333,5.19472360610962
22.7663541666667,5.19412755966187
22.7696875,5.19376993179321
22.7730208333333,5.19365072250366
22.7763541666667,5.19382953643799
22.7796875,5.19424676895142
22.7830208333333,5.19496202468872
22.7863541666667,5.19591569900513
22.7896875,5.19716739654541
22.7930208333333,5.19871711730957
22.7963541666667,5.20056486129761
22.7996875,5.20282983779907
22.8030208333333,5.20551204681396
22.8063541666667,5.20855188369751
22.8096875,5.21200895309448
22.8130208333333,5.21594285964966
22.8163541666667,5.22017478942871
22.8196875,5.22482395172119
22.8230208333333,5.22977113723755
22.8263541666667,5.23489713668823
22.8296875,5.24032115936279
22.8330208333333,5.2458643913269
22.8363541666667,5.25158643722534
22.8396875,5.25736808776855
22.8430208333333,5.26326894760132
22.8463541666667,5.26922941207886
22.8496875,5.27513027191162
22.8530208333333,5.28109073638916
22.8563541666667,5.28693199157715
22.8596875,5.29271364212036
22.8630208333333,5.29825687408447
22.8663541666667,5.30362129211426
22.8696875,5.30874729156494
22.8730208333333,5.31357526779175
22.8763541666667,5.3180456161499
22.8796875,5.32209873199463
22.8830208333333,5.3257942199707
22.8863541666667,5.32901287078857
22.8896875,5.33181428909302
22.8930208333333,5.33407926559448
22.8963541666667,5.33580780029297
22.8996875,5.33699989318848
22.9030208333333,5.33765554428101
22.9063541666667,5.33777475357056
22.9096875,5.3374171257019
22.9130208333333,5.3364634513855
22.9163541666667,5.33509254455566
22.9196875,5.33324480056763
22.9230208333333,5.33097982406616
22.9263541666667,5.32829761505127
22.9296875,5.3253173828125
22.9330208333333,5.32197952270508
22.9363541666667,5.31840324401855
22.9396875,5.31458854675293
22.9430208333333,5.31059503555298
22.9463541666667,5.30648231506348
22.9496875,5.3023099899292
22.9530208333333,5.2981972694397
22.9563541666667,5.2940845489502
22.9596875,5.29015064239502
22.9630208333333,5.28645515441895
22.9663541666667,5.28299808502197
22.9696875,5.27995824813843
22.9730208333333,5.27733564376831
22.9763541666667,5.27524948120117
22.9796875,5.27369976043701
22.9830208333333,5.27274608612061
22.9863541666667,5.27244806289673
22.9896875,5.27280569076538
22.9930208333333,5.27381896972656
22.9963541666667,5.2754282951355
22.9996875,5.27763366699219
23.0030208333333,5.28049468994141
23.0063541666667,5.28395175933838
23.0096875,5.28800487518311
23.0130208333333,5.29265403747559
23.0163541666667,5.29789924621582
23.0196875,5.30374050140381
23.0230208333333,5.31017780303955
23.0263541666667,5.3170919418335
23.0296875,5.32454252243042
23.0330208333333,5.33241033554077
23.0363541666667,5.340576171875
23.0396875,5.34898042678833
23.0430208333333,5.35750389099121
23.0463541666667,5.36602735519409
23.0496875,5.37443161010742
23.0530208333333,5.3827166557312
23.0563541666667,5.39064407348633
23.0596875,5.39827346801758
23.0630208333333,5.40542602539063
23.0663541666667,5.41216135025024
23.0696875,5.41841983795166
23.0730208333333,5.4241418838501
23.0763541666667,5.42932748794556
23.0796875,5.43397665023804
23.0830208333333,5.43814897537231
23.0863541666667,5.44178485870361
23.0896875,5.44494390487671
23.0930208333333,5.4476261138916
23.0963541666667,5.44977188110352
23.0996875,5.45156002044678
23.1030208333333,5.45293092727661
23.1063541666667,5.45394420623779
23.1096875,5.45471906661987
23.1130208333333,5.45525550842285
23.1163541666667,5.4556131362915
23.1196875,5.45591115951538
23.1230208333333,5.45614957809448
23.1263541666667,5.45638799667358
23.1296875,5.45668601989746
23.1330208333333,5.45710325241089
23.1363541666667,5.45758008956909
23.1396875,5.4582953453064
23.1430208333333,5.4592490196228
23.1463541666667,5.46044111251831
23.1496875,5.46199083328247
23.1530208333333,5.46383857727051
23.1563541666667,5.46610355377197
23.1596875,5.46872615814209
23.1630208333333,5.47176599502563
23.1663541666667,5.47516345977783
23.1696875,5.47885894775391
23.1730208333333,5.48285245895386
23.1763541666667,5.48708438873291
23.1796875,5.49143552780151
23.1830208333333,5.49590587615967
23.1863541666667,5.50037622451782
23.1896875,5.50484657287598
23.1930208333333,5.50919771194458
23.1963541666667,5.51342964172363
23.1996875,5.51748275756836
23.2030208333333,5.52135705947876
23.2063541666667,5.52493333816528
23.2096875,5.52833080291748
23.2130208333333,5.53137063980103
23.2163541666667,5.53417205810547
23.2196875,5.53661584854126
23.2230208333333,5.53882122039795
23.2263541666667,5.54066896438599
23.2296875,5.54215908050537
23.2330208333333,5.54341077804565
23.2363541666667,5.54430484771729
23.2396875,5.54496049880981
23.2430208333333,5.54531812667847
23.2463541666667,5.54549694061279
23.2496875,5.54537773132324
23.2530208333333,5.54502010345459
23.2563541666667,5.54448366165161
23.2596875,5.54376840591431
23.2630208333333,5.54287433624268
23.2663541666667,5.54186105728149
23.2696875,5.54072856903076
23.2730208333333,5.53953647613525
23.2763541666667,5.53828477859497
23.2796875,5.53703308105469
23.2830208333333,5.53590059280396
23.2863541666667,5.53476810455322
23.2896875,5.53375482559204
23.2930208333333,5.53274154663086
23.2963541666667,5.53184747695923
23.2996875,5.5309534072876
23.3030208333333,5.53005933761597
23.3063541666667,5.52910566329956
23.3096875,5.52809238433838
23.3130208333333,5.52695989608765
23.3163541666667,5.52564859390259
23.3196875,5.52421808242798
23.3230208333333,5.52266836166382
23.3263541666667,5.52093982696533
23.3296875,5.51915168762207
23.3330208333333,5.51730394363403
23.3363541666667,5.515456199646
23.3396875,5.51360845565796
23.3430208333333,5.5118203163147
23.3463541666667,5.51009178161621
23.3496875,5.50848245620728
23.3530208333333,5.50681352615356
23.3563541666667,5.50520420074463
23.3596875,5.50359487533569
23.3630208333333,5.50192594528198
23.3663541666667,5.5001974105835
23.3696875,5.49846887588501
23.3730208333333,5.49662113189697
23.3763541666667,5.49477338790894
23.3796875,5.49286603927612
23.3830208333333,5.49101829528809
23.3863541666667,5.48911094665527
23.3896875,5.48732280731201
23.3930208333333,5.48553466796875
23.3963541666667,5.48380613327026
23.3996875,5.48213720321655
23.4030208333333,5.48052787780762
23.4063541666667,5.47903776168823
23.4096875,5.47754764556885
23.4130208333333,5.47623634338379
23.4163541666667,5.47492504119873
23.4196875,5.47373294830322
23.4230208333333,5.47266006469727
23.4263541666667,5.47164678573608
23.4296875,5.47069311141968
23.4330208333333,5.46979904174805
23.4363541666667,5.46896457672119
23.4396875,5.46818971633911
23.4430208333333,5.46747446060181
23.4463541666667,5.46687841415405
23.4496875,5.46634197235107
23.4530208333333,5.46586513519287
23.4563541666667,5.46556711196899
23.4596875,5.46532869338989
23.4630208333333,5.46526908874512
23.4663541666667,5.46526908874512
23.4696875,5.46538829803467
23.4730208333333,5.46562671661377
23.4763541666667,5.46598434448242
23.4796875,5.4665207862854
23.4830208333333,5.46723604202271
23.4863541666667,5.46818971633911
23.4896875,5.46938180923462
23.4930208333333,5.470871925354
23.4963541666667,5.47266006469727
23.4996875,5.47468662261963
23.5030208333333,5.47701120376587
23.5063541666667,5.47957420349121
23.5096875,5.48243522644043
23.5130208333333,5.4854154586792
23.5163541666667,5.48851490020752
23.5196875,5.49173355102539
23.5230208333333,5.49495220184326
23.5263541666667,5.49829006195068
23.5296875,5.50156831741333
23.5330208333333,5.5047869682312
23.5363541666667,5.50800561904907
23.5396875,5.51110506057739
23.5430208333333,5.51414489746094
23.5463541666667,5.51712512969971
23.5496875,5.51998615264893
23.5530208333333,5.52284717559814
23.5563541666667,5.52564859390259
23.5596875,5.52833080291748
23.5630208333333,5.53089380264282
23.5663541666667,5.53333759307861
23.5696875,5.53572177886963
23.5730208333333,5.53786754608154
23.5763541666667,5.53983449935913
23.5796875,5.54162263870239
23.5830208333333,5.54323196411133
23.5863541666667,5.54460287094116
23.5896875,5.54579496383667
23.5930208333333,5.54674863815308
23.5963541666667,5.54752349853516
23.5996875,5.54805994033813
23.6030208333333,5.54841756820679
23.6063541666667,5.54853677749634
23.6096875,5.54841756820679
23.6130208333333,5.54800033569336
23.6163541666667,5.54734468460083
23.6196875,5.54639101028442
23.6230208333333,5.54513931274414
23.6263541666667,5.54358959197998
23.6296875,5.54180145263672
23.6330208333333,5.53971529006958
23.6363541666667,5.53733110427856
23.6396875,5.53464889526367
23.6430208333333,5.53172826766968
23.6463541666667,5.52856922149658
23.6496875,5.52511215209961
23.6530208333333,5.52141666412354
23.6563541666667,5.51754236221313
23.6596875,5.51348924636841
23.6630208333333,5.50931692123413
23.6663541666667,5.50496578216553
23.6696875,5.50061464309692
23.6730208333333,5.49614429473877
23.6763541666667,5.49173355102539
23.6796875,5.48732280731201
23.6830208333333,5.48297166824341
23.6863541666667,5.47873973846436
23.6896875,5.47462701797485
23.6930208333333,5.4706335067749
23.6963541666667,5.46681880950928
23.6996875,5.46330213546753
23.7030208333333,5.46014308929443
23.7063541666667,5.45728206634521
23.7096875,5.45483827590942
23.7130208333333,5.45281171798706
23.7163541666667,5.4512619972229
23.7196875,5.45024871826172
23.7230208333333,5.44965267181396
23.7263541666667,5.44959306716919
23.7296875,5.44995069503784
23.7330208333333,5.45066595077515
23.7363541666667,5.45179843902588
23.7396875,5.45328855514526
23.7430208333333,5.45507669448853
23.7463541666667,5.45716285705566
23.7496875,5.45954704284668
23.7530208333333,5.4621696472168
23.7563541666667,5.46497106552124
23.7596875,5.46795129776001
23.7630208333333,5.47116994857788
23.7663541666667,5.47444820404053
23.7696875,5.4779052734375
23.7730208333333,5.48148155212402
23.7763541666667,5.4851770401001
23.7796875,5.4890513420105
23.7830208333333,5.49298524856567
23.7863541666667,5.49715757369995
23.7896875,5.50144910812378
23.7930208333333,5.50591945648193
23.7963541666667,5.51062822341919
23.7996875,5.51551580429077
23.8030208333333,5.5205225944519
23.8063541666667,5.52576780319214
23.8096875,5.53113222122192
23.8130208333333,5.53661584854126
23.8163541666667,5.54221868515015
23.8196875,5.54794073104858
23.8230208333333,5.5537223815918
23.8263541666667,5.55962324142456
23.8296875,5.5655837059021
23.8330208333333,5.57160377502441
23.8363541666667,5.57762384414673
23.8396875,5.58376312255859
23.8430208333333,5.58996200561523
23.8463541666667,5.59622049331665
23.8496875,5.60247898101807
23.8530208333333,5.60873746871948
23.8563541666667,5.61493635177612
23.8596875,5.62095642089844
23.8630208333333,5.6268572807312
23.8663541666667,5.63251972198486
23.8696875,5.63782453536987
23.8730208333333,5.64277172088623
23.8763541666667,5.64730167388916
23.8796875,5.65147399902344
23.8830208333333,5.65516948699951
23.8863541666667,5.65850734710693
23.8896875,5.6614875793457
23.8930208333333,5.66411018371582
23.8963541666667,5.66643476486206
23.8996875,5.66840171813965
23.9030208333333,5.67007064819336
23.9063541666667,5.67150115966797
23.9096875,5.67257404327393
23.9130208333333,5.67334890365601
23.9163541666667,5.67382574081421
23.9196875,5.67394495010376
23.9230208333333,5.67382574081421
23.9263541666667,5.67346811294556
23.9296875,5.67293167114258
23.9330208333333,5.67221641540527
23.9363541666667,5.67150115966797
23.9396875,5.67078590393066
23.9430208333333,5.67007064819336
23.9463541666667,5.66959381103516
23.9496875,5.6692361831665
23.9530208333333,5.66911697387695
23.9563541666667,5.66929578781128
23.9596875,5.66965341567993
23.9630208333333,5.67030906677246
23.9663541666667,5.67120313644409
23.9696875,5.67227602005005
23.9730208333333,5.67358732223511
23.9763541666667,5.67513704299927
23.9796875,5.67680597305298
23.9830208333333,5.67871332168579
23.9863541666667,5.68085908889771
23.9896875,5.68318367004395
23.9930208333333,5.68574666976929
23.9963541666667,5.68854808807373
23.9996875,5.6915283203125
24.0030208333333,5.69474697113037
24.0063541666667,5.69808483123779
24.0096875,5.70154190063477
24.0130208333333,5.70511817932129
24.0163541666667,5.70863485336304
24.0196875,5.71215152740479
24.0230208333333,5.71554899215698
24.0263541666667,5.71882724761963
24.0296875,5.72192668914795
24.0330208333333,5.72478771209717
24.0363541666667,5.72752952575684
24.0396875,5.7300329208374
24.0430208333333,5.73229789733887
24.0463541666667,5.73432445526123
24.0496875,5.73611259460449
24.0530208333333,5.73772192001343
24.0563541666667,5.73897361755371
24.0596875,5.74004650115967
24.0630208333333,5.74076175689697
24.0663541666667,5.7411789894104
24.0696875,5.7411789894104
24.0730208333333,5.74082136154175
24.0763541666667,5.74004650115967
24.0796875,5.73897361755371
24.0830208333333,5.73742389678955
24.0863541666667,5.73557615280151
24.0896875,5.7334303855896
24.0930208333333,5.73104619979858
24.0963541666667,5.72842359542847
24.0996875,5.7256817817688
24.1030208333333,5.72282075881958
24.1063541666667,5.71990013122559
24.1096875,5.71697950363159
24.1130208333333,5.71399927139282
24.1163541666667,5.71107864379883
24.1196875,5.70815801620483
24.1230208333333,5.70529699325562
24.1263541666667,5.70255517959595
24.1296875,5.69993257522583
24.1330208333333,5.69748878479004
24.1363541666667,5.69528341293335
24.1396875,5.69325685501099
24.1430208333333,5.69164752960205
24.1463541666667,5.69033622741699
24.1496875,5.68938255310059
24.1530208333333,5.68878650665283
24.1563541666667,5.68860769271851
24.1596875,5.68878650665283
24.1630208333333,5.68926334381104
24.1663541666667,5.69009780883789
24.1696875,5.69123029708862
24.1730208333333,5.69260120391846
24.1763541666667,5.69415092468262
24.1796875,5.6958794593811
24.1830208333333,5.69778680801392
24.1863541666667,5.6997537612915
24.1896875,5.70183992385864
24.1930208333333,5.70398569107056
24.1963541666667,5.7060718536377
24.1996875,5.70821762084961
24.2030208333333,5.71030378341675
24.2063541666667,5.71233034133911
24.2096875,5.71423768997192
24.2130208333333,5.71602582931519
24.2163541666667,5.71763515472412
24.2196875,5.71906566619873
24.2230208333333,5.72031736373901
24.2263541666667,5.72127103805542
24.2296875,5.72198629379272
24.2330208333333,5.72234392166138
24.2363541666667,5.72240352630615
24.2396875,5.72210550308228
24.2430208333333,5.72150945663452
24.2463541666667,5.72055578231812
24.2496875,5.71930408477783
24.2530208333333,5.71775436401367
24.2563541666667,5.71602582931519
24.2596875,5.71411848068237
24.2630208333333,5.71209192276001
24.2663541666667,5.70988655090332
24.2696875,5.70756196975708
24.2730208333333,5.70511817932129
24.2763541666667,5.70261478424072
24.2796875,5.69999217987061
24.2830208333333,5.69730997085571
24.2863541666667,5.69450855255127
24.2896875,5.69170713424683
24.2930208333333,5.68890571594238
24.2963541666667,5.68610429763794
24.2996875,5.68342208862305
24.3030208333333,5.68085908889771
24.3063541666667,5.67841529846191
24.3096875,5.67626953125
24.3130208333333,5.67430257797241
24.3163541666667,5.67269325256348
24.3196875,5.67132234573364
24.3230208333333,5.67030906677246
24.3263541666667,5.66959381103516
24.3296875,5.6692361831665
24.3330208333333,5.6692361831665
24.3363541666667,5.66959381103516
24.3396875,5.67036867141724
24.3430208333333,5.67156076431274
24.3463541666667,5.6731104850769
24.3496875,5.67513704299927
24.3530208333333,5.67752122879028
24.3563541666667,5.68032264709473
24.3596875,5.68348169326782
24.3630208333333,5.68699836730957
24.3663541666667,5.6908130645752
24.3696875,5.6949257850647
24.3730208333333,5.69921731948853
24.3763541666667,5.7036280632019
24.3796875,5.70821762084961
24.3830208333333,5.71274757385254
24.3863541666667,5.71727752685547
24.3896875,5.72162866592407
24.3930208333333,5.72580099105835
24.3963541666667,5.7297945022583
24.3996875,5.73348999023438
24.4030208333333,5.73688745498657
24.4063541666667,5.73998689651489
24.4096875,5.74272871017456
24.4130208333333,5.74517250061035
24.4163541666667,5.74737787246704
24.4196875,5.74928522109985
24.4230208333333,5.75089454650879
24.4263541666667,5.7523250579834
24.4296875,5.75357675552368
24.4330208333333,5.75459003448486
24.4363541666667,5.75548410415649
24.4396875,5.75625896453857
24.4430208333333,5.75685501098633
24.4463541666667,5.75745105743408
24.4496875,5.75798749923706
24.4530208333333,5.75852394104004
24.4563541666667,5.75900077819824
24.4596875,5.759596824646
24.4630208333333,5.76019287109375
24.4663541666667,5.76090812683105
24.4696875,5.76174259185791
24.4730208333333,5.76263666152954
24.4763541666667,5.7637095451355
24.4796875,5.76490163803101
24.4830208333333,5.76627254486084
24.4863541666667,5.767822265625
24.4896875,5.76967000961304
24.4930208333333,5.7716965675354
24.4963541666667,5.77396154403687
24.4996875,5.77646493911743
24.5030208333333,5.7792067527771
24.5063541666667,5.78206777572632
24.5096875,5.78510761260986
24.5130208333333,5.78820705413818
24.5163541666667,5.7913064956665
24.5196875,5.79434633255005
24.5230208333333,5.79726696014404
24.5263541666667,5.79994916915894
24.5296875,5.8024525642395
24.5330208333333,5.80459833145142
24.5363541666667,5.80644607543945
24.5396875,5.80793619155884
24.5430208333333,5.80912828445435
24.5463541666667,5.80990314483643
24.5496875,5.81037998199463
24.5530208333333,5.81061840057373
24.5563541666667,5.81049919128418
24.5596875,5.8102011680603
24.5630208333333,5.80966472625732
24.5663541666667,5.80888986587524
24.5696875,5.80799579620361
24.5730208333333,5.80698251724243
24.5763541666667,5.8058500289917
24.5796875,5.80471754074097
24.5830208333333,5.80358505249023
24.5863541666667,5.80251216888428
24.5896875,5.8014988899231
24.5930208333333,5.80060482025146
24.5963541666667,5.79988956451416
24.5996875,5.79929351806641
24.6030208333333,5.79899549484253
24.6063541666667,5.79887628555298
24.6096875,5.7990550994873
24.6130208333333,5.79953193664551
24.6163541666667,5.80042600631714
24.6196875,5.80161809921265
24.6230208333333,5.80328702926636
24.6263541666667,5.80525398254395
24.6296875,5.80763816833496
24.6330208333333,5.81032037734985
24.6363541666667,5.81330060958862
24.6396875,5.81657886505127
24.6430208333333,5.81997632980347
24.6463541666667,5.82349300384521
24.6496875,5.82718849182129
24.6530208333333,5.83088397979736
24.6563541666667,5.83463907241821
24.6596875,5.83839416503906
24.6630208333333,5.84208965301514
24.6663541666667,5.84572553634644
24.6696875,5.84924221038818
24.6730208333333,5.85263967514038
24.6763541666667,5.85579872131348
24.6796875,5.85871934890747
24.6830208333333,5.86134195327759
24.6863541666667,5.86354732513428
24.6896875,5.86539506912231
24.6930208333333,5.86676597595215
24.6963541666667,5.86766004562378
24.6996875,5.86813688278198
24.7030208333333,5.86807727813721
24.7063541666667,5.86754083633423
24.7096875,5.86658716201782
24.7130208333333,5.86515665054321
24.7163541666667,5.86342811584473
24.7196875,5.86128234863281
24.7230208333333,5.8588981628418
24.7263541666667,5.8562159538269
24.7296875,5.85329532623291
24.7330208333333,5.85019588470459
24.7363541666667,5.84691762924194
24.7396875,5.84346055984497
24.7430208333333,5.83982467651367
24.7463541666667,5.83606958389282
24.7496875,5.83213567733765
24.7530208333333,5.82808256149292
24.7563541666667,5.82391023635864
24.7596875,5.81967830657959
24.7630208333333,5.81532716751099
24.7663541666667,5.81097602844238
24.7696875,5.80650568008423
24.7730208333333,5.8019757270813
24.7763541666667,5.79750537872314
24.7796875,5.79297542572021
24.7830208333333,5.78850507736206
24.7863541666667,5.78403472900391
24.7896875,5.77962398529053
24.7930208333333,5.77521324157715
24.7963541666667,5.77092170715332
24.7996875,5.76674938201904
24.8030208333333,5.76263666152954
24.8063541666667,5.75870275497437
24.8096875,5.75482845306396
24.8130208333333,5.75113296508789
24.8163541666667,5.74755668640137
24.8196875,5.74415922164917
24.8230208333333,5.7409405708313
24.8263541666667,5.73796033859253
24.8296875,5.73521852493286
24.8330208333333,5.73271512985229
24.8363541666667,5.73050975799561
24.8396875,5.72860240936279
24.8430208333333,5.72705268859863
24.8463541666667,5.72580099105835
24.8496875,5.72502613067627
24.8530208333333,5.72466850280762
24.8563541666667,5.72478771209717
24.8596875,5.72538375854492
24.8630208333333,5.72651624679565
24.8663541666667,5.72812557220459
24.8696875,5.73033094406128
24.8730208333333,5.73307275772095
24.8763541666667,5.73629140853882
24.8796875,5.74004650115967
24.8830208333333,5.74415922164917
24.8863541666667,5.7486891746521
24.8896875,5.75357675552368
24.8930208333333,5.75870275497437
24.8963541666667,5.76406717300415
24.8996875,5.76961040496826
24.9030208333333,5.77527284622192
24.9063541666667,5.78105449676514
24.9096875,5.78689575195313
24.9130208333333,5.79279661178589
24.9163541666667,5.7985782623291
24.9196875,5.80435991287231
24.9230208333333,5.81002235412598
24.9263541666667,5.81556558609009
24.9296875,5.82093000411987
24.9330208333333,5.82605600357056
24.9363541666667,5.83100318908691
24.9396875,5.83571195602417
24.9430208333333,5.84018230438232
24.9463541666667,5.8443546295166
24.9496875,5.84828853607178
24.9530208333333,5.85192441940308
24.9563541666667,5.85532188415527
24.9596875,5.85836172103882
24.9630208333333,5.86110353469849
24.9663541666667,5.86354732513428
24.9696875,5.86569309234619
24.9730208333333,5.86754083633423
24.9763541666667,5.86909055709839
24.9796875,5.87034225463867
24.9830208333333,5.87135553359985
24.9863541666667,5.87218999862671
24.9896875,5.87272644042969
24.9930208333333,5.87314367294312
24.9963541666667,5.87326288223267
24.9996875,5.87332248687744
25.0030208333333,5.87314367294312
25.0063541666667,5.87290525436401
25.0096875,5.87248802185059
25.0130208333333,5.87201118469238
25.0163541666667,5.8714747428894
25.0196875,5.87093830108643
25.0230208333333,5.87040185928345
25.0263541666667,5.86992502212524
25.0296875,5.86956739425659
25.0330208333333,5.86932897567749
25.0363541666667,5.86920976638794
25.0396875,5.86926937103271
25.0430208333333,5.86950778961182
25.0463541666667,5.86998462677002
25.0496875,5.87064027786255
25.0530208333333,5.8714747428894
25.0563541666667,5.87242841720581
25.0596875,5.87362051010132
25.0630208333333,5.87493181228638
25.0663541666667,5.87636232376099
25.0696875,5.87791204452515
25.0730208333333,5.87952136993408
25.0763541666667,5.88124990463257
25.0796875,5.88303804397583
25.0830208333333,5.88488578796387
25.0863541666667,5.88679313659668
25.0896875,5.88876008987427
25.0930208333333,5.89084625244141
25.0963541666667,5.89293241500854
25.0996875,5.89501857757568
25.1030208333333,5.89722394943237
25.1063541666667,5.89936971664429
25.1096875,5.90157508850098
25.1130208333333,5.90378046035767
25.1163541666667,5.9058666229248
25.1196875,5.90795278549194
25.1230208333333,5.90997934341431
25.1263541666667,5.91194629669189
25.1296875,5.91391324996948
25.1330208333333,5.91576099395752
25.1363541666667,5.91760873794556
25.1396875,5.91933727264404
25.1430208333333,5.92100620269775
25.1463541666667,5.92267513275146
25.1496875,5.92416524887085
25.1530208333333,5.92553615570068
25.1563541666667,5.92678785324097
25.1596875,5.92786073684692
25.1630208333333,5.92875480651855
25.1663541666667,5.92952966690063
25.1696875,5.93018531799316
25.1730208333333,5.93072175979614
25.1763541666667,5.93113899230957
25.1796875,5.93143701553345
25.1830208333333,5.93173503875732
25.1863541666667,5.93191385269165
25.1896875,5.9320330619812
25.1930208333333,5.93209266662598
25.1963541666667,5.93197345733643
25.1996875,5.93173503875732
25.2030208333333,5.9313178062439
25.2063541666667,5.93072175979614
25.2096875,5.93000650405884
25.2130208333333,5.92911243438721
25.2163541666667,5.9281587600708
25.2196875,5.92714548110962
25.2230208333333,5.92613220214844
25.2263541666667,5.92523813247681
25.2296875,5.9245228767395
25.2330208333333,5.9240460395813
25.2363541666667,5.92392683029175
25.2396875,5.92416524887085
25.2430208333333,5.92488050460815
25.2463541666667,5.92613220214844
25.2496875,5.92786073684692
25.2530208333333,5.93018531799316
25.2563541666667,5.93298673629761
25.2596875,5.9363842010498
25.2630208333333,5.94025850296021
25.2663541666667,5.94466924667358
25.2696875,5.94955682754517
25.2730208333333,5.95486164093018
25.2763541666667,5.96058368682861
25.2796875,5.96672296524048
25.2830208333333,5.973219871521
25.2863541666667,5.98001480102539
25.2896875,5.98716735839844
25.2930208333333,5.99449872970581
25.2963541666667,6.00194931030273
25.2996875,6.00951910018921
25.3030208333333,6.01708889007568
25.3063541666667,6.02453947067261
25.3096875,6.03193044662476
25.3130208333333,6.03902339935303
25.3163541666667,6.0458779335022
25.3196875,6.05237483978271
25.3230208333333,6.05839490890503
25.3263541666667,6.06399774551392
25.3296875,6.0691237449646
25.3330208333333,6.07365369796753
25.3363541666667,6.07764720916748
25.3396875,6.0809850692749
25.3430208333333,6.08372688293457
25.3463541666667,6.08581304550171
25.3496875,6.08730316162109
25.3530208333333,6.0882568359375
25.3563541666667,6.08861446380615
25.3596875,6.08843564987183
25.3630208333333,6.0877799987793
25.3663541666667,6.08658790588379
25.3696875,6.08503818511963
25.3730208333333,6.08295202255249
25.3763541666667,6.0805082321167
25.3796875,6.07764720916748
25.3830208333333,6.07436895370483
25.3863541666667,6.07067346572876
25.3896875,6.06656074523926
25.3930208333333,6.06203079223633
25.3963541666667,6.05714321136475
25.3996875,6.05195760726929
25.4030208333333,6.0463547706604
25.4063541666667,6.04057312011719
25.4096875,6.0344934463501
25.4130208333333,6.02829456329346
25.4163541666667,6.02197647094727
25.4196875,6.0155987739563
25.4230208333333,6.00934028625488
25.4263541666667,6.00314140319824
25.4296875,5.9971809387207
25.4330208333333,5.99145889282227
25.4363541666667,5.98603487014771
25.4396875,5.98090887069702
25.4430208333333,5.97614049911499
25.4463541666667,5.97178936004639
25.4496875,5.96785545349121
25.4530208333333,5.96439838409424
25.4563541666667,5.96147775650024
25.4596875,5.95903396606445
25.4630208333333,5.95724582672119
25.4663541666667,5.95605373382568
25.4696875,5.95551729202271
25.4730208333333,5.95569610595703
25.4763541666667,5.95653057098389
25.4796875,5.95813989639282
25.4830208333333,5.96040487289429
25.4863541666667,5.96326589584351
25.4896875,5.96678256988525
25.4930208333333,5.97083568572998
25.4963541666667,5.97536563873291
25.4996875,5.98031282424927
25.5030208333333,5.98561763763428
25.5063541666667,5.99128007888794
25.5096875,5.9971809387207
25.5130208333333,6.00332021713257
25.5163541666667,6.00963830947876
25.5196875,6.01613521575928
25.5230208333333,6.02281093597412
25.5263541666667,6.02948665618896
25.5296875,6.03622198104858
25.5330208333333,6.0429573059082
25.5363541666667,6.04957342147827
25.5396875,6.05595111846924
25.5430208333333,6.06215000152588
25.5463541666667,6.06799125671387
25.5496875,6.0734748840332
25.5530208333333,6.07860088348389
25.5563541666667,6.08336925506592
25.5596875,6.08772039413452
25.5630208333333,6.0916543006897
25.5663541666667,6.09523057937622
25.5696875,6.09850883483887
25.5730208333333,6.10136985778809
25.5763541666667,6.10393285751343
25.5796875,6.10613822937012
25.5830208333333,6.10810518264771
25.5863541666667,6.10971450805664
25.5896875,6.11108541488647
25.5930208333333,6.11221790313721
25.5963541666667,6.11311197280884
25.5996875,6.11382722854614
25.6030208333333,6.11430406570435
25.6063541666667,6.114661693573
25.6096875,6.1149001121521
25.6130208333333,6.11507892608643
25.6163541666667,6.11507892608643
25.6196875,6.11507892608643
25.6230208333333,6.1149001121521
25.6263541666667,6.114661693573
25.6296875,6.11436367034912
25.6330208333333,6.11394643783569
25.6363541666667,6.11335039138794
25.6396875,6.11269474029541
25.6430208333333,6.11197948455811
25.6463541666667,6.11114501953125
25.6496875,6.11025094985962
25.6530208333333,6.10935688018799
25.6563541666667,6.10840320587158
25.6596875,6.10756874084473
25.6630208333333,6.10673427581787
25.6663541666667,6.10601902008057
25.6696875,6.10530376434326
25.6730208333333,6.10458850860596
25.6763541666667,6.10393285751343
25.6796875,6.1032772064209
25.6830208333333,6.10256195068359
25.6863541666667,6.10184669494629
25.6896875,6.10107183456421
25.6930208333333,6.10023736953735
25.6963541666667,6.09934329986572
25.6996875,6.09844923019409
25.7030208333333,6.09749555587769
25.7063541666667,6.0964822769165
25.7096875,6.09534978866577
25.7130208333333,6.09415769577026
25.7163541666667,6.09284639358521
25.7196875,6.09135627746582
25.7230208333333,6.08962774276733
25.7263541666667,6.0877799987793
25.7296875,6.08569383621216
25.7330208333333,6.08342885971069
25.7363541666667,6.08104467391968
25.7396875,6.07860088348389
25.7430208333333,6.07603788375854
25.7463541666667,6.07341527938843
25.7496875,6.07085227966309
25.7530208333333,6.06822967529297
25.7563541666667,6.06560707092285
25.7596875,6.06304407119751
25.7630208333333,6.06048107147217
25.7663541666667,6.05791807174683
25.7696875,6.05547428131104
25.7730208333333,6.05314970016479
25.7763541666667,6.05094432830811
25.7796875,6.04885816574097
25.7830208333333,6.04701042175293
25.7863541666667,6.04528188705444
25.7896875,6.04367256164551
25.7930208333333,6.0422420501709
25.7963541666667,6.04093074798584
25.7996875,6.03961944580078
25.8030208333333,6.03842735290527
25.8063541666667,6.03717565536499
25.8096875,6.03586435317993
25.8130208333333,6.03461265563965
25.8163541666667,6.03324174880981
25.8196875,6.03187084197998
25.8230208333333,6.03049993515015
25.8263541666667,6.02906942367554
25.8296875,6.02763891220093
25.8330208333333,6.02620840072632
25.8363541666667,6.02477788925171
25.8396875,6.0233473777771
25.8430208333333,6.02191686630249
25.8463541666667,6.02054595947266
25.8496875,6.01917505264282
25.8530208333333,6.01786375045776
25.8563541666667,6.01655244827271
25.8596875,6.01524114608765
25.8630208333333,6.01398944854736
25.8663541666667,6.01279735565186
25.8696875,6.01160526275635
25.8730208333333,6.01053237915039
25.8763541666667,6.00945949554443
25.8796875,6.00844621658325
25.8830208333333,6.00749254226685
25.8863541666667,6.00653886795044
25.8896875,6.00558519363403
25.8930208333333,6.0046911239624
25.8963541666667,6.00379705429077
25.8996875,6.00290298461914
25.9030208333333,6.00212812423706
25.9063541666667,6.00129365921021
25.9096875,6.0005784034729
25.9130208333333,5.9998631477356
25.9163541666667,5.99920749664307
25.9196875,5.99849224090576
25.9230208333333,5.99783658981323
25.9263541666667,5.99712133407593
25.9296875,5.99640607833862
25.9330208333333,5.99563121795654
25.9363541666667,5.99473714828491
25.9396875,5.99384307861328
25.9430208333333,5.9928297996521
25.9463541666667,5.99169731140137
25.9496875,5.99038600921631
25.9530208333333,5.98901510238647
25.9563541666667,5.98740577697754
25.9596875,5.98561763763428
25.9630208333333,5.98371028900146
25.9663541666667,5.98156452178955
25.9696875,5.97935914993286
25.9730208333333,5.97703456878662
25.9763541666667,5.97470998764038
25.9796875,5.97238540649414
25.9830208333333,5.9700608253479
25.9863541666667,5.96779584884644
25.9896875,5.96559047698975
25.9930208333333,5.96344470977783
25.9963541666667,5.96135854721069
25.9996875,5.95933198928833
26.0030208333333,5.95730543136597
26.0063541666667,5.9552788734436
26.0096875,5.95337152481079
26.0130208333333,5.95152378082275
26.0163541666667,5.94985485076904
26.0196875,5.94830513000488
26.0230208333333,5.94693422317505
26.0263541666667,5.94586133956909
26.0296875,5.94502687454224
26.0330208333333,5.94455003738403
26.0363541666667,5.94431161880493
26.0396875,5.94443082809448
26.0430208333333,5.94478845596313
26.0463541666667,5.94538450241089
26.0496875,5.94627857208252
26.0530208333333,5.94741106033325
26.0563541666667,5.94872236251831
26.0596875,5.95027208328247
26.0630208333333,5.95206022262573
26.0663541666667,5.9540867805481
26.0696875,5.95635175704956
26.0730208333333,5.9589147567749
26.0763541666667,5.9618353843689
26.0796875,5.96499443054199
26.0830208333333,5.96839189529419
26.0863541666667,5.97202777862549
26.0896875,5.97572326660156
26.0930208333333,5.97947835922241
26.0963541666667,5.98317384719849
26.0996875,5.98669052124023
26.1030208333333,5.98996877670288
26.1063541666667,5.99294900894165
26.1096875,5.99563121795654
26.1130208333333,5.99789619445801
26.1163541666667,5.99980354309082
26.1196875,6.00135326385498
26.1230208333333,6.00260496139526
26.1263541666667,6.00343942642212
26.1296875,6.0039758682251
26.1330208333333,6.00427389144897
26.1363541666667,6.0042142868042
26.1396875,6.00391626358032
26.1430208333333,6.00337982177734
26.1463541666667,6.00254535675049
26.1496875,6.00147247314453
26.1530208333333,6.00016117095947
26.1563541666667,5.99867105484009
26.1596875,5.99700212478638
26.1630208333333,5.99527359008789
26.1663541666667,5.99348545074463
26.1696875,5.99175691604614
26.1730208333333,5.99014759063721
26.1763541666667,5.98865747451782
26.1796875,5.98728656768799
26.1830208333333,5.98609447479248
26.1863541666667,5.98514080047607
26.1896875,5.98430633544922
26.1930208333333,5.98371028900146
26.1963541666667,5.98323345184326
26.1996875,5.98281621932983
26.2030208333333,5.98257780075073
26.2063541666667,5.98251819610596
26.2096875,5.98251819610596
26.2130208333333,5.98269701004028
26.2163541666667,5.98299503326416
26.2196875,5.98341226577759
26.2230208333333,5.98400831222534
26.2263541666667,5.98472356796265
26.2296875,5.9855580329895
26.2330208333333,5.98651170730591
26.2363541666667,5.98758459091187
26.2396875,5.9887170791626
26.2430208333333,5.98990917205811
26.2463541666667,5.99110126495361
26.2496875,5.99229335784912
26.2530208333333,5.9935450553894
26.2563541666667,5.99473714828491
26.2596875,5.99592924118042
26.2630208333333,5.99706172943115
26.2663541666667,5.99813461303711
26.2696875,5.99914789199829
26.2730208333333,6.00016117095947
26.2763541666667,6.0010552406311
26.2796875,6.00194931030273
26.2830208333333,6.00278377532959
26.2863541666667,6.00361824035645
26.2896875,6.00433349609375
26.2930208333333,6.00504875183105
26.2963541666667,6.00570440292358
26.2996875,6.00630044937134
26.3030208333333,6.00677728652954
26.3063541666667,6.00719451904297
26.3096875,6.00743293762207
26.3130208333333,6.0076117515564
26.3163541666667,6.00755214691162
26.3196875,6.00737333297729
26.3230208333333,6.00701570510864
26.3263541666667,6.00647926330566
26.3296875,6.00576400756836
26.3330208333333,6.0049295425415
26.3363541666667,6.00403547286987
26.3396875,6.00308179855347
26.3430208333333,6.00212812423706
26.3463541666667,6.00117444992065
26.3496875,6.00039958953857
26.3530208333333,5.99968433380127
26.3563541666667,5.99908828735352
26.3596875,5.99873065948486
26.3630208333333,5.99855184555054
26.3663541666667,5.99855184555054
26.3696875,5.99873065948486
26.3730208333333,5.99914789199829
26.3763541666667,5.99980354309082
26.3796875,6.00069761276245
26.3830208333333,6.00188970565796
26.3863541666667,6.00332021713257
26.3896875,6.00504875183105
26.3930208333333,6.00701570510864
26.3963541666667,6.00928068161011
26.3996875,6.01178407669067
26.4030208333333,6.01452589035034
26.4063541666667,6.01744651794434
26.4096875,6.02054595947266
26.4130208333333,6.0238242149353
26.4163541666667,6.02716207504272
26.4196875,6.03067874908447
26.4230208333333,6.03431463241577
26.4263541666667,6.03806972503662
26.4296875,6.04194402694702
26.4330208333333,6.04599714279175
26.4363541666667,6.05028867721558
26.4396875,6.05469942092896
26.4430208333333,6.05928897857666
26.4463541666667,6.06405735015869
26.4496875,6.06894493103027
26.4530208333333,6.07389211654663
26.4563541666667,6.07883930206299
26.4596875,6.08372688293457
26.4630208333333,6.08855485916138
26.4663541666667,6.09314441680908
26.4696875,6.09755516052246
26.4730208333333,6.10160827636719
26.4763541666667,6.10530376434326
26.4796875,6.10864162445068
26.4830208333333,6.11168146133423
26.4863541666667,6.11436367034912
26.4896875,6.11668825149536
26.4930208333333,6.11865520477295
26.4963541666667,6.12038373947144
26.4996875,6.12175464630127
26.5030208333333,6.122887134552
26.5063541666667,6.12372159957886
26.5096875,6.12419843673706
26.5130208333333,6.12437725067139
26.5163541666667,6.12419843673706
26.5196875,6.12354278564453
26.5230208333333,6.12252950668335
26.5263541666667,6.12115859985352
26.5296875,6.11931085586548
26.5330208333333,6.11716508865356
26.5363541666667,6.11472129821777
26.5396875,6.11197948455811
26.5430208333333,6.10911846160889
26.5463541666667,6.10619783401489
26.5496875,6.10315799713135
26.5530208333333,6.10023736953735
26.5563541666667,6.09731674194336
26.5596875,6.09451532363892
26.5630208333333,6.09183311462402
26.5663541666667,6.08932971954346
26.5696875,6.08700513839722
26.5730208333333,6.08491897583008
26.5763541666667,6.08301162719727
26.5796875,6.08134269714355
26.5830208333333,6.07997179031372
26.5863541666667,6.07889890670776
26.5896875,6.07824325561523
26.5930208333333,6.07782602310181
26.5963541666667,6.07782602310181
26.5996875,6.07812404632568
26.6030208333333,6.07877969741821
26.6063541666667,6.07979297637939
26.6096875,6.08104467391968
26.6130208333333,6.08253479003906
26.6163541666667,6.08426332473755
26.6196875,6.08617067337036
26.6230208333333,6.08819723129272
26.6263541666667,6.09040260314941
26.6296875,6.09266757965088
26.6330208333333,6.09499216079712
26.6363541666667,6.09737634658813
26.6396875,6.09970092773438
26.6430208333333,6.10196590423584
26.6463541666667,6.10417127609253
26.6496875,6.10625743865967
26.6530208333333,6.10822439193726
26.6563541666667,6.11001253128052
26.6596875,6.11156225204468
26.6630208333333,6.11287355422974
26.6663541666667,6.11388683319092
26.6696875,6.11460208892822
26.6730208333333,6.11495971679688
26.6763541666667,6.1149001121521
26.6796875,6.1144232749939
26.6830208333333,6.11352920532227
26.6863541666667,6.11215829849243
26.6896875,6.11031055450439
26.6930208333333,6.10798597335815
26.6963541666667,6.10524415969849
26.6996875,6.10202550888062
26.7030208333333,6.09833002090454
26.7063541666667,6.09427690505981
26.7096875,6.08986616134644
26.7130208333333,6.08521699905396
26.7163541666667,6.08032941818237
26.7196875,6.07538223266602
26.7230208333333,6.07031583786011
26.7263541666667,6.06536865234375
26.7296875,6.06060028076172
26.7330208333333,6.05607032775879
26.7363541666667,6.05183839797974
26.7396875,6.04796409606934
26.7430208333333,6.04438781738281
26.7463541666667,6.04116916656494
26.7496875,6.03830814361572
26.7530208333333,6.03580474853516
26.7563541666667,6.03365898132324
26.7596875,6.03187084197998
26.7630208333333,6.03044033050537
26.7663541666667,6.02942705154419
26.7696875,6.02877140045166
26.7730208333333,6.02853298187256
26.7763541666667,6.02877140045166
26.7796875,6.02936744689941
26.7830208333333,6.0303807258606
26.7863541666667,6.03175163269043
26.7896875,6.03348016738892
26.7930208333333,6.03550672531128
26.7963541666667,6.03783130645752
26.7996875,6.04033470153809
26.8030208333333,6.04307651519775
26.8063541666667,6.04605674743652
26.8096875,6.04921579360962
26.8130208333333,6.05249404907227
26.8163541666667,6.05595111846924
26.8196875,6.05952739715576
26.8230208333333,6.06316328048706
26.8263541666667,6.06691837310791
26.8296875,6.07073307037354
26.8330208333333,6.07460737228394
26.8363541666667,6.07842206954956
26.8396875,6.08223676681519
26.8430208333333,6.08605146408081
26.8463541666667,6.08974695205688
26.8496875,6.09344244003296
26.8530208333333,6.09701871871948
26.8563541666667,6.10053539276123
26.8596875,6.1039924621582
26.8630208333333,6.10733032226563
26.8663541666667,6.11060857772827
26.8696875,6.11376762390137
26.8730208333333,6.11680746078491
26.8763541666667,6.11978769302368
26.8796875,6.1226487159729
26.8830208333333,6.12545013427734
26.8863541666667,6.12819194793701
26.8896875,6.1308741569519
26.8930208333333,6.13349676132202
26.8963541666667,6.13611936569214
26.8996875,6.13874197006226
26.9030208333333,6.1413049697876
26.9063541666667,6.14386796951294
26.9096875,6.14643096923828
26.9130208333333,6.14887475967407
26.9163541666667,6.15131855010986
26.9196875,6.15370273590088
26.9230208333333,6.15608692169189
26.9263541666667,6.15835189819336
26.9296875,6.1606764793396
26.9330208333333,6.16294145584106
26.9363541666667,6.16520643234253
26.9396875,6.16747140884399
26.9430208333333,6.16973638534546
26.9463541666667,6.17200136184692
26.9496875,6.17426633834839
26.9530208333333,6.17647171020508
26.9563541666667,6.17867708206177
26.9596875,6.18076324462891
26.9630208333333,6.18273019790649
26.9663541666667,6.18457794189453
26.9696875,6.18630647659302
26.9730208333333,6.18785619735718
26.9763541666667,6.18922710418701
26.9796875,6.19041919708252
26.9830208333333,6.19131326675415
26.9863541666667,6.19202852249146
26.9896875,6.19250535964966
26.9930208333333,6.19280338287354
26.9963541666667,6.19286298751831
26.9996875,6.19274377822876
27.0030208333333,6.19238615036011
27.0063541666667,6.1919093132019
27.0096875,6.19125366210938
27.0130208333333,6.19035959243774
27.0163541666667,6.18928670883179
27.0196875,6.1880350112915
27.0230208333333,6.18660449981689
27.0263541666667,6.18493556976318
27.0296875,6.18314743041992
27.0330208333333,6.18118047714233
27.0363541666667,6.1790943145752
27.0396875,6.17682933807373
27.0430208333333,6.17450475692749
27.0463541666667,6.17200136184692
27.0496875,6.16949796676636
27.0530208333333,6.16687536239624
27.0563541666667,6.16419315338135
27.0596875,6.16145133972168
27.0630208333333,6.15864992141724
27.0663541666667,6.15578889846802
27.0696875,6.1529278755188
27.0730208333333,6.15006685256958
27.0763541666667,6.14726543426514
27.0796875,6.14446401596069
27.0830208333333,6.1417818069458
27.0863541666667,6.13921880722046
27.0896875,6.13677501678467
27.0930208333333,6.13456964492798
27.0963541666667,6.13248348236084
27.0996875,6.13069534301758
27.1030208333333,6.12914562225342
27.1063541666667,6.12783432006836
27.1096875,6.12682104110718
27.1130208333333,6.12610578536987
27.1163541666667,6.12574815750122
27.1196875,6.12568855285645
27.1230208333333,6.12592697143555
27.1263541666667,6.12646341323853
27.1296875,6.12723827362061
27.1330208333333,6.12825155258179
27.1363541666667,6.12938404083252
27.1396875,6.1306357383728
27.1430208333333,6.13200664520264
27.1463541666667,6.1333179473877
27.1496875,6.13468885421753
27.1530208333333,6.13600015640259
27.1563541666667,6.13731145858765
27.1596875,6.13868236541748
27.1630208333333,6.14005327224731
27.1663541666667,6.14148378372192
27.1696875,6.14291429519653
27.1730208333333,6.14440441131592
27.1763541666667,6.1458945274353
27.1796875,6.14732503890991
27.1830208333333,6.14875555038452
27.1863541666667,6.15012645721436
27.1896875,6.15143775939941
27.1930208333333,6.15257024765015
27.1963541666667,6.15370273590088
27.1996875,6.15471601486206
27.2030208333333,6.15566968917847
27.2063541666667,6.15662336349487
27.2096875,6.15757703781128
27.2130208333333,6.15859031677246
27.2163541666667,6.15960359573364
27.2196875,6.16073608398438
27.2230208333333,6.16192817687988
27.2263541666667,6.16317987442017
27.2296875,6.16455078125
27.2330208333333,6.16598129272461
27.2363541666667,6.16753101348877
27.2396875,6.16914033889771
27.2430208333333,6.17086887359619
27.2463541666667,6.17265701293945
27.2496875,6.17456436157227
27.2530208333333,6.17653131484985
27.2563541666667,6.17861747741699
27.2596875,6.18070363998413
27.2630208333333,6.18278980255127
27.2663541666667,6.18493556976318
27.2696875,6.1870813369751
27.2730208333333,6.18928670883179
27.2763541666667,6.19149208068848
27.2796875,6.19375705718994
27.2830208333333,6.19602203369141
27.2863541666667,6.19834661483765
27.2896875,6.20067119598389
27.2930208333333,6.20293617248535
27.2963541666667,6.20520114898682
27.2996875,6.20740652084351
27.3030208333333,6.20943307876587
27.3063541666667,6.21140003204346
27.3096875,6.21318817138672
27.3130208333333,6.21479749679565
27.3163541666667,6.21634721755981
27.3196875,6.21771812438965
27.3230208333333,6.21891021728516
27.3263541666667,6.22004270553589
27.3296875,6.22099637985229
27.3330208333333,6.22189044952393
27.3363541666667,6.22266530990601
27.3396875,6.22326135635376
27.3430208333333,6.22373819351196
27.3463541666667,6.22403621673584
27.3496875,6.22421503067017
27.3530208333333,6.22415542602539
27.3563541666667,6.22397661209106
27.3596875,6.22355937957764
27.3630208333333,6.22302293777466
27.3663541666667,6.22224807739258
27.3696875,6.22135400772095
27.3730208333333,6.22028112411499
27.3763541666667,6.21908903121948
27.3796875,6.21771812438965
27.3830208333333,6.21622800827026
27.3863541666667,6.21461868286133
27.3896875,6.21289014816284
27.3930208333333,6.2110424041748
27.3963541666667,6.20901584625244
27.3996875,6.20687007904053
27.4030208333333,6.20454549789429
27.4063541666667,6.20216131210327
27.4096875,6.19959831237793
27.4130208333333,6.19697570800781
27.4163541666667,6.1943531036377
27.4196875,6.1916708946228
27.4230208333333,6.18904829025269
27.4263541666667,6.18648529052734
27.4296875,6.18398189544678
27.4330208333333,6.18165731430054
27.4363541666667,6.17951154708862
27.4396875,6.17754459381104
27.4430208333333,6.17575645446777
27.4463541666667,6.17420673370361
27.4496875,6.17283582687378
27.4530208333333,6.17170333862305
27.4563541666667,6.17074966430664
27.4596875,6.17003440856934
27.4630208333333,6.16955757141113
27.4663541666667,6.16925954818726
27.4696875,6.16919994354248
27.4730208333333,6.16937875747681
27.4763541666667,6.16973638534546
27.4796875,6.17033243179321
27.4830208333333,6.17110729217529
27.4863541666667,6.17212057113647
27.4896875,6.17325305938721
27.4930208333333,6.17456436157227
27.4963541666667,6.17599487304688
27.4996875,6.17754459381104
27.5030208333333,6.17921352386475
27.5063541666667,6.18106126785278
27.5096875,6.1829686164856
27.5130208333333,6.18499517440796
27.5163541666667,6.18720054626465
27.5196875,6.18946552276611
27.5230208333333,6.19184970855713
27.5263541666667,6.19441270828247
27.5296875,6.19703531265259
27.5330208333333,6.19971752166748
27.5363541666667,6.20251893997192
27.5396875,6.20532035827637
27.5430208333333,6.20812177658081
27.5463541666667,6.21092319488525
27.5496875,6.21366500854492
27.5530208333333,6.21646642684937
27.5563541666667,6.21920824050903
27.5596875,6.2219500541687
27.5630208333333,6.22463226318359
27.5663541666667,6.22737407684326
27.5696875,6.23017549514771
27.5730208333333,6.23303651809692
27.5763541666667,6.23595714569092
27.5796875,6.23893737792969
27.5830208333333,6.24197721481323
27.5863541666667,6.24507665634155
27.5896875,6.24823570251465
27.5930208333333,6.25133514404297
27.5963541666667,6.25437498092651
27.5996875,6.25735521316528
27.6030208333333,6.2602162361145
27.6063541666667,6.26301765441895
27.6096875,6.26564025878906
27.6130208333333,6.2682032585144
27.6163541666667,6.2706470489502
27.6196875,6.27291202545166
27.6230208333333,6.27505779266357
27.6263541666667,6.27702474594116
27.6296875,6.27875328063965
27.6330208333333,6.28018379211426
27.6363541666667,6.28131628036499
27.6396875,6.28197193145752
27.6430208333333,6.28221035003662
27.6463541666667,6.28191232681274
27.6496875,6.28107786178589
27.6530208333333,6.27970695495605
27.6563541666667,6.27774000167847
27.6596875,6.2752366065979
27.6630208333333,6.27213716506958
27.6663541666667,6.26856088638306
27.6696875,6.26444816589355
27.6730208333333,6.25985860824585
27.6763541666667,6.25479221343994
27.6796875,6.24930858612061
27.6830208333333,6.24346733093262
27.6863541666667,6.23726844787598
27.6896875,6.23083114624023
27.6930208333333,6.22409582138062
27.6963541666667,6.21724128723145
27.6996875,6.21026754379272
27.7030208333333,6.20323419570923
27.7063541666667,6.19632005691528
27.7096875,6.18946552276611
27.7130208333333,6.18284940719604
27.7163541666667,6.17647171020508
27.7196875,6.17039203643799
27.7230208333333,6.16472959518433
27.7263541666667,6.15948438644409
27.7296875,6.15471601486206
27.7330208333333,6.15054368972778
27.7363541666667,6.14696741104126
27.7396875,6.14398717880249
27.7430208333333,6.14172220230103
27.7463541666667,6.14011287689209
27.7496875,6.13915920257568
27.7530208333333,6.13892078399658
27.7563541666667,6.13933801651001
27.7596875,6.14035129547119
27.7630208333333,6.14190101623535
27.7663541666667,6.14392757415771
27.7696875,6.14637136459351
27.7730208333333,6.14917278289795
27.7763541666667,6.15239143371582
27.7796875,6.15584850311279
27.7830208333333,6.15954399108887
27.7863541666667,6.16347789764404
27.7896875,6.16765022277832
27.7930208333333,6.17200136184692
27.7963541666667,6.17659091949463
27.7996875,6.18124008178711
27.8030208333333,6.18606805801392
27.8063541666667,6.19089603424072
27.8096875,6.1957836151123
27.8130208333333,6.20055198669434
27.8163541666667,6.20526075363159
27.8196875,6.2098503112793
27.8230208333333,6.21426105499268
27.8263541666667,6.21843338012695
27.8296875,6.2224268913269
27.8330208333333,6.2260627746582
27.8363541666667,6.22951984405518
27.8396875,6.23267889022827
27.8430208333333,6.23559951782227
27.8463541666667,6.23822212219238
27.8496875,6.24054670333862
27.8530208333333,6.24269247055054
27.8563541666667,6.24454021453857
27.8596875,6.24620914459229
27.8630208333333,6.24775886535645
27.8663541666667,6.24912977218628
27.8696875,6.25038146972656
27.8730208333333,6.25157356262207
27.8763541666667,6.2527060508728
27.8796875,6.25383853912354
27.8830208333333,6.25497102737427
27.8863541666667,6.256103515625
27.8896875,6.25717639923096
27.8930208333333,6.25830888748169
27.8963541666667,6.25944137573242
27.8996875,6.26063346862793
27.9030208333333,6.26176595687866
27.9063541666667,6.26295804977417
27.9096875,6.26415014266968
27.9130208333333,6.26534223556519
27.9163541666667,6.26653432846069
27.9196875,6.2677264213562
27.9230208333333,6.26891851425171
27.9263541666667,6.27005100250244
27.9296875,6.27118349075317
27.9330208333333,6.27219676971436
27.9363541666667,6.27315044403076
27.9396875,6.27392530441284
27.9430208333333,6.27464056015015
27.9463541666667,6.2752366065979
27.9496875,6.27565383911133
27.9530208333333,6.27589225769043
27.9563541666667,6.27601146697998
27.9596875,6.27601146697998
27.9630208333333,6.27583265304565
27.9663541666667,6.27553462982178
27.9696875,6.27511739730835
27.9730208333333,6.27458095550537
27.9763541666667,6.27398490905762
27.9796875,6.27326965332031
27.9830208333333,6.27255439758301
27.9863541666667,6.27177953720093
27.9896875,6.27106428146362
27.9930208333333,6.27034902572632
27.9963541666667,6.26969337463379
27.9996875,6.26909732818604
28.0030208333333,6.26868009567261
28.0063541666667,6.26832246780396
28.0096875,6.2682032585144
28.0130208333333,6.26826286315918
28.0163541666667,6.26856088638306
28.0196875,6.26909732818604
28.0230208333333,6.26993179321289
28.0263541666667,6.27106428146362
28.0296875,6.27243518829346
28.0330208333333,6.27410411834717
28.0363541666667,6.27613067626953
28.0396875,6.278395652771
28.0430208333333,6.28095865249634
28.0463541666667,6.28376007080078
28.0496875,6.28679990768433
28.0530208333333,6.29013776779175
28.0563541666667,6.29359483718872
28.0596875,6.29723072052002
28.0630208333333,6.30098581314087
28.0663541666667,6.30486011505127
28.0696875,6.30885362625122
28.0730208333333,6.31284713745117
28.0763541666667,6.31695985794067
28.0796875,6.32107257843018
28.0830208333333,6.32524490356445
28.0863541666667,6.32941722869873
28.0896875,6.33358955383301
28.0930208333333,6.33770227432251
28.0963541666667,6.34175539016724
28.0996875,6.34574890136719
28.1030208333333,6.34962320327759
28.1063541666667,6.35331869125366
28.1096875,6.35689496994019
28.1130208333333,6.36029243469238
28.1163541666667,6.36357069015503
28.1196875,6.36661052703857
28.1230208333333,6.36947154998779
28.1263541666667,6.37215375900269
28.1296875,6.37459754943848
28.1330208333333,6.37680292129517
28.1363541666667,6.37876987457275
28.1396875,6.38049840927124
28.1430208333333,6.38192892074585
28.1463541666667,6.38312101364136
28.1496875,6.38407468795776
28.1530208333333,6.38478994369507
28.1563541666667,6.3852071762085
28.1596875,6.38538599014282
28.1630208333333,6.38526678085327
28.1663541666667,6.38496875762939
28.1696875,6.38443231582642
28.1730208333333,6.38371706008911
28.1763541666667,6.38276338577271
28.1796875,6.38169050216675
28.1830208333333,6.38037919998169
28.1863541666667,6.37894868850708
28.1896875,6.37733936309814
28.1930208333333,6.37561082839966
28.1963541666667,6.3738226890564
28.1996875,6.37185573577881
28.2030208333333,6.36988878250122
28.2063541666667,6.36792182922363
28.2096875,6.36595487594604
28.2130208333333,6.36410713195801
28.2163541666667,6.36237859725952
28.2196875,6.36082887649536
28.2230208333333,6.3595175743103
28.2263541666667,6.35844469070435
28.2296875,6.35761022567749
28.2330208333333,6.35695457458496
28.2363541666667,6.35653734207153
28.2396875,6.35635852813721
28.2430208333333,6.35641813278198
28.2463541666667,6.35665655136108
28.2496875,6.35707378387451
28.2530208333333,6.35766983032227
28.2563541666667,6.35850429534912
28.2596875,6.35963678359985
28.2630208333333,6.36094808578491
28.2663541666667,6.36249780654907
28.2696875,6.36428594589233
28.2730208333333,6.3663125038147
28.2763541666667,6.36845827102661
28.2796875,6.37078285217285
28.2830208333333,6.37316703796387
28.2863541666667,6.37561082839966
28.2896875,6.37805461883545
28.2930208333333,6.38049840927124
28.2963541666667,6.38288259506226
28.2996875,6.38514757156372
28.3030208333333,6.38741254806519
28.3063541666667,6.38949871063232
28.3096875,6.39158487319946
28.3130208333333,6.3934326171875
28.3163541666667,6.39522075653076
28.3196875,6.39677047729492
28.3230208333333,6.39814138412476
28.3263541666667,6.39927387237549
28.3296875,6.40016794204712
28.3330208333333,6.4007043838501
28.3363541666667,6.40100240707397
28.3396875,6.40100240707397
28.3430208333333,6.40076398849487
28.3463541666667,6.40022754669189
28.3496875,6.39945268630981
28.3530208333333,6.39849901199341
28.3563541666667,6.39724731445313
28.3596875,6.39575719833374
28.3630208333333,6.39402866363525
28.3663541666667,6.39206171035767
28.3696875,6.3897967338562
28.3730208333333,6.38729333877563
28.3763541666667,6.38449192047119
28.3796875,6.38145208358765
28.3830208333333,6.37823343276978
28.3863541666667,6.37489557266235
28.3896875,6.37137889862061
28.3930208333333,6.36780261993408
28.3963541666667,6.36416673660278
28.3996875,6.36053085327148
28.4030208333333,6.35689496994019
28.4063541666667,6.35325908660889
28.4096875,6.34968280792236
28.4130208333333,6.34616613388062
28.4163541666667,6.34270906448364
28.4196875,6.33937120437622
28.4230208333333,6.33615255355835
28.4263541666667,6.3331127166748
28.4296875,6.33031129837036
28.4330208333333,6.32768869400024
28.4363541666667,6.325364112854
28.4396875,6.32327795028687
28.4430208333333,6.32154941558838
28.4463541666667,6.32011890411377
28.4496875,6.31898641586304
28.4530208333333,6.31827116012573
28.4563541666667,6.31791353225708
28.4596875,6.3178539276123
28.4630208333333,6.31815195083618
28.4663541666667,6.31880760192871
28.4696875,6.31970167160034
28.4730208333333,6.32083415985107
28.4763541666667,6.32220506668091
28.4796875,6.32381439208984
28.4830208333333,6.32554292678833
28.4863541666667,6.32745027542114
28.4896875,6.32947683334351
28.4930208333333,6.3316822052002
28.4963541666667,6.33394718170166
28.4996875,6.33633136749268
28.5030208333333,6.33883476257324
28.5063541666667,6.34145736694336
28.5096875,6.34419918060303
28.5130208333333,6.34706020355225
28.5163541666667,6.34998083114624
28.5196875,6.35302066802979
28.5230208333333,6.35612010955811
28.5263541666667,6.3592791557312
28.5296875,6.3624382019043
28.5330208333333,6.36565685272217
28.5363541666667,6.36887550354004
28.5396875,6.37215375900269
28.5430208333333,6.37537240982056
28.5463541666667,6.3786506652832
28.5496875,6.38198852539063
28.5530208333333,6.38538599014282
28.5563541666667,6.38890266418457
28.5596875,6.39259815216064
28.5630208333333,6.39641284942627
28.5663541666667,6.400465965271
28.5696875,6.40469789505005
28.5730208333333,6.4091682434082
28.5763541666667,6.41387701034546
28.5796875,6.41876459121704
28.5830208333333,6.42389059066772
28.5863541666667,6.42919540405273
28.5896875,6.43473863601685
28.5930208333333,6.44046068191528
28.5963541666667,6.44636154174805
28.5996875,6.45244121551514
28.6030208333333,6.45875930786133
28.6063541666667,6.46525621414185
28.6096875,6.47193193435669
28.6130208333333,6.47872686386108
28.6163541666667,6.4857006072998
28.6196875,6.4927339553833
28.6230208333333,6.49982690811157
28.6263541666667,6.50691986083984
28.6296875,6.51389360427856
28.6330208333333,6.52074813842773
28.6363541666667,6.52730464935303
28.6396875,6.53350353240967
28.6430208333333,6.53940439224243
28.6463541666667,6.54482841491699
28.6496875,6.54977560043335
28.6530208333333,6.5542459487915
28.6563541666667,6.55817985534668
28.6596875,6.56157732009888
28.6630208333333,6.5644383430481
28.6663541666667,6.56670331954956
28.6696875,6.56843185424805
28.6730208333333,6.569504737854
28.6763541666667,6.56992197036743
28.6796875,6.56980276107788
28.6830208333333,6.5690279006958
28.6863541666667,6.56771659851074
28.6896875,6.56592845916748
28.6930208333333,6.56360387802124
28.6963541666667,6.56098127365112
28.6996875,6.55800104141235
28.7030208333333,6.55472278594971
28.7063541666667,6.55132532119751
28.7096875,6.54774904251099
28.7130208333333,6.54405355453491
28.7163541666667,6.54035806655884
28.7196875,6.53660297393799
28.7230208333333,6.53290748596191
28.7263541666667,6.52921199798584
28.7296875,6.52563571929932
28.7330208333333,6.52211904525757
28.7363541666667,6.51884078979492
28.7396875,6.5157413482666
28.7430208333333,6.51288032531738
28.7463541666667,6.51031732559204
28.7496875,6.5079927444458
28.7530208333333,6.50602579116821
28.7563541666667,6.5043568611145
28.7596875,6.50298595428467
28.7630208333333,6.50191307067871
28.7663541666667,6.50107860565186
28.7696875,6.50054216384888
28.7730208333333,6.50018453598022
28.7763541666667,6.5000057220459
28.7796875,6.50006532669067
28.7830208333333,6.50036334991455
28.7863541666667,6.50084018707275
28.7896875,6.50155544281006
28.7930208333333,6.50256872177124
28.7963541666667,6.50376081466675
28.7996875,6.50513172149658
28.8030208333333,6.50674104690552
28.8063541666667,6.50858879089355
28.8096875,6.51049613952637
28.8130208333333,6.51252269744873
28.8163541666667,6.51460886001587
28.8196875,6.51669502258301
28.8230208333333,6.51872158050537
28.8263541666667,6.52068853378296
28.8296875,6.522536277771
28.8330208333333,6.52432441711426
28.8363541666667,6.52605295181274
28.8396875,6.52766227722168
28.8430208333333,6.52927160263062
28.8463541666667,6.53088092803955
28.8496875,6.53243064880371
28.8530208333333,6.53409957885742
28.8563541666667,6.53570890426636
28.8596875,6.53737783432007
28.8630208333333,6.53904676437378
28.8663541666667,6.54065608978271
28.8696875,6.54226541519165
28.8730208333333,6.54387474060059
28.8763541666667,6.54542446136475
28.8796875,6.54691457748413
28.8830208333333,6.54840469360352
28.8863541666667,6.5498948097229
28.8896875,6.55138492584229
28.8930208333333,6.55293464660645
28.8963541666667,6.55448436737061
28.8996875,6.55603408813477
28.9030208333333,6.55770301818848
28.9063541666667,6.55931234359741
28.9096875,6.56092166900635
28.9130208333333,6.56259059906006
28.9163541666667,6.56425952911377
28.9196875,6.56592845916748
28.9230208333333,6.56753778457642
28.9263541666667,6.56914710998535
28.9296875,6.57069683074951
28.9330208333333,6.5721869468689
28.9363541666667,6.57361745834351
28.9396875,6.57492876052856
28.9430208333333,6.57618045806885
28.9463541666667,6.5772533416748
28.9496875,6.57826662063599
28.9530208333333,6.57910108566284
28.9563541666667,6.57987594604492
28.9596875,6.58053159713745
28.9630208333333,6.58112764358521
28.9663541666667,6.58172369003296
28.9696875,6.58220052719116
28.9730208333333,6.58267736434937
28.9763541666667,6.58303499221802
28.9796875,6.58339262008667
28.9830208333333,6.58363103866577
28.9863541666667,6.58375024795532
28.9896875,6.58369064331055
28.9930208333333,6.58351182937622
28.9963541666667,6.58321380615234
28.9996875,6.58267736434937
29.0030208333333,6.58202171325684
29.0063541666667,6.58118724822998
29.0096875,6.58029317855835
29.0130208333333,6.57927989959717
29.0163541666667,6.57820701599121
29.0196875,6.57707452774048
29.0230208333333,6.5758228302002
29.0263541666667,6.57457113265991
29.0296875,6.57325983047485
29.0330208333333,6.57188892364502
29.0363541666667,6.57045841217041
29.0396875,6.56890869140625
29.0430208333333,6.56723976135254
29.0463541666667,6.56545162200928
29.0496875,6.56360387802124
29.0530208333333,6.56163692474365
29.0563541666667,6.55955076217651
29.0596875,6.55746459960938
29.0630208333333,6.55525922775269
29.0663541666667,6.553053855896
29.0696875,6.55090808868408
29.0730208333333,6.54870271682739
29.0763541666667,6.54661655426025
29.0796875,6.54453039169312
29.0830208333333,6.5426230430603
29.0863541666667,6.54071569442749
29.0896875,6.53904676437378
29.0930208333333,6.53749704360962
29.0963541666667,6.53618574142456
29.0996875,6.5351128578186
29.1030208333333,6.53427839279175
29.1063541666667,6.53380155563354
29.1096875,6.53362274169922
29.1130208333333,6.53386116027832
29.1163541666667,6.53451681137085
29.1196875,6.53553009033203
29.1230208333333,6.53696060180664
29.1263541666667,6.53880834579468
29.1296875,6.54101371765137
29.1330208333333,6.54363632202148
29.1363541666667,6.54661655426025
29.1396875,6.54995441436768
29.1430208333333,6.55364990234375
29.1463541666667,6.5576434135437
29.1496875,6.56187534332275
29.1530208333333,6.56634569168091
29.1563541666667,6.57099485397339
29.1596875,6.5758228302002
29.1630208333333,6.58071041107178
29.1663541666667,6.58565759658813
29.1696875,6.59066438674927
29.1730208333333,6.59555196762085
29.1763541666667,6.60043954849243
29.1796875,6.60520792007446
29.1830208333333,6.60979747772217
29.1863541666667,6.61426782608032
29.1896875,6.61849975585938
29.1930208333333,6.6225528717041
29.1963541666667,6.62636756896973
29.1996875,6.62988424301147
29.2030208333333,6.6332221031189
29.2063541666667,6.63632154464722
29.2096875,6.63912296295166
29.2130208333333,6.64180517196655
29.2163541666667,6.64418935775757
29.2196875,6.64639472961426
29.2230208333333,6.64836168289185
29.2263541666667,6.65009021759033
29.2296875,6.65163993835449
29.2330208333333,6.65301084518433
29.2363541666667,6.65408372879028
29.2396875,6.65497779846191
29.2430208333333,6.65569305419922
29.2463541666667,6.6562294960022
29.2496875,6.65664672851563
29.2530208333333,6.6569447517395
29.2563541666667,6.6571831703186
29.2596875,6.65730237960815
29.2630208333333,6.65748119354248
29.2663541666667,6.65754079818726
29.2696875,6.65760040283203
29.2730208333333,6.65754079818726
29.2763541666667,6.65748119354248
29.2796875,6.65724277496338
29.2830208333333,6.6569447517395
29.2863541666667,6.65652751922607
29.2896875,6.65593147277832
29.2930208333333,6.65515661239624
29.2963541666667,6.65432214736938
29.2996875,6.6533088684082
29.3030208333333,6.65223598480225
29.3063541666667,6.65098428726196
29.3096875,6.64961338043213
29.3130208333333,6.64812326431274
29.3163541666667,6.64651393890381
29.3196875,6.64478540420532
29.3230208333333,6.64293766021729
29.3263541666667,6.64103031158447
29.3296875,6.63906335830688
29.3330208333333,6.6370964050293
29.3363541666667,6.63512945175171
29.3396875,6.6332221031189
29.3430208333333,6.63149356842041
29.3463541666667,6.62988424301147
29.3496875,6.62839412689209
29.3530208333333,6.62714242935181
29.3563541666667,6.62606954574585
29.3596875,6.62511587142944
29.3630208333333,6.62428140640259
29.3663541666667,6.62362575531006
29.3696875,6.62308931350708
29.3730208333333,6.62261247634888
29.3763541666667,6.622314453125
29.3796875,6.62219524383545
29.3830208333333,6.62219524383545
29.3863541666667,6.62243366241455
29.3896875,6.6227912902832
29.3930208333333,6.62338733673096
29.3963541666667,6.62422180175781
29.3996875,6.62529468536377
29.4030208333333,6.62654638290405
29.4063541666667,6.62797689437866
29.4096875,6.62952661514282
29.4130208333333,6.63131475448608
29.4163541666667,6.6332221031189
29.4196875,6.63518905639648
29.4230208333333,6.63727521896362
29.4263541666667,6.63942098617554
29.4296875,6.64150714874268
29.4330208333333,6.64353370666504
29.4363541666667,6.64550065994263
29.4396875,6.64722919464111
29.4430208333333,6.64883852005005
29.4463541666667,6.65020942687988
29.4496875,6.65128231048584
29.4530208333333,6.65217638015747
29.4563541666667,6.65271282196045
29.4596875,6.65301084518433
29.4630208333333,6.6530704498291
29.4663541666667,6.65283203125
29.4696875,6.65229558944702
29.4730208333333,6.65146112442017
29.4763541666667,6.65038824081421
29.4796875,6.64901733398438
29.4830208333333,6.64740800857544
29.4863541666667,6.64561986923218
29.4896875,6.64371252059937
29.4930208333333,6.64174556732178
29.4963541666667,6.63977861404419
29.4996875,6.6378116607666
29.5030208333333,6.63590431213379
29.5063541666667,6.6341757774353
29.5096875,6.63250684738159
29.5130208333333,6.63107633590698
29.5163541666667,6.62976503372192
29.5196875,6.62857294082642
29.5230208333333,6.62755966186523
29.5263541666667,6.6266655921936
29.5296875,6.62589073181152
29.5330208333333,6.62529468536377
29.5363541666667,6.62487745285034
29.5396875,6.62457942962646
29.5430208333333,6.62451982498169
29.5463541666667,6.62463903427124
29.5496875,6.62499666213989
29.5530208333333,6.62559270858765
29.5563541666667,6.6264271736145
29.5596875,6.62744045257568
29.5630208333333,6.62863254547119
29.5663541666667,6.62994384765625
29.5696875,6.63143396377563
29.5730208333333,6.63310289382935
29.5763541666667,6.63489103317261
29.5796875,6.63679838180542
29.5830208333333,6.63882493972778
29.5863541666667,6.64103031158447
29.5896875,6.64341449737549
29.5930208333333,6.64603710174561
29.5963541666667,6.64877891540527
29.5996875,6.65163993835449
29.6030208333333,6.65467977523804
29.6063541666667,6.65783882141113
29.6096875,6.66099786758423
29.6130208333333,6.6642165184021
29.6163541666667,6.66743516921997
29.6196875,6.67059421539307
29.6230208333333,6.67363405227661
29.6263541666667,6.67655467987061
29.6296875,6.67941570281982
29.6330208333333,6.68215751647949
29.6363541666667,6.68483972549438
29.6396875,6.6874623298645
29.6430208333333,6.68990612030029
29.6463541666667,6.69229030609131
29.6496875,6.69461488723755
29.6530208333333,6.69682025909424
29.6563541666667,6.6988468170166
29.6596875,6.70081377029419
29.6630208333333,6.70260190963745
29.6663541666667,6.70427083969116
29.6696875,6.70576095581055
29.6730208333333,6.70707225799561
29.6763541666667,6.70826435089111
29.6796875,6.70933723449707
29.6830208333333,6.7102313041687
29.6863541666667,6.71094655990601
29.6896875,6.71154260635376
29.6930208333333,6.71195983886719
29.6963541666667,6.71219825744629
29.6996875,6.71225786209106
29.7030208333333,6.71213865280151
29.7063541666667,6.71184062957764
29.7096875,6.71142339706421
29.7130208333333,6.71076774597168
29.7163541666667,6.7099928855896
29.7196875,6.70909881591797
29.7230208333333,6.70808553695679
29.7263541666667,6.70695304870605
29.7296875,6.70570135116577
29.7330208333333,6.70439004898071
29.7363541666667,6.70301914215088
29.7396875,6.70152902603149
29.7430208333333,6.70003890991211
29.7463541666667,6.69854879379272
29.7496875,6.69693946838379
29.7530208333333,6.69533014297485
29.7563541666667,6.69366121292114
29.7596875,6.69187307357788
29.7630208333333,6.69008493423462
29.7663541666667,6.68817758560181
29.7696875,6.68615102767944
29.7730208333333,6.68412446975708
29.7763541666667,6.68209791183472
29.7796875,6.68001174926758
29.7830208333333,6.67804479598999
29.7863541666667,6.6760778427124
29.7896875,6.67423009872437
29.7930208333333,6.67256116867065
29.7963541666667,6.67101144790649
29.7996875,6.66958093643188
29.8030208333333,6.66826963424683
29.8063541666667,6.66713714599609
29.8096875,6.66612386703491
29.8130208333333,6.66528940200806
29.8163541666667,6.66457414627075
29.8196875,6.66403770446777
29.8230208333333,6.66362047195435
29.8263541666667,6.66338205337524
29.8296875,6.66332244873047
29.8330208333333,6.66332244873047
29.8363541666667,6.66350126266479
29.8396875,6.66379928588867
29.8430208333333,6.66409730911255
29.8463541666667,6.66451454162598
29.8496875,6.6649317741394
29.8530208333333,6.66534900665283
29.8563541666667,6.66582584381104
29.8596875,6.66636228561401
29.8630208333333,6.66689872741699
29.8663541666667,6.66749477386475
29.8696875,6.6680908203125
29.8730208333333,6.66874647140503
29.8763541666667,6.66940212249756
29.8796875,6.67005777359009
29.8830208333333,6.67071342468262
29.8863541666667,6.6712498664856
29.8896875,6.67166709899902
29.8930208333333,6.67208433151245
29.8963541666667,6.67232275009155
29.8996875,6.67256116867065
29.9030208333333,6.67268037796021
29.9063541666667,6.67273998260498
29.9096875,6.67273998260498
29.9130208333333,6.67273998260498
29.9163541666667,6.67273998260498
29.9196875,6.67273998260498
29.9230208333333,6.67279958724976
29.9263541666667,6.67285919189453
29.9296875,6.67303800582886
29.9330208333333,6.67333602905273
29.9363541666667,6.67381286621094
29.9396875,6.67440891265869
29.9430208333333,6.67524337768555
29.9463541666667,6.67619705200195
29.9496875,6.67732954025269
29.9530208333333,6.67858123779297
29.9563541666667,6.68001174926758
29.9596875,6.68150186538696
29.9630208333333,6.6831111907959
29.9663541666667,6.68472051620483
29.9696875,6.68638944625854
29.9730208333333,6.68811798095703
29.9763541666667,6.68990612030029
29.9796875,6.69175386428833
29.9830208333333,6.69366121292114
29.9863541666667,6.69562816619873
29.9896875,6.69765472412109
29.9930208333333,6.69974088668823
29.9963541666667,6.70182704925537
29.9996875,6.70391321182251
30.0030208333333,6.70599937438965
30.0063541666667,6.70802593231201
30.0096875,6.7099928855896
30.0130208333333,6.71190023422241
30.0163541666667,6.71374797821045
30.0196875,6.71547651290894
30.0230208333333,6.71708583831787
30.0263541666667,6.71869516372681
30.0296875,6.72018527984619
30.0330208333333,6.72155618667603
30.0363541666667,6.72286748886108
30.0396875,6.72394037246704
30.0430208333333,6.72489404678345
30.0463541666667,6.72566890716553
30.0496875,6.72620534896851
30.0530208333333,6.72656297683716
30.0563541666667,6.72662258148193
30.0596875,6.72650337219238
30.0630208333333,6.72620534896851
30.0663541666667,6.72566890716553
30.0696875,6.725013256073
30.0730208333333,6.72423839569092
30.0763541666667,6.72334432601929
30.0796875,6.72239065170288
30.0830208333333,6.7213773727417
30.0863541666667,6.72030448913574
30.0896875,6.71929121017456
30.0930208333333,6.71833753585815
30.0963541666667,6.71744346618652
30.0996875,6.71666860580444
30.1030208333333,6.71607255935669
30.1063541666667,6.71571493148804
30.1096875,6.71553611755371
30.1130208333333,6.71559572219849
30.1163541666667,6.71589374542236
30.1196875,6.71643018722534
30.1230208333333,6.71720504760742
30.1263541666667,6.7182183265686
30.1296875,6.71941041946411
30.1330208333333,6.72084093093872
30.1363541666667,6.72245025634766
30.1396875,6.72423839569092
30.1430208333333,6.72620534896851
30.1463541666667,6.7284107208252
30.1496875,6.73073530197144
30.1530208333333,6.733238697052
30.1563541666667,6.73592090606689
30.1596875,6.73872232437134
30.1630208333333,6.74164295196533
30.1663541666667,6.74468278884888
30.1696875,6.74784183502197
30.1730208333333,6.75106048583984
30.1763541666667,6.75433874130249
30.1796875,6.75761699676514
30.1830208333333,6.76089525222778
30.1863541666667,6.76411390304565
30.1896875,6.76727294921875
30.1930208333333,6.77031278610229
30.1963541666667,6.77317380905151
30.1996875,6.77579641342163
30.2030208333333,6.7782998085022
30.2063541666667,6.78050518035889
30.2096875,6.78247213363647
30.2130208333333,6.78420066833496
30.2163541666667,6.78563117980957
30.2196875,6.7867636680603
30.2230208333333,6.78765773773193
30.2263541666667,6.78825378417969
30.2296875,6.78861141204834
30.2330208333333,6.78873062133789
30.2363541666667,6.78855180740356
30.2396875,6.78819417953491
30.2430208333333,6.78753852844238
30.2463541666667,6.7867636680603
30.2496875,6.78575038909912
30.2530208333333,6.78461790084839
30.2563541666667,6.78342580795288
30.2596875,6.78211450576782
30.2630208333333,6.78080320358276
30.2663541666667,6.77955150604248
30.2696875,6.7782998085022
30.2730208333333,6.77710771560669
30.2763541666667,6.77597522735596
30.2796875,6.77490234375
30.2830208333333,6.77382946014404
30.2863541666667,6.77287578582764
30.2896875,6.77198171615601
30.2930208333333,6.77108764648438
30.2963541666667,6.77025318145752
30.2996875,6.76953792572021
30.3030208333333,6.76888227462769
30.3063541666667,6.76834583282471
30.3096875,6.7678689956665
30.3130208333333,6.76751136779785
30.3163541666667,6.76727294921875
30.3196875,6.76709413528442
30.3230208333333,6.76703453063965
30.3263541666667,6.76697492599487
30.3296875,6.76697492599487
30.3330208333333,6.76703453063965
30.3363541666667,6.76709413528442
30.3396875,6.7671537399292
30.3430208333333,6.7671537399292
30.3463541666667,6.7671537399292
30.3496875,6.76709413528442
30.3530208333333,6.76703453063965
30.3563541666667,6.7669153213501
30.3596875,6.76679611206055
30.3630208333333,6.766676902771
30.3663541666667,6.76661729812622
30.3696875,6.76655769348145
30.3730208333333,6.76655769348145
30.3763541666667,6.76655769348145
30.3796875,6.766676902771
30.3830208333333,6.76673650741577
30.3863541666667,6.76685571670532
30.3896875,6.7669153213501
30.3930208333333,6.76703453063965
30.3963541666667,6.76709413528442
30.3996875,6.76721334457397
30.4030208333333,6.7673921585083
30.4063541666667,6.7676305770874
30.4096875,6.76792860031128
30.4130208333333,6.76840543746948
30.4163541666667,6.76900148391724
30.4196875,6.76977634429932
30.4230208333333,6.77073001861572
30.4263541666667,6.77186250686646
30.4296875,6.77311420440674
30.4330208333333,6.77448511123657
30.4363541666667,6.77597522735596
30.4396875,6.77764415740967
30.4430208333333,6.77937269210815
30.4463541666667,6.78128004074097
30.4496875,6.78324699401855
30.4530208333333,6.78539276123047
30.4563541666667,6.78765773773193
30.4596875,6.78998231887817
30.4630208333333,6.79242610931396
30.4663541666667,6.79486989974976
30.4696875,6.79737329483032
30.4730208333333,6.79987668991089
30.4763541666667,6.80232048034668
30.4796875,6.8047046661377
30.4830208333333,6.80702924728394
30.4863541666667,6.8092942237854
30.4896875,6.81143999099731
30.4930208333333,6.81358575820923
30.4963541666667,6.81567192077637
30.4996875,6.81769847869873
30.5030208333333,6.81972503662109
30.5063541666667,6.82169198989868
30.5096875,6.82353973388672
30.5130208333333,6.82532787322998
30.5163541666667,6.82699680328369
30.5196875,6.82854652404785
30.5230208333333,6.83003664016724
30.5263541666667,6.83146715164185
30.5296875,6.8327784538269
30.5330208333333,6.83414936065674
30.5363541666667,6.83552026748657
30.5396875,6.83695077896118
30.5430208333333,6.83856010437012
30.5463541666667,6.84022903442383
30.5496875,6.84195756912231
30.5530208333333,6.84380531311035
30.5563541666667,6.84565305709839
30.5596875,6.8475604057312
30.5630208333333,6.84946775436401
30.5663541666667,6.85137510299683
30.5696875,6.85328245162964
30.5730208333333,6.85524940490723
30.5763541666667,6.85715675354004
30.5796875,6.8591833114624
30.5830208333333,6.86115026473999
30.5863541666667,6.86317682266235
30.5896875,6.86520338058472
30.5930208333333,6.86722993850708
30.5963541666667,6.86919689178467
30.5996875,6.87110424041748
30.6030208333333,6.87289237976074
30.6063541666667,6.87462091445923
30.6096875,6.87628984451294
30.6130208333333,6.87777996063232
30.6163541666667,6.87921047210693
30.6196875,6.88052177429199
30.6230208333333,6.88177347183228
30.6263541666667,6.88290596008301
30.6296875,6.88397884368896
30.6330208333333,6.88499212265015
30.6363541666667,6.88594579696655
30.6396875,6.88678026199341
30.6430208333333,6.88749551773071
30.6463541666667,6.88815116882324
30.6496875,6.88862800598145
30.6530208333333,6.8889856338501
30.6563541666667,6.88916444778442
30.6596875,6.88916444778442
30.6630208333333,6.8889856338501
30.6663541666667,6.88862800598145
30.6696875,6.88803195953369
30.6730208333333,6.88731670379639
30.6763541666667,6.88636302947998
30.6796875,6.88529014587402
30.6830208333333,6.88403844833374
30.6863541666667,6.88266754150391
30.6896875,6.88111782073975
30.6930208333333,6.87956809997559
30.6963541666667,6.87789916992188
30.6996875,6.87628984451294
30.7030208333333,6.874680519104
30.7063541666667,6.87313079833984
30.7096875,6.87164068222046
30.7130208333333,6.8703293800354
30.7163541666667,6.86913728713989
30.7196875,6.86812400817871
30.7230208333333,6.8671703338623
30.7263541666667,6.86639547348022
30.7296875,6.86568021774292
30.7330208333333,6.86502456665039
30.7363541666667,6.86442852020264
30.7396875,6.86389207839966
30.7430208333333,6.86335563659668
30.7463541666667,6.8628191947937
30.7496875,6.86228275299072
30.7530208333333,6.86180591583252
30.7563541666667,6.86138868331909
30.7596875,6.86103105545044
30.7630208333333,6.86073303222656
30.7663541666667,6.86061382293701
30.7696875,6.86055421829224
30.7730208333333,6.86073303222656
30.7763541666667,6.86097145080566
30.7796875,6.86138868331909
30.7830208333333,6.86192512512207
30.7863541666667,6.86252117156982
30.7896875,6.86317682266235
30.7930208333333,6.86389207839966
30.7963541666667,6.86466693878174
30.7996875,6.86538219451904
30.8030208333333,6.86603784561157
30.8063541666667,6.86663389205933
30.8096875,6.86722993850708
30.8130208333333,6.86776638031006
30.8163541666667,6.86824321746826
30.8196875,6.86866044998169
30.8230208333333,6.86907768249512
30.8263541666667,6.86943531036377
30.8296875,6.8698525428772
30.8330208333333,6.8703293800354
30.8363541666667,6.8708062171936
30.8396875,6.87140226364136
30.8430208333333,6.87199831008911
30.8463541666667,6.87271356582642
30.8496875,6.87354803085327
30.8530208333333,6.8744421005249
30.8563541666667,6.87539577484131
30.8596875,6.87640905380249
30.8630208333333,6.87748193740845
30.8663541666667,6.87861442565918
30.8696875,6.87974691390991
30.8730208333333,6.88087940216064
30.8763541666667,6.88207149505615
30.8796875,6.88326358795166
30.8830208333333,6.88445568084717
30.8863541666667,6.88564777374268
30.8896875,6.88678026199341
30.8930208333333,6.88779354095459
30.8963541666667,6.888747215271
30.8996875,6.88964128494263
30.9030208333333,6.89035654067993
30.9063541666667,6.89095258712769
30.9096875,6.89142942428589
30.9130208333333,6.89190626144409
30.9163541666667,6.89238309860229
30.9196875,6.89280033111572
30.9230208333333,6.89327716827393
30.9263541666667,6.89375400543213
30.9296875,6.89435005187988
30.9330208333333,6.89494609832764
30.9363541666667,6.89560174942017
30.9396875,6.89631700515747
30.9430208333333,6.89709186553955
30.9463541666667,6.89780712127686
30.9496875,6.89864158630371
30.9530208333333,6.89941644668579
30.9563541666667,6.9003701210022
30.9596875,6.9013237953186
30.9630208333333,6.90245628356934
30.9663541666667,6.90364837646484
30.9696875,6.90501928329468
30.9730208333333,6.90656900405884
30.9763541666667,6.90829753875732
30.9796875,6.91026449203491
30.9830208333333,6.91235065460205
30.9863541666667,6.91461563110352
30.9896875,6.91699981689453
30.9930208333333,6.91956281661987
30.9963541666667,6.92224502563477
30.9996875,6.92504644393921
31.0030208333333,6.92790746688843
31.0063541666667,6.93094730377197
31.0096875,6.93398714065552
31.0130208333333,6.93714618682861
31.0163541666667,6.94036483764648
31.0196875,6.94364309310913
31.0230208333333,6.946861743927
31.0263541666667,6.95013999938965
31.0296875,6.95335865020752
31.0330208333333,6.95645809173584
31.0363541666667,6.95955753326416
31.0396875,6.96259737014771
31.0430208333333,6.9655179977417
31.0463541666667,6.96831941604614
31.0496875,6.97106122970581
31.0530208333333,6.97356462478638
31.0563541666667,6.97588920593262
31.0596875,6.97803497314453
31.0630208333333,6.97988271713257
31.0663541666667,6.9814920425415
31.0696875,6.98280334472656
31.0730208333333,6.98375701904297
31.0763541666667,6.9844126701355
31.0796875,6.98477029800415
31.0830208333333,6.9848895072937
31.0863541666667,6.9846510887146
31.0896875,6.98423385620117
31.0930208333333,6.98357820510864
31.0963541666667,6.98262453079224
31.0996875,6.9814920425415
31.1030208333333,6.98012113571167
31.1063541666667,6.97863101959229
31.1096875,6.97696208953857
31.1130208333333,6.97517395019531
31.1163541666667,6.9732666015625
31.1196875,6.97129964828491
31.1230208333333,6.96927309036255
31.1263541666667,6.96718692779541
31.1296875,6.9650411605835
31.1330208333333,6.96289539337158
31.1363541666667,6.96074962615967
31.1396875,6.95860385894775
31.1430208333333,6.95645809173584
31.1463541666667,6.9543719291687
31.1496875,6.95240497589111
31.1530208333333,6.95061683654785
31.1563541666667,6.94900751113892
31.1596875,6.94763660430908
31.1630208333333,6.94656372070313
31.1663541666667,6.94566965103149
31.1696875,6.94513320922852
31.1730208333333,6.94483518600464
31.1763541666667,6.94483518600464
31.1796875,6.94513320922852
31.1830208333333,6.94566965103149
31.1863541666667,6.9463849067688
31.1896875,6.94739818572998
31.1930208333333,6.94864988327026
31.1963541666667,6.95008039474487
31.1996875,6.95168972015381
31.2030208333333,6.95347785949707
31.2063541666667,6.95544481277466
31.2096875,6.9575309753418
31.2130208333333,6.95973634719849
31.2163541666667,6.96206092834473
31.2196875,6.96438550949097
31.2230208333333,6.96676969528198
31.2263541666667,6.96921348571777
31.2296875,6.97159767150879
31.2330208333333,6.9739818572998
31.2363541666667,6.97636604309082
31.2396875,6.97880983352661
31.2430208333333,6.98119401931763
31.2463541666667,6.98351860046387
31.2496875,6.98584318161011
31.2530208333333,6.9880485534668
31.2563541666667,6.99019432067871
31.2596875,6.99222087860107
31.2630208333333,6.99406862258911
31.2663541666667,6.99573755264282
31.2696875,6.99722766876221
31.2730208333333,6.99847936630249
31.2763541666667,6.99949264526367
31.2796875,7.00032711029053
31.2830208333333,7.00098276138306
31.2863541666667,7.00145959854126
31.2896875,7.00181722640991
31.2930208333333,7.00205564498901
31.2963541666667,7.00217485427856
31.2996875,7.00223445892334
31.3030208333333,7.00217485427856
31.3063541666667,7.00205564498901
31.3096875,7.00181722640991
31.3130208333333,7.00145959854126
31.3163541666667,7.00098276138306
31.3196875,7.0003867149353
31.3230208333333,6.99961185455322
31.3263541666667,6.99877738952637
31.3296875,6.99782371520996
31.3330208333333,6.996750831604
31.3363541666667,6.99561834335327
31.3396875,6.99442625045776
31.3430208333333,6.99317455291748
31.3463541666667,6.99186325073242
31.3496875,6.99055194854736
31.3530208333333,6.9892406463623
31.3563541666667,6.98786973953247
31.3596875,6.98637962341309
31.3630208333333,6.9848895072937
31.3663541666667,6.98328018188477
31.3696875,6.98167085647583
31.3730208333333,6.98006153106689
31.3763541666667,6.97833299636841
31.3796875,6.9766640663147
31.3830208333333,6.97499513626099
31.3863541666667,6.97332620620728
31.3896875,6.97177648544312
31.3930208333333,6.97022676467896
31.3963541666667,6.96873664855957
31.3996875,6.96730613708496
31.4030208333333,6.96593523025513
31.4063541666667,6.96456432342529
31.4096875,6.96325302124023
31.4130208333333,6.96194171905518
31.4163541666667,6.96063041687012
31.4196875,6.95931911468506
31.4230208333333,6.9580078125
31.4263541666667,6.95675611495972
31.4296875,6.95562362670898
31.4330208333333,6.9546103477478
31.4363541666667,6.95377588272095
31.4396875,6.95317983627319
31.4430208333333,6.95282220840454
31.4463541666667,6.95276260375977
31.4496875,6.95300102233887
31.4530208333333,6.95353746414185
31.4563541666667,6.9543719291687
31.4596875,6.95550441741943
31.4630208333333,6.95693492889404
31.4663541666667,6.95860385894775
31.4696875,6.96063041687012
31.4730208333333,6.96295499801636
31.4763541666667,6.96563720703125
31.4796875,6.96867704391479
31.4830208333333,6.97201490402222
31.4863541666667,6.97576999664307
31.4896875,6.97982311248779
31.4930208333333,6.98411464691162
31.4963541666667,6.98870420455933
31.4996875,6.99353218078613
31.5030208333333,6.99859857559204
31.5063541666667,7.0037841796875
31.5096875,7.00902938842773
31.5130208333333,7.01439380645752
31.5163541666667,7.0197582244873
31.5196875,7.02506303787231
31.5230208333333,7.03030824661255
31.5263541666667,7.03549385070801
31.5296875,7.04044103622437
31.5330208333333,7.04514980316162
31.5363541666667,7.04962015151978
31.5396875,7.05379247665405
31.5430208333333,7.05772638320923
31.5463541666667,7.06124305725098
31.5496875,7.06446170806885
31.5530208333333,7.06738233566284
31.5563541666667,7.06994533538818
31.5596875,7.07215070724487
31.5630208333333,7.07405805587769
31.5663541666667,7.07566738128662
31.5696875,7.07703828811646
31.5730208333333,7.07805156707764
31.5763541666667,7.07888603210449
31.5796875,7.07942247390747
31.5830208333333,7.07978010177612
31.5863541666667,7.08001852035522
31.5896875,7.08001852035522
31.5930208333333,7.07995891571045
31.5963541666667,7.0798397064209
31.5996875,7.0796012878418
31.6030208333333,7.0793628692627
31.6063541666667,7.07912445068359
31.6096875,7.07888603210449
31.6130208333333,7.07864761352539
31.6163541666667,7.07840919494629
31.6196875,7.07817077636719
31.6230208333333,7.07799196243286
31.6263541666667,7.07787275314331
31.6296875,7.07787275314331
31.6330208333333,7.07793235778809
31.6363541666667,7.07817077636719
31.6396875,7.07864761352539
31.6430208333333,7.07930326461792
31.6463541666667,7.08013772964478
31.6496875,7.08121061325073
31.6530208333333,7.08246231079102
31.6563541666667,7.08383321762085
31.6596875,7.08532333374023
31.6630208333333,7.08687305450439
31.6663541666667,7.08848237991333
31.6696875,7.08997249603271
31.6730208333333,7.09152221679688
31.6763541666667,7.09295272827148
31.6796875,7.09432363510132
31.6830208333333,7.09563493728638
31.6863541666667,7.09688663482666
31.6896875,7.09795951843262
31.6930208333333,7.09891319274902
31.6963541666667,7.09962844848633
31.6996875,7.10010528564453
31.7030208333333,7.10034370422363
31.7063541666667,7.10034370422363
31.7096875,7.10004568099976
31.7130208333333,7.09950923919678
31.7163541666667,7.0987343788147
31.7196875,7.09784030914307
31.7230208333333,7.09682703018188
31.7263541666667,7.0958137512207
31.7296875,7.09474086761475
31.7330208333333,7.09366798400879
31.7363541666667,7.09259510040283
31.7396875,7.09152221679688
31.7430208333333,7.09050893783569
31.7463541666667,7.08949565887451
31.7496875,7.08848237991333
31.7530208333333,7.08746910095215
31.7563541666667,7.08645582199097
31.7596875,7.08550214767456
31.7630208333333,7.08466768264771
31.7663541666667,7.0839524269104
31.7696875,7.08329677581787
31.7730208333333,7.08281993865967
31.7763541666667,7.08258152008057
31.7796875,7.08246231079102
31.7830208333333,7.08264112472534
31.7863541666667,7.08299875259399
31.7896875,7.08365440368652
31.7930208333333,7.08454847335815
31.7963541666667,7.08574056625366
31.7996875,7.08723068237305
31.8030208333333,7.08901882171631
31.8063541666667,7.09104537963867
31.8096875,7.09336996078491
31.8130208333333,7.09587335586548
31.8163541666667,7.09867477416992
31.8196875,7.10159540176392
31.8230208333333,7.10469484329224
31.8263541666667,7.10785388946533
31.8296875,7.11119174957275
31.8330208333333,7.11458921432495
31.8363541666667,7.11804628372192
31.8396875,7.12168216705322
31.8430208333333,7.1253776550293
31.8463541666667,7.12919235229492
31.8496875,7.13318586349487
31.8530208333333,7.13729858398438
31.8563541666667,7.14147090911865
31.8596875,7.14570283889771
31.8630208333333,7.14993476867676
31.8663541666667,7.15416669845581
31.8696875,7.15833902359009
31.8730208333333,7.16239213943481
31.8763541666667,7.16626644134521
31.8796875,7.16996192932129
31.8830208333333,7.17347860336304
31.8863541666667,7.17681646347046
31.8896875,7.17991590499878
31.8930208333333,7.182776927948
31.8963541666667,7.18533992767334
31.8996875,7.1876049041748
31.9030208333333,7.18945264816284
31.9063541666667,7.19094276428223
31.9096875,7.19195604324341
31.9130208333333,7.19255208969116
31.9163541666667,7.19267129898071
31.9196875,7.19225406646729
31.9230208333333,7.19141960144043
31.9263541666667,7.19010829925537
31.9296875,7.18837976455688
31.9330208333333,7.18623399734497
31.9363541666667,7.18379020690918
31.9396875,7.18092918395996
31.9430208333333,7.17777013778687
31.9463541666667,7.17431306838989
31.9496875,7.17049837112427
31.9530208333333,7.16644525527954
31.9563541666667,7.16209411621094
31.9596875,7.15750455856323
31.9630208333333,7.15261697769165
31.9663541666667,7.14755058288574
31.9696875,7.14230537414551
31.9730208333333,7.13688135147095
31.9763541666667,7.13145732879639
31.9796875,7.12597370147705
31.9830208333333,7.12049007415771
31.9863541666667,7.11506605148315
31.9896875,7.10982084274292
31.9930208333333,7.10463523864746
31.9963541666667,7.09956884384155
31.9996875,7.09468126296997
32.0030208333333,7.08997249603271
32.0063541666667,7.08538293838501
32.0096875,7.08097219467163
32.0130208333333,7.07674026489258
32.0163541666667,7.07274675369263
32.0196875,7.06899166107178
32.0230208333333,7.06559419631958
32.0263541666667,7.06255435943604
32.0296875,7.05987215042114
32.0330208333333,7.05760717391968
32.0363541666667,7.05575942993164
32.0396875,7.05432891845703
32.0430208333333,7.05331563949585
32.0463541666667,7.0527195930481
32.0496875,7.05254077911377
32.0530208333333,7.05277919769287
32.0563541666667,7.05331563949585
32.0596875,7.05432891845703
32.0630208333333,7.05564022064209
32.0663541666667,7.05736875534058
32.0696875,7.05945491790771
32.0730208333333,7.06189870834351
32.0763541666667,7.06470012664795
32.0796875,7.06785917282104
32.0830208333333,7.07131624221802
32.0863541666667,7.07501173019409
32.0896875,7.07894563674927
32.0930208333333,7.08305835723877
32.0963541666667,7.0873498916626
32.0996875,7.09164142608643
32.1030208333333,7.0960521697998
32.1063541666667,7.10046291351318
32.1096875,7.10481405258179
32.1130208333333,7.10922479629517
32.1163541666667,7.11351633071899
32.1196875,7.1178674697876
32.1230208333333,7.12215900421143
32.1263541666667,7.12645053863525
32.1296875,7.13074207305908
32.1330208333333,7.13503360748291
32.1363541666667,7.13932514190674
32.1396875,7.14355707168579
32.1430208333333,7.14778900146484
32.1463541666667,7.15190172195435
32.1496875,7.15595483779907
32.1530208333333,7.1597695350647
32.1563541666667,7.163405418396
32.1596875,7.16680288314819
32.1630208333333,7.16984272003174
32.1663541666667,7.17264413833618
32.1696875,7.17514753341675
32.1730208333333,7.17741250991821
32.1763541666667,7.1793794631958
32.1796875,7.18110799789429
32.1830208333333,7.18265771865845
32.1863541666667,7.18402862548828
32.1896875,7.18528032302856
32.1930208333333,7.18647241592407
32.1963541666667,7.18748569488525
32.1996875,7.18837976455688
32.2030208333333,7.18915462493896
32.2063541666667,7.18969106674194
32.2096875,7.18998908996582
32.2130208333333,7.1900486946106
32.2163541666667,7.18986988067627
32.2196875,7.18939304351807
32.2230208333333,7.18867778778076
32.2263541666667,7.18772411346436
32.2296875,7.18659162521362
32.2330208333333,7.18533992767334
32.2363541666667,7.18402862548828
32.2396875,7.18259811401367
32.2430208333333,7.18116760253906
32.2463541666667,7.17973709106445
32.2496875,7.17836618423462
32.2530208333333,7.17693567276001
32.2563541666667,7.17544555664063
32.2596875,7.17395544052124
32.2630208333333,7.17240571975708
32.2663541666667,7.17079639434814
32.2696875,7.16906785964966
32.2730208333333,7.16733932495117
32.2763541666667,7.16555118560791
32.2796875,7.16376304626465
32.2830208333333,7.16197490692139
32.2863541666667,7.16018676757813
32.2896875,7.15845823287964
32.2930208333333,7.15678930282593
32.2963541666667,7.15512037277222
32.2996875,7.15357065200806
32.3030208333333,7.1520209312439
32.3063541666667,7.15053081512451
32.3096875,7.14915990829468
32.3130208333333,7.14784860610962
32.3163541666667,7.14677572250366
32.3196875,7.14588165283203
32.3230208333333,7.14516639709473
32.3263541666667,7.14462995529175
32.3296875,7.14421272277832
32.3330208333333,7.14391469955444
32.3363541666667,7.14367628097534
32.3396875,7.14337825775146
32.3430208333333,7.14296102523804
32.3463541666667,7.14248418807983
32.3496875,7.14176893234253
32.3530208333333,7.14099407196045
32.3563541666667,7.14021921157837
32.3596875,7.13944435119629
32.3630208333333,7.13884830474854
32.3663541666667,7.13831186294556
32.3696875,7.1379542350769
32.3730208333333,7.13777542114258
32.3763541666667,7.13777542114258
32.3796875,7.1379542350769
32.3830208333333,7.13819265365601
32.3863541666667,7.13855028152466
32.3896875,7.13890790939331
32.3930208333333,7.13932514190674
32.3963541666667,7.13974237442017
32.3996875,7.14015960693359
32.4030208333333,7.1406364440918
32.4063541666667,7.14117288589478
32.4096875,7.14164972305298
32.4130208333333,7.14224576950073
32.4163541666667,7.14278221130371
32.4196875,7.14331865310669
32.4230208333333,7.14379549026489
32.4263541666667,7.14433193206787
32.4296875,7.1447491645813
32.4330208333333,7.14516639709473
32.4363541666667,7.14552402496338
32.4396875,7.14582204818726
32.4430208333333,7.14612007141113
32.4463541666667,7.14629888534546
32.4496875,7.14641809463501
32.4530208333333,7.14647769927979
32.4563541666667,7.14653730392456
32.4596875,7.14653730392456
32.4630208333333,7.14653730392456
32.4663541666667,7.14653730392456
32.4696875,7.14653730392456
32.4730208333333,7.14659690856934
32.4763541666667,7.14677572250366
32.4796875,7.14701414108276
32.4830208333333,7.14737176895142
32.4863541666667,7.14778900146484
32.4896875,7.14832544326782
32.4930208333333,7.14904069900513
32.4963541666667,7.14975595474243
32.4996875,7.15065002441406
32.5030208333333,7.15166330337524
32.5063541666667,7.1527361869812
32.5096875,7.15392827987671
32.5130208333333,7.15529918670654
32.5163541666667,7.15672969818115
32.5196875,7.15833902359009
32.5230208333333,7.16018676757813
32.5263541666667,7.16215372085571
32.5296875,7.16429948806763
32.5330208333333,7.16662406921387
32.5363541666667,7.16912746429443
32.5396875,7.17180967330933
32.5430208333333,7.17467069625854
32.5463541666667,7.17771053314209
32.5496875,7.18092918395996
32.5530208333333,7.18426704406738
32.5563541666667,7.18772411346436
32.5596875,7.19130039215088
32.5630208333333,7.19505548477173
32.5663541666667,7.19892978668213
32.5696875,7.2028636932373
32.5730208333333,7.20679759979248
32.5763541666667,7.21085071563721
32.5796875,7.21484422683716
32.5830208333333,7.21877813339233
32.5863541666667,7.22253322601318
32.5896875,7.22616910934448
32.5930208333333,7.22962617874146
32.5963541666667,7.23278522491455
32.5996875,7.2358250617981
32.6030208333333,7.23856687545776
32.6063541666667,7.24112987518311
32.6096875,7.24345445632935
32.6130208333333,7.24565982818604
32.6163541666667,7.24762678146362
32.6196875,7.24947452545166
32.6230208333333,7.25120306015015
32.6263541666667,7.25275278091431
32.6296875,7.25418329238892
32.6330208333333,7.25537538528442
32.6363541666667,7.25650787353516
32.6396875,7.25740194320679
32.6430208333333,7.25817680358887
32.6463541666667,7.25877285003662
32.6496875,7.25919008255005
32.6530208333333,7.25936889648438
32.6563541666667,7.25942850112915
32.6596875,7.25924968719482
32.6630208333333,7.25889205932617
32.6663541666667,7.25829601287842
32.6696875,7.25752115249634
32.6730208333333,7.25662708282471
32.6763541666667,7.25555419921875
32.6796875,7.25442171096802
32.6830208333333,7.25322961807251
32.6863541666667,7.252037525177
32.6896875,7.25090503692627
32.6930208333333,7.24983215332031
32.6963541666667,7.24893808364868
32.6996875,7.24822282791138
32.7030208333333,7.24774599075317
32.7063541666667,7.24756717681885
32.7096875,7.2476863861084
32.7130208333333,7.24804401397705
32.7163541666667,7.24875926971436
32.7196875,7.24977254867554
32.7230208333333,7.2510838508606
32.7263541666667,7.25257396697998
32.7296875,7.25436210632324
32.7330208333333,7.25638866424561
32.7363541666667,7.25859403610229
32.7396875,7.26097822189331
32.7430208333333,7.26354122161865
32.7463541666667,7.2663426399231
32.7496875,7.26938247680664
32.7530208333333,7.27266073226929
32.7563541666667,7.27617740631104
32.7596875,7.27987289428711
32.7630208333333,7.28380680084229
32.7663541666667,7.28791952133179
32.7696875,7.29209184646606
32.7730208333333,7.29632377624512
32.7763541666667,7.30061531066895
32.7796875,7.30478763580322
32.7830208333333,7.3089599609375
32.7863541666667,7.31301307678223
32.7896875,7.3169469833374
32.7930208333333,7.32088088989258
32.7963541666667,7.32463598251343
32.7996875,7.32839107513428
32.8030208333333,7.33202695846558
32.8063541666667,7.33548402786255
32.8096875,7.33888149261475
32.8130208333333,7.34204053878784
32.8163541666667,7.34496116638184
32.8196875,7.34764337539673
32.8230208333333,7.35002756118774
32.8263541666667,7.35205411911011
32.8296875,7.35372304916382
32.8330208333333,7.35509395599365
32.8363541666667,7.35610723495483
32.8396875,7.35676288604736
32.8430208333333,7.35706090927124
32.8463541666667,7.35694169998169
32.8496875,7.35646486282349
32.8530208333333,7.35563039779663
32.8563541666667,7.3544979095459
32.8596875,7.35294818878174
32.8630208333333,7.3511004447937
32.8663541666667,7.34895467758179
32.8696875,7.34657049179077
32.8730208333333,7.34388828277588
32.8763541666667,7.34096765518188
32.8796875,7.33780860900879
32.8830208333333,7.33447074890137
32.8863541666667,7.33089447021484
32.8896875,7.32719898223877
32.8930208333333,7.32344388961792
32.8963541666667,7.31956958770752
32.8996875,7.31563568115234
32.9030208333333,7.31176137924194
32.9063541666667,7.30794668197632
32.9096875,7.30419158935547
32.9130208333333,7.30055570602417
32.9163541666667,7.29703903198242
32.9196875,7.29364156723022
32.9230208333333,7.2903037071228
32.9263541666667,7.28714466094971
32.9296875,7.28398561477661
32.9330208333333,7.28100538253784
32.9363541666667,7.27814435958862
32.9396875,7.27546215057373
32.9430208333333,7.27295875549316
32.9463541666667,7.2706937789917
32.9496875,7.26866722106934
32.9530208333333,7.26693868637085
32.9563541666667,7.26544857025146
32.9596875,7.26431608200073
32.9630208333333,7.26348161697388
32.9663541666667,7.2629451751709
32.9696875,7.26264715194702
32.9730208333333,7.26264715194702
32.9763541666667,7.26288557052612
32.9796875,7.26330280303955
32.9830208333333,7.26401805877686
32.9863541666667,7.26485252380371
32.9896875,7.26586580276489
32.9930208333333,7.26693868637085
32.9963541666667,7.26819038391113
32.9996875,7.26944208145142
33.0030208333333,7.27075338363647
33.0063541666667,7.27212429046631
33.0096875,7.27349519729614
33.0130208333333,7.27492570877075
33.0163541666667,7.27629661560059
33.0196875,7.2777271270752
33.0230208333333,7.2791576385498
33.0263541666667,7.28052854537964
33.0296875,7.2818398475647
33.0330208333333,7.28315114974976
33.0363541666667,7.28434324264526
33.0396875,7.285475730896
33.0430208333333,7.2864294052124
33.0463541666667,7.28732347488403
33.0496875,7.28815793991089
33.0530208333333,7.28881359100342
33.0563541666667,7.28946924209595
33.0596875,7.29000568389893
33.0630208333333,7.2905421257019
33.0663541666667,7.29101896286011
33.0696875,7.29155540466309
33.0730208333333,7.29203224182129
33.0763541666667,7.29250907897949
33.0796875,7.2929859161377
33.0830208333333,7.29340314865112
33.0863541666667,7.29382038116455
33.0896875,7.2941780090332
33.0930208333333,7.2944164276123
33.0963541666667,7.29459524154663
33.0996875,7.29471445083618
33.1030208333333,7.29471445083618
33.1063541666667,7.29465484619141
33.1096875,7.29459524154663
33.1130208333333,7.2944164276123
33.1163541666667,7.29429721832275
33.1196875,7.2941780090332
33.1230208333333,7.29411840438843
33.1263541666667,7.29405879974365
33.1296875,7.29399919509888
33.1330208333333,7.29399919509888
33.1363541666667,7.29405879974365
33.1396875,7.29405879974365
33.1430208333333,7.29405879974365
33.1463541666667,7.29399919509888
33.1496875,7.29387998580933
33.1530208333333,7.29364156723022
33.1563541666667,7.29340314865112
33.1596875,7.2929859161377
33.1630208333333,7.29250907897949
33.1663541666667,7.29191303253174
33.1696875,7.29119777679443
33.1730208333333,7.29042291641235
33.1763541666667,7.28964805603027
33.1796875,7.28875398635864
33.1830208333333,7.28785991668701
33.1863541666667,7.28690624237061
33.1896875,7.2859525680542
33.1930208333333,7.28487968444824
33.1963541666667,7.28374719619751
33.1996875,7.28249549865723
33.2030208333333,7.28106498718262
33.2063541666667,7.27939605712891
33.2096875,7.27748870849609
33.2130208333333,7.27534294128418
33.2163541666667,7.27295875549316
33.2196875,7.27027654647827
33.2230208333333,7.26741552352905
33.2263541666667,7.26437568664551
33.2296875,7.26121664047241
33.2330208333333,7.25793838500977
33.2363541666667,7.25460052490234
33.2396875,7.25126266479492
33.2430208333333,7.24786520004272
33.2463541666667,7.24458694458008
33.2496875,7.24130868911743
33.2530208333333,7.23826885223389
33.2563541666667,7.23534822463989
33.2596875,7.232666015625
33.2630208333333,7.23028182983398
33.2663541666667,7.22825527191162
33.2696875,7.22658634185791
33.2730208333333,7.22533464431763
33.2763541666667,7.22461938858032
33.2796875,7.22432136535645
33.2830208333333,7.22455978393555
33.2863541666667,7.2253942489624
33.2896875,7.22682476043701
33.2930208333333,7.22885131835938
33.2963541666667,7.23153352737427
33.2996875,7.23481178283691
33.3030208333333,7.23862648010254
33.3063541666667,7.24303722381592
33.3096875,7.2479248046875
33.3130208333333,7.25328922271729
33.3163541666667,7.25901126861572
33.3196875,7.26509094238281
33.3230208333333,7.271409034729
33.3263541666667,7.2779655456543
33.3296875,7.28470087051392
33.3330208333333,7.29161500930786
33.3363541666667,7.29858875274658
33.3396875,7.30568170547485
33.3430208333333,7.31277465820313
33.3463541666667,7.31998682022095
33.3496875,7.32725858688354
33.3530208333333,7.33453035354614
33.3563541666667,7.34180212020874
33.3596875,7.34913349151611
33.3630208333333,7.35646486282349
33.3663541666667,7.36373662948608
33.3696875,7.37094879150391
33.3730208333333,7.37810134887695
33.3763541666667,7.38507509231567
33.3796875,7.39187002182007
33.3830208333333,7.39848613739014
33.3863541666667,7.4048638343811
33.3896875,7.41094350814819
33.3930208333333,7.41678476333618
33.3963541666667,7.42238759994507
33.3996875,7.42769241333008
33.4030208333333,7.43281841278076
33.4063541666667,7.43776559829712
33.4096875,7.44253396987915
33.4130208333333,7.44712352752686
33.4163541666667,7.45153427124023
33.4196875,7.45576620101929
33.4230208333333,7.45981931686401
33.4263541666667,7.46375322341919
33.4296875,7.46744871139526
33.4330208333333,7.47090578079224
33.4363541666667,7.47424364089966
33.4396875,7.47734308242798
33.4430208333333,7.4802041053772
33.4463541666667,7.48294591903687
33.4496875,7.48544931411743
33.4530208333333,7.48777389526367
33.4563541666667,7.48997926712036
33.4596875,7.49200582504272
33.4630208333333,7.49397277832031
33.4663541666667,7.49582052230835
33.4696875,7.49754905700684
33.4730208333333,7.49927759170532
33.4763541666667,7.50088691711426
33.4796875,7.50249624252319
33.4830208333333,7.50410556793213
33.4863541666667,7.50565528869629
33.4896875,7.50714540481567
33.4930208333333,7.50863552093506
33.4963541666667,7.51006603240967
33.4996875,7.51137733459473
33.5030208333333,7.51256942749023
33.5063541666667,7.51364231109619
33.5096875,7.51453638076782
33.5130208333333,7.51525163650513
33.5163541666667,7.51578807830811
33.5196875,7.51608610153198
33.5230208333333,7.51614570617676
33.5263541666667,7.51602649688721
33.5296875,7.51572847366333
33.5330208333333,7.51519203186035
33.5363541666667,7.51453638076782
33.5396875,7.51364231109619
33.5430208333333,7.51256942749023
33.5463541666667,7.51131772994995
33.5496875,7.50988721847534
33.5530208333333,7.50833749771118
33.5563541666667,7.50666856765747
33.5596875,7.50488042831421
33.5630208333333,7.50303268432617
33.5663541666667,7.50118494033813
33.5696875,7.49939680099487
33.5730208333333,7.49760866165161
33.5763541666667,7.49599933624268
33.5796875,7.49456882476807
33.5830208333333,7.49331712722778
33.5863541666667,7.49224424362183
33.5896875,7.49146938323975
33.5930208333333,7.49099254608154
33.5963541666667,7.49087333679199
33.5996875,7.49111175537109
33.6030208333333,7.49176740646362
33.6063541666667,7.49289989471436
33.6096875,7.49462842941284
33.6130208333333,7.49707221984863
33.6163541666667,7.50023126602173
33.6196875,7.50428438186646
33.6230208333333,7.50929117202759
33.6263541666667,7.51519203186035
33.6296875,7.5221061706543
33.6330208333333,7.52997398376465
33.6363541666667,7.53873586654663
33.6396875,7.54839181900024
33.6430208333333,7.55888223648071
33.6463541666667,7.57008790969849
33.6496875,7.58183002471924
33.6530208333333,7.59410858154297
33.6563541666667,7.60668516159058
33.6596875,7.61955976486206
33.6630208333333,7.63243436813354
33.6663541666667,7.64524936676025
33.6696875,7.65770673751831
33.6730208333333,7.66968727111816
33.6763541666667,7.68095254898071
33.6796875,7.69132375717163
33.6830208333333,7.70068168640137
33.6863541666667,7.70878791809082
33.6896875,7.71558284759521
33.6930208333333,7.720947265625
33.6963541666667,7.72476196289063
33.6996875,7.72708654403687
33.7030208333333,7.72786140441895
33.7063541666667,7.72714614868164
33.7096875,7.72494077682495
33.7130208333333,7.72136449813843
33.7163541666667,7.71653652191162
33.7196875,7.71057605743408
33.7230208333333,7.70354270935059
33.7263541666667,7.69561529159546
33.7296875,7.68697261810303
33.7330208333333,7.67779350280762
33.7363541666667,7.66825675964355
33.7396875,7.65848159790039
33.7430208333333,7.64870643615723
33.7463541666667,7.63899087905884
33.7496875,7.62951374053955
33.7530208333333,7.62045383453369
33.7563541666667,7.61187076568604
33.7596875,7.60382413864136
33.7630208333333,7.59643316268921
33.7663541666667,7.58957862854004
33.7696875,7.5833797454834
33.7730208333333,7.57777690887451
33.7763541666667,7.57282972335815
33.7796875,7.56847858428955
33.7830208333333,7.56466388702393
33.7863541666667,7.5613260269165
33.7896875,7.55852460861206
33.7930208333333,7.55614042282104
33.7963541666667,7.55411386489868
33.7996875,7.55244493484497
33.8030208333333,7.55101442337036
33.8063541666667,7.54976272583008
33.8096875,7.54863023757935
33.8130208333333,7.54755735397339
33.8163541666667,7.54654407501221
33.8196875,7.54547119140625
33.8230208333333,7.54439830780029
33.8263541666667,7.54320621490479
33.8296875,7.54201412200928
33.8330208333333,7.54070281982422
33.8363541666667,7.53933191299438
33.8396875,7.53790140151978
33.8430208333333,7.53641128540039
33.8463541666667,7.53492116928101
33.8496875,7.53343105316162
33.8530208333333,7.53188133239746
33.8563541666667,7.53039121627808
33.8596875,7.52890110015869
33.8630208333333,7.52735137939453
33.8663541666667,7.52586126327515
33.8696875,7.52431154251099
33.8730208333333,7.5228214263916
33.8763541666667,7.52127170562744
33.8796875,7.51972198486328
33.8830208333333,7.51817226409912
33.8863541666667,7.51668214797974
33.8896875,7.51513242721558
33.8930208333333,7.51364231109619
33.8963541666667,7.51215219497681
33.8996875,7.51078128814697
33.9030208333333,7.50935077667236
33.9063541666667,7.50797986984253
33.9096875,7.50666856765747
33.9130208333333,7.50541687011719
33.9163541666667,7.50422477722168
33.9196875,7.50309228897095
33.9230208333333,7.50207901000977
33.9263541666667,7.50118494033813
33.9296875,7.50035047531128
33.9330208333333,7.49969482421875
33.9363541666667,7.49921798706055
33.9396875,7.49880075454712
33.9430208333333,7.49850273132324
33.9463541666667,7.49832391738892
33.9496875,7.49826431274414
33.9530208333333,7.49820470809937
33.9563541666667,7.49826431274414
33.9596875,7.49832391738892
33.9630208333333,7.49844312667847
33.9663541666667,7.49856233596802
33.9696875,7.49880075454712
33.9730208333333,7.49903917312622
33.9763541666667,7.49939680099487
33.9796875,7.4998140335083
33.9830208333333,7.5002908706665
33.9863541666667,7.50088691711426
33.9896875,7.50148296356201
33.9930208333333,7.50213861465454
33.9963541666667,7.50285387039185
33.9996875,7.50356912612915
34.0030208333333,7.50434398651123
34.0063541666667,7.50505924224854
34.0096875,7.50577449798584
34.0130208333333,7.50654935836792
34.0163541666667,7.50732421875
34.0196875,7.50809907913208
34.0230208333333,7.50899314880371
34.0263541666667,7.50988721847534
34.0296875,7.51078128814697
34.0330208333333,7.51173496246338
34.0363541666667,7.51268863677979
34.0396875,7.51358270645142
34.0430208333333,7.51447677612305
34.0463541666667,7.5153112411499
34.0496875,7.51614570617676
34.0530208333333,7.51692056655884
34.0563541666667,7.51769542694092
34.0596875,7.51841068267822
34.0630208333333,7.5191855430603
34.0663541666667,7.52002000808716
34.0696875,7.52085447311401
34.0730208333333,7.52168893814087
34.0763541666667,7.5225830078125
34.0796875,7.52341747283936
34.0830208333333,7.52425193786621
34.0863541666667,7.52502679824829
34.0896875,7.52580165863037
34.0930208333333,7.52651691436768
34.0963541666667,7.52723217010498
34.0996875,7.52794742584229
34.1030208333333,7.52866268157959
34.1063541666667,7.52943754196167
34.1096875,7.5303316116333
34.1130208333333,7.53122568130493
34.1163541666667,7.53223896026611
34.1196875,7.53325223922729
34.1230208333333,7.53426551818848
34.1263541666667,7.53527879714966
34.1296875,7.53629207611084
34.1330208333333,7.53730535507202
34.1363541666667,7.53819942474365
34.1396875,7.53909349441528
34.1430208333333,7.53998756408691
34.1463541666667,7.54076242446899
34.1496875,7.54159688949585
34.1530208333333,7.54237174987793
34.1563541666667,7.54308700561523
34.1596875,7.54380226135254
34.1630208333333,7.54451751708984
34.1663541666667,7.54517316818237
34.1696875,7.5458288192749
34.1730208333333,7.54642486572266
34.1763541666667,7.54696130752563
34.1796875,7.54749774932861
34.1830208333333,7.54791498184204
34.1863541666667,7.54839181900024
34.1896875,7.5487494468689
34.1930208333333,7.54910707473755
34.1963541666667,7.54940509796143
34.1996875,7.5497031211853
34.2030208333333,7.5499415397644
34.2063541666667,7.55012035369873
34.2096875,7.55023956298828
34.2130208333333,7.55029916763306
34.2163541666667,7.55023956298828
34.2196875,7.55017995834351
34.2230208333333,7.55000114440918
34.2263541666667,7.54982233047485
34.2296875,7.54958391189575
34.2330208333333,7.5492262840271
34.2363541666667,7.54886865615845
34.2396875,7.54851102828979
34.2430208333333,7.54815340042114
34.2463541666667,7.54773616790771
34.2496875,7.54737854003906
34.2530208333333,7.54708051681519
34.2563541666667,7.54684209823608
34.2596875,7.54672288894653
34.2630208333333,7.54666328430176
34.2663541666667,7.54678249359131
34.2696875,7.54702091217041
34.2730208333333,7.54731893539429
34.2763541666667,7.54779577255249
34.2796875,7.54839181900024
34.2830208333333,7.54904747009277
34.2863541666667,7.54982233047485
34.2896875,7.55071640014648
34.2930208333333,7.55172967910767
34.2963541666667,7.55274295806885
34.2996875,7.55393505096436
34.3030208333333,7.55512714385986
34.3063541666667,7.55643844604492
34.3096875,7.55780935287476
34.3130208333333,7.55918025970459
34.3163541666667,7.56067037582397
34.3196875,7.56222009658813
34.3230208333333,7.56382942199707
34.3263541666667,7.56555795669556
34.3296875,7.56740570068359
34.3330208333333,7.56937265396118
34.3363541666667,7.5715184211731
34.3396875,7.57384300231934
34.3430208333333,7.57628679275513
34.3463541666667,7.57896900177002
34.3496875,7.58177042007446
34.3530208333333,7.58475065231323
34.3563541666667,7.58790969848633
34.3596875,7.59118795394897
34.3630208333333,7.59458541870117
34.3663541666667,7.59804248809814
34.3696875,7.60161876678467
34.3730208333333,7.60519504547119
34.3763541666667,7.60883092880249
34.3796875,7.61240720748901
34.3830208333333,7.61604309082031
34.3863541666667,7.61961936950684
34.3896875,7.62313604354858
34.3930208333333,7.62659311294556
34.3963541666667,7.63005018234253
34.3996875,7.63344764709473
34.4030208333333,7.63684511184692
34.4063541666667,7.64024257659912
34.4096875,7.64358043670654
34.4130208333333,7.64685869216919
34.4163541666667,7.65007734298706
34.4196875,7.65323638916016
34.4230208333333,7.65621662139893
34.4263541666667,7.65913724899292
34.4296875,7.66181945800781
34.4330208333333,7.66438245773315
34.4363541666667,7.66670703887939
34.4396875,7.66885280609131
34.4430208333333,7.67076015472412
34.4463541666667,7.67248868942261
34.4496875,7.67391920089722
34.4530208333333,7.67523050308228
34.4563541666667,7.67624378204346
34.4596875,7.67713785171509
34.4630208333333,7.67779350280762
34.4663541666667,7.67821073532104
34.4696875,7.67850875854492
34.4730208333333,7.6785683631897
34.4763541666667,7.67850875854492
34.4796875,7.67821073532104
34.4830208333333,7.67767429351807
34.4863541666667,7.67701864242554
34.4896875,7.67612457275391
34.4930208333333,7.67505168914795
34.4963541666667,7.67385959625244
34.4996875,7.67260789871216
34.5030208333333,7.6712965965271
34.5063541666667,7.66992568969727
34.5096875,7.66855478286743
34.5130208333333,7.6671838760376
34.5163541666667,7.66593217849731
34.5196875,7.66474008560181
34.5230208333333,7.6635479927063
34.5263541666667,7.66247510910034
34.5296875,7.66146183013916
34.5330208333333,7.66050815582275
34.5363541666667,7.65961408615112
34.5396875,7.65889883041382
34.5430208333333,7.65824317932129
34.5463541666667,7.65770673751831
34.5496875,7.65728950500488
34.5530208333333,7.65705108642578
34.5563541666667,7.65699148178101
34.5596875,7.65711069107056
34.5630208333333,7.65734910964966
34.5663541666667,7.65776634216309
34.5696875,7.65836238861084
34.5730208333333,7.65907764434814
34.5763541666667,7.65985250473022
34.5796875,7.66080617904663
34.5830208333333,7.66181945800781
34.5863541666667,7.66295194625854
34.5896875,7.66414403915405
34.5930208333333,7.66545534133911
34.5963541666667,7.66682624816895
34.5996875,7.66825675964355
34.6030208333333,7.66968727111816
34.6063541666667,7.67117738723755
34.6096875,7.67272710800171
34.6130208333333,7.67415761947632
34.6163541666667,7.67558813095093
34.6196875,7.67683982849121
34.6230208333333,7.67803192138672
34.6263541666667,7.67898559570313
34.6296875,7.67976045608521
34.6330208333333,7.68035650253296
34.6363541666667,7.68071413040161
34.6396875,7.68089294433594
34.6430208333333,7.68089294433594
34.6463541666667,7.68077373504639
34.6496875,7.68047571182251
34.6530208333333,7.68005847930908
34.6563541666667,7.6795220375061
34.6596875,7.67886638641357
34.6630208333333,7.67821073532104
34.6663541666667,7.67749547958374
34.6696875,7.67672061920166
34.6730208333333,7.67594575881958
34.6763541666667,7.67511129379272
34.6796875,7.67415761947632
34.6830208333333,7.67320394515991
34.6863541666667,7.67219066619873
34.6896875,7.671058177948
34.6930208333333,7.66986608505249
34.6963541666667,7.66855478286743
34.6996875,7.66712427139282
34.7030208333333,7.66563415527344
34.7063541666667,7.66408443450928
34.7096875,7.66241550445557
34.7130208333333,7.6606273651123
34.7163541666667,7.65883922576904
34.7196875,7.65693187713623
34.7230208333333,7.65496492385864
34.7263541666667,7.65293836593628
34.7296875,7.65091180801392
34.7330208333333,7.64888525009155
34.7363541666667,7.64691829681396
34.7396875,7.64507055282593
34.7430208333333,7.64328241348267
34.7463541666667,7.64167308807373
34.7496875,7.64024257659912
34.7530208333333,7.63899087905884
34.7563541666667,7.63791799545288
34.7596875,7.63702392578125
34.7630208333333,7.63636827468872
34.7663541666667,7.63589143753052
34.7696875,7.63559341430664
34.7730208333333,7.63541460037231
34.7763541666667,7.63541460037231
34.7796875,7.63559341430664
34.7830208333333,7.63589143753052
34.7863541666667,7.63636827468872
34.7896875,7.63702392578125
34.7930208333333,7.63785839080811
34.7963541666667,7.63887166976929
34.7996875,7.64012336730957
34.8030208333333,7.64161348342896
34.8063541666667,7.64328241348267
34.8096875,7.64518976211548
34.8130208333333,7.64727592468262
34.8163541666667,7.64948129653931
34.8196875,7.6519250869751
34.8230208333333,7.65442848205566
34.8263541666667,7.65705108642578
34.8296875,7.65973329544067
34.8330208333333,7.66241550445557
34.8363541666667,7.66509771347046
34.8396875,7.66777992248535
34.8430208333333,7.67034292221069
34.8463541666667,7.67284631729126
34.8496875,7.67529010772705
34.8530208333333,7.67767429351807
34.8563541666667,7.67999887466431
34.8596875,7.682204246521
34.8630208333333,7.68440961837769
34.8663541666667,7.68649578094482
34.8696875,7.68852233886719
34.8730208333333,7.69037008285522
34.8763541666667,7.69215822219849
34.8796875,7.69370794296265
34.8830208333333,7.69513845443726
34.8863541666667,7.69644975662231
34.8896875,7.69752264022827
34.8930208333333,7.6984167098999
34.8963541666667,7.69919157028198
34.8996875,7.69978761672974
34.9030208333333,7.70026445388794
34.9063541666667,7.70062208175659
34.9096875,7.70086050033569
34.9130208333333,7.70097970962524
34.9163541666667,7.70097970962524
34.9196875,7.70092010498047
34.9230208333333,7.70080089569092
34.9263541666667,7.70068168640137
34.9296875,7.70050287246704
34.9330208333333,7.70032405853271
34.9363541666667,7.70026445388794
34.9396875,7.70020484924316
34.9430208333333,7.70020484924316
34.9463541666667,7.70026445388794
34.9496875,7.70032405853271
34.9530208333333,7.70038366317749
34.9563541666667,7.70038366317749
34.9596875,7.70026445388794
34.9630208333333,7.70008563995361
34.9663541666667,7.69978761672974
34.9696875,7.69937038421631
34.9730208333333,7.69883394241333
34.9763541666667,7.6981782913208
34.9796875,7.6974630355835
34.9830208333333,7.69668817520142
34.9863541666667,7.69597291946411
34.9896875,7.69525766372681
34.9930208333333,7.69466161727905
34.9963541666667,7.69418478012085
34.9996875,7.69388675689697
35.0030208333333,7.6938271522522
35.0063541666667,7.69394636154175
35.0096875,7.6943039894104
35.0130208333333,7.69495964050293
35.0163541666667,7.69579410552979
35.0196875,7.69686698913574
35.0230208333333,7.6981782913208
35.0263541666667,7.69960880279541
35.0296875,7.70121812820435
35.0330208333333,7.70294666290283
35.0363541666667,7.70479440689087
35.0396875,7.70664215087891
35.0430208333333,7.70848989486694
35.0463541666667,7.71039724349976
35.0496875,7.71224498748779
35.0530208333333,7.71403312683105
35.0563541666667,7.71576166152954
35.0596875,7.71749019622803
35.0630208333333,7.71915912628174
35.0663541666667,7.72082805633545
35.0696875,7.72249698638916
35.0730208333333,7.72422552108765
35.0763541666667,7.72601366043091
35.0796875,7.72786140441895
35.0830208333333,7.72970914840698
35.0863541666667,7.73161649703979
35.0896875,7.73346424102783
35.0930208333333,7.73531198501587
35.0963541666667,7.73704051971436
35.0996875,7.73870944976807
35.1030208333333,7.740318775177
35.1063541666667,7.74180889129639
35.1096875,7.743239402771
35.1130208333333,7.74466991424561
35.1163541666667,7.74610042572021
35.1196875,7.74753093719482
35.1230208333333,7.74902105331421
35.1263541666667,7.75057077407837
35.1296875,7.7521800994873
35.1330208333333,7.75384902954102
35.1363541666667,7.75551795959473
35.1396875,7.75724649429321
35.1430208333333,7.7589750289917
35.1463541666667,7.76070356369019
35.1496875,7.76231288909912
35.1530208333333,7.76380300521851
35.1563541666667,7.76517391204834
35.1596875,7.76636600494385
35.1630208333333,7.76737928390503
35.1663541666667,7.76821374893188
35.1696875,7.76886940002441
35.1730208333333,7.76940584182739
35.1763541666667,7.76982307434082
35.1796875,7.7701210975647
35.1830208333333,7.7703595161438
35.1863541666667,7.77053833007813
35.1896875,7.77071714401245
35.1930208333333,7.77089595794678
35.1963541666667,7.7710747718811
35.1996875,7.77125358581543
35.2030208333333,7.77143239974976
35.2063541666667,7.77161121368408
35.2096875,7.77184963226318
35.2130208333333,7.77214765548706
35.2163541666667,7.77250528335571
35.2196875,7.77298212051392
35.2230208333333,7.77357816696167
35.2263541666667,7.77429342269897
35.2296875,7.77506828308105
35.2330208333333,7.77590274810791
35.2363541666667,7.77673721313477
35.2396875,7.77757167816162
35.2430208333333,7.7783465385437
35.2463541666667,7.77906179428101
35.2496875,7.77971744537354
35.2530208333333,7.78031349182129
35.2563541666667,7.78084993362427
35.2596875,7.78132677078247
35.2630208333333,7.7817440032959
35.2663541666667,7.78216123580933
35.2696875,7.78251886367798
35.2730208333333,7.78281688690186
35.2763541666667,7.78305530548096
35.2796875,7.78323411941528
35.2830208333333,7.78329372406006
35.2863541666667,7.78329372406006
35.2896875,7.78323411941528
35.2930208333333,7.78311491012573
35.2963541666667,7.78293609619141
35.2996875,7.78275728225708
35.3030208333333,7.78257846832275
35.3063541666667,7.78239965438843
35.3096875,7.7822208404541
35.3130208333333,7.78210163116455
35.3163541666667,7.78192281723022
35.3196875,7.7817440032959
35.3230208333333,7.78156518936157
35.3263541666667,7.7812671661377
35.3296875,7.78090953826904
35.3330208333333,7.78049230575562
35.3363541666667,7.77995586395264
35.3396875,7.77935981750488
35.3430208333333,7.77870416641235
35.3463541666667,7.77792930603027
35.3496875,7.77715444564819
35.3530208333333,7.77643918991089
35.3563541666667,7.77566432952881
35.3596875,7.77500867843628
35.3630208333333,7.7744722366333
35.3663541666667,7.7739953994751
35.3696875,7.77357816696167
35.3730208333333,7.77328014373779
35.3763541666667,7.77304172515869
35.3796875,7.77292251586914
35.3830208333333,7.77286291122437
35.3863541666667,7.77292251586914
35.3896875,7.77304172515869
35.3930208333333,7.77322053909302
35.3963541666667,7.77351856231689
35.3996875,7.77387619018555
35.4030208333333,7.77435302734375
35.4063541666667,7.77488946914673
35.4096875,7.77542591094971
35.4130208333333,7.77602195739746
35.4163541666667,7.77661800384521
35.4196875,7.77715444564819
35.4230208333333,7.7776312828064
35.4263541666667,7.7781081199646
35.4296875,7.77846574783325
35.4330208333333,7.77876377105713
35.4363541666667,7.77900218963623
35.4396875,7.77918100357056
35.4430208333333,7.77941942214966
35.4463541666667,7.77965784072876
35.4496875,7.77989625930786
35.4530208333333,7.78019428253174
35.4563541666667,7.78049230575562
35.4596875,7.78084993362427
35.4630208333333,7.7812671661377
35.4663541666667,7.78162479400635
35.4696875,7.78204202651978
35.4730208333333,7.7824592590332
35.4763541666667,7.78287649154663
35.4796875,7.78335332870483
35.4830208333333,7.78383016586304
35.4863541666667,7.78436660766602
35.4896875,7.78502225875854
35.4930208333333,7.78579711914063
35.4963541666667,7.78663158416748
35.4996875,7.78752565383911
35.5030208333333,7.78853893280029
35.5063541666667,7.78955221176147
35.5096875,7.79062509536743
35.5130208333333,7.79163837432861
35.5163541666667,7.79259204864502
35.5196875,7.79342651367188
35.5230208333333,7.79414176940918
35.5263541666667,7.79479742050171
35.5296875,7.79527425765991
35.5330208333333,7.79563188552856
35.5363541666667,7.79587030410767
35.5396875,7.79598951339722
35.5430208333333,7.79616832733154
35.5463541666667,7.79628753662109
35.5496875,7.79640674591064
35.5530208333333,7.79658555984497
35.5563541666667,7.7967643737793
35.5596875,7.79706239700317
35.5630208333333,7.79742002487183
35.5663541666667,7.79789686203003
35.5696875,7.79843330383301
35.5730208333333,7.79896974563599
35.5763541666667,7.79962539672852
35.5796875,7.80034065246582
35.5830208333333,7.8011155128479
35.5863541666667,7.80200958251953
35.5896875,7.80296325683594
35.5930208333333,7.80409574508667
35.5963541666667,7.80528783798218
35.5996875,7.80659914016724
35.6030208333333,7.80797004699707
35.6063541666667,7.80951976776123
35.6096875,7.81118869781494
35.6130208333333,7.81291723251343
35.6163541666667,7.81470537185669
35.6196875,7.81655311584473
35.6230208333333,7.81846046447754
35.6263541666667,7.82036781311035
35.6296875,7.82233476638794
35.6330208333333,7.82430171966553
35.6363541666667,7.82632827758789
35.6396875,7.82841444015503
35.6430208333333,7.83050060272217
35.6463541666667,7.83270597457886
35.6496875,7.8350305557251
35.6530208333333,7.83741474151611
35.6563541666667,7.83991813659668
35.6596875,7.84260034561157
35.6630208333333,7.84534215927124
35.6663541666667,7.84826278686523
35.6696875,7.85130262374878
35.6730208333333,7.85446166992188
35.6763541666667,7.85773992538452
35.6796875,7.86107778549194
35.6830208333333,7.86453485488892
35.6863541666667,7.86811113357544
35.6896875,7.87162780761719
35.6930208333333,7.87520408630371
35.6963541666667,7.87872076034546
35.6996875,7.88211822509766
35.7030208333333,7.8853964805603
35.7063541666667,7.8885555267334
35.7096875,7.89147615432739
35.7130208333333,7.89421796798706
35.7163541666667,7.89684057235718
35.7196875,7.89922475814819
35.7230208333333,7.90148973464966
35.7263541666667,7.90363550186157
35.7296875,7.90572166442871
35.7330208333333,7.9076886177063
35.7363541666667,7.90965557098389
35.7396875,7.91162252426147
35.7430208333333,7.91358947753906
35.7463541666667,7.91555643081665
35.7496875,7.91758298873901
35.7530208333333,7.91960954666138
35.7563541666667,7.92169570922852
35.7596875,7.92372226715088
35.7630208333333,7.92580842971802
35.7663541666667,7.92789459228516
35.7696875,7.92998075485229
35.7730208333333,7.93200731277466
35.7763541666667,7.93397426605225
35.7796875,7.93588161468506
35.7830208333333,7.93766975402832
35.7863541666667,7.93933868408203
35.7896875,7.94082880020142
35.7930208333333,7.94214010238647
35.7963541666667,7.94327259063721
35.7996875,7.94422626495361
35.8030208333333,7.94500112533569
35.8063541666667,7.945716381073
35.8096875,7.94631242752075
35.8130208333333,7.94678926467896
35.8163541666667,7.94726610183716
35.8196875,7.94762372970581
35.8230208333333,7.94804096221924
35.8263541666667,7.94845819473267
35.8296875,7.94881582260132
35.8330208333333,7.94923305511475
35.8363541666667,7.9495906829834
35.8396875,7.95000791549683
35.8430208333333,7.95036554336548
35.8463541666667,7.95078277587891
35.8496875,7.95114040374756
35.8530208333333,7.95155763626099
35.8563541666667,7.95191526412964
35.8596875,7.95227289199829
35.8630208333333,7.95257091522217
35.8663541666667,7.95286893844604
35.8696875,7.95316696166992
35.8730208333333,7.95340538024902
35.8763541666667,7.95364379882813
35.8796875,7.95382261276245
35.8830208333333,7.953941822052
35.8863541666667,7.95406103134155
35.8896875,7.95406103134155
35.8930208333333,7.95400142669678
35.8963541666667,7.953941822052
35.8996875,7.95376300811768
35.9030208333333,7.95352458953857
35.9063541666667,7.9532265663147
35.9096875,7.95292854309082
35.9130208333333,7.95263051986694
35.9163541666667,7.95233249664307
35.9196875,7.95203447341919
35.9230208333333,7.95167684555054
35.9263541666667,7.95137882232666
35.9296875,7.95102119445801
35.9330208333333,7.95072317123413
35.9363541666667,7.95036554336548
35.9396875,7.95000791549683
35.9430208333333,7.9495906829834
35.9463541666667,7.94923305511475
35.9496875,7.94893503189087
35.9530208333333,7.94863700866699
35.9563541666667,7.94839859008789
35.9596875,7.94821977615356
35.9630208333333,7.94810056686401
35.9663541666667,7.94792175292969
35.9696875,7.94780254364014
35.9730208333333,7.94762372970581
35.9763541666667,7.94744491577148
35.9796875,7.94714689254761
35.9830208333333,7.94678926467896
35.9863541666667,7.94631242752075
35.9896875,7.94577598571777
35.9930208333333,7.94512033462524
35.9963541666667,7.94440507888794
35.9996875,7.94363021850586
36.0030208333333,7.942795753479
36.0063541666667,7.94196128845215
36.0096875,7.94118642807007
36.0130208333333,7.94041156768799
36.0163541666667,7.93975591659546
36.0196875,7.93927907943726
36.0230208333333,7.93904066085815
36.0263541666667,7.93910026550293
36.0296875,7.93951749801636
36.0330208333333,7.94041156768799
36.0363541666667,7.94172286987305
36.0396875,7.94368982315063
36.0430208333333,7.9461932182312
36.0463541666667,7.9493522644043
36.0496875,7.9532265663147
36.0530208333333,7.95775651931763
36.0563541666667,7.96294212341309
36.0596875,7.96878337860107
36.0630208333333,7.97528028488159
36.0663541666667,7.98231363296509
36.0696875,7.98988342285156
36.0730208333333,7.99787044525146
36.0763541666667,8.00627470016479
36.0796875,8.01503658294678
36.0830208333333,8.02397727966309
36.0863541666667,8.03297758102417
36.0896875,8.0420970916748
36.0930208333333,8.05109739303589
36.0963541666667,8.05985927581787
36.0996875,8.06838274002075
36.1030208333333,8.07660818099976
36.1063541666667,8.08435678482056
36.1096875,8.09168815612793
36.1130208333333,8.0985426902771
36.1163541666667,8.10503959655762
36.1196875,8.11117887496948
36.1230208333333,8.1169605255127
36.1263541666667,8.12256336212158
36.1296875,8.12798738479614
36.1330208333333,8.13329219818115
36.1363541666667,8.13859701156616
36.1396875,8.1438422203064
36.1430208333333,8.14914703369141
36.1463541666667,8.15451145172119
36.1496875,8.15999507904053
36.1530208333333,8.16547870635986
36.1563541666667,8.17108154296875
36.1596875,8.17680358886719
36.1630208333333,8.18264484405518
36.1663541666667,8.18854570388794
36.1696875,8.19456577301025
36.1730208333333,8.20058584213257
36.1763541666667,8.20660591125488
36.1796875,8.2126259803772
36.1830208333333,8.21840763092041
36.1863541666667,8.22407007217407
36.1896875,8.22937488555908
36.1930208333333,8.23426246643066
36.1963541666667,8.23873281478882
36.1996875,8.24266672134399
36.2030208333333,8.24594497680664
36.2063541666667,8.24850797653198
36.2096875,8.25035572052002
36.2130208333333,8.2513689994812
36.2163541666667,8.25154781341553
36.2196875,8.25083255767822
36.2230208333333,8.24916362762451
36.2263541666667,8.24666023254395
36.2296875,8.2431435585022
36.2330208333333,8.23873281478882
36.2363541666667,8.23342800140381
36.2396875,8.22728872299194
36.2430208333333,8.22031497955322
36.2463541666667,8.2126259803772
36.2496875,8.20422172546387
36.2530208333333,8.19522142410278
36.2563541666667,8.1857442855835
36.2596875,8.17584991455078
36.2630208333333,8.16565752029419
36.2663541666667,8.1552267074585
36.2696875,8.1447958946228
36.2730208333333,8.13430547714233
36.2763541666667,8.12399387359619
36.2796875,8.11386108398438
36.2830208333333,8.10408592224121
36.2863541666667,8.09472799301147
36.2896875,8.08584690093994
36.2930208333333,8.07756185531616
36.2963541666667,8.06987285614014
36.2996875,8.06277990341187
36.3030208333333,8.05634260177612
36.3063541666667,8.05038213729858
36.3096875,8.0450177192688
36.3130208333333,8.04007053375244
36.3163541666667,8.03548097610474
36.3196875,8.03124904632568
36.3230208333333,8.02725553512573
36.3263541666667,8.02350044250488
36.3296875,8.01992416381836
36.3330208333333,8.01658630371094
36.3363541666667,8.01348686218262
36.3396875,8.01056623458862
36.3430208333333,8.00794363021851
36.3463541666667,8.00544023513794
36.3496875,8.00323486328125
36.3530208333333,8.00120830535889
36.3563541666667,7.99936056137085
36.3596875,7.99763202667236
36.3630208333333,7.99602270126343
36.3663541666667,7.99447298049927
36.3696875,7.99310207366943
36.3730208333333,7.99179077148438
36.3763541666667,7.99059867858887
36.3796875,7.98958539962769
36.3830208333333,7.98875093460083
36.3863541666667,7.98803567886353
36.3896875,7.98743963241577
36.3930208333333,7.98708200454712
36.3963541666667,7.98684358596802
36.3996875,7.98672437667847
36.4030208333333,7.98672437667847
36.4063541666667,7.98690319061279
36.4096875,7.98708200454712
36.4130208333333,7.98743963241577
36.4163541666667,7.9878568649292
36.4196875,7.98839330673218
36.4230208333333,7.98898935317993
36.4263541666667,7.98964500427246
36.4296875,7.99041986465454
36.4330208333333,7.99119472503662
36.4363541666667,7.99208879470825
36.4396875,7.99304246902466
36.4430208333333,7.99405574798584
36.4463541666667,7.99518823623657
36.4496875,7.99643993377686
36.4530208333333,7.99787044525146
36.4563541666667,7.99942016601563
36.4596875,8.00120830535889
36.4630208333333,8.00323486328125
36.4663541666667,8.00555944442749
36.4696875,8.00818204879761
36.4730208333333,8.01122188568115
36.4763541666667,8.0147385597229
36.4796875,8.01879167556763
36.4830208333333,8.02344083786011
36.4863541666667,8.02886486053467
36.4896875,8.03506374359131
36.4930208333333,8.04215669631958
36.4963541666667,8.05008411407471
36.4996875,8.05902481079102
36.5030208333333,8.06885957717896
36.5063541666667,8.07952880859375
36.5096875,8.09109210968018
36.5130208333333,8.10343027114868
36.5163541666667,8.11648368835449
36.5196875,8.13013315200806
36.5230208333333,8.14425945281982
36.5263541666667,8.15874338150024
36.5296875,8.17340612411499
36.5330208333333,8.18818807601929
36.5363541666667,8.20285081863403
36.5396875,8.21715593338013
36.5430208333333,8.23092460632324
36.5463541666667,8.24391841888428
36.5496875,8.25589895248413
36.5530208333333,8.26668739318848
36.5563541666667,8.27604532241821
36.5596875,8.28379392623901
36.5630208333333,8.28993320465088
36.5663541666667,8.29428434371948
36.5696875,8.29684734344482
36.5730208333333,8.29768180847168
36.5763541666667,8.29678773880005
36.5796875,8.29428434371948
36.5830208333333,8.29029083251953
36.5863541666667,8.28498601913452
36.5896875,8.27854871749878
36.5930208333333,8.27103853225708
36.5963541666667,8.26269388198853
36.5996875,8.25363397598267
36.6030208333333,8.24403762817383
36.6063541666667,8.23408365249634
36.6096875,8.22389125823975
36.6130208333333,8.2135796546936
36.6163541666667,8.20338726043701
36.6196875,8.19337368011475
36.6230208333333,8.18371772766113
36.6263541666667,8.17447900772095
36.6296875,8.16571712493896
36.6330208333333,8.15755128860474
36.6363541666667,8.14998149871826
36.6396875,8.14306735992432
36.6430208333333,8.13674926757813
36.6463541666667,8.13114643096924
36.6496875,8.12619924545288
36.6530208333333,8.12184810638428
36.6563541666667,8.1181526184082
36.6596875,8.11499357223511
36.6630208333333,8.11237096786499
36.6663541666667,8.11022520065308
36.6696875,8.10855627059937
36.6730208333333,8.10724496841431
36.6763541666667,8.1062912940979
36.6796875,8.10563564300537
36.6830208333333,8.10533761978149
36.6863541666667,8.10533761978149
36.6896875,8.10569524765015
36.6930208333333,8.10641050338745
36.6963541666667,8.10742378234863
36.6996875,8.10873508453369
36.7030208333333,8.1104040145874
36.7063541666667,8.11237096786499
36.7096875,8.11457633972168
36.7130208333333,8.11702013015747
36.7163541666667,8.11964273452759
36.7196875,8.12238454818726
36.7230208333333,8.1251859664917
36.7263541666667,8.12804698944092
36.7296875,8.13090801239014
36.7330208333333,8.13376903533936
36.7363541666667,8.13663005828857
36.7396875,8.13949108123779
36.7430208333333,8.14229249954224
36.7463541666667,8.14509391784668
36.7496875,8.14783573150635
36.7530208333333,8.15063714981079
36.7563541666667,8.15337896347046
36.7596875,8.1561803817749
36.7630208333333,8.15892219543457
36.7663541666667,8.16172361373901
36.7696875,8.16452503204346
36.7730208333333,8.16726684570313
36.7763541666667,8.17000865936279
36.7796875,8.17257165908813
36.7830208333333,8.1750750541687
36.7863541666667,8.17739963531494
36.7896875,8.17954540252686
36.7930208333333,8.18151235580444
36.7963541666667,8.18330049514771
36.7996875,8.18485021591187
36.8030208333333,8.18628072738647
36.8063541666667,8.18753242492676
36.8096875,8.18866491317749
36.8130208333333,8.18955898284912
36.8163541666667,8.19039344787598
36.8196875,8.19098949432373
36.8230208333333,8.19146633148193
36.8263541666667,8.19176435470581
36.8296875,8.19194316864014
36.8330208333333,8.19188356399536
36.8363541666667,8.19170475006104
36.8396875,8.19134712219238
36.8430208333333,8.19087028503418
36.8463541666667,8.19027423858643
36.8496875,8.1896185874939
36.8530208333333,8.18890333175659
36.8563541666667,8.18812847137451
36.8596875,8.18729400634766
36.8630208333333,8.18651914596558
36.8663541666667,8.1857442855835
36.8696875,8.18502902984619
36.8730208333333,8.18431377410889
36.8763541666667,8.18359851837158
36.8796875,8.18294286727905
36.8830208333333,8.1823468208313
36.8863541666667,8.18175077438354
36.8896875,8.18109512329102
36.8930208333333,8.18043947219849
36.8963541666667,8.17972421646118
36.8996875,8.1789493560791
36.9030208333333,8.17805528640747
36.9063541666667,8.17704200744629
36.9096875,8.17596912384033
36.9130208333333,8.17471742630005
36.9163541666667,8.17334651947021
36.9196875,8.17185640335083
36.9230208333333,8.17024707794189
36.9263541666667,8.16839933395386
36.9296875,8.16649198532104
36.9330208333333,8.16440582275391
36.9363541666667,8.16214084625244
36.9396875,8.1598162651062
36.9430208333333,8.15743207931519
36.9463541666667,8.15498828887939
36.9496875,8.15248489379883
36.9530208333333,8.15004110336304
36.9563541666667,8.14759731292725
36.9596875,8.14515352249146
36.9630208333333,8.14282894134521
36.9663541666667,8.14056396484375
36.9696875,8.13841819763184
36.9730208333333,8.13639163970947
36.9763541666667,8.13448429107666
36.9796875,8.13275575637817
36.9830208333333,8.13114643096924
36.9863541666667,8.12971591949463
36.9896875,8.12846422195435
36.9930208333333,8.12739133834839
36.9963541666667,8.12643766403198
36.9996875,8.12572240829468
37.0030208333333,8.12506675720215
37.0063541666667,8.12464952468872
37.0096875,8.12435150146484
37.0130208333333,8.12429189682007
37.0163541666667,8.12435150146484
37.0196875,8.12458992004395
37.0230208333333,8.12500715255737
37.0263541666667,8.12560319900513
37.0296875,8.12637805938721
37.0330208333333,8.12727212905884
37.0363541666667,8.12828540802002
37.0396875,8.12941789627075
37.0430208333333,8.13066959381104
37.0463541666667,8.13192129135132
37.0496875,8.13323259353638
37.0530208333333,8.13454389572144
37.0563541666667,8.13585519790649
37.0596875,8.13710689544678
37.0630208333333,8.13835859298706
37.0663541666667,8.13949108123779
37.0696875,8.14062356948853
37.0730208333333,8.14163684844971
37.0763541666667,8.14270973205566
37.0796875,8.14366340637207
37.0830208333333,8.14467668533325
37.0863541666667,8.14568996429443
37.0896875,8.14664363861084
37.0930208333333,8.14765691757202
37.0963541666667,8.14855098724365
37.0996875,8.14944505691528
37.1030208333333,8.15027952194214
37.1063541666667,8.15093517303467
37.1096875,8.15153121948242
37.1130208333333,8.15194845199585
37.1163541666667,8.15224647521973
37.1196875,8.15236568450928
37.1230208333333,8.15242528915405
37.1263541666667,8.1523060798645
37.1296875,8.1520676612854
37.1330208333333,8.15176963806152
37.1363541666667,8.15141201019287
37.1396875,8.15093517303467
37.1430208333333,8.15045833587646
37.1463541666667,8.14992189407349
37.1496875,8.14938545227051
37.1530208333333,8.1489086151123
37.1563541666667,8.14837217330933
37.1596875,8.14789533615112
37.1630208333333,8.14741849899292
37.1663541666667,8.14700126647949
37.1696875,8.14670324325562
37.1730208333333,8.14640522003174
37.1763541666667,8.14628601074219
37.1796875,8.14616680145264
37.1830208333333,8.14622640609741
37.1863541666667,8.14634561538696
37.1896875,8.14658403396606
37.1930208333333,8.14694166183472
37.1963541666667,8.14741849899292
37.1996875,8.14801454544067
37.2030208333333,8.14872980117798
37.2063541666667,8.14962387084961
37.2096875,8.15063714981079
37.2130208333333,8.15176963806152
37.2163541666667,8.15308094024658
37.2196875,8.15451145172119
37.2230208333333,8.15606117248535
37.2263541666667,8.15778970718384
37.2296875,8.15969705581665
37.2330208333333,8.16160440444946
37.2363541666667,8.16363096237183
37.2396875,8.16565752029419
37.2430208333333,8.16768407821655
37.2463541666667,8.16965103149414
37.2496875,8.17149877548218
37.2530208333333,8.17328691482544
37.2563541666667,8.17495584487915
37.2596875,8.17650556564331
37.2630208333333,8.17805528640747
37.2663541666667,8.17954540252686
37.2696875,8.18103551864624
37.2730208333333,8.18252563476563
37.2763541666667,8.18401575088501
37.2796875,8.18550586700439
37.2830208333333,8.18699598312378
37.2863541666667,8.18836688995361
37.2896875,8.18955898284912
37.2930208333333,8.19069147109985
37.2963541666667,8.19164514541626
37.2996875,8.19236040115356
37.3030208333333,8.19295644760132
37.3063541666667,8.19343328475952
37.3096875,8.19379091262817
37.3130208333333,8.19408893585205
37.3163541666667,8.19432735443115
37.3196875,8.19450616836548
37.3230208333333,8.19462537765503
37.3263541666667,8.1946849822998
37.3296875,8.19462537765503
37.3330208333333,8.19450616836548
37.3363541666667,8.19426774978638
37.3396875,8.19385051727295
37.3430208333333,8.19331407546997
37.3463541666667,8.19265842437744
37.3496875,8.19194316864014
37.3530208333333,8.19110870361328
37.3563541666667,8.19021463394165
37.3596875,8.18932056427002
37.3630208333333,8.18842649459839
37.3663541666667,8.18765163421631
37.3696875,8.18687677383423
37.3730208333333,8.18616151809692
37.3763541666667,8.18550586700439
37.3796875,8.18496942520142
37.3830208333333,8.18449258804321
37.3863541666667,8.18413496017456
37.3896875,8.18383693695068
37.3930208333333,8.18359851837158
37.3963541666667,8.18347930908203
37.3996875,8.18353891372681
37.4030208333333,8.18365812301636
37.4063541666667,8.18395614624023
37.4096875,8.18437337875366
37.4130208333333,8.18496942520142
37.4163541666667,8.18568468093872
37.4196875,8.18651914596558
37.4230208333333,8.18753242492676
37.4263541666667,8.18860530853271
37.4296875,8.18979740142822
37.4330208333333,8.19110870361328
37.4363541666667,8.19247961044312
37.4396875,8.19391012191772
37.4430208333333,8.19545984268188
37.4463541666667,8.19706916809082
37.4496875,8.19873809814453
37.4530208333333,8.20046663284302
37.4563541666667,8.20231437683105
37.4596875,8.20416212081909
37.4630208333333,8.20612907409668
37.4663541666667,8.20809602737427
37.4696875,8.21006298065186
37.4730208333333,8.21208953857422
37.4763541666667,8.21405649185181
37.4796875,8.21596384048462
37.4830208333333,8.21775197982788
37.4863541666667,8.21948051452637
37.4896875,8.2210898399353
37.4930208333333,8.22252035140991
37.4963541666667,8.22383165359497
37.4996875,8.22490453720093
37.5030208333333,8.22591781616211
37.5063541666667,8.22675228118896
37.5096875,8.22746753692627
37.5130208333333,8.22806358337402
37.5163541666667,8.228600025177
37.5196875,8.22907686233521
37.5230208333333,8.22955369949341
37.5263541666667,8.23003053665161
37.5296875,8.23050737380981
37.5330208333333,8.23098421096802
37.5363541666667,8.231520652771
37.5396875,8.23205709457397
37.5430208333333,8.23259353637695
37.5463541666667,8.23312997817993
37.5496875,8.23366641998291
37.5530208333333,8.23414325714111
37.5563541666667,8.23467969894409
37.5596875,8.23509693145752
37.5630208333333,8.23557376861572
37.5663541666667,8.23593139648438
37.5696875,8.2363486289978
37.5730208333333,8.23664665222168
37.5763541666667,8.23700428009033
37.5796875,8.23730230331421
37.5830208333333,8.23760032653809
37.5863541666667,8.23789834976196
37.5896875,8.23819637298584
37.5930208333333,8.23849439620972
37.5963541666667,8.23885202407837
37.5996875,8.2392692565918
37.6030208333333,8.23974609375
37.6063541666667,8.24028253555298
37.6096875,8.24093818664551
37.6130208333333,8.24171304702759
37.6163541666667,8.24260711669922
37.6196875,8.24373960494995
37.6230208333333,8.24499130249023
37.6263541666667,8.24642181396484
37.6296875,8.24809074401855
37.6330208333333,8.24999809265137
37.6363541666667,8.25202465057373
37.6396875,8.25423002243042
37.6430208333333,8.25661420822144
37.6463541666667,8.259117603302
37.6496875,8.26168060302734
37.6530208333333,8.26430320739746
37.6563541666667,8.26698541641235
37.6596875,8.26972723007202
37.6630208333333,8.27246904373169
37.6663541666667,8.27527046203613
37.6696875,8.27813148498535
37.6730208333333,8.28099250793457
37.6763541666667,8.28397274017334
37.6796875,8.28695297241211
37.6830208333333,8.29011201858521
37.6863541666667,8.2932710647583
37.6896875,8.29654932022095
37.6930208333333,8.29982757568359
37.6963541666667,8.30310583114624
37.6996875,8.30638408660889
37.7030208333333,8.30954313278198
37.7063541666667,8.31258296966553
37.7096875,8.31550359725952
37.7130208333333,8.31830501556396
37.7163541666667,8.32086801528931
37.7196875,8.3233118057251
37.7230208333333,8.32551717758179
37.7263541666667,8.32760334014893
37.7296875,8.32945108413696
37.7330208333333,8.33117961883545
37.7363541666667,8.33266973495483
37.7396875,8.33398103713989
37.7430208333333,8.33511352539063
37.7463541666667,8.33600759506226
37.7496875,8.33660364151001
37.7530208333333,8.33702087402344
37.7563541666667,8.33714008331299
37.7596875,8.33702087402344
37.7630208333333,8.33666324615479
37.7663541666667,8.33612680435181
37.7696875,8.3354115486145
37.7730208333333,8.33457708358765
37.7763541666667,8.33368301391602
37.7796875,8.33278894424438
37.7830208333333,8.33189487457275
37.7863541666667,8.3310604095459
37.7896875,8.33028554916382
37.7930208333333,8.32957029342651
37.7963541666667,8.32879543304443
37.7996875,8.32808017730713
37.8030208333333,8.32736492156982
37.8063541666667,8.32659006118774
37.8096875,8.32569599151611
37.8130208333333,8.32474231719971
37.8163541666667,8.32366943359375
37.8196875,8.32247734069824
37.8230208333333,8.32122564315796
37.8263541666667,8.31985473632813
37.8296875,8.31848382949829
37.8330208333333,8.31699371337891
37.8363541666667,8.31550359725952
37.8396875,8.31395387649536
37.8430208333333,8.31246376037598
37.8463541666667,8.31091403961182
37.8496875,8.30942392349243
37.8530208333333,8.30787420272827
37.8563541666667,8.30638408660889
37.8596875,8.3048939704895
37.8630208333333,8.30340385437012
37.8663541666667,8.30203294754028
37.8696875,8.30078125
37.8730208333333,8.29964876174927
37.8763541666667,8.29863548278809
37.8796875,8.29786062240601
37.8830208333333,8.29732418060303
37.8863541666667,8.2969069480896
37.8896875,8.29678773880005
37.8930208333333,8.29678773880005
37.8963541666667,8.2969069480896
37.8996875,8.2971453666687
37.9030208333333,8.29750299453735
37.9063541666667,8.29786062240601
37.9096875,8.29827785491943
37.9130208333333,8.29881429672241
37.9163541666667,8.29935073852539
37.9196875,8.30000638961792
37.9230208333333,8.30072164535522
37.9263541666667,8.3014965057373
37.9296875,8.30239057540894
37.9330208333333,8.30334424972534
37.9363541666667,8.30429792404175
37.9396875,8.30537080764771
37.9430208333333,8.30644369125366
37.9463541666667,8.30751657485962
37.9496875,8.3085298538208
37.9530208333333,8.30960273742676
37.9563541666667,8.31055641174316
37.9596875,8.31151008605957
37.9630208333333,8.3124041557312
37.9663541666667,8.31323862075806
37.9696875,8.31395387649536
37.9730208333333,8.31460952758789
37.9763541666667,8.31520557403564
37.9796875,8.31574201583862
37.9830208333333,8.31621885299683
37.9863541666667,8.31663608551025
37.9896875,8.31693410873413
37.9930208333333,8.31723213195801
37.9963541666667,8.31747055053711
37.9996875,8.31758975982666
38.0030208333333,8.31764936447144
38.0063541666667,8.31753015518188
38.0096875,8.31735134124756
38.0130208333333,8.31699371337891
38.0163541666667,8.31657648086548
38.0196875,8.31598043441772
38.0230208333333,8.31526517868042
38.0263541666667,8.31443071365356
38.0296875,8.31353664398193
38.0330208333333,8.31252336502075
38.0363541666667,8.31145048141479
38.0396875,8.31031799316406
38.0430208333333,8.30918550491333
38.0463541666667,8.3080530166626
38.0496875,8.30686092376709
38.0530208333333,8.30572843551636
38.0563541666667,8.3046555519104
38.0596875,8.30358266830444
38.0630208333333,8.30256938934326
38.0663541666667,8.30161571502686
38.0696875,8.30084085464478
38.0730208333333,8.30018520355225
38.0763541666667,8.29964876174927
38.0796875,8.29929113388062
38.0830208333333,8.29911231994629
38.0863541666667,8.29917192459106
38.0896875,8.29941034317017
38.0930208333333,8.29976797103882
38.0963541666667,8.30036401748657
38.0996875,8.3010196685791
38.1030208333333,8.30173492431641
38.1063541666667,8.30256938934326
38.1096875,8.30346345901489
38.1130208333333,8.3044171333313
38.1163541666667,8.30549001693726
38.1196875,8.30656290054321
38.1230208333333,8.30775499343872
38.1263541666667,8.309006690979
38.1296875,8.31043720245361
38.1330208333333,8.311927318573
38.1363541666667,8.31359624862671
38.1396875,8.31538438796997
38.1430208333333,8.31729173660278
38.1463541666667,8.31937789916992
38.1496875,8.32158327102661
38.1530208333333,8.32396745681763
38.1563541666667,8.32647085189819
38.1596875,8.32903385162354
38.1630208333333,8.3317756652832
38.1663541666667,8.33457708358765
38.1696875,8.33743810653687
38.1730208333333,8.34035873413086
38.1763541666667,8.34327936172485
38.1796875,8.34625959396362
38.1830208333333,8.34923982620239
38.1863541666667,8.35227966308594
38.1896875,8.35537910461426
38.1930208333333,8.35859775543213
38.1963541666667,8.36193561553955
38.1996875,8.3654522895813
38.2030208333333,8.36902856826782
38.2063541666667,8.37278366088867
38.2096875,8.37665796279907
38.2130208333333,8.38059186935425
38.2163541666667,8.38464498519897
38.2196875,8.38881731033325
38.2230208333333,8.3930492401123
38.2263541666667,8.39740037918091
38.2296875,8.40193033218384
38.2330208333333,8.40669870376587
38.2363541666667,8.41176509857178
38.2396875,8.41730833053589
38.2430208333333,8.4233283996582
38.2463541666667,8.43000411987305
38.2496875,8.43745470046997
38.2530208333333,8.44573974609375
38.2563541666667,8.45509767532349
38.2596875,8.46558809280396
38.2630208333333,8.47733020782471
38.2663541666667,8.49044322967529
38.2696875,8.50504636764526
38.2730208333333,8.52119922637939
38.2763541666667,8.53896141052246
38.2796875,8.55845212936401
38.2830208333333,8.5795521736145
38.2863541666667,8.60238075256348
38.2896875,8.62675905227661
38.2930208333333,8.65262746810913
38.2963541666667,8.67986679077148
38.2996875,8.70817899703979
38.3030208333333,8.73732566833496
38.3063541666667,8.76706838607788
38.3096875,8.7970495223999
38.3130208333333,8.8268518447876
38.3163541666667,8.85611772537231
38.3196875,8.8844895362854
38.3230208333333,8.9116096496582
38.3263541666667,8.93712043762207
38.3296875,8.96072387695313
38.3330208333333,8.98224115371704
38.3363541666667,9.00137424468994
38.3396875,9.01812314987183
38.3430208333333,9.03236865997314
38.3463541666667,9.04405117034912
38.3496875,9.05323028564453
38.3530208333333,9.0600848197937
38.3563541666667,9.06473398208618
38.3596875,9.06741619110107
38.3630208333333,9.06831026077271
38.3663541666667,9.06777381896973
38.3696875,9.06598567962646
38.3730208333333,9.06330347061157
38.3763541666667,9.05996561050415
38.3796875,9.05615091323853
38.3830208333333,9.05215740203857
38.3863541666667,9.04810428619385
38.3896875,9.0441107749939
38.3930208333333,9.04035568237305
38.3963541666667,9.03689861297607
38.3996875,9.03373956680298
38.4030208333333,9.03099775314331
38.4063541666667,9.02855396270752
38.4096875,9.02652740478516
38.4130208333333,9.02479887008667
38.4163541666667,9.02336835861206
38.4196875,9.02217626571655
38.4230208333333,9.02116298675537
38.4263541666667,9.02032852172852
38.4296875,9.01961326599121
38.4330208333333,9.01901721954346
38.4363541666667,9.0184211730957
38.4396875,9.01788473129272
38.4430208333333,9.01728868484497
38.4463541666667,9.01657342910767
38.4496875,9.01561975479126
38.4530208333333,9.01442766189575
38.4563541666667,9.01275873184204
38.4596875,9.01061296463013
38.4630208333333,9.00775194168091
38.4663541666667,9.00405645370483
38.4696875,8.99940729141235
38.4730208333333,8.99368524551392
38.4763541666667,8.98677110671997
38.4796875,8.97854566574097
38.4830208333333,8.9690089225769
38.4863541666667,8.95810127258301
38.4896875,8.94582271575928
38.4930208333333,8.93223285675049
38.4963541666667,8.91739130020142
38.4996875,8.90147686004639
38.5030208333333,8.88454914093018
38.5063541666667,8.86684656143188
38.5096875,8.84860754013062
38.5130208333333,8.82995128631592
38.5163541666667,8.81111621856689
38.5196875,8.79234075546265
38.5230208333333,8.77374410629272
38.5263541666667,8.75556468963623
38.5296875,8.73786211013794
38.5330208333333,8.72081518173218
38.5363541666667,8.70442390441895
38.5396875,8.68880748748779
38.5430208333333,8.67396593093872
38.5463541666667,8.66001844406128
38.5496875,8.64696502685547
38.5530208333333,8.63474607467651
38.5563541666667,8.62354040145874
38.5596875,8.6132287979126
38.5630208333333,8.60387086868286
38.5663541666667,8.59534740447998
38.5696875,8.58777761459351
38.5730208333333,8.58098268508911
38.5763541666667,8.5749626159668
38.5796875,8.56959819793701
38.5830208333333,8.56482982635498
38.5863541666667,8.56059789657593
38.5896875,8.5567831993103
38.5930208333333,8.55332612991333
38.5963541666667,8.55010747909546
38.5996875,8.54718685150146
38.6030208333333,8.54450464248657
38.6063541666667,8.54200124740601
38.6096875,8.53967666625977
38.6130208333333,8.53747129440308
38.6163541666667,8.53544473648071
38.6196875,8.53347778320313
38.6230208333333,8.53163003921509
38.6263541666667,8.5299015045166
38.6296875,8.52817296981812
38.6330208333333,8.5265040397644
38.6363541666667,8.52483510971069
38.6396875,8.52322578430176
38.6430208333333,8.5216760635376
38.6463541666667,8.52018594741821
38.6496875,8.5187554359436
38.6530208333333,8.51744413375854
38.6563541666667,8.51619243621826
38.6596875,8.51505994796753
38.6630208333333,8.51404666900635
38.6663541666667,8.51315259933472
38.6696875,8.51237773895264
38.6730208333333,8.51166248321533
38.6763541666667,8.51112604141235
38.6796875,8.51070880889893
38.6830208333333,8.5105299949646
38.6863541666667,8.51058959960938
38.6896875,8.51094722747803
38.6930208333333,8.51166248321533
38.6963541666667,8.51279497146606
38.6996875,8.51434469223022
38.7030208333333,8.51643085479736
38.7063541666667,8.51905345916748
38.7096875,8.52227210998535
38.7130208333333,8.52614641189575
38.7163541666667,8.53079557418823
38.7196875,8.53615999221802
38.7230208333333,8.54247808456421
38.7263541666667,8.54969024658203
38.7296875,8.55797529220581
38.7330208333333,8.56739282608032
38.7363541666667,8.57806205749512
38.7396875,8.59004259109497
38.7430208333333,8.60345363616943
38.7463541666667,8.61823558807373
38.7496875,8.63450765609741
38.7530208333333,8.65215063095093
38.7563541666667,8.6711049079895
38.7596875,8.69131088256836
38.7630208333333,8.7125301361084
38.7663541666667,8.73458385467529
38.7696875,8.75711441040039
38.7730208333333,8.78000259399414
38.7763541666667,8.80283117294312
38.7796875,8.82530212402344
38.7830208333333,8.84711742401123
38.7863541666667,8.86785984039307
38.7896875,8.88723134994507
38.7930208333333,8.90487432479858
38.7963541666667,8.92055034637451
38.7996875,8.9339017868042
38.8030208333333,8.94474983215332
38.8063541666667,8.95285606384277
38.8096875,8.95816087722778
38.8130208333333,8.9605450630188
38.8163541666667,8.9600682258606
38.8196875,8.95678997039795
38.8230208333333,8.95082950592041
38.8263541666667,8.94242525100708
38.8296875,8.93175601959229
38.8330208333333,8.9191198348999
38.8363541666667,8.90475511550903
38.8396875,8.88901948928833
38.8430208333333,8.87227058410645
38.8463541666667,8.85468721389771
38.8496875,8.83662700653076
38.8530208333333,8.81832838058472
38.8563541666667,8.80002975463867
38.8596875,8.78196954727173
38.8630208333333,8.76438617706299
38.8663541666667,8.74733924865723
38.8696875,8.73100757598877
38.8730208333333,8.71545076370239
38.8763541666667,8.70078802108765
38.8796875,8.68707895278931
38.8830208333333,8.67432355880737
38.8863541666667,8.66258144378662
38.8896875,8.6517333984375
38.8930208333333,8.64183902740479
38.8963541666667,8.6328387260437
38.8996875,8.62467288970947
38.9030208333333,8.61722230911255
38.9063541666667,8.61054658889771
38.9096875,8.60446691513062
38.9130208333333,8.59898328781128
38.9163541666667,8.59397649765015
38.9196875,8.58956575393677
38.9230208333333,8.58557224273682
38.9263541666667,8.58205556869507
38.9296875,8.57901573181152
38.9330208333333,8.57633352279663
38.9363541666667,8.57406854629517
38.9396875,8.57216119766235
38.9430208333333,8.57061147689819
38.9463541666667,8.56935977935791
38.9496875,8.5684061050415
38.9530208333333,8.56763124465942
38.9563541666667,8.56715440750122
38.9596875,8.56679677963257
38.9630208333333,8.56661796569824
38.9663541666667,8.56655836105347
38.9696875,8.56661796569824
38.9730208333333,8.56661796569824
38.9763541666667,8.56661796569824
38.9796875,8.56661796569824
38.9830208333333,8.56643915176392
38.9863541666667,8.56620073318481
38.9896875,8.56596231460571
38.9930208333333,8.56560468673706
38.9963541666667,8.56530666351318
38.9996875,8.56500864028931
39.0030208333333,8.56471061706543
39.0063541666667,8.5645318031311
39.0096875,8.56441259384155
39.0130208333333,8.56435298919678
39.0163541666667,8.56423377990723
39.0196875,8.56417417526245
39.0230208333333,8.56399536132813
39.0263541666667,8.56369733810425
39.0296875,8.5633397102356
39.0330208333333,8.56286287307739
39.0363541666667,8.56220722198486
39.0396875,8.56155157089233
39.0430208333333,8.56077671051025
39.0463541666667,8.5599422454834
39.0496875,8.55904817581177
39.0530208333333,8.55815410614014
39.0563541666667,8.55720043182373
39.0596875,8.55624675750732
39.0630208333333,8.55529308319092
39.0663541666667,8.55433940887451
39.0696875,8.55338573455811
39.0730208333333,8.55249166488647
39.0763541666667,8.55159759521484
39.0796875,8.55076313018799
39.0830208333333,8.54998826980591
39.0863541666667,8.5492730140686
39.0896875,8.54861736297607
39.0930208333333,8.54802131652832
39.0963541666667,8.54748487472534
39.0996875,8.54700803756714
39.1030208333333,8.54659080505371
39.1063541666667,8.54623317718506
39.1096875,8.54593515396118
39.1130208333333,8.54569673538208
39.1163541666667,8.54551792144775
39.1196875,8.5453987121582
39.1230208333333,8.54527950286865
39.1263541666667,8.5451602935791
39.1296875,8.54498147964478
39.1330208333333,8.54486227035522
39.1363541666667,8.5446834564209
39.1396875,8.54456424713135
39.1430208333333,8.54438543319702
39.1463541666667,8.54426622390747
39.1496875,8.5442066192627
39.1530208333333,8.54426622390747
39.1563541666667,8.54438543319702
39.1596875,8.54456424713135
39.1630208333333,8.544921875
39.1663541666667,8.5453987121582
39.1696875,8.54605436325073
39.1730208333333,8.54676961898804
39.1763541666667,8.54766368865967
39.1796875,8.54873657226563
39.1830208333333,8.54992866516113
39.1863541666667,8.55129957199097
39.1896875,8.55278968811035
39.1930208333333,8.55451822280884
39.1963541666667,8.55636596679688
39.1996875,8.55833292007446
39.2030208333333,8.56047868728638
39.2063541666667,8.56274366378784
39.2096875,8.56518745422363
39.2130208333333,8.5676908493042
39.2163541666667,8.57037305831909
39.2196875,8.57311487197876
39.2230208333333,8.57597589492798
39.2263541666667,8.57895612716675
39.2296875,8.58205556869507
39.2330208333333,8.58521461486816
39.2363541666667,8.58837366104126
39.2396875,8.59159231185913
39.2430208333333,8.594810962677
39.2463541666667,8.59802961349487
39.2496875,8.60118865966797
39.2530208333333,8.60428810119629
39.2563541666667,8.60726833343506
39.2596875,8.61018896102905
39.2630208333333,8.6129903793335
39.2663541666667,8.61567258834839
39.2696875,8.61829519271851
39.2730208333333,8.62085819244385
39.2763541666667,8.62330198287964
39.2796875,8.62574577331543
39.2830208333333,8.62812995910645
39.2863541666667,8.63057374954224
39.2896875,8.6330771446228
39.2930208333333,8.63558053970337
39.2963541666667,8.63814353942871
39.2996875,8.64076614379883
39.3030208333333,8.64344835281372
39.3063541666667,8.64613056182861
39.3096875,8.64887237548828
39.3130208333333,8.65155458450317
39.3163541666667,8.65423679351807
39.3196875,8.65691900253296
39.3230208333333,8.65954160690308
39.3263541666667,8.66204500198364
39.3296875,8.66454839706421
39.3330208333333,8.6669921875
39.3363541666667,8.66937637329102
39.3396875,8.67176055908203
39.3430208333333,8.67408514022827
39.3463541666667,8.67635011672974
39.3496875,8.67867469787598
39.3530208333333,8.68099927902222
39.3563541666667,8.68326425552368
39.3596875,8.6856484413147
39.3630208333333,8.68803262710571
39.3663541666667,8.6904764175415
39.3696875,8.69297981262207
39.3730208333333,8.69560241699219
39.3763541666667,8.69834423065186
39.3796875,8.70120525360107
39.3830208333333,8.70436429977417
39.3863541666667,8.70788097381592
39.3896875,8.71175527572632
39.3930208333333,8.7161660194397
39.3963541666667,8.72117280960083
39.3996875,8.72689485549927
39.4030208333333,8.73345136642456
39.4063541666667,8.74090194702148
39.4096875,8.74918699264526
39.4130208333333,8.75836610794067
39.4163541666667,8.76837968826294
39.4196875,8.77910852432251
39.4230208333333,8.79037380218506
39.4263541666667,8.80199670791626
39.4296875,8.81367921829224
39.4330208333333,8.82530212402344
39.4363541666667,8.83650779724121
39.4396875,8.8469386100769
39.4430208333333,8.85641574859619
39.4463541666667,8.8646411895752
39.4496875,8.87131690979004
39.4530208333333,8.87620449066162
39.4563541666667,8.87918472290039
39.4596875,8.88007879257202
39.4630208333333,8.87882709503174
39.4663541666667,8.87542963027954
39.4696875,8.86988639831543
39.4730208333333,8.86225700378418
39.4763541666667,8.85283946990967
39.4796875,8.84175300598145
39.4830208333333,8.82935523986816
39.4863541666667,8.81582498550415
39.4896875,8.80157947540283
39.4930208333333,8.78679752349854
39.4963541666667,8.77189636230469
39.4996875,8.75705480575562
39.5030208333333,8.7425708770752
39.5063541666667,8.72862339019775
39.5096875,8.71545076370239
39.5130208333333,8.70305299758911
39.5163541666667,8.69166851043701
39.5196875,8.68135690689087
39.5230208333333,8.67205858230591
39.5263541666667,8.66395235061646
39.5296875,8.65685939788818
39.5330208333333,8.65089893341064
39.5363541666667,8.64595174789429
39.5396875,8.64189863204956
39.5430208333333,8.63867998123169
39.5463541666667,8.6362361907959
39.5496875,8.63444805145264
39.5530208333333,8.63319635391235
39.5563541666667,8.6323618888855
39.5596875,8.63188505172729
39.5630208333333,8.63170623779297
39.5663541666667,8.63176584243774
39.5696875,8.63206386566162
39.5730208333333,8.63265991210938
39.5763541666667,8.63349437713623
39.5796875,8.63462686538696
39.5830208333333,8.63605737686157
39.5863541666667,8.63778591156006
39.5896875,8.63981246948242
39.5930208333333,8.64219665527344
39.5963541666667,8.64481925964355
39.5996875,8.64768028259277
39.6030208333333,8.65072011947632
39.6063541666667,8.65387916564941
39.6096875,8.65715742111206
39.6130208333333,8.66055488586426
39.6163541666667,8.66389274597168
39.6196875,8.6672306060791
39.6230208333333,8.67056846618652
39.6263541666667,8.67390632629395
39.6296875,8.67718458175659
39.6330208333333,8.68046283721924
39.6363541666667,8.68374109268188
39.6396875,8.68707895278931
39.6430208333333,8.69035720825195
39.6463541666667,8.6936354637146
39.6496875,8.69691371917725
39.6530208333333,8.70019197463989
39.6563541666667,8.70347023010254
39.6596875,8.70668888092041
39.6630208333333,8.70978832244873
39.6663541666667,8.71282815933228
39.6696875,8.71568918228149
39.6730208333333,8.71843099594116
39.6763541666667,8.72105360031128
39.6796875,8.72349739074707
39.6830208333333,8.72582197189331
39.6863541666667,8.72802734375
39.6896875,8.73017311096191
39.6930208333333,8.7321400642395
39.6963541666667,8.73404741287231
39.6996875,8.73589515686035
39.7030208333333,8.73762369155884
39.7063541666667,8.73929262161255
39.7096875,8.74078273773193
39.7130208333333,8.74215364456177
39.7163541666667,8.74340534210205
39.7196875,8.74453783035278
39.7230208333333,8.74561071395874
39.7263541666667,8.74662399291992
39.7296875,8.74757766723633
39.7330208333333,8.74859094619751
39.7363541666667,8.74954462051392
39.7396875,8.75043869018555
39.7430208333333,8.75139236450195
39.7463541666667,8.75222682952881
39.7496875,8.75300168991089
39.7530208333333,8.75359773635864
39.7563541666667,8.75407457351685
39.7596875,8.7544322013855
39.7630208333333,8.75455141067505
39.7663541666667,8.75461101531982
39.7696875,8.75455141067505
39.7730208333333,8.75437259674072
39.7763541666667,8.7541937828064
39.7796875,8.75395536422729
39.7830208333333,8.75365734100342
39.7863541666667,8.75329971313477
39.7896875,8.75282287597656
39.7930208333333,8.75222682952881
39.7963541666667,8.75139236450195
39.7996875,8.75037908554077
39.8030208333333,8.74918699264526
39.8063541666667,8.74787569046021
39.8096875,8.74632596969604
39.8130208333333,8.74477624893188
39.8163541666667,8.74310731887817
39.8196875,8.74149799346924
39.8230208333333,8.7398886680603
39.8263541666667,8.73833894729614
39.8296875,8.73690843582153
39.8330208333333,8.73547792434692
39.8363541666667,8.73416662216187
39.8396875,8.73291492462158
39.8430208333333,8.7316632270813
39.8463541666667,8.73053073883057
39.8496875,8.72939825057983
39.8530208333333,8.72838497161865
39.8563541666667,8.72749090194702
39.8596875,8.72665643692017
39.8630208333333,8.72600078582764
39.8663541666667,8.72558355331421
39.8696875,8.72534513473511
39.8730208333333,8.72534513473511
39.8763541666667,8.72570276260376
39.8796875,8.72629880905151
39.8830208333333,8.72725248336792
39.8863541666667,8.7285041809082
39.8896875,8.73011350631714
39.8930208333333,8.73196125030518
39.8963541666667,8.73410701751709
39.8996875,8.73643159866333
39.9030208333333,8.7389349937439
39.9063541666667,8.74161720275879
39.9096875,8.74429941177368
39.9130208333333,8.74710083007813
39.9163541666667,8.74984264373779
39.9196875,8.75258445739746
39.9230208333333,8.75520706176758
39.9263541666667,8.75777006149292
39.9296875,8.76021385192871
39.9330208333333,8.76253843307495
39.9363541666667,8.76474380493164
39.9396875,8.76682996749878
39.9430208333333,8.76873731613159
39.9463541666667,8.77052545547485
39.9496875,8.77219438552856
39.9530208333333,8.77368450164795
39.9563541666667,8.77511501312256
39.9596875,8.77630710601807
39.9630208333333,8.77732038497925
39.9663541666667,8.7781548500061
39.9696875,8.77869129180908
39.9730208333333,8.77904891967773
39.9763541666667,8.77910852432251
39.9796875,8.77898931503296
39.9830208333333,8.77863168716431
39.9863541666667,8.77809524536133
39.9896875,8.77737998962402
39.9930208333333,8.77660512924194
39.9963541666667,8.77571105957031
39.9996875,8.77469778060913
40.0030208333333,8.77368450164795
40.0063541666667,8.77261161804199
40.0096875,8.77147912979126
40.0130208333333,8.77022743225098
40.0163541666667,8.76897573471069
40.0196875,8.76766443252563
40.0230208333333,8.7662935256958
40.0263541666667,8.76492261886597
40.0296875,8.76355171203613
40.0330208333333,8.76224040985107
40.0363541666667,8.76098871231079
40.0396875,8.75979661941528
40.0430208333333,8.7587833404541
40.0463541666667,8.75794887542725
40.0496875,8.75723361968994
40.0530208333333,8.75669717788696
40.0563541666667,8.75639915466309
40.0596875,8.75633955001831
40.0630208333333,8.75669717788696
40.0663541666667,8.75753164291382
40.0696875,8.7590217590332
40.0730208333333,8.76122713088989
40.0763541666667,8.76438617706299
40.0796875,8.76873731613159
40.0830208333333,8.77445936203003
40.0863541666667,8.78185033798218
40.0896875,8.79114866256714
40.0930208333333,8.80271196365356
40.0963541666667,8.81683826446533
40.0996875,8.83382558822632
40.1030208333333,8.85409116744995
40.1063541666667,8.87805223464966
40.1096875,8.90594720840454
40.1130208333333,8.93813371658325
40.1163541666667,8.97496938705444
40.1196875,9.01657342910767
40.1230208333333,9.06312465667725
40.1263541666667,9.11468267440796
40.1296875,9.17112827301025
40.1330208333333,9.23234224319458
40.1363541666667,9.29796695709229
40.1396875,9.36758518218994
40.1430208333333,9.44054126739502
40.1463541666667,9.51606035232544
40.1496875,9.59330797195435
40.1530208333333,9.67133045196533
40.1563541666667,9.74887609481812
40.1596875,9.82487201690674
40.1630208333333,9.89800691604614
40.1663541666667,9.96708869934082
40.1696875,10.0309252738953
40.1730208333333,10.0882053375244
40.1763541666667,10.1379752159119
40.1796875,10.1792812347412
40.1830208333333,10.2113485336304
40.1863541666667,10.2335810661316
40.1896875,10.2456212043762
40.1930208333333,10.2472901344299
40.1963541666667,10.2387070655823
40.1996875,10.2201104164124
40.2030208333333,10.1920962333679
40.2063541666667,10.1553201675415
40.2096875,10.11061668396
40.2130208333333,10.0590586662292
40.2163541666667,10.0017189979553
40.2196875,9.93967056274414
40.2230208333333,9.87422466278076
40.2263541666667,9.80645418167114
40.2296875,9.73755121231079
40.2330208333333,9.66852903366089
40.2363541666667,9.60034132003784
40.2396875,9.53394174575806
40.2430208333333,9.46992635726929
40.2463541666667,9.40895080566406
40.2496875,9.35143232345581
40.2530208333333,9.29778814315796
40.2563541666667,9.24813747406006
40.2596875,9.20265913009644
40.2630208333333,9.16135311126709
40.2663541666667,9.12410020828247
40.2696875,9.0908408164978
40.2730208333333,9.06133651733398
40.2763541666667,9.03534889221191
40.2796875,9.01263952255249
40.2830208333333,8.99296998977661
40.2863541666667,8.97598266601563
40.2896875,8.96149873733521
40.2930208333333,8.94910097122192
40.2963541666667,8.93855094909668
40.2996875,8.92966985702515
40.3030208333333,8.92221927642822
40.3063541666667,8.91602039337158
40.3096875,8.91083478927612
40.3130208333333,8.90654325485229
40.3163541666667,8.90296697616577
40.3196875,8.90004634857178
40.3230208333333,8.89766216278076
40.3263541666667,8.89575481414795
40.3296875,8.89420509338379
40.3330208333333,8.89289379119873
40.3363541666667,8.89182090759277
40.3396875,8.89092683792114
40.3430208333333,8.89015197753906
40.3463541666667,8.88949632644653
40.3496875,8.88890027999878
40.3530208333333,8.88830423355103
40.3563541666667,8.88776779174805
40.3596875,8.88729095458984
40.3630208333333,8.88693332672119
40.3663541666667,8.88669490814209
40.3696875,8.88669490814209
40.3730208333333,8.88699293136597
40.3763541666667,8.88770818710327
40.3796875,8.88895988464355
40.3830208333333,8.89080762863159
40.3863541666667,8.89337062835693
40.3896875,8.89670848846436
40.3930208333333,8.90094041824341
40.3963541666667,8.90606641769409
40.3996875,8.91214609146118
40.4030208333333,8.91929864883423
40.4063541666667,8.92758369445801
40.4096875,8.93694162368774
40.4130208333333,8.94749164581299
40.4163541666667,8.95929336547852
40.4196875,8.97228717803955
40.4230208333333,8.98659229278564
40.4263541666667,9.00202989578247
40.4296875,9.0186595916748
40.4330208333333,9.03618335723877
40.4363541666667,9.05460119247437
40.4396875,9.07355546951294
40.4430208333333,9.09286737442017
40.4463541666667,9.11229848861694
40.4496875,9.13143157958984
40.4530208333333,9.14996862411499
40.4563541666667,9.16773080825806
40.4596875,9.18430089950562
40.4630208333333,9.19938087463379
40.4663541666667,9.21285152435303
40.4696875,9.22441482543945
40.4730208333333,9.23395156860352
40.4763541666667,9.24128293991089
40.4796875,9.2463493347168
40.4830208333333,9.24921035766602
40.4863541666667,9.24980640411377
40.4896875,9.24837589263916
40.4930208333333,9.24503803253174
40.4963541666667,9.23997163772583
40.4996875,9.23341512680054
40.5030208333333,9.22560691833496
40.5063541666667,9.21684503555298
40.5096875,9.20742750167847
40.5130208333333,9.19759273529053
40.5163541666667,9.18757915496826
40.5196875,9.17768478393555
40.5230208333333,9.16808843612671
40.5263541666667,9.15896892547607
40.5296875,9.15050506591797
40.5330208333333,9.14269685745239
40.5363541666667,9.13572311401367
40.5396875,9.12952423095703
40.5430208333333,9.12421941757202
40.5463541666667,9.11962985992432
40.5496875,9.11581516265869
40.5530208333333,9.1126561164856
40.5563541666667,9.11009311676025
40.5596875,9.10800695419312
40.5630208333333,9.1063380241394
40.5663541666667,9.10502672195435
40.5696875,9.10395383834839
40.5730208333333,9.10311937332153
40.5763541666667,9.102463722229
40.5796875,9.1019868850708
40.5830208333333,9.10162925720215
40.5863541666667,9.10145044326782
40.5896875,9.1015100479126
40.5930208333333,9.10168886184692
40.5963541666667,9.10210609436035
40.5996875,9.10276174545288
40.6030208333333,9.10353660583496
40.6063541666667,9.10449028015137
40.6096875,9.1056227684021
40.6130208333333,9.10687446594238
40.6163541666667,9.10812616348267
40.6196875,9.10937786102295
40.6230208333333,9.11051034927368
40.6263541666667,9.11140441894531
40.6296875,9.11206007003784
40.6330208333333,9.11229848861694
40.6363541666667,9.11200046539307
40.6396875,9.11110639572144
40.6430208333333,9.1094970703125
40.6463541666667,9.10711288452148
40.6496875,9.10389423370361
40.6530208333333,9.09984111785889
40.6563541666667,9.0949535369873
40.6596875,9.08923149108887
40.6630208333333,9.0828537940979
40.6663541666667,9.0758204460144
40.6696875,9.06825065612793
40.6730208333333,9.06026363372803
40.6763541666667,9.05197858810425
40.6796875,9.04351472854614
40.6830208333333,9.03499126434326
40.6863541666667,9.02652740478516
40.6896875,9.0181827545166
40.6930208333333,9.01001691818237
40.6963541666667,9.00208950042725
40.6996875,8.994460105896
40.7030208333333,8.9871883392334
40.7063541666667,8.98027420043945
40.7096875,8.97377729415894
40.7130208333333,8.96769762039185
40.7163541666667,8.96209478378296
40.7196875,8.95696878433228
40.7230208333333,8.95226001739502
40.7263541666667,8.94808769226074
40.7296875,8.94439220428467
40.7330208333333,8.9411735534668
40.7363541666667,8.93843173980713
40.7396875,8.93604755401611
40.7430208333333,8.93408060073853
40.7463541666667,8.93241167068481
40.7496875,8.93104076385498
40.7530208333333,8.92996788024902
40.7563541666667,8.92907381057739
40.7596875,8.92841815948486
40.7630208333333,8.92794132232666
40.7663541666667,8.92758369445801
40.7696875,8.92734527587891
40.7730208333333,8.92722606658936
40.7763541666667,8.92728567123413
40.7796875,8.92746448516846
40.7830208333333,8.92782211303711
40.7863541666667,8.92829895019531
40.7896875,8.92889499664307
40.7930208333333,8.92961025238037
40.7963541666667,8.930504322052
40.7996875,8.93145799636841
40.8030208333333,8.93253087997437
40.8063541666667,8.93372297286987
40.8096875,8.93491506576538
40.8130208333333,8.93622636795044
40.8163541666667,8.93747806549072
40.8196875,8.93884897232056
40.8230208333333,8.94016027450562
40.8263541666667,8.94147157669067
40.8296875,8.94278287887573
40.8330208333333,8.94415378570557
40.8363541666667,8.94558429718018
40.8396875,8.94707441329956
40.8430208333333,8.9486837387085
40.8463541666667,8.95041227340698
40.8496875,8.95226001739502
40.8530208333333,8.95422697067261
40.8563541666667,8.95631313323975
40.8596875,8.95845890045166
40.8630208333333,8.96072387695313
40.8663541666667,8.96310806274414
40.8696875,8.96573066711426
40.8730208333333,8.9685320854187
40.8763541666667,8.9716911315918
40.8796875,8.97520780563354
40.8830208333333,8.9792013168335
40.8863541666667,8.98373126983643
40.8896875,8.98885726928711
40.8930208333333,8.99463891983032
40.8963541666667,9.00107622146606
40.8996875,9.00816917419434
40.9030208333333,9.01591777801514
40.9063541666667,9.02426242828369
40.9096875,9.03314352035522
40.9130208333333,9.04256105422974
40.9163541666667,9.0523362159729
40.9196875,9.06234979629517
40.9230208333333,9.07254219055176
40.9263541666667,9.08273458480835
40.9296875,9.09280776977539
40.9330208333333,9.10258293151855
40.9363541666667,9.11188125610352
40.9396875,9.1206431388855
40.9430208333333,9.1286301612854
40.9463541666667,9.13578271865845
40.9496875,9.14198160171509
40.9530208333333,9.14710760116577
40.9563541666667,9.15098190307617
40.9596875,9.15366411209106
40.9630208333333,9.1550350189209
40.9663541666667,9.15509462356567
40.9696875,9.15378332138062
40.9730208333333,9.1511607170105
40.9763541666667,9.14734601974487
40.9796875,9.14233922958374
40.9830208333333,9.13631916046143
40.9863541666667,9.12940502166748
40.9896875,9.12171602249146
40.9930208333333,9.11331176757813
40.9963541666667,9.10449028015137
40.9996875,9.09531116485596
41.0030208333333,9.08595323562622
41.0063541666667,9.07653570175171
41.0096875,9.06717777252197
41.0130208333333,9.05805826187134
41.0163541666667,9.0491771697998
41.0196875,9.0407133102417
41.0230208333333,9.0327262878418
41.0263541666667,9.0252161026001
41.0296875,9.0181827545166
41.0330208333333,9.01168584823608
41.0363541666667,9.00560617446899
41.0396875,9.00006294250488
41.0430208333333,8.99487733840942
41.0463541666667,8.99016857147217
41.0496875,8.98581743240356
41.0530208333333,8.98194313049316
41.0563541666667,8.97848606109619
41.0596875,8.97544622421265
41.0630208333333,8.9728832244873
41.0663541666667,8.97073745727539
41.0696875,8.9690089225769
41.0730208333333,8.96757841110229
41.0763541666667,8.96650552749634
41.0796875,8.96567106246948
41.0830208333333,8.96501541137695
41.0863541666667,8.96453857421875
41.0896875,8.9641809463501
41.0930208333333,8.96382331848145
41.0963541666667,8.96358489990234
41.0996875,8.96334648132324
41.1030208333333,8.96322727203369
41.1063541666667,8.96316766738892
41.1096875,8.96310806274414
41.1130208333333,8.96316766738892
41.1163541666667,8.96322727203369
41.1196875,8.96328687667847
41.1230208333333,8.96340608596802
41.1263541666667,8.96346569061279
41.1296875,8.96352529525757
41.1330208333333,8.96352529525757
41.1363541666667,8.96352529525757
41.1396875,8.96346569061279
41.1430208333333,8.96334648132324
41.1463541666667,8.96316766738892
41.1496875,8.96292924880981
41.1530208333333,8.96263122558594
41.1563541666667,8.96227359771729
41.1596875,8.96185636520386
41.1630208333333,8.96137952804565
41.1663541666667,8.96084308624268
41.1696875,8.9603066444397
41.1730208333333,8.95971059799194
41.1763541666667,8.95917415618896
41.1796875,8.95863771438599
41.1830208333333,8.95822048187256
41.1863541666667,8.95786285400391
41.1896875,8.95756483078003
41.1930208333333,8.95744562149048
41.1963541666667,8.95744562149048
41.1996875,8.95756483078003
41.2030208333333,8.95780324935913
41.2063541666667,8.95816087722778
41.2096875,8.95857810974121
41.2130208333333,8.95917415618896
41.2163541666667,8.95977020263672
41.2196875,8.96048545837402
41.2230208333333,8.9612603187561
41.2263541666667,8.96209478378296
41.2296875,8.96298885345459
41.2330208333333,8.96406173706055
41.2363541666667,8.96531343460083
41.2396875,8.96686315536499
41.2430208333333,8.96871089935303
41.2463541666667,8.97091627120972
41.2496875,8.97347927093506
41.2530208333333,8.9765191078186
41.2563541666667,8.98003578186035
41.2596875,8.98408889770508
41.2630208333333,8.98861885070801
41.2663541666667,8.99362564086914
41.2696875,8.99910926818848
41.2730208333333,9.00512933731079
41.2763541666667,9.01168584823608
41.2796875,9.01871919631958
41.2830208333333,9.02622938156128
41.2863541666667,9.03421640396118
41.2896875,9.04273986816406
41.2930208333333,9.05174016952515
41.2963541666667,9.06121730804443
41.2996875,9.07111167907715
41.3030208333333,9.08154249191284
41.3063541666667,9.09233093261719
41.3096875,9.10359621047974
41.3130208333333,9.11521911621094
41.3163541666667,9.12719964981079
41.3196875,9.13935899734497
41.3230208333333,9.15175676345825
41.3263541666667,9.16421413421631
41.3296875,9.17667150497437
41.3330208333333,9.18900966644287
41.3363541666667,9.20116901397705
41.3396875,9.21303033828735
41.3430208333333,9.22447443008423
41.3463541666667,9.2354416847229
41.3496875,9.24569368362427
41.3530208333333,9.25529003143311
41.3563541666667,9.26399230957031
41.3596875,9.27174091339111
41.3630208333333,9.27847623825073
41.3663541666667,9.28407907485962
41.3696875,9.288489818573
41.3730208333333,9.29170846939087
41.3763541666667,9.29367542266846
41.3796875,9.29445028305054
41.3830208333333,9.29397344589233
41.3863541666667,9.2923641204834
41.3896875,9.28968191146851
41.3930208333333,9.28592681884766
41.3963541666667,9.28127765655518
41.3996875,9.27573442459106
41.4030208333333,9.26947593688965
41.4063541666667,9.2625617980957
41.4096875,9.25511121749878
41.4130208333333,9.2473030090332
41.4163541666667,9.23913717269897
41.4196875,9.23079252243042
41.4230208333333,9.22238826751709
41.4263541666667,9.21392440795898
41.4296875,9.20563936233521
41.4330208333333,9.19747352600098
41.4363541666667,9.18954610824585
41.4396875,9.18197631835938
41.4430208333333,9.17476415634155
41.4463541666667,9.16796922683716
41.4496875,9.16159152984619
41.4530208333333,9.1557502746582
41.4563541666667,9.15038585662842
41.4596875,9.14549827575684
41.4630208333333,9.14108753204346
41.4663541666667,9.13721323013306
41.4696875,9.13381576538086
41.4730208333333,9.13083553314209
41.4763541666667,9.12833213806152
41.4796875,9.12624597549438
41.4830208333333,9.1245174407959
41.4863541666667,9.12308692932129
41.4896875,9.12195444107056
41.4930208333333,9.12100076675415
41.4963541666667,9.12034511566162
41.4996875,9.11980867385864
41.5030208333333,9.11939144134521
41.5063541666667,9.11909341812134
41.5096875,9.11879539489746
41.5130208333333,9.11861658096313
41.5163541666667,9.11837816238403
41.5196875,9.11813974380493
41.5230208333333,9.11790132522583
41.5263541666667,9.11766290664673
41.5296875,9.11736488342285
41.5330208333333,9.11706686019897
41.5363541666667,9.11682844161987
41.5396875,9.11664962768555
41.5430208333333,9.116530418396
41.5463541666667,9.116530418396
41.5496875,9.11659002304077
41.5530208333333,9.11670923233032
41.5563541666667,9.11688804626465
41.5596875,9.11694765090942
41.5630208333333,9.1170072555542
41.5663541666667,9.11688804626465
41.5696875,9.11664962768555
41.5730208333333,9.11623239517212
41.5763541666667,9.11563634872437
41.5796875,9.11498069763184
41.5830208333333,9.11426544189453
41.5863541666667,9.11349058151245
41.5896875,9.11271572113037
41.5930208333333,9.11194086074829
41.5963541666667,9.11122560501099
41.5996875,9.11051034927368
41.6030208333333,9.10985469818115
41.6063541666667,9.1092586517334
41.6096875,9.10872220993042
41.6130208333333,9.10812616348267
41.6163541666667,9.10758972167969
41.6196875,9.10705327987671
41.6230208333333,9.10645723342896
41.6263541666667,9.1058611869812
41.6296875,9.10532474517822
41.6330208333333,9.10472869873047
41.6363541666667,9.10413265228271
41.6396875,9.10353660583496
41.6430208333333,9.10294055938721
41.6463541666667,9.10240411758423
41.6496875,9.10192728042603
41.6530208333333,9.1015100479126
41.6563541666667,9.10109281539917
41.6596875,9.10073518753052
41.6630208333333,9.10043716430664
41.6663541666667,9.10007953643799
41.6696875,9.09978151321411
41.6730208333333,9.09948348999023
41.6763541666667,9.09924507141113
41.6796875,9.09900665283203
41.6830208333333,9.09888744354248
41.6863541666667,9.09876823425293
41.6896875,9.09876823425293
41.6930208333333,9.09888744354248
41.6963541666667,9.09906625747681
41.6996875,9.09936428070068
41.7030208333333,9.09978151321411
41.7063541666667,9.10019874572754
41.7096875,9.10073518753052
41.7130208333333,9.10133123397827
41.7163541666667,9.1019868850708
41.7196875,9.10270214080811
41.7230208333333,9.10341739654541
41.7263541666667,9.10413265228271
41.7296875,9.10484790802002
41.7330208333333,9.10550355911255
41.7363541666667,9.10615921020508
41.7396875,9.10669565200806
41.7430208333333,9.10705327987671
41.7463541666667,9.10729169845581
41.7496875,9.10741090774536
41.7530208333333,9.10729169845581
41.7563541666667,9.10705327987671
41.7596875,9.10663604736328
41.7630208333333,9.1060996055603
41.7663541666667,9.10544395446777
41.7696875,9.10472869873047
41.7730208333333,9.10395383834839
41.7763541666667,9.10311937332153
41.7796875,9.1022253036499
41.7830208333333,9.10139083862305
41.7863541666667,9.10055637359619
41.7896875,9.09972190856934
41.7930208333333,9.09894704818726
41.7963541666667,9.09823179244995
41.7996875,9.09757614135742
41.8030208333333,9.09703969955444
41.8063541666667,9.09650325775146
41.8096875,9.09608602523804
41.8130208333333,9.09572839736938
41.8163541666667,9.09548997879028
41.8196875,9.09525156021118
41.8230208333333,9.09507274627686
41.8263541666667,9.09501314163208
41.8296875,9.09501314163208
41.8330208333333,9.09513235092163
41.8363541666667,9.09537076950073
41.8396875,9.09572839736938
41.8430208333333,9.09620523452759
41.8463541666667,9.09680128097534
41.8496875,9.09757614135742
41.8530208333333,9.09852981567383
41.8563541666667,9.09960269927979
41.8596875,9.10073518753052
41.8630208333333,9.1019868850708
41.8663541666667,9.10335779190063
41.8696875,9.10472869873047
41.8730208333333,9.10621881484985
41.8763541666667,9.10770893096924
41.8796875,9.1092586517334
41.8830208333333,9.11092758178711
41.8863541666667,9.1126561164856
41.8896875,9.11450386047363
41.8930208333333,9.11641120910645
41.8963541666667,9.11849737167358
41.8996875,9.1206431388855
41.9030208333333,9.12290811538696
41.9063541666667,9.1252326965332
41.9096875,9.12761688232422
41.9130208333333,9.13000106811523
41.9163541666667,9.13244485855103
41.9196875,9.13482904434204
41.9230208333333,9.13721323013306
41.9263541666667,9.13959741592407
41.9296875,9.14192199707031
41.9330208333333,9.14424657821655
41.9363541666667,9.14657115936279
41.9396875,9.14889574050903
41.9430208333333,9.1511607170105
41.9463541666667,9.15342569351196
41.9496875,9.15563106536865
41.9530208333333,9.15771722793579
41.9563541666667,9.15974378585815
41.9596875,9.16165113449097
41.9630208333333,9.16355848312378
41.9663541666667,9.16528701782227
41.9696875,9.16695594787598
41.9730208333333,9.16850566864014
41.9763541666667,9.16993618011475
41.9796875,9.1712474822998
41.9830208333333,9.17243957519531
41.9863541666667,9.17345285415649
41.9896875,9.17422771453857
41.9930208333333,9.17476415634155
41.9963541666667,9.17512178421021
41.9996875,9.17518138885498
42.0030208333333,9.17506217956543
42.0063541666667,9.17470455169678
42.0096875,9.1741681098938
42.0130208333333,9.17351245880127
42.0163541666667,9.17267799377441
42.0196875,9.17178392410278
42.0230208333333,9.17083024978638
42.0263541666667,9.16987657546997
42.0296875,9.16892290115356
42.0330208333333,9.16790962219238
42.0363541666667,9.16695594787598
42.0396875,9.16600227355957
42.0430208333333,9.16504859924316
42.0463541666667,9.16415452957153
42.0496875,9.1632604598999
42.0530208333333,9.16236639022827
42.0563541666667,9.16159152984619
42.0596875,9.16087627410889
42.0630208333333,9.16022062301636
42.0663541666667,9.15968418121338
42.0696875,9.15920734405518
42.0730208333333,9.15884971618652
42.0763541666667,9.15861129760742
42.0796875,9.1584324836731
42.0830208333333,9.15837287902832
42.0863541666667,9.15837287902832
42.0896875,9.15849208831787
42.0930208333333,9.1586709022522
42.0963541666667,9.1589093208313
42.0996875,9.15920734405518
42.1030208333333,9.15956497192383
42.1063541666667,9.15998220443726
42.1096875,9.16051864624023
42.1130208333333,9.16111469268799
42.1163541666667,9.16182994842529
42.1196875,9.16260480880737
42.1230208333333,9.163498878479
42.1263541666667,9.16451215744019
42.1296875,9.16558504104614
42.1330208333333,9.16683673858643
42.1363541666667,9.16814804077148
42.1396875,9.16951894760132
42.1430208333333,9.1710090637207
42.1463541666667,9.17255878448486
42.1496875,9.1741681098938
42.1530208333333,9.17583703994751
42.1563541666667,9.17750597000122
42.1596875,9.17923450469971
42.1630208333333,9.18096303939819
42.1663541666667,9.18275117874146
42.1696875,9.18459892272949
42.1730208333333,9.1865062713623
42.1763541666667,9.18847322463989
42.1796875,9.19049978256226
42.1830208333333,9.19258594512939
42.1863541666667,9.19473171234131
42.1896875,9.196937084198
42.1930208333333,9.19914245605469
42.1963541666667,9.20134782791138
42.1996875,9.20349359512329
42.2030208333333,9.20563936233521
42.2063541666667,9.20772552490234
42.2096875,9.20975208282471
42.2130208333333,9.21177864074707
42.2163541666667,9.21380519866943
42.2196875,9.21589136123657
42.2230208333333,9.21797752380371
42.2263541666667,9.22012329101563
42.2296875,9.22232866287231
42.2330208333333,9.224534034729
42.2363541666667,9.22685861587524
42.2396875,9.22918319702148
42.2430208333333,9.23150777816772
42.2463541666667,9.23383235931396
42.2496875,9.23615694046021
42.2530208333333,9.23836231231689
42.2563541666667,9.24044847488403
42.2596875,9.2424750328064
42.2630208333333,9.24438238143921
42.2663541666667,9.2461109161377
42.2696875,9.24772024154663
42.2730208333333,9.24909114837646
42.2763541666667,9.25028324127197
42.2796875,9.25123691558838
42.2830208333333,9.25201177597046
42.2863541666667,9.25254821777344
42.2896875,9.25284624099731
42.2930208333333,9.25290584564209
42.2963541666667,9.25266742706299
42.2996875,9.25219058990479
42.3030208333333,9.25141572952271
42.3063541666667,9.25040245056152
42.3096875,9.24915075302124
42.3130208333333,9.24760103225708
42.3163541666667,9.24581289291382
42.3196875,9.24372673034668
42.3230208333333,9.24146175384521
42.3263541666667,9.23901796340942
42.3296875,9.23645496368408
42.3330208333333,9.23377275466919
42.3363541666667,9.23103094100952
42.3396875,9.22828912734985
42.3430208333333,9.22554731369019
42.3463541666667,9.22286510467529
42.3496875,9.22030210494995
42.3530208333333,9.21785831451416
42.3563541666667,9.21553373336792
42.3596875,9.21332836151123
42.3630208333333,9.21130180358887
42.3663541666667,9.20945405960083
42.3696875,9.20772552490234
42.3730208333333,9.20611619949341
42.3763541666667,9.2046856880188
42.3796875,9.20331478118896
42.3830208333333,9.20206308364868
42.3863541666667,9.20093059539795
42.3896875,9.19985771179199
42.3930208333333,9.19890403747559
42.3963541666667,9.19800996780396
42.3996875,9.19723510742188
42.4030208333333,9.19651985168457
42.4063541666667,9.19598340988159
42.4096875,9.19556617736816
42.4130208333333,9.19526815414429
42.4163541666667,9.19508934020996
42.4196875,9.19497013092041
42.4230208333333,9.19491052627563
42.4263541666667,9.19491052627563
42.4296875,9.19497013092041
42.4330208333333,9.19497013092041
42.4363541666667,9.19508934020996
42.4396875,9.19532775878906
42.4430208333333,9.19562578201294
42.4463541666667,9.19604301452637
42.4496875,9.1966986656189
42.4530208333333,9.19753313064575
42.4563541666667,9.19860601425171
42.4596875,9.19991731643677
42.4630208333333,9.20146703720093
42.4663541666667,9.20331478118896
42.4696875,9.20534133911133
42.4730208333333,9.20772552490234
42.4763541666667,9.21034812927246
42.4796875,9.21326875686646
42.4830208333333,9.21648740768433
42.4863541666667,9.22000408172607
42.4896875,9.22375917434692
42.4930208333333,9.22775268554688
42.4963541666667,9.23192501068115
42.4996875,9.23615694046021
42.5030208333333,9.24044847488403
42.5063541666667,9.24474000930786
42.5096875,9.24897193908691
42.5130208333333,9.25308465957642
42.5163541666667,9.25701856613159
42.5196875,9.26071405410767
42.5230208333333,9.26417112350464
42.5263541666667,9.26744937896729
42.5296875,9.27037000656128
42.5330208333333,9.27305221557617
42.5363541666667,9.27543640136719
42.5396875,9.27746295928955
42.5430208333333,9.27919149398804
42.5463541666667,9.28062200546265
42.5496875,9.28175449371338
42.5530208333333,9.28258895874023
42.5563541666667,9.28318500518799
42.5596875,9.28348302841187
42.5630208333333,9.28354263305664
42.5663541666667,9.28342342376709
42.5696875,9.28306579589844
42.5730208333333,9.28258895874023
42.5763541666667,9.28193330764771
42.5796875,9.28115844726563
42.5830208333333,9.28032398223877
42.5863541666667,9.27937030792236
42.5896875,9.27835702896118
42.5930208333333,9.27728414535522
42.5963541666667,9.27609205245972
42.5996875,9.27489995956421
42.6030208333333,9.27364826202393
42.6063541666667,9.27233695983887
42.6096875,9.27102565765381
42.6130208333333,9.26971435546875
42.6163541666667,9.26840305328369
42.6196875,9.26715135574341
42.6230208333333,9.2659592628479
42.6263541666667,9.26482677459717
42.6296875,9.26369428634644
42.6330208333333,9.26262140274048
42.6363541666667,9.2616081237793
42.6396875,9.26059484481812
42.6430208333333,9.25964117050171
42.6463541666667,9.25862789154053
42.6496875,9.25761461257935
42.6530208333333,9.25660133361816
42.6563541666667,9.25570726394653
42.6596875,9.25487279891968
42.6630208333333,9.2540979385376
42.6663541666667,9.25350189208984
42.6696875,9.25302505493164
42.6730208333333,9.25272703170776
42.6763541666667,9.25254821777344
42.6796875,9.25254821777344
42.6830208333333,9.25266742706299
42.6863541666667,9.25296545028687
42.6896875,9.25338268280029
42.6930208333333,9.2538595199585
42.6963541666667,9.25439596176147
42.6996875,9.25499200820923
42.7030208333333,9.25564765930176
42.7063541666667,9.25630331039429
42.7096875,9.25695896148682
42.7130208333333,9.25767421722412
42.7163541666667,9.25827026367188
42.7196875,9.25886631011963
42.7230208333333,9.25940275192261
42.7263541666667,9.25987958908081
42.7296875,9.26023721694946
42.7330208333333,9.26053524017334
42.7363541666667,9.26077365875244
42.7396875,9.26089286804199
42.7430208333333,9.26083326339722
42.7463541666667,9.26071405410767
42.7496875,9.26053524017334
42.7530208333333,9.26017761230469
42.7563541666667,9.25976037979126
42.7596875,9.25928354263306
42.7630208333333,9.25880670547485
42.7663541666667,9.25827026367188
42.7696875,9.2577338218689
42.7730208333333,9.25725698471069
42.7763541666667,9.25689935684204
42.7796875,9.25660133361816
42.7830208333333,9.25642251968384
42.7863541666667,9.25636291503906
42.7896875,9.25642251968384
42.7930208333333,9.25660133361816
42.7963541666667,9.25683975219727
42.7996875,9.25707817077637
42.8030208333333,9.25743579864502
42.8063541666667,9.2577338218689
42.8096875,9.25809144973755
42.8130208333333,9.2584490776062
42.8163541666667,9.25880670547485
42.8196875,9.25922393798828
42.8230208333333,9.25964117050171
42.8263541666667,9.26005840301514
42.8296875,9.26053524017334
42.8330208333333,9.26113128662109
42.8363541666667,9.26172733306885
42.8396875,9.26244258880615
42.8430208333333,9.26315784454346
42.8463541666667,9.26393270492554
42.8496875,9.26470756530762
42.8530208333333,9.2654824256897
42.8563541666667,9.266197681427
42.8596875,9.26691293716431
42.8630208333333,9.26750898361206
42.8663541666667,9.26810503005981
42.8696875,9.26864147186279
42.8730208333333,9.269118309021
42.8763541666667,9.2695951461792
42.8796875,9.2700719833374
42.8830208333333,9.27054882049561
42.8863541666667,9.27108526229858
42.8896875,9.27162170410156
42.8930208333333,9.27215814590454
42.8963541666667,9.27275419235229
42.8996875,9.27340984344482
42.9030208333333,9.27412509918213
42.9063541666667,9.27484035491943
42.9096875,9.27561521530151
42.9130208333333,9.27639007568359
42.9163541666667,9.27722454071045
42.9196875,9.27799940109253
42.9230208333333,9.27877426147461
42.9263541666667,9.27948951721191
42.9296875,9.28014516830444
42.9330208333333,9.2807412147522
42.9363541666667,9.2812180519104
42.9396875,9.28163528442383
42.9430208333333,9.28199291229248
42.9463541666667,9.28235054016113
42.9496875,9.28270816802979
42.9530208333333,9.28306579589844
42.9563541666667,9.28342342376709
42.9596875,9.28384065628052
42.9630208333333,9.28431749343872
42.9663541666667,9.28479433059692
42.9696875,9.28527116775513
42.9730208333333,9.28580760955811
42.9763541666667,9.28640365600586
42.9796875,9.28699970245361
42.9830208333333,9.28765535354614
42.9863541666667,9.28831100463867
42.9896875,9.28908586502075
42.9930208333333,9.28992033004761
42.9963541666667,9.29081439971924
42.9996875,9.29176807403564
43.0030208333333,9.2928409576416
43.0063541666667,9.29397344589233
43.0096875,9.29516553878784
43.0130208333333,9.2964768409729
43.0163541666667,9.29778814315796
43.0196875,9.29921865463257
43.0230208333333,9.30064916610718
43.0263541666667,9.30207967758179
43.0296875,9.30356979370117
43.0330208333333,9.30500030517578
43.0363541666667,9.30637121200562
43.0396875,9.30768251419067
43.0430208333333,9.30893421173096
43.0463541666667,9.31006669998169
43.0496875,9.31113958358765
43.0530208333333,9.31215286254883
43.0563541666667,9.31310653686523
43.0596875,9.31406021118164
43.0630208333333,9.31495428085327
43.0663541666667,9.3158483505249
43.0696875,9.31680202484131
43.0730208333333,9.31781530380249
43.0763541666667,9.31882858276367
43.0796875,9.3199610710144
43.0830208333333,9.32115316390991
43.0863541666667,9.32234525680542
43.0896875,9.32371616363525
43.0930208333333,9.32508707046509
43.0963541666667,9.32663679122925
43.0996875,9.32824611663818
43.1030208333333,9.33003425598145
43.1063541666667,9.33200120925903
43.1096875,9.33414697647095
43.1130208333333,9.33653116226196
43.1163541666667,9.33921337127686
43.1196875,9.34231281280518
43.1230208333333,9.34576988220215
43.1263541666667,9.34970378875732
43.1296875,9.35429334640503
43.1330208333333,9.35959815979004
43.1363541666667,9.3657374382019
43.1396875,9.37283039093018
43.1430208333333,9.3809962272644
43.1463541666667,9.39053297042847
43.1496875,9.40155982971191
43.1530208333333,9.41431522369385
43.1563541666667,9.42903757095337
43.1596875,9.44602489471436
43.1630208333333,9.46563482284546
43.1663541666667,9.48816537857056
43.1696875,9.51391458511353
43.1730208333333,9.54335927963257
43.1763541666667,9.57673788070679
43.1796875,9.61452722549438
43.1830208333333,9.65702533721924
43.1863541666667,9.70464944839478
43.1896875,9.75775718688965
43.1930208333333,9.81670618057251
43.1963541666667,9.88191366195679
43.1996875,9.95355844497681
43.2030208333333,10.0319981575012
43.2063541666667,10.1173520088196
43.2096875,10.2097988128662
43.2130208333333,10.3092789649963
43.2163541666667,10.4156732559204
43.2196875,10.5287432670593
43.2230208333333,10.6481909751892
43.2263541666667,10.7734799385071
43.2296875,10.9040141105652
43.2330208333333,11.0390782356262
43.2363541666667,11.1777782440186
43.2396875,11.3192200660706
43.2430208333333,11.4622712135315
43.2463541666667,11.6057395935059
43.2496875,11.7484331130981
43.2530208333333,11.8889212608337
43.2563541666667,12.0258331298828
43.2596875,12.1577978134155
43.2630208333333,12.2832655906677
43.2663541666667,12.4009251594543
43.2696875,12.5094056129456
43.2730208333333,12.6074552536011
43.2763541666667,12.6940608024597
43.2796875,12.7681493759155
43.2830208333333,12.8290057182312
43.2863541666667,12.876033782959
43.2896875,12.9088759422302
43.2930208333333,12.9272937774658
43.2963541666667,12.9314064979553
43.2996875,12.9213929176331
43.3030208333333,12.8976702690125
43.3063541666667,12.860894203186
43.3096875,12.8117203712463
43.3130208333333,12.7511620521545
43.3163541666667,12.6801729202271
43.3196875,12.5998854637146
43.3230208333333,12.5114321708679
43.3263541666667,12.4160647392273
43.3296875,12.3149752616882
43.3330208333333,12.2095346450806
43.3363541666667,12.1008157730103
43.3396875,11.9900703430176
43.3430208333333,11.8783116340637
43.3463541666667,11.7666125297546
43.3496875,11.6559267044067
43.3530208333333,11.5470290184021
43.3563541666667,11.4406943321228
43.3596875,11.3374590873718
43.3630208333333,11.2379193305969
43.3663541666667,11.1424326896667
43.3696875,11.05135679245
43.3730208333333,10.9648704528809
43.3763541666667,10.8832120895386
43.3796875,10.8063817024231
43.3830208333333,10.7344388961792
43.3863541666667,10.6672644615173
43.3896875,10.6047987937927
43.3930208333333,10.546863079071
43.3963541666667,10.4932188987732
43.3996875,10.4436874389648
43.4030208333333,10.3980302810669
43.4063541666667,10.3559494018555
43.4096875,10.3172063827515
43.4130208333333,10.281503200531
43.4163541666667,10.2487206459045
43.4196875,10.2185606956482
43.4230208333333,10.1907253265381
43.4263541666667,10.1651549339294
43.4296875,10.1414918899536
43.4330208333333,10.1196765899658
43.4363541666667,10.099470615387
43.4396875,10.0806951522827
43.4430208333333,10.0632309913635
43.4463541666667,10.0470185279846
43.4496875,10.0318193435669
43.4530208333333,10.0175738334656
43.4563541666667,10.0042819976807
43.4596875,9.99170541763306
43.4630208333333,9.97984409332275
43.4663541666667,9.96863842010498
43.4696875,9.95796918869019
43.4730208333333,9.94789600372314
43.4763541666667,9.93829965591431
43.4796875,9.92918014526367
43.4830208333333,9.92041826248169
43.4863541666667,9.91213321685791
43.4896875,9.90420579910278
43.4930208333333,9.89669561386108
43.4963541666667,9.88948345184326
43.4996875,9.88250970840454
43.5030208333333,9.8758339881897
43.5063541666667,9.86933708190918
43.5096875,9.86301898956299
43.5130208333333,9.85682010650635
43.5163541666667,9.85074043273926
43.5196875,9.84472036361694
43.5230208333333,9.8387598991394
43.5263541666667,9.83285903930664
43.5296875,9.82707738876343
43.5330208333333,9.82129573822021
43.5363541666667,9.81563329696655
43.5396875,9.81009006500244
43.5430208333333,9.80460643768311
43.5463541666667,9.79924201965332
43.5496875,9.79399681091309
43.5530208333333,9.78893041610718
43.5563541666667,9.7840428352356
43.5596875,9.77939367294312
43.5630208333333,9.77498292922974
43.5663541666667,9.77087020874023
43.5696875,9.76699590682983
43.5730208333333,9.76336002349854
43.5763541666667,9.75996255874634
43.5796875,9.75686311721802
43.5830208333333,9.75388288497925
43.5863541666667,9.7510814666748
43.5896875,9.74839925765991
43.5930208333333,9.74583625793457
43.5963541666667,9.74339246749878
43.5996875,9.74094867706299
43.6030208333333,9.73862409591675
43.6063541666667,9.73635911941528
43.6096875,9.73415374755859
43.6130208333333,9.73200798034668
43.6163541666667,9.72986221313477
43.6196875,9.72777605056763
43.6230208333333,9.72574949264526
43.6263541666667,9.72378253936768
43.6296875,9.72193479537964
43.6330208333333,9.7200870513916
43.6363541666667,9.71841812133789
43.6396875,9.71674919128418
43.6430208333333,9.71519947052002
43.6463541666667,9.71370935440063
43.6496875,9.7123384475708
43.6530208333333,9.71096754074097
43.6563541666667,9.70965623855591
43.6596875,9.70828533172607
43.6630208333333,9.70697402954102
43.6663541666667,9.70566272735596
43.6696875,9.70429182052612
43.6730208333333,9.70292091369629
43.6763541666667,9.70160961151123
43.6796875,9.70029830932617
43.6830208333333,9.69898700714111
43.6863541666667,9.69773530960083
43.6896875,9.69654321670532
43.6930208333333,9.69535112380981
43.6963541666667,9.69421863555908
43.6996875,9.69314575195313
43.7030208333333,9.69207286834717
43.7063541666667,9.69105958938599
43.7096875,9.69010591506958
43.7130208333333,9.68921184539795
43.7163541666667,9.68843698501587
43.7196875,9.68766212463379
43.7230208333333,9.68700647354126
43.7263541666667,9.68641042709351
43.7296875,9.68581438064575
43.7330208333333,9.68527793884277
43.7363541666667,9.68474149703979
43.7396875,9.68420505523682
43.7430208333333,9.68360900878906
43.7463541666667,9.68301296234131
43.7496875,9.68235731124878
43.7530208333333,9.68164205551147
43.7563541666667,9.68080759048462
43.7596875,9.67997312545776
43.7630208333333,9.67907905578613
43.7663541666667,9.67812538146973
43.7696875,9.67711210250854
43.7730208333333,9.67603921890259
43.7763541666667,9.67496633529663
43.7796875,9.67389345169067
43.7830208333333,9.67276096343994
43.7863541666667,9.67162847518921
43.7896875,9.67055559158325
43.7930208333333,9.66942310333252
43.7963541666667,9.66835021972656
43.7996875,9.66727733612061
43.8030208333333,9.66614484786987
43.8063541666667,9.66507196426392
43.8096875,9.66399908065796
43.8130208333333,9.662926197052
43.8163541666667,9.66185331344604
43.8196875,9.66084003448486
43.8230208333333,9.65982675552368
43.8263541666667,9.6588134765625
43.8296875,9.65780019760132
43.8330208333333,9.65684652328491
43.8363541666667,9.65583324432373
43.8396875,9.65487957000732
43.8430208333333,9.65386629104614
43.8463541666667,9.65279340744019
43.8496875,9.65172052383423
43.8530208333333,9.65064764022827
43.8563541666667,9.64957475662231
43.8596875,9.64844226837158
43.8630208333333,9.64736938476563
43.8663541666667,9.64623689651489
43.8696875,9.64522361755371
43.8730208333333,9.64415073394775
43.8763541666667,9.64319705963135
43.8796875,9.64218378067017
43.8830208333333,9.64123010635376
43.8863541666667,9.64033603668213
43.8896875,9.6394419670105
43.8930208333333,9.63854789733887
43.8963541666667,9.63771343231201
43.8996875,9.63687896728516
43.9030208333333,9.63610410690308
43.9063541666667,9.63526964187622
43.9096875,9.63449478149414
43.9130208333333,9.63377952575684
43.9163541666667,9.63300466537476
43.9196875,9.63228940963745
43.9230208333333,9.63163375854492
43.9263541666667,9.63103771209717
43.9296875,9.63044166564941
43.9330208333333,9.63002443313599
43.9363541666667,9.62966680526733
43.9396875,9.62948799133301
43.9430208333333,9.62936878204346
43.9463541666667,9.62936878204346
43.9496875,9.62942838668823
43.9530208333333,9.62954759597778
43.9563541666667,9.62960720062256
43.9596875,9.62966680526733
43.9630208333333,9.62972640991211
43.9663541666667,9.62966680526733
43.9696875,9.62954759597778
43.9730208333333,9.62936878204346
43.9763541666667,9.62913036346436
43.9796875,9.62889194488525
43.9830208333333,9.62865352630615
43.9863541666667,9.62847471237183
43.9896875,9.6282958984375
43.9930208333333,9.62817668914795
43.9963541666667,9.6280574798584
43.9996875,9.62799787521362
44.0030208333333,9.62799787521362
44.0063541666667,9.62799787521362
44.0096875,9.62811708450317
44.0130208333333,9.62823629379272
44.0163541666667,9.62847471237183
44.0196875,9.6287727355957
44.0230208333333,9.62924957275391
44.0263541666667,9.62990522384644
44.0296875,9.63079929351807
44.0330208333333,9.63187217712402
44.0363541666667,9.63324308395386
44.0396875,9.63485240936279
44.0430208333333,9.63675975799561
44.0463541666667,9.63896512985229
44.0496875,9.64146852493286
44.0530208333333,9.6442699432373
44.0563541666667,9.6474289894104
44.0596875,9.65094566345215
44.0630208333333,9.65499877929688
44.0663541666667,9.6595287322998
44.0696875,9.66465473175049
44.0730208333333,9.67055559158325
44.0763541666667,9.67729091644287
44.0796875,9.68492031097412
44.0830208333333,9.69350337982178
44.0863541666667,9.70315933227539
44.0896875,9.71388816833496
44.0930208333333,9.72568988800049
44.0963541666667,9.73862409591675
44.0996875,9.75257158279419
44.1030208333333,9.76753234863281
44.1063541666667,9.78344678878784
44.1096875,9.80031490325928
44.1130208333333,9.81801748275757
44.1163541666667,9.83655452728271
44.1196875,9.85580682754517
44.1230208333333,9.87571477890015
44.1263541666667,9.89609956741333
44.1296875,9.91696119308472
44.1330208333333,9.93800163269043
44.1363541666667,9.95916128158569
44.1396875,9.98014211654663
44.1430208333333,10.0008845329285
44.1463541666667,10.0210905075073
44.1496875,10.0406408309937
44.1530208333333,10.0592970848083
44.1563541666667,10.0768804550171
44.1596875,10.0932717323303
44.1630208333333,10.1081728935242
44.1663541666667,10.1215839385986
44.1696875,10.1332664489746
44.1730208333333,10.1431608200073
44.1763541666667,10.1511478424072
44.1796875,10.1571679115295
44.1830208333333,10.1611018180847
44.1863541666667,10.1631283760071
44.1896875,10.1631283760071
44.1930208333333,10.1612210273743
44.1963541666667,10.1575255393982
44.1996875,10.1521015167236
44.2030208333333,10.1451277732849
44.2063541666667,10.1367831230164
44.2096875,10.1271867752075
44.2130208333333,10.1165175437927
44.2163541666667,10.1048946380615
44.2196875,10.0924968719482
44.2230208333333,10.0794434547424
44.2263541666667,10.0659132003784
44.2296875,10.0520253181458
44.2330208333333,10.0379586219788
44.2363541666667,10.023832321167
44.2396875,10.009765625
44.2430208333333,9.99593734741211
44.2463541666667,9.98246669769287
44.2496875,9.96947288513184
44.2530208333333,9.95701551437378
44.2563541666667,9.94521379470825
44.2596875,9.93412733078003
44.2630208333333,9.92369651794434
44.2663541666667,9.91398096084595
44.2696875,9.90498065948486
44.2730208333333,9.89657640457153
44.2763541666667,9.88882780075073
44.2796875,9.88161563873291
44.2830208333333,9.87493991851807
44.2863541666667,9.86874103546143
44.2896875,9.86307859420776
44.2930208333333,9.8578929901123
44.2963541666667,9.85312461853027
44.2996875,9.84889268875122
44.3030208333333,9.8450779914856
44.3063541666667,9.8416805267334
44.3096875,9.83870029449463
44.3130208333333,9.83601808547974
44.3163541666667,9.8336935043335
44.3196875,9.83160734176636
44.3230208333333,9.82964038848877
44.3263541666667,9.82785224914551
44.3296875,9.82606410980225
44.3330208333333,9.82433557510376
44.3363541666667,9.8225474357605
44.3396875,9.82075929641724
44.3430208333333,9.81897115707397
44.3463541666667,9.81712341308594
44.3496875,9.81533527374268
44.3530208333333,9.81348752975464
44.3563541666667,9.8116397857666
44.3596875,9.80991125106812
44.3630208333333,9.80818271636963
44.3663541666667,9.80651378631592
44.3696875,9.80490446090698
44.3730208333333,9.80329513549805
44.3763541666667,9.80174541473389
44.3796875,9.80019569396973
44.3830208333333,9.79870557785034
44.3863541666667,9.79721546173096
44.3896875,9.79572534561157
44.3930208333333,9.79423522949219
44.3963541666667,9.7927451133728
44.3996875,9.79119539260864
44.4030208333333,9.78964567184448
44.4063541666667,9.78809595108032
44.4096875,9.78648662567139
44.4130208333333,9.78493690490723
44.4163541666667,9.78338718414307
44.4196875,9.78189706802368
44.4230208333333,9.7804069519043
44.4263541666667,9.77897644042969
44.4296875,9.77760553359985
44.4330208333333,9.77623462677002
44.4363541666667,9.77498292922974
44.4396875,9.77373123168945
44.4430208333333,9.77253913879395
44.4463541666667,9.77128744125366
44.4496875,9.77003574371338
44.4530208333333,9.76872444152832
44.4563541666667,9.76735353469849
44.4596875,9.76592302322388
44.4630208333333,9.76431369781494
44.4663541666667,9.76258516311646
44.4696875,9.76079702377319
44.4730208333333,9.75888967514038
44.4763541666667,9.75698232650757
44.4796875,9.75507497787476
44.4830208333333,9.75310802459717
44.4863541666667,9.75126028060913
44.4896875,9.74941253662109
44.4930208333333,9.74756479263306
44.4963541666667,9.74571704864502
44.4996875,9.74392890930176
44.5030208333333,9.74208116531372
44.5063541666667,9.74029302597046
44.5096875,9.73844528198242
44.5130208333333,9.73653793334961
44.5163541666667,9.73469018936157
44.5196875,9.73290205001831
44.5230208333333,9.73117351531982
44.5263541666667,9.72956418991089
44.5296875,9.72801446914673
44.5330208333333,9.72658395767212
44.5363541666667,9.72521305084229
44.5396875,9.723961353302
44.5430208333333,9.72270965576172
44.5463541666667,9.72157716751099
44.5496875,9.72050428390503
44.5530208333333,9.71943140029907
44.5563541666667,9.71841812133789
44.5596875,9.71752405166626
44.5630208333333,9.7166895866394
44.5663541666667,9.71591472625732
44.5696875,9.71525907516479
44.5730208333333,9.71466302871704
44.5763541666667,9.71418619155884
44.5796875,9.71382856369019
44.5830208333333,9.71353054046631
44.5863541666667,9.71329212188721
44.5896875,9.71311330795288
44.5930208333333,9.71299409866333
44.5963541666667,9.71293449401855
44.5996875,9.71293449401855
44.6030208333333,9.71299409866333
44.6063541666667,9.71311330795288
44.6096875,9.71347093582153
44.6130208333333,9.71388816833496
44.6163541666667,9.71454381942749
44.6196875,9.71531867980957
44.6230208333333,9.71627235412598
44.6263541666667,9.71734523773193
44.6296875,9.71859693527222
44.6330208333333,9.71990823745728
44.6363541666667,9.72121953964233
44.6396875,9.72259044647217
44.6430208333333,9.723961353302
44.6463541666667,9.72533226013184
44.6496875,9.72676277160645
44.6530208333333,9.72819328308105
44.6563541666667,9.72962379455566
44.6596875,9.73111391067505
44.6630208333333,9.73266363143921
44.6663541666667,9.73421335220337
44.6696875,9.73588228225708
44.6730208333333,9.73755121231079
44.6763541666667,9.73933935165405
44.6796875,9.74112749099731
44.6830208333333,9.74297523498535
44.6863541666667,9.74488258361816
44.6896875,9.74678993225098
44.6930208333333,9.74875688552856
44.6963541666667,9.75072383880615
44.6996875,9.75269079208374
44.7030208333333,9.75465774536133
44.7063541666667,9.75656509399414
44.7096875,9.75847244262695
44.7130208333333,9.76032018661499
44.7163541666667,9.76216793060303
44.7196875,9.76395606994629
44.7230208333333,9.76568460464478
44.7263541666667,9.76741313934326
44.7296875,9.76908206939697
44.7330208333333,9.77063179016113
44.7363541666667,9.77218151092529
44.7396875,9.7736120223999
44.7430208333333,9.77492332458496
44.7463541666667,9.77617502212524
44.7496875,9.7772479057312
44.7530208333333,9.77820158004761
44.7563541666667,9.77897644042969
44.7596875,9.77963209152222
44.7630208333333,9.78004932403564
44.7663541666667,9.78034734725952
44.7696875,9.78046655654907
44.7730208333333,9.78034734725952
44.7763541666667,9.78004932403564
44.7796875,9.77957248687744
44.7830208333333,9.77885723114014
44.7863541666667,9.77796316146851
44.7896875,9.77683067321777
44.7930208333333,9.77557897567749
44.7963541666667,9.77408885955811
44.7996875,9.77253913879395
44.8030208333333,9.77087020874023
44.8063541666667,9.76908206939697
44.8096875,9.76729393005371
44.8130208333333,9.76550579071045
44.8163541666667,9.76371765136719
44.8196875,9.76186990737915
44.8230208333333,9.76014137268066
44.8263541666667,9.75841283798218
44.8296875,9.75668430328369
44.8330208333333,9.75495576858521
44.8363541666667,9.75328683853149
44.8396875,9.75167751312256
44.8430208333333,9.75006818771362
44.8463541666667,9.74851846694946
44.8496875,9.74702835083008
44.8530208333333,9.74559783935547
44.8563541666667,9.74422693252563
44.8596875,9.74297523498535
44.8630208333333,9.74184274673462
44.8663541666667,9.74076986312866
44.8696875,9.73987579345703
44.8730208333333,9.73904132843018
44.8763541666667,9.7382664680481
44.8796875,9.73767042160034
44.8830208333333,9.73707437515259
44.8863541666667,9.73653793334961
44.8896875,9.73606109619141
44.8930208333333,9.73564386367798
44.8963541666667,9.73522663116455
44.8996875,9.7348690032959
44.9030208333333,9.73457098007202
44.9063541666667,9.73427295684814
44.9096875,9.73409414291382
44.9130208333333,9.73391532897949
44.9163541666667,9.73379611968994
44.9196875,9.73367691040039
44.9230208333333,9.73367691040039
44.9263541666667,9.73367691040039
44.9296875,9.73373651504517
44.9330208333333,9.73385572433472
44.9363541666667,9.73403453826904
44.9396875,9.7343921661377
44.9430208333333,9.73480939865112
44.9463541666667,9.73540544509888
44.9496875,9.73618030548096
44.9530208333333,9.73701477050781
44.9563541666667,9.73802804946899
44.9596875,9.73910093307495
44.9630208333333,9.74029302597046
44.9663541666667,9.74160432815552
44.9696875,9.74297523498535
44.9730208333333,9.74440574645996
44.9763541666667,9.74589586257935
44.9796875,9.74750518798828
44.9830208333333,9.74917411804199
44.9863541666667,9.75096225738525
44.9896875,9.75281000137329
44.9930208333333,9.7547173500061
44.9963541666667,9.75668430328369
44.9996875,9.75865125656128
45.0030208333333,9.76067781448364
45.0063541666667,9.76276397705078
45.0096875,9.76479053497314
45.0130208333333,9.76681709289551
45.0163541666667,9.76884365081787
45.0196875,9.77081060409546
45.0230208333333,9.77271795272827
45.0263541666667,9.77456569671631
45.0296875,9.77635383605957
45.0330208333333,9.77808237075806
45.0363541666667,9.77975130081177
45.0396875,9.78130102157593
45.0430208333333,9.78279113769531
45.0463541666667,9.78410243988037
45.0496875,9.78529453277588
45.0530208333333,9.78636741638184
45.0563541666667,9.78732109069824
45.0596875,9.7881555557251
45.0630208333333,9.7888708114624
45.0663541666667,9.78958606719971
45.0696875,9.79018211364746
45.0730208333333,9.79071855545044
45.0763541666667,9.79125499725342
45.0796875,9.79173183441162
45.0830208333333,9.79208946228027
45.0863541666667,9.79238748550415
45.0896875,9.79256629943848
45.0930208333333,9.79268550872803
45.0963541666667,9.79262590408325
45.0996875,9.79256629943848
45.1030208333333,9.79244709014893
45.1063541666667,9.79232788085938
45.1096875,9.7922682762146
45.1130208333333,9.7922682762146
45.1163541666667,9.79232788085938
45.1196875,9.79256629943848
45.1230208333333,9.79286432266235
45.1263541666667,9.79322195053101
45.1296875,9.79363918304443
45.1330208333333,9.79411602020264
45.1363541666667,9.79459285736084
45.1396875,9.79512929916382
45.1430208333333,9.7956657409668
45.1463541666667,9.79626178741455
45.1496875,9.79679822921753
45.1530208333333,9.79739427566528
45.1563541666667,9.79799032211304
45.1596875,9.79852676391602
45.1630208333333,9.79912281036377
45.1663541666667,9.79965925216675
45.1696875,9.8002552986145
45.1730208333333,9.80085134506226
45.1763541666667,9.80150699615479
45.1796875,9.80228185653687
45.1830208333333,9.80311632156372
45.1863541666667,9.80401039123535
45.1896875,9.80514287948608
45.1930208333333,9.80633497238159
45.1963541666667,9.80764627456665
45.1996875,9.80901718139648
45.2030208333333,9.81044769287109
45.2063541666667,9.81193780899048
45.2096875,9.81336832046509
45.2130208333333,9.81485843658447
45.2163541666667,9.81628894805908
45.2196875,9.81765985488892
45.2230208333333,9.81909036636353
45.2263541666667,9.82040166854858
45.2296875,9.82177257537842
45.2330208333333,9.82308387756348
45.2363541666667,9.82445478439331
45.2396875,9.82576608657837
45.2430208333333,9.82707738876343
45.2463541666667,9.82838869094849
45.2496875,9.82958078384399
45.2530208333333,9.8307728767395
45.2563541666667,9.83190536499023
45.2596875,9.83297824859619
45.2630208333333,9.8339319229126
45.2663541666667,9.83482599258423
45.2696875,9.83554124832153
45.2730208333333,9.83625650405884
45.2763541666667,9.83691215515137
45.2796875,9.83750820159912
45.2830208333333,9.83810424804688
45.2863541666667,9.83870029449463
45.2896875,9.83923673629761
45.2930208333333,9.83983278274536
45.2963541666667,9.84042882919312
45.2996875,9.84102487564087
45.3030208333333,9.84162092208862
45.3063541666667,9.8421573638916
45.3096875,9.8426342010498
45.3130208333333,9.84299182891846
45.3163541666667,9.84328985214233
45.3196875,9.84352827072144
45.3230208333333,9.84358787536621
45.3263541666667,9.84352827072144
45.3296875,9.84340906143188
45.3330208333333,9.84317064285278
45.3363541666667,9.84293222427368
45.3396875,9.84269380569458
45.3430208333333,9.84245538711548
45.3463541666667,9.84227657318115
45.3496875,9.84209775924683
45.3530208333333,9.84197854995728
45.3563541666667,9.84197854995728
45.3596875,9.84197854995728
45.3630208333333,9.84203815460205
45.3663541666667,9.84197854995728
45.3696875,9.8419189453125
45.3730208333333,9.84174013137817
45.3763541666667,9.84150171279907
45.3796875,9.8412036895752
45.3830208333333,9.84078645706177
45.3863541666667,9.84030961990356
45.3896875,9.83977317810059
45.3930208333333,9.83917713165283
45.3963541666667,9.83858108520508
45.3996875,9.8380446434021
45.4030208333333,9.83744859695435
45.4063541666667,9.83685255050659
45.4096875,9.83637571334839
45.4130208333333,9.83583927154541
45.4163541666667,9.83542203903198
45.4196875,9.83500480651855
45.4230208333333,9.83470678329468
45.4263541666667,9.8344087600708
45.4296875,9.8341703414917
45.4330208333333,9.8339319229126
45.4363541666667,9.8336935043335
45.4396875,9.83345508575439
45.4430208333333,9.83315706253052
45.4463541666667,9.83291864395142
45.4496875,9.83268022537231
45.4530208333333,9.83250141143799
45.4563541666667,9.83232259750366
45.4596875,9.83214378356934
45.4630208333333,9.83208417892456
45.4663541666667,9.83214378356934
45.4696875,9.83226299285889
45.4730208333333,9.83244180679321
45.4763541666667,9.83273983001709
45.4796875,9.83309745788574
45.4830208333333,9.83357429504395
45.4863541666667,9.83405113220215
45.4896875,9.83452796936035
45.4930208333333,9.83506441116333
45.4963541666667,9.83566045761108
45.4996875,9.83625650405884
45.5030208333333,9.83685255050659
45.5063541666667,9.83744859695435
45.5096875,9.8380446434021
45.5130208333333,9.8387598991394
45.5163541666667,9.83947515487671
45.5196875,9.84025001525879
45.5230208333333,9.84102487564087
45.5263541666667,9.84185934066772
45.5296875,9.84269380569458
45.5330208333333,9.84352827072144
45.5363541666667,9.84442234039307
45.5396875,9.84525680541992
45.5430208333333,9.84609127044678
45.5463541666667,9.84692573547363
45.5496875,9.84770059585571
45.5530208333333,9.84847545623779
45.5563541666667,9.8491907119751
45.5596875,9.8499059677124
45.5630208333333,9.85050201416016
45.5663541666667,9.85103845596313
45.5696875,9.85151529312134
45.5730208333333,9.85181331634521
45.5763541666667,9.85199213027954
45.5796875,9.85211133956909
45.5830208333333,9.85205173492432
45.5863541666667,9.85187292098999
45.5896875,9.85157489776611
45.5930208333333,9.85121726989746
45.5963541666667,9.85085964202881
45.5996875,9.85038280487061
45.6030208333333,9.84996557235718
45.6063541666667,9.84954833984375
45.6096875,9.84907150268555
45.6130208333333,9.84865427017212
45.6163541666667,9.84823703765869
45.6196875,9.84787940979004
45.6230208333333,9.84746217727661
45.6263541666667,9.84704494476318
45.6296875,9.84668731689453
45.6330208333333,9.8462700843811
45.6363541666667,9.84597206115723
45.6396875,9.84567403793335
45.6430208333333,9.84543561935425
45.6463541666667,9.84525680541992
45.6496875,9.84519720077515
45.6530208333333,9.84525680541992
45.6563541666667,9.84543561935425
45.6596875,9.84567403793335
45.6630208333333,9.84597206115723
45.6663541666667,9.8462700843811
45.6696875,9.84662771224976
45.6730208333333,9.84692573547363
45.6763541666667,9.84710454940796
45.6796875,9.84722375869751
45.6830208333333,9.84722375869751
45.6863541666667,9.84704494476318
45.6896875,9.84674692153931
45.6930208333333,9.8462700843811
45.6963541666667,9.84573364257813
45.6996875,9.8450779914856
45.7030208333333,9.84442234039307
45.7063541666667,9.84376668930054
45.7096875,9.84317064285278
45.7130208333333,9.8426342010498
45.7163541666667,9.84221696853638
45.7196875,9.84197854995728
45.7230208333333,9.84185934066772
45.7263541666667,9.84185934066772
45.7296875,9.84203815460205
45.7330208333333,9.84227657318115
45.7363541666667,9.84269380569458
45.7396875,9.84317064285278
45.7430208333333,9.84376668930054
45.7463541666667,9.84448194503784
45.7496875,9.84525680541992
45.7530208333333,9.84615087509155
45.7563541666667,9.84722375869751
45.7596875,9.84835624694824
45.7630208333333,9.8496675491333
45.7663541666667,9.85109806060791
45.7696875,9.85258817672729
45.7730208333333,9.85419750213623
45.7763541666667,9.85586643218994
45.7796875,9.8576545715332
45.7830208333333,9.85950231552124
45.7863541666667,9.86140966415405
45.7896875,9.86337661743164
45.7930208333333,9.865403175354
45.7963541666667,9.86754894256592
45.7996875,9.86969470977783
45.8030208333333,9.87190008163452
45.8063541666667,9.87410545349121
45.8096875,9.87625122070313
45.8130208333333,9.87833738327026
45.8163541666667,9.88024473190308
45.8196875,9.88203287124634
45.8230208333333,9.88364219665527
45.8263541666667,9.88507270812988
45.8296875,9.88632440567017
45.8330208333333,9.88739728927612
45.8363541666667,9.8884105682373
45.8396875,9.88936424255371
45.8430208333333,9.89025831222534
45.8463541666667,9.89115238189697
45.8496875,9.89198684692383
45.8530208333333,9.89282131195068
45.8563541666667,9.89359617233276
45.8596875,9.89431142807007
45.8630208333333,9.89490747451782
45.8663541666667,9.8954439163208
45.8696875,9.895920753479
45.8730208333333,9.89639759063721
45.8763541666667,9.89675521850586
45.8796875,9.89717245101929
45.8830208333333,9.89758968353271
45.8863541666667,9.89806652069092
45.8896875,9.8986029624939
45.8930208333333,9.89925861358643
45.8963541666667,9.90003347396851
45.8996875,9.90086793899536
45.9030208333333,9.90182161331177
45.9063541666667,9.90283489227295
45.9096875,9.90396738052368
45.9130208333333,9.90515947341919
45.9163541666667,9.90629196166992
45.9196875,9.90748405456543
45.9230208333333,9.90861654281616
45.9263541666667,9.90974903106689
45.9296875,9.9107027053833
45.9330208333333,9.91159677505493
45.9363541666667,9.91243124008179
45.9396875,9.91314649581909
45.9430208333333,9.91380214691162
45.9463541666667,9.91445779800415
45.9496875,9.9150538444519
45.9530208333333,9.91570949554443
45.9563541666667,9.91630554199219
45.9596875,9.91702079772949
45.9630208333333,9.91767644882202
45.9663541666667,9.9184513092041
45.9696875,9.91916656494141
45.9730208333333,9.91994142532349
45.9763541666667,9.92071628570557
45.9796875,9.92155075073242
45.9830208333333,9.92238521575928
45.9863541666667,9.92327928543091
45.9896875,9.92423295974731
45.9930208333333,9.9252462387085
45.9963541666667,9.92625951766968
45.9996875,9.92733240127563
46.0030208333333,9.92840528488159
46.0063541666667,9.92953777313232
46.0096875,9.93067026138306
46.0130208333333,9.93186235427856
46.0163541666667,9.93305444717407
46.0196875,9.93424654006958
46.0230208333333,9.93549823760986
46.0263541666667,9.93680953979492
46.0296875,9.93812084197998
46.0330208333333,9.93955135345459
46.0363541666667,9.9409818649292
46.0396875,9.94241237640381
46.0430208333333,9.94390249252319
46.0463541666667,9.9453330039978
46.0496875,9.94670391082764
46.0530208333333,9.94807481765747
46.0563541666667,9.94938611984253
46.0596875,9.95063781738281
46.0630208333333,9.9518895149231
46.0663541666667,9.9530816078186
46.0696875,9.95421409606934
46.0730208333333,9.95534658432007
46.0763541666667,9.9564790725708
46.0796875,9.95755195617676
46.0830208333333,9.95856523513794
46.0863541666667,9.95951890945435
46.0896875,9.9603533744812
46.0930208333333,9.96118783950806
46.0963541666667,9.96190309524536
46.0996875,9.96255874633789
46.1030208333333,9.96315479278564
46.1063541666667,9.9637508392334
46.1096875,9.96434688568115
46.1130208333333,9.96494293212891
46.1163541666667,9.96559858322144
46.1196875,9.96625423431396
46.1230208333333,9.96690988540649
46.1263541666667,9.96756553649902
46.1296875,9.96822118759155
46.1330208333333,9.96887683868408
46.1363541666667,9.96953248977661
46.1396875,9.97012853622437
46.1430208333333,9.97072458267212
46.1463541666667,9.9712610244751
46.1496875,9.97179746627808
46.1530208333333,9.97233390808105
46.1563541666667,9.97281074523926
46.1596875,9.97322797775269
46.1630208333333,9.97364521026611
46.1663541666667,9.97394323348999
46.1696875,9.97430086135864
46.1730208333333,9.97453927993774
46.1763541666667,9.97471809387207
46.1796875,9.9748969078064
46.1830208333333,9.97495651245117
46.1863541666667,9.9748969078064
46.1896875,9.97483730316162
46.1930208333333,9.97465848922729
46.1963541666667,9.97447967529297
46.1996875,9.97424125671387
46.2030208333333,9.97400283813477
46.2063541666667,9.97388362884521
46.2096875,9.97388362884521
46.2130208333333,9.97412204742432
46.2163541666667,9.97465848922729
46.2196875,9.97549295425415
46.2230208333333,9.97668504714966
46.2263541666667,9.97829437255859
46.2296875,9.98038053512573
46.2330208333333,9.9828839302063
46.2363541666667,9.98574495315552
46.2396875,9.98908281326294
46.2430208333333,9.99283790588379
46.2463541666667,9.99695062637329
46.2496875,10.0014209747314
46.2530208333333,10.0062489509583
46.2563541666667,10.0113153457642
46.2596875,10.0166201591492
46.2630208333333,10.0221633911133
46.2663541666667,10.0277662277222
46.2696875,10.0334286689758
46.2730208333333,10.0390911102295
46.2763541666667,10.0446343421936
46.2796875,10.0499987602234
46.2830208333333,10.0551843643188
46.2863541666667,10.0600123405457
46.2896875,10.0646018981934
46.2930208333333,10.0687742233276
46.2963541666667,10.0724697113037
46.2996875,10.0757479667664
46.3030208333333,10.0785493850708
46.3063541666667,10.080873966217
46.3096875,10.0826621055603
46.3130208333333,10.0839734077454
46.3163541666667,10.0846886634827
46.3196875,10.0849866867065
46.3230208333333,10.0848078727722
46.3263541666667,10.0841522216797
46.3296875,10.0830793380737
46.3330208333333,10.0816488265991
46.3363541666667,10.0798606872559
46.3396875,10.0777745246887
46.3430208333333,10.0754499435425
46.3463541666667,10.0728869438171
46.3496875,10.0702047348022
46.3530208333333,10.0674033164978
46.3563541666667,10.0646018981934
46.3596875,10.0618004798889
46.3630208333333,10.0591778755188
46.3663541666667,10.0566148757935
46.3696875,10.0542902946472
46.3730208333333,10.0521445274353
46.3763541666667,10.0501775741577
46.3796875,10.0484490394592
46.3830208333333,10.0468397140503
46.3863541666667,10.0453495979309
46.3896875,10.0439786911011
46.3930208333333,10.0427269935608
46.3963541666667,10.0414752960205
46.3996875,10.0403428077698
46.4030208333333,10.039210319519
46.4063541666667,10.0381374359131
46.4096875,10.0371241569519
46.4130208333333,10.0361704826355
46.4163541666667,10.0353360176086
46.4196875,10.0346207618713
46.4230208333333,10.0339651107788
46.4263541666667,10.0334882736206
46.4296875,10.0331902503967
46.4330208333333,10.0330114364624
46.4363541666667,10.0330114364624
46.4396875,10.0331902503967
46.4430208333333,10.0335478782654
46.4463541666667,10.0340247154236
46.4496875,10.0346803665161
46.4530208333333,10.035514831543
46.4563541666667,10.0365877151489
46.4596875,10.0378394126892
46.4630208333333,10.0392699241638
46.4663541666667,10.040819644928
46.4696875,10.0425481796265
46.4730208333333,10.0443959236145
46.4763541666667,10.0463628768921
46.4796875,10.0483894348145
46.4830208333333,10.0504159927368
46.4863541666667,10.0523829460144
46.4896875,10.054349899292
46.4930208333333,10.05619764328
46.4963541666667,10.0579857826233
46.4996875,10.059654712677
46.5030208333333,10.0612044334412
46.5063541666667,10.0626349449158
46.5096875,10.0639462471008
46.5130208333333,10.0651383399963
46.5163541666667,10.0662112236023
46.5196875,10.0671052932739
46.5230208333333,10.0679397583008
46.5263541666667,10.0685954093933
46.5296875,10.0690722465515
46.5330208333333,10.0694298744202
46.5363541666667,10.0695490837097
46.5396875,10.0694894790649
46.5430208333333,10.0692510604858
46.5463541666667,10.0688338279724
46.5496875,10.0681781768799
46.5530208333333,10.067343711853
46.5563541666667,10.0663900375366
46.5596875,10.0652575492859
46.5630208333333,10.0640654563904
46.5663541666667,10.0627541542053
46.5696875,10.0614428520203
46.5730208333333,10.0601315498352
46.5763541666667,10.0588202476501
46.5796875,10.0575685501099
46.5830208333333,10.0563764572144
46.5863541666667,10.0553035736084
46.5896875,10.0542902946472
46.5930208333333,10.0533366203308
46.5963541666667,10.0524425506592
46.5996875,10.0516080856323
46.6030208333333,10.0508332252502
46.6063541666667,10.0500583648682
46.6096875,10.0492835044861
46.6130208333333,10.048508644104
46.6163541666667,10.0477933883667
46.6196875,10.0470781326294
46.6230208333333,10.0463628768921
46.6263541666667,10.0457668304443
46.6296875,10.0452303886414
46.6330208333333,10.0447535514832
46.6363541666667,10.0443363189697
46.6396875,10.0439190864563
46.6430208333333,10.0435614585876
46.6463541666667,10.043203830719
46.6496875,10.0428462028503
46.6530208333333,10.0424289703369
46.6563541666667,10.0420117378235
46.6596875,10.0415349006653
46.6630208333333,10.0409984588623
46.6663541666667,10.0404024124146
46.6696875,10.039746761322
46.6730208333333,10.0390911102295
46.6763541666667,10.0383162498474
46.6796875,10.0375413894653
46.6830208333333,10.0367069244385
46.6863541666667,10.0358724594116
46.6896875,10.0350975990295
46.6930208333333,10.0343227386475
46.6963541666667,10.0336670875549
46.6996875,10.0330114364624
46.7030208333333,10.0325345993042
46.7063541666667,10.0321173667908
46.7096875,10.0317597389221
46.7130208333333,10.0315809249878
46.7163541666667,10.031521320343
46.7196875,10.0316405296326
46.7230208333333,10.0318789482117
46.7263541666667,10.0322365760803
46.7296875,10.0327730178833
46.7330208333333,10.0334286689758
46.7363541666667,10.0341439247131
46.7396875,10.03497838974
46.7430208333333,10.0358128547668
46.7463541666667,10.0367665290833
46.7496875,10.0376605987549
46.7530208333333,10.0385546684265
46.7563541666667,10.0395083427429
46.7596875,10.0405216217041
46.7630208333333,10.0415945053101
46.7663541666667,10.0427865982056
46.7696875,10.0440979003906
46.7730208333333,10.0454688072205
46.7763541666667,10.0469589233398
46.7796875,10.0486278533936
46.7830208333333,10.050356388092
46.7863541666667,10.0522041320801
46.7896875,10.0541114807129
46.7930208333333,10.0560784339905
46.7963541666667,10.0581049919128
46.7996875,10.0601315498352
46.8030208333333,10.0622177124023
46.8063541666667,10.0643038749695
46.8096875,10.0663900375366
46.8130208333333,10.0685358047485
46.8163541666667,10.0706219673157
46.8196875,10.0727081298828
46.8230208333333,10.0748538970947
46.8263541666667,10.0769996643066
46.8296875,10.0792050361633
46.8330208333333,10.0815296173096
46.8363541666667,10.0838541984558
46.8396875,10.0863575935364
46.8430208333333,10.0889801979065
46.8463541666667,10.0916624069214
46.8496875,10.0945234298706
46.8530208333333,10.0975036621094
46.8563541666667,10.1005434989929
46.8596875,10.1035833358765
46.8630208333333,10.1067423820496
46.8663541666667,10.1098418235779
46.8696875,10.1128816604614
46.8730208333333,10.1158022880554
46.8763541666667,10.1186633110046
46.8796875,10.1214051246643
46.8830208333333,10.1240873336792
46.8863541666667,10.1265907287598
46.8896875,10.1290941238403
46.8930208333333,10.1315379142761
46.8963541666667,10.1339221000671
46.8996875,10.1363062858582
46.9030208333333,10.1386904716492
46.9063541666667,10.1410746574402
46.9096875,10.1433992385864
46.9130208333333,10.1457238197327
46.9163541666667,10.1480484008789
46.9196875,10.1503133773804
46.9230208333333,10.1525187492371
46.9263541666667,10.1546049118042
46.9296875,10.1566910743713
46.9330208333333,10.1587176322937
46.9363541666667,10.1606249809265
46.9396875,10.1624131202698
46.9430208333333,10.1641416549683
46.9463541666667,10.165810585022
46.9496875,10.1674199104309
46.9530208333333,10.1689696311951
46.9563541666667,10.1705193519592
46.9596875,10.1720690727234
46.9630208333333,10.1736783981323
46.9663541666667,10.1754069328308
46.9696875,10.1771950721741
46.9730208333333,10.1791620254517
46.9763541666667,10.181188583374
46.9796875,10.1832747459412
46.9830208333333,10.1854801177979
46.9863541666667,10.1876258850098
46.9896875,10.1897716522217
46.9930208333333,10.1919174194336
46.9963541666667,10.1940035820007
46.9996875,10.1959705352783
47.0030208333333,10.1979374885559
47.0063541666667,10.1997852325439
47.0096875,10.201632976532
47.0130208333333,10.2033019065857
47.0163541666667,10.2049112319946
47.0196875,10.206401348114
47.0230208333333,10.2077126502991
47.0263541666667,10.208785533905
47.0296875,10.2096199989319
47.0330208333333,10.2101564407349
47.0363541666667,10.210394859314
47.0396875,10.2103352546692
47.0430208333333,10.2099776268005
47.0463541666667,10.2093815803528
47.0496875,10.2084875106812
47.0530208333333,10.2074146270752
47.0563541666667,10.2061629295349
47.0596875,10.2047324180603
47.0630208333333,10.2032423019409
47.0663541666667,10.201632976532
47.0696875,10.200023651123
47.0730208333333,10.1984143257141
47.0763541666667,10.1968050003052
47.0796875,10.1951956748962
47.0830208333333,10.1936459541321
47.0863541666667,10.1921558380127
47.0896875,10.1907253265381
47.0930208333333,10.1893544197083
47.0963541666667,10.188102722168
47.0996875,10.1869106292725
47.1030208333333,10.1858973503113
47.1063541666667,10.1849436759949
47.1096875,10.1841688156128
47.1130208333333,10.1834535598755
47.1163541666667,10.1829171180725
47.1196875,10.1823806762695
47.1230208333333,10.1819634437561
47.1263541666667,10.1815462112427
47.1296875,10.181188583374
47.1330208333333,10.1807713508606
47.1363541666667,10.1803541183472
47.1396875,10.179877281189
47.1430208333333,10.179340839386
47.1463541666667,10.178804397583
47.1496875,10.1783275604248
47.1530208333333,10.1778507232666
47.1563541666667,10.1773738861084
47.1596875,10.1770162582397
47.1630208333333,10.1766586303711
47.1663541666667,10.176420211792
47.1696875,10.1761817932129
47.1730208333333,10.1760029792786
47.1763541666667,10.1759433746338
47.1796875,10.175883769989
47.1830208333333,10.1758241653442
47.1863541666667,10.175883769989
47.1896875,10.1760029792786
47.1930208333333,10.1761221885681
47.1963541666667,10.1763606071472
47.1996875,10.1766586303711
47.2030208333333,10.1770758628845
47.2063541666667,10.1776123046875
47.2096875,10.1782083511353
47.2130208333333,10.1789236068726
47.2163541666667,10.1796984672546
47.2196875,10.180652141571
47.2230208333333,10.1816654205322
47.2263541666667,10.1827383041382
47.2296875,10.1839900016785
47.2330208333333,10.1852416992188
47.2363541666667,10.1866126060486
47.2396875,10.1879835128784
47.2430208333333,10.1893544197083
47.2463541666667,10.1906657218933
47.2496875,10.1919174194336
47.2530208333333,10.1931095123291
47.2563541666667,10.1942420005798
47.2596875,10.1953148841858
47.2630208333333,10.1962089538574
47.2663541666667,10.1970434188843
47.2696875,10.1978182792664
47.2730208333333,10.1985335350037
47.2763541666667,10.1991295814514
47.2796875,10.1997256278992
47.2830208333333,10.2002620697021
47.2863541666667,10.2006793022156
47.2896875,10.201096534729
47.2930208333333,10.2015137672424
47.2963541666667,10.2018713951111
47.2996875,10.2022290229797
47.3030208333333,10.2025866508484
47.3063541666667,10.202944278717
47.3096875,10.2033019065857
47.3130208333333,10.2036595344543
47.3163541666667,10.204017162323
47.3196875,10.2044343948364
47.3230208333333,10.2048516273499
47.3263541666667,10.2053880691528
47.3296875,10.2059245109558
47.3330208333333,10.2065801620483
47.3363541666667,10.2073550224304
47.3396875,10.2082490921021
47.3430208333333,10.2092027664185
47.3463541666667,10.2103352546692
47.3496875,10.2115273475647
47.3530208333333,10.2129578590393
47.3563541666667,10.2143883705139
47.3596875,10.2159380912781
47.3630208333333,10.217547416687
47.3663541666667,10.2191567420959
47.3696875,10.2208256721497
47.3730208333333,10.2223753929138
47.3763541666667,10.223925113678
47.3796875,10.2254152297974
47.3830208333333,10.2267861366272
47.3863541666667,10.2280378341675
47.3896875,10.2292895317078
47.3930208333333,10.2304220199585
47.3963541666667,10.2314949035645
47.3996875,10.2325677871704
47.4030208333333,10.2336406707764
47.4063541666667,10.2346539497375
47.4096875,10.2357268333435
47.4130208333333,10.2367997169495
47.4163541666667,10.2379322052002
47.4196875,10.2390050888062
47.4230208333333,10.2401375770569
47.4263541666667,10.2411508560181
47.4296875,10.2421045303345
47.4330208333333,10.2429389953613
47.4363541666667,10.2435350418091
47.4396875,10.2439522743225
47.4430208333333,10.2441310882568
47.4463541666667,10.2440714836121
47.4496875,10.2437734603882
47.4530208333333,10.24329662323
47.4563541666667,10.2425813674927
47.4596875,10.2417469024658
47.4630208333333,10.2408528327942
47.4663541666667,10.2398991584778
47.4696875,10.2388858795166
47.4730208333333,10.2379322052002
47.4763541666667,10.2370381355286
47.4796875,10.2360844612122
47.4830208333333,10.2351903915405
47.4863541666667,10.2343559265137
47.4896875,10.233461856842
47.4930208333333,10.2325677871704
47.4963541666667,10.231614112854
47.4996875,10.2306604385376
47.5030208333333,10.2295875549316
47.5063541666667,10.2285146713257
47.5096875,10.227382183075
47.5130208333333,10.2262496948242
47.5163541666667,10.2251172065735
47.5196875,10.2239847183228
47.5230208333333,10.2227926254272
47.5263541666667,10.2217197418213
47.5296875,10.2206468582153
47.5330208333333,10.2196335792542
47.5363541666667,10.2187991142273
47.5396875,10.2180242538452
47.5430208333333,10.2173686027527
47.5463541666667,10.2168321609497
47.5496875,10.2164149284363
47.5530208333333,10.2161765098572
47.5563541666667,10.2159380912781
47.5596875,10.2158188819885
47.5630208333333,10.2156400680542
47.5663541666667,10.2155208587646
47.5696875,10.2154016494751
47.5730208333333,10.2152228355408
47.5763541666667,10.2151036262512
47.5796875,10.2149844169617
47.5830208333333,10.2149248123169
47.5863541666667,10.2148652076721
47.5896875,10.2148652076721
47.5930208333333,10.2149844169617
47.5963541666667,10.2151036262512
47.5996875,10.2152824401855
47.6030208333333,10.2154612541199
47.6063541666667,10.2156400680542
47.6096875,10.2157592773438
47.6130208333333,10.2158188819885
47.6163541666667,10.2158784866333
47.6196875,10.2158784866333
47.6230208333333,10.2159380912781
47.6263541666667,10.2159380912781
47.6296875,10.2160573005676
47.6330208333333,10.216236114502
47.6363541666667,10.2165937423706
47.6396875,10.2170705795288
47.6430208333333,10.2176666259766
47.6463541666667,10.2185010910034
47.6496875,10.2195143699646
47.6530208333333,10.2206468582153
47.6563541666667,10.2220177650452
47.6596875,10.2236270904541
47.6630208333333,10.2254152297974
47.6663541666667,10.227382183075
47.6696875,10.2295875549316
47.6730208333333,10.2319717407227
47.6763541666667,10.2344751358032
47.6796875,10.2370977401733
47.6830208333333,10.239839553833
47.6863541666667,10.2425813674927
47.6896875,10.2453827857971
47.6930208333333,10.248064994812
47.6963541666667,10.2507472038269
47.6996875,10.2533102035522
47.7030208333333,10.255753993988
47.7063541666667,10.2581381797791
47.7096875,10.2603435516357
47.7130208333333,10.2624297142029
47.7163541666667,10.2643370628357
47.7196875,10.266125202179
47.7230208333333,10.2677345275879
47.7263541666667,10.2691650390625
47.7296875,10.2704167366028
47.7330208333333,10.271430015564
47.7363541666667,10.2723240852356
47.7396875,10.2729797363281
47.7430208333333,10.2735161781311
47.7463541666667,10.2738738059998
47.7496875,10.2741718292236
47.7530208333333,10.2742910385132
47.7563541666667,10.274350643158
47.7596875,10.2744102478027
47.7630208333333,10.2744698524475
47.7663541666667,10.2744698524475
47.7696875,10.2745890617371
47.7730208333333,10.2747082710266
47.7763541666667,10.2748870849609
47.7796875,10.2751851081848
47.7830208333333,10.2754235267639
47.7863541666667,10.2757811546326
47.7896875,10.2761387825012
47.7930208333333,10.2764368057251
47.7963541666667,10.276734828949
47.7996875,10.2770328521729
47.8030208333333,10.2772116661072
47.8063541666667,10.277271270752
47.8096875,10.2772116661072
47.8130208333333,10.2770328521729
47.8163541666667,10.276734828949
47.8196875,10.2762579917908
47.8230208333333,10.2756023406982
47.8263541666667,10.2748870849609
47.8296875,10.2739930152893
47.8330208333333,10.2729797363281
47.8363541666667,10.2719068527222
47.8396875,10.2707147598267
47.8430208333333,10.2694630622864
47.8463541666667,10.2680921554565
47.8496875,10.2666020393372
47.8530208333333,10.265052318573
47.8563541666667,10.2634429931641
47.8596875,10.2617740631104
47.8630208333333,10.2601051330566
47.8663541666667,10.2584958076477
47.8696875,10.256826877594
47.8730208333333,10.2552771568298
47.8763541666667,10.2537870407104
47.8796875,10.2523565292358
47.8830208333333,10.250985622406
47.8863541666667,10.2497339248657
47.8896875,10.2484822273254
47.8930208333333,10.2473497390747
47.8963541666667,10.2463364601135
47.8996875,10.2455019950867
47.9030208333333,10.2448463439941
47.9063541666667,10.2444291114807
47.9096875,10.2443099021912
47.9130208333333,10.2444887161255
47.9163541666667,10.2449655532837
47.9196875,10.2457404136658
47.9230208333333,10.2466940879822
47.9263541666667,10.2478265762329
47.9296875,10.249137878418
47.9330208333333,10.2505683898926
47.9363541666667,10.2521181106567
47.9396875,10.2537870407104
47.9430208333333,10.2556347846985
47.9463541666667,10.2575421333313
47.9496875,10.2596282958984
47.9530208333333,10.2619528770447
47.9563541666667,10.2643370628357
47.9596875,10.266900062561
47.9630208333333,10.2695822715759
47.9663541666667,10.2723240852356
47.9696875,10.2750658988953
47.9730208333333,10.2777481079102
47.9763541666667,10.2803707122803
47.9796875,10.2829337120056
47.9830208333333,10.2854371070862
47.9863541666667,10.2878212928772
47.9896875,10.2902054786682
47.9930208333333,10.2925896644592
47.9963541666667,10.2949738502502
47.9996875,10.2972984313965
48.0030208333333,10.2996230125427
48.0063541666667,10.3018879890442
48.0096875,10.3042125701904
48.0130208333333,10.3064179420471
48.0163541666667,10.3086233139038
48.0196875,10.3107690811157
48.0230208333333,10.3127956390381
48.0263541666667,10.3147625923157
48.0296875,10.3167295455933
48.0330208333333,10.3185772895813
48.0363541666667,10.3204250335693
48.0396875,10.3222131729126
48.0430208333333,10.3239417076111
48.0463541666667,10.32555103302
48.0496875,10.327160358429
48.0530208333333,10.3287100791931
48.0563541666667,10.3302597999573
48.0596875,10.3317499160767
48.0630208333333,10.3331804275513
48.0663541666667,10.3345513343811
48.0696875,10.3359222412109
48.0730208333333,10.3371143341064
48.0763541666667,10.338306427002
48.0796875,10.3393197059631
48.0830208333333,10.34015417099
48.0863541666667,10.3408098220825
48.0896875,10.3412270545959
48.0930208333333,10.3414058685303
48.0963541666667,10.3414058685303
48.0996875,10.3412866592407
48.1030208333333,10.3409886360168
48.1063541666667,10.3405714035034
48.1096875,10.3400945663452
48.1130208333333,10.3394985198975
48.1163541666667,10.3389620780945
48.1196875,10.3383660316467
48.1230208333333,10.337769985199
48.1263541666667,10.337233543396
48.1296875,10.3366374969482
48.1330208333333,10.3361010551453
48.1363541666667,10.3356242179871
48.1396875,10.3351473808289
48.1430208333333,10.3347897529602
48.1463541666667,10.3344917297363
48.1496875,10.3342533111572
48.1530208333333,10.3341341018677
48.1563541666667,10.3340744972229
48.1596875,10.3341341018677
48.1630208333333,10.334312915802
48.1663541666667,10.3346109390259
48.1696875,10.3349685668945
48.1730208333333,10.3355050086975
48.1763541666667,10.3361010551453
48.1796875,10.3368163108826
48.1830208333333,10.3376507759094
48.1863541666667,10.3385448455811
48.1896875,10.3394985198975
48.1930208333333,10.3405714035034
48.1963541666667,10.3417038917542
48.1996875,10.3428363800049
48.2030208333333,10.3440284729004
48.2063541666667,10.3452205657959
48.2096875,10.346531867981
48.2130208333333,10.347843170166
48.2163541666667,10.3492736816406
48.2196875,10.3507041931152
48.2230208333333,10.3521943092346
48.2263541666667,10.3538036346436
48.2296875,10.3554129600525
48.2330208333333,10.3570222854614
48.2363541666667,10.3586912155151
48.2396875,10.3603601455688
48.2430208333333,10.3620290756226
48.2463541666667,10.3636980056763
48.2496875,10.3653073310852
48.2530208333333,10.3669166564941
48.2563541666667,10.3684663772583
48.2596875,10.3699564933777
48.2630208333333,10.3714466094971
48.2663541666667,10.3728771209717
48.2696875,10.3743076324463
48.2730208333333,10.3757381439209
48.2763541666667,10.3771090507507
48.2796875,10.3784203529358
48.2830208333333,10.3797316551208
48.2863541666667,10.3809833526611
48.2896875,10.3821754455566
48.2930208333333,10.3833079338074
48.2963541666667,10.3843212127686
48.2996875,10.3852152824402
48.3030208333333,10.386049747467
48.3063541666667,10.3867650032043
48.3096875,10.3874206542969
48.3130208333333,10.3880763053894
48.3163541666667,10.3886127471924
48.3196875,10.3892087936401
48.3230208333333,10.3898644447327
48.3263541666667,10.3905200958252
48.3296875,10.3912353515625
48.3330208333333,10.3920102119446
48.3363541666667,10.3928446769714
48.3396875,10.3937387466431
48.3430208333333,10.3946328163147
48.3463541666667,10.3954672813416
48.3496875,10.3963017463684
48.3530208333333,10.3970170021057
48.3563541666667,10.397732257843
48.3596875,10.3983283042908
48.3630208333333,10.3988647460938
48.3663541666667,10.3992819786072
48.3696875,10.3995203971863
48.3730208333333,10.3996992111206
48.3763541666667,10.3996992111206
48.3796875,10.3996396064758
48.3830208333333,10.3994607925415
48.3863541666667,10.3991031646729
48.3896875,10.3986859321594
48.3930208333333,10.3982090950012
48.3963541666667,10.3975534439087
48.3996875,10.3968977928162
48.4030208333333,10.3961229324341
48.4063541666667,10.3952884674072
48.4096875,10.3943347930908
48.4130208333333,10.3932619094849
48.4163541666667,10.3920698165894
48.4196875,10.3906989097595
48.4230208333333,10.3892087936401
48.4263541666667,10.3875398635864
48.4296875,10.3856921195984
48.4330208333333,10.3837847709656
48.4363541666667,10.3816986083984
48.4396875,10.3796124458313
48.4430208333333,10.3775262832642
48.4463541666667,10.375440120697
48.4496875,10.3734135627747
48.4530208333333,10.3715062141418
48.4563541666667,10.3696584701538
48.4596875,10.3679895401001
48.4630208333333,10.3664398193359
48.4663541666667,10.3650093078613
48.4696875,10.363757610321
48.4730208333333,10.3626847267151
48.4763541666667,10.3617906570435
48.4796875,10.3610157966614
48.4830208333333,10.3603601455688
48.4863541666667,10.3598833084106
48.4896875,10.359525680542
48.4930208333333,10.3592872619629
48.4963541666667,10.3591680526733
48.4996875,10.3591680526733
48.5030208333333,10.3591680526733
48.5063541666667,10.3592276573181
48.5096875,10.3593468666077
48.5130208333333,10.359525680542
48.5163541666667,10.3597640991211
48.5196875,10.360062122345
48.5230208333333,10.3604197502136
48.5263541666667,10.3609561920166
48.5296875,10.3616118431091
48.5330208333333,10.3623867034912
48.5363541666667,10.3633403778076
48.5396875,10.3644132614136
48.5430208333333,10.3656649589539
48.5463541666667,10.3670358657837
48.5496875,10.3684663772583
48.5530208333333,10.3700757026672
48.5563541666667,10.3717446327209
48.5596875,10.3734731674194
48.5630208333333,10.3752613067627
48.5663541666667,10.3771090507507
48.5696875,10.3790163993835
48.5730208333333,10.3809237480164
48.5763541666667,10.3828310966492
48.5796875,10.384738445282
48.5830208333333,10.3866457939148
48.5863541666667,10.3884935379028
48.5896875,10.3903412818909
48.5930208333333,10.3921294212341
48.5963541666667,10.3939175605774
48.5996875,10.3957056999207
48.6030208333333,10.3975534439087
48.6063541666667,10.3994011878967
48.6096875,10.4013085365295
48.6130208333333,10.4032754898071
48.6163541666667,10.4051828384399
48.6196875,10.4071497917175
48.6230208333333,10.4090571403503
48.6263541666667,10.4107856750488
48.6296875,10.4124546051025
48.6330208333333,10.4138851165771
48.6363541666667,10.4151964187622
48.6396875,10.4162693023682
48.6430208333333,10.417103767395
48.6463541666667,10.4178190231323
48.6496875,10.4184150695801
48.6530208333333,10.4188919067383
48.6563541666667,10.4193091392517
48.6596875,10.4197263717651
48.6630208333333,10.4201436042786
48.6663541666667,10.420560836792
48.6696875,10.4209780693054
48.6730208333333,10.4213356971741
48.6763541666667,10.4216933250427
48.6796875,10.4219913482666
48.6830208333333,10.4221701622009
48.6863541666667,10.4223489761353
48.6896875,10.4224681854248
48.6930208333333,10.4224681854248
48.6963541666667,10.4225277900696
48.6996875,10.4225873947144
48.7030208333333,10.4227066040039
48.7063541666667,10.4228258132935
48.7096875,10.4230642318726
48.7130208333333,10.4233026504517
48.7163541666667,10.4237198829651
48.7196875,10.4241371154785
48.7230208333333,10.4247331619263
48.7263541666667,10.4253888130188
48.7296875,10.4262232780457
48.7330208333333,10.4271173477173
48.7363541666667,10.428249835968
48.7396875,10.4295015335083
48.7430208333333,10.4309320449829
48.7463541666667,10.4326009750366
48.7496875,10.4343295097351
48.7530208333333,10.4362964630127
48.7563541666667,10.4383230209351
48.7596875,10.4405283927917
48.7630208333333,10.4427933692932
48.7663541666667,10.4451179504395
48.7696875,10.4474425315857
48.7730208333333,10.4498267173767
48.7763541666667,10.4522705078125
48.7796875,10.4546546936035
48.7830208333333,10.4570388793945
48.7863541666667,10.4593634605408
48.7896875,10.4616284370422
48.7930208333333,10.4638338088989
48.7963541666667,10.4659199714661
48.7996875,10.4678869247437
48.8030208333333,10.4697346687317
48.8063541666667,10.4714632034302
48.8096875,10.4730129241943
48.8130208333333,10.4744434356689
48.8163541666667,10.4755759239197
48.8196875,10.4765295982361
48.8230208333333,10.4772448539734
48.8263541666667,10.4776620864868
48.8296875,10.4777812957764
48.8330208333333,10.4775428771973
48.8363541666667,10.4770660400391
48.8396875,10.4763507843018
48.8430208333333,10.4753375053406
48.8463541666667,10.4741454124451
48.8496875,10.47283411026
48.8530208333333,10.4714632034302
48.8563541666667,10.4699730873108
48.8596875,10.4684829711914
48.8630208333333,10.4669332504272
48.8663541666667,10.4655027389526
48.8696875,10.4640126228333
48.8730208333333,10.4625821113586
48.8763541666667,10.4612112045288
48.8796875,10.459840297699
48.8830208333333,10.4585886001587
48.8863541666667,10.4573369026184
48.8896875,10.4562044143677
48.8930208333333,10.4551911354065
48.8963541666667,10.4542374610901
48.8996875,10.4534029960632
48.9030208333333,10.4526877403259
48.9063541666667,10.4520916938782
48.9096875,10.4515552520752
48.9130208333333,10.4511380195618
48.9163541666667,10.4507803916931
48.9196875,10.4504823684692
48.9230208333333,10.4502439498901
48.9263541666667,10.4500651359558
48.9296875,10.450005531311
48.9330208333333,10.4499459266663
48.9363541666667,10.450005531311
48.9396875,10.4500651359558
48.9430208333333,10.4501247406006
48.9463541666667,10.4503035545349
48.9496875,10.4504227638245
48.9530208333333,10.4506015777588
48.9563541666667,10.4507803916931
48.9596875,10.4508996009827
48.9630208333333,10.451078414917
48.9663541666667,10.4511976242065
48.9696875,10.4513168334961
48.9730208333333,10.4514360427856
48.9763541666667,10.4515552520752
48.9796875,10.4516744613647
48.9830208333333,10.4518532752991
48.9863541666667,10.4520320892334
48.9896875,10.4522109031677
48.9930208333333,10.4525089263916
48.9963541666667,10.452926158905
48.9996875,10.4534029960632
49.0030208333333,10.453999042511
49.0063541666667,10.4547142982483
49.0096875,10.4556083679199
49.0130208333333,10.4566216468811
49.0163541666667,10.4578137397766
49.0196875,10.4591846466064
49.0230208333333,10.4606151580811
49.0263541666667,10.46222448349
49.0296875,10.4638934135437
49.0330208333333,10.465681552887
49.0363541666667,10.4674696922302
49.0396875,10.4693174362183
49.0430208333333,10.4711651802063
49.0463541666667,10.4729533195496
49.0496875,10.4746222496033
49.0530208333333,10.476291179657
49.0563541666667,10.4777812957764
49.0596875,10.4792714118958
49.0630208333333,10.4807019233704
49.0663541666667,10.482132434845
49.0696875,10.4835033416748
49.0730208333333,10.4849338531494
49.0763541666667,10.4864835739136
49.0796875,10.4880332946777
49.0830208333333,10.4897022247314
49.0863541666667,10.4914307594299
49.0896875,10.4932188987732
49.0930208333333,10.4950666427612
49.0963541666667,10.496973991394
49.0996875,10.4988813400269
49.1030208333333,10.5008482933044
49.1063541666667,10.502815246582
49.1096875,10.5047225952148
49.1130208333333,10.5066895484924
49.1163541666667,10.5085968971252
49.1196875,10.5104446411133
49.1230208333333,10.5123519897461
49.1263541666667,10.5141997337341
49.1296875,10.5160474777222
49.1330208333333,10.5178952217102
49.1363541666667,10.5197429656982
49.1396875,10.5216503143311
49.1430208333333,10.5234980583191
49.1463541666667,10.5254054069519
49.1496875,10.5273127555847
49.1530208333333,10.5292201042175
49.1563541666667,10.5311274528503
49.1596875,10.5330348014832
49.1630208333333,10.534942150116
49.1663541666667,10.5368494987488
49.1696875,10.5386972427368
49.1730208333333,10.5404853820801
49.1763541666667,10.5422735214233
49.1796875,10.5439424514771
49.1830208333333,10.545551776886
49.1863541666667,10.5470418930054
49.1896875,10.5484127998352
49.1930208333333,10.5496644973755
49.1963541666667,10.5507969856262
49.1996875,10.5517506599426
49.2030208333333,10.5525851249695
49.2063541666667,10.5533003807068
49.2096875,10.5538368225098
49.2130208333333,10.5542540550232
49.2163541666667,10.5545520782471
49.2196875,10.5547904968262
49.2230208333333,10.5549693107605
49.2263541666667,10.5550289154053
49.2296875,10.55508852005
49.2330208333333,10.5551481246948
49.2363541666667,10.55508852005
49.2396875,10.5550289154053
49.2430208333333,10.5548501014709
49.2463541666667,10.5546712875366
49.2496875,10.5543732643127
49.2530208333333,10.5539560317993
49.2563541666667,10.5535387992859
49.2596875,10.5530023574829
49.2630208333333,10.5525255203247
49.2663541666667,10.5520486831665
49.2696875,10.5515718460083
49.2730208333333,10.5511546134949
49.2763541666667,10.550856590271
49.2796875,10.5506181716919
49.2830208333333,10.5504989624023
49.2863541666667,10.5504989624023
49.2896875,10.5506181716919
49.2930208333333,10.5507969856262
49.2963541666667,10.5510950088501
49.2996875,10.5515718460083
49.3030208333333,10.5521082878113
49.3063541666667,10.5527639389038
49.3096875,10.5535387992859
49.3130208333333,10.5544328689575
49.3163541666667,10.5553269386292
49.3196875,10.5563402175903
49.3230208333333,10.5574131011963
49.3263541666667,10.5584859848022
49.3296875,10.559618473053
49.3330208333333,10.5607509613037
49.3363541666667,10.5619430541992
49.3396875,10.5631351470947
49.3430208333333,10.564386844635
49.3463541666667,10.5656981468201
49.3496875,10.5670094490051
49.3530208333333,10.568380355835
49.3563541666667,10.5697512626648
49.3596875,10.5711221694946
49.3630208333333,10.5725526809692
49.3663541666667,10.5739831924438
49.3696875,10.5753540992737
49.3730208333333,10.5767250061035
49.3763541666667,10.5780959129333
49.3796875,10.5794072151184
49.3830208333333,10.5805993080139
49.3863541666667,10.5817317962646
49.3896875,10.5828046798706
49.3930208333333,10.583758354187
49.3963541666667,10.5845928192139
49.3996875,10.5854272842407
49.4030208333333,10.586142539978
49.4063541666667,10.5869174003601
49.4096875,10.5876326560974
49.4130208333333,10.5884671211243
49.4163541666667,10.5893015861511
49.4196875,10.5902552604675
49.4230208333333,10.5913281440735
49.4263541666667,10.5924606323242
49.4296875,10.5937719345093
49.4330208333333,10.5952024459839
49.4363541666667,10.596752166748
49.4396875,10.598361492157
49.4430208333333,10.5999708175659
49.4463541666667,10.6016397476196
49.4496875,10.6032490730286
49.4530208333333,10.6048583984375
49.4563541666667,10.6063485145569
49.4596875,10.6076598167419
49.4630208333333,10.6089115142822
49.4663541666667,10.610044002533
49.4696875,10.6110572814941
49.4730208333333,10.6119513511658
49.4763541666667,10.6128454208374
49.4796875,10.613739490509
49.4830208333333,10.6145739555359
49.4863541666667,10.6154084205627
49.4896875,10.6162428855896
49.4930208333333,10.6171369552612
49.4963541666667,10.6179714202881
49.4996875,10.6188058853149
49.5030208333333,10.619580745697
49.5063541666667,10.6203556060791
49.5096875,10.6210708618164
49.5130208333333,10.6217265129089
49.5163541666667,10.6223821640015
49.5196875,10.6229782104492
49.5230208333333,10.6235146522522
49.5263541666667,10.6239914894104
49.5296875,10.6244087219238
49.5330208333333,10.6247663497925
49.5363541666667,10.6250643730164
49.5396875,10.6253027915955
49.5430208333333,10.625422000885
49.5463541666667,10.6254816055298
49.5496875,10.625422000885
49.5530208333333,10.6252431869507
49.5563541666667,10.6249451637268
49.5596875,10.6245875358582
49.5630208333333,10.6241106987
49.5663541666667,10.6236934661865
49.5696875,10.6232166290283
49.5730208333333,10.6227397918701
49.5763541666667,10.6223821640015
49.5796875,10.6220841407776
49.5830208333333,10.621964931488
49.5863541666667,10.6219053268433
49.5896875,10.621964931488
49.5930208333333,10.6220245361328
49.5963541666667,10.6221437454224
49.5996875,10.6222033500671
49.6030208333333,10.6222629547119
49.6063541666667,10.6222033500671
49.6096875,10.6220841407776
49.6130208333333,10.6218457221985
49.6163541666667,10.6215476989746
49.6196875,10.6212496757507
49.6230208333333,10.6209516525269
49.6263541666667,10.620653629303
49.6296875,10.6203556060791
49.6330208333333,10.6201171875
49.6363541666667,10.6198787689209
49.6396875,10.619580745697
49.6430208333333,10.6192827224731
49.6463541666667,10.6189846992493
49.6496875,10.6186270713806
49.6530208333333,10.6182098388672
49.6563541666667,10.6177926063538
49.6596875,10.6173753738403
49.6630208333333,10.6170177459717
49.6663541666667,10.6166005134583
49.6696875,10.6163024902344
49.6730208333333,10.6160044670105
49.6763541666667,10.6157064437866
49.6796875,10.6154680252075
49.6830208333333,10.6151103973389
49.6863541666667,10.6146931648254
49.6896875,10.6142163276672
49.6930208333333,10.6135606765747
49.6963541666667,10.6127858161926
49.6996875,10.611891746521
49.7030208333333,10.6108784675598
49.7063541666667,10.6097459793091
49.7096875,10.6086730957031
49.7130208333333,10.6075406074524
49.7163541666667,10.6064677238464
49.7196875,10.60551404953
49.7230208333333,10.6047391891479
49.7263541666667,10.6040239334106
49.7296875,10.6035470962524
49.7330208333333,10.6031894683838
49.7363541666667,10.6029510498047
49.7396875,10.6028318405151
49.7430208333333,10.6028318405151
49.7463541666667,10.6028914451599
49.7496875,10.6030702590942
49.7530208333333,10.6032490730286
49.7563541666667,10.6034278869629
49.7596875,10.603666305542
49.7630208333333,10.6039643287659
49.7663541666667,10.6043219566345
49.7696875,10.6047391891479
49.7730208333333,10.6052160263062
49.7763541666667,10.6058716773987
49.7796875,10.606586933136
49.7830208333333,10.6074810028076
49.7863541666667,10.608434677124
49.7896875,10.60950756073
49.7930208333333,10.6106400489807
49.7963541666667,10.611891746521
49.7996875,10.6131434440613
49.8030208333333,10.6145143508911
49.8063541666667,10.6160044670105
49.8096875,10.6174945831299
49.8130208333333,10.6191635131836
49.8163541666667,10.6208324432373
49.8196875,10.6226801872253
49.8230208333333,10.6245279312134
49.8263541666667,10.6263756752014
49.8296875,10.6282234191895
49.8330208333333,10.6300711631775
49.8363541666667,10.6318593025208
49.8396875,10.633647441864
49.8430208333333,10.6353759765625
49.8463541666667,10.637104511261
49.8496875,10.6388330459595
49.8530208333333,10.6406211853027
49.8563541666667,10.6423497200012
49.8596875,10.6441974639893
49.8630208333333,10.6459856033325
49.8663541666667,10.6478929519653
49.8696875,10.6497406959534
49.8730208333333,10.6515884399414
49.8763541666667,10.6534957885742
49.8796875,10.6553435325623
49.8830208333333,10.6572508811951
49.8863541666667,10.6590986251831
49.8896875,10.6609463691711
49.8930208333333,10.6627941131592
49.8963541666667,10.6645822525024
49.8996875,10.6663107872009
49.9030208333333,10.6679201126099
49.9063541666667,10.669469833374
49.9096875,10.6709599494934
49.9130208333333,10.6722712516785
49.9163541666667,10.673463344574
49.9196875,10.6745958328247
49.9230208333333,10.6756687164307
49.9263541666667,10.6766819953918
49.9296875,10.6776356697083
49.9330208333333,10.6785893440247
49.9363541666667,10.6796026229858
49.9396875,10.680615901947
49.9430208333333,10.6816291809082
49.9463541666667,10.6827616691589
49.9496875,10.6839537620544
49.9530208333333,10.6852054595947
49.9563541666667,10.686457157135
49.9596875,10.6877684593201
49.9630208333333,10.6891989707947
49.9663541666667,10.6906294822693
49.9696875,10.6920599937439
49.9730208333333,10.6935501098633
49.9763541666667,10.6949806213379
49.9796875,10.6964111328125
49.9830208333333,10.6977820396423
49.9863541666667,10.6990933418274
49.9896875,10.7002854347229
49.9930208333333,10.7013583183289
49.9963541666667,10.7023119926453
49.9996875,10.7030868530273
50.0030208333333,10.7037425041199
50.0063541666667,10.7042789459229
50.0096875,10.7046365737915
50.0130208333333,10.7048749923706
50.0163541666667,10.7049942016602
50.0196875,10.7050538063049
50.0230208333333,10.7050538063049
50.0263541666667,10.7049942016602
50.0296875,10.7049345970154
50.0330208333333,10.7048749923706
50.0363541666667,10.7048153877258
50.0396875,10.7046961784363
50.0430208333333,10.7046365737915
50.0463541666667,10.704517364502
50.0496875,10.7043385505676
50.0530208333333,10.7041597366333
50.0563541666667,10.7038021087646
50.0596875,10.7033848762512
50.0630208333333,10.7027888298035
50.0663541666667,10.7021331787109
50.0696875,10.7014179229736
50.0730208333333,10.700523853302
50.0763541666667,10.6996297836304
50.0796875,10.698676109314
50.0830208333333,10.6976628303528
50.0863541666667,10.6967091560364
50.0896875,10.6956958770752
50.0930208333333,10.6948018074036
50.0963541666667,10.6939077377319
50.0996875,10.6930732727051
50.1030208333333,10.692298412323
50.1063541666667,10.6915831565857
50.1096875,10.6909275054932
50.1130208333333,10.6903910636902
50.1163541666667,10.689914226532
50.1196875,10.6895565986633
50.1230208333333,10.6893181800842
50.1263541666667,10.6891989707947
50.1296875,10.6890797615051
50.1330208333333,10.6891393661499
50.1363541666667,10.6891989707947
50.1396875,10.689377784729
50.1430208333333,10.6896162033081
50.1463541666667,10.6898546218872
50.1496875,10.6902122497559
50.1530208333333,10.6906294822693
50.1563541666667,10.6911063194275
50.1596875,10.6916427612305
50.1630208333333,10.6922388076782
50.1663541666667,10.6928944587708
50.1696875,10.6936097145081
50.1730208333333,10.6942653656006
50.1763541666667,10.6949806213379
50.1796875,10.6956362724304
50.1830208333333,10.6963515281677
50.1863541666667,10.6971263885498
50.1896875,10.6979012489319
50.1930208333333,10.6987357139587
50.1963541666667,10.6996297836304
50.1996875,10.700523853302
50.2030208333333,10.7014775276184
50.2063541666667,10.70237159729
50.2096875,10.7032656669617
50.2130208333333,10.7041001319885
50.2163541666667,10.7048749923706
50.2196875,10.7055306434631
50.2230208333333,10.7060670852661
50.2263541666667,10.7065439224243
50.2296875,10.7069611549377
50.2330208333333,10.7073187828064
50.2363541666667,10.7077360153198
50.2396875,10.7080936431885
50.2430208333333,10.7085108757019
50.2463541666667,10.7089281082153
50.2496875,10.7094049453735
50.2530208333333,10.7098817825317
50.2563541666667,10.7104182243347
50.2596875,10.7109546661377
50.2630208333333,10.7115507125854
50.2663541666667,10.7120871543884
50.2696875,10.7126235961914
50.2730208333333,10.7131600379944
50.2763541666667,10.7136368751526
50.2796875,10.7141733169556
50.2830208333333,10.714590549469
50.2863541666667,10.7150077819824
50.2896875,10.7153654098511
50.2930208333333,10.715663433075
50.2963541666667,10.7160210609436
50.2996875,10.7163190841675
50.3030208333333,10.7166767120361
50.3063541666667,10.7170939445496
50.3096875,10.7175707817078
50.3130208333333,10.7181072235107
50.3163541666667,10.7187628746033
50.3196875,10.7194781303406
50.3230208333333,10.7203722000122
50.3263541666667,10.7213854789734
50.3296875,10.7224583625793
50.3330208333333,10.7237100601196
50.3363541666667,10.7250809669495
50.3396875,10.7266306877136
50.3430208333333,10.7282996177673
50.3463541666667,10.7301473617554
50.3496875,10.7321739196777
50.3530208333333,10.7342600822449
50.3563541666667,10.7364654541016
50.3596875,10.7387900352478
50.3630208333333,10.741114616394
50.3663541666667,10.7433795928955
50.3696875,10.7455849647522
50.3730208333333,10.7476711273193
50.3763541666667,10.7496380805969
50.3796875,10.7514262199402
50.3830208333333,10.7532143592834
50.3863541666667,10.7548832893372
50.3896875,10.7566118240356
50.3930208333333,10.7583999633789
50.3963541666667,10.7602477073669
50.3996875,10.7622146606445
50.4030208333333,10.7643604278564
50.4063541666667,10.7666254043579
50.4096875,10.7690095901489
50.4130208333333,10.7714533805847
50.4163541666667,10.7738971710205
50.4196875,10.7762813568115
50.4230208333333,10.7786655426025
50.4263541666667,10.7808709144592
50.4296875,10.7829570770264
50.4330208333333,10.7849836349487
50.4363541666667,10.7868313789368
50.4396875,10.78861951828
50.4430208333333,10.7903480529785
50.4463541666667,10.7920169830322
50.4496875,10.7936859130859
50.4530208333333,10.7953548431396
50.4563541666667,10.7970237731934
50.4596875,10.7986927032471
50.4630208333333,10.8004212379456
50.4663541666667,10.802149772644
50.4696875,10.8039975166321
50.4730208333333,10.8058452606201
50.4763541666667,10.8078122138977
50.4796875,10.8098387718201
50.4830208333333,10.8119249343872
50.4863541666667,10.8141303062439
50.4896875,10.8163356781006
50.4930208333333,10.8186602592468
50.4963541666667,10.8210444450378
50.4996875,10.8233690261841
50.5030208333333,10.8256936073303
50.5063541666667,10.8280181884766
50.5096875,10.8301639556885
50.5130208333333,10.8321905136108
50.5163541666667,10.8340382575989
50.5196875,10.8357071876526
50.5230208333333,10.8370780944824
50.5263541666667,10.8381509780884
50.5296875,10.8389854431152
50.5330208333333,10.8395218849182
50.5363541666667,10.8398199081421
50.5396875,10.8398795127869
50.5430208333333,10.8398199081421
50.5463541666667,10.8395218849182
50.5496875,10.8391642570496
50.5530208333333,10.8387470245361
50.5563541666667,10.8382105827332
50.5596875,10.8376741409302
50.5630208333333,10.8371376991272
50.5663541666667,10.8364820480347
50.5696875,10.8358860015869
50.5730208333333,10.8352303504944
50.5763541666667,10.8345150947571
50.5796875,10.8338594436646
50.5830208333333,10.8331441879272
50.5863541666667,10.8324885368347
50.5896875,10.8317732810974
50.5930208333333,10.8310580253601
50.5963541666667,10.8303427696228
50.5996875,10.8296871185303
50.6030208333333,10.8289122581482
50.6063541666667,10.8280777931213
50.6096875,10.8271837234497
50.6130208333333,10.8261704444885
50.6163541666667,10.8250379562378
50.6196875,10.8237862586975
50.6230208333333,10.8224153518677
50.6263541666667,10.8209848403931
50.6296875,10.8194351196289
50.6330208333333,10.81782579422
50.6363541666667,10.8161568641663
50.6396875,10.8144879341125
50.6430208333333,10.8128786087036
50.6463541666667,10.8113288879395
50.6496875,10.8097791671753
50.6530208333333,10.8082294464111
50.6563541666667,10.8067393302917
50.6596875,10.8053088188171
50.6630208333333,10.8038783073425
50.6663541666667,10.8024477958679
50.6696875,10.8010768890381
50.6730208333333,10.7997059822083
50.6763541666667,10.7983946800232
50.6796875,10.7970237731934
50.6830208333333,10.7957720756531
50.6863541666667,10.7945799827576
50.6896875,10.7934474945068
50.6930208333333,10.7924342155457
50.6963541666667,10.791540145874
50.6996875,10.7907652854919
50.7030208333333,10.790228843689
50.7063541666667,10.7899308204651
50.7096875,10.7898116111755
50.7130208333333,10.7899904251099
50.7163541666667,10.7904672622681
50.7196875,10.7912421226501
50.7230208333333,10.7922554016113
50.7263541666667,10.7935667037964
50.7296875,10.7951164245605
50.7330208333333,10.7969641685486
50.7363541666667,10.7989907264709
50.7396875,10.8013153076172
50.7430208333333,10.803759098053
50.7463541666667,10.8064413070679
50.7496875,10.8091831207275
50.7530208333333,10.811984539032
50.7563541666667,10.814905166626
50.7596875,10.8177661895752
50.7630208333333,10.8205080032349
50.7663541666667,10.8232498168945
50.7696875,10.8258128166199
50.7730208333333,10.8282566070557
50.7763541666667,10.8305811882019
50.7796875,10.8328461647034
50.7830208333333,10.8350515365601
50.7863541666667,10.8372569084167
50.7896875,10.8394026756287
50.7930208333333,10.8415484428406
50.7963541666667,10.8436942100525
50.7996875,10.8457803726196
50.8030208333333,10.847806930542
50.8063541666667,10.8497738838196
50.8096875,10.8515024185181
50.8130208333333,10.853111743927
50.8163541666667,10.8545422554016
50.8196875,10.8557343482971
50.8230208333333,10.8567476272583
50.8263541666667,10.8575820922852
50.8296875,10.8581781387329
50.8330208333333,10.8587145805359
50.8363541666667,10.8590126037598
50.8396875,10.8592510223389
50.8430208333333,10.8593702316284
50.8463541666667,10.8593106269836
50.8496875,10.8592510223389
50.8530208333333,10.8590722084045
50.8563541666667,10.8588337898254
50.8596875,10.8585357666016
50.8630208333333,10.8582377433777
50.8663541666667,10.857880115509
50.8696875,10.8575820922852
50.8730208333333,10.8572840690613
50.8763541666667,10.8569860458374
50.8796875,10.8568072319031
50.8830208333333,10.8566284179688
50.8863541666667,10.8565092086792
50.8896875,10.8563899993896
50.8930208333333,10.8563899993896
50.8963541666667,10.8563899993896
50.8996875,10.8564496040344
50.9030208333333,10.8565092086792
50.9063541666667,10.856568813324
50.9096875,10.8566284179688
50.9130208333333,10.8566880226135
50.9163541666667,10.8566880226135
50.9196875,10.8567476272583
50.9230208333333,10.8567476272583
50.9263541666667,10.8567476272583
50.9296875,10.8567476272583
50.9330208333333,10.8567476272583
50.9363541666667,10.8567476272583
50.9396875,10.8567476272583
50.9430208333333,10.8568668365479
50.9463541666667,10.8570456504822
50.9496875,10.8573436737061
50.9530208333333,10.8577609062195
50.9563541666667,10.8583569526672
50.9596875,10.8591318130493
50.9630208333333,10.8600854873657
50.9663541666667,10.8612179756165
50.9696875,10.8625888824463
50.9730208333333,10.8641386032104
50.9763541666667,10.8658671379089
50.9796875,10.8678340911865
50.9830208333333,10.8700394630432
50.9863541666667,10.8723640441895
50.9896875,10.8748078346252
50.9930208333333,10.8773708343506
50.9963541666667,10.8798742294312
50.9996875,10.8823776245117
51.0030208333333,10.8847618103027
51.0063541666667,10.8869671821594
51.0096875,10.888934135437
51.0130208333333,10.8907222747803
51.0163541666667,10.8922123908997
51.0196875,10.8935832977295
51.0230208333333,10.894775390625
51.0263541666667,10.895848274231
51.0296875,10.8968019485474
51.0330208333333,10.8977556228638
51.0363541666667,10.8987092971802
51.0396875,10.8997225761414
51.0430208333333,10.9007358551025
51.0463541666667,10.9018087387085
51.0496875,10.9029412269592
51.0530208333333,10.90407371521
51.0563541666667,10.9052062034607
51.0596875,10.9062790870667
51.0630208333333,10.9073519706726
51.0663541666667,10.9083652496338
51.0696875,10.9092593193054
51.0730208333333,10.9100341796875
51.0763541666667,10.91068983078
51.0796875,10.911226272583
51.0830208333333,10.9115839004517
51.0863541666667,10.911762714386
51.0896875,10.9118819236755
51.0930208333333,10.9118819236755
51.0963541666667,10.911762714386
51.0996875,10.9115242958069
51.1030208333333,10.911226272583
51.1063541666667,10.9109282493591
51.1096875,10.9105706214905
51.1130208333333,10.9102725982666
51.1163541666667,10.9100341796875
51.1196875,10.9098553657532
51.1230208333333,10.9096765518188
51.1263541666667,10.9096169471741
51.1296875,10.9096169471741
51.1330208333333,10.9096169471741
51.1363541666667,10.9096765518188
51.1396875,10.9097957611084
51.1430208333333,10.9099149703979
51.1463541666667,10.9100341796875
51.1496875,10.9101533889771
51.1530208333333,10.9103322029114
51.1563541666667,10.9105706214905
51.1596875,10.9108090400696
51.1630208333333,10.9111666679382
51.1663541666667,10.9115839004517
51.1696875,10.9120011329651
51.1730208333333,10.9124779701233
51.1763541666667,10.9129548072815
51.1796875,10.9134316444397
51.1830208333333,10.9139084815979
51.1863541666667,10.9144449234009
51.1896875,10.9150409698486
51.1930208333333,10.9156966209412
51.1963541666667,10.9164714813232
51.1996875,10.9174251556396
51.2030208333333,10.9184980392456
51.2063541666667,10.9198689460754
51.2096875,10.9213590621948
51.2130208333333,10.9230875968933
51.2163541666667,10.9249353408813
51.2196875,10.9269618988037
51.2230208333333,10.9290480613708
51.2263541666667,10.931134223938
51.2296875,10.9332799911499
51.2330208333333,10.9354257583618
51.2363541666667,10.9375715255737
51.2396875,10.9396576881409
51.2430208333333,10.941743850708
51.2463541666667,10.9438300132751
51.2496875,10.9458565711975
51.2530208333333,10.9478235244751
51.2563541666667,10.9497308731079
51.2596875,10.9515190124512
51.2630208333333,10.9531283378601
51.2663541666667,10.9545588493347
51.2696875,10.955810546875
51.2730208333333,10.9569430351257
51.2763541666667,10.9578967094421
51.2796875,10.9587907791138
51.2830208333333,10.9596252441406
51.2863541666667,10.9604597091675
51.2896875,10.9612941741943
51.2930208333333,10.962188243866
51.2963541666667,10.9630823135376
51.2996875,10.964035987854
51.3030208333333,10.9649300575256
51.3063541666667,10.9658241271973
51.3096875,10.9666585922241
51.3130208333333,10.967493057251
51.3163541666667,10.9681487083435
51.3196875,10.9686851501465
51.3230208333333,10.9690427780151
51.3263541666667,10.9692811965942
51.3296875,10.969340801239
51.3330208333333,10.9692215919495
51.3363541666667,10.9689235687256
51.3396875,10.9685063362122
51.3430208333333,10.9679698944092
51.3463541666667,10.9673142433167
51.3496875,10.9667181968689
51.3530208333333,10.9660625457764
51.3563541666667,10.9655261039734
51.3596875,10.96510887146
51.3630208333333,10.9647512435913
51.3663541666667,10.9646320343018
51.3696875,10.9646320343018
51.3730208333333,10.9648108482361
51.3763541666667,10.9651684761047
51.3796875,10.9655261039734
51.3830208333333,10.9660029411316
51.3863541666667,10.9664797782898
51.3896875,10.966956615448
51.3930208333333,10.9674334526062
51.3963541666667,10.9679102897644
51.3996875,10.9683871269226
51.4030208333333,10.9688639640808
51.4063541666667,10.9692811965942
51.4096875,10.9697580337524
51.4130208333333,10.9702944755554
51.4163541666667,10.9708309173584
51.4196875,10.9713673591614
51.4230208333333,10.9719038009644
51.4263541666667,10.9724998474121
51.4296875,10.9730958938599
51.4330208333333,10.9737515449524
51.4363541666667,10.9744668006897
51.4396875,10.9752416610718
51.4430208333333,10.9760761260986
51.4463541666667,10.977029800415
51.4496875,10.9779834747314
51.4530208333333,10.9791159629822
51.4563541666667,10.9802484512329
51.4596875,10.9815001487732
51.4630208333333,10.9828114509583
51.4663541666667,10.9841823577881
51.4696875,10.9856128692627
51.4730208333333,10.9871625900269
51.4763541666667,10.988712310791
51.4796875,10.9903216362
51.4830208333333,10.9919309616089
51.4863541666667,10.9935402870178
51.4896875,10.995090007782
51.4930208333333,10.9966397285461
51.4963541666667,10.998010635376
51.4996875,10.999321937561
51.5030208333333,11.0005140304565
51.5063541666667,11.0015273094177
51.5096875,11.0023617744446
51.5130208333333,11.0030770301819
51.5163541666667,11.0036730766296
51.5196875,11.0042095184326
51.5230208333333,11.0046863555908
51.5263541666667,11.005163192749
51.5296875,11.005699634552
51.5330208333333,11.006236076355
51.5363541666667,11.0068321228027
51.5396875,11.00754737854
51.5430208333333,11.0083818435669
51.5463541666667,11.0092759132385
51.5496875,11.0102891921997
51.5530208333333,11.0113620758057
51.5563541666667,11.0124945640564
51.5596875,11.0136270523071
51.5630208333333,11.0148191452026
51.5663541666667,11.0160112380981
51.5696875,11.0171437263489
51.5730208333333,11.0182166099548
51.5763541666667,11.0191106796265
51.5796875,11.0198855400085
51.5830208333333,11.0204815864563
51.5863541666667,11.0208988189697
51.5896875,11.0211372375488
51.5930208333333,11.0212564468384
51.5963541666667,11.0212564468384
51.5996875,11.0211968421936
51.6030208333333,11.0210776329041
51.6063541666667,11.0210180282593
51.6096875,11.0210776329041
51.6130208333333,11.0213160514832
51.6163541666667,11.0217332839966
51.6196875,11.0222697257996
51.6230208333333,11.0231041908264
51.6263541666667,11.0240578651428
51.6296875,11.0251903533936
51.6330208333333,11.0264420509338
51.6363541666667,11.0278129577637
51.6396875,11.0291838645935
51.6430208333333,11.0306143760681
51.6463541666667,11.0319852828979
51.6496875,11.0333561897278
51.6530208333333,11.0347270965576
51.6563541666667,11.0360383987427
51.6596875,11.0373497009277
51.6630208333333,11.0386610031128
51.6663541666667,11.0399127006531
51.6696875,11.0411643981934
51.6730208333333,11.0423564910889
51.6763541666667,11.0434293746948
51.6796875,11.044442653656
51.6830208333333,11.0453963279724
51.6863541666667,11.0461711883545
51.6896875,11.0468864440918
51.6930208333333,11.0475420951843
51.6963541666667,11.0480785369873
51.6996875,11.0485553741455
51.7030208333333,11.0490322113037
51.7063541666667,11.0495090484619
51.7096875,11.0499858856201
51.7130208333333,11.0505223274231
51.7163541666667,11.0511183738708
51.7196875,11.0517740249634
51.7230208333333,11.0524296760559
51.7263541666667,11.0530853271484
51.7296875,11.0538005828857
51.7330208333333,11.0544562339783
51.7363541666667,11.0551714897156
51.7396875,11.0558271408081
51.7430208333333,11.0565423965454
51.7463541666667,11.0571980476379
51.7496875,11.0577940940857
51.7530208333333,11.0584497451782
51.7563541666667,11.059045791626
51.7596875,11.0596418380737
51.7630208333333,11.0601782798767
51.7663541666667,11.0606551170349
51.7696875,11.0611319541931
51.7730208333333,11.0616087913513
51.7763541666667,11.0620260238647
51.7796875,11.0623836517334
51.7830208333333,11.0628604888916
51.7863541666667,11.063277721405
51.7896875,11.063814163208
51.7930208333333,11.064350605011
51.7963541666667,11.064887046814
51.7996875,11.0654830932617
51.8030208333333,11.0660195350647
51.8063541666667,11.0665559768677
51.8096875,11.0670924186707
51.8130208333333,11.0675692558289
51.8163541666667,11.0679864883423
51.8196875,11.0683441162109
51.8230208333333,11.0687017440796
51.8263541666667,11.0689997673035
51.8296875,11.0692977905273
51.8330208333333,11.0695362091064
51.8363541666667,11.0698342323303
51.8396875,11.0700726509094
51.8430208333333,11.0703706741333
51.8463541666667,11.0706090927124
51.8496875,11.0707879066467
51.8530208333333,11.0709667205811
51.8563541666667,11.0711455345154
51.8596875,11.0712647438049
51.8630208333333,11.0713839530945
51.8663541666667,11.071503162384
51.8696875,11.0716223716736
51.8730208333333,11.0718011856079
51.8763541666667,11.072039604187
51.8796875,11.0723972320557
51.8830208333333,11.0728740692139
51.8863541666667,11.0734701156616
51.8896875,11.0741853713989
51.8930208333333,11.0750198364258
51.8963541666667,11.0759139060974
51.8996875,11.0768675804138
51.9030208333333,11.077880859375
51.9063541666667,11.0788345336914
51.9096875,11.0797882080078
51.9130208333333,11.0806822776794
51.9163541666667,11.0815167427063
51.9196875,11.0822916030884
51.9230208333333,11.0830068588257
51.9263541666667,11.083722114563
51.9296875,11.0844373703003
51.9330208333333,11.0852122306824
51.9363541666667,11.0860466957092
51.9396875,11.0869407653809
51.9430208333333,11.0880136489868
51.9463541666667,11.0891461372375
51.9496875,11.0903382301331
51.9530208333333,11.0917091369629
51.9563541666667,11.0931396484375
51.9596875,11.0946297645569
51.9630208333333,11.096179485321
51.9663541666667,11.09778881073
51.9696875,11.0995173454285
51.9730208333333,11.101245880127
51.9763541666667,11.103093624115
51.9796875,11.1050605773926
51.9830208333333,11.1070275306702
51.9863541666667,11.1091136932373
51.9896875,11.1111402511597
51.9930208333333,11.1132264137268
51.9963541666667,11.1151933670044
51.9996875,11.1171007156372
52.0030208333333,11.1189484596252
52.0063541666667,11.120617389679
52.0096875,11.1221671104431
52.0130208333333,11.1235380172729
52.0163541666667,11.1247301101685
52.0196875,11.1258029937744
52.0230208333333,11.1266374588013
52.0263541666667,11.1273527145386
52.0296875,11.1279487609863
52.0330208333333,11.1283659934998
52.0363541666667,11.1286640167236
52.0396875,11.1289620399475
52.0430208333333,11.1291408538818
52.0463541666667,11.1294388771057
52.0496875,11.1297369003296
52.0530208333333,11.1300945281982
52.0563541666667,11.1306309700012
52.0596875,11.131227016449
52.0630208333333,11.1320018768311
52.0663541666667,11.1327767372131
52.0696875,11.1336708068848
52.0730208333333,11.1345052719116
52.0763541666667,11.1353993415833
52.0796875,11.1361742019653
52.0830208333333,11.1368894577026
52.0863541666667,11.1374258995056
52.0896875,11.137843132019
52.0930208333333,11.1381411552429
52.0963541666667,11.1382603645325
52.0996875,11.1382007598877
52.1030208333333,11.1379623413086
52.1063541666667,11.1376047134399
52.1096875,11.137068271637
52.1130208333333,11.1364722251892
52.1163541666667,11.1358165740967
52.1196875,11.1351013183594
52.1230208333333,11.1345052719116
52.1263541666667,11.1339092254639
52.1296875,11.1335515975952
52.1330208333333,11.1332535743713
52.1363541666667,11.1332535743713
52.1396875,11.1333727836609
52.1430208333333,11.1337304115295
52.1463541666667,11.1342668533325
52.1496875,11.1350417137146
52.1530208333333,11.1358761787415
52.1563541666667,11.1368894577026
52.1596875,11.1379623413086
52.1630208333333,11.1390948295593
52.1663541666667,11.1402273178101
52.1696875,11.1413598060608
52.1730208333333,11.1424326896667
52.1763541666667,11.1433863639832
52.1796875,11.14422082901
52.1830208333333,11.1449360847473
52.1863541666667,11.1455321311951
52.1896875,11.1460089683533
52.1930208333333,11.1463665962219
52.1963541666667,11.1466646194458
52.1996875,11.1469030380249
52.2030208333333,11.1470818519592
52.2063541666667,11.1472606658936
52.2096875,11.1474394798279
52.2130208333333,11.1476182937622
52.2163541666667,11.1477971076965
52.2196875,11.1479759216309
52.2230208333333,11.14821434021
52.2263541666667,11.1485123634338
52.2296875,11.1488699913025
52.2330208333333,11.1492276191711
52.2363541666667,11.1497640609741
52.2396875,11.1503005027771
52.2430208333333,11.1508965492249
52.2463541666667,11.1515522003174
52.2496875,11.1522674560547
52.2530208333333,11.1529231071472
52.2563541666667,11.1535787582397
52.2596875,11.1542940139771
52.2630208333333,11.1548900604248
52.2663541666667,11.1555457115173
52.2696875,11.1560821533203
52.2730208333333,11.1566185951233
52.2763541666667,11.1571550369263
52.2796875,11.157751083374
52.2830208333333,11.158287525177
52.2863541666667,11.15882396698
52.2896875,11.1594200134277
52.2930208333333,11.1599564552307
52.2963541666667,11.1605525016785
52.2996875,11.1610889434814
52.3030208333333,11.1616849899292
52.3063541666667,11.162281036377
52.3096875,11.1628770828247
52.3130208333333,11.163592338562
52.3163541666667,11.1643671989441
52.3196875,11.1653208732605
52.3230208333333,11.1664533615112
52.3263541666667,11.1677646636963
52.3296875,11.16943359375
52.3330208333333,11.171281337738
52.3363541666667,11.17342710495
52.3396875,11.175811290741
52.3430208333333,11.1783742904663
52.3463541666667,11.181116104126
52.3496875,11.1839771270752
52.3530208333333,11.1868977546692
52.3563541666667,11.1898183822632
52.3596875,11.1926794052124
52.3630208333333,11.1955404281616
52.3663541666667,11.1982226371765
52.3696875,11.2008452415466
52.3730208333333,11.2032890319824
52.3763541666667,11.2056732177734
52.3796875,11.2079381942749
52.3830208333333,11.2100839614868
52.3863541666667,11.212170124054
52.3896875,11.2142562866211
52.3930208333333,11.2162232398987
52.3963541666667,11.218249797821
52.3996875,11.2201571464539
52.4030208333333,11.2220048904419
52.4063541666667,11.2237930297852
52.4096875,11.2255215644836
52.4130208333333,11.2271308898926
52.4163541666667,11.228621006012
52.4196875,11.2299919128418
52.4230208333333,11.2313032150269
52.4263541666667,11.2324953079224
52.4296875,11.2335681915283
52.4330208333333,11.2345814704895
52.4363541666667,11.2354755401611
52.4396875,11.2361907958984
52.4430208333333,11.2367272377014
52.4463541666667,11.2370848655701
52.4496875,11.2372636795044
52.4530208333333,11.2372636795044
52.4563541666667,11.2370252609253
52.4596875,11.2366676330566
52.4630208333333,11.2360715866089
52.4663541666667,11.2353563308716
52.4696875,11.2345814704895
52.4730208333333,11.2336874008179
52.4763541666667,11.2327933311462
52.4796875,11.2317800521851
52.4830208333333,11.2307667732239
52.4863541666667,11.2296342849731
52.4896875,11.2285614013672
52.4930208333333,11.2274289131165
52.4963541666667,11.2263560295105
52.4996875,11.2252831459045
52.5030208333333,11.2242102622986
52.5063541666667,11.2231373786926
52.5096875,11.2221837043762
52.5130208333333,11.2212300300598
52.5163541666667,11.2203359603882
52.5196875,11.2194418907166
52.5230208333333,11.2186074256897
52.5263541666667,11.2178325653076
52.5296875,11.2170577049255
52.5330208333333,11.2162828445435
52.5363541666667,11.2155675888062
52.5396875,11.2148523330688
52.5430208333333,11.2141966819763
52.5463541666667,11.2135410308838
52.5496875,11.2130045890808
52.5530208333333,11.2125277519226
52.5563541666667,11.2121105194092
52.5596875,11.2118721008301
52.5630208333333,11.2117528915405
52.5663541666667,11.2118124961853
52.5696875,11.2119317054749
52.5730208333333,11.2122297286987
52.5763541666667,11.2126469612122
52.5796875,11.2131834030151
52.5830208333333,11.2138390541077
52.5863541666667,11.2146139144897
52.5896875,11.2155079841614
52.5930208333333,11.2165808677673
52.5963541666667,11.2178325653076
52.5996875,11.2192034721375
52.6030208333333,11.2206935882568
52.6063541666667,11.2223625183105
52.6096875,11.2241506576538
52.6130208333333,11.2259387969971
52.6163541666667,11.2278461456299
52.6196875,11.2296938896179
52.6230208333333,11.231541633606
52.6263541666667,11.2332701683044
52.6296875,11.2348794937134
52.6330208333333,11.2363696098328
52.6363541666667,11.2377405166626
52.6396875,11.2389922142029
52.6430208333333,11.2400650978088
52.6463541666667,11.24107837677
52.6496875,11.2420320510864
52.6530208333333,11.2429261207581
52.6563541666667,11.2438201904297
52.6596875,11.2447738647461
52.6630208333333,11.2457275390625
52.6663541666667,11.2467408180237
52.6696875,11.2478137016296
52.6730208333333,11.2489461898804
52.6763541666667,11.2500786781311
52.6796875,11.2513303756714
52.6830208333333,11.2525820732117
52.6863541666667,11.253833770752
52.6896875,11.255145072937
52.6930208333333,11.2565159797668
52.6963541666667,11.2578868865967
52.6996875,11.2592577934265
52.7030208333333,11.2606287002563
52.7063541666667,11.2618803977966
52.7096875,11.2630128860474
52.7130208333333,11.2640857696533
52.7163541666667,11.264979839325
52.7196875,11.265754699707
52.7230208333333,11.2663507461548
52.7263541666667,11.2668871879578
52.7296875,11.2674236297607
52.7330208333333,11.2679004669189
52.7363541666667,11.2683773040771
52.7396875,11.2689733505249
52.7430208333333,11.2696290016174
52.7463541666667,11.2704038619995
52.7496875,11.2712383270264
52.7530208333333,11.2721920013428
52.7563541666667,11.2732648849487
52.7596875,11.2743973731995
52.7630208333333,11.2757086753845
52.7663541666667,11.2771391868591
52.7696875,11.2787485122681
52.7730208333333,11.2805366516113
52.7763541666667,11.2825036048889
52.7796875,11.2846493721008
52.7830208333333,11.2870335578918
52.7863541666667,11.2895369529724
52.7896875,11.2920999526978
52.7930208333333,11.2947821617126
52.7963541666667,11.2974643707275
52.7996875,11.3000869750977
52.8030208333333,11.3025903701782
52.8063541666667,11.305034160614
52.8096875,11.3073587417603
52.8130208333333,11.3095045089722
52.8163541666667,11.3115310668945
52.8196875,11.3133788108826
52.8230208333333,11.3150477409363
52.8263541666667,11.3165974617004
52.8296875,11.3179683685303
52.8330208333333,11.3192200660706
52.8363541666667,11.3202929496765
52.8396875,11.3212466239929
52.8430208333333,11.3220810890198
52.8463541666667,11.3227963447571
52.8496875,11.3234519958496
52.8530208333333,11.3240480422974
52.8563541666667,11.3245844841003
52.8596875,11.3251805305481
52.8630208333333,11.3257765769958
52.8663541666667,11.3263726234436
52.8696875,11.3270878791809
52.8730208333333,11.3278031349182
52.8763541666667,11.3285183906555
52.8796875,11.3293528556824
52.8830208333333,11.330246925354
52.8863541666667,11.3312005996704
52.8896875,11.3321542739868
52.8930208333333,11.333167552948
52.8963541666667,11.334240436554
52.8996875,11.3353133201599
52.9030208333333,11.3363265991211
52.9063541666667,11.3373994827271
52.9096875,11.3383531570435
52.9130208333333,11.3392472267151
52.9163541666667,11.3399624824524
52.9196875,11.3404989242554
52.9230208333333,11.340856552124
52.9263541666667,11.3409757614136
52.9296875,11.3409161567688
52.9330208333333,11.3406181335449
52.9363541666667,11.3402605056763
52.9396875,11.3398432731628
52.9430208333333,11.3394260406494
52.9463541666667,11.3390684127808
52.9496875,11.3388895988464
52.9530208333333,11.3388895988464
52.9563541666667,11.3390684127808
52.9596875,11.3394856452942
52.9630208333333,11.3401412963867
52.9663541666667,11.3410353660583
52.9696875,11.3421678543091
52.9730208333333,11.3435387611389
52.9763541666667,11.3451480865479
52.9796875,11.3469958305359
52.9830208333333,11.3491415977478
52.9863541666667,11.3516449928284
52.9896875,11.3544464111328
52.9930208333333,11.3575458526611
52.9963541666667,11.3609433174133
52.9996875,11.3645792007446
53.0030208333333,11.368453502655
53.0063541666667,11.3725662231445
53.0096875,11.3767385482788
53.0130208333333,11.3810300827026
53.0163541666667,11.3853216171265
53.0196875,11.3896131515503
53.0230208333333,11.3939642906189
53.0263541666667,11.3981962203979
53.0296875,11.402428150177
53.0330208333333,11.4066004753113
53.0363541666667,11.4107131958008
53.0396875,11.4147067070007
53.0430208333333,11.4185810089111
53.0463541666667,11.4222764968872
53.0496875,11.4257335662842
53.0530208333333,11.4288330078125
53.0563541666667,11.4315748214722
53.0596875,11.4338994026184
53.0630208333333,11.4356875419617
53.0663541666667,11.436939239502
53.0696875,11.437714099884
53.0730208333333,11.4379525184631
53.0763541666667,11.437714099884
53.0796875,11.4369988441467
53.0830208333333,11.435866355896
53.0863541666667,11.4343166351318
53.0896875,11.432409286499
53.0930208333333,11.4301443099976
53.0963541666667,11.427640914917
53.0996875,11.4247798919678
53.1030208333333,11.4217400550842
53.1063541666667,11.4185214042664
53.1096875,11.4151239395142
53.1130208333333,11.4116668701172
53.1163541666667,11.4082098007202
53.1196875,11.404812335968
53.1230208333333,11.4014744758606
53.1263541666667,11.3983750343323
53.1296875,11.3954544067383
53.1330208333333,11.3927721977234
53.1363541666667,11.3903880119324
53.1396875,11.38836145401
53.1430208333333,11.3865733146667
53.1463541666667,11.3850831985474
53.1496875,11.3837718963623
53.1530208333333,11.3827586174011
53.1563541666667,11.3818645477295
53.1596875,11.3811492919922
53.1630208333333,11.3805532455444
53.1663541666667,11.3800764083862
53.1696875,11.3796591758728
53.1730208333333,11.3793611526489
53.1763541666667,11.3792419433594
53.1796875,11.3791823387146
53.1830208333333,11.3792419433594
53.1863541666667,11.3794207572937
53.1896875,11.3797187805176
53.1930208333333,11.3800168037415
53.1963541666667,11.3804340362549
53.1996875,11.3808512687683
53.2030208333333,11.3812685012817
53.2063541666667,11.3817453384399
53.2096875,11.3822221755981
53.2130208333333,11.3827586174011
53.2163541666667,11.3833546638489
53.2196875,11.3840699195862
53.2230208333333,11.384904384613
53.2263541666667,11.3858580589294
53.2296875,11.3869905471802
53.2330208333333,11.3882422447205
53.2363541666667,11.3896131515503
53.2396875,11.3911032676697
53.2430208333333,11.3925933837891
53.2463541666667,11.3940834999084
53.2496875,11.3955736160278
53.2530208333333,11.3969445228577
53.2563541666667,11.3983154296875
53.2596875,11.399507522583
53.2630208333333,11.4006400108337
53.2663541666667,11.4016532897949
53.2696875,11.4026069641113
53.2730208333333,11.4034414291382
53.2763541666667,11.404275894165
53.2796875,11.4050507545471
53.2830208333333,11.4058256149292
53.2863541666667,11.4065408706665
53.2896875,11.407196521759
53.2930208333333,11.4079117774963
53.2963541666667,11.4086270332336
53.2996875,11.4094018936157
53.3030208333333,11.4102363586426
53.3063541666667,11.4111304283142
53.3096875,11.4121437072754
53.3130208333333,11.4133358001709
53.3163541666667,11.414647102356
53.3196875,11.4161372184753
53.3230208333333,11.4178061485291
53.3263541666667,11.4195942878723
53.3296875,11.4215016365051
53.3330208333333,11.4235281944275
53.3363541666667,11.4256739616394
53.3396875,11.4278793334961
53.3430208333333,11.4300847053528
53.3463541666667,11.4323496818542
53.3496875,11.4345550537109
53.3530208333333,11.4367604255676
53.3563541666667,11.4388465881348
53.3596875,11.4408135414124
53.3630208333333,11.4426612854004
53.3663541666667,11.4443898200989
53.3696875,11.4459991455078
53.3730208333333,11.4474892616272
53.3763541666667,11.448860168457
53.3796875,11.4501714706421
53.3830208333333,11.4513635635376
53.3863541666667,11.4524960517883
53.3896875,11.4535689353943
53.3930208333333,11.4545822143555
53.3963541666667,11.4555954933167
53.3996875,11.4564895629883
53.4030208333333,11.4573836326599
53.4063541666667,11.4583373069763
53.4096875,11.4592313766479
53.4130208333333,11.4601850509644
53.4163541666667,11.4612579345703
53.4196875,11.4624500274658
53.4230208333333,11.4638209342957
53.4263541666667,11.465311050415
53.4296875,11.4670395851135
53.4330208333333,11.4688873291016
53.4363541666667,11.4709734916687
53.4396875,11.4731192588806
53.4430208333333,11.4753246307373
53.4463541666667,11.4775896072388
53.4496875,11.4798545837402
53.4530208333333,11.4820599555969
53.4563541666667,11.4842057228088
53.4596875,11.486291885376
53.4630208333333,11.4883184432983
53.4663541666667,11.4902257919312
53.4696875,11.4920735359192
53.4730208333333,11.4937424659729
53.4763541666667,11.4952921867371
53.4796875,11.4966630935669
53.4830208333333,11.4979147911072
53.4863541666667,11.4988684654236
53.4896875,11.4996433258057
53.4930208333333,11.5001201629639
53.4963541666667,11.500358581543
53.4996875,11.500358581543
53.5030208333333,11.5000605583191
53.5063541666667,11.4996433258057
53.5096875,11.4989876747131
53.5130208333333,11.4982724189758
53.5163541666667,11.4973783493042
53.5196875,11.4965438842773
53.5230208333333,11.4956498146057
53.5263541666667,11.4948153495789
53.5296875,11.4940404891968
53.5330208333333,11.4933252334595
53.5363541666667,11.4926695823669
53.5396875,11.4920735359192
53.5430208333333,11.4914774894714
53.5463541666667,11.4909410476685
53.5496875,11.4902853965759
53.5530208333333,11.4896297454834
53.5563541666667,11.4888548851013
53.5596875,11.4880800247192
53.5630208333333,11.4871263504028
53.5663541666667,11.4861130714417
53.5696875,11.4849805831909
53.5730208333333,11.4837884902954
53.5763541666667,11.4824771881104
53.5796875,11.4811658859253
53.5830208333333,11.4797949790955
53.5863541666667,11.4784240722656
53.5896875,11.4770531654358
53.5930208333333,11.4757418632507
53.5963541666667,11.4745497703552
53.5996875,11.4734172821045
53.6030208333333,11.4724636077881
53.6063541666667,11.4716291427612
53.6096875,11.4709734916687
53.6130208333333,11.4705562591553
53.6163541666667,11.4703774452209
53.6196875,11.4703774452209
53.6230208333333,11.4706754684448
53.6263541666667,11.4712715148926
53.6296875,11.4721059799194
53.6330208333333,11.4732980728149
53.6363541666667,11.4747881889343
53.6396875,11.4766359329224
53.6430208333333,11.4787220954895
53.6463541666667,11.4810466766357
53.6496875,11.4836692810059
53.6530208333333,11.4864110946655
53.6563541666667,11.4893317222595
53.6596875,11.4922523498535
53.6630208333333,11.4951729774475
53.6663541666667,11.4980936050415
53.6696875,11.5008354187012
53.6730208333333,11.5034580230713
53.6763541666667,11.5059018135071
53.6796875,11.5081667900085
53.6830208333333,11.5102529525757
53.6863541666667,11.5121006965637
53.6896875,11.5138292312622
53.6930208333333,11.5153789520264
53.6963541666667,11.5168690681458
53.6996875,11.5181803703308
53.7030208333333,11.5194320678711
53.7063541666667,11.5206837654114
53.7096875,11.5218758583069
53.7130208333333,11.5230679512024
53.7163541666667,11.5243196487427
53.7196875,11.5256905555725
53.7230208333333,11.5271806716919
53.7263541666667,11.5287899971008
53.7296875,11.5306377410889
53.7330208333333,11.5326046943665
53.7363541666667,11.5346908569336
53.7396875,11.5369558334351
53.7430208333333,11.5393400192261
53.7463541666667,11.5417242050171
53.7496875,11.5441083908081
53.7530208333333,11.5464329719543
53.7563541666667,11.5485787391663
53.7596875,11.5505456924438
53.7630208333333,11.5523934364319
53.7663541666667,11.553943157196
53.7696875,11.5553140640259
53.7730208333333,11.5563869476318
53.7763541666667,11.5572214126587
53.7796875,11.5578174591064
53.7830208333333,11.5581154823303
53.7863541666667,11.5582346916199
53.7896875,11.5581154823303
53.7930208333333,11.5577578544617
53.7963541666667,11.5572214126587
53.7996875,11.5565657615662
53.8030208333333,11.5557312965393
53.8063541666667,11.5548968315125
53.8096875,11.553943157196
53.8130208333333,11.5530490875244
53.8163541666667,11.5521550178528
53.8196875,11.5512609481812
53.8230208333333,11.5505456924438
53.8263541666667,11.5499496459961
53.8296875,11.5494728088379
53.8330208333333,11.5492343902588
53.8363541666667,11.549174785614
53.8396875,11.5492939949036
53.8430208333333,11.5496516227722
53.8463541666667,11.5501880645752
53.8496875,11.5509033203125
53.8530208333333,11.5517377853394
53.8563541666667,11.552631855011
53.8596875,11.5535855293274
53.8630208333333,11.5545392036438
53.8663541666667,11.5553736686707
53.8696875,11.5562081336975
53.8730208333333,11.5569233894348
53.8763541666667,11.5574598312378
53.8796875,11.557936668396
53.8830208333333,11.5582346916199
53.8863541666667,11.558473110199
53.8896875,11.5585327148438
53.8930208333333,11.5585327148438
53.8963541666667,11.5583539009094
53.8996875,11.5581750869751
53.9030208333333,11.5578770637512
53.9063541666667,11.5575790405273
53.9096875,11.5572810173035
53.9130208333333,11.5569829940796
53.9163541666667,11.5566849708557
53.9196875,11.5565657615662
53.9230208333333,11.5565061569214
53.9263541666667,11.5565657615662
53.9296875,11.55686378479
53.9330208333333,11.5572810173035
53.9363541666667,11.5578770637512
53.9396875,11.5586519241333
53.9430208333333,11.5595459938049
53.9463541666667,11.5606188774109
53.9496875,11.5616917610168
53.9530208333333,11.5628242492676
53.9563541666667,11.5638971328735
53.9596875,11.5649700164795
53.9630208333333,11.5659236907959
53.9663541666667,11.566698551178
53.9696875,11.5674138069153
53.9730208333333,11.5678906440735
53.9763541666667,11.5681886672974
53.9796875,11.5683674812317
53.9830208333333,11.5683078765869
53.9863541666667,11.5681290626526
53.9896875,11.5677714347839
53.9930208333333,11.567234992981
53.9963541666667,11.5666389465332
53.9996875,11.5659236907959
54.0030208333333,11.5651488304138
54.0063541666667,11.5643739700317
54.0096875,11.5635991096497
54.0130208333333,11.5628838539124
54.0163541666667,11.5622282028198
54.0196875,11.5618109703064
54.0230208333333,11.5615129470825
54.0263541666667,11.561393737793
54.0296875,11.5615725517273
54.0330208333333,11.5619897842407
54.0363541666667,11.562705039978
54.0396875,11.5636587142944
54.0430208333333,11.5649104118347
54.0463541666667,11.5663409233093
54.0496875,11.5679502487183
54.0530208333333,11.5696787834167
54.0563541666667,11.57146692276
54.0596875,11.573314666748
54.0630208333333,11.5751624107361
54.0663541666667,11.5770101547241
54.0696875,11.5786790847778
54.0730208333333,11.5802884101868
54.0763541666667,11.5817785263062
54.0796875,11.583149433136
54.0830208333333,11.5844011306763
54.0863541666667,11.5855932235718
54.0896875,11.5866661071777
54.0930208333333,11.5877985954285
54.0963541666667,11.5889310836792
54.0996875,11.5900635719299
54.1030208333333,11.5912556648254
54.1063541666667,11.5925669670105
54.1096875,11.5939378738403
54.1130208333333,11.5953683853149
54.1163541666667,11.5969181060791
54.1196875,11.598527431488
54.1230208333333,11.6002559661865
54.1263541666667,11.6020441055298
54.1296875,11.6039514541626
54.1330208333333,11.605978012085
54.1363541666667,11.6080641746521
54.1396875,11.6103291511536
54.1430208333333,11.6127729415894
54.1463541666667,11.6153359413147
54.1496875,11.6180181503296
54.1530208333333,11.6208791732788
54.1563541666667,11.6238594055176
54.1596875,11.6268992424011
54.1630208333333,11.6299390792847
54.1663541666667,11.6329789161682
54.1696875,11.6358995437622
54.1730208333333,11.6387605667114
54.1763541666667,11.6413831710815
54.1796875,11.6438269615173
54.1830208333333,11.6459727287292
54.1863541666667,11.6478204727173
54.1896875,11.6494297981262
54.1930208333333,11.6508007049561
54.1963541666667,11.6518139839172
54.1996875,11.6526484489441
54.2030208333333,11.6532444953918
54.2063541666667,11.65372133255
54.2096875,11.6540193557739
54.2130208333333,11.654257774353
54.2163541666667,11.6544365882874
54.2196875,11.6545557975769
54.2230208333333,11.6546154022217
54.2263541666667,11.6547346115112
54.2296875,11.6549134254456
54.2330208333333,11.6550922393799
54.2363541666667,11.6553902626038
54.2396875,11.6557478904724
54.2430208333333,11.6562247276306
54.2463541666667,11.6568207740784
54.2496875,11.6575956344604
54.2530208333333,11.6584897041321
54.2563541666667,11.659562587738
54.2596875,11.6607546806335
54.2630208333333,11.6620659828186
54.2663541666667,11.6634368896484
54.2696875,11.664867401123
54.2730208333333,11.6661787033081
54.2763541666667,11.6674900054932
54.2796875,11.6685628890991
54.2830208333333,11.6694569587708
54.2863541666667,11.6700530052185
54.2896875,11.6703510284424
54.2930208333333,11.6703510284424
54.2963541666667,11.6700530052185
54.2996875,11.6695165634155
54.3030208333333,11.6687417030334
54.3063541666667,11.667788028717
54.3096875,11.6667151451111
54.3130208333333,11.6656422615051
54.3163541666667,11.6646289825439
54.3196875,11.6636157035828
54.3230208333333,11.6627812385559
54.3263541666667,11.6620063781738
54.3296875,11.6614103317261
54.3330208333333,11.6609334945679
54.3363541666667,11.660635471344
54.3396875,11.6605162620544
54.3430208333333,11.6605758666992
54.3463541666667,11.6607546806335
54.3496875,11.6610527038574
54.3530208333333,11.6615295410156
54.3563541666667,11.6622447967529
54.3596875,11.6630792617798
54.3630208333333,11.664092540741
54.3663541666667,11.6652846336365
54.3696875,11.6665959358215
54.3730208333333,11.6680264472961
54.3763541666667,11.6695761680603
54.3796875,11.6711854934692
54.3830208333333,11.6727948188782
54.3863541666667,11.6743445396423
54.3896875,11.6758346557617
54.3930208333333,11.6772651672363
54.3963541666667,11.6785168647766
54.3996875,11.6795897483826
54.4030208333333,11.680543422699
54.4063541666667,11.6813182830811
54.4096875,11.6819739341736
54.4130208333333,11.682391166687
54.4163541666667,11.6827487945557
54.4196875,11.68292760849
54.4230208333333,11.6829872131348
54.4263541666667,11.6829872131348
54.4296875,11.6828680038452
54.4330208333333,11.6827487945557
54.4363541666667,11.6825699806213
54.4396875,11.6823315620422
54.4430208333333,11.6820931434631
54.4463541666667,11.681854724884
54.4496875,11.6816759109497
54.4530208333333,11.6816163063049
54.4563541666667,11.6815567016602
54.4596875,11.6817355155945
54.4630208333333,11.6819739341736
54.4663541666667,11.6824507713318
54.4696875,11.6831064224243
54.4730208333333,11.6840004920959
54.4763541666667,11.6850733757019
54.4796875,11.6863250732422
54.4830208333333,11.6877555847168
54.4863541666667,11.689305305481
54.4896875,11.6909742355347
54.4930208333333,11.6927027702332
54.4963541666667,11.6944313049316
54.4996875,11.6961598396301
54.5030208333333,11.6977691650391
54.5063541666667,11.6993188858032
54.5096875,11.7008090019226
54.5130208333333,11.7021203041077
54.5163541666667,11.7034316062927
54.5196875,11.704683303833
54.5230208333333,11.7059946060181
54.5263541666667,11.7073655128479
54.5296875,11.7089152336121
54.5330208333333,11.7106437683105
54.5363541666667,11.7127299308777
54.5396875,11.7151737213135
54.5430208333333,11.7179751396179
54.5463541666667,11.7211937904358
54.5496875,11.7248296737671
54.5530208333333,11.7287635803223
54.5563541666667,11.7330551147461
54.5596875,11.737585067749
54.5630208333333,11.7423534393311
54.5663541666667,11.7473006248474
54.5696875,11.7523670196533
54.5730208333333,11.7574334144592
54.5763541666667,11.7625594139099
54.5796875,11.7676854133606
54.5830208333333,11.7728114128113
54.5863541666667,11.7778182029724
54.5896875,11.7827653884888
54.5930208333333,11.7875933647156
54.5963541666667,11.7922425270081
54.5996875,11.7966532707214
54.6030208333333,11.8008255958557
54.6063541666667,11.8046402931213
54.6096875,11.8080377578735
54.6130208333333,11.8109583854675
54.6163541666667,11.8132829666138
54.6196875,11.8150115013123
54.6230208333333,11.816143989563
54.6263541666667,11.8166208267212
54.6296875,11.8165016174316
54.6330208333333,11.8157863616943
54.6363541666667,11.8145942687988
54.6396875,11.8130445480347
54.6430208333333,11.8111968040466
54.6463541666667,11.8091106414795
54.6496875,11.8069052696228
54.6530208333333,11.8046402931213
54.6563541666667,11.8024349212646
54.6596875,11.800229549408
54.6630208333333,11.7981433868408
54.6663541666667,11.7961764335632
54.6696875,11.7942690849304
54.6730208333333,11.7925405502319
54.6763541666667,11.7908716201782
54.6796875,11.7892622947693
54.6830208333333,11.7877721786499
54.6863541666667,11.7864012718201
54.6896875,11.7851495742798
54.6930208333333,11.7840170860291
54.6963541666667,11.7830634117126
54.6996875,11.7822885513306
54.7030208333333,11.7817521095276
54.7063541666667,11.7813348770142
54.7096875,11.7810964584351
54.7130208333333,11.7809772491455
54.7163541666667,11.7809772491455
54.7196875,11.7809772491455
54.7230208333333,11.7809176445007
54.7263541666667,11.780858039856
54.7296875,11.7806792259216
54.7330208333333,11.7804408073425
54.7363541666667,11.7800831794739
54.7396875,11.7797255516052
54.7430208333333,11.7793679237366
54.7463541666667,11.7790699005127
54.7496875,11.7788314819336
54.7530208333333,11.778712272644
54.7563541666667,11.7787718772888
54.7596875,11.7790699005127
54.7630208333333,11.7795467376709
54.7663541666667,11.7802619934082
54.7696875,11.7812156677246
54.7730208333333,11.7824673652649
54.7763541666667,11.7840170860291
54.7796875,11.7858052253723
54.7830208333333,11.7879509925842
54.7863541666667,11.7902755737305
54.7896875,11.7928981781006
54.7930208333333,11.7957592010498
54.7963541666667,11.7987990379333
54.7996875,11.8018984794617
54.8030208333333,11.8051171302795
54.8063541666667,11.8083357810974
54.8096875,11.8114948272705
54.8130208333333,11.8145942687988
54.8163541666667,11.8175148963928
54.8196875,11.8203163146973
54.8230208333333,11.8229389190674
54.8263541666667,11.8253827095032
54.8296875,11.8276476860046
54.8330208333333,11.8297338485718
54.8363541666667,11.8316411972046
54.8396875,11.8333101272583
54.8430208333333,11.8347406387329
54.8463541666667,11.8359327316284
54.8496875,11.8368268013
54.8530208333333,11.8374228477478
54.8563541666667,11.8376612663269
54.8596875,11.8376016616821
54.8630208333333,11.8373036384583
54.8663541666667,11.8366479873657
54.8696875,11.8358731269836
54.8730208333333,11.8349194526672
54.8763541666667,11.8339061737061
54.8796875,11.8329524993896
54.8830208333333,11.8319988250732
54.8863541666667,11.8311643600464
54.8896875,11.8304491043091
54.8930208333333,11.8299722671509
54.8963541666667,11.8296146392822
54.8996875,11.8294358253479
54.9030208333333,11.8293762207031
54.9063541666667,11.8293762207031
54.9096875,11.8294954299927
54.9130208333333,11.8296146392822
54.9163541666667,11.8297338485718
54.9196875,11.8298530578613
54.9230208333333,11.8299126625061
54.9263541666667,11.8299126625061
54.9296875,11.8299126625061
54.9330208333333,11.8297934532166
54.9363541666667,11.8297338485718
54.9396875,11.8295550346375
54.9430208333333,11.8293762207031
54.9463541666667,11.8291974067688
54.9496875,11.8289589881897
54.9530208333333,11.828601360321
54.9563541666667,11.8282437324524
54.9596875,11.827826499939
54.9630208333333,11.827290058136
54.9663541666667,11.8266940116882
54.9696875,11.8260979652405
54.9730208333333,11.8254423141479
54.9763541666667,11.8248462677002
54.9796875,11.8242502212524
54.9830208333333,11.8237733840942
54.9863541666667,11.8234157562256
54.9896875,11.8232369422913
54.9930208333333,11.8232369422913
54.9963541666667,11.8234753608704
54.9996875,11.8240118026733
55.0030208333333,11.8247866630554
55.0063541666667,11.8257999420166
55.0096875,11.8271112442017
55.0130208333333,11.8286609649658
55.0163541666667,11.8304491043091
55.0196875,11.8324160575867
55.0230208333333,11.8345022201538
55.0263541666667,11.8367075920105
55.0296875,11.838972568512
55.0330208333333,11.8412971496582
55.0363541666667,11.8435025215149
55.0396875,11.8457078933716
55.0430208333333,11.8478536605835
55.0463541666667,11.8498206138611
55.0496875,11.8516683578491
55.0530208333333,11.8533372879028
55.0563541666667,11.854887008667
55.0596875,11.8562579154968
55.0630208333333,11.8575096130371
55.0663541666667,11.8585228919983
55.0696875,11.8593573570251
55.0730208333333,11.8600130081177
55.0763541666667,11.8604302406311
55.0796875,11.860728263855
55.0830208333333,11.8608474731445
55.0863541666667,11.8607878684998
55.0896875,11.8606686592102
55.0930208333333,11.8604898452759
55.0963541666667,11.8602514266968
55.0996875,11.8601322174072
55.1030208333333,11.8600726127625
55.1063541666667,11.8602514266968
55.1096875,11.8605494499207
55.1130208333333,11.8610858917236
55.1163541666667,11.8618607521057
55.1196875,11.8627548217773
55.1230208333333,11.8638873100281
55.1263541666667,11.8651986122131
55.1296875,11.8666291236877
55.1330208333333,11.8681192398071
55.1363541666667,11.8697285652161
55.1396875,11.871337890625
55.1430208333333,11.8730664253235
55.1463541666667,11.874794960022
55.1496875,11.8765830993652
55.1530208333333,11.8783712387085
55.1563541666667,11.880099773407
55.1596875,11.8818283081055
55.1630208333333,11.883556842804
55.1663541666667,11.8851661682129
55.1696875,11.8866562843323
55.1730208333333,11.8880867958069
55.1763541666667,11.8893384933472
55.1796875,11.8904709815979
55.1830208333333,11.8913650512695
55.1863541666667,11.8920207023621
55.1896875,11.8924975395203
55.1930208333333,11.8926763534546
55.1963541666667,11.8926167488098
55.1996875,11.8923783302307
55.2030208333333,11.8919610977173
55.2063541666667,11.8914842605591
55.2096875,11.8909478187561
55.2130208333333,11.8905305862427
55.2163541666667,11.8902921676636
55.2196875,11.8902921676636
55.2230208333333,11.8905305862427
55.2263541666667,11.8911266326904
55.2296875,11.8920207023621
55.2330208333333,11.8932127952576
55.2363541666667,11.8946433067322
55.2396875,11.8963718414307
55.2430208333333,11.8982195854187
55.2463541666667,11.9002461433411
55.2496875,11.902391910553
55.2530208333333,11.9046568870544
55.2563541666667,11.9069814682007
55.2596875,11.9093656539917
55.2630208333333,11.9117498397827
55.2663541666667,11.9141936302185
55.2696875,11.9165778160095
55.2730208333333,11.918842792511
55.2763541666667,11.9210481643677
55.2796875,11.9231939315796
55.2830208333333,11.9251012802124
55.2863541666667,11.9269490242004
55.2896875,11.9286179542542
55.2930208333333,11.9301676750183
55.2963541666667,11.9315981864929
55.2996875,11.932909488678
55.3030208333333,11.9340419769287
55.3063541666667,11.9351148605347
55.3096875,11.9359493255615
55.3130208333333,11.9367241859436
55.3163541666667,11.9373202323914
55.3196875,11.9377374649048
55.3230208333333,11.9380950927734
55.3263541666667,11.9383931159973
55.3296875,11.9386911392212
55.3330208333333,11.9389891624451
55.3363541666667,11.9393467903137
55.3396875,11.9398236274719
55.3430208333333,11.9405388832092
55.3463541666667,11.9414329528809
55.3496875,11.9426250457764
55.3530208333333,11.9441747665405
55.3563541666667,11.9460225105286
55.3596875,11.9482278823853
55.3630208333333,11.9507908821106
55.3663541666667,11.9537115097046
55.3696875,11.9569301605225
55.3730208333333,11.9604468345642
55.3763541666667,11.9643211364746
55.3796875,11.9683742523193
55.3830208333333,11.9726657867432
55.3863541666667,11.9772553443909
55.3896875,11.9819641113281
55.3930208333333,11.9869709014893
55.3963541666667,11.9922161102295
55.3996875,11.9976997375488
55.4030208333333,12.003481388092
55.4063541666667,12.0095610618591
55.4096875,12.0159983634949
55.4130208333333,12.0227336883545
55.4163541666667,12.0298266410828
55.4196875,12.0372176170349
55.4230208333333,12.0449066162109
55.4263541666667,12.0527744293213
55.4296875,12.0607018470764
55.4330208333333,12.0686888694763
55.4363541666667,12.0765566825867
55.4396875,12.0842456817627
55.4430208333333,12.0916962623596
55.4463541666667,12.0987892150879
55.4496875,12.1054649353027
55.4530208333333,12.1117234230042
55.4563541666667,12.1175050735474
55.4596875,12.1228098869324
55.4630208333333,12.127697467804
55.4663541666667,12.1320486068726
55.4696875,12.135922908783
55.4730208333333,12.1392607688904
55.4763541666667,12.1420621871948
55.4796875,12.1442079544067
55.4830208333333,12.1457576751709
55.4863541666667,12.146532535553
55.4896875,12.1466517448425
55.4930208333333,12.1460556983948
55.4963541666667,12.1447443962097
55.4996875,12.1427178382874
55.5030208333333,12.1400952339172
55.5063541666667,12.1369361877441
55.5096875,12.1332406997681
55.5130208333333,12.1291279792786
55.5163541666667,12.1247172355652
55.5196875,12.1200680732727
55.5230208333333,12.1151804924011
55.5263541666667,12.1102333068848
55.5296875,12.1052265167236
55.5330208333333,12.1002197265625
55.5363541666667,12.0952725410461
55.5396875,12.0903849601746
55.5430208333333,12.0856165885925
55.5463541666667,12.0810270309448
55.5496875,12.0764970779419
55.5530208333333,12.0721459388733
55.5563541666667,12.067973613739
55.5596875,12.0639801025391
55.5630208333333,12.0602250099182
55.5663541666667,12.0567083358765
55.5696875,12.0534896850586
55.5730208333333,12.0505690574646
55.5763541666667,12.0480060577393
55.5796875,12.0458602905273
55.5830208333333,12.0441317558289
55.5863541666667,12.0428204536438
55.5896875,12.0419263839722
55.5930208333333,12.041449546814
55.5963541666667,12.0413899421692
55.5996875,12.0416879653931
55.6030208333333,12.0423436164856
55.6063541666667,12.0432376861572
55.6096875,12.044370174408
55.6130208333333,12.0456218719482
55.6163541666667,12.0469331741333
55.6196875,12.0482444763184
55.6230208333333,12.0494365692139
55.6263541666667,12.0505690574646
55.6296875,12.051522731781
55.6330208333333,12.0522975921631
55.6363541666667,12.0528936386108
55.6396875,12.0533108711243
55.6430208333333,12.0534896850586
55.6463541666667,12.0534300804138
55.6496875,12.0533108711243
55.6530208333333,12.0530128479004
55.6563541666667,12.052595615387
55.6596875,12.0521187782288
55.6630208333333,12.0515823364258
55.6663541666667,12.0509266853333
55.6696875,12.0502710342407
55.6730208333333,12.0494961738586
55.6763541666667,12.0487213134766
55.6796875,12.0478272438049
55.6830208333333,12.0469331741333
55.6863541666667,12.0460391044617
55.6896875,12.04514503479
55.6930208333333,12.0444297790527
55.6963541666667,12.0437741279602
55.6996875,12.0433568954468
55.7030208333333,12.0431780815125
55.7063541666667,12.0432376861572
55.7096875,12.0436549186707
55.7130208333333,12.044370174408
55.7163541666667,12.0453834533691
55.7196875,12.0466351509094
55.7230208333333,12.0481848716736
55.7263541666667,12.0498538017273
55.7296875,12.0517015457153
55.7330208333333,12.0535492897034
55.7363541666667,12.0554566383362
55.7396875,12.0572447776794
55.7430208333333,12.0589733123779
55.7463541666667,12.0605826377869
55.7496875,12.0620131492615
55.7530208333333,12.0632648468018
55.7563541666667,12.0643973350525
55.7596875,12.0654106140137
55.7630208333333,12.0662450790405
55.7663541666667,12.0669007301331
55.7696875,12.0673775672913
55.7730208333333,12.0677351951599
55.7763541666667,12.0678544044495
55.7796875,12.0678544044495
55.7830208333333,12.0676755905151
55.7863541666667,12.0673775672913
55.7896875,12.0669603347778
55.7930208333333,12.0664834976196
55.7963541666667,12.0660066604614
55.7996875,12.0655298233032
55.8030208333333,12.0652318000793
55.8063541666667,12.065052986145
55.8096875,12.065052986145
55.8130208333333,12.0652318000793
55.8163541666667,12.0656490325928
55.8196875,12.0662450790405
55.8230208333333,12.0670199394226
55.8263541666667,12.0680928230286
55.8296875,12.0694041252136
55.8330208333333,12.0709538459778
55.8363541666667,12.072741985321
55.8396875,12.0747685432434
55.8430208333333,12.0770335197449
55.8463541666667,12.0794177055359
55.8496875,12.082040309906
55.8530208333333,12.0847225189209
55.8563541666667,12.0874643325806
55.8596875,12.0901465415955
55.8630208333333,12.0928287506104
55.8663541666667,12.0954513549805
55.8696875,12.097954750061
55.8730208333333,12.1002793312073
55.8763541666667,12.102484703064
55.8796875,12.1045112609863
55.8830208333333,12.1062994003296
55.8863541666667,12.1079087257385
55.8896875,12.1092200279236
55.8930208333333,12.1102929115295
55.8963541666667,12.1111869812012
55.8996875,12.1118426322937
55.9030208333333,12.1123194694519
55.9063541666667,12.1126174926758
55.9096875,12.1128559112549
55.9130208333333,12.1129751205444
55.9163541666667,12.1129751205444
55.9196875,12.1129751205444
55.9230208333333,12.1129155158997
55.9263541666667,12.1127963066101
55.9296875,12.112557888031
55.9330208333333,12.1123194694519
55.9363541666667,12.1119618415833
55.9396875,12.1116042137146
55.9430208333333,12.1111869812012
55.9463541666667,12.1108293533325
55.9496875,12.1105909347534
55.9530208333333,12.1104121208191
55.9563541666667,12.1104717254639
55.9596875,12.110710144043
55.9630208333333,12.1111273765564
55.9663541666667,12.1117830276489
55.9696875,12.1126174926758
55.9730208333333,12.113630771637
55.9763541666667,12.1147632598877
55.9796875,12.116014957428
55.9830208333333,12.1172666549683
55.9863541666667,12.1184587478638
55.9896875,12.1195912361145
55.9930208333333,12.1206641197205
55.9963541666667,12.1215581893921
55.9996875,12.1223330497742
56.0030208333333,12.1229887008667
56.0063541666667,12.1234655380249
56.0096875,12.1237635612488
56.0130208333333,12.1239423751831
56.0163541666667,12.1240615844727
56.0196875,12.1240615844727
56.0230208333333,12.1240019798279
56.0263541666667,12.1238827705383
56.0296875,12.1236443519592
56.0330208333333,12.1234059333801
56.0363541666667,12.1231079101563
56.0396875,12.1228098869324
56.0430208333333,12.1223926544189
56.0463541666667,12.1220350265503
56.0496875,12.1216773986816
56.0530208333333,12.121319770813
56.0563541666667,12.1209621429443
56.0596875,12.1207237243652
56.0630208333333,12.1204853057861
56.0663541666667,12.1204257011414
56.0696875,12.1204853057861
56.0730208333333,12.1207237243652
56.0763541666667,12.1212601661682
56.0796875,12.1220350265503
56.0830208333333,12.1231079101563
56.0863541666667,12.1244788169861
56.0896875,12.1261477470398
56.0930208333333,12.1281743049622
56.0963541666667,12.1304392814636
56.0996875,12.1329426765442
56.1030208333333,12.1356248855591
56.1063541666667,12.1384263038635
56.1096875,12.1412873268127
56.1130208333333,12.1442079544067
56.1163541666667,12.147068977356
56.1196875,12.1498703956604
56.1230208333333,12.1525526046753
56.1263541666667,12.1551752090454
56.1296875,12.1575593948364
56.1330208333333,12.1597647666931
56.1363541666667,12.1617317199707
56.1396875,12.163519859314
56.1430208333333,12.1651291847229
56.1463541666667,12.1665596961975
56.1496875,12.1678113937378
56.1530208333333,12.1689438819885
56.1563541666667,12.1698975563049
56.1596875,12.1707916259766
56.1630208333333,12.1716260910034
56.1663541666667,12.1724605560303
56.1696875,12.1732354164124
56.1730208333333,12.1740698814392
56.1763541666667,12.1749043464661
56.1796875,12.1757984161377
56.1830208333333,12.1766924858093
56.1863541666667,12.1776461601257
56.1896875,12.1785998344421
56.1930208333333,12.1794939041138
56.1963541666667,12.1803879737854
56.1996875,12.181282043457
56.2030208333333,12.1821165084839
56.2063541666667,12.182891368866
56.2096875,12.183666229248
56.2130208333333,12.1845602989197
56.2163541666667,12.1854543685913
56.2196875,12.1865272521973
56.2230208333333,12.1877193450928
56.2263541666667,12.1890306472778
56.2296875,12.1905207633972
56.2330208333333,12.1921896934509
56.2363541666667,12.1939778327942
56.2396875,12.195885181427
56.2430208333333,12.1978521347046
56.2463541666667,12.199878692627
56.2496875,12.2018456459045
56.2530208333333,12.2038125991821
56.2563541666667,12.2056603431702
56.2596875,12.2073292732239
56.2630208333333,12.2088193893433
56.2663541666667,12.2100710868835
56.2696875,12.2110247612
56.2730208333333,12.2117400169373
56.2763541666667,12.2122168540955
56.2796875,12.2123956680298
56.2830208333333,12.212336063385
56.2863541666667,12.2120380401611
56.2896875,12.2116208076477
56.2930208333333,12.2111439704895
56.2963541666667,12.2106671333313
56.2996875,12.2102499008179
56.3030208333333,12.2098922729492
56.3063541666667,12.2096538543701
56.3096875,12.2095346450806
56.3130208333333,12.2095942497253
56.3163541666667,12.2097134590149
56.3196875,12.2100114822388
56.3230208333333,12.2103691101074
56.3263541666667,12.2108459472656
56.3296875,12.2113227844238
56.3330208333333,12.2118592262268
56.3363541666667,12.2125148773193
56.3396875,12.2132301330566
56.3430208333333,12.2140645980835
56.3463541666667,12.2150182723999
56.3496875,12.2161507606506
56.3530208333333,12.2174024581909
56.3563541666667,12.2188925743103
56.3596875,12.220561504364
56.3630208333333,12.2224688529968
56.3663541666667,12.2246146202087
56.3696875,12.2268795967102
56.3730208333333,12.2293829917908
56.3763541666667,12.2319459915161
56.3796875,12.2345685958862
56.3830208333333,12.2371912002563
56.3863541666667,12.2396945953369
56.3896875,12.2421383857727
56.3930208333333,12.2443437576294
56.3963541666667,12.2463703155518
56.3996875,12.2480988502502
56.4030208333333,12.2495293617249
56.4063541666667,12.2506618499756
56.4096875,12.2514963150024
56.4130208333333,12.2520923614502
56.4163541666667,12.2524499893188
56.4196875,12.2525691986084
56.4230208333333,12.2525691986084
56.4263541666667,12.2523903846741
56.4296875,12.2522115707397
56.4330208333333,12.2519135475159
56.4363541666667,12.2516751289368
56.4396875,12.2514963150024
56.4430208333333,12.2513175010681
56.4463541666667,12.2511386871338
56.4496875,12.251079082489
56.4530208333333,12.2509598731995
56.4563541666667,12.2509598731995
56.4596875,12.2509002685547
56.4630208333333,12.2509002685547
56.4663541666667,12.2509002685547
56.4696875,12.2509598731995
56.4730208333333,12.2511386871338
56.4763541666667,12.2513771057129
56.4796875,12.2516751289368
56.4830208333333,12.252151966095
56.4863541666667,12.2527480125427
56.4896875,12.2535228729248
56.4930208333333,12.2544765472412
56.4963541666667,12.2556090354919
56.4996875,12.2568607330322
56.5030208333333,12.2583508491516
56.5063541666667,12.2599601745605
56.5096875,12.2617483139038
56.5130208333333,12.2636556625366
56.5163541666667,12.2656226158142
56.5196875,12.2676491737366
56.5230208333333,12.2696161270142
56.5263541666667,12.2715830802917
56.5296875,12.2734904289246
56.5330208333333,12.2752785682678
56.5363541666667,12.2770071029663
56.5396875,12.2786164283752
56.5430208333333,12.2801065444946
56.5463541666667,12.2815370559692
56.5496875,12.2829079627991
56.5530208333333,12.2842788696289
56.5563541666667,12.285590171814
56.5596875,12.286901473999
56.5630208333333,12.2882127761841
56.5663541666667,12.2894644737244
56.5696875,12.2907757759094
56.5730208333333,12.2920870780945
56.5763541666667,12.2934579849243
56.5796875,12.2947692871094
56.5830208333333,12.2960209846497
56.5863541666667,12.2972726821899
56.5896875,12.2985243797302
56.5930208333333,12.299656867981
56.5963541666667,12.3007297515869
56.5996875,12.3018026351929
56.6030208333333,12.3027563095093
56.6063541666667,12.3036503791809
56.6096875,12.3045444488525
56.6130208333333,12.3053193092346
56.6163541666667,12.3060941696167
56.6196875,12.3067498207092
56.6230208333333,12.307345867157
56.6263541666667,12.3079419136047
56.6296875,12.3084187507629
56.6330208333333,12.3088359832764
56.6363541666667,12.309193611145
56.6396875,12.3094916343689
56.6430208333333,12.3097896575928
56.6463541666667,12.3099684715271
56.6496875,12.3102068901062
56.6530208333333,12.3103260993958
56.6563541666667,12.3104453086853
56.6596875,12.3105049133301
56.6630208333333,12.3104453086853
56.6663541666667,12.3103260993958
56.6696875,12.3100280761719
56.6730208333333,12.3096704483032
56.6763541666667,12.309193611145
56.6796875,12.3085975646973
56.6830208333333,12.3079419136047
56.6863541666667,12.3072266578674
56.6896875,12.3065114021301
56.6930208333333,12.3058557510376
56.6963541666667,12.3052597045898
56.6996875,12.3047232627869
56.7030208333333,12.3043656349182
56.7063541666667,12.3041868209839
56.7096875,12.3041868209839
56.7130208333333,12.3043060302734
56.7163541666667,12.3047232627869
56.7196875,12.3053193092346
56.7230208333333,12.3061537742615
56.7263541666667,12.307345867157
56.7296875,12.3087763786316
56.7330208333333,12.3105049133301
56.7363541666667,12.312650680542
56.7396875,12.315034866333
56.7430208333333,12.3178362846375
56.7463541666667,12.320876121521
56.7496875,12.3242139816284
56.7530208333333,12.3277902603149
56.7563541666667,12.331485748291
56.7596875,12.3353004455566
56.7630208333333,12.3391151428223
56.7663541666667,12.3429298400879
56.7696875,12.3467445373535
56.7730208333333,12.3504996299744
56.7763541666667,12.3541951179504
56.7796875,12.3578310012817
56.7830208333333,12.3614072799683
56.7863541666667,12.3648643493652
56.7896875,12.3682618141174
56.7930208333333,12.3715996742249
56.7963541666667,12.3747587203979
56.7996875,12.3777389526367
56.8030208333333,12.3805403709412
56.8063541666667,12.3830437660217
56.8096875,12.3852491378784
56.8130208333333,12.387216091156
56.8163541666667,12.3888254165649
56.8196875,12.39013671875
56.8230208333333,12.3911499977112
56.8263541666667,12.3919248580933
56.8296875,12.3924016952515
56.8330208333333,12.3926401138306
56.8363541666667,12.3927593231201
56.8396875,12.3927593231201
56.8430208333333,12.3925805091858
56.8463541666667,12.3924016952515
56.8496875,12.3921632766724
56.8530208333333,12.3918652534485
56.8563541666667,12.3916268348694
56.8596875,12.3914480209351
56.8630208333333,12.3913288116455
56.8663541666667,12.3912692070007
56.8696875,12.3912692070007
56.8730208333333,12.3914480209351
56.8763541666667,12.3916268348694
56.8796875,12.391984462738
56.8830208333333,12.3924016952515
56.8863541666667,12.3929381370544
56.8896875,12.3935341835022
56.8930208333333,12.3941898345947
56.8963541666667,12.394905090332
56.8996875,12.3956799507141
56.9030208333333,12.396514415741
56.9063541666667,12.3973488807678
56.9096875,12.3981833457947
56.9130208333333,12.3990774154663
56.9163541666667,12.4000906944275
56.9196875,12.4011039733887
56.9230208333333,12.4021768569946
56.9263541666667,12.4033093452454
56.9296875,12.4044418334961
56.9330208333333,12.4056339263916
56.9363541666667,12.4068260192871
56.9396875,12.4079585075378
56.9430208333333,12.4090313911438
56.9463541666667,12.4099850654602
56.9496875,12.4108195304871
56.9530208333333,12.4114751815796
56.9563541666667,12.4120712280273
56.9596875,12.4124884605408
56.9630208333333,12.4127864837646
56.9663541666667,12.4130249023438
56.9696875,12.4130845069885
56.9730208333333,12.4130845069885
56.9763541666667,12.4130249023438
56.9796875,12.4128460884094
56.9830208333333,12.4125480651855
56.9863541666667,12.4121904373169
56.9896875,12.4117136001587
56.9930208333333,12.4111771583557
56.9963541666667,12.410581111908
56.9996875,12.4099850654602
57.0030208333333,12.4093890190125
57.0063541666667,12.4087929725647
57.0096875,12.4083757400513
57.0130208333333,12.4080181121826
57.0163541666667,12.4078392982483
57.0196875,12.4078392982483
57.0230208333333,12.4079585075378
57.0263541666667,12.4082565307617
57.0296875,12.4087333679199
57.0330208333333,12.4093294143677
57.0363541666667,12.4101042747498
57.0396875,12.4109387397766
57.0430208333333,12.411892414093
57.0463541666667,12.4129056930542
57.0496875,12.4140977859497
57.0530208333333,12.4152898788452
57.0563541666667,12.416660785675
57.0596875,12.4180316925049
57.0630208333333,12.4195218086243
57.0663541666667,12.4210715293884
57.0696875,12.4226808547974
57.0730208333333,12.4243497848511
57.0763541666667,12.4260187149048
57.0796875,12.427806854248
57.0830208333333,12.4296545982361
57.0863541666667,12.4315023422241
57.0896875,12.4334692955017
57.0930208333333,12.4354362487793
57.0963541666667,12.4374032020569
57.0996875,12.4393701553345
57.1030208333333,12.4412775039673
57.1063541666667,12.4430656433105
57.1096875,12.4446749687195
57.1130208333333,12.4461054801941
57.1163541666667,12.4473571777344
57.1196875,12.448251247406
57.1230208333333,12.4489068984985
57.1263541666667,12.4492645263672
57.1296875,12.4493837356567
57.1330208333333,12.4492049217224
57.1363541666667,12.4488472938538
57.1396875,12.4483108520508
57.1430208333333,12.4476552009583
57.1463541666667,12.4468803405762
57.1496875,12.4461650848389
57.1530208333333,12.4454498291016
57.1563541666667,12.444794178009
57.1596875,12.4442577362061
57.1630208333333,12.4438405036926
57.1663541666667,12.4435424804688
57.1696875,12.4434232711792
57.1730208333333,12.4433636665344
57.1763541666667,12.4434232711792
57.1796875,12.4436020851135
57.1830208333333,12.4437808990479
57.1863541666667,12.444019317627
57.1896875,12.4443173408508
57.1930208333333,12.4446153640747
57.1963541666667,12.4449133872986
57.1996875,12.4452710151672
57.2030208333333,12.4455690383911
57.2063541666667,12.4459862709045
57.2096875,12.446403503418
57.2130208333333,12.4468803405762
57.2163541666667,12.4474167823792
57.2196875,12.4480128288269
57.2230208333333,12.4486684799194
57.2263541666667,12.4493837356567
57.2296875,12.4502182006836
57.2330208333333,12.4511122703552
57.2363541666667,12.4521255493164
57.2396875,12.4531984329224
57.2430208333333,12.4543309211731
57.2463541666667,12.4555230140686
57.2496875,12.4567747116089
57.2530208333333,12.4580860137939
57.2563541666667,12.4593377113342
57.2596875,12.4606490135193
57.2630208333333,12.4619603157043
57.2663541666667,12.4632120132446
57.2696875,12.4645233154297
57.2730208333333,12.46577501297
57.2763541666667,12.4670267105103
57.2796875,12.4682784080505
57.2830208333333,12.4695301055908
57.2863541666667,12.4707221984863
57.2896875,12.4719142913818
57.2930208333333,12.4731063842773
57.2963541666667,12.4743580818176
57.2996875,12.4756693840027
57.3030208333333,12.4770402908325
57.3063541666667,12.4785900115967
57.3096875,12.4803185462952
57.3130208333333,12.4822854995728
57.3163541666667,12.4844908714294
57.3196875,12.4869346618652
57.3230208333333,12.4896168708801
57.3263541666667,12.4924778938293
57.3296875,12.4955177307129
57.3330208333333,12.4986171722412
57.3363541666667,12.5017762184143
57.3396875,12.5049948692322
57.3430208333333,12.5080943107605
57.3463541666667,12.5111937522888
57.3496875,12.5141739845276
57.3530208333333,12.516975402832
57.3563541666667,12.5197172164917
57.3596875,12.5223398208618
57.3630208333333,12.5247836112976
57.3663541666667,12.5271081924438
57.3696875,12.5293731689453
57.3730208333333,12.5315189361572
57.3763541666667,12.5335454940796
57.3796875,12.5355124473572
57.3830208333333,12.5374794006348
57.3863541666667,12.5393271446228
57.3896875,12.5411152839661
57.3930208333333,12.5428438186646
57.3963541666667,12.5444531440735
57.3996875,12.5460028648376
57.4030208333333,12.5474333763123
57.4063541666667,12.5486850738525
57.4096875,12.5497579574585
57.4130208333333,12.5506520271301
57.4163541666667,12.5513076782227
57.4196875,12.5517845153809
57.4230208333333,12.55202293396
57.4263541666667,12.5520825386047
57.4296875,12.5519633293152
57.4330208333333,12.5516653060913
57.4363541666667,12.5512480735779
57.4396875,12.5508308410645
57.4430208333333,12.5502943992615
57.4463541666667,12.5497579574585
57.4496875,12.5492811203003
57.4530208333333,12.5488638877869
57.4563541666667,12.5484466552734
57.4596875,12.5481486320496
57.4630208333333,12.5479102134705
57.4663541666667,12.5477313995361
57.4696875,12.5476717948914
57.4730208333333,12.5477313995361
57.4763541666667,12.5479698181152
57.4796875,12.5483274459839
57.4830208333333,12.5488042831421
57.4863541666667,12.5494599342346
57.4896875,12.5502347946167
57.4930208333333,12.5511288642883
57.4963541666667,12.5521421432495
57.4996875,12.5532150268555
57.5030208333333,12.5542879104614
57.5063541666667,12.5553607940674
57.5096875,12.5564336776733
57.5130208333333,12.5575065612793
57.5163541666667,12.5585794448853
57.5196875,12.5596523284912
57.5230208333333,12.5607848167419
57.5263541666667,12.5620365142822
57.5296875,12.5633478164673
57.5330208333333,12.5647187232971
57.5363541666667,12.5661492347717
57.5396875,12.5676393508911
57.5430208333333,12.5691890716553
57.5463541666667,12.5706791877747
57.5496875,12.572169303894
57.5530208333333,12.5735998153687
57.5563541666667,12.5749111175537
57.5596875,12.5762224197388
57.5630208333333,12.5774145126343
57.5663541666667,12.578547000885
57.5696875,12.5796794891357
57.5730208333333,12.5806927680969
57.5763541666667,12.5817060470581
57.5796875,12.5826001167297
57.5830208333333,12.5834941864014
57.5863541666667,12.5842690467834
57.5896875,12.584924697876
57.5930208333333,12.585461139679
57.5963541666667,12.5859379768372
57.5996875,12.5862956047058
57.6030208333333,12.5865340232849
57.6063541666667,12.5867128372192
57.6096875,12.5868916511536
57.6130208333333,12.5870704650879
57.6163541666667,12.5872492790222
57.6196875,12.5875473022461
57.6230208333333,12.5879645347595
57.6263541666667,12.5885605812073
57.6296875,12.5892758369446
57.6330208333333,12.590229511261
57.6363541666667,12.5913619995117
57.6396875,12.5927329063416
57.6430208333333,12.5942826271057
57.6463541666667,12.5960111618042
57.6496875,12.597918510437
57.6530208333333,12.5999450683594
57.6563541666667,12.6019716262817
57.6596875,12.6040577888489
57.6630208333333,12.6060247421265
57.6663541666667,12.6079916954041
57.6696875,12.6097798347473
57.6730208333333,12.6115083694458
57.6763541666667,12.6131176948547
57.6796875,12.6146674156189
57.6830208333333,12.6162171363831
57.6863541666667,12.6177668571472
57.6896875,12.6193761825562
57.6930208333333,12.6211047172546
57.6963541666667,12.6229524612427
57.6996875,12.6249194145203
57.7030208333333,12.6269459724426
57.7063541666667,12.6290917396545
57.7096875,12.6312971115112
57.7130208333333,12.6334428787231
57.7163541666667,12.6355886459351
57.7196875,12.6376152038574
57.7230208333333,12.6394629478455
57.7263541666667,12.6411318778992
57.7296875,12.642502784729
57.7330208333333,12.6436352729797
57.7363541666667,12.6444101333618
57.7396875,12.64488697052
57.7430208333333,12.6450657844543
57.7463541666667,12.6448273658752
57.7496875,12.644350528717
57.7530208333333,12.643575668335
57.7563541666667,12.6425623893738
57.7596875,12.6413702964783
57.7630208333333,12.6400589942932
57.7663541666667,12.6387476921082
57.7696875,12.6374363899231
57.7730208333333,12.6362442970276
57.7763541666667,12.6351118087769
57.7796875,12.6342177391052
57.7830208333333,12.6335024833679
57.7863541666667,12.6329660415649
57.7896875,12.6326084136963
57.7930208333333,12.632429599762
57.7963541666667,12.6323699951172
57.7996875,12.632429599762
57.8030208333333,12.6326084136963
57.8063541666667,12.6327872276306
57.8096875,12.6329660415649
57.8130208333333,12.633204460144
57.8163541666667,12.6334428787231
57.8196875,12.6336812973022
57.8230208333333,12.6339197158813
57.8263541666667,12.63427734375
57.8296875,12.6346945762634
57.8330208333333,12.6351714134216
57.8363541666667,12.6357078552246
57.8396875,12.6362442970276
57.8430208333333,12.6368999481201
57.8463541666667,12.6376152038574
57.8496875,12.6384496688843
57.8530208333333,12.6393437385559
57.8563541666667,12.6403570175171
57.8596875,12.6416087150574
57.8630208333333,12.6429796218872
57.8663541666667,12.6446485519409
57.8696875,12.646496295929
57.8730208333333,12.6485228538513
57.8763541666667,12.6506686210632
57.8796875,12.6528739929199
57.8830208333333,12.6550197601318
57.8863541666667,12.6571655273438
57.8896875,12.6591324806213
57.8930208333333,12.6609802246094
57.8963541666667,12.6626491546631
57.8996875,12.6640796661377
57.9030208333333,12.665331363678
57.9063541666667,12.6664638519287
57.9096875,12.6674175262451
57.9130208333333,12.668251991272
57.9163541666667,12.6690268516541
57.9196875,12.6697421073914
57.9230208333333,12.6703977584839
57.9263541666667,12.6710534095764
57.9296875,12.6717686653137
57.9330208333333,12.672483921051
57.9363541666667,12.6733183860779
57.9396875,12.6742124557495
57.9430208333333,12.6751661300659
57.9463541666667,12.6761794090271
57.9496875,12.6773715019226
57.9530208333333,12.6786231994629
57.9563541666667,12.6799941062927
57.9596875,12.6814842224121
57.9630208333333,12.6830339431763
57.9663541666667,12.6847624778748
57.9696875,12.6864910125732
57.9730208333333,12.6883387565613
57.9763541666667,12.6902461051941
57.9796875,12.6920938491821
57.9830208333333,12.6938819885254
57.9863541666667,12.6955509185791
57.9896875,12.6971006393433
57.9930208333333,12.6985311508179
57.9963541666667,12.6996636390686
57.9996875,12.700617313385
58.0030208333333,12.7013921737671
58.0063541666667,12.7019286155701
58.0096875,12.7023458480835
58.0130208333333,12.7025842666626
58.0163541666667,12.7028226852417
58.0196875,12.7030611038208
58.0230208333333,12.7032995223999
58.0263541666667,12.7036571502686
58.0296875,12.7041339874268
58.0330208333333,12.7047300338745
58.0363541666667,12.7054452896118
58.0396875,12.7062797546387
58.0430208333333,12.7072334289551
58.0463541666667,12.708306312561
58.0496875,12.7094984054565
58.0530208333333,12.7108097076416
58.0563541666667,12.7121806144714
58.0596875,12.7136707305908
58.0630208333333,12.7153396606445
58.0663541666667,12.7171277999878
58.0696875,12.7190351486206
58.0730208333333,12.7211809158325
58.0763541666667,12.7233862876892
58.0796875,12.7257704734802
58.0830208333333,12.7282738685608
58.0863541666667,12.7308964729309
58.0896875,12.7335786819458
58.0930208333333,12.7363204956055
58.0963541666667,12.7391219139099
58.0996875,12.7419233322144
58.1030208333333,12.7447247505188
58.1063541666667,12.747585773468
58.1096875,12.7503871917725
58.1130208333333,12.7531290054321
58.1163541666667,12.7559304237366
58.1196875,12.7586722373962
58.1230208333333,12.7614140510559
58.1263541666667,12.7641558647156
58.1296875,12.76695728302
58.1330208333333,12.7697587013245
58.1363541666667,12.7726197242737
58.1396875,12.7755403518677
58.1430208333333,12.7785205841064
58.1463541666667,12.78156042099
58.1496875,12.7845406532288
58.1530208333333,12.7875208854675
58.1563541666667,12.7903819084167
58.1596875,12.7930641174316
58.1630208333333,12.7955675125122
58.1663541666667,12.7978324890137
58.1696875,12.7997994422913
58.1730208333333,12.801468372345
58.1763541666667,12.8028392791748
58.1796875,12.803852558136
58.1830208333333,12.8046870231628
58.1863541666667,12.8053426742554
58.1896875,12.8057599067688
58.1930208333333,12.8061175346375
58.1963541666667,12.8063559532166
58.1996875,12.8065347671509
58.2030208333333,12.80677318573
58.2063541666667,12.8069519996643
58.2096875,12.8071308135986
58.2130208333333,12.8072500228882
58.2163541666667,12.8073692321777
58.2196875,12.8074288368225
58.2230208333333,12.8074288368225
58.2263541666667,12.8073692321777
58.2296875,12.8072500228882
58.2330208333333,12.8070712089539
58.2363541666667,12.8068923950195
58.2396875,12.8067135810852
58.2430208333333,12.8065943717957
58.2463541666667,12.8064751625061
58.2496875,12.8064155578613
58.2530208333333,12.8064155578613
58.2563541666667,12.8064155578613
58.2596875,12.8064751625061
58.2630208333333,12.8065943717957
58.2663541666667,12.80677318573
58.2696875,12.8069519996643
58.2730208333333,12.8072500228882
58.2763541666667,12.8076076507568
58.2796875,12.8080248832703
58.2830208333333,12.808620929718
58.2863541666667,12.8093361854553
58.2896875,12.8101110458374
58.2930208333333,12.8109455108643
58.2963541666667,12.8118991851807
58.2996875,12.8129124641418
58.3030208333333,12.8139853477478
58.3063541666667,12.8150582313538
58.3096875,12.8161907196045
58.3130208333333,12.8173232078552
58.3163541666667,12.8185749053955
58.3196875,12.8198266029358
58.3230208333333,12.8211379051208
58.3263541666667,12.8224492073059
58.3296875,12.823760509491
58.3330208333333,12.8249526023865
58.3363541666667,12.8259658813477
58.3396875,12.8268003463745
58.3430208333333,12.827455997467
58.3463541666667,12.8277540206909
58.3496875,12.8278136253357
58.3530208333333,12.8276348114014
58.3563541666667,12.8272771835327
58.3596875,12.8268003463745
58.3630208333333,12.8262639045715
58.3663541666667,12.8257274627686
58.3696875,12.8252506256104
58.3730208333333,12.8249526023865
58.3763541666667,12.8248333930969
58.3796875,12.8248333930969
58.3830208333333,12.825071811676
58.3863541666667,12.8254890441895
58.3896875,12.8260850906372
58.3930208333333,12.8268003463745
58.3963541666667,12.8276348114014
58.3996875,12.828528881073
58.4030208333333,12.8295421600342
58.4063541666667,12.8306150436401
58.4096875,12.8318667411804
58.4130208333333,12.8332376480103
58.4163541666667,12.8346681594849
58.4196875,12.8362774848938
58.4230208333333,12.8379464149475
58.4263541666667,12.8397345542908
58.4296875,12.841522693634
58.4330208333333,12.8434300422668
58.4363541666667,12.8453373908997
58.4396875,12.8472447395325
58.4430208333333,12.8492116928101
58.4463541666667,12.8511786460876
58.4496875,12.85320520401
58.4530208333333,12.8553509712219
58.4563541666667,12.8575563430786
58.4596875,12.8598213195801
58.4630208333333,12.8621459007263
58.4663541666667,12.8644704818726
58.4696875,12.8668546676636
58.4730208333333,12.869119644165
58.4763541666667,12.8713846206665
58.4796875,12.8735303878784
58.4830208333333,12.875497341156
58.4863541666667,12.8774046897888
58.4896875,12.8791332244873
58.4930208333333,12.8806829452515
58.4963541666667,12.8821134567261
58.4996875,12.8833651542664
58.5030208333333,12.8845572471619
58.5063541666667,12.885570526123
58.5096875,12.8865242004395
58.5130208333333,12.8872990608215
58.5163541666667,12.8880143165588
58.5196875,12.8886699676514
58.5230208333333,12.8891468048096
58.5263541666667,12.8895044326782
58.5296875,12.8896832466125
58.5330208333333,12.8897428512573
58.5363541666667,12.8896236419678
58.5396875,12.8893852233887
58.5430208333333,12.88902759552
58.5463541666667,12.8886103630066
58.5496875,12.8881931304932
58.5530208333333,12.8878355026245
58.5563541666667,12.8875374794006
58.5596875,12.8874182701111
58.5630208333333,12.8874778747559
58.5663541666667,12.887716293335
58.5696875,12.8881335258484
58.5730208333333,12.8886699676514
58.5763541666667,12.8893852233887
58.5796875,12.8901600837708
58.5830208333333,12.8909945487976
58.5863541666667,12.891948223114
58.5896875,12.8929018974304
58.5930208333333,12.8939747810364
58.5963541666667,12.8951668739319
58.5996875,12.8964185714722
58.6030208333333,12.897789478302
58.6063541666667,12.8993391990662
58.6096875,12.9010081291199
58.6130208333333,12.9028558731079
58.6163541666667,12.9048824310303
58.6196875,12.907087802887
58.6230208333333,12.9093527793884
58.6263541666667,12.9116773605347
58.6296875,12.9141211509705
58.6330208333333,12.916624546051
58.6363541666667,12.9191279411316
58.6396875,12.9216313362122
58.6430208333333,12.9241347312927
58.6463541666667,12.9266381263733
58.6496875,12.9290819168091
58.6530208333333,12.9314661026001
58.6563541666667,12.9337906837463
58.6596875,12.9360556602478
58.6630208333333,12.9382014274597
58.6663541666667,12.9402279853821
58.6696875,12.9421949386597
58.6730208333333,12.9440426826477
58.6763541666667,12.945830821991
58.6796875,12.9476189613342
58.6830208333333,12.9492878913879
58.6863541666667,12.9510164260864
58.6896875,12.9526853561401
58.6930208333333,12.9544138908386
58.6963541666667,12.9560828208923
58.6996875,12.9576921463013
58.7030208333333,12.9593014717102
58.7063541666667,12.9607915878296
58.7096875,12.9621624946594
58.7130208333333,12.9634141921997
58.7163541666667,12.9644274711609
58.7196875,12.965202331543
58.7230208333333,12.9657983779907
58.7263541666667,12.9660964012146
58.7296875,12.9662156105042
58.7330208333333,12.9661560058594
58.7363541666667,12.965977191925
58.7396875,12.9657387733459
58.7430208333333,12.9654407501221
58.7463541666667,12.9650831222534
58.7496875,12.9647850990295
58.7530208333333,12.9645466804504
58.7563541666667,12.9643082618713
58.7596875,12.964129447937
58.7630208333333,12.9640698432922
58.7663541666667,12.9640102386475
58.7696875,12.9640102386475
58.7730208333333,12.9640698432922
58.7763541666667,12.9642486572266
58.7796875,12.9646062850952
58.7830208333333,12.9650235176086
58.7863541666667,12.9656791687012
58.7896875,12.966513633728
58.7930208333333,12.9675269126892
58.7963541666667,12.9687786102295
58.7996875,12.9701495170593
58.8030208333333,12.9717588424683
58.8063541666667,12.9734873771667
58.8096875,12.9753351211548
58.8130208333333,12.9772424697876
58.8163541666667,12.9792094230652
58.8196875,12.9812359809875
58.8230208333333,12.9832029342651
58.8263541666667,12.9851698875427
58.8296875,12.9870176315308
58.8330208333333,12.988805770874
58.8363541666667,12.9905343055725
58.8396875,12.9921436309814
58.8430208333333,12.9936933517456
58.8463541666667,12.995183467865
58.8496875,12.9967331886292
58.8530208333333,12.9984021186829
58.8563541666667,13.0001306533813
58.8596875,13.0020976066589
58.8630208333333,13.0043625831604
58.8663541666667,13.006865978241
58.8696875,13.0098462104797
58.8730208333333,13.0131840705872
58.8763541666667,13.0169987678528
58.8796875,13.0213499069214
58.8830208333333,13.0261778831482
58.8863541666667,13.031542301178
58.8896875,13.0375027656555
58.8930208333333,13.0440592765808
58.8963541666667,13.0512118339539
58.8996875,13.0589604377747
58.9030208333333,13.0674242973328
58.9063541666667,13.0765438079834
58.9096875,13.0863785743713
58.9130208333333,13.0969285964966
58.9163541666667,13.1081938743591
58.9196875,13.120174407959
58.9230208333333,13.1328105926514
58.9263541666667,13.1461620330811
58.9296875,13.1601095199585
58.9330208333333,13.1747126579285
58.9363541666667,13.1897926330566
58.9396875,13.205349445343
58.9430208333333,13.221263885498
58.9463541666667,13.237476348877
58.9496875,13.2538080215454
58.9530208333333,13.2700800895691
58.9563541666667,13.2861733436584
58.9596875,13.3019089698792
58.9630208333333,13.3171081542969
58.9663541666667,13.3315324783325
58.9696875,13.3450031280518
58.9730208333333,13.3574604988098
58.9763541666667,13.3687257766724
58.9796875,13.3786201477051
58.9830208333333,13.387143611908
58.9863541666667,13.3941173553467
58.9896875,13.3995413780212
58.9930208333333,13.4033560752869
58.9963541666667,13.4055614471436
58.9996875,13.4061574935913
59.0030208333333,13.4051442146301
59.0063541666667,13.4026408195496
59.0096875,13.3986473083496
59.0130208333333,13.3932828903198
59.0163541666667,13.3866667747498
59.0196875,13.3788585662842
59.0230208333333,13.3700370788574
59.0263541666667,13.3603811264038
59.0296875,13.3499503135681
59.0330208333333,13.3389830589294
59.0363541666667,13.3276581764221
59.0396875,13.3160948753357
59.0430208333333,13.3044719696045
59.0463541666667,13.2929682731628
59.0496875,13.2817029953003
59.0530208333333,13.2707953453064
59.0563541666667,13.2604241371155
59.0596875,13.2506489753723
59.0630208333333,13.2414698600769
59.0663541666667,13.232946395874
59.0696875,13.2250785827637
59.0730208333333,13.2179260253906
59.0763541666667,13.2114291191101
59.0796875,13.2055878639221
59.0830208333333,13.2004022598267
59.0863541666667,13.195812702179
59.0896875,13.191819190979
59.0930208333333,13.188362121582
59.0963541666667,13.185441493988
59.0996875,13.1828784942627
59.1030208333333,13.180673122406
59.1063541666667,13.1786465644836
59.1096875,13.1767392158508
59.1130208333333,13.1748914718628
59.1163541666667,13.17298412323
59.1196875,13.1710171699524
59.1230208333333,13.1689310073853
59.1263541666667,13.1668448448181
59.1296875,13.1646990776062
59.1330208333333,13.1626725196838
59.1363541666667,13.160765171051
59.1396875,13.1590366363525
59.1430208333333,13.1576061248779
59.1463541666667,13.1564140319824
59.1496875,13.1555795669556
59.1530208333333,13.1551027297974
59.1563541666667,13.154923915863
59.1596875,13.1550431251526
59.1630208333333,13.1554007530212
59.1663541666667,13.1560564041138
59.1696875,13.1569504737854
59.1730208333333,13.1580233573914
59.1763541666667,13.1592750549316
59.1796875,13.1607055664063
59.1830208333333,13.1621956825256
59.1863541666667,13.1638050079346
59.1896875,13.1654143333435
59.1930208333333,13.1670832633972
59.1963541666667,13.1687521934509
59.1996875,13.1703615188599
59.2030208333333,13.1718516349792
59.2063541666667,13.1732821464539
59.2096875,13.1744742393494
59.2130208333333,13.1754875183105
59.2163541666667,13.1763219833374
59.2196875,13.1768584251404
59.2230208333333,13.177216053009
59.2263541666667,13.1773948669434
59.2296875,13.1773352622986
59.2330208333333,13.1771564483643
59.2363541666667,13.1769776344299
59.2396875,13.1767392158508
59.2430208333333,13.1765604019165
59.2463541666667,13.1765007972717
59.2496875,13.1765604019165
59.2530208333333,13.1767392158508
59.2563541666667,13.1771564483643
59.2596875,13.1776928901672
59.2630208333333,13.1784081459045
59.2663541666667,13.1792426109314
59.2696875,13.1802558898926
59.2730208333333,13.1813287734985
59.2763541666667,13.1825804710388
59.2796875,13.1838917732239
59.2830208333333,13.1852626800537
59.2863541666667,13.1867527961731
59.2896875,13.1883025169373
59.2930208333333,13.1899118423462
59.2963541666667,13.1915211677551
59.2996875,13.1931304931641
59.3030208333333,13.194739818573
59.3063541666667,13.1961703300476
59.3096875,13.1974816322327
59.3130208333333,13.1985545158386
59.3163541666667,13.1993889808655
59.3196875,13.1999254226685
59.3230208333333,13.2001638412476
59.3263541666667,13.2001042366028
59.3296875,13.1997466087341
59.3330208333333,13.1992101669312
59.3363541666667,13.1985545158386
59.3396875,13.1978392601013
59.3430208333333,13.197124004364
59.3463541666667,13.1965279579163
59.3496875,13.1961107254028
59.3530208333333,13.1959915161133
59.3563541666667,13.1960511207581
59.3596875,13.1964087486267
59.3630208333333,13.1970047950745
59.3663541666667,13.1978988647461
59.3696875,13.1989717483521
59.3730208333333,13.2002234458923
59.3763541666667,13.2016539573669
59.3796875,13.2031440734863
59.3830208333333,13.20481300354
59.3863541666667,13.2064819335938
59.3896875,13.208270072937
59.3930208333333,13.2099986076355
59.3963541666667,13.2117867469788
59.3996875,13.2135152816772
59.4030208333333,13.215184211731
59.4063541666667,13.2167935371399
59.4096875,13.2182836532593
59.4130208333333,13.2196545600891
59.4163541666667,13.2209062576294
59.4196875,13.2220387458801
59.4230208333333,13.2230520248413
59.4263541666667,13.2239460945129
59.4296875,13.2247805595398
59.4330208333333,13.2255554199219
59.4363541666667,13.226330280304
59.4396875,13.227105140686
59.4430208333333,13.2279992103577
59.4463541666667,13.2289528846741
59.4496875,13.2300853729248
59.4530208333333,13.2313966751099
59.4563541666667,13.2328867912292
59.4596875,13.2346153259277
59.4630208333333,13.2365226745605
59.4663541666667,13.2386684417725
59.4696875,13.2409334182739
59.4730208333333,13.2433176040649
59.4763541666667,13.2458209991455
59.4796875,13.2483243942261
59.4830208333333,13.2508873939514
59.4863541666667,13.2533311843872
59.4896875,13.255774974823
59.4930208333333,13.2580995559692
59.4963541666667,13.2603049278259
59.4996875,13.2623910903931
59.5030208333333,13.2643580436707
59.5063541666667,13.2661461830139
59.5096875,13.2677555084229
59.5130208333333,13.2691860198975
59.5163541666667,13.2704377174377
59.5196875,13.2714509963989
59.5230208333333,13.272225856781
59.5263541666667,13.2727026939392
59.5296875,13.2729411125183
59.5330208333333,13.2728219032288
59.5363541666667,13.2723450660706
59.5396875,13.2716298103333
59.5430208333333,13.2705569267273
59.5463541666667,13.269305229187
59.5496875,13.2678747177124
59.5530208333333,13.266384601593
59.5563541666667,13.2648944854736
59.5596875,13.2635235786438
59.5630208333333,13.2623910903931
59.5663541666667,13.261616230011
59.5696875,13.2611393928528
59.5730208333333,13.261079788208
59.5763541666667,13.2614374160767
59.5796875,13.2620930671692
59.5830208333333,13.2631063461304
59.5863541666667,13.2643580436707
59.5896875,13.2657885551453
59.5930208333333,13.2673382759094
59.5963541666667,13.2688879966736
59.5996875,13.2704377174377
59.6030208333333,13.2719278335571
59.6063541666667,13.2733583450317
59.6096875,13.2747292518616
59.6130208333333,13.2761001586914
59.6163541666667,13.2773518562317
59.6196875,13.278603553772
59.6230208333333,13.2797956466675
59.6263541666667,13.280987739563
59.6296875,13.2821202278137
59.6330208333333,13.2832527160645
59.6363541666667,13.2843255996704
59.6396875,13.2853388786316
59.6430208333333,13.286292552948
59.6463541666667,13.2871866226196
59.6496875,13.2880210876465
59.6530208333333,13.2888555526733
59.6563541666667,13.2895708084106
59.6596875,13.2902264595032
59.6630208333333,13.2908821105957
59.6663541666667,13.2915377616882
59.6696875,13.2922530174255
59.6730208333333,13.2929682731628
59.6763541666667,13.2938623428345
59.6796875,13.2948756217957
59.6830208333333,13.2961273193359
59.6863541666667,13.2975578308105
59.6896875,13.2991671562195
59.6930208333333,13.3010149002075
59.6963541666667,13.3030414581299
59.6996875,13.3052468299866
59.7030208333333,13.3074522018433
59.7063541666667,13.3097767829895
59.7096875,13.3119821548462
59.7130208333333,13.3141875267029
59.7163541666667,13.3162140846252
59.7196875,13.3181810379028
59.7230208333333,13.3200287818909
59.7263541666667,13.3216977119446
59.7296875,13.3233666419983
59.7330208333333,13.3249163627625
59.7363541666667,13.3265256881714
59.7396875,13.3281946182251
59.7430208333333,13.3298635482788
59.7463541666667,13.3316516876221
59.7496875,13.3334994316101
59.7530208333333,13.3353471755981
59.7563541666667,13.337254524231
59.7596875,13.339102268219
59.7630208333333,13.3408904075623
59.7663541666667,13.3426189422607
59.7696875,13.3442282676697
59.7730208333333,13.3457779884338
59.7763541666667,13.3472681045532
59.7796875,13.3488178253174
59.7830208333333,13.3504867553711
59.7863541666667,13.3523344993591
59.7896875,13.3544206619263
59.7930208333333,13.3568644523621
59.7963541666667,13.359546661377
59.7996875,13.3625864982605
59.8030208333333,13.3659243583679
59.8063541666667,13.3694410324097
59.8096875,13.3731365203857
59.8130208333333,13.3768916130066
59.8163541666667,13.3805871009827
59.8196875,13.3841633796692
59.8230208333333,13.3876204490662
59.8263541666667,13.390839099884
59.8296875,13.393759727478
59.8330208333333,13.3964419364929
59.8363541666667,13.3988261222839
59.8396875,13.4009122848511
59.8430208333333,13.4027004241943
59.8463541666667,13.4041905403137
59.8496875,13.4053826332092
59.8530208333333,13.4063363075256
59.8563541666667,13.4069919586182
59.8596875,13.4074091911316
59.8630208333333,13.4076476097107
59.8663541666667,13.4077072143555
59.8696875,13.4076476097107
59.8730208333333,13.4074687957764
59.8763541666667,13.4072303771973
59.8796875,13.4069919586182
59.8830208333333,13.4066939353943
59.8863541666667,13.4063959121704
59.8896875,13.4060978889465
59.8930208333333,13.4057998657227
59.8963541666667,13.4055614471436
59.8996875,13.405442237854
59.9030208333333,13.4053826332092
59.9063541666667,13.4055018424988
59.9096875,13.4058594703674
59.9130208333333,13.4063363075256
59.9163541666667,13.4071111679077
59.9196875,13.4080052375793
59.9230208333333,13.4091377258301
59.9263541666667,13.4103894233704
59.9296875,13.4117007255554
59.9330208333333,13.4130716323853
59.9363541666667,13.4144425392151
59.9396875,13.4157538414001
59.9430208333333,13.4170055389404
59.9463541666667,13.4181976318359
59.9496875,13.4193301200867
59.9530208333333,13.4204030036926
59.9563541666667,13.4214758872986
59.9596875,13.4224891662598
59.9630208333333,13.4235620498657
59.9663541666667,13.4246945381165
59.9696875,13.4258270263672
59.9730208333333,13.4270787239075
59.9763541666667,13.4283900260925
59.9796875,13.4297609329224
59.9830208333333,13.431191444397
59.9863541666667,13.4326815605164
59.9896875,13.434112071991
59.9930208333333,13.4355425834656
59.9963541666667,13.4368538856506
59.9996875,13.4381055831909
60.0030208333333,13.4391784667969
60.0063541666667,13.4400725364685
60.0096875,13.4409070014954
60.0130208333333,13.4415626525879
60.0163541666667,13.4422183036804
60.0196875,13.4428739547729
60.0230208333333,13.4435892105103
60.0263541666667,13.4444236755371
60.0296875,13.4454965591431
60.0330208333333,13.4468078613281
60.0363541666667,13.4483575820923
60.0396875,13.4501457214355
60.0430208333333,13.4521126747131
60.0463541666667,13.4541392326355
60.0496875,13.4562849998474
60.0530208333333,13.4584307670593
60.0563541666667,13.4605765342712
60.0596875,13.4625434875488
60.0630208333333,13.4644508361816
60.0663541666667,13.4662389755249
60.0696875,13.4678483009338
60.0730208333333,13.4693384170532
60.0763541666667,13.4707689285278
60.0796875,13.4720802307129
60.0830208333333,13.4733319282532
60.0863541666667,13.4745240211487
60.0896875,13.4756565093994
60.0930208333333,13.4767889976501
60.0963541666667,13.4778618812561
60.0996875,13.4789943695068
60.1030208333333,13.4801864624023
60.1063541666667,13.4814381599426
60.1096875,13.4827494621277
60.1130208333333,13.4841799736023
60.1163541666667,13.4857296943665
60.1196875,13.4874582290649
60.1230208333333,13.4892463684082
60.1263541666667,13.4912133216858
60.1296875,13.4932994842529
60.1330208333333,13.4954452514648
60.1363541666667,13.4977102279663
60.1396875,13.4999752044678
60.1430208333333,13.502299785614
60.1463541666667,13.5046243667603
60.1496875,13.5068893432617
60.1530208333333,13.5091543197632
60.1563541666667,13.5113596916199
60.1596875,13.5135054588318
60.1630208333333,13.5154724121094
60.1663541666667,13.5173797607422
60.1696875,13.5190486907959
60.1730208333333,13.5205984115601
60.1763541666667,13.5219097137451
60.1796875,13.5230422019958
60.1830208333333,13.5239362716675
60.1863541666667,13.5247111320496
60.1896875,13.5252475738525
60.1930208333333,13.525664806366
60.1963541666667,13.5259032249451
60.1996875,13.5259628295898
60.2030208333333,13.5259032249451
60.2063541666667,13.5257840156555
60.2096875,13.5254859924316
60.2130208333333,13.5251879692078
60.2163541666667,13.5248899459839
60.2196875,13.5246515274048
60.2230208333333,13.5244131088257
60.2263541666667,13.5244131088257
60.2296875,13.5245323181152
60.2330208333333,13.5247707366943
60.2363541666667,13.5252475738525
60.2396875,13.5258436203003
60.2430208333333,13.5264992713928
60.2463541666667,13.5272145271301
60.2496875,13.5278701782227
60.2530208333333,13.5284662246704
60.2563541666667,13.5289430618286
60.2596875,13.5293006896973
60.2630208333333,13.5296583175659
60.2663541666667,13.5299563407898
60.2696875,13.5303139686584
60.2730208333333,13.5307908058167
60.2763541666667,13.5313868522644
60.2796875,13.5321617126465
60.2830208333333,13.5331749916077
60.2863541666667,13.5344266891479
60.2896875,13.5357975959778
60.2930208333333,13.5373473167419
60.2963541666667,13.5390162467957
60.2996875,13.5406851768494
60.3030208333333,13.5422945022583
60.3063541666667,13.5438442230225
60.3096875,13.5452151298523
60.3130208333333,13.5464668273926
60.3163541666667,13.5474801063538
60.3196875,13.5483741760254
60.3230208333333,13.5490894317627
60.3263541666667,13.5496854782104
60.3296875,13.5502219200134
60.3330208333333,13.5506987571716
60.3363541666667,13.5512351989746
60.3396875,13.5518312454224
60.3430208333333,13.5525465011597
60.3463541666667,13.5533213615417
60.3496875,13.5542750358582
60.3530208333333,13.5552883148193
60.3563541666667,13.5563611984253
60.3596875,13.5575532913208
60.3630208333333,13.5587453842163
60.3663541666667,13.5599374771118
60.3696875,13.5611891746521
60.3730208333333,13.5623812675476
60.3763541666667,13.5635733604431
60.3796875,13.5647058486938
60.3830208333333,13.5658383369446
60.3863541666667,13.5669112205505
60.3896875,13.5680437088013
60.3930208333333,13.569176197052
60.3963541666667,13.5703086853027
60.3996875,13.571560382843
60.4030208333333,13.5728716850281
60.4063541666667,13.5741829872131
60.4096875,13.575553894043
60.4130208333333,13.5769248008728
60.4163541666667,13.5782957077026
60.4196875,13.5796070098877
60.4230208333333,13.580858707428
60.4263541666667,13.5820508003235
60.4296875,13.5831236839294
60.4330208333333,13.5841965675354
60.4363541666667,13.5852098464966
60.4396875,13.5862827301025
60.4430208333333,13.5874152183533
60.4463541666667,13.5886073112488
60.4496875,13.5899782180786
60.4530208333333,13.5915279388428
60.4563541666667,13.5931968688965
60.4596875,13.5950446128845
60.4630208333333,13.5970711708069
60.4663541666667,13.5992765426636
60.4696875,13.601541519165
60.4730208333333,13.6039853096008
60.4763541666667,13.6064887046814
60.4796875,13.6091113090515
60.4830208333333,13.6118531227112
60.4863541666667,13.6147141456604
60.4896875,13.6176347732544
60.4930208333333,13.6206746101379
60.4963541666667,13.623833656311
60.4996875,13.6269927024841
60.5030208333333,13.6301517486572
60.5063541666667,13.6333107948303
60.5096875,13.6363506317139
60.5130208333333,13.6392712593079
60.5163541666667,13.641893863678
60.5196875,13.644278049469
60.5230208333333,13.6463642120361
60.5263541666667,13.6481523513794
60.5296875,13.6497020721436
60.5330208333333,13.6509537696838
60.5363541666667,13.6520862579346
60.5396875,13.653039932251
60.5430208333333,13.6539936065674
60.5463541666667,13.6549472808838
60.5496875,13.6560201644897
60.5530208333333,13.6571526527405
60.5563541666667,13.658344745636
60.5596875,13.6597156524658
60.5630208333333,13.6612057685852
60.5663541666667,13.6626958847046
60.5696875,13.6643052101135
60.5730208333333,13.6659145355225
60.5763541666667,13.6675238609314
60.5796875,13.6690735816956
60.5830208333333,13.6706829071045
60.5863541666667,13.6722326278687
60.5896875,13.6737823486328
60.5930208333333,13.675332069397
60.5963541666667,13.6769413948059
60.5996875,13.6786699295044
60.6030208333333,13.6804580688477
60.6063541666667,13.6823058128357
60.6096875,13.6843323707581
60.6130208333333,13.6864185333252
60.6163541666667,13.6885643005371
60.6196875,13.690710067749
60.6230208333333,13.6929750442505
60.6263541666667,13.6951804161072
60.6296875,13.6973857879639
60.6330208333333,13.6995911598206
60.6363541666667,13.7016773223877
60.6396875,13.7037038803101
60.6430208333333,13.7056112289429
60.6463541666667,13.7074589729309
60.6496875,13.7091279029846
60.6530208333333,13.7107372283936
60.6563541666667,13.7121081352234
60.6596875,13.7133598327637
60.6630208333333,13.7143731117249
60.6663541666667,13.7152671813965
60.6696875,13.715922832489
60.6730208333333,13.7163996696472
60.6763541666667,13.7166976928711
60.6796875,13.7168169021606
60.6830208333333,13.7168169021606
60.6863541666667,13.7166380882263
60.6896875,13.716459274292
60.6930208333333,13.7161612510681
60.6963541666667,13.715922832489
60.6996875,13.7156844139099
60.7030208333333,13.7155652046204
60.7063541666667,13.7155652046204
60.7096875,13.7157440185547
60.7130208333333,13.7161016464233
60.7163541666667,13.7165784835815
60.7196875,13.7172937393188
60.7230208333333,13.7181878089905
60.7263541666667,13.7192010879517
60.7296875,13.7204527854919
60.7330208333333,13.7218236923218
60.7363541666667,13.7233138084412
60.7396875,13.7249231338501
60.7430208333333,13.7265920639038
60.7463541666667,13.7284398078918
60.7496875,13.7304067611694
60.7530208333333,13.7324333190918
60.7563541666667,13.7346386909485
60.7596875,13.7369632720947
60.7630208333333,13.7394070625305
60.7663541666667,13.7419700622559
60.7696875,13.7446522712708
60.7730208333333,13.7473940849304
60.7763541666667,13.7502551078796
60.7796875,13.7531161308289
60.7830208333333,13.7559771537781
60.7863541666667,13.7587785720825
60.7896875,13.7614011764526
60.7930208333333,13.7638449668884
60.7963541666667,13.7661099433899
60.7996875,13.7680768966675
60.8030208333333,13.769805431366
60.8063541666667,13.7712955474854
60.8096875,13.7725472450256
60.8130208333333,13.7737393379211
60.8163541666667,13.7748718261719
60.8196875,13.7761235237122
60.8230208333333,13.777494430542
60.8263541666667,13.7791037559509
60.8296875,13.7810707092285
60.8330208333333,13.7833952903748
60.8363541666667,13.7861967086792
60.8396875,13.7893557548523
60.8430208333333,13.792872428894
60.8463541666667,13.7967467308044
60.8496875,13.8009190559387
60.8530208333333,13.8052701950073
60.8563541666667,13.8097405433655
60.8596875,13.814389705658
60.8630208333333,13.8190388679504
60.8663541666667,13.8236284255981
60.8696875,13.8282775878906
60.8730208333333,13.8327479362488
60.8763541666667,13.8372182846069
60.8796875,13.841450214386
60.8830208333333,13.8455629348755
60.8863541666667,13.8493776321411
60.8896875,13.8529539108276
60.8930208333333,13.8561725616455
60.8963541666667,13.8590335845947
60.8996875,13.8614773750305
60.9030208333333,13.8635635375977
60.9063541666667,13.8651728630066
60.9096875,13.8664245605469
60.9130208333333,13.867199420929
60.9163541666667,13.8676166534424
60.9196875,13.8676762580872
60.9230208333333,13.8673782348633
60.9263541666667,13.8668417930603
60.9296875,13.8660669326782
60.9330208333333,13.8651132583618
60.9363541666667,13.8639211654663
60.9396875,13.8625502586365
60.9430208333333,13.8610601425171
60.9463541666667,13.8593912124634
60.9496875,13.8575434684753
60.9530208333333,13.8555765151978
60.9563541666667,13.8534903526306
60.9596875,13.8512253761292
60.9630208333333,13.8489007949829
60.9663541666667,13.8465762138367
60.9696875,13.8442516326904
60.9730208333333,13.8420462608337
60.9763541666667,13.8400197029114
60.9796875,13.8382911682129
60.9830208333333,13.8368606567383
60.9863541666667,13.8357877731323
60.9896875,13.8351321220398
60.9930208333333,13.8347744941711
60.9963541666667,13.8347744941711
60.9996875,13.8350129127502
61.0030208333333,13.8354897499084
61.0063541666667,13.8360857963562
61.0096875,13.8368010520935
61.0130208333333,13.8376355171204
61.0163541666667,13.838529586792
61.0196875,13.8396024703979
61.0230208333333,13.8407349586487
61.0263541666667,13.8420462608337
61.0296875,13.8434767723083
61.0330208333333,13.8450860977173
61.0363541666667,13.8468146324158
61.0396875,13.8486623764038
61.0430208333333,13.8506889343262
61.0463541666667,13.8527154922485
61.0496875,13.8548612594604
61.0530208333333,13.8570070266724
61.0563541666667,13.8591527938843
61.0596875,13.861358165741
61.0630208333333,13.8636231422424
61.0663541666667,13.8658285140991
61.0696875,13.8681530952454
61.0730208333333,13.8704180717468
61.0763541666667,13.8727426528931
61.0796875,13.8749480247498
61.0830208333333,13.8771533966064
61.0863541666667,13.8792395591736
61.0896875,13.8812065124512
61.0930208333333,13.8829350471497
61.0963541666667,13.8844847679138
61.0996875,13.8857364654541
61.1030208333333,13.8866901397705
61.1063541666667,13.887345790863
61.1096875,13.8877630233765
61.1130208333333,13.8878226280212
61.1163541666667,13.8877630233765
61.1196875,13.8874650001526
61.1230208333333,13.8871073722839
61.1263541666667,13.8866901397705
61.1296875,13.8863325119019
61.1330208333333,13.8861536979675
61.1363541666667,13.8860940933228
61.1396875,13.8863325119019
61.1430208333333,13.8868689537048
61.1463541666667,13.8876438140869
61.1496875,13.8887166976929
61.1530208333333,13.8899683952332
61.1563541666667,13.8915181159973
61.1596875,13.8932466506958
61.1630208333333,13.8950943946838
61.1663541666667,13.8970613479614
61.1696875,13.8990879058838
61.1730208333333,13.9011740684509
61.1763541666667,13.9033198356628
61.1796875,13.90540599823
61.1830208333333,13.9075517654419
61.1863541666667,13.909637928009
61.1896875,13.9117240905762
61.1930208333333,13.9138102531433
61.1963541666667,13.9158964157104
61.1996875,13.9179229736328
61.2030208333333,13.9199495315552
61.2063541666667,13.9219164848328
61.2096875,13.9238834381104
61.2130208333333,13.9259099960327
61.2163541666667,13.9279365539551
61.2196875,13.9300227165222
61.2230208333333,13.9321684837341
61.2263541666667,13.9343738555908
61.2296875,13.9366984367371
61.2330208333333,13.9391422271729
61.2363541666667,13.9416456222534
61.2396875,13.9442086219788
61.2430208333333,13.9468908309937
61.2463541666667,13.9496326446533
61.2496875,13.9524340629578
61.2530208333333,13.955295085907
61.2563541666667,13.9581561088562
61.2596875,13.961136341095
61.2630208333333,13.9641761779785
61.2663541666667,13.9672160148621
61.2696875,13.9701962471008
61.2730208333333,13.9731764793396
61.2763541666667,13.9760375022888
61.2796875,13.9788389205933
61.2830208333333,13.9814615249634
61.2863541666667,13.9840245246887
61.2896875,13.9864087104797
61.2930208333333,13.9887928962708
61.2963541666667,13.9910578727722
61.2996875,13.9933824539185
61.3030208333333,13.9957070350647
61.3063541666667,13.9981508255005
61.3096875,14.0006542205811
61.3130208333333,14.0032172203064
61.3163541666667,14.0058994293213
61.3196875,14.0085816383362
61.3230208333333,14.0113234519958
61.3263541666667,14.0140056610107
61.3296875,14.0166878700256
61.3330208333333,14.0193104743958
61.3363541666667,14.0218138694763
61.3396875,14.0241980552673
61.3430208333333,14.0265226364136
61.3463541666667,14.028787612915
61.3496875,14.0309929847717
61.3530208333333,14.0330791473389
61.3563541666667,14.0351057052612
61.3596875,14.0370726585388
61.3630208333333,14.0389800071716
61.3663541666667,14.0408277511597
61.3696875,14.0426158905029
61.3730208333333,14.0442848205566
61.3763541666667,14.0458941459656
61.3796875,14.047384262085
61.3830208333333,14.0488147735596
61.3863541666667,14.0500664710999
61.3896875,14.0512585639954
61.3930208333333,14.0523910522461
61.3963541666667,14.0533447265625
61.3996875,14.0541791915894
61.4030208333333,14.0550136566162
61.4063541666667,14.0558481216431
61.4096875,14.0567421913147
61.4130208333333,14.0577554702759
61.4163541666667,14.0588283538818
61.4196875,14.0601396560669
61.4230208333333,14.0616297721863
61.4263541666667,14.0632390975952
61.4296875,14.0650868415833
61.4330208333333,14.0670537948608
61.4363541666667,14.069139957428
61.4396875,14.0713453292847
61.4430208333333,14.0735507011414
61.4463541666667,14.0759348869324
61.4496875,14.0784382820129
61.4530208333333,14.0811204910278
61.4563541666667,14.0841007232666
61.4596875,14.0873789787292
61.4630208333333,14.0910148620605
61.4663541666667,14.0950679779053
61.4696875,14.0994787216187
61.4730208333333,14.1043663024902
61.4763541666667,14.1095519065857
61.4796875,14.115035533905
61.4830208333333,14.1206979751587
61.4863541666667,14.1265988349915
61.4896875,14.1324996948242
61.4930208333333,14.1385197639465
61.4963541666667,14.1444802284241
61.4996875,14.1504406929016
61.5030208333333,14.1563415527344
61.5063541666667,14.1621232032776
61.5096875,14.1677856445313
61.5130208333333,14.1733288764954
61.5163541666667,14.1786336898804
61.5196875,14.1836404800415
61.5230208333333,14.1883492469788
61.5263541666667,14.1927003860474
61.5296875,14.1966342926025
61.5330208333333,14.2000913619995
61.5363541666667,14.2031311988831
61.5396875,14.2057538032532
61.5430208333333,14.2079591751099
61.5463541666667,14.2098069190979
61.5496875,14.2113566398621
61.5530208333333,14.2126679420471
61.5563541666667,14.2138600349426
61.5596875,14.2148733139038
61.5630208333333,14.215886592865
61.5663541666667,14.2168402671814
61.5696875,14.2178535461426
61.5730208333333,14.2189264297485
61.5763541666667,14.220118522644
61.5796875,14.2213702201843
61.5830208333333,14.2228007316589
61.5863541666667,14.2242908477783
61.5896875,14.2259001731873
61.5930208333333,14.227569103241
61.5963541666667,14.2292380332947
61.5996875,14.2309069633484
61.6030208333333,14.2325758934021
61.6063541666667,14.234185218811
61.6096875,14.2356753349304
61.6130208333333,14.237105846405
61.6163541666667,14.2384171485901
61.6196875,14.2396092414856
61.6230208333333,14.2407417297363
61.6263541666667,14.2418146133423
61.6296875,14.2428278923035
61.6330208333333,14.2438411712646
61.6363541666667,14.2447948455811
61.6396875,14.245867729187
61.6430208333333,14.246940612793
61.6463541666667,14.2480134963989
61.6496875,14.2491459846497
61.6530208333333,14.2503380775452
61.6563541666667,14.2515301704407
61.6596875,14.252781867981
61.6630208333333,14.2540335655212
61.6663541666667,14.2552852630615
61.6696875,14.2565965652466
61.6730208333333,14.2579078674316
61.6763541666667,14.2591595649719
61.6796875,14.260470867157
61.6830208333333,14.261782169342
61.6863541666667,14.2630934715271
61.6896875,14.2644643783569
61.6930208333333,14.2658948898315
61.6963541666667,14.2674446105957
61.6996875,14.2691731452942
61.7030208333333,14.2710208892822
61.7063541666667,14.2731070518494
61.7096875,14.2754912376404
61.7130208333333,14.2780542373657
61.7163541666667,14.2809748649597
61.7196875,14.284074306488
61.7230208333333,14.2874121665955
61.7263541666667,14.2909288406372
61.7296875,14.2945647239685
61.7330208333333,14.2983794212341
61.7363541666667,14.3022537231445
61.7396875,14.3062472343445
61.7430208333333,14.3102407455444
61.7463541666667,14.3143534660339
61.7496875,14.3185257911682
61.7530208333333,14.3227577209473
61.7563541666667,14.3271088600159
61.7596875,14.331579208374
61.7630208333333,14.3361687660217
61.7663541666667,14.3407583236694
61.7696875,14.3454670906067
61.7730208333333,14.3501162528992
61.7763541666667,14.3547654151917
61.7796875,14.3592953681946
61.7830208333333,14.3636465072632
61.7863541666667,14.3678188323975
61.7896875,14.3717527389526
61.7930208333333,14.3753886222839
61.7963541666667,14.3787860870361
61.7996875,14.3819451332092
61.8030208333333,14.3848657608032
61.8063541666667,14.3874883651733
61.8096875,14.3899321556091
61.8130208333333,14.392077922821
61.8163541666667,14.3939852714539
61.8196875,14.3956542015076
61.8230208333333,14.3970251083374
61.8263541666667,14.3981575965881
61.8296875,14.398992061615
61.8330208333333,14.399528503418
61.8363541666667,14.3998861312866
61.8396875,14.4000649452209
61.8430208333333,14.4001245498657
61.8463541666667,14.4000649452209
61.8496875,14.4000649452209
61.8530208333333,14.4000053405762
61.8563541666667,14.4000649452209
61.8596875,14.4001841545105
61.8630208333333,14.4004225730896
61.8663541666667,14.4007802009583
61.8696875,14.4012570381165
61.8730208333333,14.4017934799194
61.8763541666667,14.4023895263672
61.8796875,14.4029855728149
61.8830208333333,14.4036412239075
61.8863541666667,14.4042372703552
61.8896875,14.4047141075134
61.8930208333333,14.4050717353821
61.8963541666667,14.4052505493164
61.8996875,14.4051909446716
61.9030208333333,14.4049525260925
61.9063541666667,14.4044756889343
61.9096875,14.403760433197
61.9130208333333,14.4028663635254
61.9163541666667,14.4017338752747
61.9196875,14.4004225730896
61.9230208333333,14.3990516662598
61.9263541666667,14.3975019454956
61.9296875,14.3958926200867
61.9330208333333,14.394223690033
61.9363541666667,14.3925547599792
61.9396875,14.3909454345703
61.9430208333333,14.3893957138062
61.9463541666667,14.3879055976868
61.9496875,14.3865942955017
61.9530208333333,14.385461807251
61.9563541666667,14.3845677375793
61.9596875,14.3839120864868
61.9630208333333,14.3835544586182
61.9663541666667,14.3835544586182
61.9696875,14.3839120864868
61.9730208333333,14.3846273422241
61.9763541666667,14.3857598304749
61.9796875,14.3871903419495
61.9830208333333,14.3889784812927
61.9863541666667,14.3910646438599
61.9896875,14.3933296203613
61.9930208333333,14.3957138061523
61.9963541666667,14.3981575965881
61.9996875,14.4006013870239
62.0030208333333,14.4029259681702
62.0063541666667,14.4051909446716
62.0096875,14.407217502594
62.0130208333333,14.4091248512268
62.0163541666667,14.4108533859253
62.0196875,14.4124031066895
62.0230208333333,14.4137740135193
62.0263541666667,14.41490650177
62.0296875,14.4158005714417
62.0330208333333,14.416515827179
62.0363541666667,14.4169926643372
62.0396875,14.4172310829163
62.0430208333333,14.4172310829163
62.0463541666667,14.4169330596924
62.0496875,14.4163966178894
62.0530208333333,14.4155621528625
62.0563541666667,14.4144892692566
62.0596875,14.4131183624268
62.0630208333333,14.411449432373
62.0663541666667,14.4095420837402
62.0696875,14.4073963165283
62.0730208333333,14.4049525260925
62.0763541666667,14.4023299217224
62.0796875,14.3994688987732
62.0830208333333,14.3964886665344
62.0863541666667,14.3933296203613
62.0896875,14.3901109695435
62.0930208333333,14.3867135047913
62.0963541666667,14.3833160400391
62.0996875,14.3797993659973
62.1030208333333,14.3762230873108
62.1063541666667,14.3725872039795
62.1096875,14.3689513206482
62.1130208333333,14.3652558326721
62.1163541666667,14.361560344696
62.1196875,14.3578052520752
62.1230208333333,14.3540501594543
62.1263541666667,14.3502950668335
62.1296875,14.3465995788574
62.1330208333333,14.3429040908813
62.1363541666667,14.3392086029053
62.1396875,14.3356919288635
62.1430208333333,14.3322348594666
62.1463541666667,14.3288969993591
62.1496875,14.3257975578308
62.1530208333333,14.3228769302368
62.1563541666667,14.3201947212219
62.1596875,14.3177509307861
62.1630208333333,14.3156051635742
62.1663541666667,14.313817024231
62.1696875,14.3123865127563
62.1730208333333,14.3113732337952
62.1763541666667,14.3108367919922
62.1796875,14.3108367919922
62.1830208333333,14.3113732337952
62.1863541666667,14.3124461174011
62.1896875,14.3141746520996
62.1930208333333,14.3164396286011
62.1963541666667,14.3193602561951
62.1996875,14.3228769302368
62.2030208333333,14.3269300460815
62.2063541666667,14.331579208374
62.2096875,14.3367648124695
62.2130208333333,14.3424272537231
62.2163541666667,14.348566532135
62.2196875,14.3551230430603
62.2230208333333,14.362096786499
62.2263541666667,14.3693685531616
62.2296875,14.3769383430481
62.2330208333333,14.3846273422241
62.2363541666667,14.3924355506897
62.2396875,14.4003629684448
62.2430208333333,14.4082307815552
62.2463541666667,14.4160389900208
62.2496875,14.4237279891968
62.2530208333333,14.4312977790833
62.2563541666667,14.4386291503906
62.2596875,14.4457221031189
62.2630208333333,14.4525170326233
62.2663541666667,14.4588947296143
62.2696875,14.4649147987366
62.2730208333333,14.4703984260559
62.2763541666667,14.475405216217
62.2796875,14.4798159599304
62.2830208333333,14.483630657196
62.2863541666667,14.4867300987244
62.2896875,14.4892334938049
62.2930208333333,14.4911408424377
62.2963541666667,14.492392539978
62.2996875,14.4929885864258
62.3030208333333,14.4930481910706
62.3063541666667,14.4925117492676
62.3096875,14.4914388656616
62.3130208333333,14.4898295402527
62.3163541666667,14.4877433776855
62.3196875,14.4850611686707
62.3230208333333,14.4819021224976
62.3263541666667,14.4781470298767
62.3296875,14.4739151000977
62.3330208333333,14.4692063331604
62.3363541666667,14.4639611244202
62.3396875,14.4583582878113
62.3430208333333,14.4523978233337
62.3463541666667,14.4460201263428
62.3496875,14.4394636154175
62.3530208333333,14.4326090812683
62.3563541666667,14.4256949424744
62.3596875,14.4186019897461
62.3630208333333,14.411449432373
62.3663541666667,14.404296875
62.3696875,14.3972039222717
62.3730208333333,14.3901109695435
62.3763541666667,14.3831968307495
62.3796875,14.3763422966003
62.3830208333333,14.3697261810303
62.3863541666667,14.3632292747498
62.3896875,14.3570303916931
62.3930208333333,14.350950717926
62.3963541666667,14.3451690673828
62.3996875,14.3396258354187
62.4030208333333,14.3343210220337
62.4063541666667,14.3292546272278
62.4096875,14.3244862556458
62.4130208333333,14.3200159072876
62.4163541666667,14.3158435821533
62.4196875,14.3119692802429
62.4230208333333,14.3085122108459
62.4263541666667,14.3054723739624
62.4296875,14.3028497695923
62.4330208333333,14.3007040023804
62.4363541666667,14.2990350723267
62.4396875,14.2979621887207
62.4430208333333,14.2973065376282
62.4463541666667,14.2971873283386
62.4496875,14.2974853515625
62.4530208333333,14.298141002655
62.4563541666667,14.2991542816162
62.4596875,14.3004655838013
62.4630208333333,14.3019556999207
62.4663541666667,14.3035650253296
62.4696875,14.3052935600281
62.4730208333333,14.3069624900818
62.4763541666667,14.3086314201355
62.4796875,14.3102407455444
62.4830208333333,14.311671257019
62.4863541666667,14.3129825592041
62.4896875,14.3139958381653
62.4930208333333,14.3148303031921
62.4963541666667,14.3153667449951
62.4996875,14.3156051635742
62.5030208333333,14.3155455589294
62.5063541666667,14.3152475357056
62.5096875,14.3146514892578
62.5130208333333,14.3137574195862
62.5163541666667,14.3126845359802
62.5196875,14.3113732337952
62.5230208333333,14.309823513031
62.5263541666667,14.3081545829773
62.5296875,14.3063068389893
62.5330208333333,14.3042802810669
62.5363541666667,14.3020749092102
62.5396875,14.299750328064
62.5430208333333,14.2972469329834
62.5463541666667,14.2945647239685
62.5496875,14.2917633056641
62.5530208333333,14.2888426780701
62.5563541666667,14.2858028411865
62.5596875,14.2826437950134
62.5630208333333,14.2794251441956
62.5663541666667,14.2761468887329
62.5696875,14.2728686332703
62.5730208333333,14.2695903778076
62.5763541666667,14.2662525177002
62.5796875,14.2629742622375
62.5830208333333,14.2596364021301
62.5863541666667,14.2563581466675
62.5896875,14.2530798912048
62.5930208333333,14.249861240387
62.5963541666667,14.2466425895691
62.5996875,14.243483543396
62.6030208333333,14.2403841018677
62.6063541666667,14.2373442649841
62.6096875,14.2344236373901
62.6130208333333,14.2316222190857
62.6163541666667,14.2289400100708
62.6196875,14.2264366149902
62.6230208333333,14.2240524291992
62.6263541666667,14.2218470573425
62.6296875,14.2198204994202
62.6330208333333,14.2179727554321
62.6363541666667,14.216423034668
62.6396875,14.2150521278381
62.6430208333333,14.2139792442322
62.6463541666667,14.2131447792053
62.6496875,14.2126083374023
62.6530208333333,14.2123699188232
62.6563541666667,14.2123103141785
62.6596875,14.2125487327576
62.6630208333333,14.2130255699158
62.6663541666667,14.2136812210083
62.6696875,14.2144560813904
62.6730208333333,14.2154693603516
62.6763541666667,14.2166018486023
62.6796875,14.2179131507874
62.6830208333333,14.219343662262
62.6863541666667,14.2209529876709
62.6896875,14.2227411270142
62.6930208333333,14.2247080802917
62.6963541666667,14.2268538475037
62.6996875,14.2291188240051
62.7030208333333,14.2315626144409
62.7063541666667,14.234185218811
62.7096875,14.2369866371155
62.7130208333333,14.2398476600647
62.7163541666667,14.2428874969482
62.7196875,14.2460465431213
62.7230208333333,14.2492651939392
62.7263541666667,14.2525434494019
62.7296875,14.2558217048645
62.7330208333333,14.2590999603271
62.7363541666667,14.2622590065002
62.7396875,14.2652988433838
62.7430208333333,14.268159866333
62.7463541666667,14.2707824707031
62.7496875,14.2731666564941
62.7530208333333,14.2751932144165
62.7563541666667,14.2770409584045
62.7596875,14.2785310745239
62.7630208333333,14.2797827720642
62.7663541666667,14.2807364463806
62.7696875,14.2814517021179
62.7730208333333,14.2819285392761
62.7763541666667,14.2821669578552
62.7796875,14.2821073532104
62.7830208333333,14.2818689346313
62.7863541666667,14.2813920974731
62.7896875,14.2806172370911
62.7930208333333,14.2796635627747
62.7963541666667,14.2785310745239
62.7996875,14.2771005630493
62.8030208333333,14.2754912376404
62.8063541666667,14.2735838890076
62.8096875,14.2714381217957
62.8130208333333,14.2690539360046
62.8163541666667,14.2663717269897
62.8196875,14.2634510993958
62.8230208333333,14.2602920532227
62.8263541666667,14.2568945884705
62.8296875,14.2533183097839
62.8330208333333,14.2496228218079
62.8363541666667,14.245867729187
62.8396875,14.2420530319214
62.8430208333333,14.2383575439453
62.8463541666667,14.234721660614
62.8496875,14.2312049865723
62.8530208333333,14.2278671264648
62.8563541666667,14.2247080802917
62.8596875,14.221727848053
62.8630208333333,14.2189860343933
62.8663541666667,14.2165422439575
62.8696875,14.2142772674561
62.8730208333333,14.2122507095337
62.8763541666667,14.2104625701904
62.8796875,14.2089128494263
62.8830208333333,14.2075419425964
62.8863541666667,14.2064094543457
62.8896875,14.2053961753845
62.8930208333333,14.2045021057129
62.8963541666667,14.203667640686
62.8996875,14.202892780304
62.9030208333333,14.2021775245667
62.9063541666667,14.2015218734741
62.9096875,14.2008066177368
62.9130208333333,14.2000913619995
62.9163541666667,14.199435710907
62.9196875,14.1987204551697
62.9230208333333,14.1980648040771
62.9263541666667,14.1974091529846
62.9296875,14.1968131065369
62.9330208333333,14.1963362693787
62.9363541666667,14.1959190368652
62.9396875,14.1955614089966
62.9430208333333,14.1953825950623
62.9463541666667,14.1952633857727
62.9496875,14.1953229904175
62.9530208333333,14.1955018043518
62.9563541666667,14.1958594322205
62.9596875,14.1963362693787
62.9630208333333,14.1968727111816
62.9663541666667,14.1974687576294
62.9696875,14.1981244087219
62.9730208333333,14.1988396644592
62.9763541666667,14.1995549201965
62.9796875,14.2002105712891
62.9830208333333,14.2008662223816
62.9863541666667,14.2015218734741
62.9896875,14.2021179199219
62.9930208333333,14.2026543617249
62.9963541666667,14.2031311988831
62.9996875,14.2034888267517
63.0030208333333,14.2037868499756
63.0063541666667,14.2039656639099
63.0096875,14.2040252685547
63.0130208333333,14.2039656639099
63.0163541666667,14.2038464546204
63.0196875,14.2036080360413
63.0230208333333,14.2033100128174
63.0263541666667,14.2030119895935
63.0296875,14.2027139663696
63.0330208333333,14.202356338501
63.0363541666667,14.2019391059875
63.0396875,14.2015218734741
63.0430208333333,14.2011046409607
63.0463541666667,14.2006278038025
63.0496875,14.2000913619995
63.0530208333333,14.1994953155518
63.0563541666667,14.1987800598145
63.0596875,14.1980051994324
63.0630208333333,14.1971111297607
63.0663541666667,14.1961574554443
63.0696875,14.1950845718384
63.0730208333333,14.1938924789429
63.0763541666667,14.1926407814026
63.0796875,14.191210269928
63.0830208333333,14.1897797584534
63.0863541666667,14.1883492469788
63.0896875,14.1868591308594
63.0930208333333,14.1854286193848
63.0963541666667,14.1841173171997
