0.000104166666666667,-0.0461935997009277
0.0034375,-0.0504851341247559
0.00677083333333333,-0.0541806221008301
0.0101041666666667,-0.0573992729187012
0.0134375,-0.0602602958679199
0.0167708333333333,-0.0627636909484863
0.0201041666666667,-0.0650882720947266
0.0234375,-0.0671744346618652
0.0267708333333333,-0.0691413879394531
0.0301041666666667,-0.0708699226379395
0.0334375,-0.072479248046875
0.0367708333333333,-0.073850154876709
0.0401041666666667,-0.0749826431274414
0.0434375,-0.0758767127990723
0.0467708333333333,-0.0764131546020508
0.0501041666666667,-0.076591968536377
0.0534375,-0.0763535499572754
0.0567708333333333,-0.0756382942199707
0.0601041666666667,-0.0744462013244629
0.0634375,-0.0728368759155273
0.0667708333333333,-0.0706315040588379
0.0701041666666667,-0.0680088996887207
0.0734375,-0.0649094581604004
0.0767708333333333,-0.0614523887634277
0.0801041666666667,-0.0576972961425781
0.0834375,-0.053703784942627
0.0867708333333333,-0.0495314598083496
0.0901041666666667,-0.0452995300292969
0.0934375,-0.0409483909606934
0.0967708333333333,-0.0365972518920898
0.100104166666667,-0.0323057174682617
0.1034375,-0.0280141830444336
0.106770833333333,-0.0237822532653809
0.110104166666667,-0.0196099281311035
0.1134375,-0.0154972076416016
0.116770833333333,-0.0113844871520996
0.120104166666667,-0.00745058059692383
0.1234375,-0.00351667404174805
0.126770833333333,0.000298023223876953
0.130104166666667,0.00411272048950195
0.1334375,0.00786781311035156
0.136770833333333,0.0116229057312012
0.140104166666667,0.0153779983520508
0.1434375,0.0192523002624512
0.146770833333333,0.0232458114624023
0.150104166666667,0.0274181365966797
0.1534375,0.0318288803100586
0.156770833333333,0.0364780426025391
0.160104166666667,0.0414252281188965
0.1634375,0.0466108322143555
0.166770833333333,0.0520944595336914
0.170104166666667,0.0578165054321289
0.1734375,0.063776969909668
0.176770833333333,0.070035457611084
0.180104166666667,0.0764131546020508
0.1834375,0.0829100608825684
0.186770833333333,0.0894665718078613
0.190104166666667,0.0960230827331543
0.1934375,0.102460384368896
0.196770833333333,0.108659267425537
0.200104166666667,0.114679336547852
0.2034375,0.120222568511963
0.206770833333333,0.125408172607422
0.210104166666667,0.130057334899902
0.2134375,0.134170055389404
0.216770833333333,0.137805938720703
0.220104166666667,0.140845775604248
0.2234375,0.143468379974365
0.226770833333333,0.145494937896729
0.230104166666667,0.147044658660889
0.2334375,0.148117542266846
0.236770833333333,0.1487135887146
0.240104166666667,0.148892402648926
0.2434375,0.148653984069824
0.246770833333333,0.14805793762207
0.250104166666667,0.147104263305664
0.2534375,0.145852565765381
0.256770833333333,0.144302845001221
0.260104166666667,0.142514705657959
0.2634375,0.140547752380371
0.266770833333333,0.138342380523682
0.270104166666667,0.135838985443115
0.2734375,0.133037567138672
0.276770833333333,0.129818916320801
0.280104166666667,0.126242637634277
0.2834375,0.122129917144775
0.286770833333333,0.11754035949707
0.290104166666667,0.112414360046387
0.2934375,0.106751918792725
0.296770833333333,0.100612640380859
0.300104166666667,0.0940561294555664
0.3034375,0.0871419906616211
0.306770833333333,0.0799894332885742
0.310104166666667,0.072777271270752
0.3134375,0.0656247138977051
0.316770833333333,0.0586509704589844
0.320104166666667,0.0519156455993652
0.3234375,0.0457167625427246
0.326770833333333,0.0399947166442871
0.330104166666667,0.0349283218383789
0.3334375,0.030517578125
0.336770833333333,0.0268220901489258
0.340104166666667,0.0237226486206055
0.3434375,0.0212788581848145
0.346770833333333,0.019371509552002
0.350104166666667,0.018000602722168
0.3534375,0.0169873237609863
0.356770833333333,0.0162720680236816
0.360104166666667,0.0158548355102539
0.3634375,0.0156760215759277
0.366770833333333,0.0156164169311523
0.370104166666667,0.0156760215759277
0.3734375,0.0159144401550293
0.376770833333333,0.0162124633789063
0.380104166666667,0.016629695892334
0.3834375,0.0171065330505371
0.386770833333333,0.0177621841430664
0.390104166666667,0.0184774398803711
0.3934375,0.019371509552002
0.396770833333333,0.0203847885131836
0.400104166666667,0.021517276763916
0.4034375,0.02288818359375
0.406770833333333,0.0243782997131348
0.410104166666667,0.0260472297668457
0.4134375,0.0280141830444336
0.416770833333333,0.0301599502563477
0.420104166666667,0.0325441360473633
0.4234375,0.0352263450622559
0.426770833333333,0.0382065773010254
0.430104166666667,0.0414848327636719
0.4334375,0.0450015068054199
0.436770833333333,0.0487565994262695
0.440104166666667,0.0525116920471191
0.4434375,0.056147575378418
0.446770833333333,0.0593066215515137
0.450104166666667,0.0617504119873047
0.4534375,0.0630617141723633
0.456770833333333,0.0629425048828125
0.460104166666667,0.06103515625
0.4634375,0.0571608543395996
0.466770833333333,0.0512003898620605
0.470104166666667,0.0432729721069336
0.4734375,0.0334978103637695
0.476770833333333,0.0222921371459961
0.480104166666667,0.0101327896118164
0.4834375,-0.00232458114624023
0.486770833333333,-0.0145435333251953
0.490104166666667,-0.0257492065429688
0.4934375,-0.035405158996582
0.496770833333333,-0.0428557395935059
0.500104166666667,-0.0478029251098633
0.5034375,-0.0499486923217773
0.506770833333333,-0.0492334365844727
0.510104166666667,-0.0457763671875
0.5134375,-0.0397562980651855
0.516770833333333,-0.0316500663757324
0.520104166666667,-0.0221133232116699
0.5234375,-0.0116229057312012
0.526770833333333,-0.000894069671630859
0.530104166666667,0.0095367431640625
0.5334375,0.0191330909729004
0.536770833333333,0.0276565551757813
0.540104166666667,0.0350475311279297
0.5434375,0.0414848327636719
0.546770833333333,0.0473856925964355
0.550104166666667,0.05340576171875
0.5534375,0.0603199005126953
0.556770833333333,0.0690817832946777
0.560104166666667,0.0807046890258789
0.5634375,0.0961422920227051
0.566770833333333,0.116109848022461
0.570104166666667,0.141263008117676
0.5734375,0.171899795532227
0.576770833333333,0.208079814910889
0.580104166666667,0.249564647674561
0.5834375,0.295698642730713
0.586770833333333,0.345706939697266
0.590104166666667,0.398516654968262
0.5934375,0.452876091003418
0.596770833333333,0.507593154907227
0.600104166666667,0.561416149139404
0.6034375,0.613093376159668
0.606770833333333,0.661730766296387
0.610104166666667,0.706493854522705
0.6134375,0.746846199035645
0.616770833333333,0.782430171966553
0.620104166666667,0.81324577331543
0.6234375,0.839471817016602
0.626770833333333,0.861406326293945
0.630104166666667,0.879645347595215
0.6334375,0.894844532012939
0.636770833333333,0.907719135284424
0.640104166666667,0.919044017791748
0.6434375,0.929355621337891
0.646770833333333,0.939309597015381
0.650104166666667,0.949323177337646
0.6534375,0.959455966949463
0.656770833333333,0.96970796585083
0.660104166666667,0.979840755462646
0.6634375,0.989258289337158
0.666770833333333,0.997364521026611
0.670104166666667,1.0032057762146
0.6734375,1.00594758987427
0.676770833333333,1.00457668304443
0.680104166666667,0.998258590698242
0.6834375,0.986337661743164
0.686770833333333,0.968217849731445
0.690104166666667,0.943601131439209
0.6934375,0.91254711151123
0.696770833333333,0.875234603881836
0.700104166666667,0.832200050354004
0.7034375,0.784099102020264
0.706770833333333,0.731945037841797
0.710104166666667,0.67669153213501
0.7134375,0.619471073150635
0.716770833333333,0.561356544494629
0.720104166666667,0.503420829772949
0.7234375,0.446617603302002
0.726770833333333,0.391721725463867
0.730104166666667,0.33944845199585
0.7334375,0.290274620056152
0.736770833333333,0.244677066802979
0.740104166666667,0.202715396881104
0.7434375,0.164568424224854
0.746770833333333,0.130176544189453
0.750104166666667,0.0994205474853516
0.7534375,0.0721216201782227
0.756770833333333,0.0478625297546387
0.760104166666667,0.0263452529907227
0.7634375,0.00703334808349609
0.766770833333333,-0.0106096267700195
0.770104166666667,-0.0273585319519043
0.7734375,-0.0437498092651367
0.776770833333333,-0.0605583190917969
0.780104166666667,-0.0783801078796387
0.7834375,-0.0977516174316406
0.786770833333333,-0.118911266326904
0.790104166666667,-0.142157077789307
0.7934375,-0.167191028594971
0.796770833333333,-0.193774700164795
0.800104166666667,-0.221192836761475
0.8034375,-0.24867057800293
0.806770833333333,-0.275313854217529
0.810104166666667,-0.300168991088867
0.8134375,-0.322282314300537
0.816770833333333,-0.340878963470459
0.820104166666667,-0.355243682861328
0.8234375,-0.365018844604492
0.826770833333333,-0.369906425476074
0.830104166666667,-0.36996603012085
0.8334375,-0.36543607711792
0.836770833333333,-0.356733798980713
0.840104166666667,-0.344395637512207
0.8434375,-0.329196453094482
0.846770833333333,-0.311970710754395
0.850104166666667,-0.293552875518799
0.8534375,-0.274956226348877
0.856770833333333,-0.257134437561035
0.860104166666667,-0.241100788116455
0.8634375,-0.227630138397217
0.866770833333333,-0.2174973487854
0.870104166666667,-0.211179256439209
0.8734375,-0.20909309387207
0.876770833333333,-0.211119651794434
0.880104166666667,-0.217020511627197
0.8834375,-0.226259231567383
0.886770833333333,-0.237882137298584
0.890104166666667,-0.250875949859619
0.8934375,-0.264167785644531
0.896770833333333,-0.276505947113037
0.900104166666667,-0.286877155303955
0.9034375,-0.294327735900879
0.906770833333333,-0.29832124710083
0.910104166666667,-0.298500061035156
0.9134375,-0.294983386993408
0.916770833333333,-0.288128852844238
0.920104166666667,-0.27930736541748
0.9234375,-0.270724296569824
0.926770833333333,-0.266790390014648
0.930104166666667,-0.274658203125
0.9334375,-0.305294990539551
0.936770833333333,-0.373482704162598
0.940104166666667,-0.497519969940186
0.9434375,-0.696897506713867
0.946770833333333,-0.990569591522217
0.950104166666667,-1.39331817626953
0.9534375,-1.91360712051392
0.956770833333333,-2.55030393600464
0.960104166666667,-3.29124927520752
0.9634375,-4.11242246627808
0.966770833333333,-4.97901439666748
0.970104166666667,-5.84852695465088
0.9734375,-6.67524337768555
0.976770833333333,-7.4155330657959
0.980104166666667,-8.03190469741821
0.9834375,-8.49419832229614
0.986770833333333,-8.77141952514648
0.990104166666667,-8.80342721939087
0.9934375,-8.44132900238037
0.996770833333333,-7.3620080947876
1.00010416666667,-4.98783588409424
1.0034375,-0.461161136627197
1.00677083333333,7.28064775466919
1.01010416666667,19.3262100219727
1.0134375,36.5508198738098
1.01677083333333,59.3854188919067
1.02010416666667,87.6407623291016
1.0234375,120.398640632629
1.02677083333333,155.974209308624
1.03010416666667,191.971778869629
1.0334375,225.480556488037
1.03677083333333,253.434062004089
1.04010416666667,273.084580898285
1.0434375,282.465517520905
1.04677083333333,280.70205450058
1.05010416666667,268.094003200531
1.0534375,245.988845825195
1.05677083333333,216.51816368103
1.06010416666667,182.275652885437
1.0634375,145.981013774872
1.06677083333333,110.154569149017
1.07010416666667,76.8373012542725
1.0734375,47.4077463150024
1.07677083333333,22.534191608429
1.08010416666667,2.2624135017395
1.0834375,-13.8050317764282
1.08677083333333,-26.3042449951172
1.09010416666667,-35.9363555908203
1.0934375,-43.3531403541565
1.09677083333333,-49.1006970405579
1.10010416666667,-53.6063313484192
1.1034375,-57.18994140625
1.10677083333333,-60.0848197937012
1.11010416666667,-62.4597668647766
1.1134375,-64.4373893737793
1.11677083333333,-66.1080479621887
1.12010416666667,-67.5395131111145
1.1234375,-68.7834024429321
1.12677083333333,-69.879949092865
1.13010416666667,-70.8601474761963
1.1334375,-71.7481970787048
1.13677083333333,-72.5624561309814
1.14010416666667,-73.3162760734558
1.1434375,-74.0192532539368
1.14677083333333,-74.677586555481
1.15010416666667,-75.2950310707092
1.1534375,-75.8735537528992
1.15677083333333,-76.414167881012
1.16010416666667,-76.917290687561
1.1634375,-77.3832201957703
1.16677083333333,-77.8125524520874
1.17010416666667,-78.2063603401184
1.1734375,-78.5661935806274
1.17677083333333,-78.8940191268921
1.18010416666667,-79.1921019554138
1.1834375,-79.4628858566284
1.18677083333333,-79.7088146209717
1.19010416666667,-79.9321532249451
1.1934375,-80.1351070404053
1.19677083333333,-80.3195834159851
1.20010416666667,-80.4871916770935
1.2034375,-80.6394815444946
1.20677083333333,-80.7777047157288
1.21010416666667,-80.9029936790466
1.2134375,-81.0163617134094
1.21677083333333,-81.118643283844
1.22010416666667,-81.2104940414429
1.2234375,-81.2920331954956
1.22677083333333,-81.3611745834351
1.23010416666667,-81.4102292060852
1.2334375,-81.419825553894
1.23677083333333,-81.3500285148621
1.24010416666667,-81.1317563056946
1.2434375,-80.6616544723511
1.24677083333333,-79.8038244247437
1.25010416666667,-78.3997774124146
1.2534375,-76.2854814529419
1.25677083333333,-73.3122229576111
1.26010416666667,-69.3691968917847
1.2634375,-64.4046664237976
1.26677083333333,-58.4442615509033
1.27010416666667,-51.601767539978
1.2734375,-44.0776944160461
1.27677083333333,-36.1423492431641
1.28010416666667,-28.1059145927429
1.2834375,-20.2812552452087
1.28677083333333,-12.9488706588745
1.29010416666667,-6.33007287979126
1.2934375,-0.571668148040771
1.29677083333333,4.25899028778076
1.30010416666667,8.16923379898071
1.3034375,11.2290978431702
1.30677083333333,13.5528445243835
1.31010416666667,15.2775645256042
1.3134375,16.5423154830933
1.31677083333333,17.4729824066162
1.32010416666667,18.1730985641479
1.3234375,18.7221765518188
1.32677083333333,19.1777944564819
1.33010416666667,19.580066204071
1.3334375,19.9558734893799
1.33677083333333,20.3225016593933
1.34010416666667,20.6902027130127
1.3434375,21.0640430450439
1.34677083333333,21.4458703994751
1.35010416666667,21.8361020088196
1.3534375,22.2351551055908
1.35677083333333,22.6444602012634
1.36010416666667,23.0668187141418
1.3634375,23.5052704811096
1.36677083333333,23.96160364151
1.37010416666667,24.4330763816833
1.3734375,24.9089598655701
1.37677083333333,25.3666043281555
1.38010416666667,25.7692337036133
1.3834375,26.0665416717529
1.38677083333333,26.1987447738647
1.39010416666667,26.1034369468689
1.3934375,25.7244110107422
1.39677083333333,25.0198245048523
1.40010416666667,23.9704251289368
1.4034375,22.5856900215149
1.40677083333333,20.9073424339294
1.41010416666667,19.0079212188721
1.4134375,16.9839859008789
1.41677083333333,14.9442553520203
1.42010416666667,12.9954814910889
1.4234375,11.229395866394
1.42677083333333,9.71376895904541
1.43010416666667,8.4877610206604
1.4334375,7.56138563156128
1.43677083333333,6.91872835159302
1.44010416666667,6.5232515335083
1.4434375,6.32500648498535
1.44677083333333,6.26921653747559
1.45010416666667,6.30372762680054
1.4534375,6.38431310653687
1.45677083333333,6.47735595703125
1.46010416666667,6.55937194824219
1.4634375,6.61557912826538
1.46677083333333,6.63739442825317
1.47010416666667,6.62034749984741
1.4734375,6.56276941299438
1.47677083333333,6.46466016769409
1.48010416666667,6.32673501968384
1.4834375,6.15042448043823
1.48677083333333,5.93686103820801
1.49010416666667,5.68687915802002
1.4934375,5.40059804916382
1.49677083333333,5.0773024559021
1.50010416666667,4.71562147140503
1.5034375,4.31358814239502
1.50677083333333,3.86899709701538
1.51010416666667,3.37976217269897
1.5134375,2.84463167190552
1.51677083333333,2.26360559463501
1.52010416666667,1.63823366165161
1.5234375,0.972330570220947
1.52677083333333,0.271975994110107
1.53010416666667,-0.45466423034668
1.5334375,-1.19751691818237
1.53677083333333,-1.94519758224487
1.54010416666667,-2.68560647964478
1.5434375,-3.40694189071655
1.54677083333333,-4.09817695617676
1.55010416666667,-4.75019216537476
1.5534375,-5.3555965423584
1.55677083333333,-5.90968132019043
1.56010416666667,-6.40994310379028
1.5634375,-6.85608386993408
1.56677083333333,-7.24953413009644
1.57010416666667,-7.59309530258179
1.5734375,-7.89010524749756
1.57677083333333,-8.1443190574646
1.58010416666667,-8.35919380187988
1.5834375,-8.53776931762695
1.58677083333333,-8.6827278137207
1.59010416666667,-8.7960958480835
1.5934375,-8.87954235076904
1.59677083333333,-8.93443822860718
1.60010416666667,-8.96209478378296
1.6034375,-8.96400213241577
1.60677083333333,-8.9418888092041
1.61010416666667,-8.89766216278076
1.6134375,-8.83352756500244
1.61677083333333,-8.75169038772583
1.62010416666667,-8.65453481674194
1.6234375,-8.54408740997314
1.62677083333333,-8.42225551605225
1.63010416666667,-8.29046964645386
1.6334375,-8.15004110336304
1.63677083333333,-8.00174474716187
1.64010416666667,-7.84611701965332
1.6434375,-7.68363475799561
1.64677083333333,-7.51441717147827
1.65010416666667,-7.3387622833252
1.6534375,-7.15690851211548
1.65677083333333,-6.96903467178345
1.66010416666667,-6.77543878555298
1.6634375,-6.57635927200317
1.66677083333333,-6.37197494506836
1.67010416666667,-6.16258382797241
1.6734375,-5.94836473464966
1.67677083333333,-5.7295560836792
1.68010416666667,-5.50663471221924
1.6834375,-5.28007745742798
1.68677083333333,-5.0506591796875
1.69010416666667,-4.81927394866943
1.6934375,-4.58681583404541
1.69677083333333,-4.35435771942139
1.70010416666667,-4.12297248840332
1.7034375,-3.89337539672852
1.70677083333333,-3.66628170013428
1.71010416666667,-3.44204902648926
1.7134375,-3.22097539901733
1.71677083333333,-3.00323963165283
1.72010416666667,-2.78890132904053
1.7234375,-2.5782585144043
1.72677083333333,-2.37143039703369
1.73010416666667,-2.16883420944214
1.7334375,-1.97076797485352
1.73677083333333,-1.7772912979126
1.74010416666667,-1.58846378326416
1.7434375,-1.40386819839478
1.74677083333333,-1.22290849685669
1.75010416666667,-1.04475021362305
1.7534375,-0.868380069732666
1.75677083333333,-0.692903995513916
1.76010416666667,-0.517785549163818
1.7634375,-0.342667102813721
1.76677083333333,-0.167787075042725
1.77010416666667,0.00619888305664063
1.7734375,0.178396701812744
1.77677083333333,0.347673892974854
1.78010416666667,0.512897968292236
1.7834375,0.673115253448486
1.78677083333333,0.827550888061523
1.79010416666667,0.97578763961792
1.7934375,1.11770629882813
1.79677083333333,1.25330686569214
1.80010416666667,1.38288736343384
1.8034375,1.50686502456665
1.80677083333333,1.62547826766968
1.81010416666667,1.73914432525635
1.8134375,1.84804201126099
1.81677083333333,1.95246934890747
1.82010416666667,2.05254554748535
1.8234375,2.14838981628418
1.82677083333333,2.24030017852783
1.83010416666667,2.32845544815063
1.8334375,2.41309404373169
1.83677083333333,2.4944543838501
1.84010416666667,2.57289409637451
1.8434375,2.64859199523926
1.84677083333333,2.72166728973389
1.85010416666667,2.79200077056885
1.8534375,2.85917520523071
1.85677083333333,2.92259454727173
1.86010416666667,2.98130512237549
1.8634375,3.03441286087036
1.86677083333333,3.08096408843994
1.87010416666667,3.12024354934692
1.8734375,3.15189361572266
1.87677083333333,3.17621231079102
1.88010416666667,3.19391489028931
1.8834375,3.20619344711304
1.88677083333333,3.21477651596069
1.89010416666667,3.22139263153076
1.8934375,3.22777032852173
1.89677083333333,3.23516130447388
1.90010416666667,3.24451923370361
1.9034375,3.25614213943481
1.90677083333333,3.26967239379883
1.91010416666667,3.28457355499268
1.9134375,3.29971313476563
1.91677083333333,3.31419706344604
1.92010416666667,3.3268928527832
1.9234375,3.33702564239502
1.92677083333333,3.34417819976807
1.93010416666667,3.34793329238892
1.9334375,3.34835052490234
1.93677083333333,3.34542989730835
1.94010416666667,3.33946943283081
1.9434375,3.33058834075928
1.94677083333333,3.31884622573853
1.95010416666667,3.30442190170288
1.9534375,3.28725576400757
1.95677083333333,3.26728820800781
1.96010416666667,3.24445962905884
1.9634375,3.2188892364502
1.96677083333333,3.19051742553711
1.97010416666667,3.15964221954346
1.9734375,3.12638282775879
1.97677083333333,3.09109687805176
1.98010416666667,3.05414199829102
1.9834375,3.01587581634521
1.98677083333333,2.97647714614868
1.99010416666667,2.93612480163574
1.9934375,2.8948187828064
1.99677083333333,2.85249948501587
2.00010416666667,2.80904769897461
2.0034375,2.76428461074829
2.00677083333333,2.71821022033691
2.01010416666667,2.67106294631958
2.0134375,2.62320041656494
2.01677083333333,2.57551670074463
2.02010416666667,2.52890586853027
2.0234375,2.48450040817261
2.02677083333333,2.44349241256714
2.03010416666667,2.40683555603027
2.0334375,2.37524509429932
2.03677083333333,2.34907865524292
2.04010416666667,2.32827663421631
2.0434375,2.31242179870605
2.04677083333333,2.30073928833008
2.05010416666667,2.2922158241272
2.0534375,2.28577852249146
2.05677083333333,2.28047370910645
2.06010416666667,2.27528810501099
2.0634375,2.26956605911255
2.06677083333333,2.2626519203186
2.07010416666667,2.2541880607605
2.0734375,2.24387645721436
2.07677083333333,2.23147869110107
2.08010416666667,2.21693515777588
2.0834375,2.20018625259399
2.08677083333333,2.18111276626587
2.09010416666667,2.15995311737061
2.0934375,2.1367073059082
2.09677083333333,2.11185216903687
2.10010416666667,2.08568572998047
2.1034375,2.05892324447632
2.10677083333333,2.03210115432739
2.11010416666667,2.005934715271
2.1134375,1.98090076446533
2.11677083333333,1.95741653442383
2.12010416666667,1.93583965301514
2.1234375,1.91605091094971
2.12677083333333,1.89781188964844
2.13010416666667,1.88088417053223
2.1334375,1.86467170715332
2.13677083333333,1.84893608093262
2.14010416666667,1.83337926864624
2.1434375,1.81806087493896
2.14677083333333,1.80327892303467
2.15010416666667,1.78951025009155
2.1534375,1.7775297164917
2.15677083333333,1.76793336868286
2.16010416666667,1.76137685775757
2.1634375,1.7583966255188
2.16677083333333,1.75905227661133
2.17010416666667,1.76322460174561
2.1734375,1.77043676376343
2.17677083333333,1.77997350692749
2.18010416666667,1.79105997085571
2.1834375,1.80268287658691
2.18677083333333,1.81418657302856
2.19010416666667,1.82479619979858
2.1934375,1.83415412902832
2.19677083333333,1.8419623374939
2.20010416666667,1.84798240661621
2.2034375,1.85227394104004
2.20677083333333,1.85495615005493
2.21010416666667,1.85614824295044
2.2134375,1.85602903366089
2.21677083333333,1.85483694076538
2.22010416666667,1.85263156890869
2.2234375,1.84965133666992
2.22677083333333,1.8460750579834
2.23010416666667,1.84214115142822
2.2334375,1.83802843093872
2.23677083333333,1.83397531509399
2.24010416666667,1.83004140853882
2.2434375,1.82634592056274
2.24677083333333,1.82288885116577
2.25010416666667,1.81955099105835
2.2534375,1.81615352630615
2.25677083333333,1.8123984336853
2.26010416666667,1.80810689926147
2.2634375,1.80292129516602
2.26677083333333,1.79672241210938
2.27010416666667,1.78945064544678
2.2734375,1.78122520446777
2.27677083333333,1.77228450775146
2.28010416666667,1.76310539245605
2.2834375,1.75416469573975
2.28677083333333,1.74605846405029
2.29010416666667,1.73914432525635
2.2934375,1.73377990722656
2.29677083333333,1.73014402389526
2.30010416666667,1.72817707061768
2.3034375,1.72775983810425
2.30677083333333,1.72847509384155
2.31010416666667,1.72990560531616
2.3134375,1.73163414001465
2.31677083333333,1.73324346542358
2.32010416666667,1.73437595367432
2.3234375,1.73479318618774
2.32677083333333,1.73425674438477
2.33010416666667,1.73282623291016
2.3334375,1.73044204711914
2.33677083333333,1.72716379165649
2.34010416666667,1.72311067581177
2.3434375,1.71840190887451
2.34677083333333,1.71315670013428
2.35010416666667,1.70755386352539
2.3534375,1.70183181762695
2.35677083333333,1.69605016708374
2.36010416666667,1.69044733047485
2.3634375,1.68508291244507
2.36677083333333,1.68007612228394
2.37010416666667,1.67536735534668
2.3734375,1.67089700698853
2.37677083333333,1.66654586791992
2.38010416666667,1.66207551956177
2.3834375,1.65724754333496
2.38677083333333,1.6518235206604
2.39010416666667,1.64574384689331
2.3934375,1.63900852203369
2.39677083333333,1.63173675537109
2.40010416666667,1.62428617477417
2.4034375,1.6171932220459
2.40677083333333,1.61093473434448
2.41010416666667,1.60616636276245
2.4134375,1.60342454910278
2.41677083333333,1.60306692123413
2.42010416666667,1.60539150238037
2.4234375,1.61045789718628
2.42677083333333,1.61820650100708
2.43010416666667,1.6283392906189
2.4334375,1.64055824279785
2.43677083333333,1.65432691574097
2.44010416666667,1.66928768157959
2.4434375,1.68508291244507
2.44677083333333,1.70141458511353
2.45010416666667,1.71810388565063
2.4534375,1.73503160476685
2.45677083333333,1.75213813781738
2.46010416666667,1.76942348480225
2.4634375,1.78700685501099
2.46677083333333,1.80482864379883
2.47010416666667,1.8230676651001
2.4734375,1.84172391891479
2.47677083333333,1.8608570098877
2.48010416666667,1.88052654266357
2.4834375,1.90073251724243
2.48677083333333,1.92141532897949
2.49010416666667,1.94251537322998
2.4934375,1.96397304534912
2.49677083333333,1.98566913604736
2.50010416666667,2.00736522674561
2.5034375,2.02900171279907
2.50677083333333,2.05022096633911
2.51010416666667,2.07102298736572
2.5134375,2.0911693572998
2.51677083333333,2.11060047149658
2.52010416666667,2.12937593460083
2.5234375,2.14749574661255
2.52677083333333,2.16513872146606
2.53010416666667,2.1824836730957
2.5334375,2.19964981079102
2.53677083333333,2.2168755531311
2.54010416666667,2.23422050476074
2.5434375,2.25186347961426
2.54677083333333,2.26962566375732
2.55010416666667,2.28756666183472
2.5534375,2.30550765991211
2.55677083333333,2.3232102394104
2.56010416666667,2.34061479568481
2.5634375,2.35742330551147
2.56677083333333,2.37345695495605
2.57010416666667,2.38853693008423
2.5734375,2.40260362625122
2.57677083333333,2.41553783416748
2.58010416666667,2.42727994918823
2.5834375,2.43782997131348
2.58677083333333,2.44712829589844
2.59010416666667,2.45523452758789
2.5934375,2.46214866638184
2.59677083333333,2.46798992156982
2.60010416666667,2.47275829315186
2.6034375,2.47657299041748
2.60677083333333,2.47931480407715
2.61010416666667,2.48104333877563
2.6134375,2.48169898986816
2.61677083333333,2.48116254806519
2.62010416666667,2.4794340133667
2.6234375,2.47633457183838
2.62677083333333,2.47180461883545
2.63010416666667,2.46590375900269
2.6334375,2.45851278305054
2.63677083333333,2.44992971420288
2.64010416666667,2.44021415710449
2.6434375,2.42966413497925
2.64677083333333,2.4186372756958
2.65010416666667,2.40731239318848
2.6534375,2.39604711532593
2.65677083333333,2.38496065139771
2.66010416666667,2.37429141998291
2.6634375,2.36403942108154
2.66677083333333,2.3542046546936
2.67010416666667,2.34466791152954
2.6734375,2.33536958694458
2.67677083333333,2.32607126235962
2.68010416666667,2.31665372848511
2.6834375,2.30699777603149
2.68677083333333,2.297043800354
2.69010416666667,2.28667259216309
2.6934375,2.27582454681396
2.69677083333333,2.26449966430664
2.70010416666667,2.25257873535156
2.7034375,2.24024057388306
2.70677083333333,2.22736597061157
2.71010416666667,2.21401453018188
2.7134375,2.20024585723877
2.71677083333333,2.18600034713745
2.72010416666667,2.17133760452271
2.7234375,2.15613842010498
2.72677083333333,2.1403431892395
2.73010416666667,2.12371349334717
2.7334375,2.10607051849365
2.73677083333333,2.08711624145508
2.74010416666667,2.06673145294189
2.7434375,2.04479694366455
2.74677083333333,2.02125310897827
2.75010416666667,1.99615955352783
2.7534375,1.96987390518188
2.75677083333333,1.94269418716431
2.76010416666667,1.9150972366333
2.7634375,1.88755989074707
2.76677083333333,1.86061859130859
2.77010416666667,1.83457136154175
2.7734375,1.80977582931519
2.77677083333333,1.78629159927368
2.78010416666667,1.76411867141724
2.7834375,1.7431378364563
2.78677083333333,1.72322988510132
2.79010416666667,1.70409679412842
2.7934375,1.68567895889282
2.79677083333333,1.66767835617065
2.80010416666667,1.65015459060669
2.8034375,1.63304805755615
2.80677083333333,1.61629915237427
2.81010416666667,1.59996747970581
2.8134375,1.58405303955078
2.81677083333333,1.56861543655396
2.82010416666667,1.55365467071533
2.8234375,1.53917074203491
2.82677083333333,1.52504444122314
2.83010416666667,1.51127576828003
2.8334375,1.49780511856079
2.83677083333333,1.48457288742065
2.84010416666667,1.47140026092529
2.8434375,1.45822763442993
2.84677083333333,1.44499540328979
2.85010416666667,1.43158435821533
2.8534375,1.41793489456177
2.85677083333333,1.40398740768433
2.86010416666667,1.38986110687256
2.8634375,1.37555599212646
2.86677083333333,1.36131048202515
2.87010416666667,1.34724378585815
2.8734375,1.33359432220459
2.87677083333333,1.32071971893311
2.88010416666667,1.30873918533325
2.8834375,1.29789113998413
2.88677083333333,1.28829479217529
2.89010416666667,1.28012895584106
2.8934375,1.27327442169189
2.89677083333333,1.26773118972778
2.90010416666667,1.26343965530396
2.9034375,1.26034021377563
2.90677083333333,1.25831365585327
2.91010416666667,1.25741958618164
2.9134375,1.25747919082642
2.91677083333333,1.25855207443237
2.92010416666667,1.26057863235474
2.9234375,1.26355886459351
2.92677083333333,1.26761198043823
2.93010416666667,1.27261877059937
2.9334375,1.2785792350769
2.93677083333333,1.28543376922607
2.94010416666667,1.29318237304688
2.9434375,1.30152702331543
2.94677083333333,1.31046772003174
2.95010416666667,1.31958723068237
2.9534375,1.32876634597778
2.95677083333333,1.33758783340454
2.96010416666667,1.34587287902832
2.9634375,1.35338306427002
2.96677083333333,1.35993957519531
2.97010416666667,1.36548280715942
2.9734375,1.36995315551758
2.97677083333333,1.3735294342041
2.98010416666667,1.37639045715332
2.9834375,1.37877464294434
2.98677083333333,1.38086080551147
2.99010416666667,1.38288736343384
2.9934375,1.38503313064575
2.99677083333333,1.38735771179199
3.00010416666667,1.38986110687256
3.0034375,1.39254331588745
3.00677083333333,1.39528512954712
3.01010416666667,1.39808654785156
3.0134375,1.40070915222168
3.01677083333333,1.40321254730225
3.02010416666667,1.40547752380371
3.0234375,1.40750408172607
3.02677083333333,1.40935182571411
3.03010416666667,1.4110803604126
3.0334375,1.41274929046631
3.03677083333333,1.41435861587524
3.04010416666667,1.41602754592896
3.0434375,1.41769647598267
3.04677083333333,1.41942501068115
3.05010416666667,1.42109394073486
3.0534375,1.4227032661438
3.05677083333333,1.42407417297363
3.06010416666667,1.42514705657959
3.0634375,1.42586231231689
3.06677083333333,1.42598152160645
3.07010416666667,1.42556428909302
3.0734375,1.42455101013184
3.07677083333333,1.4229416847229
3.08010416666667,1.42085552215576
3.0834375,1.41829252243042
3.08677083333333,1.4154314994812
3.09010416666667,1.41239166259766
3.0934375,1.40935182571411
3.09677083333333,1.40637159347534
3.10010416666667,1.40368938446045
3.1034375,1.40130519866943
3.10677083333333,1.39927864074707
3.11010416666667,1.39760971069336
3.1134375,1.39641761779785
3.11677083333333,1.39552354812622
3.12010416666667,1.39510631561279
3.1234375,1.39504671096802
3.12677083333333,1.39546394348145
3.13010416666667,1.3962984085083
3.1334375,1.39766931533813
3.13677083333333,1.39957666397095
3.14010416666667,1.40219926834106
3.1434375,1.40547752380371
3.14677083333333,1.40947103500366
3.15010416666667,1.41412019729614
3.1534375,1.41948461532593
3.15677083333333,1.42544507980347
3.16010416666667,1.43200159072876
3.1634375,1.43897533416748
3.16677083333333,1.44630670547485
3.17010416666667,1.45387649536133
3.1734375,1.46150588989258
3.17677083333333,1.46913528442383
3.18010416666667,1.47658586502075
3.1834375,1.48379802703857
3.18677083333333,1.49071216583252
3.19010416666667,1.49726867675781
3.1934375,1.5033483505249
3.19677083333333,1.50901079177856
3.20010416666667,1.51431560516357
3.2034375,1.51920318603516
3.20677083333333,1.52373313903809
3.21010416666667,1.52796506881714
3.2134375,1.53189897537231
3.21677083333333,1.53559446334839
3.22010416666667,1.53911113739014
3.2234375,1.54238939285278
3.22677083333333,1.54554843902588
3.23010416666667,1.54858827590942
3.2334375,1.55156850814819
3.23677083333333,1.55460834503174
3.24010416666667,1.55764818191528
3.2434375,1.56086683273315
3.24677083333333,1.56426429748535
3.25010416666667,1.56790018081665
3.2534375,1.5718936920166
3.25677083333333,1.57612562179565
3.26010416666667,1.58071517944336
3.2634375,1.58560276031494
3.26677083333333,1.5907883644104
3.27010416666667,1.59603357315063
3.2734375,1.60139799118042
3.27677083333333,1.60664319992065
3.28010416666667,1.61164999008179
3.2834375,1.61629915237427
3.28677083333333,1.62047147750854
3.29010416666667,1.62416696548462
3.2934375,1.62720680236816
3.29677083333333,1.62971019744873
3.30010416666667,1.63167715072632
3.3034375,1.63310766220093
3.30677083333333,1.63412094116211
3.31010416666667,1.63471698760986
3.3134375,1.63495540618896
3.31677083333333,1.63489580154419
3.32010416666667,1.63459777832031
3.3234375,1.63400173187256
3.32677083333333,1.63310766220093
3.33010416666667,1.6319751739502
3.3334375,1.63060426712036
3.33677083333333,1.62893533706665
3.34010416666667,1.62714719772339
3.3434375,1.6251802444458
3.34677083333333,1.62315368652344
3.35010416666667,1.6210675239563
3.3534375,1.61904096603394
3.35677083333333,1.6171932220459
3.36010416666667,1.61558389663696
3.3634375,1.61421298980713
3.36677083333333,1.61319971084595
3.37010416666667,1.61260366439819
3.3734375,1.61230564117432
3.37677083333333,1.61236524581909
3.38010416666667,1.61266326904297
3.3834375,1.61325931549072
3.38677083333333,1.61391496658325
3.39010416666667,1.61463022232056
3.3934375,1.61534547805786
3.39677083333333,1.61600112915039
3.40010416666667,1.61653757095337
3.4034375,1.6169548034668
3.40677083333333,1.61731243133545
3.41010416666667,1.61761045455933
3.4134375,1.61778926849365
3.41677083333333,1.6179084777832
3.42010416666667,1.61796808242798
3.4234375,1.61796808242798
3.42677083333333,1.61784887313843
3.43010416666667,1.61772966384888
3.4334375,1.617431640625
3.43677083333333,1.61713361740112
3.44010416666667,1.61677598953247
3.4434375,1.61641836166382
3.44677083333333,1.61612033843994
3.45010416666667,1.61582231521606
3.4534375,1.61558389663696
3.45677083333333,1.61546468734741
3.46010416666667,1.61540508270264
3.4634375,1.61540508270264
3.46677083333333,1.61552429199219
3.47010416666667,1.61558389663696
3.4734375,1.61564350128174
3.47677083333333,1.61564350128174
3.48010416666667,1.61552429199219
3.4834375,1.61528587341309
3.48677083333333,1.61486864089966
3.49010416666667,1.61421298980713
3.4934375,1.61337852478027
3.49677083333333,1.61236524581909
3.50010416666667,1.61117315292358
3.5034375,1.60980224609375
3.50677083333333,1.60825252532959
3.51010416666667,1.6065239906311
3.5134375,1.60467624664307
3.51677083333333,1.6026496887207
3.52010416666667,1.60050392150879
3.5234375,1.59817934036255
3.52677083333333,1.59567594528198
3.53010416666667,1.59311294555664
3.5334375,1.59049034118652
3.53677083333333,1.58780813217163
3.54010416666667,1.58512592315674
3.5434375,1.58262252807617
3.54677083333333,1.58023834228516
3.55010416666667,1.57821178436279
3.5534375,1.57654285430908
3.55677083333333,1.5752911567688
3.56010416666667,1.57463550567627
3.5634375,1.57457590103149
3.56677083333333,1.57517194747925
3.57010416666667,1.57642364501953
3.5734375,1.57833099365234
3.57677083333333,1.58089399337769
3.58010416666667,1.58405303955078
3.5834375,1.58774852752686
3.58677083333333,1.59192085266113
3.59010416666667,1.59651041030884
3.5934375,1.60139799118042
3.59677083333333,1.60646438598633
3.60010416666667,1.61164999008179
3.6034375,1.61689519882202
3.60677083333333,1.62220001220703
3.61010416666667,1.62738561630249
3.6134375,1.63251161575317
3.61677083333333,1.63751840591431
3.62010416666667,1.64234638214111
3.6234375,1.64693593978882
3.62677083333333,1.6513466835022
3.63010416666667,1.65557861328125
3.6334375,1.65951251983643
3.63677083333333,1.66326761245728
3.64010416666667,1.6668438911438
3.6434375,1.67018175125122
3.64677083333333,1.67340040206909
3.65010416666667,1.67644023895264
3.6534375,1.67942047119141
3.65677083333333,1.6823410987854
3.66010416666667,1.68526172637939
3.6634375,1.68812274932861
3.66677083333333,1.69104337692261
3.67010416666667,1.6939640045166
3.6734375,1.69694423675537
3.67677083333333,1.69998407363892
3.68010416666667,1.70314311981201
3.6834375,1.70636177062988
3.68677083333333,1.7096996307373
3.69010416666667,1.71315670013428
3.6934375,1.71661376953125
3.69677083333333,1.720130443573
3.70010416666667,1.72358751296997
3.7034375,1.72692537307739
3.70677083333333,1.73014402389526
3.71010416666667,1.73312425613403
3.7134375,1.73580646514893
3.71677083333333,1.73813104629517
3.72010416666667,1.74003839492798
3.7234375,1.74152851104736
3.72677083333333,1.74260139465332
3.73010416666667,1.74325704574585
3.7334375,1.74349546432495
3.73677083333333,1.7433762550354
3.74010416666667,1.74283981323242
3.7434375,1.74200534820557
3.74677083333333,1.74087285995483
3.75010416666667,1.73956155776978
3.7534375,1.73801183700562
3.75677083333333,1.7363429069519
3.76010416666667,1.73461437225342
3.7634375,1.73288583755493
3.76677083333333,1.73115730285645
3.77010416666667,1.72942876815796
3.7734375,1.7278790473938
3.77677083333333,1.72638893127441
3.78010416666667,1.72507762908936
3.7834375,1.72388553619385
3.78677083333333,1.72281265258789
3.79010416666667,1.72191858291626
3.7934375,1.72114372253418
3.79677083333333,1.72054767608643
3.80010416666667,1.71995162963867
3.8034375,1.71947479248047
3.80677083333333,1.71893835067749
3.81010416666667,1.71840190887451
3.8134375,1.71780586242676
3.81677083333333,1.71703100204468
3.82010416666667,1.71607732772827
3.8234375,1.71488523483276
3.82677083333333,1.71357393264771
3.83010416666667,1.71202421188354
3.8334375,1.71035528182983
3.83677083333333,1.70856714248657
3.84010416666667,1.70671939849854
3.8434375,1.7048716545105
3.84677083333333,1.70302391052246
3.85010416666667,1.7012357711792
3.8534375,1.69956684112549
3.85677083333333,1.69801712036133
3.86010416666667,1.69664621353149
3.8634375,1.69545412063599
3.86677083333333,1.69438123703003
3.87010416666667,1.69360637664795
3.8734375,1.69306993484497
3.87677083333333,1.69277191162109
3.88010416666667,1.69283151626587
3.8834375,1.69318914413452
3.88677083333333,1.69384479522705
3.89010416666667,1.69479846954346
3.8934375,1.69599056243896
3.89677083333333,1.6973614692688
3.90010416666667,1.69885158538818
3.9034375,1.70034170150757
3.90677083333333,1.70177221298218
3.91010416666667,1.70308351516724
3.9134375,1.70421600341797
3.91677083333333,1.70516967773438
3.92010416666667,1.70588493347168
3.9234375,1.70636177062988
3.92677083333333,1.70665979385376
3.93010416666667,1.70665979385376
3.9334375,1.70654058456421
3.93677083333333,1.70618295669556
3.94010416666667,1.70570611953735
3.9434375,1.7051100730896
3.94677083333333,1.70439481735229
3.95010416666667,1.70356035232544
3.9534375,1.70278549194336
3.95677083333333,1.70201063156128
3.96010416666667,1.70135498046875
3.9634375,1.700758934021
3.96677083333333,1.70034170150757
3.97010416666667,1.70016288757324
3.9734375,1.70016288757324
3.97677083333333,1.70040130615234
3.98010416666667,1.700758934021
3.9834375,1.70135498046875
3.98677083333333,1.70207023620605
3.99010416666667,1.70290470123291
3.9934375,1.70385837554932
3.99677083333333,1.70481204986572
4.00010416666667,1.7058253288269
4.0034375,1.70689821243286
4.00677083333333,1.70785188674927
4.01010416666667,1.70880556106567
4.0134375,1.7096996307373
4.01677083333333,1.71047449111938
4.02010416666667,1.71113014221191
4.0234375,1.71160697937012
4.02677083333333,1.71202421188354
4.03010416666667,1.71232223510742
4.0334375,1.71250104904175
4.03677083333333,1.71256065368652
4.04010416666667,1.7126202583313
4.0434375,1.7126202583313
4.04677083333333,1.7126202583313
4.05010416666667,1.71267986297607
4.0534375,1.71267986297607
4.05677083333333,1.71279907226563
4.06010416666667,1.71291828155518
4.0634375,1.7130970954895
4.06677083333333,1.7133355140686
4.07010416666667,1.71369314193726
4.0734375,1.71405076980591
4.07677083333333,1.71452760696411
4.08010416666667,1.71506404876709
4.0834375,1.71560049057007
4.08677083333333,1.71613693237305
4.09010416666667,1.71661376953125
4.0934375,1.71703100204468
4.09677083333333,1.717209815979
4.10010416666667,1.71726942062378
4.1034375,1.71709060668945
4.10677083333333,1.71661376953125
4.11010416666667,1.71589851379395
4.1134375,1.71494483947754
4.11677083333333,1.71381235122681
4.12010416666667,1.71244144439697
4.1234375,1.71095132827759
4.12677083333333,1.70940160751343
4.13010416666667,1.70773267745972
4.1334375,1.70606374740601
4.13677083333333,1.70445442199707
4.14010416666667,1.70284509658813
4.1434375,1.70135498046875
4.14677083333333,1.70004367828369
4.15010416666667,1.69885158538818
4.1534375,1.69795751571655
4.15677083333333,1.69730186462402
4.16010416666667,1.69700384140015
4.1634375,1.69694423675537
4.16677083333333,1.69724225997925
4.17010416666667,1.69777870178223
4.1734375,1.69861316680908
4.17677083333333,1.69962644577026
4.18010416666667,1.70087814331055
4.1834375,1.70218944549561
4.18677083333333,1.70361995697021
4.19010416666667,1.7051100730896
4.1934375,1.70660018920898
4.19677083333333,1.70803070068359
4.20010416666667,1.7094612121582
4.2034375,1.71077251434326
4.20677083333333,1.71190500259399
4.21010416666667,1.71279907226563
4.2134375,1.71345472335815
4.21677083333333,1.71381235122681
4.22010416666667,1.71387195587158
4.2234375,1.71363353729248
4.22677083333333,1.7130970954895
4.23010416666667,1.71232223510742
4.2334375,1.71136856079102
4.23677083333333,1.71029567718506
4.24010416666667,1.70916318893433
4.2434375,1.70803070068359
4.24677083333333,1.70689821243286
4.25010416666667,1.70576572418213
4.2534375,1.70469284057617
4.25677083333333,1.70361995697021
4.26010416666667,1.70248746871948
4.2634375,1.70129537582397
4.26677083333333,1.70004367828369
4.27010416666667,1.69867277145386
4.2734375,1.69724225997925
4.27677083333333,1.69563293457031
4.28010416666667,1.69390439987183
4.2834375,1.69205665588379
4.28677083333333,1.6900897026062
4.29010416666667,1.68794393539429
4.2934375,1.68567895889282
4.29677083333333,1.68329477310181
4.30010416666667,1.68085098266602
4.3034375,1.67828798294067
4.30677083333333,1.67572498321533
4.31010416666667,1.67322158813477
4.3134375,1.67083740234375
4.31677083333333,1.66863203048706
4.32010416666667,1.66672468185425
4.3234375,1.66517496109009
4.32677083333333,1.66410207748413
4.33010416666667,1.66362524032593
4.3334375,1.6636848449707
4.33677083333333,1.66434049606323
4.34010416666667,1.66559219360352
4.3434375,1.66738033294678
4.34677083333333,1.66964530944824
4.35010416666667,1.67238712310791
4.3534375,1.67548656463623
4.35677083333333,1.67882442474365
4.36010416666667,1.68240070343018
4.3634375,1.68609619140625
4.36677083333333,1.68997049331665
4.37010416666667,1.69390439987183
4.3734375,1.697838306427
4.37677083333333,1.70177221298218
4.38010416666667,1.70564651489258
4.3834375,1.70940160751343
4.38677083333333,1.71303749084473
4.39010416666667,1.7164945602417
4.3934375,1.71977281570435
4.39677083333333,1.72281265258789
4.40010416666667,1.72567367553711
4.4034375,1.72829627990723
4.40677083333333,1.73085927963257
4.41010416666667,1.73324346542358
4.4134375,1.7356276512146
4.41677083333333,1.73795223236084
4.42010416666667,1.74027681350708
4.4234375,1.7426609992981
4.42677083333333,1.74498558044434
4.43010416666667,1.74731016159058
4.4334375,1.74963474273682
4.43677083333333,1.75189971923828
4.44010416666667,1.7540454864502
4.4434375,1.75607204437256
4.44677083333333,1.75803899765015
4.45010416666667,1.75988674163818
4.4534375,1.76155567169189
4.45677083333333,1.76310539245605
4.46010416666667,1.76453590393066
4.4634375,1.76578760147095
4.46677083333333,1.76692008972168
4.47010416666667,1.76787376403809
4.4734375,1.76858901977539
4.47677083333333,1.76912546157837
4.48010416666667,1.76948308944702
4.4834375,1.76966190338135
4.48677083333333,1.76972150802612
4.49010416666667,1.7697811126709
4.4934375,1.76984071731567
4.49677083333333,1.77007913589478
4.50010416666667,1.7704963684082
4.5034375,1.77121162414551
4.50677083333333,1.77228450775146
4.51010416666667,1.77371501922607
4.5134375,1.77550315856934
4.51677083333333,1.77770853042603
4.52010416666667,1.78015232086182
4.5234375,1.78295373916626
4.52677083333333,1.7859935760498
4.53010416666667,1.78921222686768
4.5334375,1.7925500869751
4.53677083333333,1.79594755172729
4.54010416666667,1.79928541183472
4.5434375,1.80262327194214
4.54677083333333,1.80572271347046
4.55010416666667,1.80870294570923
4.5534375,1.81138515472412
4.55677083333333,1.81376934051514
4.56010416666667,1.81591510772705
4.5634375,1.81776285171509
4.56677083333333,1.81931257247925
4.57010416666667,1.82056427001953
4.5734375,1.82169675827026
4.57677083333333,1.82259082794189
4.58010416666667,1.82336568832397
4.5834375,1.82408094406128
4.58677083333333,1.82467699050903
4.59010416666667,1.82515382766724
4.5934375,1.82563066482544
4.59677083333333,1.82598829269409
4.60010416666667,1.82628631591797
4.6034375,1.82658433914185
4.60677083333333,1.82682275772095
4.61010416666667,1.82706117630005
4.6134375,1.82729959487915
4.61677083333333,1.82753801345825
4.62010416666667,1.82777643203735
4.6234375,1.82795524597168
4.62677083333333,1.82813405990601
4.63010416666667,1.82825326919556
4.6334375,1.82825326919556
4.63677083333333,1.82807445526123
4.64010416666667,1.8276572227478
4.6434375,1.8269419670105
4.64677083333333,1.82598829269409
4.65010416666667,1.82473659515381
4.6534375,1.82318687438965
4.65677083333333,1.82133913040161
4.66010416666667,1.81931257247925
4.6634375,1.81710720062256
4.66677083333333,1.81478261947632
4.67010416666667,1.8123984336853
4.6734375,1.81007385253906
4.67677083333333,1.80774927139282
4.68010416666667,1.80548429489136
4.6834375,1.80327892303467
4.68677083333333,1.80119276046753
4.69010416666667,1.79910659790039
4.6934375,1.79719924926758
4.69677083333333,1.79529190063477
4.70010416666667,1.7935037612915
4.7034375,1.79189443588257
4.70677083333333,1.79040431976318
4.71010416666667,1.78903341293335
4.7134375,1.78790092468262
4.71677083333333,1.78694725036621
4.72010416666667,1.78617238998413
4.7234375,1.78557634353638
4.72677083333333,1.78515911102295
4.73010416666667,1.78492069244385
4.7334375,1.7848014831543
4.73677083333333,1.7848014831543
4.74010416666667,1.78498029708862
4.7434375,1.78521871566772
4.74677083333333,1.78569555282593
4.75010416666667,1.78629159927368
4.7534375,1.78706645965576
4.75677083333333,1.78796052932739
4.76010416666667,1.78903341293335
4.7634375,1.79022550582886
4.76677083333333,1.79159641265869
4.77010416666667,1.79308652877808
4.7734375,1.79463624954224
4.77677083333333,1.79624557495117
4.78010416666667,1.79797410964966
4.7834375,1.79964303970337
4.78677083333333,1.80137157440186
4.79010416666667,1.80304050445557
4.7934375,1.80459022521973
4.79677083333333,1.80602073669434
4.80010416666667,1.80733203887939
4.8034375,1.80834531784058
4.80677083333333,1.80917978286743
4.81010416666667,1.80971622467041
4.8134375,1.81001424789429
4.81677083333333,1.81007385253906
4.82010416666667,1.80995464324951
4.8234375,1.80965662002563
4.82677083333333,1.80935859680176
4.83010416666667,1.80894136428833
4.8334375,1.80858373641968
4.83677083333333,1.8082857131958
4.84010416666667,1.80810689926147
4.8434375,1.8080472946167
4.84677083333333,1.80810689926147
4.85010416666667,1.8082857131958
4.8534375,1.80864334106445
4.85677083333333,1.80912017822266
4.86010416666667,1.80965662002563
4.8634375,1.81037187576294
4.86677083333333,1.81120634078979
4.87010416666667,1.8121600151062
4.8734375,1.81317329406738
4.87677083333333,1.81430578231812
4.88010416666667,1.81543827056885
4.8834375,1.81663036346436
4.88677083333333,1.81782245635986
4.89010416666667,1.81901454925537
4.8934375,1.8201470375061
4.89677083333333,1.82121992111206
4.90010416666667,1.82229280471802
4.9034375,1.82318687438965
4.90677083333333,1.82408094406128
4.91010416666667,1.82479619979858
4.9134375,1.82551145553589
4.91677083333333,1.82610750198364
4.92010416666667,1.82664394378662
4.9234375,1.8271803855896
4.92677083333333,1.8276572227478
4.93010416666667,1.82813405990601
4.9334375,1.82861089706421
4.93677083333333,1.82902812957764
4.94010416666667,1.82950496673584
4.9434375,1.82998180389404
4.94677083333333,1.83039903640747
4.95010416666667,1.8308162689209
4.9534375,1.83123350143433
4.95677083333333,1.83159112930298
4.96010416666667,1.83188915252686
4.9634375,1.83212757110596
4.96677083333333,1.83230638504028
4.97010416666667,1.83236598968506
4.9734375,1.83236598968506
4.97677083333333,1.83230638504028
4.98010416666667,1.83212757110596
4.9834375,1.83182954788208
4.98677083333333,1.83147192001343
4.99010416666667,1.8310546875
4.9934375,1.8305778503418
4.99677083333333,1.83004140853882
5.00010416666667,1.82950496673584
5.0034375,1.82890892028809
5.00677083333333,1.82837247848511
5.01010416666667,1.82777643203735
5.0134375,1.82723999023438
5.01677083333333,1.8267035484314
5.02010416666667,1.82616710662842
5.0234375,1.82557106018066
5.02677083333333,1.82491540908813
5.03010416666667,1.82420015335083
5.0334375,1.82342529296875
5.03677083333333,1.82253122329712
5.04010416666667,1.82157754898071
5.0434375,1.82056427001953
5.04677083333333,1.81961059570313
5.05010416666667,1.81871652603149
5.0534375,1.81788206100464
5.05677083333333,1.81722640991211
5.06010416666667,1.81674957275391
5.0634375,1.8165111541748
5.06677083333333,1.8165111541748
5.07010416666667,1.81668996810913
5.0734375,1.81710720062256
5.07677083333333,1.81782245635986
5.08010416666667,1.81877613067627
5.0834375,1.81996822357178
5.08677083333333,1.82145833969116
5.09010416666667,1.82312726974487
5.0934375,1.82515382766724
5.09677083333333,1.8274188041687
5.10010416666667,1.82992219924927
5.1034375,1.83266401290894
5.10677083333333,1.83570384979248
5.11010416666667,1.83892250061035
5.1134375,1.84231996536255
5.11677083333333,1.8458366394043
5.12010416666667,1.84941291809082
5.1234375,1.85304880142212
5.12677083333333,1.85656547546387
5.13010416666667,1.85996294021606
5.1334375,1.86318159103394
5.13677083333333,1.86616182327271
5.14010416666667,1.86896324157715
5.1434375,1.87146663665771
5.14677083333333,1.8736720085144
5.15010416666667,1.87563896179199
5.1534375,1.8773078918457
5.15677083333333,1.87867879867554
5.16010416666667,1.87975168228149
5.1634375,1.88058614730835
5.16677083333333,1.88106298446655
5.17010416666667,1.88136100769043
5.1734375,1.88136100769043
5.17677083333333,1.8811821937561
5.18010416666667,1.88076496124268
5.1834375,1.8802285194397
5.18677083333333,1.87945365905762
5.19010416666667,1.87861919403076
5.1934375,1.87760591506958
5.19677083333333,1.87647342681885
5.20010416666667,1.87522172927856
5.2034375,1.87385082244873
5.20677083333333,1.87242031097412
5.21010416666667,1.87081098556519
5.2134375,1.86920166015625
5.21677083333333,1.86747312545776
5.22010416666667,1.8656849861145
5.2234375,1.86389684677124
5.22677083333333,1.8620491027832
5.23010416666667,1.86026096343994
5.2334375,1.8584132194519
5.23677083333333,1.85656547546387
5.24010416666667,1.85465812683105
5.2434375,1.85281038284302
5.24677083333333,1.85090303421021
5.25010416666667,1.84893608093262
5.2534375,1.84696912765503
5.25677083333333,1.84488296508789
5.26010416666667,1.8426775932312
5.2634375,1.84047222137451
5.26677083333333,1.83814764022827
5.27010416666667,1.83576345443726
5.2734375,1.83326005935669
5.27677083333333,1.83075666427612
5.28010416666667,1.82825326919556
5.2834375,1.82574987411499
5.28677083333333,1.82324647903442
5.29010416666667,1.82080268859863
5.2934375,1.81853771209717
5.29677083333333,1.81633234024048
5.30010416666667,1.81436538696289
5.3034375,1.8126368522644
5.30677083333333,1.81108713150024
5.31010416666667,1.80983543395996
5.3134375,1.80894136428833
5.31677083333333,1.8082857131958
5.32010416666667,1.80792808532715
5.3234375,1.80786848068237
5.32677083333333,1.8080472946167
5.33010416666667,1.8085241317749
5.3334375,1.80929899215698
5.33677083333333,1.81025266647339
5.34010416666667,1.8114447593689
5.3434375,1.81287527084351
5.34677083333333,1.81448459625244
5.35010416666667,1.81633234024048
5.3534375,1.81829929351807
5.35677083333333,1.82044506072998
5.36010416666667,1.82265043258667
5.3634375,1.82497501373291
5.36677083333333,1.82735919952393
5.37010416666667,1.82968378067017
5.3734375,1.83206796646118
5.37677083333333,1.8344521522522
5.38010416666667,1.83677673339844
5.3834375,1.8390417098999
5.38677083333333,1.84130668640137
5.39010416666667,1.84351205825806
5.3934375,1.84565782546997
5.39677083333333,1.84786319732666
5.40010416666667,1.8499493598938
5.4034375,1.85197591781616
5.40677083333333,1.85394287109375
5.41010416666667,1.85585021972656
5.4134375,1.85763835906982
5.41677083333333,1.85930728912354
5.42010416666667,1.86091661453247
5.4234375,1.86240673065186
5.42677083333333,1.86383724212646
5.43010416666667,1.86514854431152
5.4334375,1.86645984649658
5.43677083333333,1.86771154403687
5.44010416666667,1.86896324157715
5.4434375,1.87015533447266
5.44677083333333,1.87134742736816
5.45010416666667,1.87242031097412
5.4534375,1.87349319458008
5.45677083333333,1.87450647354126
5.46010416666667,1.87546014785767
5.4634375,1.8763542175293
5.46677083333333,1.87718868255615
5.47010416666667,1.87808275222778
5.4734375,1.87891721725464
5.47677083333333,1.87975168228149
5.48010416666667,1.8807053565979
5.4834375,1.88165903091431
5.48677083333333,1.88267230987549
5.49010416666667,1.88374519348145
5.4934375,1.8848180770874
5.49677083333333,1.88595056533813
5.50010416666667,1.88708305358887
5.5034375,1.88815593719482
5.50677083333333,1.88928842544556
5.51010416666667,1.89036130905151
5.5134375,1.89143419265747
5.51677083333333,1.89244747161865
5.52010416666667,1.89346075057983
5.5234375,1.89435482025146
5.52677083333333,1.8952488899231
5.53010416666667,1.89602375030518
5.5334375,1.89673900604248
5.53677083333333,1.89739465713501
5.54010416666667,1.89805030822754
5.5434375,1.89864635467529
5.54677083333333,1.89930200576782
5.55010416666667,1.90001726150513
5.5534375,1.90079212188721
5.55677083333333,1.90168619155884
5.56010416666667,1.90263986587524
5.5634375,1.90377235412598
5.56677083333333,1.90496444702148
5.57010416666667,1.90627574920654
5.5734375,1.90764665603638
5.57677083333333,1.90901756286621
5.58010416666667,1.91044807434082
5.5834375,1.91187858581543
5.58677083333333,1.91324949264526
5.59010416666667,1.91468000411987
5.5934375,1.91605091094971
5.59677083333333,1.91736221313477
5.60010416666667,1.9187331199646
5.6034375,1.92010402679443
5.60677083333333,1.92147493362427
5.61010416666667,1.9228458404541
5.6134375,1.92427635192871
5.61677083333333,1.9257664680481
5.62010416666667,1.92731618881226
5.6234375,1.92886590957642
5.62677083333333,1.93041563034058
5.63010416666667,1.93196535110474
5.6334375,1.93357467651367
5.63677083333333,1.93518400192261
5.64010416666667,1.93679332733154
5.6434375,1.93840265274048
5.64677083333333,1.94001197814941
5.65010416666667,1.9415020942688
5.6534375,1.94299221038818
5.65677083333333,1.94442272186279
5.66010416666667,1.94579362869263
5.6634375,1.94704532623291
5.66677083333333,1.94829702377319
5.67010416666667,1.9494891166687
5.6734375,1.95074081420898
5.67677083333333,1.95199251174927
5.68010416666667,1.95342302322388
5.6834375,1.95509195327759
5.68677083333333,1.95693969726563
5.69010416666667,1.95914506912231
5.6934375,1.96158885955811
5.69677083333333,1.96444988250732
5.70010416666667,1.96760892868042
5.7034375,1.97118520736694
5.70677083333333,1.97505950927734
5.71010416666667,1.97923183441162
5.7134375,1.98370218276978
5.71677083333333,1.98835134506226
5.72010416666667,1.99317932128906
5.7234375,1.99812650680542
5.72677083333333,2.00319290161133
5.73010416666667,2.00819969177246
5.7334375,2.01326608657837
5.73677083333333,2.01815366744995
5.74010416666667,2.02286243438721
5.7434375,2.02733278274536
5.74677083333333,2.03144550323486
5.75010416666667,2.03526020050049
5.7534375,2.03859806060791
5.75677083333333,2.04145908355713
5.76010416666667,2.04372406005859
5.7634375,2.04545259475708
5.76677083333333,2.04652547836304
5.77010416666667,2.04700231552124
5.7734375,2.04688310623169
5.77677083333333,2.04616785049438
5.78010416666667,2.0449161529541
5.7834375,2.04318761825562
5.78677083333333,2.04098224639893
5.79010416666667,2.03841924667358
5.7934375,2.03549861907959
5.79677083333333,2.03227996826172
5.80010416666667,2.02882289886475
5.8034375,2.02518701553345
5.80677083333333,2.0214319229126
5.81010416666667,2.0175576210022
5.8134375,2.01374292373657
5.81677083333333,2.00998783111572
5.82010416666667,2.00647115707397
5.8234375,2.0032525062561
5.82677083333333,2.00033187866211
5.83010416666667,1.99782848358154
5.8334375,1.99580192565918
5.83677083333333,1.99431180953979
5.84010416666667,1.99335813522339
5.8434375,1.99294090270996
5.84677083333333,1.99300050735474
5.85010416666667,1.99365615844727
5.8534375,1.994788646698
5.85677083333333,1.99639797210693
5.86010416666667,1.99848413467407
5.8634375,2.00092792510986
5.86677083333333,2.00378894805908
5.87010416666667,2.0068883895874
5.8734375,2.0102858543396
5.87677083333333,2.01380252838135
5.88010416666667,2.01749801635742
5.8834375,2.02125310897827
5.88677083333333,2.0250678062439
5.89010416666667,2.02876329421997
5.8934375,2.03239917755127
5.89677083333333,2.03591585159302
5.90010416666667,2.03919410705566
5.9034375,2.04223394393921
5.90677083333333,2.04497575759888
5.91010416666667,2.04741954803467
5.9134375,2.04956531524658
5.91677083333333,2.05129384994507
5.92010416666667,2.0526647567749
5.9234375,2.05367803573608
5.92677083333333,2.05433368682861
5.93010416666667,2.05457210540771
5.9334375,2.05451250076294
5.93677083333333,2.05403566360474
5.94010416666667,2.05320119857788
5.9434375,2.05200910568237
5.94677083333333,2.05039978027344
5.95010416666667,2.04843282699585
5.9534375,2.04604864120483
5.95677083333333,2.04336643218994
5.96010416666667,2.04038619995117
5.9634375,2.03704833984375
5.96677083333333,2.03347206115723
5.97010416666667,2.02959775924683
5.9734375,2.02548503875732
5.97677083333333,2.0211935043335
5.98010416666667,2.01678276062012
5.9834375,2.01213359832764
5.98677083333333,2.00736522674561
5.99010416666667,2.00241804122925
5.9934375,1.99735164642334
5.99677083333333,1.99210643768311
6.00010416666667,1.9868016242981
6.0034375,1.98131799697876
6.00677083333333,1.97583436965942
6.01010416666667,1.97023153305054
6.0134375,1.96468830108643
6.01677083333333,1.95914506912231
6.02010416666667,1.95372104644775
6.0234375,1.94841623306274
6.02677083333333,1.94334983825684
6.03010416666667,1.93846225738525
6.0334375,1.93381309509277
6.03677083333333,1.92940235137939
6.04010416666667,1.92528963088989
6.0434375,1.92147493362427
6.04677083333333,1.91789865493774
6.05010416666667,1.9146203994751
6.0534375,1.91164016723633
6.05677083333333,1.90901756286621
6.06010416666667,1.9066333770752
6.0634375,1.90460681915283
6.06677083333333,1.90287828445435
6.07010416666667,1.90144777297974
6.0734375,1.90037488937378
6.07677083333333,1.89965963363647
6.08010416666667,1.89918279647827
6.0834375,1.8991231918335
6.08677083333333,1.89930200576782
6.09010416666667,1.8998384475708
6.0934375,1.90061330795288
6.09677083333333,1.90168619155884
6.10010416666667,1.9029974937439
6.1034375,1.90454721450806
6.10677083333333,1.90621614456177
6.11010416666667,1.90812349319458
6.1134375,1.91015005111694
6.11677083333333,1.91235542297363
6.12010416666667,1.9146203994751
6.1234375,1.91706418991089
6.12677083333333,1.91962718963623
6.13010416666667,1.9223690032959
6.1334375,1.92528963088989
6.13677083333333,1.92832946777344
6.14010416666667,1.93154811859131
6.1434375,1.93488597869873
6.14677083333333,1.9383430480957
6.15010416666667,1.94191932678223
6.1534375,1.94549560546875
6.15677083333333,1.94907188415527
6.16010416666667,1.9526481628418
6.1634375,1.95616483688354
6.16677083333333,1.95974111557007
6.17010416666667,1.96331739425659
6.1734375,1.96689367294312
6.17677083333333,1.97046995162964
6.18010416666667,1.97416543960571
6.1834375,1.97786092758179
6.18677083333333,1.98167562484741
6.19010416666667,1.98549032211304
6.1934375,1.98930501937866
6.19677083333333,1.99311971664429
6.20010416666667,1.99687480926514
6.2034375,2.00051069259644
6.20677083333333,2.00402736663818
6.21010416666667,2.00748443603516
6.2134375,2.0107626914978
6.21677083333333,2.01386213302612
6.22010416666667,2.01684236526489
6.2234375,2.01958417892456
6.22677083333333,2.0221471786499
6.23010416666667,2.02447175979614
6.2334375,2.02661752700806
6.23677083333333,2.02858448028564
6.24010416666667,2.03031301498413
6.2434375,2.03192234039307
6.24677083333333,2.0332932472229
6.25010416666667,2.03454494476318
6.2534375,2.03567743301392
6.25677083333333,2.0366907119751
6.26010416666667,2.0376443862915
6.2634375,2.03841924667358
6.26677083333333,2.03901529312134
6.27010416666667,2.03943252563477
6.2734375,2.03973054885864
6.27677083333333,2.03979015350342
6.28010416666667,2.03973054885864
6.2834375,2.03955173492432
6.28677083333333,2.03925371170044
6.29010416666667,2.03901529312134
6.2934375,2.03883647918701
6.29677083333333,2.03877687454224
6.30010416666667,2.03901529312134
6.3034375,2.03961133956909
6.30677083333333,2.04068422317505
6.31010416666667,2.04229354858398
6.3134375,2.04461812973022
6.31677083333333,2.04771757125854
6.32010416666667,2.0517110824585
6.3234375,2.0567774772644
6.32677083333333,2.06303596496582
6.33010416666667,2.07054615020752
6.3334375,2.07936763763428
6.33677083333333,2.08967924118042
6.34010416666667,2.10142135620117
6.3434375,2.11453437805176
6.34677083333333,2.1289587020874
6.35010416666667,2.14457511901855
6.3534375,2.16120481491089
6.35677083333333,2.17866897583008
6.36010416666667,2.19666957855225
6.3634375,2.21490859985352
6.36677083333333,2.23308801651001
6.37010416666667,2.25096940994263
6.3734375,2.26825475692749
6.37677083333333,2.28464603424072
6.38010416666667,2.29990482330322
6.3834375,2.31385231018066
6.38677083333333,2.32630968093872
6.39010416666667,2.33715772628784
6.3934375,2.34639644622803
6.39677083333333,2.35384702682495
6.40010416666667,2.35974788665771
6.4034375,2.36409902572632
6.40677083333333,2.36701965332031
6.41010416666667,2.3687481880188
6.4134375,2.36934423446655
6.41677083333333,2.36904621124268
6.42010416666667,2.36803293228149
6.4234375,2.36648321151733
6.42677083333333,2.3646354675293
6.43010416666667,2.36254930496216
6.4334375,2.36046314239502
6.43677083333333,2.35849618911743
6.44010416666667,2.35682725906372
6.4434375,2.35557556152344
6.44677083333333,2.35486030578613
6.45010416666667,2.35486030578613
6.4534375,2.35569477081299
6.45677083333333,2.35742330551147
6.46010416666667,2.36016511917114
6.4634375,2.36397981643677
6.46677083333333,2.3689866065979
6.47010416666667,2.37518548965454
6.4734375,2.38257646560669
6.47677083333333,2.3912787437439
6.48010416666667,2.40117311477661
6.4834375,2.41243839263916
6.48677083333333,2.42513418197632
6.49010416666667,2.43926048278809
6.4934375,2.45499610900879
6.49677083333333,2.4724006652832
6.50010416666667,2.49165296554565
6.5034375,2.51293182373047
6.50677083333333,2.53641605377197
6.51010416666667,2.56234407424927
6.5134375,2.59089469909668
6.51677083333333,2.62230634689331
6.52010416666667,2.65675783157349
6.5234375,2.69448757171631
6.52677083333333,2.73561477661133
6.53010416666667,2.78019905090332
6.5334375,2.82818078994751
6.53677083333333,2.87932157516479
6.54010416666667,2.93314456939697
6.5434375,2.98911333084106
6.54677083333333,3.04633378982544
6.55010416666667,3.10361385345459
6.5534375,3.15982103347778
6.55677083333333,3.21340560913086
6.56010416666667,3.26293706893921
6.5634375,3.3068060874939
6.56677083333333,3.34358215332031
6.57010416666667,3.37201356887817
6.5734375,3.3910870552063
6.57677083333333,3.39996814727783
6.58010416666667,3.39841842651367
6.5834375,3.38637828826904
6.58677083333333,3.36414575576782
6.59010416666667,3.33261489868164
6.5934375,3.29267978668213
6.59677083333333,3.24571132659912
6.60010416666667,3.19314002990723
6.6034375,3.13651561737061
6.60677083333333,3.07744741439819
6.61010416666667,3.01742553710938
6.6134375,2.95770168304443
6.61677083333333,2.89958715438843
6.62010416666667,2.84403562545776
6.6234375,2.79170274734497
6.62677083333333,2.74306535720825
6.63010416666667,2.69842147827148
6.6334375,2.65783071517944
6.63677083333333,2.62117385864258
6.64010416666667,2.58809328079224
6.6434375,2.55841016769409
6.64677083333333,2.53170728683472
6.65010416666667,2.50750780105591
6.6534375,2.48557329177856
6.65677083333333,2.46548652648926
6.66010416666667,2.44694948196411
6.6634375,2.4297833442688
6.66677083333333,2.41374969482422
6.67010416666667,2.39872932434082
6.6734375,2.38460302352905
6.67677083333333,2.37131118774414
6.68010416666667,2.35879421234131
6.6834375,2.34693288803101
6.68677083333333,2.33584642410278
6.69010416666667,2.32529640197754
6.6934375,2.3154616355896
6.69677083333333,2.30616331100464
6.70010416666667,2.29752063751221
6.7034375,2.28941440582275
6.70677083333333,2.2817850112915
6.71010416666667,2.27475166320801
6.7134375,2.26813554763794
6.71677083333333,2.2619366645813
6.72010416666667,2.25621461868286
6.7234375,2.25090980529785
6.72677083333333,2.24596261978149
6.73010416666667,2.24143266677856
6.7334375,2.23726034164429
6.73677083333333,2.23350524902344
6.74010416666667,2.23010778427124
6.7434375,2.22700834274292
6.74677083333333,2.22432613372803
6.75010416666667,2.22194194793701
6.7534375,2.21985578536987
6.75677083333333,2.21806764602661
6.76010416666667,2.21657752990723
6.7634375,2.21532583236694
6.76677083333333,2.21437215805054
6.77010416666667,2.21359729766846
6.7734375,2.21306085586548
6.77677083333333,2.2127628326416
6.78010416666667,2.21258401870728
6.7834375,2.2125244140625
6.78677083333333,2.2125244140625
6.79010416666667,2.21258401870728
6.7934375,2.21264362335205
6.79677083333333,2.21270322799683
6.80010416666667,2.21264362335205
6.8034375,2.2125244140625
6.80677083333333,2.21234560012817
6.81010416666667,2.21210718154907
6.8134375,2.2118091583252
6.81677083333333,2.21151113510132
6.82010416666667,2.21121311187744
6.8234375,2.21097469329834
6.82677083333333,2.21079587936401
6.83010416666667,2.21073627471924
6.8334375,2.21079587936401
6.83677083333333,2.21097469329834
6.84010416666667,2.21121311187744
6.8434375,2.21157073974609
6.84677083333333,2.2120475769043
6.85010416666667,2.21258401870728
6.8534375,2.21318006515503
6.85677083333333,2.21389532089233
6.86010416666667,2.21467018127441
6.8634375,2.21556425094604
6.86677083333333,2.21645832061768
6.87010416666667,2.21741199493408
6.8734375,2.21830606460571
6.87677083333333,2.21920013427734
6.88010416666667,2.21997499465942
6.8834375,2.22063064575195
6.88677083333333,2.22116708755493
6.89010416666667,2.22146511077881
6.8934375,2.22152471542358
6.89677083333333,2.22134590148926
6.90010416666667,2.22092866897583
6.9034375,2.22021341323853
6.90677083333333,2.21914052963257
6.91010416666667,2.21776962280273
6.9134375,2.21598148345947
6.91677083333333,2.21377611160278
6.92010416666667,2.21121311187744
6.9234375,2.20829248428345
6.92677083333333,2.2050142288208
6.93010416666667,2.20143795013428
6.9334375,2.19762325286865
6.93677083333333,2.19368934631348
6.94010416666667,2.18963623046875
6.9434375,2.18558311462402
6.94677083333333,2.18164920806885
6.95010416666667,2.17783451080322
6.9534375,2.1742582321167
6.95677083333333,2.17092037200928
6.96010416666667,2.16788053512573
6.9634375,2.16513872146606
6.96677083333333,2.16269493103027
6.97010416666667,2.16048955917358
6.9734375,2.15858221054077
6.97677083333333,2.15691328048706
6.98010416666667,2.15548276901245
6.9834375,2.15429067611694
6.98677083333333,2.15333700180054
6.99010416666667,2.15262174606323
6.9934375,2.1522045135498
6.99677083333333,2.15208530426025
7.00010416666667,2.1522045135498
7.0034375,2.15262174606323
7.00677083333333,2.15333700180054
7.01010416666667,2.15429067611694
7.0134375,2.15542316436768
7.01677083333333,2.15679407119751
7.02010416666667,2.15816497802734
7.0234375,2.15965509414673
7.02677083333333,2.16120481491089
7.03010416666667,2.16275453567505
7.0334375,2.16430425643921
7.03677083333333,2.16579437255859
7.04010416666667,2.16728448867798
7.0434375,2.16871500015259
7.04677083333333,2.1701455116272
7.05010416666667,2.17145681381226
7.0534375,2.17270851135254
7.05677083333333,2.17384099960327
7.06010416666667,2.17485427856445
7.0634375,2.17574834823608
7.06677083333333,2.17652320861816
7.07010416666667,2.17723846435547
7.0734375,2.177894115448
7.07677083333333,2.17849016189575
7.08010416666667,2.17908620834351
7.0834375,2.17974185943604
7.08677083333333,2.18033790588379
7.09010416666667,2.18099355697632
7.0934375,2.18164920806885
7.09677083333333,2.18230485916138
7.10010416666667,2.18284130096436
7.1034375,2.18337774276733
7.10677083333333,2.18379497528076
7.11010416666667,2.18421220779419
7.1134375,2.18462944030762
7.11677083333333,2.18504667282104
7.12010416666667,2.18546390533447
7.1234375,2.1858811378479
7.12677083333333,2.1863579750061
7.13010416666667,2.18683481216431
7.1334375,2.18731164932251
7.13677083333333,2.18772888183594
7.14010416666667,2.18802690505981
7.1434375,2.18826532363892
7.14677083333333,2.18826532363892
7.15010416666667,2.18820571899414
7.1534375,2.18790769577026
7.15677083333333,2.18755006790161
7.16010416666667,2.18701362609863
7.1634375,2.1863579750061
7.16677083333333,2.18558311462402
7.17010416666667,2.18474864959717
7.1734375,2.18373537063599
7.17677083333333,2.18266248703003
7.18010416666667,2.18147039413452
7.1834375,2.18021869659424
7.18677083333333,2.1788477897644
7.19010416666667,2.17747688293457
7.1934375,2.17610597610474
7.19677083333333,2.17479467391968
7.20010416666667,2.17348337173462
7.2034375,2.17223167419434
7.20677083333333,2.1710991859436
7.21010416666667,2.17008590698242
7.2134375,2.16913223266602
7.21677083333333,2.16841697692871
7.22010416666667,2.16782093048096
7.2234375,2.1674633026123
7.22677083333333,2.16728448867798
7.23010416666667,2.16740369796753
7.2334375,2.16776132583618
7.23677083333333,2.16847658157349
7.24010416666667,2.16943025588989
7.2434375,2.17074155807495
7.24677083333333,2.17229127883911
7.25010416666667,2.17407941818237
7.2534375,2.17604637145996
7.25677083333333,2.17825174331665
7.26010416666667,2.18057632446289
7.2634375,2.18296051025391
7.26677083333333,2.1854043006897
7.27010416666667,2.18790769577026
7.2734375,2.19035148620605
7.27677083333333,2.19273567199707
7.28010416666667,2.19506025314331
7.2834375,2.19720602035522
7.28677083333333,2.19923257827759
7.29010416666667,2.20108032226563
7.2934375,2.20274925231934
7.29677083333333,2.20423936843872
7.30010416666667,2.20555067062378
7.3034375,2.20668315887451
7.30677083333333,2.20769643783569
7.31010416666667,2.20859050750732
7.3134375,2.20942497253418
7.31677083333333,2.21025943756104
7.32010416666667,2.21103429794312
7.3234375,2.21186876296997
7.32677083333333,2.2127628326416
7.33010416666667,2.21377611160278
7.3334375,2.21478939056396
7.33677083333333,2.2159218788147
7.34010416666667,2.21711397171021
7.3434375,2.21836566925049
7.34677083333333,2.21967697143555
7.35010416666667,2.22098827362061
7.3534375,2.22241878509521
7.35677083333333,2.22384929656982
7.36010416666667,2.22533941268921
7.3634375,2.22688913345337
7.36677083333333,2.22855806350708
7.37010416666667,2.23034620285034
7.3734375,2.23219394683838
7.37677083333333,2.23416090011597
7.38010416666667,2.23618745803833
7.3834375,2.23821401596069
7.38677083333333,2.24024057388306
7.39010416666667,2.24220752716064
7.3934375,2.24417448043823
7.39677083333333,2.24596261978149
7.40010416666667,2.24763154983521
7.4034375,2.24912166595459
7.40677083333333,2.2505521774292
7.41010416666667,2.25186347961426
7.4134375,2.25305557250977
7.41677083333333,2.25406885147095
7.42010416666667,2.25502252578735
7.4234375,2.25579738616943
7.42677083333333,2.25645303726196
7.43010416666667,2.25698947906494
7.4334375,2.25740671157837
7.43677083333333,2.25764513015747
7.44010416666667,2.25776433944702
7.4434375,2.25776433944702
7.44677083333333,2.25764513015747
7.45010416666667,2.25746631622314
7.4534375,2.25728750228882
7.45677083333333,2.25710868835449
7.46010416666667,2.25692987442017
7.4634375,2.25681066513062
7.46677083333333,2.25681066513062
7.47010416666667,2.25698947906494
7.4734375,2.25722789764404
7.47677083333333,2.2575855255127
7.48010416666667,2.25812196731567
7.4834375,2.25871801376343
7.48677083333333,2.25943326950073
7.49010416666667,2.26026773452759
7.4934375,2.26116180419922
7.49677083333333,2.26205587387085
7.50010416666667,2.26300954818726
7.5034375,2.26390361785889
7.50677083333333,2.26479768753052
7.51010416666667,2.26563215255737
7.5134375,2.26640701293945
7.51677083333333,2.26706266403198
7.52010416666667,2.26747989654541
7.5234375,2.26777791976929
7.52677083333333,2.26783752441406
7.53010416666667,2.26771831512451
7.5334375,2.26742029190063
7.53677083333333,2.26688385009766
7.54010416666667,2.26616859436035
7.5434375,2.26527452468872
7.54677083333333,2.26432085037231
7.55010416666667,2.26318836212158
7.5534375,2.26205587387085
7.55677083333333,2.26086378097534
7.56010416666667,2.25961208343506
7.5634375,2.25836038589478
7.56677083333333,2.25716829299927
7.57010416666667,2.25591659545898
7.5734375,2.25478410720825
7.57677083333333,2.25371122360229
7.58010416666667,2.25275754928589
7.5834375,2.25192308425903
7.58677083333333,2.2512674331665
7.59010416666667,2.25073099136353
7.5934375,2.25049257278442
7.59677083333333,2.25043296813965
7.60010416666667,2.25061178207397
7.6034375,2.25108861923218
7.60677083333333,2.25180387496948
7.61010416666667,2.25275754928589
7.6134375,2.2539496421814
7.61677083333333,2.25538015365601
7.62010416666667,2.25698947906494
7.6234375,2.2587776184082
7.62677083333333,2.26068496704102
7.63010416666667,2.26271152496338
7.6334375,2.26473808288574
7.63677083333333,2.26676464080811
7.64010416666667,2.26873159408569
7.6434375,2.27069854736328
7.64677083333333,2.27260589599609
7.65010416666667,2.27445363998413
7.6534375,2.27624177932739
7.65677083333333,2.27802991867065
7.66010416666667,2.27969884872437
7.6634375,2.28136777877808
7.66677083333333,2.28303670883179
7.67010416666667,2.28464603424072
7.6734375,2.28631496429443
7.67677083333333,2.28798389434814
7.68010416666667,2.28971242904663
7.6834375,2.29156017303467
7.68677083333333,2.29352712631226
7.69010416666667,2.29567289352417
7.6934375,2.29799747467041
7.69677083333333,2.30050086975098
7.70010416666667,2.30324268341064
7.7034375,2.30616331100464
7.70677083333333,2.30926275253296
7.71010416666667,2.31260061264038
7.7134375,2.31605768203735
7.71677083333333,2.31969356536865
7.72010416666667,2.3234486579895
7.7234375,2.3273229598999
7.72677083333333,2.33131647109985
7.73010416666667,2.33536958694458
7.7334375,2.33942270278931
7.73677083333333,2.34347581863403
7.74010416666667,2.34752893447876
7.7434375,2.35146284103394
7.74677083333333,2.35527753829956
7.75010416666667,2.35891342163086
7.7534375,2.36237049102783
7.75677083333333,2.3655891418457
7.76010416666667,2.36862897872925
7.7634375,2.37143039703369
7.76677083333333,2.37399339675903
7.77010416666667,2.37631797790527
7.7734375,2.37834453582764
7.77677083333333,2.38007307052612
7.78010416666667,2.38156318664551
7.7834375,2.38275527954102
7.78677083333333,2.38364934921265
7.79010416666667,2.38430500030518
7.7934375,2.3847222328186
7.79677083333333,2.38490104675293
7.80010416666667,2.38490104675293
7.8034375,2.3847222328186
7.80677083333333,2.38442420959473
7.81010416666667,2.3840069770813
7.8134375,2.38341093063354
7.81677083333333,2.38275527954102
7.82010416666667,2.38204002380371
7.8234375,2.38120555877686
7.82677083333333,2.38037109375
7.83010416666667,2.37941741943359
7.8334375,2.37846374511719
7.83677083333333,2.37751007080078
7.84010416666667,2.37667560577393
7.8434375,2.37584114074707
7.84677083333333,2.37524509429932
7.85010416666667,2.37482786178589
7.8534375,2.37464904785156
7.85677083333333,2.37476825714111
7.86010416666667,2.37518548965454
7.8634375,2.37590074539185
7.86677083333333,2.37691402435303
7.87010416666667,2.37816572189331
7.8734375,2.3796558380127
7.87677083333333,2.38132476806641
7.88010416666667,2.38317251205444
7.8834375,2.38507986068726
7.88677083333333,2.38704681396484
7.89010416666667,2.38889455795288
7.8934375,2.39074230194092
7.89677083333333,2.39241123199463
7.90010416666667,2.39396095275879
7.9034375,2.39533185958862
7.90677083333333,2.39640474319458
7.91010416666667,2.39729881286621
7.9134375,2.39789485931396
7.91677083333333,2.39837169647217
7.92010416666667,2.39861011505127
7.9234375,2.39866971969604
7.92677083333333,2.39861011505127
7.93010416666667,2.39837169647217
7.9334375,2.39801406860352
7.93677083333333,2.39747762680054
7.94010416666667,2.39682197570801
7.9434375,2.39598751068115
7.94677083333333,2.39503383636475
7.95010416666667,2.39390134811401
7.9534375,2.39259004592896
7.95677083333333,2.39121913909912
7.96010416666667,2.38972902297974
7.9634375,2.38817930221558
7.96677083333333,2.38662958145142
7.97010416666667,2.38507986068726
7.9734375,2.38358974456787
7.97677083333333,2.38221883773804
7.98010416666667,2.38090753555298
7.9834375,2.37971544265747
7.98677083333333,2.37858295440674
7.99010416666667,2.37762928009033
7.9934375,2.3767352104187
7.99677083333333,2.37596035003662
8.00010416666667,2.37524509429932
8.0034375,2.37464904785156
8.00677083333333,2.37405300140381
8.01010416666667,2.37357616424561
8.0134375,2.37321853637695
8.01677083333333,2.37298011779785
8.02010416666667,2.3728609085083
8.0234375,2.37298011779785
8.02677083333333,2.37321853637695
8.03010416666667,2.37369537353516
8.0334375,2.37435102462769
8.03677083333333,2.37518548965454
8.04010416666667,2.37613916397095
8.0434375,2.37733125686646
8.04677083333333,2.37858295440674
8.05010416666667,2.37995386123657
8.0534375,2.38138437271118
8.05677083333333,2.38287448883057
8.06010416666667,2.38442420959473
8.0634375,2.38603353500366
8.06677083333333,2.3876428604126
8.07010416666667,2.38925218582153
8.0734375,2.39086151123047
8.07677083333333,2.3924708366394
8.08010416666667,2.39408016204834
8.0834375,2.39557027816772
8.08677083333333,2.39706039428711
8.09010416666667,2.39843130111694
8.0934375,2.39968299865723
8.09677083333333,2.40075588226318
8.10010416666667,2.40164995193481
8.1034375,2.40230560302734
8.10677083333333,2.402663230896
8.11010416666667,2.40284204483032
8.1134375,2.40278244018555
8.11677083333333,2.40242481231689
8.12010416666667,2.40194797515869
8.1234375,2.40129232406616
8.12677083333333,2.40045785903931
8.13010416666667,2.39962339401245
8.1334375,2.39866971969604
8.13677083333333,2.39777565002441
8.14010416666667,2.39682197570801
8.1434375,2.39598751068115
8.14677083333333,2.3951530456543
8.15010416666667,2.39437818527222
8.1534375,2.39366292953491
8.15677083333333,2.39300727844238
8.16010416666667,2.39253044128418
8.1634375,2.39211320877075
8.16677083333333,2.39181518554688
8.17010416666667,2.39169597625732
8.1734375,2.3917555809021
8.17677083333333,2.39193439483643
8.18010416666667,2.39235162734985
8.1834375,2.39294767379761
8.18677083333333,2.39384174346924
8.19010416666667,2.3949146270752
8.1934375,2.39628553390503
8.19677083333333,2.39783525466919
8.20010416666667,2.39968299865723
8.2034375,2.40170955657959
8.20677083333333,2.40397453308105
8.21010416666667,2.40635871887207
8.2134375,2.40880250930786
8.21677083333333,2.41124629974365
8.22010416666667,2.41363048553467
8.2234375,2.41601467132568
8.22677083333333,2.41827964782715
8.23010416666667,2.42042541503906
8.2334375,2.4225115776062
8.23677083333333,2.42453813552856
8.24010416666667,2.42650508880615
8.2434375,2.42847204208374
8.24677083333333,2.43037939071655
8.25010416666667,2.43222713470459
8.2534375,2.43407487869263
8.25677083333333,2.43580341339111
8.26010416666667,2.43747234344482
8.2634375,2.43908166885376
8.26677083333333,2.44057178497314
8.27010416666667,2.44194269180298
8.2734375,2.44337320327759
8.27677083333333,2.44474411010742
8.28010416666667,2.44617462158203
8.2834375,2.44766473770142
8.28677083333333,2.44921445846558
8.29010416666667,2.45088338851929
8.2934375,2.452552318573
8.29677083333333,2.45434045791626
8.30010416666667,2.4561882019043
8.3034375,2.45803594589233
8.30677083333333,2.4598240852356
8.31010416666667,2.46161222457886
8.3134375,2.46328115463257
8.31677083333333,2.46483087539673
8.32010416666667,2.46632099151611
8.3234375,2.46763229370117
8.32677083333333,2.46882438659668
8.33010416666667,2.46989727020264
8.3334375,2.47079133987427
8.33677083333333,2.47156620025635
8.34010416666667,2.47228145599365
8.3434375,2.47287750244141
8.34677083333333,2.47347354888916
8.35010416666667,2.47395038604736
8.3534375,2.47442722320557
8.35677083333333,2.47478485107422
8.36010416666667,2.47514247894287
8.3634375,2.47538089752197
8.36677083333333,2.47550010681152
8.37010416666667,2.47550010681152
8.3734375,2.47538089752197
8.37677083333333,2.47514247894287
8.38010416666667,2.47478485107422
8.3834375,2.47430801391602
8.38677083333333,2.47383117675781
8.39010416666667,2.47329473495483
8.3934375,2.47275829315186
8.39677083333333,2.47222185134888
8.40010416666667,2.47180461883545
8.4034375,2.47150659561157
8.40677083333333,2.47126817703247
8.41010416666667,2.4712085723877
8.4134375,2.47126817703247
8.41677083333333,2.47150659561157
8.42010416666667,2.47180461883545
8.4234375,2.47228145599365
8.42677083333333,2.47281789779663
8.43010416666667,2.47353315353394
8.4334375,2.47424840927124
8.43677083333333,2.47502326965332
8.44010416666667,2.47585773468018
8.4434375,2.47669219970703
8.44677083333333,2.47758626937866
8.45010416666667,2.47848033905029
8.4534375,2.47937440872192
8.45677083333333,2.48032808303833
8.46010416666667,2.48122215270996
8.4634375,2.48211622238159
8.46677083333333,2.48295068740845
8.47010416666667,2.4837851524353
8.4734375,2.48456001281738
8.47677083333333,2.48527526855469
8.48010416666667,2.48593091964722
8.4834375,2.48658657073975
8.48677083333333,2.48712301254272
8.49010416666667,2.48771905899048
8.4934375,2.48837471008301
8.49677083333333,2.48908996582031
8.50010416666667,2.48992443084717
8.5034375,2.49093770980835
8.50677083333333,2.49218940734863
8.51010416666667,2.49367952346802
8.5134375,2.49546766281128
8.51677083333333,2.49761343002319
8.52010416666667,2.50011682510376
8.5234375,2.5029182434082
8.52677083333333,2.50613689422607
8.53010416666667,2.50965356826782
8.5334375,2.51340866088867
8.53677083333333,2.5174617767334
8.54010416666667,2.52163410186768
8.5434375,2.52598524093628
8.54677083333333,2.53039598464966
8.55010416666667,2.53474712371826
8.5534375,2.53903865814209
8.55677083333333,2.54321098327637
8.56010416666667,2.54708528518677
8.5634375,2.55078077316284
8.56677083333333,2.55411863327026
8.57010416666667,2.55715847015381
8.5734375,2.5598406791687
8.57677083333333,2.56210565567017
8.58010416666667,2.56401300430298
8.5834375,2.56550312042236
8.58677083333333,2.5666356086731
8.59010416666667,2.5673508644104
8.5934375,2.56764888763428
8.59677083333333,2.56752967834473
8.60010416666667,2.56699323654175
8.6034375,2.56615877151489
8.60677083333333,2.56496667861938
8.61010416666667,2.56341695785522
8.6134375,2.56162881851196
8.61677083333333,2.5596022605896
8.62010416666667,2.55739688873291
8.6234375,2.55495309829712
8.62677083333333,2.55239009857178
8.63010416666667,2.54964828491211
8.6334375,2.54678726196289
8.63677083333333,2.54380702972412
8.64010416666667,2.5407075881958
8.6434375,2.53754854202271
8.64677083333333,2.53432989120483
8.65010416666667,2.53111124038696
8.6534375,2.52795219421387
8.65677083333333,2.52491235733032
8.66010416666667,2.52193212509155
8.6634375,2.51913070678711
8.66677083333333,2.51644849777222
8.67010416666667,2.51400470733643
8.6734375,2.51162052154541
8.67677083333333,2.50941514968872
8.68010416666667,2.50732898712158
8.6834375,2.50542163848877
8.68677083333333,2.50363349914551
8.69010416666667,2.50202417373657
8.6934375,2.50059366226196
8.69677083333333,2.49940156936646
8.70010416666667,2.49844789505005
8.7034375,2.49767303466797
8.70677083333333,2.49725580215454
8.71010416666667,2.49701738357544
8.7134375,2.49707698822021
8.71677083333333,2.49743461608887
8.72010416666667,2.4980902671814
8.7234375,2.49898433685303
8.72677083333333,2.50011682510376
8.73010416666667,2.50142812728882
8.7334375,2.50297784805298
8.73677083333333,2.50458717346191
8.74010416666667,2.50637531280518
8.7434375,2.50822305679321
8.74677083333333,2.51007080078125
8.75010416666667,2.51197814941406
8.7534375,2.51388549804688
8.75677083333333,2.51573324203491
8.76010416666667,2.51764059066772
8.7634375,2.51948833465576
8.76677083333333,2.5213360786438
8.77010416666667,2.52312421798706
8.7734375,2.5249719619751
8.77677083333333,2.52676010131836
8.78010416666667,2.52854824066162
8.7834375,2.53033638000488
8.78677083333333,2.53212451934814
8.79010416666667,2.53385305404663
8.7934375,2.53558158874512
8.79677083333333,2.5373101234436
8.80010416666667,2.53891944885254
8.8034375,2.54052877426147
8.80677083333333,2.54207849502563
8.81010416666667,2.54362821578979
8.8134375,2.5450587272644
8.81677083333333,2.54654884338379
8.82010416666667,2.54803895950317
8.8234375,2.54952907562256
8.82677083333333,2.55107879638672
8.83010416666667,2.55268812179565
8.8334375,2.55429744720459
8.83677083333333,2.55590677261353
8.84010416666667,2.55757570266724
8.8434375,2.55918502807617
8.84677083333333,2.56079435348511
8.85010416666667,2.56228446960449
8.8534375,2.5637149810791
8.85677083333333,2.56502628326416
8.86010416666667,2.56627798080444
8.8634375,2.5673508644104
8.86677083333333,2.56842374801636
8.87010416666667,2.56931781768799
8.8734375,2.57015228271484
8.87677083333333,2.57086753845215
8.88010416666667,2.57140398025513
8.8834375,2.57188081741333
8.88677083333333,2.57217884063721
8.89010416666667,2.57241725921631
8.8934375,2.57253646850586
8.89677083333333,2.57259607315063
8.90010416666667,2.57265567779541
8.9034375,2.57277488708496
8.90677083333333,2.57301330566406
8.91010416666667,2.57343053817749
8.9134375,2.57402658462524
8.91677083333333,2.5748610496521
8.92010416666667,2.57593393325806
8.9234375,2.57724523544312
8.92677083333333,2.5787353515625
8.93010416666667,2.58046388626099
8.9334375,2.58219242095947
8.93677083333333,2.58404016494751
8.94010416666667,2.58588790893555
8.9434375,2.58761644363403
8.94677083333333,2.58922576904297
8.95010416666667,2.59065628051758
8.9534375,2.59196758270264
8.95677083333333,2.59310007095337
8.96010416666667,2.59405374526978
8.9634375,2.59494781494141
8.96677083333333,2.59566307067871
8.97010416666667,2.59631872177124
8.9734375,2.59691476821899
8.97677083333333,2.59745121002197
8.98010416666667,2.59798765182495
8.9834375,2.59852409362793
8.98677083333333,2.59900093078613
8.99010416666667,2.59941816329956
8.9934375,2.59983539581299
8.99677083333333,2.60013341903687
9.00010416666667,2.60037183761597
9.0034375,2.60061025619507
9.00677083333333,2.60078907012939
9.01010416666667,2.6010274887085
9.0134375,2.6012659072876
9.01677083333333,2.60156393051147
9.02010416666667,2.60204076766968
9.0234375,2.60263681411743
9.02677083333333,2.60335206985474
9.03010416666667,2.60418653488159
9.0334375,2.605140209198
9.03677083333333,2.60603427886963
9.04010416666667,2.60692834854126
9.0434375,2.60776281356812
9.04677083333333,2.60841846466064
9.05010416666667,2.60889530181885
9.0534375,2.60919332504272
9.05677083333333,2.60931253433228
9.06010416666667,2.60919332504272
9.0634375,2.60889530181885
9.06677083333333,2.60835886001587
9.07010416666667,2.60764360427856
9.0734375,2.60680913925171
9.07677083333333,2.60573625564575
9.08010416666667,2.60448455810547
9.0834375,2.60311365127563
9.08677083333333,2.60156393051147
9.09010416666667,2.59989500045776
9.0934375,2.5981068611145
9.09677083333333,2.59619951248169
9.10010416666667,2.5942325592041
9.1034375,2.59220600128174
9.10677083333333,2.59017944335938
9.11010416666667,2.58815288543701
9.1134375,2.5862455368042
9.11677083333333,2.58433818817139
9.12010416666667,2.5826096534729
9.1234375,2.58094072341919
9.12677083333333,2.5794506072998
9.13010416666667,2.5780200958252
9.1334375,2.57670879364014
9.13677083333334,2.57545709609985
9.14010416666667,2.57420539855957
9.1434375,2.57307291030884
9.14677083333333,2.57194042205811
9.15010416666667,2.57086753845215
9.1534375,2.56991386413574
9.15677083333333,2.56907939910889
9.16010416666667,2.56842374801636
9.1634375,2.56794691085815
9.16677083333333,2.56770849227905
9.17010416666667,2.56776809692383
9.1734375,2.56806612014771
9.17677083333333,2.56854295730591
9.18010416666667,2.56937742233276
9.1834375,2.57045030593872
9.18677083333333,2.57176160812378
9.19010416666667,2.57343053817749
9.1934375,2.57539749145508
9.19677083333333,2.57778167724609
9.20010416666667,2.58046388626099
9.2034375,2.58350372314453
9.20677083333333,2.5869607925415
9.21010416666667,2.59077548980713
9.2134375,2.59488821029663
9.21677083333333,2.59923934936523
9.22010416666667,2.60388851165771
9.2234375,2.60865688323975
9.22677083333333,2.6136040687561
9.23010416666667,2.61861085891724
9.2334375,2.62355804443359
9.23677083333333,2.62850522994995
9.24010416666667,2.63333320617676
9.2434375,2.63786315917969
9.24677083333333,2.64221429824829
9.25010416666667,2.64614820480347
9.2534375,2.64978408813477
9.25677083333333,2.65294313430786
9.26010416666667,2.65562534332275
9.2634375,2.65789031982422
9.26677083333333,2.65967845916748
9.27010416666667,2.66104936599731
9.2734375,2.6620626449585
9.27677083333333,2.66271829605103
9.28010416666667,2.66307592391968
9.2834375,2.66319513320923
9.28677083333333,2.66307592391968
9.29010416666667,2.66283750534058
9.2934375,2.66242027282715
9.29677083333333,2.66194343566895
9.30010416666667,2.66140699386597
9.3034375,2.66093015670776
9.30677083333333,2.66051292419434
9.31010416666667,2.66027450561523
9.3134375,2.66027450561523
9.31677083333333,2.66057252883911
9.32010416666667,2.66116857528687
9.3234375,2.6620626449585
9.32677083333333,2.66331434249878
9.33010416666667,2.66492366790771
9.3334375,2.66683101654053
9.33677083333333,2.66897678375244
9.34010416666667,2.67136096954346
9.3434375,2.67398357391357
9.34677083333333,2.67678499221802
9.35010416666667,2.67976522445679
9.3534375,2.68298387527466
9.35677083333333,2.68632173538208
9.36010416666667,2.68983840942383
9.3634375,2.69347429275513
9.36677083333333,2.69722938537598
9.37010416666667,2.70098447799683
9.3734375,2.7046799659729
9.37677083333333,2.7083158493042
9.38010416666667,2.71183252334595
9.3834375,2.71511077880859
9.38677083333334,2.71821022033691
9.39010416666667,2.72101163864136
9.3934375,2.72363424301147
9.39677083333333,2.72601842880249
9.40010416666667,2.7281641960144
9.4034375,2.73013114929199
9.40677083333333,2.73191928863525
9.41010416666667,2.73352861404419
9.4134375,2.73501873016357
9.41677083333333,2.73627042770386
9.42010416666667,2.73740291595459
9.4234375,2.73841619491577
9.42677083333333,2.73925065994263
9.43010416666667,2.73996591567993
9.4334375,2.74056196212769
9.43677083333333,2.74103879928589
9.44010416666667,2.74145603179932
9.4434375,2.74175405502319
9.44677083333333,2.74205207824707
9.45010416666667,2.74240970611572
9.4534375,2.74276733398438
9.45677083333333,2.7431845664978
9.46010416666667,2.74372100830078
9.4634375,2.74431705474854
9.46677083333333,2.74503231048584
9.47010416666667,2.7458667755127
9.4734375,2.74676084518433
9.47677083333333,2.74765491485596
9.48010416666667,2.74860858917236
9.4834375,2.74962186813354
9.48677083333333,2.75057554244995
9.49010416666667,2.75158882141113
9.4934375,2.75260210037231
9.49677083333333,2.75367498397827
9.50010416666667,2.754807472229
9.5034375,2.75593996047974
9.50677083333333,2.75713205337524
9.51010416666667,2.75832414627075
9.5134375,2.75945663452148
9.51677083333333,2.76052951812744
9.52010416666667,2.76154279708862
9.5234375,2.76249647140503
9.52677083333333,2.76327133178711
9.53010416666667,2.76392698287964
9.5334375,2.76440382003784
9.53677083333333,2.76482105255127
9.54010416666667,2.76505947113037
9.5434375,2.76517868041992
9.54677083333333,2.76517868041992
9.55010416666667,2.76511907577515
9.5534375,2.76488065719604
9.55677083333333,2.76464223861694
9.56010416666667,2.76422500610352
9.5634375,2.76374816894531
9.56677083333333,2.76321172714233
9.57010416666667,2.76261568069458
9.5734375,2.76196002960205
9.57677083333333,2.76124477386475
9.58010416666667,2.76046991348267
9.5834375,2.75969505310059
9.58677083333333,2.75897979736328
9.59010416666667,2.7582049369812
9.5934375,2.75754928588867
9.59677083333333,2.75689363479614
9.60010416666667,2.75629758834839
9.6034375,2.75582075119019
9.60677083333333,2.75546312332153
9.61010416666667,2.75522470474243
9.6134375,2.75516510009766
9.61677083333333,2.75528430938721
9.62010416666667,2.75564193725586
9.6234375,2.75623798370361
9.62677083333333,2.75707244873047
9.63010416666667,2.7582049369812
9.6334375,2.75969505310059
9.63677083333334,2.7613639831543
9.64010416666667,2.76339054107666
9.6434375,2.76559591293335
9.64677083333333,2.76798009872437
9.65010416666667,2.77048349380493
9.6534375,2.77310609817505
9.65677083333333,2.77566909790039
9.66010416666667,2.77823209762573
9.6634375,2.78067588806152
9.66677083333333,2.78300046920776
9.67010416666667,2.78514623641968
9.6734375,2.78717279434204
9.67677083333333,2.78908014297485
9.68010416666667,2.79080867767334
9.6834375,2.79247760772705
9.68677083333333,2.79402732849121
9.69010416666667,2.7955174446106
9.6934375,2.79688835144043
9.69677083333333,2.79814004898071
9.70010416666667,2.79933214187622
9.7034375,2.8003454208374
9.70677083333333,2.80117988586426
9.71010416666667,2.80183553695679
9.7134375,2.80231237411499
9.71677083333333,2.80272960662842
9.72010416666667,2.80296802520752
9.7234375,2.80314683914185
9.72677083333333,2.8032660484314
9.73010416666667,2.80344486236572
9.7334375,2.80362367630005
9.73677083333333,2.80386209487915
9.74010416666667,2.80416011810303
9.7434375,2.8044581413269
9.74677083333333,2.80487537384033
9.75010416666667,2.80535221099854
9.7534375,2.80588865280151
9.75677083333333,2.80648469924927
9.76010416666667,2.8071403503418
9.7634375,2.8078556060791
9.76677083333333,2.80863046646118
9.77010416666667,2.80958414077759
9.7734375,2.81065702438354
9.77677083333333,2.81184911727905
9.78010416666667,2.81322002410889
9.7834375,2.81476974487305
9.78677083333333,2.81643867492676
9.79010416666667,2.81828641891479
9.7934375,2.82025337219238
9.79677083333333,2.82233953475952
9.80010416666667,2.82454490661621
9.8034375,2.82680988311768
9.80677083333333,2.82913446426392
9.81010416666667,2.83145904541016
9.8134375,2.83390283584595
9.81677083333333,2.83628702163696
9.82010416666667,2.83873081207275
9.8234375,2.84105539321899
9.82677083333333,2.84337997436523
9.83010416666667,2.84552574157715
9.8334375,2.84749269485474
9.83677083333333,2.84922122955322
9.84010416666667,2.85065174102783
9.8434375,2.85178422927856
9.84677083333333,2.85261869430542
9.85010416666667,2.8531551361084
9.8534375,2.85333395004272
9.85677083333333,2.8531551361084
9.86010416666667,2.8526782989502
9.8634375,2.85190343856812
9.86677083333333,2.85083055496216
9.87010416666667,2.8495192527771
9.8734375,2.84796953201294
9.87677083333333,2.84618139266968
9.88010416666667,2.84421443939209
9.8834375,2.8420090675354
9.88677083333334,2.83962488174438
9.89010416666667,2.83718109130859
9.8934375,2.83461809158325
9.89677083333333,2.83199548721313
9.90010416666667,2.82943248748779
9.9034375,2.82692909240723
9.90677083333333,2.82448530197144
9.91010416666667,2.82227993011475
9.9134375,2.82019376754761
9.91677083333333,2.81828641891479
9.92010416666667,2.81655788421631
9.9234375,2.81500816345215
9.92677083333333,2.81357765197754
9.93010416666667,2.81226634979248
9.9334375,2.81107425689697
9.93677083333333,2.81000137329102
9.94010416666667,2.80898809432983
9.9434375,2.80815362930298
9.94677083333333,2.8073787689209
9.95010416666667,2.80672311782837
9.9534375,2.80624628067017
9.95677083333333,2.80594825744629
9.96010416666667,2.80576944351196
9.9634375,2.80570983886719
9.96677083333333,2.80570983886719
9.97010416666667,2.80576944351196
9.9734375,2.80588865280151
9.97677083333333,2.80606746673584
9.98010416666667,2.80624628067017
9.9834375,2.80648469924927
9.98677083333333,2.80672311782837
9.99010416666667,2.80708074569702
9.9934375,2.80755758285522
9.99677083333333,2.80815362930298
10.0001041666667,2.80886888504028
10.0034375,2.80976295471191
10.0067708333333,2.8107762336731
10.0101041666667,2.81184911727905
10.0134375,2.81304121017456
10.0167708333333,2.81429290771484
10.0201041666667,2.81554460525513
10.0234375,2.81673669815063
10.0267708333333,2.81792879104614
10.0301041666667,2.81912088394165
10.0334375,2.82025337219238
10.0367708333333,2.82138586044312
10.0401041666667,2.82251834869385
10.0434375,2.82371044158936
10.0467708333333,2.82484292984009
10.0501041666667,2.82609462738037
10.0534375,2.82728672027588
10.0567708333333,2.82859802246094
10.0601041666667,2.829909324646
10.0634375,2.83128023147583
10.0667708333333,2.83265113830566
10.0701041666667,2.83408164978027
10.0734375,2.83551216125488
10.0767708333333,2.83700227737427
10.0801041666667,2.83843278884888
10.0834375,2.83998250961304
10.0867708333333,2.84159183502197
10.0901041666667,2.84326076507568
10.0934375,2.84504890441895
10.0967708333333,2.84695625305176
10.1001041666667,2.8490424156189
10.1034375,2.85130739212036
10.1067708333333,2.8536319732666
10.1101041666667,2.85619497299194
10.1134375,2.85881757736206
10.1167708333333,2.86149978637695
10.1201041666667,2.8643012046814
10.1234375,2.86710262298584
10.1267708333333,2.86990404129028
10.1301041666667,2.8727650642395
10.1334375,2.87562608718872
10.1367708333333,2.87842750549316
10.1401041666667,2.88122892379761
10.1434375,2.88403034210205
10.1467708333333,2.88671255111694
10.1501041666667,2.88927555084229
10.1534375,2.89177894592285
10.1567708333333,2.89422273635864
10.1601041666667,2.89648771286011
10.1634375,2.89863348007202
10.1667708333333,2.90060043334961
10.1701041666667,2.90238857269287
10.1734375,2.90405750274658
10.1767708333333,2.90554761886597
10.1801041666667,2.90685892105103
10.1834375,2.90793180465698
10.1867708333333,2.90888547897339
10.1901041666667,2.90954113006592
10.1934375,2.91001796722412
10.1967708333333,2.91025638580322
10.2001041666667,2.910315990448
10.2034375,2.9100775718689
10.2067708333333,2.90971994400024
10.2101041666667,2.90912389755249
10.2134375,2.90834903717041
10.2167708333333,2.90745496749878
10.2201041666667,2.90650129318237
10.2234375,2.90536880493164
10.2267708333333,2.90423631668091
10.2301041666667,2.9030442237854
10.2334375,2.90179252624512
10.2367708333333,2.90048122406006
10.2401041666667,2.899169921875
10.2434375,2.89773941040039
10.2467708333333,2.89630889892578
10.2501041666667,2.89475917816162
10.2534375,2.89320945739746
10.2567708333333,2.89160013198853
10.2601041666667,2.89005041122437
10.2634375,2.88856029510498
10.2667708333333,2.88712978363037
10.2701041666667,2.88587808609009
10.2734375,2.88480520248413
10.2767708333333,2.88397073745728
10.2801041666667,2.88331508636475
10.2834375,2.88295745849609
10.2867708333333,2.88271903991699
10.2901041666667,2.88271903991699
10.2934375,2.88289785385132
10.2967708333333,2.8831958770752
10.3001041666667,2.88355350494385
10.3034375,2.88403034210205
10.3067708333333,2.8846263885498
10.3101041666667,2.88528203964233
10.3134375,2.88599729537964
10.3167708333333,2.88683176040649
10.3201041666667,2.88772583007813
10.3234375,2.88879871368408
10.3267708333333,2.88993120193481
10.3301041666667,2.89112329483032
10.3334375,2.89243459701538
10.3367708333333,2.89380550384521
10.3401041666667,2.89535522460938
10.3434375,2.89696455001831
10.3467708333333,2.8986930847168
10.3501041666667,2.90054082870483
10.3534375,2.90244817733765
10.3567708333333,2.90447473526001
10.3601041666667,2.90656089782715
10.3634375,2.90864706039429
10.3667708333333,2.9107928276062
10.3701041666667,2.91293859481812
10.3734375,2.91496515274048
10.3767708333333,2.91699171066284
10.3801041666667,2.91895866394043
10.3834375,2.92074680328369
10.3867708333333,2.92253494262695
10.3901041666667,2.92420387268066
10.3934375,2.92575359344482
10.3967708333333,2.92724370956421
10.4001041666667,2.92855501174927
10.4034375,2.92980670928955
10.4067708333333,2.93087959289551
10.4101041666667,2.93189287185669
10.4134375,2.9328465461731
10.4167708333333,2.93374061584473
10.4201041666667,2.93451547622681
10.4234375,2.93529033660889
10.4267708333333,2.93600559234619
10.4301041666667,2.93678045272827
10.4334375,2.93761491775513
10.4367708333333,2.93850898742676
10.4401041666667,2.93946266174316
10.4434375,2.94053554534912
10.4467708333333,2.94172763824463
10.4501041666667,2.94303894042969
10.4534375,2.9444694519043
10.4567708333333,2.94601917266846
10.4601041666667,2.94768810272217
10.4634375,2.94935703277588
10.4667708333333,2.95114517211914
10.4701041666667,2.95287370681763
10.4734375,2.95472145080566
10.4767708333333,2.95662879943848
10.4801041666667,2.95853614807129
10.4834375,2.96056270599365
10.4867708333333,2.96264886856079
10.4901041666667,2.96491384506226
10.4934375,2.9672384262085
10.4967708333333,2.96974182128906
10.5001041666667,2.9723048210144
10.5034375,2.97492742538452
10.5067708333333,2.97766923904419
10.5101041666667,2.98035144805908
10.5134375,2.98303365707397
10.5167708333333,2.98571586608887
10.5201041666667,2.98821926116943
10.5234375,2.99066305160522
10.5267708333333,2.99298763275146
10.5301041666667,2.99513339996338
10.5334375,2.99710035324097
10.5367708333333,2.99888849258423
10.5401041666667,3.00055742263794
10.5434375,3.00204753875732
10.5467708333333,3.00341844558716
10.5501041666667,3.00467014312744
10.5534375,3.00580263137817
10.5567708333333,3.00693511962891
10.5601041666667,3.00794839859009
10.5634375,3.00902128219604
10.5667708333333,3.01015377044678
10.5701041666667,3.01128625869751
10.5734375,3.01247835159302
10.5767708333333,3.0137300491333
10.5801041666667,3.01510095596313
10.5834375,3.01653146743774
10.5867708333333,3.01802158355713
10.5901041666667,3.01963090896606
10.5934375,3.02129983901978
10.5967708333333,3.02296876907349
10.6001041666667,3.02469730377197
10.6034375,3.02636623382568
10.6067708333333,3.02797555923462
10.6101041666667,3.02952527999878
10.6134375,3.03089618682861
10.6167708333333,3.03220748901367
10.6201041666667,3.0333399772644
10.6234375,3.03429365158081
10.6267708333333,3.03512811660767
10.6301041666667,3.03584337234497
10.6334375,3.03643941879272
10.6367708333333,3.03691625595093
10.6401041666667,3.03727388381958
10.6434375,3.03757190704346
10.6467708333333,3.03775072097778
10.6501041666667,3.03786993026733
10.6534375,3.03786993026733
10.6567708333333,3.03781032562256
10.6601041666667,3.03775072097778
10.6634375,3.03757190704346
10.6667708333333,3.03739309310913
10.6701041666667,3.0372142791748
10.6734375,3.0369758605957
10.6767708333333,3.0367374420166
10.6801041666667,3.03643941879272
10.6834375,3.03608179092407
10.6867708333333,3.03572416305542
10.6901041666667,3.03524732589722
10.6934375,3.03471088409424
10.6967708333333,3.03417444229126
10.7001041666667,3.03351879119873
10.7034375,3.03280353546143
10.7067708333333,3.0321478843689
10.7101041666667,3.03137302398682
10.7134375,3.03065776824951
10.7167708333333,3.02988290786743
10.7201041666667,3.02910804748535
10.7234375,3.0282735824585
10.7267708333333,3.02743911743164
10.7301041666667,3.02648544311523
10.7334375,3.02547216415405
10.7367708333333,3.02433967590332
10.7401041666667,3.02320718765259
10.7434375,3.02207469940186
10.7467708333333,3.02094221115112
10.7501041666667,3.01980972290039
10.7534375,3.01879644393921
10.7567708333333,3.0178427696228
10.7601041666667,3.01694869995117
10.7634375,3.01623344421387
10.7667708333333,3.01551818847656
10.7701041666667,3.01492214202881
10.7734375,3.01432609558105
10.7767708333333,3.0137300491333
10.7801041666667,3.01313400268555
10.7834375,3.01259756088257
10.7867708333333,3.01200151443481
10.7901041666667,3.01140546798706
10.7934375,3.01086902618408
10.7967708333333,3.01039218902588
10.8001041666667,3.00991535186768
10.8034375,3.00955772399902
10.8067708333333,3.00920009613037
10.8101041666667,3.00890207290649
10.8134375,3.00860404968262
10.8167708333333,3.00836563110352
10.8201041666667,3.00812721252441
10.8234375,3.00794839859009
10.8267708333333,3.00776958465576
10.8301041666667,3.00765037536621
10.8334375,3.00765037536621
10.8367708333333,3.00770998001099
10.8401041666667,3.00788879394531
10.8434375,3.00824642181396
10.8467708333333,3.00872325897217
10.8501041666667,3.00931930541992
10.8534375,3.01015377044678
10.8567708333333,3.01104784011841
10.8601041666667,3.01218032836914
10.8634375,3.01343202590942
10.8667708333333,3.01486253738403
10.8701041666667,3.01647186279297
10.8734375,3.01826000213623
10.8767708333333,3.02022695541382
10.8801041666667,3.02243232727051
10.8834375,3.02481651306152
10.8867708333333,3.02737951278687
10.8901041666667,3.03012132644653
10.8934375,3.03292274475098
10.8967708333333,3.0357837677002
10.9001041666667,3.03864479064941
10.9034375,3.04138660430908
10.9067708333333,3.04412841796875
10.9101041666667,3.04663181304932
10.9134375,3.04901599884033
10.9167708333333,3.05122137069702
10.9201041666667,3.05324792861938
10.9234375,3.05509567260742
10.9267708333333,3.05676460266113
10.9301041666667,3.05825471878052
10.9334375,3.05962562561035
10.9367708333333,3.06075811386108
10.9401041666667,3.06165218353271
10.9434375,3.06236743927002
10.9467708333333,3.062903881073
10.9501041666667,3.06320190429688
10.9534375,3.06326150894165
10.9567708333333,3.06326150894165
10.9601041666667,3.06308269500732
10.9634375,3.062903881073
10.9667708333333,3.06278467178345
10.9701041666667,3.06272506713867
10.9734375,3.0626654624939
10.9767708333333,3.06278467178345
10.9801041666667,3.062903881073
10.9834375,3.0631422996521
10.9867708333333,3.0633807182312
10.9901041666667,3.0636191368103
10.9934375,3.06379795074463
10.9967708333333,3.06397676467896
11.0001041666667,3.06415557861328
11.0034375,3.06427478790283
11.0067708333333,3.06445360183716
11.0101041666667,3.06469202041626
11.0134375,3.06493043899536
11.0167708333333,3.06522846221924
11.0201041666667,3.06558609008789
11.0234375,3.06600332260132
11.0267708333333,3.0665397644043
11.0301041666667,3.06707620620728
11.0334375,3.06779146194458
11.0367708333333,3.06856632232666
11.0401041666667,3.06957960128784
11.0434375,3.07077169418335
11.0467708333333,3.07220220565796
11.0501041666667,3.07393074035645
11.0534375,3.07595729827881
11.0567708333333,3.07834148406982
11.0601041666667,3.08102369308472
11.0634375,3.08400392532349
11.0667708333333,3.08728218078613
11.0701041666667,3.09073925018311
11.0734375,3.0943751335144
11.0767708333333,3.09813022613525
11.0801041666667,3.10194492340088
11.0834375,3.1057596206665
11.0867708333333,3.10951471328735
11.0901041666667,3.11315059661865
11.0934375,3.1166672706604
11.0967708333333,3.12000513076782
11.1001041666667,3.12310457229614
11.1034375,3.12590599060059
11.1067708333333,3.12846899032593
11.1101041666667,3.13073396682739
11.1134375,3.13270092010498
11.1167708333333,3.13436985015869
11.1201041666667,3.13585996627808
11.1234375,3.13711166381836
11.1267708333333,3.13830375671387
11.1301041666667,3.13931703567505
11.1334375,3.14038991928101
11.1367708333333,3.14140319824219
11.1401041666667,3.14235687255859
11.1434375,3.143310546875
11.1467708333333,3.14420461654663
11.1501041666667,3.14491987228394
11.1534375,3.14551591873169
11.1567708333333,3.14593315124512
11.1601041666667,3.14617156982422
11.1634375,3.14617156982422
11.1667708333333,3.14605236053467
11.1701041666667,3.14575433731079
11.1734375,3.14533710479736
11.1767708333333,3.14491987228394
11.1801041666667,3.14444303512573
11.1834375,3.14396619796753
11.1867708333333,3.14348936080933
11.1901041666667,3.14301252365112
11.1934375,3.1425952911377
11.1967708333333,3.14211845397949
11.2001041666667,3.14170122146606
11.2034375,3.14122438430786
11.2067708333333,3.14080715179443
11.2101041666667,3.14044952392578
11.2134375,3.1401515007019
11.2167708333333,3.13997268676758
11.2201041666667,3.13985347747803
11.2234375,3.1399130821228
11.2267708333333,3.14009189605713
11.2301041666667,3.14044952392578
11.2334375,3.14098596572876
11.2367708333333,3.14164161682129
11.2401041666667,3.14241647720337
11.2434375,3.14325094223022
11.2467708333333,3.14420461654663
11.2501041666667,3.14515829086304
11.2534375,3.14611196517944
11.2567708333333,3.14712524414063
11.2601041666667,3.14813852310181
11.2634375,3.14915180206299
11.2667708333333,3.15016508102417
11.2701041666667,3.15123796463013
11.2734375,3.15225124359131
11.2767708333333,3.15326452255249
11.2801041666667,3.15433740615845
11.2834375,3.15529108047485
11.2867708333333,3.15630435943604
11.2901041666667,3.15719842910767
11.2934375,3.1580924987793
11.2967708333333,3.15898656845093
11.3001041666667,3.15988063812256
11.3034375,3.16065549850464
11.3067708333333,3.16143035888672
11.3101041666667,3.1622052192688
11.3134375,3.1629204750061
11.3167708333333,3.16357612609863
11.3201041666667,3.16417217254639
11.3234375,3.16470861434937
11.3267708333333,3.16518545150757
11.3301041666667,3.165602684021
11.3334375,3.16596031188965
11.3367708333333,3.16625833511353
11.3401041666667,3.1665563583374
11.3434375,3.1667947769165
11.3467708333333,3.16703319549561
11.3501041666667,3.16727161407471
11.3534375,3.16745042800903
11.3567708333333,3.16774845123291
11.3601041666667,3.16798686981201
11.3634375,3.16828489303589
11.3667708333333,3.16864252090454
11.3701041666667,3.16905975341797
11.3734375,3.16959619522095
11.3767708333333,3.17013263702393
11.3801041666667,3.17078828811646
11.3834375,3.17156314849854
11.3867708333333,3.17239761352539
11.3901041666667,3.17329168319702
11.3934375,3.1743049621582
11.3967708333333,3.17537784576416
11.4001041666667,3.17656993865967
11.4034375,3.17788124084473
11.4067708333333,3.17931175231934
11.4101041666667,3.18080186843872
11.4134375,3.18247079849243
11.4167708333333,3.18425893783569
11.4201041666667,3.18604707717896
11.4234375,3.18795442581177
11.4267708333333,3.18992137908936
11.4301041666667,3.19182872772217
11.4334375,3.19373607635498
11.4367708333333,3.19558382034302
11.4401041666667,3.19737195968628
11.4434375,3.19910049438477
11.4467708333333,3.20076942443848
11.4501041666667,3.20231914520264
11.4534375,3.20392847061157
11.4567708333333,3.20547819137573
11.4601041666667,3.20714712142944
11.4634375,3.20875644683838
11.4667708333333,3.21048498153687
11.4701041666667,3.21227312088013
11.4734375,3.21412086486816
11.4767708333333,3.21590900421143
11.4801041666667,3.21781635284424
11.4834375,3.21966409683228
11.4867708333333,3.22145223617554
11.4901041666667,3.2232403755188
11.4934375,3.22496891021729
11.4967708333333,3.22669744491577
11.5001041666667,3.22836637496948
11.5034375,3.23003530502319
11.5067708333333,3.2317042350769
11.5101041666667,3.23337316513062
11.5134375,3.23492288589478
11.5167708333333,3.23641300201416
11.5201041666667,3.23784351348877
11.5234375,3.23909521102905
11.5267708333333,3.24016809463501
11.5301041666667,3.24112176895142
11.5334375,3.2418966293335
11.5367708333333,3.24249267578125
11.5401041666667,3.24302911758423
11.5434375,3.24338674545288
11.5467708333333,3.24368476867676
11.5501041666667,3.24392318725586
11.5534375,3.24410200119019
11.5567708333333,3.24428081512451
11.5601041666667,3.24440002441406
11.5634375,3.24445962905884
11.5667708333333,3.24451923370361
11.5701041666667,3.24457883834839
11.5734375,3.24457883834839
11.5767708333333,3.24457883834839
11.5801041666667,3.24457883834839
11.5834375,3.24457883834839
11.5867708333333,3.24457883834839
11.5901041666667,3.24457883834839
11.5934375,3.24463844299316
11.5967708333333,3.24469804763794
11.6001041666667,3.24475765228271
11.6034375,3.24481725692749
11.6067708333333,3.24499607086182
11.6101041666667,3.24517488479614
11.6134375,3.24547290802002
11.6167708333333,3.24583053588867
11.6201041666667,3.2462477684021
11.6234375,3.24678421020508
11.6267708333333,3.24738025665283
11.6301041666667,3.24809551239014
11.6334375,3.24875116348267
11.6367708333333,3.24946641921997
11.6401041666667,3.25018167495728
11.6434375,3.2508373260498
11.6467708333333,3.25143337249756
11.6501041666667,3.25196981430054
11.6534375,3.25250625610352
11.6567708333333,3.25292348861694
11.6601041666667,3.25334072113037
11.6634375,3.25369834899902
11.6667708333333,3.25393676757813
11.6701041666667,3.25405597686768
11.6734375,3.25405597686768
11.6767708333333,3.25393676757813
11.6801041666667,3.25369834899902
11.6834375,3.2532811164856
11.6867708333333,3.25274467468262
11.6901041666667,3.25214862823486
11.6934375,3.25155258178711
11.6967708333333,3.25089693069458
11.7001041666667,3.25024127960205
11.7034375,3.24970483779907
11.7067708333333,3.24916839599609
11.7101041666667,3.24875116348267
11.7134375,3.24839353561401
11.7167708333333,3.24809551239014
11.7201041666667,3.24785709381104
11.7234375,3.24773788452148
11.7267708333333,3.24767827987671
11.7301041666667,3.24773788452148
11.7334375,3.24779748916626
11.7367708333333,3.24797630310059
11.7401041666667,3.24821472167969
11.7434375,3.24851274490356
11.7467708333333,3.24881076812744
11.7501041666667,3.24916839599609
11.7534375,3.24946641921997
11.7567708333333,3.24982404708862
11.7601041666667,3.25006246566772
11.7634375,3.2503604888916
11.7667708333333,3.25065851211548
11.7701041666667,3.25095653533936
11.7734375,3.25125455856323
11.7767708333333,3.25167179107666
11.7801041666667,3.25220823287964
11.7834375,3.25286388397217
11.7867708333333,3.25369834899902
11.7901041666667,3.25465202331543
11.7934375,3.25584411621094
11.7967708333333,3.25727462768555
11.8001041666667,3.25894355773926
11.8034375,3.26085090637207
11.8067708333333,3.26299667358398
11.8101041666667,3.265380859375
11.8134375,3.26806306838989
11.8167708333333,3.27098369598389
11.8201041666667,3.27414274215698
11.8234375,3.27754020690918
11.8267708333333,3.2811164855957
11.8301041666667,3.28481197357178
11.8334375,3.2886266708374
11.8367708333333,3.2925009727478
11.8401041666667,3.29631567001343
11.8434375,3.30007076263428
11.8467708333333,3.30370664596558
11.8501041666667,3.30716371536255
11.8534375,3.3104419708252
11.8567708333333,3.31348180770874
11.8601041666667,3.31634283065796
11.8634375,3.31902503967285
11.8667708333333,3.32152843475342
11.8701041666667,3.32385301589966
11.8734375,3.32605838775635
11.8767708333333,3.32820415496826
11.8801041666667,3.33017110824585
11.8834375,3.33207845687866
11.8867708333333,3.3339262008667
11.8901041666667,3.33565473556519
11.8934375,3.33738327026367
11.8967708333333,3.33893299102783
11.9001041666667,3.34048271179199
11.9034375,3.3419132232666
11.9067708333333,3.34322452545166
11.9101041666667,3.34441661834717
11.9134375,3.34542989730835
11.9167708333333,3.34638357162476
11.9201041666667,3.34715843200684
11.9234375,3.34781408309937
11.9267708333333,3.34829092025757
11.9301041666667,3.348708152771
11.9334375,3.3489465713501
11.9367708333333,3.34912538528442
11.9401041666667,3.3491849899292
11.9434375,3.34912538528442
11.9467708333333,3.3489465713501
11.9501041666667,3.348708152771
11.9534375,3.34829092025757
11.9567708333333,3.34775447845459
11.9601041666667,3.34703922271729
11.9634375,3.34626436233521
11.9667708333333,3.34542989730835
11.9701041666667,3.34453582763672
11.9734375,3.34358215332031
11.9767708333333,3.34268808364868
11.9801041666667,3.34173440933228
11.9834375,3.34084033966064
11.9867708333333,3.34000587463379
11.9901041666667,3.33917140960693
11.9934375,3.33833694458008
11.9967708333333,3.337562084198
12.0001041666667,3.33690643310547
12.0034375,3.33625078201294
12.0067708333333,3.33583354949951
12.0101041666667,3.33565473556519
12.0134375,3.33571434020996
12.0167708333333,3.33613157272339
12.0201041666667,3.33696603775024
12.0234375,3.33815813064575
12.0267708333333,3.33982706069946
12.0301041666667,3.3419132232666
12.0334375,3.34441661834717
12.0367708333333,3.34733724594116
12.0401041666667,3.35073471069336
12.0434375,3.35448980331421
12.0467708333333,3.35872173309326
12.0501041666667,3.36343050003052
12.0534375,3.36849689483643
12.0567708333333,3.37398052215576
12.0601041666667,3.37976217269897
12.0634375,3.38584184646606
12.0667708333333,3.39210033416748
12.0701041666667,3.39841842651367
12.0734375,3.40473651885986
12.0767708333333,3.41099500656128
12.0801041666667,3.41713428497314
12.0834375,3.42297554016113
12.0867708333333,3.42851877212524
12.0901041666667,3.43376398086548
12.0934375,3.43859195709229
12.0967708333333,3.44306230545044
12.1001041666667,3.44705581665039
12.1034375,3.45057249069214
12.1067708333333,3.45373153686523
12.1101041666667,3.45635414123535
12.1134375,3.45861911773682
12.1167708333333,3.46040725708008
12.1201041666667,3.46189737319946
12.1234375,3.4630298614502
12.1267708333333,3.46386432647705
12.1301041666667,3.4644603729248
12.1334375,3.46493721008301
12.1367708333333,3.46511602401733
12.1401041666667,3.46517562866211
12.1434375,3.46505641937256
12.1467708333333,3.46481800079346
12.1501041666667,3.46434116363525
12.1534375,3.46368551254272
12.1567708333333,3.46297025680542
12.1601041666667,3.46207618713379
12.1634375,3.46112251281738
12.1667708333333,3.46016883850098
12.1701041666667,3.45921516418457
12.1734375,3.45826148986816
12.1767708333333,3.45748662948608
12.1801041666667,3.45677137374878
12.1834375,3.45617532730103
12.1867708333333,3.4557580947876
12.1901041666667,3.45546007156372
12.1934375,3.45528125762939
12.1967708333333,3.45528125762939
12.2001041666667,3.45546007156372
12.2034375,3.45587730407715
12.2067708333333,3.45641374588013
12.2101041666667,3.45718860626221
12.2134375,3.45814228057861
12.2167708333333,3.45921516418457
12.2201041666667,3.46046686172485
12.2234375,3.46171855926514
12.2267708333333,3.4630298614502
12.2301041666667,3.46434116363525
12.2334375,3.46559286117554
12.2367708333333,3.46678495407104
12.2401041666667,3.46797704696655
12.2434375,3.46916913986206
12.2467708333333,3.47030162811279
12.2501041666667,3.47143411636353
12.2534375,3.47244739532471
12.2567708333333,3.47340106964111
12.2601041666667,3.47429513931274
12.2634375,3.47495079040527
12.2667708333333,3.47548723220825
12.2701041666667,3.47578525543213
12.2734375,3.47578525543213
12.2767708333333,3.4756064414978
12.2801041666667,3.4751296043396
12.2834375,3.47441434860229
12.2867708333333,3.47340106964111
12.2901041666667,3.47214937210083
12.2934375,3.47065925598145
12.2967708333333,3.46881151199341
12.3001041666667,3.46672534942627
12.3034375,3.46440076828003
12.3067708333333,3.46183776855469
12.3101041666667,3.45903635025024
12.3134375,3.45611572265625
12.3167708333333,3.45313549041748
12.3201041666667,3.45021486282349
12.3234375,3.44735383987427
12.3267708333333,3.4446120262146
12.3301041666667,3.44216823577881
12.3334375,3.43990325927734
12.3367708333333,3.43787670135498
12.3401041666667,3.43614816665649
12.3434375,3.43459844589233
12.3467708333333,3.43328714370728
12.3501041666667,3.43221426010132
12.3534375,3.43132019042969
12.3567708333333,3.43066453933716
12.3601041666667,3.43018770217896
12.3634375,3.42988967895508
12.3667708333333,3.4298300743103
12.3701041666667,3.42994928359985
12.3734375,3.43024730682373
12.3767708333333,3.43072414398193
12.3801041666667,3.43137979507446
12.3834375,3.43215465545654
12.3867708333333,3.43304872512817
12.3901041666667,3.43400239944458
12.3934375,3.43507528305054
12.3967708333333,3.43626737594604
12.4001041666667,3.43751907348633
12.4034375,3.43883037567139
12.4067708333333,3.44020128250122
12.4101041666667,3.44169139862061
12.4134375,3.44324111938477
12.4167708333333,3.44491004943848
12.4201041666667,3.44669818878174
12.4234375,3.44860553741455
12.4267708333333,3.45075130462646
12.4301041666667,3.45301628112793
12.4334375,3.4555196762085
12.4367708333333,3.45820188522339
12.4401041666667,3.46100330352783
12.4434375,3.46386432647705
12.4467708333333,3.46684455871582
12.4501041666667,3.46976518630981
12.4534375,3.47262620925903
12.4567708333333,3.47530841827393
12.4601041666667,3.47781181335449
12.4634375,3.48007678985596
12.4667708333333,3.4821629524231
12.4701041666667,3.48407030105591
12.4734375,3.48573923110962
12.4767708333333,3.487229347229
12.4801041666667,3.48854064941406
12.4834375,3.48973274230957
12.4867708333333,3.49080562591553
12.4901041666667,3.49181890487671
12.4934375,3.49271297454834
12.4967708333333,3.49348783493042
12.5001041666667,3.4942626953125
12.5034375,3.49503755569458
12.5067708333333,3.49587202072144
12.5101041666667,3.49682569503784
12.5134375,3.49783897399902
12.5167708333333,3.49903106689453
12.5201041666667,3.50040197372437
12.5234375,3.5020112991333
12.5267708333333,3.50385904312134
12.5301041666667,3.5058856010437
12.5334375,3.50815057754517
12.5367708333333,3.51071357727051
12.5401041666667,3.5133957862854
12.5434375,3.51631641387939
12.5467708333333,3.51935625076294
12.5501041666667,3.52257490158081
12.5534375,3.52579355239868
12.5567708333333,3.52907180786133
12.5601041666667,3.53223085403442
12.5634375,3.53533029556274
12.5667708333333,3.53831052780151
12.5701041666667,3.54105234146118
12.5734375,3.54361534118652
12.5767708333333,3.54593992233276
12.5801041666667,3.54808568954468
12.5834375,3.54993343353271
12.5867708333333,3.55160236358643
12.5901041666667,3.55303287506104
12.5934375,3.55428457260132
12.5967708333333,3.5552978515625
12.6001041666667,3.5560131072998
12.6034375,3.55654954910278
12.6067708333333,3.55678796768188
12.6101041666667,3.55678796768188
12.6134375,3.55648994445801
12.6167708333333,3.55595350265503
12.6201041666667,3.55517864227295
12.6234375,3.55422496795654
12.6267708333333,3.55309247970581
12.6301041666667,3.55178117752075
12.6334375,3.55041027069092
12.6367708333333,3.54892015457153
12.6401041666667,3.54743003845215
12.6434375,3.54588031768799
12.6467708333333,3.5443902015686
12.6501041666667,3.54290008544922
12.6534375,3.54152917861938
12.6567708333333,3.54021787643433
12.6601041666667,3.53902578353882
12.6634375,3.53795289993286
12.6667708333333,3.53699922561646
12.6701041666667,3.5361647605896
12.6734375,3.53544950485229
12.6767708333333,3.53485345840454
12.6801041666667,3.53431701660156
12.6834375,3.53384017944336
12.6867708333333,3.53348255157471
12.6901041666667,3.53324413299561
12.6934375,3.5330057144165
12.6967708333333,3.53288650512695
12.7001041666667,3.53294610977173
12.7034375,3.53312492370605
12.7067708333333,3.53342294692993
12.7101041666667,3.53384017944336
12.7134375,3.53443622589111
12.7167708333333,3.53521108627319
12.7201041666667,3.53604555130005
12.7234375,3.53705883026123
12.7267708333333,3.53819131851196
12.7301041666667,3.53950262069702
12.7334375,3.54099273681641
12.7367708333333,3.54266166687012
12.7401041666667,3.54444980621338
12.7434375,3.54641675949097
12.7467708333333,3.54856252670288
12.7501041666667,3.55082750320435
12.7534375,3.55309247970581
12.7567708333333,3.55541706085205
12.7601041666667,3.55768203735352
12.7634375,3.55994701385498
12.7667708333333,3.56215238571167
12.7701041666667,3.56429815292358
12.7734375,3.56650352478027
12.7767708333333,3.56870889663696
12.7801041666667,3.57097387313843
12.7834375,3.57329845428467
12.7867708333333,3.57562303543091
12.7901041666667,3.57800722122192
12.7934375,3.58039140701294
12.7967708333333,3.58271598815918
12.8001041666667,3.58498096466064
12.8034375,3.58712673187256
12.8067708333333,3.58915328979492
12.8101041666667,3.59117984771729
12.8134375,3.5930871963501
12.8167708333333,3.59505414962769
12.8201041666667,3.59708070755005
12.8234375,3.59910726547241
12.8267708333333,3.60119342803955
12.8301041666667,3.60339879989624
12.8334375,3.60560417175293
12.8367708333333,3.60786914825439
12.8401041666667,3.61013412475586
12.8434375,3.61233949661255
12.8467708333333,3.61454486846924
12.8501041666667,3.61675024032593
12.8534375,3.61883640289307
12.8567708333333,3.62086296081543
12.8601041666667,3.62282991409302
12.8634375,3.62461805343628
12.8667708333333,3.62634658813477
12.8701041666667,3.6279559135437
12.8734375,3.62938642501831
12.8767708333333,3.63075733184814
12.8801041666667,3.63194942474365
12.8834375,3.63314151763916
12.8867708333333,3.63421440124512
12.8901041666667,3.6352276802063
12.8934375,3.63618135452271
12.8967708333333,3.63713502883911
12.9001041666667,3.63808870315552
12.9034375,3.63904237747192
12.9067708333333,3.63993644714355
12.9101041666667,3.64083051681519
12.9134375,3.64172458648682
12.9167708333333,3.64255905151367
12.9201041666667,3.64333391189575
12.9234375,3.64398956298828
12.9267708333333,3.64464521408081
12.9301041666667,3.64518165588379
12.9334375,3.64559888839722
12.9367708333333,3.64601612091064
12.9401041666667,3.64631414413452
12.9434375,3.64667177200317
12.9467708333333,3.6470890045166
12.9501041666667,3.6475658416748
12.9534375,3.64822149276733
12.9567708333333,3.64905595779419
12.9601041666667,3.65012884140015
12.9634375,3.65144014358521
12.9667708333333,3.65293025970459
12.9701041666667,3.6545991897583
12.9734375,3.65632772445679
12.9767708333333,3.65811586380005
12.9801041666667,3.65984439849854
12.9834375,3.66157293319702
12.9867708333333,3.66312265396118
12.9901041666667,3.66455316543579
12.9934375,3.66580486297607
12.9967708333333,3.66699695587158
13.0001041666667,3.66795063018799
13.0034375,3.66890430450439
13.0067708333333,3.66967916488647
13.0101041666667,3.67045402526855
13.0134375,3.67116928100586
13.0167708333333,3.67182493209839
13.0201041666667,3.67248058319092
13.0234375,3.67313623428345
13.0267708333333,3.67379188537598
13.0301041666667,3.67438793182373
13.0334375,3.67498397827148
13.0367708333333,3.67558002471924
13.0401041666667,3.67617607116699
13.0434375,3.67671251296997
13.0467708333333,3.67730855941772
13.0501041666667,3.6778450012207
13.0534375,3.67844104766846
13.0567708333333,3.67903709411621
13.0601041666667,3.67963314056396
13.0634375,3.68028879165649
13.0667708333333,3.68094444274902
13.0701041666667,3.68160009384155
13.0734375,3.68225574493408
13.0767708333333,3.68291139602661
13.0801041666667,3.68350744247437
13.0834375,3.68404388427734
13.0867708333333,3.6846399307251
13.0901041666667,3.68523597717285
13.0934375,3.68589162826538
13.0967708333333,3.68660688400269
13.1001041666667,3.68744134902954
13.1034375,3.68833541870117
13.1067708333333,3.68928909301758
13.1101041666667,3.69036197662354
13.1134375,3.69149446487427
13.1167708333333,3.692626953125
13.1201041666667,3.69381904602051
13.1234375,3.69501113891602
13.1267708333333,3.69632244110107
13.1301041666667,3.69763374328613
13.1334375,3.69906425476074
13.1367708333333,3.7006139755249
13.1401041666667,3.70228290557861
13.1434375,3.70407104492188
13.1467708333333,3.70597839355469
13.1501041666667,3.70794534683228
13.1534375,3.70997190475464
13.1567708333333,3.711998462677
13.1601041666667,3.71396541595459
13.1634375,3.71593236923218
13.1667708333333,3.71778011322021
13.1701041666667,3.7195086479187
13.1734375,3.72117757797241
13.1767708333333,3.72278690338135
13.1801041666667,3.72427701950073
13.1834375,3.72576713562012
13.1867708333333,3.72713804244995
13.1901041666667,3.72850894927979
13.1934375,3.72976064682007
13.1967708333333,3.73107194900513
13.2001041666667,3.73226404190063
13.2034375,3.73339653015137
13.2067708333333,3.7345290184021
13.2101041666667,3.73560190200806
13.2134375,3.73661518096924
13.2167708333333,3.73762845993042
13.2201041666667,3.73852252960205
13.2234375,3.73941659927368
13.2267708333333,3.74019145965576
13.2301041666667,3.74090671539307
13.2334375,3.74162197113037
13.2367708333333,3.74233722686768
13.2401041666667,3.74305248260498
13.2434375,3.74376773834229
13.2467708333333,3.74460220336914
13.2501041666667,3.745436668396
13.2534375,3.7463903427124
13.2567708333333,3.74734401702881
13.2601041666667,3.74835729598999
13.2634375,3.74937057495117
13.2667708333333,3.75032424926758
13.2701041666667,3.75121831893921
13.2734375,3.75199317932129
13.2767708333333,3.75276803970337
13.2801041666667,3.7534236907959
13.2834375,3.75407934188843
13.2867708333333,3.75479459762573
13.2901041666667,3.75550985336304
13.2934375,3.75634431838989
13.2967708333333,3.7572979927063
13.3001041666667,3.75837087631226
13.3034375,3.75956296920776
13.3067708333333,3.76087427139282
13.3101041666667,3.76230478286743
13.3134375,3.76373529434204
13.3167708333333,3.7652850151062
13.3201041666667,3.76683473587036
13.3234375,3.76838445663452
13.3267708333333,3.76999378204346
13.3301041666667,3.77160310745239
13.3334375,3.7732720375061
13.3367708333333,3.77488136291504
13.3401041666667,3.77655029296875
13.3434375,3.77821922302246
13.3467708333333,3.7798285484314
13.3501041666667,3.78131866455078
13.3534375,3.78274917602539
13.3567708333333,3.78406047821045
13.3601041666667,3.78513336181641
13.3634375,3.78602743148804
13.3667708333333,3.78662347793579
13.3701041666667,3.78692150115967
13.3734375,3.78698110580444
13.3767708333333,3.78674268722534
13.3801041666667,3.78626585006714
13.3834375,3.78543138504028
13.3867708333333,3.7844181060791
13.3901041666667,3.78316640853882
13.3934375,3.78167629241943
13.3967708333333,3.78000736236572
13.4001041666667,3.77815961837769
13.4034375,3.77613306045532
13.4067708333333,3.77392768859863
13.4101041666667,3.77160310745239
13.4134375,3.76909971237183
13.4167708333333,3.76653671264648
13.4201041666667,3.76385450363159
13.4234375,3.76111268997192
13.4267708333333,3.75837087631226
13.4301041666667,3.75568866729736
13.4334375,3.75306606292725
13.4367708333333,3.7505030632019
13.4401041666667,3.74811887741089
13.4434375,3.74597311019897
13.4467708333333,3.74406576156616
13.4501041666667,3.74245643615723
13.4534375,3.74108552932739
13.4567708333333,3.74013185501099
13.4601041666667,3.73953580856323
13.4634375,3.73929738998413
13.4667708333333,3.73947620391846
13.4701041666667,3.74007225036621
13.4734375,3.74108552932739
13.4767708333333,3.74245643615723
13.4801041666667,3.74424457550049
13.4834375,3.7463903427124
13.4867708333333,3.74889373779297
13.4901041666667,3.75169515609741
13.4934375,3.75479459762573
13.4967708333333,3.75813245773315
13.5001041666667,3.7616491317749
13.5034375,3.76522541046143
13.5067708333333,3.7689208984375
13.5101041666667,3.77261638641357
13.5134375,3.77637147903442
13.5167708333333,3.7800669670105
13.5201041666667,3.78376245498657
13.5234375,3.78739833831787
13.5267708333333,3.79091501235962
13.5301041666667,3.79443168640137
13.5334375,3.79782915115356
13.5367708333333,3.80110740661621
13.5401041666667,3.80432605743408
13.5434375,3.80736589431763
13.5467708333333,3.81028652191162
13.5501041666667,3.81314754486084
13.5534375,3.81582975387573
13.5567708333333,3.81839275360107
13.5601041666667,3.82083654403687
13.5634375,3.82328033447266
13.5667708333333,3.82554531097412
13.5701041666667,3.82775068283081
13.5734375,3.82983684539795
13.5767708333333,3.83186340332031
13.5801041666667,3.83377075195313
13.5834375,3.83555889129639
13.5867708333333,3.83728742599487
13.5901041666667,3.83889675140381
13.5934375,3.84038686752319
13.5967708333333,3.8418173789978
13.6001041666667,3.84324789047241
13.6034375,3.84461879730225
13.6067708333333,3.84598970413208
13.6101041666667,3.84736061096191
13.6134375,3.84873151779175
13.6167708333333,3.85022163391113
13.6201041666667,3.85171175003052
13.6234375,3.85332107543945
13.6267708333333,3.85504961013794
13.6301041666667,3.85677814483643
13.6334375,3.85862588882446
13.6367708333333,3.8604736328125
13.6401041666667,3.86238098144531
13.6434375,3.8643479347229
13.6467708333333,3.86625528335571
13.6501041666667,3.86816263198853
13.6534375,3.86995077133179
13.6567708333333,3.87173891067505
13.6601041666667,3.87340784072876
13.6634375,3.8750171661377
13.6667708333333,3.87656688690186
13.6701041666667,3.87799739837646
13.6734375,3.87930870056152
13.6767708333333,3.88050079345703
13.6801041666667,3.88151407241821
13.6834375,3.88234853744507
13.6867708333333,3.8830041885376
13.6901041666667,3.88342142105103
13.6934375,3.88360023498535
13.6967708333333,3.88354063034058
13.7001041666667,3.8832426071167
13.7034375,3.88270616531372
13.7067708333333,3.88187170028687
13.7101041666667,3.88079881668091
13.7134375,3.87942790985107
13.7167708333333,3.87787818908691
13.7201041666667,3.87614965438843
13.7234375,3.87424230575562
13.7267708333333,3.87221574783325
13.7301041666667,3.87006998062134
13.7334375,3.86792421340942
13.7367708333333,3.86589765548706
13.7401041666667,3.86393070220947
13.7434375,3.86214256286621
13.7467708333333,3.8604736328125
13.7501041666667,3.85904312133789
13.7534375,3.85773181915283
13.7567708333333,3.85665893554688
13.7601041666667,3.85576486587524
13.7634375,3.85499000549316
13.7667708333333,3.85427474975586
13.7701041666667,3.85373830795288
13.7734375,3.85326147079468
13.7767708333333,3.85290384292603
13.7801041666667,3.85260581970215
13.7834375,3.85242700576782
13.7867708333333,3.85230779647827
13.7901041666667,3.85242700576782
13.7934375,3.85266542434692
13.7967708333333,3.85308265686035
13.8001041666667,3.85379791259766
13.8034375,3.85481119155884
13.8067708333333,3.8561224937439
13.8101041666667,3.85767221450806
13.8134375,3.85957956314087
13.8167708333333,3.86172533035278
13.8201041666667,3.86416912078857
13.8234375,3.86679172515869
13.8267708333333,3.86965274810791
13.8301041666667,3.8725733757019
13.8334375,3.87567281723022
13.8367708333333,3.8788914680481
13.8401041666667,3.88211011886597
13.8434375,3.88544797897339
13.8467708333333,3.88878583908081
13.8501041666667,3.89206409454346
13.8534375,3.8953423500061
13.8567708333333,3.89856100082397
13.8601041666667,3.90166044235229
13.8634375,3.90458106994629
13.8667708333333,3.90738248825073
13.8701041666667,3.91000509262085
13.8734375,3.91244888305664
13.8767708333333,3.91471385955811
13.8801041666667,3.91680002212524
13.8834375,3.91876697540283
13.8867708333333,3.92055511474609
13.8901041666667,3.92228364944458
13.8934375,3.92389297485352
13.8967708333333,3.92544269561768
13.9001041666667,3.92693281173706
13.9034375,3.92830371856689
13.9067708333333,3.92961502075195
13.9101041666667,3.93080711364746
13.9134375,3.93187999725342
13.9167708333333,3.93283367156982
13.9201041666667,3.93366813659668
13.9234375,3.93438339233398
13.9267708333333,3.93509864807129
13.9301041666667,3.93575429916382
13.9334375,3.93646955490112
13.9367708333333,3.9372444152832
13.9401041666667,3.93813848495483
13.9434375,3.93915176391602
13.9467708333333,3.94028425216675
13.9501041666667,3.94153594970703
13.9534375,3.94284725189209
13.9567708333333,3.9442777633667
13.9601041666667,3.94576787948608
13.9634375,3.94731760025024
13.9667708333333,3.9488673210144
13.9701041666667,3.95041704177856
13.9734375,3.9520263671875
13.9767708333333,3.95363569259644
13.9801041666667,3.95524501800537
13.9834375,3.95679473876953
13.9867708333333,3.95834445953369
13.9901041666667,3.95983457565308
13.9934375,3.96120548248291
13.9967708333333,3.96257638931274
14.0001041666667,3.96382808685303
14.0034375,3.96507978439331
14.0067708333333,3.96621227264404
14.0101041666667,3.96740436553955
14.0134375,3.96853685379028
14.0167708333333,3.96972894668579
14.0201041666667,3.97098064422607
14.0234375,3.97229194641113
14.0267708333333,3.97366285324097
14.0301041666667,3.97515296936035
14.0334375,3.97682189941406
14.0367708333333,3.97861003875732
14.0401041666667,3.98051738739014
14.0434375,3.98260354995728
14.0467708333333,3.98474931716919
14.0501041666667,3.98695468902588
14.0534375,3.98916006088257
14.0567708333333,3.99130582809448
14.0601041666667,3.99339199066162
14.0634375,3.99523973464966
14.0667708333333,3.99690866470337
14.0701041666667,3.99839878082275
14.0734375,3.99959087371826
14.0767708333333,4.00060415267944
14.0801041666667,4.00149822235107
14.0834375,4.00227308273315
14.0867708333333,4.00292873382568
14.0901041666667,4.00364398956299
14.0934375,4.00435924530029
14.0967708333333,4.00519371032715
14.1001041666667,4.00608777999878
14.1034375,4.00704145431519
14.1067708333333,4.00817394256592
14.1101041666667,4.00936603546143
14.1134375,4.01061773300171
14.1167708333333,4.01198863983154
14.1201041666667,4.01341915130615
14.1234375,4.01484966278076
14.1267708333333,4.01639938354492
14.1301041666667,4.01794910430908
14.1334375,4.01955842971802
14.1367708333333,4.0212869644165
14.1401041666667,4.02301549911499
14.1434375,4.0249228477478
14.1467708333333,4.02688980102539
14.1501041666667,4.0290355682373
14.1534375,4.03136014938354
14.1567708333333,4.03386354446411
14.1601041666667,4.03648614883423
14.1634375,4.03928756713867
14.1667708333333,4.04226779937744
14.1701041666667,4.04530763626099
14.1734375,4.04834747314453
14.1767708333333,4.0513277053833
14.1801041666667,4.05424833297729
14.1834375,4.05699014663696
14.1867708333333,4.0595531463623
14.1901041666667,4.06187772750854
14.1934375,4.06390428543091
14.1967708333333,4.06563282012939
14.2001041666667,4.06712293624878
14.2034375,4.06831502914429
14.2067708333333,4.06932830810547
14.2101041666667,4.07010316848755
14.2134375,4.07075881958008
14.2167708333333,4.07123565673828
14.2201041666667,4.07165288925171
14.2234375,4.07189130783081
14.2267708333333,4.07212972640991
14.2301041666667,4.07224893569946
14.2334375,4.07236814498901
14.2367708333333,4.07242774963379
14.2401041666667,4.07248735427856
14.2434375,4.07254695892334
14.2467708333333,4.07260656356812
14.2501041666667,4.07266616821289
14.2534375,4.07266616821289
14.2567708333333,4.07260656356812
14.2601041666667,4.07254695892334
14.2634375,4.07248735427856
14.2667708333333,4.07236814498901
14.2701041666667,4.07230854034424
14.2734375,4.07230854034424
14.2767708333333,4.07236814498901
14.2801041666667,4.07260656356812
14.2834375,4.07296419143677
14.2867708333333,4.07350063323975
14.2901041666667,4.07427549362183
14.2934375,4.07522916793823
14.2967708333333,4.07636165618896
14.3001041666667,4.0777325630188
14.3034375,4.07934188842773
14.3067708333333,4.08107042312622
14.3101041666667,4.08291816711426
14.3134375,4.08494472503662
14.3167708333333,4.08697128295898
14.3201041666667,4.08905744552612
14.3234375,4.09114360809326
14.3267708333333,4.09311056137085
14.3301041666667,4.09501791000366
14.3334375,4.09674644470215
14.3367708333333,4.09841537475586
14.3401041666667,4.09984588623047
14.3434375,4.1012167930603
14.3467708333333,4.10234928131104
14.3501041666667,4.10342216491699
14.3534375,4.10431623458862
14.3567708333333,4.10503149032593
14.3601041666667,4.10562753677368
14.3634375,4.10610437393188
14.3667708333333,4.10640239715576
14.3701041666667,4.10658121109009
14.3734375,4.10664081573486
14.3767708333333,4.10652160644531
14.3801041666667,4.10634279251099
14.3834375,4.10604476928711
14.3867708333333,4.10568714141846
14.3901041666667,4.10526990890503
14.3934375,4.10479307174683
14.3967708333333,4.10431623458862
14.4001041666667,4.10377979278564
14.4034375,4.10330295562744
14.4067708333333,4.10288572311401
14.4101041666667,4.10246849060059
14.4134375,4.10217046737671
14.4167708333333,4.10199165344238
14.4201041666667,4.10199165344238
14.4234375,4.10211086273193
14.4267708333333,4.10246849060059
14.4301041666667,4.10294532775879
14.4334375,4.10366058349609
14.4367708333333,4.10449504852295
14.4401041666667,4.10556793212891
14.4434375,4.10681962966919
14.4467708333333,4.10819053649902
14.4501041666667,4.10979986190796
14.4534375,4.11152839660645
14.4567708333333,4.11349534988403
14.4601041666667,4.11564111709595
14.4634375,4.11796569824219
14.4667708333333,4.12046909332275
14.4701041666667,4.12321090698242
14.4734375,4.12607192993164
14.4767708333333,4.12917137145996
14.4801041666667,4.13239002227783
14.4834375,4.13572788238525
14.4867708333333,4.13918495178223
14.4901041666667,4.14270162582397
14.4934375,4.14621829986572
14.4967708333333,4.14979457855225
14.5001041666667,4.15325164794922
14.5034375,4.15664911270142
14.5067708333333,4.15986776351929
14.5101041666667,4.16296720504761
14.5134375,4.16582822799683
14.5167708333333,4.16857004165649
14.5201041666667,4.17107343673706
14.5234375,4.17333841323853
14.5267708333333,4.17548418045044
14.5301041666667,4.17739152908325
14.5334375,4.17917966842651
14.5367708333333,4.18072938919067
14.5401041666667,4.18204069137573
14.5434375,4.18317317962646
14.5467708333333,4.18412685394287
14.5501041666667,4.18484210968018
14.5534375,4.18537855148315
14.5567708333333,4.18579578399658
14.5601041666667,4.18603420257568
14.5634375,4.18615341186523
14.5667708333333,4.18621301651001
14.5701041666667,4.18615341186523
14.5734375,4.18609380722046
14.5767708333333,4.18591499328613
14.5801041666667,4.18561697006226
14.5834375,4.1852593421936
14.5867708333333,4.18472290039063
14.5901041666667,4.1840672492981
14.5934375,4.18329238891602
14.5967708333333,4.18239831924438
14.6001041666667,4.1813850402832
14.6034375,4.18037176132202
14.6067708333333,4.17929887771606
14.6101041666667,4.17822599411011
14.6134375,4.17721271514893
14.6167708333333,4.17631864547729
14.6201041666667,4.17542457580566
14.6234375,4.17470932006836
14.6267708333333,4.17405366897583
14.6301041666667,4.17345762252808
14.6334375,4.17304039001465
14.6367708333333,4.17274236679077
14.6401041666667,4.17256355285645
14.6434375,4.17244434356689
14.6467708333333,4.17256355285645
14.6501041666667,4.17274236679077
14.6534375,4.17309999465942
14.6567708333333,4.17357683181763
14.6601041666667,4.17411327362061
14.6634375,4.17476892471313
14.6667708333333,4.17542457580566
14.6701041666667,4.17608022689819
14.6734375,4.17667627334595
14.6767708333333,4.1772723197937
14.6801041666667,4.17780876159668
14.6834375,4.17828559875488
14.6867708333333,4.17876243591309
14.6901041666667,4.17929887771606
14.6934375,4.17977571487427
14.6967708333333,4.18031215667725
14.7001041666667,4.18084859848022
14.7034375,4.1813850402832
14.7067708333333,4.18192148208618
14.7101041666667,4.18239831924438
14.7134375,4.18275594711304
14.7167708333333,4.18299436569214
14.7201041666667,4.18311357498169
14.7234375,4.18305397033691
14.7267708333333,4.18281555175781
14.7301041666667,4.18251752853394
14.7334375,4.18215990066528
14.7367708333333,4.18174266815186
14.7401041666667,4.18132543563843
14.7434375,4.180908203125
14.7467708333333,4.18055057525635
14.7501041666667,4.18031215667725
14.7534375,4.18007373809814
14.7567708333333,4.17983531951904
14.7601041666667,4.17971611022949
14.7634375,4.17953729629517
14.7667708333333,4.17935848236084
14.7701041666667,4.17912006378174
14.7734375,4.17876243591309
14.7767708333333,4.17840480804443
14.7801041666667,4.17792797088623
14.7834375,4.17733192443848
14.7867708333333,4.1765570640564
14.7901041666667,4.17572259902954
14.7934375,4.17482852935791
14.7967708333333,4.17381525039673
14.8001041666667,4.17280197143555
14.8034375,4.17178869247437
14.8067708333333,4.17089462280273
14.8101041666667,4.17006015777588
14.8134375,4.16940450668335
14.8167708333333,4.16886806488037
14.8201041666667,4.16857004165649
14.8234375,4.16851043701172
14.8267708333333,4.16862964630127
14.8301041666667,4.16898727416992
14.8334375,4.1695237159729
14.8367708333333,4.17029857635498
14.8401041666667,4.17137145996094
14.8434375,4.172682762146
14.8467708333333,4.17429208755493
14.8501041666667,4.17619943618774
14.8534375,4.17834520339966
14.8567708333333,4.18084859848022
14.8601041666667,4.18365001678467
14.8634375,4.18668985366821
14.8667708333333,4.18996810913086
14.8701041666667,4.19348478317261
14.8734375,4.19718027114868
14.8767708333333,4.20105457305908
14.8801041666667,4.20504808425903
14.8834375,4.20922040939331
14.8867708333333,4.21339273452759
14.8901041666667,4.21756505966187
14.8934375,4.22161817550659
14.8967708333333,4.22561168670654
14.9001041666667,4.22948598861694
14.9034375,4.23318147659302
14.9067708333333,4.23669815063477
14.9101041666667,4.24009561538696
14.9134375,4.24337387084961
14.9167708333333,4.24647331237793
14.9201041666667,4.24951314926147
14.9234375,4.25243377685547
14.9267708333333,4.25523519515991
14.9301041666667,4.2579174041748
14.9334375,4.26054000854492
14.9367708333333,4.26292419433594
14.9401041666667,4.26524877548218
14.9434375,4.26739454269409
14.9467708333333,4.26942110061646
14.9501041666667,4.27138805389404
14.9534375,4.27335500717163
14.9567708333333,4.27538156509399
14.9601041666667,4.27746772766113
14.9634375,4.27967309951782
14.9667708333333,4.28205728530884
14.9701041666667,4.28462028503418
14.9734375,4.28736209869385
14.9767708333333,4.29028272628784
14.9801041666667,4.29338216781616
14.9834375,4.29654121398926
14.9867708333333,4.29975986480713
14.9901041666667,4.30285930633545
14.9934375,4.30583953857422
14.9967708333333,4.30858135223389
15.0001041666667,4.31090593338013
15.0034375,4.31275367736816
15.0067708333333,4.31406497955322
15.0101041666667,4.31478023529053
15.0134375,4.3148398399353
15.0167708333333,4.31424379348755
15.0201041666667,4.31305170059204
15.0234375,4.31132316589355
15.0267708333333,4.30917739868164
15.0301041666667,4.30673360824585
15.0334375,4.30417060852051
15.0367708333333,4.30148839950562
15.0401041666667,4.29892539978027
15.0434375,4.29642200469971
15.0467708333333,4.29421663284302
15.0501041666667,4.29224967956543
15.0534375,4.29064035415649
15.0567708333333,4.28938865661621
15.0601041666667,4.28855419158936
15.0634375,4.28801774978638
15.0667708333333,4.28789854049683
15.0701041666667,4.28807735443115
15.0734375,4.28855419158936
15.0767708333333,4.28932905197144
15.0801041666667,4.29034233093262
15.0834375,4.29147481918335
15.0867708333333,4.29278612136841
15.0901041666667,4.29415702819824
15.0934375,4.29558753967285
15.0967708333333,4.29713726043701
15.1001041666667,4.29874658584595
15.1034375,4.30041551589966
15.1067708333333,4.30214405059814
15.1101041666667,4.30399179458618
15.1134375,4.30589914321899
15.1167708333333,4.30792570114136
15.1201041666667,4.3100118637085
15.1234375,4.31215763092041
15.1267708333333,4.3143630027771
15.1301041666667,4.31650876998901
15.1334375,4.31859493255615
15.1367708333333,4.32056188583374
15.1401041666667,4.32240962982178
15.1434375,4.32413816452026
15.1467708333333,4.32562828063965
15.1501041666667,4.32693958282471
15.1534375,4.32795286178589
15.1567708333333,4.32872772216797
15.1601041666667,4.3291449546814
15.1634375,4.32932376861572
15.1667708333333,4.3291449546814
15.1701041666667,4.32860851287842
15.1734375,4.32777404785156
15.1767708333333,4.32664155960083
15.1801041666667,4.32521104812622
15.1834375,4.32354211807251
15.1867708333333,4.3216347694397
15.1901041666667,4.31954860687256
15.1934375,4.31740283966064
15.1967708333333,4.31513786315918
15.2001041666667,4.31287288665771
15.2034375,4.31066751480103
15.2067708333333,4.30846214294434
15.2101041666667,4.3063759803772
15.2134375,4.30446863174438
15.2167708333333,4.30268049240112
15.2201041666667,4.30107116699219
15.2234375,4.29970026016235
15.2267708333333,4.29856777191162
15.2301041666667,4.29767370223999
15.2334375,4.29701805114746
15.2367708333333,4.29660081863403
15.2401041666667,4.29642200469971
15.2434375,4.29648160934448
15.2467708333333,4.29677963256836
15.2501041666667,4.29731607437134
15.2534375,4.29797172546387
15.2567708333333,4.29880619049072
15.2601041666667,4.29987907409668
15.2634375,4.30113077163696
15.2667708333333,4.30262088775635
15.2701041666667,4.30434942245483
15.2734375,4.30631637573242
15.2767708333333,4.30864095687866
15.2801041666667,4.31126356124878
15.2834375,4.31424379348755
15.2867708333333,4.31758165359497
15.2901041666667,4.32133674621582
15.2934375,4.32544946670532
15.2967708333333,4.3298602104187
15.3001041666667,4.33444976806641
15.3034375,4.33921813964844
15.3067708333333,4.34398651123047
15.3101041666667,4.34863567352295
15.3134375,4.35292720794678
15.3167708333333,4.35680150985718
15.3201041666667,4.3601393699646
15.3234375,4.36276197433472
15.3267708333333,4.36466932296753
15.3301041666667,4.36586141586304
15.3334375,4.36627864837646
15.3367708333333,4.36604022979736
15.3401041666667,4.36520576477051
15.3434375,4.36395406723022
15.3467708333333,4.36234474182129
15.3501041666667,4.36067581176758
15.3534375,4.35900688171387
15.3567708333333,4.35745716094971
15.3601041666667,4.3562650680542
15.3634375,4.35549020767212
15.3667708333333,4.35525178909302
15.3701041666667,4.35554981231689
15.3734375,4.3565034866333
15.3767708333333,4.35805320739746
15.3801041666667,4.36019897460938
15.3834375,4.36294078826904
15.3867708333333,4.36609983444214
15.3901041666667,4.36973571777344
15.3934375,4.37366962432861
15.3967708333333,4.37790155410767
15.4001041666667,4.38219308853149
15.4034375,4.38660383224487
15.4067708333333,4.39095497131348
15.4101041666667,4.3952465057373
15.4134375,4.39941883087158
15.4167708333333,4.40335273742676
15.4201041666667,4.40704822540283
15.4234375,4.41044569015503
15.4267708333333,4.41354513168335
15.4301041666667,4.41640615463257
15.4334375,4.41896915435791
15.4367708333333,4.42129373550415
15.4401041666667,4.42337989807129
15.4434375,4.42534685134888
15.4467708333333,4.42719459533691
15.4501041666667,4.42898273468018
15.4534375,4.43071126937866
15.4567708333333,4.43238019943237
15.4601041666667,4.43410873413086
15.4634375,4.43583726882935
15.4667708333333,4.43756580352783
15.4701041666667,4.43935394287109
15.4734375,4.44120168685913
15.4767708333333,4.44310903549194
15.4801041666667,4.44513559341431
15.4834375,4.44728136062622
15.4867708333333,4.44948673248291
15.4901041666667,4.45175170898438
15.4934375,4.45413589477539
15.4967708333333,4.45652008056641
15.5001041666667,4.4589638710022
15.5034375,4.46134805679321
15.5067708333333,4.46367263793945
15.5101041666667,4.46593761444092
15.5134375,4.46814298629761
15.5167708333333,4.47022914886475
15.5201041666667,4.47213649749756
15.5234375,4.47392463684082
15.5267708333333,4.47559356689453
15.5301041666667,4.47702407836914
15.5334375,4.47821617126465
15.5367708333333,4.47911024093628
15.5401041666667,4.47970628738403
15.5434375,4.48000431060791
15.5467708333333,4.47988510131836
15.5501041666667,4.47934865951538
15.5534375,4.47845458984375
15.5567708333333,4.47714328765869
15.5601041666667,4.47547435760498
15.5634375,4.47338819503784
15.5667708333333,4.47100400924683
15.5701041666667,4.46832180023193
15.5734375,4.46540117263794
15.5767708333333,4.46230173110962
15.5801041666667,4.45908308029175
15.5834375,4.45586442947388
15.5867708333333,4.45258617401123
15.5901041666667,4.44936752319336
15.5934375,4.44620847702026
15.5967708333333,4.44310903549194
15.6001041666667,4.44012880325317
15.6034375,4.43732738494873
15.6067708333333,4.43464517593384
15.6101041666667,4.4320821762085
15.6134375,4.42975759506226
15.6167708333333,4.42761182785034
15.6201041666667,4.4257640838623
15.6234375,4.42409515380859
15.6267708333333,4.42272424697876
15.6301041666667,4.42159175872803
15.6334375,4.42075729370117
15.6367708333333,4.42010164260864
15.6401041666667,4.41974401473999
15.6434375,4.41962480545044
15.6467708333333,4.41968441009521
15.6501041666667,4.41998243331909
15.6534375,4.42051887512207
15.6567708333333,4.4211745262146
15.6601041666667,4.42206859588623
15.6634375,4.42314147949219
15.6667708333333,4.4243335723877
15.6701041666667,4.42564487457275
15.6734375,4.42707538604736
15.6767708333333,4.42856550216675
15.6801041666667,4.43017482757568
15.6834375,4.43190336227417
15.6867708333333,4.43369150161743
15.6901041666667,4.43553924560547
15.6934375,4.43738698959351
15.6967708333333,4.43929433822632
15.7001041666667,4.44120168685913
15.7034375,4.44304943084717
15.7067708333333,4.44483757019043
15.7101041666667,4.44644689559937
15.7134375,4.44787740707397
15.7167708333333,4.44912910461426
15.7201041666667,4.45008277893066
15.7234375,4.45085763931274
15.7267708333333,4.45139408111572
15.7301041666667,4.4516921043396
15.7334375,4.45181131362915
15.7367708333333,4.45175170898438
15.7401041666667,4.45151329040527
15.7434375,4.45109605789185
15.7467708333333,4.45055961608887
15.7501041666667,4.44984436035156
15.7534375,4.44900989532471
15.7567708333333,4.44811582565308
15.7601041666667,4.44710254669189
15.7634375,4.44608926773071
15.7667708333333,4.44513559341431
15.7701041666667,4.4441819190979
15.7734375,4.44334745407104
15.7767708333333,4.44263219833374
15.7801041666667,4.44203615188599
15.7834375,4.44161891937256
15.7867708333333,4.44132089614868
15.7901041666667,4.44120168685913
15.7934375,4.44114208221436
15.7967708333333,4.44120168685913
15.8001041666667,4.44138050079346
15.8034375,4.44155931472778
15.8067708333333,4.44185733795166
15.8101041666667,4.44209575653076
15.8134375,4.44245338439941
15.8167708333333,4.44275140762329
15.8201041666667,4.44310903549194
15.8234375,4.4434666633606
15.8267708333333,4.44382429122925
15.8301041666667,4.4441819190979
15.8334375,4.44453954696655
15.8367708333333,4.44489717483521
15.8401041666667,4.44531440734863
15.8434375,4.44567203521729
15.8467708333333,4.44608926773071
15.8501041666667,4.44650650024414
15.8534375,4.44698333740234
15.8567708333333,4.44751977920532
15.8601041666667,4.44817543029785
15.8634375,4.44895029067993
15.8667708333333,4.44978475570679
15.8701041666667,4.45079803466797
15.8734375,4.4519305229187
15.8767708333333,4.45312261581421
15.8801041666667,4.45443391799927
15.8834375,4.45586442947388
15.8867708333333,4.45729494094849
15.8901041666667,4.45878505706787
15.8934375,4.46021556854248
15.8967708333333,4.46170568466187
15.9001041666667,4.46313619613647
15.9034375,4.46462631225586
15.9067708333333,4.46605682373047
15.9101041666667,4.46748733520508
15.9134375,4.46891784667969
15.9167708333333,4.4703483581543
15.9201041666667,4.47171926498413
15.9234375,4.47309017181396
15.9267708333333,4.4744610786438
15.9301041666667,4.47583198547363
15.9334375,4.47714328765869
15.9367708333333,4.47845458984375
15.9401041666667,4.47970628738403
15.9434375,4.48095798492432
15.9467708333333,4.4822096824646
15.9501041666667,4.48346138000488
15.9534375,4.48477268218994
15.9567708333333,4.486083984375
15.9601041666667,4.48745489120483
15.9634375,4.48888540267944
15.9667708333333,4.4904351234436
15.9701041666667,4.49210405349731
15.9734375,4.49389219284058
15.9767708333333,4.49579954147339
15.9801041666667,4.49788570404053
15.9834375,4.50003147125244
15.9867708333333,4.50229644775391
15.9901041666667,4.50462102890015
15.9934375,4.50700521469116
15.9967708333333,4.50944900512695
16.0001041666667,4.51195240020752
16.0034375,4.51445579528809
16.0067708333333,4.51701879501343
16.0101041666667,4.51964139938354
16.0134375,4.52226400375366
16.0167708333333,4.524827003479
16.0201041666667,4.52733039855957
16.0234375,4.52971458435059
16.0267708333333,4.53197956085205
16.0301041666667,4.53412532806396
16.0334375,4.53603267669678
16.0367708333333,4.53770160675049
16.0401041666667,4.53925132751465
16.0434375,4.54050302505493
16.0467708333333,4.54163551330566
16.0501041666667,4.54258918762207
16.0534375,4.54336404800415
16.0567708333333,4.5439600944519
16.0601041666667,4.54449653625488
16.0634375,4.54491376876831
16.0667708333333,4.54533100128174
16.0701041666667,4.54562902450562
16.0734375,4.54592704772949
16.0767708333333,4.54616546630859
16.0801041666667,4.54646348953247
16.0834375,4.54670190811157
16.0867708333333,4.54699993133545
16.0901041666667,4.5473575592041
16.0934375,4.54777479171753
16.0967708333333,4.54825162887573
16.1001041666667,4.54896688461304
16.1034375,4.54980134963989
16.1067708333333,4.55093383789063
16.1101041666667,4.55236434936523
16.1134375,4.55403327941895
16.1167708333333,4.55605983734131
16.1201041666667,4.55838441848755
16.1234375,4.56094741821289
16.1267708333333,4.56368923187256
16.1301041666667,4.566490650177
16.1334375,4.56929206848145
16.1367708333333,4.57197427749634
16.1401041666667,4.5744776725769
16.1434375,4.57668304443359
16.1467708333333,4.57859039306641
16.1501041666667,4.58025932312012
16.1534375,4.58168983459473
16.1567708333333,4.58288192749023
16.1601041666667,4.58395481109619
16.1634375,4.58502769470215
16.1667708333333,4.58621978759766
16.1701041666667,4.58753108978271
16.1734375,4.5890212059021
16.1767708333333,4.59086894989014
16.1801041666667,4.59295511245728
16.1834375,4.59539890289307
16.1867708333333,4.59814071655273
16.1901041666667,4.6011209487915
16.1934375,4.6042799949646
16.1967708333333,4.60761785507202
16.2001041666667,4.61101531982422
16.2034375,4.61435317993164
16.2067708333333,4.61763143539429
16.2101041666667,4.62079048156738
16.2134375,4.62377071380615
16.2167708333333,4.62651252746582
16.2201041666667,4.62901592254639
16.2234375,4.63128089904785
16.2267708333333,4.63318824768066
16.2301041666667,4.63485717773438
16.2334375,4.63628768920898
16.2367708333333,4.63742017745972
16.2401041666667,4.63825464248657
16.2434375,4.6389102935791
16.2467708333333,4.6393871307373
16.2501041666667,4.63974475860596
16.2534375,4.63992357254028
16.2567708333333,4.64004278182983
16.2601041666667,4.64016199111938
16.2634375,4.64022159576416
16.2667708333333,4.64028120040894
16.2701041666667,4.64040040969849
16.2734375,4.64051961898804
16.2767708333333,4.64069843292236
16.2801041666667,4.64093685150146
16.2834375,4.64117527008057
16.2867708333333,4.64147329330444
16.2901041666667,4.64177131652832
16.2934375,4.6420693397522
16.2967708333333,4.64236736297607
16.3001041666667,4.64260578155518
16.3034375,4.64284420013428
16.3067708333333,4.64296340942383
16.3101041666667,4.6430230140686
16.3134375,4.6430230140686
16.3167708333333,4.64290380477905
16.3201041666667,4.64260578155518
16.3234375,4.64218854904175
16.3267708333333,4.64159250259399
16.3301041666667,4.64081764221191
16.3334375,4.63980436325073
16.3367708333333,4.63861227035522
16.3401041666667,4.63718175888062
16.3434375,4.63557243347168
16.3467708333333,4.63384389877319
16.3501041666667,4.63193655014038
16.3534375,4.62996959686279
16.3567708333333,4.62788343429565
16.3601041666667,4.62585687637329
16.3634375,4.62377071380615
16.3667708333333,4.62180376052856
16.3701041666667,4.61983680725098
16.3734375,4.61798906326294
16.3767708333333,4.61626052856445
16.3801041666667,4.61465120315552
16.3834375,4.61316108703613
16.3867708333333,4.61173057556152
16.3901041666667,4.61041927337646
16.3934375,4.60922718048096
16.3967708333333,4.60809469223022
16.4001041666667,4.60714101791382
16.4034375,4.60630655288696
16.4067708333333,4.60565090179443
16.4101041666667,4.60523366928101
16.4134375,4.60505485534668
16.4167708333333,4.60511445999146
16.4201041666667,4.60547208786011
16.4234375,4.60606813430786
16.4267708333333,4.60690259933472
16.4301041666667,4.6079158782959
16.4334375,4.60916757583618
16.4367708333333,4.61053848266602
16.4401041666667,4.6120285987854
16.4434375,4.61369752883911
16.4467708333333,4.61548566818237
16.4501041666667,4.61745262145996
16.4534375,4.61959838867188
16.4567708333333,4.62186336517334
16.4601041666667,4.62436676025391
16.4634375,4.6270489692688
16.4667708333333,4.62996959686279
16.4701041666667,4.63300943374634
16.4734375,4.63616847991943
16.4767708333333,4.63944673538208
16.4801041666667,4.6427845954895
16.4834375,4.64624166488647
16.4867708333333,4.64969873428345
16.4901041666667,4.65315580368042
16.4934375,4.65655326843262
16.4967708333333,4.65995073318481
16.5001041666667,4.66334819793701
16.5034375,4.66662645339966
16.5067708333333,4.66984510421753
16.5101041666667,4.67300415039063
16.5134375,4.67610359191895
16.5167708333333,4.67914342880249
16.5201041666667,4.68218326568604
16.5234375,4.6851634979248
16.5267708333333,4.6880841255188
16.5301041666667,4.69094514846802
16.5334375,4.69374656677246
16.5367708333333,4.69648838043213
16.5401041666667,4.69911098480225
16.5434375,4.70161437988281
16.5467708333333,4.7040581703186
16.5501041666667,4.70632314682007
16.5534375,4.70846891403198
16.5567708333333,4.71043586730957
16.5601041666667,4.71228361129761
16.5634375,4.71395254135132
16.5667708333333,4.71550226211548
16.5701041666667,4.71687316894531
16.5734375,4.7181248664856
16.5767708333333,4.71919775009155
16.5801041666667,4.72009181976318
16.5834375,4.72080707550049
16.5867708333333,4.72134351730347
16.5901041666667,4.72170114517212
16.5934375,4.72182035446167
16.5967708333333,4.72176074981689
16.6001041666667,4.72152233123779
16.6034375,4.72110509872437
16.6067708333333,4.72050905227661
16.6101041666667,4.71991300582886
16.6134375,4.71919775009155
16.6167708333333,4.71848249435425
16.6201041666667,4.71776723861694
16.6234375,4.71711158752441
16.6267708333333,4.71651554107666
16.6301041666667,4.71597909927368
16.6334375,4.71550226211548
16.6367708333333,4.71514463424683
16.6401041666667,4.71490621566772
16.6434375,4.71484661102295
16.6467708333333,4.71484661102295
16.6501041666667,4.71502542495728
16.6534375,4.71532344818115
16.6567708333333,4.71574068069458
16.6601041666667,4.71633672714233
16.6634375,4.71699237823486
16.6667708333333,4.71770763397217
16.6701041666667,4.71842288970947
16.6734375,4.71913814544678
16.6767708333333,4.71979379653931
16.6801041666667,4.72038984298706
16.6834375,4.72092628479004
16.6867708333333,4.72134351730347
16.6901041666667,4.72176074981689
16.6934375,4.72211837768555
16.6967708333333,4.72241640090942
16.7001041666667,4.72283363342285
16.7034375,4.7231912612915
16.7067708333333,4.72366809844971
16.7101041666667,4.72420454025269
16.7134375,4.72474098205566
16.7167708333333,4.72533702850342
16.7201041666667,4.72593307495117
16.7234375,4.72652912139893
16.7267708333333,4.72700595855713
16.7301041666667,4.72742319107056
16.7334375,4.72772121429443
16.7367708333333,4.72784042358398
16.7401041666667,4.72790002822876
16.7434375,4.72772121429443
16.7467708333333,4.72742319107056
16.7501041666667,4.72694635391235
16.7534375,4.7263503074646
16.7567708333333,4.72557544708252
16.7601041666667,4.72462177276611
16.7634375,4.72360849380493
16.7667708333333,4.7224760055542
16.7701041666667,4.72134351730347
16.7734375,4.72009181976318
16.7767708333333,4.71889972686768
16.7801041666667,4.71770763397217
16.7834375,4.71657514572144
16.7867708333333,4.71538305282593
16.7901041666667,4.71413135528564
16.7934375,4.71293926239014
16.7967708333333,4.71162796020508
16.8001041666667,4.71031665802002
16.8034375,4.70894575119019
16.8067708333333,4.70757484436035
16.8101041666667,4.70620393753052
16.8134375,4.70483303070068
16.8167708333333,4.7035813331604
16.8201041666667,4.70244884490967
16.8234375,4.70149517059326
16.8267708333333,4.70077991485596
16.8301041666667,4.70030307769775
16.8334375,4.70006465911865
16.8367708333333,4.70012426376343
16.8401041666667,4.70048189163208
16.8434375,4.70107793807983
16.8467708333333,4.70191240310669
16.8501041666667,4.70298528671265
16.8534375,4.70429658889771
16.8567708333333,4.70572710037231
16.8601041666667,4.70733642578125
16.8634375,4.70906496047974
16.8667708333333,4.710853099823
16.8701041666667,4.71276044845581
16.8734375,4.71466779708862
16.8767708333333,4.71663475036621
16.8801041666667,4.71866130828857
16.8834375,4.72062826156616
16.8867708333333,4.72265481948853
16.8901041666667,4.72468137741089
16.8934375,4.72670793533325
16.8967708333333,4.72873449325562
16.9001041666667,4.73076105117798
16.9034375,4.73272800445557
16.9067708333333,4.73475456237793
16.9101041666667,4.73666191101074
16.9134375,4.73850965499878
16.9167708333333,4.74029779434204
16.9201041666667,4.74190711975098
16.9234375,4.74333763122559
16.9267708333333,4.74458932876587
16.9301041666667,4.7457218170166
16.9334375,4.74661588668823
16.9367708333333,4.74739074707031
16.9401041666667,4.74792718887329
16.9434375,4.74840402603149
16.9467708333333,4.74870204925537
16.9501041666667,4.74894046783447
16.9534375,4.7491192817688
16.9567708333333,4.74929809570313
16.9601041666667,4.74941730499268
16.9634375,4.74947690963745
16.9667708333333,4.74953651428223
16.9701041666667,4.74965572357178
16.9734375,4.74971532821655
16.9767708333333,4.74977493286133
16.9801041666667,4.74977493286133
16.9834375,4.7498345375061
16.9867708333333,4.7498345375061
16.9901041666667,4.7498345375061
16.9934375,4.74977493286133
16.9967708333333,4.74971532821655
17.0001041666667,4.74965572357178
17.0034375,4.749596118927
17.0067708333333,4.74953651428223
17.0101041666667,4.74947690963745
17.0134375,4.74947690963745
17.0167708333333,4.74947690963745
17.0201041666667,4.74965572357178
17.0234375,4.74995374679565
17.0267708333333,4.75037097930908
17.0301041666667,4.75096702575684
17.0334375,4.75180149078369
17.0367708333333,4.75287437438965
17.0401041666667,4.75412607192993
17.0434375,4.75567579269409
17.0467708333333,4.75740432739258
17.0501041666667,4.75937128067017
17.0534375,4.76157665252686
17.0567708333333,4.7639012336731
17.0601041666667,4.76640462875366
17.0634375,4.768967628479
17.0667708333333,4.7716498374939
17.0701041666667,4.77439165115356
17.0734375,4.77713346481323
17.0767708333333,4.7798752784729
17.0801041666667,4.78261709213257
17.0834375,4.78535890579224
17.0867708333333,4.7881007194519
17.0901041666667,4.7907829284668
17.0934375,4.79352474212646
17.0967708333333,4.79626655578613
17.1001041666667,4.7990083694458
17.1034375,4.80180978775024
17.1067708333333,4.80461120605469
17.1101041666667,4.80741262435913
17.1134375,4.81021404266357
17.1167708333333,4.81295585632324
17.1201041666667,4.81569766998291
17.1234375,4.8183798789978
17.1267708333333,4.82100248336792
17.1301041666667,4.82362508773804
17.1334375,4.8261284828186
17.1367708333333,4.82869148254395
17.1401041666667,4.83119487762451
17.1434375,4.83375787734985
17.1467708333333,4.8363208770752
17.1501041666667,4.83888387680054
17.1534375,4.84156608581543
17.1567708333333,4.84418869018555
17.1601041666667,4.84687089920044
17.1634375,4.84961271286011
17.1667708333333,4.85235452651978
17.1701041666667,4.85515594482422
17.1734375,4.85801696777344
17.1767708333333,4.86099720001221
17.1801041666667,4.86409664154053
17.1834375,4.8673152923584
17.1867708333333,4.87077236175537
17.1901041666667,4.87434864044189
17.1934375,4.87816333770752
17.1967708333333,4.88215684890747
17.2001041666667,4.88638877868652
17.2034375,4.89091873168945
17.2067708333333,4.89592552185059
17.2101041666667,4.90164756774902
17.2134375,4.90850210189819
17.2167708333333,4.91690635681152
17.2201041666667,4.92769479751587
17.2234375,4.94176149368286
17.2267708333333,4.96029853820801
17.2301041666667,4.98455762863159
17.2334375,5.01596927642822
17.2367708333333,5.05590438842773
17.2401041666667,5.10567426681519
17.2434375,5.16623258590698
17.2467708333333,5.23805618286133
17.2501041666667,5.3209662437439
17.2534375,5.41406869888306
17.2567708333333,5.51557540893555
17.2601041666667,5.62292337417603
17.2634375,5.73283433914185
17.2667708333333,5.84149360656738
17.2701041666667,5.94478845596313
17.2734375,6.03872537612915
17.2767708333333,6.11943006515503
17.2801041666667,6.183922290802
17.2834375,6.2299370765686
17.2867708333333,6.25616312026978
17.2901041666667,6.26242160797119
17.2934375,6.24948740005493
17.2967708333333,6.21896982192993
17.3001041666667,6.17313385009766
17.3034375,6.11472129821777
17.3067708333333,6.04671239852905
17.3101041666667,5.97202777862549
17.3134375,5.89340925216675
17.3167708333333,5.8133602142334
17.3201041666667,5.7339072227478
17.3234375,5.65671920776367
17.3267708333333,5.58304786682129
17.3301041666667,5.51378726959229
17.3334375,5.44941425323486
17.3367708333333,5.39016723632813
17.3401041666667,5.33616542816162
17.3434375,5.2872896194458
17.3467708333333,5.24336099624634
17.3501041666667,5.20402193069458
17.3534375,5.16903400421143
17.3567708333333,5.13803958892822
17.3601041666667,5.11068105697632
17.3634375,5.08671998977661
17.3667708333333,5.06573915481567
17.3701041666667,5.0475001335144
17.3734375,5.03170490264893
17.3767708333333,5.01811504364014
17.3801041666667,5.00649213790894
17.3834375,4.99659776687622
17.3867708333333,4.98825311660767
17.3901041666667,4.98127937316895
17.3934375,4.97543811798096
17.3967708333333,4.9707293510437
17.4001041666667,4.96691465377808
17.4034375,4.96399402618408
17.4067708333333,4.96184825897217
17.4101041666667,4.96035814285278
17.4134375,4.95940446853638
17.4167708333333,4.95904684066772
17.4201041666667,4.9591064453125
17.4234375,4.95952367782593
17.4267708333333,4.96035814285278
17.4301041666667,4.96137142181396
17.4334375,4.96268272399902
17.4367708333333,4.96417284011841
17.4401041666667,4.96578216552734
17.4434375,4.96757030487061
17.4467708333333,4.96947765350342
17.4501041666667,4.97144460678101
17.4534375,4.97347116470337
17.4567708333333,4.97555732727051
17.4601041666667,4.97758388519287
17.4634375,4.97955083847046
17.4667708333333,4.98145818710327
17.4701041666667,4.98324632644653
17.4734375,4.98485565185547
17.4767708333333,4.98628616333008
17.4801041666667,4.98747825622559
17.4834375,4.98843193054199
17.4867708333333,4.98908758163452
17.4901041666667,4.98950481414795
17.4934375,4.9896240234375
17.4967708333333,4.98956441879272
17.5001041666667,4.98920679092407
17.5034375,4.98867034912109
17.5067708333333,4.98795509338379
17.5101041666667,4.98706102371216
17.5134375,4.9859881401062
17.5167708333333,4.98485565185547
17.5201041666667,4.98366355895996
17.5234375,4.9823522567749
17.5267708333333,4.98110055923462
17.5301041666667,4.97990846633911
17.5334375,4.97883558273315
17.5367708333333,4.97788190841675
17.5401041666667,4.97716665267944
17.5434375,4.97668981552124
17.5467708333333,4.97639179229736
17.5501041666667,4.97639179229736
17.5534375,4.97657060623169
17.5567708333333,4.97692823410034
17.5601041666667,4.97746467590332
17.5634375,4.97806072235107
17.5667708333333,4.97883558273315
17.5701041666667,4.97967004776001
17.5734375,4.98050451278687
17.5767708333333,4.9813985824585
17.5801041666667,4.98229265213013
17.5834375,4.98324632644653
17.5867708333333,4.98420000076294
17.5901041666667,4.98515367507935
17.5934375,4.98610734939575
17.5967708333333,4.98700141906738
17.6001041666667,4.98789548873901
17.6034375,4.98867034912109
17.6067708333333,4.98950481414795
17.6101041666667,4.99039888381958
17.6134375,4.99147176742554
17.6167708333333,4.99290227890015
17.6201041666667,4.99492883682251
17.6234375,4.99790906906128
17.6267708333333,5.00231981277466
17.6301041666667,5.00869750976563
17.6334375,5.01775741577148
17.6367708333333,5.03021478652954
17.6401041666667,5.04696369171143
17.6434375,5.06871938705444
17.6467708333333,5.0961971282959
17.6501041666667,5.12999296188354
17.6534375,5.17046451568604
17.6567708333333,5.21761178970337
17.6601041666667,5.27107715606689
17.6634375,5.33002614974976
17.6667708333333,5.39320707321167
17.6701041666667,5.45907020568848
17.6734375,5.52558898925781
17.6767708333333,5.59067726135254
17.6801041666667,5.65201044082642
17.6834375,5.70744276046753
17.6867708333333,5.75506687164307
17.6901041666667,5.79327344894409
17.6934375,5.82093000411987
17.6967708333333,5.83750009536743
17.7001041666667,5.84298372268677
17.7034375,5.83767890930176
17.7067708333333,5.82253932952881
17.7101041666667,5.79875707626343
17.7134375,5.767822265625
17.7167708333333,5.73122501373291
17.7201041666667,5.69057464599609
17.7234375,5.64736127853394
17.7267708333333,5.60283660888672
17.7301041666667,5.55825233459473
17.7334375,5.51450252532959
17.7367708333333,5.47236204147339
17.7401041666667,5.43230772018433
17.7434375,5.39475679397583
17.7467708333333,5.359947681427
17.7501041666667,5.32793998718262
17.7534375,5.29879331588745
17.7567708333333,5.27238845825195
17.7601041666667,5.24866580963135
17.7634375,5.22738695144653
17.7667708333333,5.20843267440796
17.7701041666667,5.19156455993652
17.7734375,5.17666339874268
17.7767708333333,5.16343116760254
17.7801041666667,5.15168905258179
17.7834375,5.14137744903564
17.7867708333333,5.13219833374023
17.7901041666667,5.12409210205078
17.7934375,5.11693954467773
17.7967708333333,5.11074066162109
17.8001041666667,5.10525703430176
17.8034375,5.10048866271973
17.8067708333333,5.09631633758545
17.8101041666667,5.09274005889893
17.8134375,5.08958101272583
17.8167708333333,5.08683919906616
17.8201041666667,5.08439540863037
17.8234375,5.08213043212891
17.8267708333333,5.08010387420654
17.8301041666667,5.07819652557373
17.8334375,5.07646799087524
17.8367708333333,5.07485866546631
17.8401041666667,5.0734281539917
17.8434375,5.07217645645142
17.8467708333333,5.07116317749023
17.8501041666667,5.07044792175293
17.8534375,5.0700306892395
17.8567708333333,5.06991147994995
17.8601041666667,5.0700306892395
17.8634375,5.07050752639771
17.8667708333333,5.07116317749023
17.8701041666667,5.07211685180664
17.8734375,5.07324934005737
17.8767708333333,5.07456064224243
17.8801041666667,5.07611036300659
17.8834375,5.0777792930603
17.8867708333333,5.07968664169312
17.8901041666667,5.0816535949707
17.8934375,5.08379936218262
17.8967708333333,5.08600473403931
17.9001041666667,5.08826971054077
17.9034375,5.09059429168701
17.9067708333333,5.09285926818848
17.9101041666667,5.09506464004517
17.9134375,5.09721040725708
17.9167708333333,5.09923696517944
17.9201041666667,5.10120391845703
17.9234375,5.10305166244507
17.9267708333333,5.10483980178833
17.9301041666667,5.10650873184204
17.9334375,5.10811805725098
17.9367708333333,5.10960817337036
17.9401041666667,5.1109790802002
17.9434375,5.11223077774048
17.9467708333333,5.11330366134644
17.9501041666667,5.11419773101807
17.9534375,5.1148533821106
17.9567708333333,5.1153302192688
17.9601041666667,5.11562824249268
17.9634375,5.115807056427
17.9667708333333,5.115807056427
17.9701041666667,5.11574745178223
17.9734375,5.1155686378479
17.9767708333333,5.1153302192688
17.9801041666667,5.1150918006897
17.9834375,5.1148533821106
17.9867708333333,5.11455535888672
17.9901041666667,5.11419773101807
17.9934375,5.11378049850464
17.9967708333333,5.11336326599121
18.0001041666667,5.11294603347778
18.0034375,5.11258840560913
18.0067708333333,5.11229038238525
18.0101041666667,5.11205196380615
18.0134375,5.11199235916138
18.0167708333333,5.11199235916138
18.0201041666667,5.1121711730957
18.0234375,5.11252880096436
18.0267708333333,5.11306524276733
18.0301041666667,5.11378049850464
18.0334375,5.11461496353149
18.0367708333333,5.11568784713745
18.0401041666667,5.11687994003296
18.0434375,5.11831045150757
18.0467708333333,5.1199197769165
18.0501041666667,5.12164831161499
18.0534375,5.1235556602478
18.0567708333333,5.12558221817017
18.0601041666667,5.12772798538208
18.0634375,5.12993335723877
18.0667708333333,5.13219833374023
18.0701041666667,5.13452291488647
18.0734375,5.13696670532227
18.0767708333333,5.13941049575806
18.0801041666667,5.14191389083862
18.0834375,5.14453649520874
18.0867708333333,5.14727830886841
18.0901041666667,5.15007972717285
18.0934375,5.15305995941162
18.0967708333333,5.15609979629517
18.1001041666667,5.15931844711304
18.1034375,5.16265630722046
18.1067708333333,5.16599416732788
18.1101041666667,5.16939163208008
18.1134375,5.17278909683228
18.1167708333333,5.17606735229492
18.1201041666667,5.17922639846802
18.1234375,5.18220663070679
18.1267708333333,5.18500804901123
18.1301041666667,5.18769025802612
18.1334375,5.19019365310669
18.1367708333333,5.19263744354248
18.1401041666667,5.1950216293335
18.1434375,5.19740581512451
18.1467708333333,5.19979000091553
18.1501041666667,5.20217418670654
18.1534375,5.20461797714233
18.1567708333333,5.20700216293335
18.1601041666667,5.20932674407959
18.1634375,5.21159172058105
18.1667708333333,5.21373748779297
18.1701041666667,5.21570444107056
18.1734375,5.21749258041382
18.1767708333333,5.21910190582275
18.1801041666667,5.22053241729736
18.1834375,5.22178411483765
18.1867708333333,5.22291660308838
18.1901041666667,5.22387027740479
18.1934375,5.22470474243164
18.1967708333333,5.22536039352417
18.2001041666667,5.22583723068237
18.2034375,5.22619485855103
18.2067708333333,5.22631406784058
18.2101041666667,5.22631406784058
18.2134375,5.22607564926147
18.2167708333333,5.22571802139282
18.2201041666667,5.22512197494507
18.2234375,5.22434711456299
18.2267708333333,5.22345304489136
18.2301041666667,5.22243976593018
18.2334375,5.22130727767944
18.2367708333333,5.21999597549438
18.2401041666667,5.21862506866455
18.2434375,5.21707534790039
18.2467708333333,5.21540641784668
18.2501041666667,5.21355867385864
18.2534375,5.21159172058105
18.2567708333333,5.20944595336914
18.2601041666667,5.20724058151245
18.2634375,5.20491600036621
18.2667708333333,5.2025318145752
18.2701041666667,5.2000880241394
18.2734375,5.19764423370361
18.2767708333333,5.1952600479126
18.2801041666667,5.19299507141113
18.2834375,5.19078969955444
18.2867708333333,5.18876314163208
18.2901041666667,5.18691539764404
18.2934375,5.18530607223511
18.2967708333333,5.18393516540527
18.3001041666667,5.18274307250977
18.3034375,5.18178939819336
18.3067708333333,5.18107414245605
18.3101041666667,5.18059730529785
18.3134375,5.18018007278442
18.3167708333333,5.1800012588501
18.3201041666667,5.17982244491577
18.3234375,5.17982244491577
18.3267708333333,5.17982244491577
18.3301041666667,5.17994165420532
18.3334375,5.18018007278442
18.3367708333333,5.18053770065308
18.3401041666667,5.18101453781128
18.3434375,5.18161058425903
18.3467708333333,5.18238544464111
18.3501041666667,5.18327951431274
18.3534375,5.1843523979187
18.3567708333333,5.18554449081421
18.3601041666667,5.18691539764404
18.3634375,5.18834590911865
18.3667708333333,5.18989562988281
18.3701041666667,5.19150495529175
18.3734375,5.19323348999023
18.3767708333333,5.19496202468872
18.3801041666667,5.19675016403198
18.3834375,5.19859790802002
18.3867708333333,5.20050525665283
18.3901041666667,5.20247220993042
18.3934375,5.20449876785278
18.3967708333333,5.2066445350647
18.4001041666667,5.20879030227661
18.4034375,5.2109956741333
18.4067708333333,5.21332025527954
18.4101041666667,5.21564483642578
18.4134375,5.21808862686157
18.4167708333333,5.22059202194214
18.4201041666667,5.22315502166748
18.4234375,5.2257776260376
18.4267708333333,5.22845983505249
18.4301041666667,5.23126125335693
18.4334375,5.23412227630615
18.4367708333333,5.23704290390015
18.4401041666667,5.23996353149414
18.4434375,5.24294376373291
18.4467708333333,5.2458643913269
18.4501041666667,5.2487850189209
18.4534375,5.25176525115967
18.4567708333333,5.25462627410889
18.4601041666667,5.25748729705811
18.4634375,5.26028871536255
18.4667708333333,5.26297092437744
18.4701041666667,5.26553392410278
18.4734375,5.26803731918335
18.4767708333333,5.27030229568481
18.4801041666667,5.27244806289673
18.4834375,5.27441501617432
18.4867708333333,5.2761435508728
18.4901041666667,5.27769327163696
18.4934375,5.2790641784668
18.4967708333333,5.2802562713623
18.5001041666667,5.28132915496826
18.5034375,5.28234243392944
18.5067708333333,5.2831768989563
18.5101041666667,5.28401136398315
18.5134375,5.28466701507568
18.5167708333333,5.28526306152344
18.5201041666667,5.28573989868164
18.5234375,5.28603792190552
18.5267708333333,5.28621673583984
18.5301041666667,5.28615713119507
18.5334375,5.28597831726074
18.5367708333333,5.28556108474731
18.5401041666667,5.28508424758911
18.5434375,5.28442859649658
18.5467708333333,5.28377294540405
18.5501041666667,5.28305768966675
18.5534375,5.28234243392944
18.5567708333333,5.28168678283691
18.5601041666667,5.28109073638916
18.5634375,5.28067350387573
18.5667708333333,5.28031587600708
18.5701041666667,5.2800178527832
18.5734375,5.27983903884888
18.5767708333333,5.2797794342041
18.5801041666667,5.27971982955933
18.5834375,5.27971982955933
18.5867708333333,5.2797794342041
18.5901041666667,5.27989864349365
18.5934375,5.27995824813843
18.5967708333333,5.28013706207275
18.6001041666667,5.28031587600708
18.6034375,5.28049468994141
18.6067708333333,5.28073310852051
18.6101041666667,5.28091192245483
18.6134375,5.28115034103394
18.6167708333333,5.28138875961304
18.6201041666667,5.28156757354736
18.6234375,5.28174638748169
18.6267708333333,5.28192520141602
18.6301041666667,5.28204441070557
18.6334375,5.28222322463989
18.6367708333333,5.28234243392944
18.6401041666667,5.28246164321899
18.6434375,5.28258085250854
18.6467708333333,5.2827000617981
18.6501041666667,5.28287887573242
18.6534375,5.28311729431152
18.6567708333333,5.2834153175354
18.6601041666667,5.28383255004883
18.6634375,5.28430938720703
18.6667708333333,5.28496503829956
18.6701041666667,5.28573989868164
18.6734375,5.28675317764282
18.6767708333333,5.28794527053833
18.6801041666667,5.28943538665771
18.6834375,5.2911639213562
18.6867708333333,5.29319047927856
18.6901041666667,5.29545545578003
18.6934375,5.29801845550537
18.6967708333333,5.30087947845459
18.7001041666667,5.30391931533813
18.7034375,5.30719757080078
18.7067708333333,5.31065464019775
18.7101041666667,5.31423091888428
18.7134375,5.31792640686035
18.7167708333333,5.3216814994812
18.7201041666667,5.32549619674683
18.7234375,5.32931089401245
18.7267708333333,5.33318519592285
18.7301041666667,5.33699989318848
18.7334375,5.3408145904541
18.7367708333333,5.34462928771973
18.7401041666667,5.34838438034058
18.7434375,5.35207986831665
18.7467708333333,5.35571575164795
18.7501041666667,5.35917282104492
18.7534375,5.36245107650757
18.7567708333333,5.36555051803589
18.7601041666667,5.36841154098511
18.7634375,5.37109375
18.7667708333333,5.37353754043579
18.7701041666667,5.37574291229248
18.7734375,5.37782907485962
18.7767708333333,5.37973642349243
18.7801041666667,5.38146495819092
18.7834375,5.38301467895508
18.7867708333333,5.38444519042969
18.7901041666667,5.38569688796997
18.7934375,5.38671016693115
18.7967708333333,5.38754463195801
18.8001041666667,5.38802146911621
18.8034375,5.38831949234009
18.8067708333333,5.38825988769531
18.8101041666667,5.38802146911621
18.8134375,5.38754463195801
18.8167708333333,5.38688898086548
18.8201041666667,5.38605451583862
18.8234375,5.38516044616699
18.8267708333333,5.38420677185059
18.8301041666667,5.38313388824463
18.8334375,5.3820013999939
18.8367708333333,5.38074970245361
18.8401041666667,5.37943840026855
18.8434375,5.37800788879395
18.8467708333333,5.37645816802979
18.8501041666667,5.3749680519104
18.8534375,5.37341833114624
18.8567708333333,5.37198781967163
18.8601041666667,5.3706169128418
18.8634375,5.36942481994629
18.8667708333333,5.36841154098511
18.8701041666667,5.36763668060303
18.8734375,5.36715984344482
18.8767708333333,5.36686182022095
18.8801041666667,5.36686182022095
18.8834375,5.36710023880005
18.8867708333333,5.36757707595825
18.8901041666667,5.36829233169556
18.8934375,5.36918640136719
18.8967708333333,5.37031888961792
18.9001041666667,5.3715705871582
18.9034375,5.37306070327759
18.9067708333333,5.37461042404175
18.9101041666667,5.37639856338501
18.9134375,5.37824630737305
18.9167708333333,5.38027286529541
18.9201041666667,5.3824782371521
18.9234375,5.38474321365356
18.9267708333333,5.38724660873413
18.9301041666667,5.38980960845947
18.9334375,5.39255142211914
18.9367708333333,5.39535284042358
18.9401041666667,5.3982138633728
18.9434375,5.4011344909668
18.9467708333333,5.40405511856079
18.9501041666667,5.40685653686523
18.9534375,5.40953874588013
18.9567708333333,5.41210174560547
18.9601041666667,5.41454553604126
18.9634375,5.41681051254272
18.9667708333333,5.41883707046509
18.9701041666667,5.4207444190979
18.9734375,5.42247295379639
18.9767708333333,5.42408227920532
18.9801041666667,5.42551279067993
18.9834375,5.42682409286499
18.9867708333333,5.42807579040527
18.9901041666667,5.42926788330078
18.9934375,5.43045997619629
18.9967708333333,5.43171167373657
19.0001041666667,5.43302297592163
19.0034375,5.43439388275146
19.0067708333333,5.43582439422607
19.0101041666667,5.43731451034546
19.0134375,5.43886423110962
19.0167708333333,5.44029474258423
19.0201041666667,5.44172525405884
19.0234375,5.44297695159912
19.0267708333333,5.44416904449463
19.0301041666667,5.44524192810059
19.0334375,5.44625520706177
19.0367708333333,5.44720888137817
19.0401041666667,5.44816255569458
19.0434375,5.44917583465576
19.0467708333333,5.45024871826172
19.0501041666667,5.45132160186768
19.0534375,5.45251369476318
19.0567708333333,5.45370578765869
19.0601041666667,5.4548978805542
19.0634375,5.45603036880493
19.0667708333333,5.45710325241089
19.0701041666667,5.45811653137207
19.0734375,5.45907020568848
19.0767708333333,5.45996427536011
19.0801041666667,5.46079874038696
19.0834375,5.46169281005859
19.0867708333333,5.46252727508545
19.0901041666667,5.46342134475708
19.0934375,5.46437501907349
19.0967708333333,5.46526908874512
19.1001041666667,5.4662823677063
19.1034375,5.46723604202271
19.1067708333333,5.46824932098389
19.1101041666667,5.46926259994507
19.1134375,5.47033548355103
19.1167708333333,5.47146797180176
19.1201041666667,5.47266006469727
19.1234375,5.47391176223755
19.1267708333333,5.47522306442261
19.1301041666667,5.47665357589722
19.1334375,5.47808408737183
19.1367708333333,5.47957420349121
19.1401041666667,5.4810643196106
19.1434375,5.48255443572998
19.1467708333333,5.48404455184937
19.1501041666667,5.4854154586792
19.1534375,5.48666715621948
19.1567708333333,5.48785924911499
19.1601041666667,5.48893213272095
19.1634375,5.48982620239258
19.1667708333333,5.49066066741943
19.1701041666667,5.49137592315674
19.1734375,5.49203157424927
19.1767708333333,5.49262762069702
19.1801041666667,5.49322366714478
19.1834375,5.49381971359253
19.1867708333333,5.49447536468506
19.1901041666667,5.49513101577759
19.1934375,5.49584627151489
19.1967708333333,5.49662113189697
19.2001041666667,5.49745559692383
19.2034375,5.49840927124023
19.2067708333333,5.49942255020142
19.2101041666667,5.50055503845215
19.2134375,5.50186634063721
19.2167708333333,5.50329685211182
19.2201041666667,5.50496578216553
19.2234375,5.50675392150879
19.2267708333333,5.50872087478638
19.2301041666667,5.51086664199829
19.2334375,5.51313161849976
19.2367708333333,5.515456199646
19.2401041666667,5.51778078079224
19.2434375,5.52010536193848
19.2467708333333,5.52237033843994
19.2501041666667,5.52457571029663
19.2534375,5.52678108215332
19.2567708333333,5.52892684936523
19.2601041666667,5.53107261657715
19.2634375,5.53327798843384
19.2667708333333,5.5355429649353
19.2701041666667,5.53780794143677
19.2734375,5.54013252258301
19.2767708333333,5.54245710372925
19.2801041666667,5.54466247558594
19.2834375,5.54674863815308
19.2867708333333,5.54847717285156
19.2901041666667,5.5498480796814
19.2934375,5.5508017539978
19.2967708333333,5.55121898651123
19.3001041666667,5.5510401725769
19.3034375,5.5503249168396
19.3067708333333,5.54913282394409
19.3101041666667,5.54740428924561
19.3134375,5.54531812667847
19.3167708333333,5.54293394088745
19.3201041666667,5.54037094116211
19.3234375,5.53774833679199
19.3267708333333,5.53518533706665
19.3301041666667,5.53274154663086
19.3334375,5.53053617477417
19.3367708333333,5.52862882614136
19.3401041666667,5.52713871002197
19.3434375,5.52606582641602
19.3467708333333,5.52552938461304
19.3501041666667,5.52541017532349
19.3534375,5.52582740783691
19.3567708333333,5.52678108215332
19.3601041666667,5.52815198898315
19.3634375,5.52999973297119
19.3667708333333,5.53232431411743
19.3701041666667,5.5350661277771
19.3734375,5.53816556930542
19.3767708333333,5.54156303405762
19.3801041666667,5.54525852203369
19.3834375,5.54925203323364
19.3867708333333,5.55336475372314
19.3901041666667,5.5575966835022
19.3934375,5.5619478225708
19.3967708333333,5.56617975234985
19.4001041666667,5.57029247283936
19.4034375,5.57422637939453
19.4067708333333,5.57786226272583
19.4101041666667,5.5810809135437
19.4134375,5.58388233184814
19.4167708333333,5.58620691299438
19.4201041666667,5.58805465698242
19.4234375,5.58936595916748
19.4267708333333,5.59020042419434
19.4301041666667,5.59061765670776
19.4334375,5.59061765670776
19.4367708333333,5.59037923812866
19.4401041666667,5.58990240097046
19.4434375,5.58930635452271
19.4467708333333,5.5885910987854
19.4501041666667,5.5878758430481
19.4534375,5.58722019195557
19.4567708333333,5.58668375015259
19.4601041666667,5.58620691299438
19.4634375,5.58590888977051
19.4667708333333,5.58567047119141
19.4701041666667,5.58567047119141
19.4734375,5.58573007583618
19.4767708333333,5.58596849441528
19.4801041666667,5.58626651763916
19.4834375,5.58674335479736
19.4867708333333,5.58722019195557
19.4901041666667,5.58775663375854
19.4934375,5.5883526802063
19.4967708333333,5.58900833129883
19.5001041666667,5.58966398239136
19.5034375,5.59031963348389
19.5067708333333,5.59097528457642
19.5101041666667,5.59169054031372
19.5134375,5.59240579605103
19.5167708333333,5.59318065643311
19.5201041666667,5.59395551681519
19.5234375,5.59478998184204
19.5267708333333,5.59574365615845
19.5301041666667,5.59675693511963
19.5334375,5.59782981872559
19.5367708333333,5.59902191162109
19.5401041666667,5.60039281845093
19.5434375,5.60182332992554
19.5467708333333,5.60349225997925
19.5501041666667,5.60539960861206
19.5534375,5.6074857711792
19.5567708333333,5.60981035232544
19.5601041666667,5.61243295669556
19.5634375,5.61535358428955
19.5667708333333,5.61857223510742
19.5701041666667,5.62208890914917
19.5734375,5.62596321105957
19.5767708333333,5.63007593154907
19.5801041666667,5.63454627990723
19.5834375,5.63913583755493
19.5867708333333,5.64396381378174
19.5901041666667,5.64885139465332
19.5934375,5.65361976623535
19.5967708333333,5.65832853317261
19.6001041666667,5.66262006759644
19.6034375,5.66649436950684
19.6067708333333,5.66977262496948
19.6101041666667,5.67233562469482
19.6134375,5.67418336868286
19.6167708333333,5.67519664764404
19.6201041666667,5.67537546157837
19.6234375,5.67489862442017
19.6267708333333,5.67370653152466
19.6301041666667,5.67197799682617
19.6334375,5.66983222961426
19.6367708333333,5.66738843917847
19.6401041666667,5.6648850440979
19.6434375,5.66226243972778
19.6467708333333,5.65975904464722
19.6501041666667,5.65731525421143
19.6534375,5.65510988235474
19.6567708333333,5.65308332443237
19.6601041666667,5.65135478973389
19.6634375,5.64980506896973
19.6667708333333,5.64861297607422
19.6701041666667,5.64765930175781
19.6734375,5.64694404602051
19.6767708333333,5.64658641815186
19.6801041666667,5.6464672088623
19.6834375,5.64658641815186
19.6867708333333,5.64700365066528
19.6901041666667,5.64759969711304
19.6934375,5.64837455749512
19.6967708333333,5.6493878364563
19.7001041666667,5.65069913864136
19.7034375,5.65236806869507
19.7067708333333,5.65463304519653
19.7101041666667,5.65791130065918
19.7134375,5.66291809082031
19.7167708333333,5.67090511322021
19.7201041666667,5.68383932113647
19.7234375,5.70482015609741
19.7267708333333,5.73831796646118
19.7301041666667,5.79065084457397
19.7334375,5.87016344070435
19.7367708333333,5.98752498626709
19.7401041666667,6.15525245666504
19.7434375,6.38741254806519
19.7467708333333,6.69848918914795
19.7501041666667,7.10219144821167
19.7534375,7.60936737060547
19.7567708333333,8.22669267654419
19.7601041666667,8.95428657531738
19.7634375,9.78481769561768
19.7667708333333,10.7023119926453
19.7701041666667,11.6823315620422
19.7734375,12.692928314209
19.7767708333333,13.6963725090027
19.7801041666667,14.6517157554626
19.7834375,15.5181884765625
19.7867708333333,16.2579417228699
19.7901041666667,16.8395638465881
19.7934375,17.2399282455444
19.7967708333333,17.4460411071777
19.8001041666667,17.455518245697
19.8034375,17.2762274742126
19.8067708333333,16.9249176979065
19.8101041666667,16.4254903793335
19.8134375,15.8064365386963
19.8167708333333,15.0988101959229
19.8201041666667,14.3335461616516
19.8234375,13.5399103164673
19.8267708333333,12.7440690994263
19.8301041666667,11.9678378105164
19.8334375,11.2285017967224
19.8367708333333,10.5387568473816
19.8401041666667,9.90688800811768
19.8434375,9.33724641799927
19.8467708333333,8.83102416992188
19.8501041666667,8.38685035705566
19.8534375,8.00144672393799
19.8567708333333,7.67046213150024
19.8601041666667,7.38853216171265
19.8634375,7.15023279190063
19.8667708333333,6.9500207901001
19.8701041666667,6.78271055221558
19.8734375,6.64335489273071
19.8767708333333,6.5276026725769
19.8801041666667,6.43163919448853
19.8834375,6.35212659835815
19.8867708333333,6.28620386123657
19.8901041666667,6.23142719268799
19.8934375,6.18577003479004
19.8967708333333,6.14762306213379
19.9001041666667,6.11555576324463
19.9034375,6.0884952545166
19.9067708333333,6.0654878616333
19.9101041666667,6.04581832885742
19.9134375,6.02883100509644
19.9167708333333,6.01398944854736
19.9201041666667,6.00099563598633
19.9234375,5.9894323348999
19.9267708333333,5.97906112670898
19.9301041666667,5.96964359283447
19.9334375,5.96112012863159
19.9367708333333,5.95331192016602
19.9401041666667,5.94615936279297
19.9434375,5.93960285186768
19.9467708333333,5.93364238739014
19.9501041666667,5.92827796936035
19.9534375,5.92344999313354
19.9567708333333,5.91915845870972
19.9601041666667,5.91534376144409
19.9634375,5.91194629669189
19.9667708333333,5.90890645980835
19.9701041666667,5.90616464614868
19.9734375,5.90366125106812
19.9767708333333,5.9012770652771
19.9801041666667,5.89901208877563
19.9834375,5.89680671691895
19.9867708333333,5.89466094970703
19.9901041666667,5.89257478713989
19.9934375,5.89048862457275
19.9967708333333,5.88852167129517
20.0001041666667,5.8864951133728
20.0034375,5.88458776473999
20.0067708333333,5.88274002075195
20.0101041666667,5.88095188140869
20.0134375,5.87916374206543
20.0167708333333,5.87743520736694
20.0201041666667,5.87576627731323
20.0234375,5.8741569519043
20.0267708333333,5.87260723114014
20.0301041666667,5.87111711502075
20.0334375,5.86980581283569
20.0367708333333,5.86861371994019
20.0401041666667,5.86754083633423
20.0434375,5.86658716201782
20.0467708333333,5.86575269699097
20.0501041666667,5.86497783660889
20.0534375,5.86432218551636
20.0567708333333,5.8637261390686
20.0601041666667,5.86313009262085
20.0634375,5.8625340461731
20.0667708333333,5.86193799972534
20.0701041666667,5.86140155792236
20.0734375,5.86080551147461
20.0767708333333,5.86026906967163
20.0801041666667,5.85973262786865
20.0834375,5.85931539535522
20.0867708333333,5.85895776748657
20.0901041666667,5.85877895355225
20.0934375,5.8586597442627
20.0967708333333,5.8586597442627
20.1001041666667,5.85883855819702
20.1034375,5.8591365814209
20.1067708333333,5.85949420928955
20.1101041666667,5.85997104644775
20.1134375,5.86056709289551
20.1167708333333,5.86116313934326
20.1201041666667,5.86187839508057
20.1234375,5.86259365081787
20.1267708333333,5.86336851119995
20.1301041666667,5.86414337158203
20.1334375,5.86497783660889
20.1367708333333,5.86575269699097
20.1401041666667,5.86658716201782
20.1434375,5.8673620223999
20.1467708333333,5.86813688278198
20.1501041666667,5.86891174316406
20.1534375,5.86962699890137
20.1567708333333,5.8702826499939
20.1601041666667,5.87093830108643
20.1634375,5.87153434753418
20.1667708333333,5.87218999862671
20.1701041666667,5.87284564971924
20.1734375,5.87356090545654
20.1767708333333,5.87427616119385
20.1801041666667,5.87499141693115
20.1834375,5.87576627731323
20.1867708333333,5.87654113769531
20.1901041666667,5.87725639343262
20.1934375,5.87785243988037
20.1967708333333,5.87838888168335
20.2001041666667,5.87880611419678
20.2034375,5.8789849281311
20.2067708333333,5.87904453277588
20.2101041666667,5.87886571884155
20.2134375,5.87856769561768
20.2167708333333,5.87809085845947
20.2201041666667,5.87743520736694
20.2234375,5.87666034698486
20.2267708333333,5.87576627731323
20.2301041666667,5.87475299835205
20.2334375,5.87373971939087
20.2367708333333,5.87266683578491
20.2401041666667,5.87165355682373
20.2434375,5.8707594871521
20.2467708333333,5.86992502212524
20.2501041666667,5.86932897567749
20.2534375,5.86897134780884
20.2567708333333,5.86885213851929
20.2601041666667,5.86903095245361
20.2634375,5.86944818496704
20.2667708333333,5.87016344070435
20.2701041666667,5.87105751037598
20.2734375,5.87218999862671
20.2767708333333,5.87356090545654
20.2801041666667,5.87505102157593
20.2834375,5.87677955627441
20.2867708333333,5.87868690490723
20.2901041666667,5.88077306747437
20.2934375,5.88303804397583
20.2967708333333,5.88548183441162
20.3001041666667,5.88810443878174
20.3034375,5.89084625244141
20.3067708333333,5.89364767074585
20.3101041666667,5.89656829833984
20.3134375,5.89948892593384
20.3167708333333,5.90246915817261
20.3201041666667,5.90533018112183
20.3234375,5.90813159942627
20.3267708333333,5.91081380844116
20.3301041666667,5.9133768081665
20.3334375,5.91582059860229
20.3367708333333,5.91808557510376
20.3401041666667,5.92023134231567
20.3434375,5.92213869094849
20.3467708333333,5.92386722564697
20.3501041666667,5.92535734176636
20.3534375,5.92660903930664
20.3567708333333,5.92762231826782
20.3601041666667,5.92845678329468
20.3634375,5.92911243438721
20.3667708333333,5.92958927154541
20.3701041666667,5.92994689941406
20.3734375,5.93018531799316
20.3767708333333,5.93030452728271
20.3801041666667,5.93036413192749
20.3834375,5.93036413192749
20.3867708333333,5.93024492263794
20.3901041666667,5.93006610870361
20.3934375,5.92970848083496
20.3967708333333,5.92923164367676
20.4001041666667,5.928635597229
20.4034375,5.92786073684692
20.4067708333333,5.92702627182007
20.4101041666667,5.92613220214844
20.4134375,5.92517852783203
20.4167708333333,5.92416524887085
20.4201041666667,5.92315196990967
20.4234375,5.92225790023804
20.4267708333333,5.92142343521118
20.4301041666667,5.92070817947388
20.4334375,5.92011213302612
20.4367708333333,5.9196949005127
20.4401041666667,5.91951608657837
20.4434375,5.91957569122314
20.4467708333333,5.9199333190918
20.4501041666667,5.92046976089478
20.4534375,5.92124462127686
20.4567708333333,5.92225790023804
20.4601041666667,5.92339038848877
20.4634375,5.92464208602905
20.4667708333333,5.92589378356934
20.4701041666667,5.92714548110962
20.4734375,5.92827796936035
20.4767708333333,5.92929124832153
20.4801041666667,5.93018531799316
20.4834375,5.93090057373047
20.4867708333333,5.931556224823
20.4901041666667,5.93215227127075
20.4934375,5.93262910842896
20.4967708333333,5.93316555023193
20.5001041666667,5.93376159667969
20.5034375,5.93441724777222
20.5067708333333,5.93513250350952
20.5101041666667,5.93596696853638
20.5134375,5.93686103820801
20.5167708333333,5.93787431716919
20.5201041666667,5.93900680541992
20.5234375,5.94019889831543
20.5267708333333,5.94145059585571
20.5301041666667,5.94282150268555
20.5334375,5.94419240951538
20.5367708333333,5.94556331634521
20.5401041666667,5.94693422317505
20.5434375,5.94830513000488
20.5467708333333,5.94955682754517
20.5501041666667,5.9506893157959
20.5534375,5.95170259475708
20.5567708333333,5.95247745513916
20.5601041666667,5.95319271087646
20.5634375,5.95378875732422
20.5667708333333,5.95426559448242
20.5701041666667,5.95468282699585
20.5734375,5.95515966415405
20.5767708333333,5.95563650131226
20.5801041666667,5.95617294311523
20.5834375,5.95676898956299
20.5867708333333,5.95748424530029
20.5901041666667,5.95825910568237
20.5934375,5.95909357070923
20.5967708333333,5.95992803573608
20.6001041666667,5.96082210540771
20.6034375,5.96171617507935
20.6067708333333,5.96272945404053
20.6101041666667,5.96374273300171
20.6134375,5.96493482589722
20.6167708333333,5.96624612808228
20.6201041666667,5.96767663955688
20.6234375,5.96928596496582
20.6267708333333,5.97107410430908
20.6301041666667,5.97304105758667
20.6334375,5.97524642944336
20.6367708333333,5.9775710105896
20.6401041666667,5.98001480102539
20.6434375,5.98269701004028
20.6467708333333,5.98549842834473
20.6501041666667,5.9884786605835
20.6534375,5.99157810211182
20.6567708333333,5.99479675292969
20.6601041666667,5.99807500839233
20.6634375,6.00147247314453
20.6667708333333,6.00486993789673
20.6701041666667,6.00820779800415
20.6734375,6.01154565811157
20.6767708333333,6.01482391357422
20.6801041666667,6.01804256439209
20.6834375,6.02114200592041
20.6867708333333,6.02412223815918
20.6901041666667,6.0269832611084
20.6934375,6.02972507476807
20.6967708333333,6.03228807449341
20.7001041666667,6.0347318649292
20.7034375,6.03699684143066
20.7067708333333,6.03896379470825
20.7101041666667,6.04075193405151
20.7134375,6.0422420501709
20.7167708333333,6.04343414306641
20.7201041666667,6.04438781738281
20.7234375,6.04498386383057
20.7267708333333,6.04534149169922
20.7301041666667,6.04534149169922
20.7334375,6.04510307312012
20.7367708333333,6.04462623596191
20.7401041666667,6.04391098022461
20.7434375,6.04301691055298
20.7467708333333,6.04194402694702
20.7501041666667,6.04069232940674
20.7534375,6.03926181793213
20.7567708333333,6.03777170181274
20.7601041666667,6.03622198104858
20.7634375,6.03455305099487
20.7667708333333,6.03288412094116
20.7701041666667,6.03121519088745
20.7734375,6.02948665618896
20.7767708333333,6.02787733078003
20.7801041666667,6.02626800537109
20.7834375,6.02471828460693
20.7867708333333,6.02322816848755
20.7901041666667,6.02191686630249
20.7934375,6.02078437805176
20.7967708333333,6.01977109909058
20.8001041666667,6.0189962387085
20.8034375,6.01845979690552
20.8067708333333,6.01816177368164
20.8101041666667,6.01810216903687
20.8134375,6.01822137832642
20.8167708333333,6.01863861083984
20.8201041666667,6.0192346572876
20.8234375,6.02000951766968
20.8267708333333,6.02102279663086
20.8301041666667,6.02221488952637
20.8334375,6.0235857963562
20.8367708333333,6.02507591247559
20.8401041666667,6.0267448425293
20.8434375,6.02847337722778
20.8467708333333,6.03044033050537
20.8501041666667,6.03246688842773
20.8534375,6.03455305099487
20.8567708333333,6.03669881820679
20.8601041666667,6.03890419006348
20.8634375,6.04110956192017
20.8667708333333,6.04325532913208
20.8701041666667,6.04534149169922
20.8734375,6.04724884033203
20.8767708333333,6.04903697967529
20.8801041666667,6.05064630508423
20.8834375,6.05201721191406
20.8867708333333,6.05326890945435
20.8901041666667,6.05428218841553
20.8934375,6.05511665344238
20.8967708333333,6.05577230453491
20.9001041666667,6.05630874633789
20.9034375,6.05660676956177
20.9067708333333,6.05678558349609
20.9101041666667,6.05684518814087
20.9134375,6.05672597885132
20.9167708333333,6.05654716491699
20.9201041666667,6.05618953704834
20.9234375,6.05577230453491
20.9267708333333,6.05529546737671
20.9301041666667,6.05469942092896
20.9334375,6.0541033744812
20.9367708333333,6.05350732803345
20.9401041666667,6.05285167694092
20.9434375,6.05225563049316
20.9467708333333,6.05165958404541
20.9501041666667,6.05106353759766
20.9534375,6.05052709579468
20.9567708333333,6.05005025863647
20.9601041666667,6.04963302612305
20.9634375,6.04921579360962
20.9667708333333,6.04879856109619
20.9701041666667,6.04832172393799
20.9734375,6.04784488677979
20.9767708333333,6.04724884033203
20.9801041666667,6.04665279388428
20.9834375,6.0458779335022
20.9867708333333,6.04504346847534
20.9901041666667,6.04414939880371
20.9934375,6.0431957244873
20.9967708333333,6.0422420501709
21.0001041666667,6.04140758514404
21.0034375,6.04063272476196
21.0067708333333,6.04003667831421
21.0101041666667,6.03961944580078
21.0134375,6.03944063186646
21.0167708333333,6.03950023651123
21.0201041666667,6.03979825973511
21.0234375,6.04027509689331
21.0267708333333,6.04099035263062
21.0301041666667,6.04194402694702
21.0334375,6.0429573059082
21.0367708333333,6.04414939880371
21.0401041666667,6.04546070098877
21.0434375,6.04677200317383
21.0467708333333,6.04826211929321
21.0501041666667,6.04969263076782
21.0534375,6.05124235153198
21.0567708333333,6.05279207229614
21.0601041666667,6.0543417930603
21.0634375,6.05595111846924
21.0667708333333,6.0575008392334
21.0701041666667,6.05911016464233
21.0734375,6.06065988540649
21.0767708333333,6.06226921081543
21.0801041666667,6.06381893157959
21.0834375,6.06530904769897
21.0867708333333,6.06685876846313
21.0901041666667,6.06828927993774
21.0934375,6.06977939605713
21.0967708333333,6.07132911682129
21.1001041666667,6.07281923294067
21.1034375,6.07436895370483
21.1067708333333,6.07597827911377
21.1101041666667,6.07758760452271
21.1134375,6.07931613922119
21.1167708333333,6.08110427856445
21.1201041666667,6.08295202255249
21.1234375,6.08491897583008
21.1267708333333,6.08688592910767
21.1301041666667,6.08885288238525
21.1334375,6.09081983566284
21.1367708333333,6.09278678894043
21.1401041666667,6.09469413757324
21.1434375,6.0964822769165
21.1467708333333,6.09815120697021
21.1501041666667,6.09976053237915
21.1534375,6.10119104385376
21.1567708333333,6.10256195068359
21.1601041666667,6.10387325286865
21.1634375,6.10524415969849
21.1667708333333,6.10661506652832
21.1701041666667,6.10804557800293
21.1734375,6.10971450805664
21.1767708333333,6.1115026473999
21.1801041666667,6.11346960067749
21.1834375,6.11567497253418
21.1867708333333,6.1180591583252
21.1901041666667,6.12056255340576
21.1934375,6.12330436706543
21.1967708333333,6.12610578536987
21.2001041666667,6.12908601760864
21.2034375,6.13212585449219
21.2067708333333,6.13534450531006
21.2101041666667,6.13868236541748
21.2134375,6.14213943481445
21.2167708333333,6.14571571350098
21.2201041666667,6.14941120147705
21.2234375,6.15322589874268
21.2267708333333,6.1570405960083
21.2301041666667,6.1609148979187
21.2334375,6.16466999053955
21.2367708333333,6.16836547851563
21.2401041666667,6.17194175720215
21.2434375,6.17533922195435
21.2467708333333,6.17849826812744
21.2501041666667,6.18141889572144
21.2534375,6.18404150009155
21.2567708333333,6.18642568588257
21.2601041666667,6.18851184844971
21.2634375,6.19029998779297
21.2667708333333,6.19179010391235
21.2701041666667,6.19304180145264
21.2734375,6.19399547576904
21.2767708333333,6.19477033615112
21.2801041666667,6.19536638259888
21.2834375,6.19584321975708
21.2867708333333,6.19626045227051
21.2901041666667,6.19661808013916
21.2934375,6.19691610336304
21.2967708333333,6.19727373123169
21.3001041666667,6.19769096374512
21.3034375,6.19816780090332
21.3067708333333,6.1987042427063
21.3101041666667,6.19930028915405
21.3134375,6.19995594024658
21.3167708333333,6.20067119598389
21.3201041666667,6.20150566101074
21.3234375,6.2023401260376
21.3267708333333,6.203293800354
21.3301041666667,6.20424747467041
21.3334375,6.20532035827637
21.3367708333333,6.20633363723755
21.3401041666667,6.20734691619873
21.3434375,6.20841979980469
21.3467708333333,6.20949268341064
21.3501041666667,6.21062517166138
21.3534375,6.21175765991211
21.3567708333333,6.21294975280762
21.3601041666667,6.2142014503479
21.3634375,6.21551275253296
21.3667708333333,6.21682405471802
21.3701041666667,6.21825456619263
21.3734375,6.21974468231201
21.3767708333333,6.2212347984314
21.3801041666667,6.22272491455078
21.3834375,6.22421503067017
21.3867708333333,6.22564554214478
21.3901041666667,6.22713565826416
21.3934375,6.22850656509399
21.3967708333333,6.22987747192383
21.4001041666667,6.23118877410889
21.4034375,6.23250007629395
21.4067708333333,6.233811378479
21.4101041666667,6.23512268066406
21.4134375,6.23643398284912
21.4167708333333,6.23780488967896
21.4201041666667,6.23911619186401
21.4234375,6.24048709869385
21.4267708333333,6.24185800552368
21.4301041666667,6.24316930770874
21.4334375,6.24442100524902
21.4367708333333,6.24567270278931
21.4401041666667,6.24686479568481
21.4434375,6.24799728393555
21.4467708333333,6.24901056289673
21.4501041666667,6.24996423721313
21.4534375,6.25085830688477
21.4567708333333,6.25157356262207
21.4601041666667,6.25216960906982
21.4634375,6.25264644622803
21.4667708333333,6.2529444694519
21.4701041666667,6.25306367874146
21.4734375,6.25306367874146
21.4767708333333,6.25288486480713
21.4801041666667,6.25258684158325
21.4834375,6.2522292137146
21.4867708333333,6.25187158584595
21.4901041666667,6.25151395797729
21.4934375,6.25115633010864
21.4967708333333,6.25085830688477
21.5001041666667,6.25067949295044
21.5034375,6.25056028366089
21.5067708333333,6.25056028366089
21.5101041666667,6.25061988830566
21.5134375,6.25073909759521
21.5167708333333,6.25097751617432
21.5201041666667,6.25133514404297
21.5234375,6.2517523765564
21.5267708333333,6.25228881835938
21.5301041666667,6.25300407409668
21.5334375,6.25377893447876
21.5367708333333,6.25479221343994
21.5401041666667,6.2558650970459
21.5434375,6.25711679458618
21.5467708333333,6.25842809677124
21.5501041666667,6.25979900360107
21.5534375,6.26122951507568
21.5567708333333,6.26260042190552
21.5601041666667,6.26397132873535
21.5634375,6.26528263092041
21.5667708333333,6.26653432846069
21.5701041666667,6.26778602600098
21.5734375,6.26909732818604
21.5767708333333,6.27034902572632
21.5801041666667,6.27171993255615
21.5834375,6.27315044403076
21.5867708333333,6.27464056015015
21.5901041666667,6.27624988555908
21.5934375,6.27803802490234
21.5967708333333,6.27988576889038
21.6001041666667,6.28191232681274
21.6034375,6.28405809402466
21.6067708333333,6.28632307052612
21.6101041666667,6.28864765167236
21.6134375,6.29109144210815
21.6167708333333,6.29359483718872
21.6201041666667,6.29615783691406
21.6234375,6.29866123199463
21.6267708333333,6.3011646270752
21.6301041666667,6.30354881286621
21.6334375,6.30593299865723
21.6367708333333,6.30813837051392
21.6401041666667,6.31022453308105
21.6434375,6.31225109100342
21.6467708333333,6.31415843963623
21.6501041666667,6.31594657897949
21.6534375,6.31767511367798
21.6567708333333,6.31934404373169
21.6601041666667,6.32089376449585
21.6634375,6.32232427597046
21.6667708333333,6.32375478744507
21.6701041666667,6.32506608963013
21.6734375,6.32637739181519
21.6767708333333,6.32756948471069
21.6801041666667,6.32864236831665
21.6834375,6.32959604263306
21.6867708333333,6.33037090301514
21.6901041666667,6.33096694946289
21.6934375,6.33132457733154
21.6967708333333,6.33144378662109
21.7001041666667,6.33132457733154
21.7034375,6.33102655410767
21.7067708333333,6.33054971694946
21.7101041666667,6.32989406585693
21.7134375,6.3292384147644
21.7167708333333,6.3285231590271
21.7201041666667,6.32774829864502
21.7234375,6.32709264755249
21.7267708333333,6.32631778717041
21.7301041666667,6.32560253143311
21.7334375,6.32470846176147
21.7367708333333,6.32363557815552
21.7401041666667,6.32238388061523
21.7434375,6.3207745552063
21.7467708333333,6.31886720657349
21.7501041666667,6.3166618347168
21.7534375,6.31415843963623
21.7567708333333,6.31135702133179
21.7601041666667,6.30843639373779
21.7634375,6.30533695220947
21.7667708333333,6.30223751068115
21.7701041666667,6.29925727844238
21.7734375,6.29645586013794
21.7767708333333,6.2938928604126
21.7801041666667,6.29162788391113
21.7834375,6.28966093063354
21.7867708333333,6.28811120986938
21.7901041666667,6.28691911697388
21.7934375,6.2861442565918
21.7967708333333,6.28578662872314
21.8001041666667,6.28578662872314
21.8034375,6.28620386123657
21.8067708333333,6.28691911697388
21.8101041666667,6.28805160522461
21.8134375,6.28948211669922
21.8167708333333,6.29115104675293
21.8201041666667,6.29317760467529
21.8234375,6.29538297653198
21.8267708333333,6.297767162323
21.8301041666667,6.30038976669312
21.8334375,6.30319118499756
21.8367708333333,6.30611181259155
21.8401041666667,6.30921125411987
21.8434375,6.31248950958252
21.8467708333333,6.31588697433472
21.8501041666667,6.31934404373169
21.8534375,6.32286071777344
21.8567708333333,6.32637739181519
21.8601041666667,6.32989406585693
21.8634375,6.33329153060913
21.8667708333333,6.33656978607178
21.8701041666667,6.33972883224487
21.8734375,6.34264945983887
21.8767708333333,6.34533166885376
21.8801041666667,6.34777545928955
21.8834375,6.34992122650146
21.8867708333333,6.35188817977905
21.8901041666667,6.35355710983276
21.8934375,6.35504722595215
21.8967708333333,6.35635852813721
21.9001041666667,6.35749101638794
21.9034375,6.35862350463867
21.9067708333333,6.35963678359985
21.9101041666667,6.36065006256104
21.9134375,6.36166334152222
21.9167708333333,6.36273622512817
21.9201041666667,6.36380910873413
21.9234375,6.36488199234009
21.9267708333333,6.36601448059082
21.9301041666667,6.36720657348633
21.9334375,6.36833906173706
21.9367708333333,6.36953115463257
21.9401041666667,6.37078285217285
21.9434375,6.37203454971313
21.9467708333333,6.37334585189819
21.9501041666667,6.37471675872803
21.9534375,6.37620687484741
21.9567708333333,6.37775659561157
21.9601041666667,6.37936592102051
21.9634375,6.38115406036377
21.9667708333333,6.38306140899658
21.9701041666667,6.38514757156372
21.9734375,6.38741254806519
21.9767708333333,6.38985633850098
21.9801041666667,6.39259815216064
21.9834375,6.39551877975464
21.9867708333333,6.39867782592773
21.9901041666667,6.40207529067993
21.9934375,6.40571117401123
21.9967708333333,6.40952587127686
22.0001041666667,6.41345977783203
22.0034375,6.41745328903198
22.0067708333333,6.42162561416626
22.0101041666667,6.42579793930054
22.0134375,6.43008947372437
22.0167708333333,6.43444061279297
22.0201041666667,6.43885135650635
22.0234375,6.4433217048645
22.0267708333333,6.44791126251221
22.0301041666667,6.45267963409424
22.0334375,6.45750761032104
22.0367708333333,6.46251440048218
22.0401041666667,6.46764039993286
22.0434375,6.47282600402832
22.0467708333333,6.47813081741333
22.0501041666667,6.48343563079834
22.0534375,6.48868083953857
22.0567708333333,6.49386644363403
22.0601041666667,6.49893283843994
22.0634375,6.50376081466675
22.0667708333333,6.50835037231445
22.0701041666667,6.51270151138306
22.0734375,6.51663541793823
22.0767708333333,6.52021169662476
22.0801041666667,6.52331113815308
22.0834375,6.52593374252319
22.0867708333333,6.52807950973511
22.0901041666667,6.52968883514404
22.0934375,6.53070211410522
22.0967708333333,6.53117895126343
22.1001041666667,6.53111934661865
22.1034375,6.5305233001709
22.1067708333333,6.52939081192017
22.1101041666667,6.52784109115601
22.1134375,6.52587413787842
22.1167708333333,6.52360916137695
22.1201041666667,6.52110576629639
22.1234375,6.51848316192627
22.1267708333333,6.51586055755615
22.1301041666667,6.51323795318604
22.1334375,6.51079416275024
22.1367708333333,6.50852918624878
22.1401041666667,6.50656223297119
22.1434375,6.50477409362793
22.1467708333333,6.50334358215332
22.1501041666667,6.50215148925781
22.1534375,6.50119781494141
22.1567708333333,6.50054216384888
22.1601041666667,6.50006532669067
22.1634375,6.49982690811157
22.1667708333333,6.49970769882202
22.1701041666667,6.49970769882202
22.1734375,6.4997673034668
22.1767708333333,6.49982690811157
22.1801041666667,6.49982690811157
22.1834375,6.49970769882202
22.1867708333333,6.49946928024292
22.1901041666667,6.49893283843994
22.1934375,6.49821758270264
22.1967708333333,6.49714469909668
22.2001041666667,6.49583339691162
22.2034375,6.49410486221313
22.2067708333333,6.49213790893555
22.2101041666667,6.48975372314453
22.2134375,6.48713111877441
22.2167708333333,6.48421049118042
22.2201041666667,6.48099184036255
22.2234375,6.47759437561035
22.2267708333333,6.47401809692383
22.2301041666667,6.47038221359253
22.2334375,6.46662712097168
22.2367708333333,6.46287202835083
22.2401041666667,6.45911693572998
22.2434375,6.45548105239868
22.2467708333333,6.45202398300171
22.2501041666667,6.44868612289429
22.2534375,6.44558668136597
22.2567708333333,6.44266605377197
22.2601041666667,6.44004344940186
22.2634375,6.43765926361084
22.2667708333333,6.43563270568848
22.2701041666667,6.43390417098999
22.2734375,6.43259286880493
22.2767708333333,6.43163919448853
22.2801041666667,6.43104314804077
22.2834375,6.43092393875122
22.2867708333333,6.4312219619751
22.2901041666667,6.4319372177124
22.2934375,6.43301010131836
22.2967708333333,6.43450021743774
22.3001041666667,6.43634796142578
22.3034375,6.43855333328247
22.3067708333333,6.44117593765259
22.3101041666667,6.44415616989136
22.3134375,6.447434425354
22.3167708333333,6.45101070404053
22.3201041666667,6.45488500595093
22.3234375,6.45893812179565
22.3267708333333,6.46311044692993
22.3301041666667,6.46740198135376
22.3334375,6.47169351577759
22.3367708333333,6.47592544555664
22.3401041666667,6.48003816604614
22.3434375,6.48397207260132
22.3467708333333,6.48772716522217
22.3501041666667,6.49136304855347
22.3534375,6.49482011795044
22.3567708333333,6.49815797805786
22.3601041666667,6.50131702423096
22.3634375,6.50429725646973
22.3667708333333,6.50721788406372
22.3701041666667,6.50995969772339
22.3734375,6.51264190673828
22.3767708333333,6.51520490646362
22.3801041666667,6.51764869689941
22.3834375,6.51997327804565
22.3867708333333,6.52223825454712
22.3901041666667,6.52444362640381
22.3934375,6.52658939361572
22.3967708333333,6.52873516082764
22.4001041666667,6.53082132339478
22.4034375,6.53290748596191
22.4067708333333,6.53505325317383
22.4101041666667,6.53719902038574
22.4134375,6.53940439224243
22.4167708333333,6.5416693687439
22.4201041666667,6.54399394989014
22.4234375,6.54637813568115
22.4267708333333,6.54882192611694
22.4301041666667,6.55126571655273
22.4334375,6.5537691116333
22.4367708333333,6.55627250671387
22.4401041666667,6.55883550643921
22.4434375,6.56145811080933
22.4467708333333,6.56408071517944
22.4501041666667,6.56676292419434
22.4534375,6.569504737854
22.4567708333333,6.57230615615845
22.4601041666667,6.57510757446289
22.4634375,6.57802820205688
22.4667708333333,6.58100843429565
22.4701041666667,6.58398866653442
22.4734375,6.58702850341797
22.4767708333333,6.59012794494629
22.4801041666667,6.59328699111938
22.4834375,6.59650564193726
22.4867708333333,6.59966468811035
22.4901041666667,6.60288333892822
22.4934375,6.60604238510132
22.4967708333333,6.60920143127441
22.5001041666667,6.61218166351318
22.5034375,6.6150426864624
22.5067708333333,6.61778450012207
22.5101041666667,6.62028789520264
22.5134375,6.6225528717041
22.5167708333333,6.62457942962646
22.5201041666667,6.62636756896973
22.5234375,6.62791728973389
22.5267708333333,6.62910938262939
22.5301041666667,6.63000345230103
22.5334375,6.63065910339355
22.5367708333333,6.63095712661743
22.5401041666667,6.63101673126221
22.5434375,6.63077831268311
22.5467708333333,6.63036108016968
22.5501041666667,6.62976503372192
22.5534375,6.62899017333984
22.5567708333333,6.62821531295776
22.5601041666667,6.62738084793091
22.5634375,6.62660598754883
22.5667708333333,6.6259503364563
22.5701041666667,6.62541389465332
22.5734375,6.62505626678467
22.5767708333333,6.62493705749512
22.5801041666667,6.62505626678467
22.5834375,6.6254734992981
22.5867708333333,6.62612915039063
22.5901041666667,6.62702322006226
22.5934375,6.62821531295776
22.5967708333333,6.6295862197876
22.6001041666667,6.63113594055176
22.6034375,6.63286447525024
22.6067708333333,6.63471221923828
22.6101041666667,6.63667917251587
22.6134375,6.63864612579346
22.6167708333333,6.64055347442627
22.6201041666667,6.64252042770386
22.6234375,6.64436817169189
22.6267708333333,6.64615631103516
22.6301041666667,6.64782524108887
22.6334375,6.64937496185303
22.6367708333333,6.65074586868286
22.6401041666667,6.65199756622314
22.6434375,6.65301084518433
22.6467708333333,6.65390491485596
22.6501041666667,6.65462017059326
22.6534375,6.65515661239624
22.6567708333333,6.65551424026489
22.6601041666667,6.65569305419922
22.6634375,6.65575265884399
22.6667708333333,6.65563344955444
22.6701041666667,6.65545463562012
22.6734375,6.65521621704102
22.6767708333333,6.65497779846191
22.6801041666667,6.65467977523804
22.6834375,6.65438175201416
22.6867708333333,6.65408372879028
22.6901041666667,6.65384531021118
22.6934375,6.65366649627686
22.6967708333333,6.6535472869873
22.7001041666667,6.65348768234253
22.7034375,6.65342807769775
22.7067708333333,6.65336847305298
22.7101041666667,6.65336847305298
22.7134375,6.6533088684082
22.7167708333333,6.65318965911865
22.7201041666667,6.6530704498291
22.7234375,6.65289163589478
22.7267708333333,6.65265321731567
22.7301041666667,6.65229558944702
22.7334375,6.65193796157837
22.7367708333333,6.65140151977539
22.7401041666667,6.65086507797241
22.7434375,6.65020942687988
22.7467708333333,6.64949417114258
22.7501041666667,6.64877891540527
22.7534375,6.64794445037842
22.7567708333333,6.64722919464111
22.7601041666667,6.64651393890381
22.7634375,6.64591789245605
22.7667708333333,6.64544105529785
22.7701041666667,6.64514303207397
22.7734375,6.64502382278442
22.7767708333333,6.6450834274292
22.7801041666667,6.6453218460083
22.7834375,6.64561986923218
22.7867708333333,6.64609670639038
22.7901041666667,6.64669275283813
22.7934375,6.64728879928589
22.7967708333333,6.64800405502319
22.8001041666667,6.6487193107605
22.8034375,6.64955377578735
22.8067708333333,6.65050745010376
22.8101041666667,6.65152072906494
22.8134375,6.65265321731567
22.8167708333333,6.65384531021118
22.8201041666667,6.65509700775146
22.8234375,6.65634870529175
22.8267708333333,6.65754079818726
22.8301041666667,6.65867328643799
22.8334375,6.65962696075439
22.8367708333333,6.66052103042603
22.8401041666667,6.66123628616333
22.8434375,6.66189193725586
22.8467708333333,6.66248798370361
22.8501041666667,6.66302442550659
22.8534375,6.66368007659912
22.8567708333333,6.66433572769165
22.8601041666667,6.66511058807373
22.8634375,6.66600465774536
22.8667708333333,6.66695833206177
22.8701041666667,6.66803121566772
22.8734375,6.66922330856323
22.8767708333333,6.67053461074829
22.8801041666667,6.6719651222229
22.8834375,6.67363405227661
22.8867708333333,6.67554140090942
22.8901041666667,6.67768716812134
22.8934375,6.68007135391235
22.8967708333333,6.68269395828247
22.9001041666667,6.68561458587646
22.9034375,6.68871402740479
22.9067708333333,6.69199228286743
22.9101041666667,6.69533014297485
22.9134375,6.69872760772705
22.9167708333333,6.70206546783447
22.9201041666667,6.70540332794189
22.9234375,6.70856237411499
22.9267708333333,6.71172142028809
22.9301041666667,6.71470165252686
22.9334375,6.7175030708313
22.9367708333333,6.72018527984619
22.9401041666667,6.72268867492676
22.9434375,6.72495365142822
22.9467708333333,6.72703981399536
22.9501041666667,6.72882795333862
22.9534375,6.73037767410278
22.9567708333333,6.73156976699829
22.9601041666667,6.7325234413147
22.9634375,6.73317909240723
22.9667708333333,6.73353672027588
22.9701041666667,6.73365592956543
22.9734375,6.73365592956543
22.9767708333333,6.7334771156311
22.9801041666667,6.73329830169678
22.9834375,6.73311948776245
22.9867708333333,6.7330002784729
22.9901041666667,6.73288106918335
22.9934375,6.73288106918335
22.9967708333333,6.7330002784729
23.0001041666667,6.73317909240723
23.0034375,6.7334771156311
23.0067708333333,6.73389434814453
23.0101041666667,6.73449039459229
23.0134375,6.73520565032959
23.0167708333333,6.73609972000122
23.0201041666667,6.73717260360718
23.0234375,6.73842430114746
23.0267708333333,6.73991441726685
23.0301041666667,6.74164295196533
23.0334375,6.74349069595337
23.0367708333333,6.74557685852051
23.0401041666667,6.74772262573242
23.0434375,6.75004720687866
23.0467708333333,6.75243139266968
23.0501041666667,6.75493478775024
23.0534375,6.75743818283081
23.0567708333333,6.76000118255615
23.0601041666667,6.76262378692627
23.0634375,6.76530599594116
23.0667708333333,6.76804780960083
23.0701041666667,6.7707896232605
23.0734375,6.77359104156494
23.0767708333333,6.77645206451416
23.0801041666667,6.77937269210815
23.0834375,6.78229331970215
23.0867708333333,6.78527355194092
23.0901041666667,6.78819417953491
23.0934375,6.79111480712891
23.0967708333333,6.79391622543335
23.1001041666667,6.79665803909302
23.1034375,6.79928064346313
23.1067708333333,6.8017840385437
23.1101041666667,6.80410861968994
23.1134375,6.80631399154663
23.1167708333333,6.80834054946899
23.1201041666667,6.81024789810181
23.1234375,6.81191682815552
23.1267708333333,6.81346654891968
23.1301041666667,6.81477785110474
23.1334375,6.81585073471069
23.1367708333333,6.81674480438232
23.1401041666667,6.81734085083008
23.1434375,6.81769847869873
23.1467708333333,6.81781768798828
23.1501041666667,6.81769847869873
23.1534375,6.81734085083008
23.1567708333333,6.81686401367188
23.1601041666667,6.81626796722412
23.1634375,6.81549310684204
23.1667708333333,6.81465864181519
23.1701041666667,6.81376457214355
23.1734375,6.81275129318237
23.1767708333333,6.81173801422119
23.1801041666667,6.81054592132568
23.1834375,6.8092942237854
23.1867708333333,6.80786371231079
23.1901041666667,6.80637359619141
23.1934375,6.8047046661377
23.1967708333333,6.80297613143921
23.2001041666667,6.80112838745117
23.2034375,6.79928064346313
23.2067708333333,6.7974328994751
23.2101041666667,6.79564476013184
23.2134375,6.79397583007813
23.2167708333333,6.79242610931396
23.2201041666667,6.79105520248413
23.2234375,6.7899227142334
23.2267708333333,6.78902864456177
23.2301041666667,6.78849220275879
23.2334375,6.78831338882446
23.2367708333333,6.78849220275879
23.2401041666667,6.78902864456177
23.2434375,6.7899227142334
23.2467708333333,6.79129362106323
23.2501041666667,6.79302215576172
23.2534375,6.79510831832886
23.2567708333333,6.79749250411987
23.2601041666667,6.80011510848999
23.2634375,6.80291652679443
23.2667708333333,6.8058967590332
23.2701041666667,6.80893659591675
23.2734375,6.81197643280029
23.2767708333333,6.81501626968384
23.2801041666667,6.81799650192261
23.2834375,6.8209171295166
23.2867708333333,6.82377815246582
23.2901041666667,6.82657957077026
23.2934375,6.82938098907471
23.2967708333333,6.83218240737915
23.3001041666667,6.83498382568359
23.3034375,6.83778524398804
23.3067708333333,6.84058666229248
23.3101041666667,6.8434476852417
23.3134375,6.84636831283569
23.3167708333333,6.84928894042969
23.3201041666667,6.85232877731323
23.3234375,6.85542821884155
23.3267708333333,6.8587064743042
23.3301041666667,6.86216354370117
23.3334375,6.86579942703247
23.3367708333333,6.86973333358765
23.3401041666667,6.87390565872192
23.3434375,6.87825679779053
23.3467708333333,6.88284635543823
23.3501041666667,6.88761472702026
23.3534375,6.89250230789185
23.3567708333333,6.89738988876343
23.3601041666667,6.90233707427979
23.3634375,6.90716505050659
23.3667708333333,6.91181421279907
23.3701041666667,6.91622495651245
23.3734375,6.92027807235718
23.3767708333333,6.9238543510437
23.3801041666667,6.92689418792725
23.3834375,6.92927837371826
23.3867708333333,6.93094730377197
23.3901041666667,6.93196058273315
23.3934375,6.93213939666748
23.3967708333333,6.9316029548645
23.4001041666667,6.93047046661377
23.4034375,6.92874193191528
23.4067708333333,6.92653656005859
23.4101041666667,6.92403316497803
23.4134375,6.92129135131836
23.4167708333333,6.91837072372437
23.4201041666667,6.91545009613037
23.4234375,6.91258907318115
23.4267708333333,6.90984725952148
23.4301041666667,6.90728425979614
23.4334375,6.90484046936035
23.4367708333333,6.90263509750366
23.4401041666667,6.90054893493652
23.4434375,6.89858198165894
23.4467708333333,6.89679384231567
23.4501041666667,6.89512491226196
23.4534375,6.89351558685303
23.4567708333333,6.89196586608887
23.4601041666667,6.89053535461426
23.4634375,6.88916444778442
23.4667708333333,6.88785314559937
23.4701041666667,6.88666105270386
23.4734375,6.88564777374268
23.4767708333333,6.88469409942627
23.4801041666667,6.88397884368896
23.4834375,6.88338279724121
23.4867708333333,6.88296556472778
23.4901041666667,6.88266754150391
23.4934375,6.88248872756958
23.4967708333333,6.88236951828003
23.5001041666667,6.8824291229248
23.5034375,6.88248872756958
23.5067708333333,6.88272714614868
23.5101041666667,6.88302516937256
23.5134375,6.88350200653076
23.5167708333333,6.88409805297852
23.5201041666667,6.8848729133606
23.5234375,6.885826587677
23.5267708333333,6.88689947128296
23.5301041666667,6.88815116882324
23.5334375,6.88958168029785
23.5367708333333,6.89107179641724
23.5401041666667,6.89268112182617
23.5434375,6.89435005187988
23.5467708333333,6.89607858657837
23.5501041666667,6.89780712127686
23.5534375,6.89953565597534
23.5567708333333,6.90120458602905
23.5601041666667,6.90275430679321
23.5634375,6.9042444229126
23.5667708333333,6.90567493438721
23.5701041666667,6.90698623657227
23.5734375,6.90817832946777
23.5767708333333,6.90943002700806
23.5801041666667,6.91068172454834
23.5834375,6.9119930267334
23.5867708333333,6.91354274749756
23.5901041666667,6.91527128219604
23.5934375,6.91729784011841
23.5967708333333,6.91956281661987
23.6001041666667,6.92212581634521
23.6034375,6.92492723464966
23.6067708333333,6.9279670715332
23.6101041666667,6.93118572235107
23.6134375,6.9345235824585
23.6167708333333,6.93792104721069
23.6201041666667,6.94125890731812
23.6234375,6.94453716278076
23.6267708333333,6.94757699966431
23.6301041666667,6.95043802261353
23.6334375,6.95300102233887
23.6367708333333,6.95520639419556
23.6401041666667,6.95711374282837
23.6434375,6.95866346359253
23.6467708333333,6.95997476577759
23.6501041666667,6.96098804473877
23.6534375,6.9618821144104
23.6567708333333,6.96265697479248
23.6601041666667,6.96337223052979
23.6634375,6.96414709091187
23.6667708333333,6.96492195129395
23.6701041666667,6.9657564163208
23.6734375,6.96665048599243
23.6767708333333,6.96760416030884
23.6801041666667,6.96867704391479
23.6834375,6.96969032287598
23.6867708333333,6.97076320648193
23.6901041666667,6.97177648544312
23.6934375,6.97273015975952
23.6967708333333,6.97362422943115
23.7001041666667,6.97445869445801
23.7034375,6.97517395019531
23.7067708333333,6.97576999664307
23.7101041666667,6.97624683380127
23.7134375,6.97660446166992
23.7167708333333,6.9769024848938
23.7201041666667,6.97708129882813
23.7234375,6.9771409034729
23.7267708333333,6.97720050811768
23.7301041666667,6.9771409034729
23.7334375,6.97696208953857
23.7367708333333,6.97672367095947
23.7401041666667,6.97636604309082
23.7434375,6.97588920593262
23.7467708333333,6.97529315948486
23.7501041666667,6.97451829910278
23.7534375,6.97368383407593
23.7567708333333,6.97267055511475
23.7601041666667,6.97159767150879
23.7634375,6.97046518325806
23.7667708333333,6.96933269500732
23.7701041666667,6.96814060211182
23.7734375,6.96694850921631
23.7767708333333,6.9657564163208
23.7801041666667,6.96456432342529
23.7834375,6.96349143981934
23.7867708333333,6.9623589515686
23.7901041666667,6.96134567260742
23.7934375,6.96039199829102
23.7967708333333,6.95955753326416
23.8001041666667,6.95878267288208
23.8034375,6.95812702178955
23.8067708333333,6.95759057998657
23.8101041666667,6.95723295211792
23.8134375,6.95699453353882
23.8167708333333,6.95687532424927
23.8201041666667,6.95693492889404
23.8234375,6.95711374282837
23.8267708333333,6.95747137069702
23.8301041666667,6.9580078125
23.8334375,6.95878267288208
23.8367708333333,6.95973634719849
23.8401041666667,6.96086883544922
23.8434375,6.96218013763428
23.8467708333333,6.96361064910889
23.8501041666667,6.9650411605835
23.8534375,6.96635246276855
23.8567708333333,6.96760416030884
23.8601041666667,6.96861743927002
23.8634375,6.9693922996521
23.8667708333333,6.9698691368103
23.8701041666667,6.97004795074463
23.8734375,6.96992874145508
23.8767708333333,6.96957111358643
23.8801041666667,6.96897506713867
23.8834375,6.96820020675659
23.8867708333333,6.96736574172974
23.8901041666667,6.96641206741333
23.8934375,6.96539878845215
23.8967708333333,6.96444511413574
23.9001041666667,6.96349143981934
23.9034375,6.96265697479248
23.9067708333333,6.96200132369995
23.9101041666667,6.96152448654175
23.9134375,6.96128606796265
23.9167708333333,6.96134567260742
23.9201041666667,6.9616436958313
23.9234375,6.96229934692383
23.9267708333333,6.96319341659546
23.9301041666667,6.96432590484619
23.9334375,6.9657564163208
23.9367708333333,6.96730613708496
23.9401041666667,6.96903467178345
23.9434375,6.97088241577148
23.9467708333333,6.9727897644043
23.9501041666667,6.97481632232666
23.9534375,6.9769024848938
23.9567708333333,6.97904825210571
23.9601041666667,6.98119401931763
23.9634375,6.98339939117432
23.9667708333333,6.98554515838623
23.9701041666667,6.98769092559814
23.9734375,6.98977708816528
23.9767708333333,6.99180364608765
23.9801041666667,6.99377059936523
23.9834375,6.99567794799805
23.9867708333333,6.99758529663086
23.9901041666667,6.99955224990845
23.9934375,7.00157880783081
23.9967708333333,7.00366497039795
24.0001041666667,7.00592994689941
24.0034375,7.00837373733521
24.0067708333333,7.01099634170532
24.0101041666667,7.01391696929932
24.0134375,7.01695680618286
24.0167708333333,7.02023506164551
24.0201041666667,7.02363252639771
24.0234375,7.02714920043945
24.0267708333333,7.0306658744812
24.0301041666667,7.03424215316772
24.0334375,7.03781843185425
24.0367708333333,7.041335105896
24.0401041666667,7.04479217529297
24.0434375,7.04813003540039
24.0467708333333,7.05146789550781
24.0501041666667,7.05468654632568
24.0534375,7.057785987854
24.0567708333333,7.06082582473755
24.0601041666667,7.06380605697632
24.0634375,7.06660747528076
24.0667708333333,7.06928968429565
24.0701041666667,7.07179307937622
24.0734375,7.07411766052246
24.0767708333333,7.0762038230896
24.0801041666667,7.07811117172241
24.0834375,7.07978010177612
24.0867708333333,7.08127021789551
24.0901041666667,7.08258152008057
24.0934375,7.0837140083313
24.0967708333333,7.08466768264771
24.1001041666667,7.08544254302979
24.1034375,7.08609819412231
24.1067708333333,7.08657503128052
24.1101041666667,7.08687305450439
24.1134375,7.08705186843872
24.1167708333333,7.08705186843872
24.1201041666667,7.08687305450439
24.1234375,7.08657503128052
24.1267708333333,7.08615779876709
24.1301041666667,7.08568096160889
24.1334375,7.08508491516113
24.1367708333333,7.0844292640686
24.1401041666667,7.08377361297607
24.1434375,7.08317756652832
24.1467708333333,7.08252191543579
24.1501041666667,7.08198547363281
24.1534375,7.08138942718506
24.1567708333333,7.0807933807373
24.1601041666667,7.08019733428955
24.1634375,7.0796012878418
24.1667708333333,7.07894563674927
24.1701041666667,7.07834959030151
24.1734375,7.07775354385376
24.1767708333333,7.07727670669556
24.1801041666667,7.07685947418213
24.1834375,7.07656145095825
24.1867708333333,7.07638263702393
24.1901041666667,7.07638263702393
24.1934375,7.07650184631348
24.1967708333333,7.07674026489258
24.2001041666667,7.07703828811646
24.2034375,7.07745552062988
24.2067708333333,7.07793235778809
24.2101041666667,7.07846879959106
24.2134375,7.07900524139404
24.2167708333333,7.0796012878418
24.2201041666667,7.08025693893433
24.2234375,7.08097219467163
24.2267708333333,7.08174705505371
24.2301041666667,7.08252191543579
24.2334375,7.08341598510742
24.2367708333333,7.08425045013428
24.2401041666667,7.08508491516113
24.2434375,7.08585977554321
24.2467708333333,7.08663463592529
24.2501041666667,7.08729028701782
24.2534375,7.08794593811035
24.2567708333333,7.08860158920288
24.2601041666667,7.08931684494019
24.2634375,7.09021091461182
24.2667708333333,7.09116458892822
24.2701041666667,7.09235668182373
24.2734375,7.09378719329834
24.2767708333333,7.0953369140625
24.2801041666667,7.09706544876099
24.2834375,7.09891319274902
24.2867708333333,7.10088014602661
24.2901041666667,7.10278749465942
24.2934375,7.10475444793701
24.2967708333333,7.1067214012146
24.3001041666667,7.10868835449219
24.3034375,7.11071491241455
24.3067708333333,7.11280107498169
24.3101041666667,7.11500644683838
24.3134375,7.11727142333984
24.3167708333333,7.11965560913086
24.3201041666667,7.12209939956665
24.3234375,7.12466239929199
24.3267708333333,7.12716579437256
24.3301041666667,7.1297287940979
24.3334375,7.13223218917847
24.3367708333333,7.13461637496948
24.3401041666667,7.1370005607605
24.3434375,7.13926553726196
24.3467708333333,7.14153051376343
24.3501041666667,7.14373588562012
24.3534375,7.14594125747681
24.3567708333333,7.14802742004395
24.3601041666667,7.15011358261108
24.3634375,7.15208053588867
24.3667708333333,7.15392827987671
24.3701041666667,7.1556568145752
24.3734375,7.15720653533936
24.3767708333333,7.15869665145874
24.3801041666667,7.15994834899902
24.3834375,7.16114044189453
24.3867708333333,7.16221332550049
24.3901041666667,7.16322660446167
24.3934375,7.16418027877808
24.3967708333333,7.16513395309448
24.4001041666667,7.16608762741089
24.4034375,7.16698169708252
24.4067708333333,7.16793537139893
24.4101041666667,7.16888904571533
24.4134375,7.16984272003174
24.4167708333333,7.1709156036377
24.4201041666667,7.17198848724365
24.4234375,7.17324018478394
24.4267708333333,7.17461109161377
24.4301041666667,7.17622041702271
24.4334375,7.17806816101074
24.4367708333333,7.18009471893311
24.4401041666667,7.18241930007935
24.4434375,7.18492269515991
24.4467708333333,7.1876049041748
24.4501041666667,7.19040632247925
24.4534375,7.19338655471802
24.4567708333333,7.19636678695679
24.4601041666667,7.19934701919556
24.4634375,7.2023868560791
24.4667708333333,7.20536708831787
24.4701041666667,7.20840692520142
24.4734375,7.21138715744019
24.4767708333333,7.21442699432373
24.4801041666667,7.2174072265625
24.4834375,7.22044706344604
24.4867708333333,7.22348690032959
24.4901041666667,7.22658634185791
24.4934375,7.22962617874146
24.4967708333333,7.232666015625
24.5001041666667,7.23564624786377
24.5034375,7.23856687545776
24.5067708333333,7.24142789840698
24.5101041666667,7.24411010742188
24.5134375,7.24667310714722
24.5167708333333,7.24899768829346
24.5201041666667,7.2510838508606
24.5234375,7.25287199020386
24.5267708333333,7.25430250167847
24.5301041666667,7.2554349899292
24.5334375,7.25620985031128
24.5367708333333,7.25662708282471
24.5401041666667,7.25674629211426
24.5434375,7.25650787353516
24.5467708333333,7.25603103637695
24.5501041666667,7.25525617599487
24.5534375,7.25430250167847
24.5567708333333,7.25317001342773
24.5601041666667,7.25185871124268
24.5634375,7.25042819976807
24.5667708333333,7.24893808364868
24.5701041666667,7.24738836288452
24.5734375,7.24583864212036
24.5767708333333,7.24440813064575
24.5801041666667,7.24309682846069
24.5834375,7.24202394485474
24.5867708333333,7.24124908447266
24.5901041666667,7.24095106124878
24.5934375,7.24112987518311
24.5967708333333,7.24196434020996
24.6001041666667,7.24339485168457
24.6034375,7.24548101425171
24.6067708333333,7.24822282791138
24.6101041666667,7.25150108337402
24.6134375,7.2551965713501
24.6167708333333,7.25919008255005
24.6201041666667,7.26324319839478
24.6234375,7.26723670959473
24.6267708333333,7.27081298828125
24.6301041666667,7.27391242980957
24.6334375,7.27623701095581
24.6367708333333,7.27766752243042
24.6401041666667,7.27808475494385
24.6434375,7.27748870849609
24.6467708333333,7.27581977844238
24.6501041666667,7.27307796478271
24.6534375,7.26938247680664
24.6567708333333,7.26491212844849
24.6601041666667,7.25984573364258
24.6634375,7.25430250167847
24.6667708333333,7.24858045578003
24.6701041666667,7.24279880523682
24.6734375,7.23719596862793
24.6767708333333,7.23189115524292
24.6801041666667,7.22700357437134
24.6834375,7.22271203994751
24.6867708333333,7.21901655197144
24.6901041666667,7.21591711044312
24.6934375,7.21335411071777
24.6967708333333,7.21132755279541
24.7001041666667,7.20971822738647
24.7034375,7.20846652984619
24.7067708333333,7.20751285552979
24.7101041666667,7.20685720443726
24.7134375,7.20638036727905
24.7167708333333,7.20614194869995
24.7201041666667,7.20608234405518
24.7234375,7.2062611579895
24.7267708333333,7.20661878585815
24.7301041666667,7.20721483230591
24.7334375,7.20804929733276
24.7367708333333,7.20906257629395
24.7401041666667,7.21031427383423
24.7434375,7.21168518066406
24.7467708333333,7.21323490142822
24.7501041666667,7.21490383148193
24.7534375,7.2166919708252
24.7567708333333,7.21865892410278
24.7601041666667,7.22068548202515
24.7634375,7.22295045852661
24.7667708333333,7.22533464431763
24.7701041666667,7.22789764404297
24.7734375,7.23069906234741
24.7767708333333,7.23361968994141
24.7801041666667,7.2367787361145
24.7834375,7.24005699157715
24.7867708333333,7.24351406097412
24.7901041666667,7.24714994430542
24.7934375,7.25096464157104
24.7967708333333,7.25483894348145
24.8001041666667,7.25889205932617
24.8034375,7.2629451751709
24.8067708333333,7.26711750030518
24.8101041666667,7.27123022079468
24.8134375,7.27534294128418
24.8167708333333,7.27939605712891
24.8201041666667,7.28338956832886
24.8234375,7.28720426559448
24.8267708333333,7.29089975357056
24.8301041666667,7.2944164276123
24.8334375,7.29769468307495
24.8367708333333,7.30085372924805
24.8401041666667,7.30377435684204
24.8434375,7.30651617050171
24.8467708333333,7.30901956558228
24.8501041666667,7.31134414672852
24.8534375,7.31343030929565
24.8567708333333,7.31533765792847
24.8601041666667,7.31712579727173
24.8634375,7.31879472732544
24.8667708333333,7.32028484344482
24.8701041666667,7.32165575027466
24.8734375,7.32290744781494
24.8767708333333,7.3239803314209
24.8801041666667,7.3249340057373
24.8834375,7.32570886611938
24.8867708333333,7.32624530792236
24.8901041666667,7.32666254043579
24.8934375,7.32684135437012
24.8967708333333,7.32684135437012
24.9001041666667,7.32666254043579
24.9034375,7.32636451721191
24.9067708333333,7.32600688934326
24.9101041666667,7.32553005218506
24.9134375,7.32505321502686
24.9167708333333,7.32457637786865
24.9201041666667,7.32415914535522
24.9234375,7.32380151748657
24.9267708333333,7.3235034942627
24.9301041666667,7.32326507568359
24.9334375,7.32314586639404
24.9367708333333,7.32302665710449
24.9401041666667,7.32296705245972
24.9434375,7.32284784317017
24.9467708333333,7.32266902923584
24.9501041666667,7.32249021530151
24.9534375,7.32219219207764
24.9567708333333,7.32189416885376
24.9601041666667,7.32153654098511
24.9634375,7.32111930847168
24.9667708333333,7.32064247131348
24.9701041666667,7.3201060295105
24.9734375,7.31950998306274
24.9767708333333,7.31879472732544
24.9801041666667,7.31796026229858
24.9834375,7.31688737869263
24.9867708333333,7.31563568115234
24.9901041666667,7.31420516967773
24.9934375,7.31253623962402
24.9967708333333,7.31068849563599
25.0001041666667,7.30866193771362
25.0034375,7.30645656585693
25.0067708333333,7.30425119400024
25.0101041666667,7.30198621749878
25.0134375,7.29966163635254
25.0167708333333,7.2973370552063
25.0201041666667,7.29507207870483
25.0234375,7.29280710220337
25.0267708333333,7.29066133499146
25.0301041666667,7.28851556777954
25.0334375,7.28648900985718
25.0367708333333,7.28452205657959
25.0401041666667,7.28267431259155
25.0434375,7.28088617324829
25.0467708333333,7.27927684783936
25.0501041666667,7.27778673171997
25.0534375,7.27641582489014
25.0567708333333,7.27516412734985
25.0601041666667,7.2740912437439
25.0634375,7.27313756942749
25.0667708333333,7.27230310440063
25.0701041666667,7.27164745330811
25.0734375,7.2711706161499
25.0767708333333,7.27087259292603
25.0801041666667,7.27081298828125
25.0834375,7.27099180221558
25.0867708333333,7.271409034729
25.0901041666667,7.27206468582153
25.0934375,7.27295875549316
25.0967708333333,7.27403163909912
25.1001041666667,7.27522373199463
25.1034375,7.27653503417969
25.1067708333333,7.27790594100952
25.1101041666667,7.27933645248413
25.1134375,7.28070735931396
25.1167708333333,7.2820782661438
25.1201041666667,7.28344917297363
25.1234375,7.28476047515869
25.1267708333333,7.28601217269897
25.1301041666667,7.28726387023926
25.1334375,7.28851556777954
25.1367708333333,7.28970766067505
25.1401041666667,7.29095935821533
25.1434375,7.29227066040039
25.1467708333333,7.29364156723022
25.1501041666667,7.29519128799438
25.1534375,7.29680061340332
25.1567708333333,7.29870796203613
25.1601041666667,7.30079412460327
25.1634375,7.30311870574951
25.1667708333333,7.30574131011963
25.1701041666667,7.30860233306885
25.1734375,7.31176137924194
25.1767708333333,7.31515884399414
25.1801041666667,7.31867551803589
25.1834375,7.32231140136719
25.1867708333333,7.32606649398804
25.1901041666667,7.32982158660889
25.1934375,7.33357667922974
25.1967708333333,7.33733177185059
25.2001041666667,7.34096765518188
25.2034375,7.34448432922363
25.2067708333333,7.34794139862061
25.2101041666667,7.35127925872803
25.2134375,7.35443830490112
25.2167708333333,7.35747814178467
25.2201041666667,7.36033916473389
25.2234375,7.36302137374878
25.2267708333333,7.36546516418457
25.2301041666667,7.36767053604126
25.2334375,7.36969709396362
25.2367708333333,7.37142562866211
25.2401041666667,7.37297534942627
25.2434375,7.37428665161133
25.2467708333333,7.37541913986206
25.2501041666667,7.37643241882324
25.2534375,7.37738609313965
25.2567708333333,7.3782205581665
25.2601041666667,7.37911462783813
25.2634375,7.38006830215454
25.2667708333333,7.38108158111572
25.2701041666667,7.38227367401123
25.2734375,7.38358497619629
25.2767708333333,7.38495588302612
25.2801041666667,7.38650560379028
25.2834375,7.38811492919922
25.2867708333333,7.38978385925293
25.2901041666667,7.39145278930664
25.2934375,7.39312171936035
25.2967708333333,7.39473104476929
25.3001041666667,7.39634037017822
25.3034375,7.39789009094238
25.3067708333333,7.39938020706177
25.3101041666667,7.40087032318115
25.3134375,7.40224123001099
25.3167708333333,7.4036717414856
25.3201041666667,7.40498304367065
25.3234375,7.40629434585571
25.3267708333333,7.40760564804077
25.3301041666667,7.40891695022583
25.3334375,7.41016864776611
25.3367708333333,7.41147994995117
25.3401041666667,7.41279125213623
25.3434375,7.41410255432129
25.3467708333333,7.41541385650635
25.3501041666667,7.41666555404663
25.3534375,7.41791725158691
25.3567708333333,7.41910934448242
25.3601041666667,7.42018222808838
25.3634375,7.42119550704956
25.3667708333333,7.42208957672119
25.3701041666667,7.42286443710327
25.3734375,7.4235200881958
25.3767708333333,7.42405652999878
25.3801041666667,7.42447376251221
25.3834375,7.42471218109131
25.3867708333333,7.42483139038086
25.3901041666667,7.42477178573608
25.3934375,7.42465257644653
25.3967708333333,7.42441415786743
25.4001041666667,7.42417573928833
25.4034375,7.42393732070923
25.4067708333333,7.42381811141968
25.4101041666667,7.42381811141968
25.4134375,7.423996925354
25.4167708333333,7.42429494857788
25.4201041666667,7.42489099502563
25.4234375,7.42566585540771
25.4267708333333,7.4266791343689
25.4301041666667,7.42793083190918
25.4334375,7.42936134338379
25.4367708333333,7.4310302734375
25.4401041666667,7.43293762207031
25.4434375,7.43508338928223
25.4467708333333,7.43740797042847
25.4501041666667,7.43985176086426
25.4534375,7.44253396987915
25.4567708333333,7.44527578353882
25.4601041666667,7.44813680648804
25.4634375,7.45099782943726
25.4667708333333,7.45391845703125
25.4701041666667,7.45671987533569
25.4734375,7.45940208435059
25.4767708333333,7.46190547943115
25.4801041666667,7.46423006057739
25.4834375,7.46625661849976
25.4867708333333,7.46804475784302
25.4901041666667,7.46947526931763
25.4934375,7.47060775756836
25.4967708333333,7.47144222259521
25.5001041666667,7.47185945510864
25.5034375,7.47197866439819
25.5067708333333,7.47179985046387
25.5101041666667,7.47132301330566
25.5134375,7.47060775756836
25.5167708333333,7.4697732925415
25.5201041666667,7.46876001358032
25.5234375,7.46762752532959
25.5267708333333,7.46649503707886
25.5301041666667,7.46536254882813
25.5334375,7.46434926986694
25.5367708333333,7.46339559555054
25.5401041666667,7.46268033981323
25.5434375,7.46208429336548
25.5467708333333,7.46172666549683
25.5501041666667,7.46166706085205
25.5534375,7.46196508407593
25.5567708333333,7.46256113052368
25.5601041666667,7.46363401412964
25.5634375,7.46506452560425
25.5667708333333,7.46703147888184
25.5701041666667,7.46935606002808
25.5734375,7.47215747833252
25.5767708333333,7.47537612915039
25.5801041666667,7.47895240783691
25.5834375,7.48282670974731
25.5867708333333,7.48693943023682
25.5901041666667,7.49117136001587
25.5934375,7.4954628944397
25.5967708333333,7.49969482421875
25.6001041666667,7.50374794006348
25.6034375,7.50762224197388
25.6067708333333,7.51113891601563
25.6101041666667,7.51411914825439
25.6134375,7.51656293869019
25.6167708333333,7.51835107803345
25.6201041666667,7.51948356628418
25.6234375,7.51984119415283
25.6267708333333,7.51960277557373
25.6301041666667,7.5187087059021
25.6334375,7.51733779907227
25.6367708333333,7.51560926437378
25.6401041666667,7.51364231109619
25.6434375,7.5116753578186
25.6467708333333,7.50976800918579
25.6501041666667,7.5080394744873
25.6534375,7.5066089630127
25.6567708333333,7.50541687011719
25.6601041666667,7.50458240509033
25.6634375,7.50404596328735
25.6667708333333,7.50380754470825
25.6701041666667,7.50380754470825
25.6734375,7.50410556793213
25.6767708333333,7.50464200973511
25.6801041666667,7.50535726547241
25.6834375,7.50625133514404
25.6867708333333,7.50732421875
25.6901041666667,7.50851631164551
25.6934375,7.50976800918579
25.6967708333333,7.51107931137085
25.7001041666667,7.51250982284546
25.7034375,7.51394033432007
25.7067708333333,7.51543045043945
25.7101041666667,7.51698017120361
25.7134375,7.51864910125732
25.7167708333333,7.52043724060059
25.7201041666667,7.52240419387817
25.7234375,7.52460956573486
25.7267708333333,7.5269341468811
25.7301041666667,7.52949714660645
25.7334375,7.53229856491089
25.7367708333333,7.53521919250488
25.7401041666667,7.53837823867798
25.7434375,7.54165649414063
25.7467708333333,7.54505395889282
25.7501041666667,7.54851102828979
25.7534375,7.55208730697632
25.7567708333333,7.55566358566284
25.7601041666667,7.55923986434937
25.7634375,7.56275653839111
25.7667708333333,7.56621360778809
25.7701041666667,7.56943225860596
25.7734375,7.5724720954895
25.7767708333333,7.57527351379395
25.7801041666667,7.57777690887451
25.7834375,7.5799822807312
25.7867708333333,7.58194923400879
25.7901041666667,7.58355855941772
25.7934375,7.58492946624756
25.7967708333333,7.58612155914307
25.8001041666667,7.58707523345947
25.8034375,7.58779048919678
25.8067708333333,7.58844614028931
25.8101041666667,7.58892297744751
25.8134375,7.58922100067139
25.8167708333333,7.58939981460571
25.8201041666667,7.58939981460571
25.8234375,7.58928060531616
25.8267708333333,7.58910179138184
25.8301041666667,7.58880376815796
25.8334375,7.58844614028931
25.8367708333333,7.58808851242065
25.8401041666667,7.587730884552
25.8434375,7.58743286132813
25.8467708333333,7.58719444274902
25.8501041666667,7.58707523345947
25.8534375,7.5870156288147
25.8567708333333,7.58707523345947
25.8601041666667,7.58713483810425
25.8634375,7.5872540473938
25.8667708333333,7.58737325668335
25.8701041666667,7.58755207061768
25.8734375,7.587730884552
25.8767708333333,7.58790969848633
25.8801041666667,7.58808851242065
25.8834375,7.58826732635498
25.8867708333333,7.58844614028931
25.8901041666667,7.58862495422363
25.8934375,7.58886337280273
25.8967708333333,7.58904218673706
25.9001041666667,7.58916139602661
25.9034375,7.58928060531616
25.9067708333333,7.58939981460571
25.9101041666667,7.58939981460571
25.9134375,7.58945941925049
25.9167708333333,7.58945941925049
25.9201041666667,7.58945941925049
25.9234375,7.58939981460571
25.9267708333333,7.58934020996094
25.9301041666667,7.58922100067139
25.9334375,7.58904218673706
25.9367708333333,7.58880376815796
25.9401041666667,7.58856534957886
25.9434375,7.58826732635498
25.9467708333333,7.58790969848633
25.9501041666667,7.58761167526245
25.9534375,7.58731365203857
25.9567708333333,7.5870156288147
25.9601041666667,7.58671760559082
25.9634375,7.58641958236694
25.9667708333333,7.58612155914307
25.9701041666667,7.58570432662964
25.9734375,7.58528709411621
25.9767708333333,7.58475065231323
25.9801041666667,7.58415460586548
25.9834375,7.58349895477295
25.9867708333333,7.58278369903564
25.9901041666667,7.58206844329834
25.9934375,7.58135318756104
25.9967708333333,7.58069753646851
26.0001041666667,7.58010149002075
26.0034375,7.57962465286255
26.0067708333333,7.57920742034912
26.0101041666667,7.57884979248047
26.0134375,7.57861137390137
26.0167708333333,7.57849216461182
26.0201041666667,7.57849216461182
26.0234375,7.57861137390137
26.0267708333333,7.57884979248047
26.0301041666667,7.57932662963867
26.0334375,7.57992267608643
26.0367708333333,7.58075714111328
26.0401041666667,7.58177042007446
26.0434375,7.58296251296997
26.0467708333333,7.58421421051025
26.0501041666667,7.58564472198486
26.0534375,7.58719444274902
26.0567708333333,7.58880376815796
26.0601041666667,7.59047269821167
26.0634375,7.59220123291016
26.0667708333333,7.59410858154297
26.0701041666667,7.59619474411011
26.0734375,7.59851932525635
26.0767708333333,7.60120153427124
26.0801041666667,7.60424137115479
26.0834375,7.60781764984131
26.0867708333333,7.61187076568604
26.0901041666667,7.61657953262329
26.0934375,7.62194395065308
26.0967708333333,7.62802362442017
26.1001041666667,7.63475894927979
26.1034375,7.64214992523193
26.1067708333333,7.65013694763184
26.1101041666667,7.65860080718994
26.1134375,7.66736268997192
26.1167708333333,7.67630338668823
26.1201041666667,7.68518447875977
26.1234375,7.69364833831787
26.1267708333333,7.701575756073
26.1301041666667,7.70854949951172
26.1334375,7.71439075469971
26.1367708333333,7.71880149841309
26.1401041666667,7.72172212600708
26.1434375,7.72297382354736
26.1467708333333,7.72261619567871
26.1501041666667,7.7207088470459
26.1534375,7.7173113822937
26.1567708333333,7.712721824646
26.1601041666667,7.70705938339233
26.1634375,7.70068168640137
26.1667708333333,7.6938271522522
26.1701041666667,7.68667459487915
26.1734375,7.6795220375061
26.1767708333333,7.67248868942261
26.1801041666667,7.66575336456299
26.1834375,7.6594352722168
26.1867708333333,7.65365362167358
26.1901041666667,7.64834880828857
26.1934375,7.64352083206177
26.1967708333333,7.63928890228271
26.2001041666667,7.63553380966187
26.2034375,7.63225555419922
26.2067708333333,7.62945413589478
26.2101041666667,7.62706995010376
26.2134375,7.6250433921814
26.2167708333333,7.62337446212769
26.2201041666667,7.6221227645874
26.2234375,7.621169090271
26.2267708333333,7.62051343917847
26.2301041666667,7.62015581130981
26.2334375,7.62009620666504
26.2367708333333,7.62027502059937
26.2401041666667,7.62069225311279
26.2434375,7.62134790420532
26.2467708333333,7.62224197387695
26.2501041666667,7.62331485748291
26.2534375,7.62468576431274
26.2567708333333,7.62617588043213
26.2601041666667,7.62790441513062
26.2634375,7.6298713684082
26.2667708333333,7.63201713562012
26.2701041666667,7.63434171676636
26.2734375,7.63678550720215
26.2767708333333,7.63940811157227
26.2801041666667,7.64214992523193
26.2834375,7.64495134353638
26.2867708333333,7.6478123664856
26.2901041666667,7.65073299407959
26.2934375,7.65359401702881
26.2967708333333,7.65633583068848
26.3001041666667,7.65901803970337
26.3034375,7.66158103942871
26.3067708333333,7.6640248298645
26.3101041666667,7.66628980636597
26.3134375,7.66849517822266
26.3167708333333,7.67052173614502
26.3201041666667,7.67242908477783
26.3234375,7.67427682876587
26.3267708333333,7.67594575881958
26.3301041666667,7.67755508422852
26.3334375,7.6790452003479
26.3367708333333,7.68035650253296
26.3401041666667,7.68148899078369
26.3434375,7.6824426651001
26.3467708333333,7.68327713012695
26.3501041666667,7.68387317657471
26.3534375,7.68435001373291
26.3567708333333,7.68458843231201
26.3601041666667,7.68470764160156
26.3634375,7.68470764160156
26.3667708333333,7.68458843231201
26.3701041666667,7.68440961837769
26.3734375,7.68417119979858
26.3767708333333,7.68393278121948
26.3801041666667,7.68375396728516
26.3834375,7.68357515335083
26.3867708333333,7.68345594406128
26.3901041666667,7.6833963394165
26.3934375,7.6833963394165
26.3967708333333,7.68351554870605
26.4001041666667,7.68369436264038
26.4034375,7.68399238586426
26.4067708333333,7.68435001373291
26.4101041666667,7.68482685089111
26.4134375,7.68542289733887
26.4167708333333,7.68613815307617
26.4201041666667,7.68697261810303
26.4234375,7.68786668777466
26.4267708333333,7.68887996673584
26.4301041666667,7.6899528503418
26.4334375,7.69108533859253
26.4367708333333,7.69227743148804
26.4401041666667,7.6935887336731
26.4434375,7.69490003585815
26.4467708333333,7.69627094268799
26.4501041666667,7.69764184951782
26.4534375,7.69901275634766
26.4567708333333,7.70038366317749
26.4601041666667,7.70169496536255
26.4634375,7.70282745361328
26.4667708333333,7.70384073257446
26.4701041666667,7.70461559295654
26.4734375,7.70515203475952
26.4767708333333,7.7054500579834
26.4801041666667,7.70550966262817
26.4834375,7.70527124404907
26.4867708333333,7.70485401153564
26.4901041666667,7.70431756973267
26.4934375,7.70360231399536
26.4967708333333,7.70282745361328
26.5001041666667,7.70193338394165
26.5034375,7.70103931427002
26.5067708333333,7.70008563995361
26.5101041666667,7.69907236099243
26.5134375,7.69805908203125
26.5167708333333,7.69698619842529
26.5201041666667,7.69591331481934
26.5234375,7.69484043121338
26.5267708333333,7.69370794296265
26.5301041666667,7.69263505935669
26.5334375,7.69162178039551
26.5367708333333,7.69060850143433
26.5401041666667,7.68965482711792
26.5434375,7.68882036209106
26.5467708333333,7.68804550170898
26.5501041666667,7.68738985061646
26.5534375,7.68685340881348
26.5567708333333,7.68649578094482
26.5601041666667,7.68625736236572
26.5634375,7.68619775772095
26.5667708333333,7.68637657165527
26.5701041666667,7.68673419952393
26.5734375,7.68733024597168
26.5767708333333,7.68816471099854
26.5801041666667,7.68923759460449
26.5834375,7.69054889678955
26.5867708333333,7.69215822219849
26.5901041666667,7.69394636154175
26.5934375,7.69597291946411
26.5967708333333,7.69829750061035
26.6001041666667,7.70080089569092
26.6034375,7.70354270935059
26.6067708333333,7.70652294158936
26.6101041666667,7.70968198776245
26.6134375,7.71301984786987
26.6167708333333,7.71647691726685
26.6201041666667,7.72005319595337
26.6234375,7.72374868392944
26.6267708333333,7.72744417190552
26.6301041666667,7.73108005523682
26.6334375,7.73471593856812
26.6367708333333,7.73823261260986
26.6401041666667,7.74157047271729
26.6434375,7.74478912353516
26.6467708333333,7.74776935577393
26.6501041666667,7.75057077407837
26.6534375,7.75313377380371
26.6567708333333,7.75551795959473
26.6601041666667,7.75766372680664
26.6634375,7.75957107543945
26.6667708333333,7.76135921478271
26.6701041666667,7.76290893554688
26.6734375,7.76433944702148
26.6767708333333,7.76559114456177
26.6801041666667,7.76666402816772
26.6834375,7.76761770248413
26.6867708333333,7.76839256286621
26.6901041666667,7.76898860931396
26.6934375,7.76946544647217
26.6967708333333,7.76982307434082
26.7001041666667,7.77000188827515
26.7034375,7.77006149291992
26.7067708333333,7.77000188827515
26.7101041666667,7.7698826789856
26.7134375,7.76970386505127
26.7167708333333,7.76952505111694
26.7201041666667,7.76928663253784
26.7234375,7.76910781860352
26.7267708333333,7.76892900466919
26.7301041666667,7.76880979537964
26.7334375,7.76869058609009
26.7367708333333,7.76857137680054
26.7401041666667,7.76845216751099
26.7434375,7.76833295822144
26.7467708333333,7.76821374893188
26.7501041666667,7.76797533035278
26.7534375,7.76767730712891
26.7567708333333,7.76731967926025
26.7601041666667,7.76690244674683
26.7634375,7.76642560958862
26.7667708333333,7.76588916778564
26.7701041666667,7.76535272598267
26.7734375,7.76487588882446
26.7767708333333,7.76439905166626
26.7801041666667,7.76404142379761
26.7834375,7.76380300521851
26.7867708333333,7.76362419128418
26.7901041666667,7.76350498199463
26.7934375,7.76350498199463
26.7967708333333,7.76362419128418
26.8001041666667,7.76374340057373
26.8034375,7.76398181915283
26.8067708333333,7.76422023773193
26.8101041666667,7.76451826095581
26.8134375,7.76481628417969
26.8167708333333,7.76517391204834
26.8201041666667,7.76559114456177
26.8234375,7.7660083770752
26.8267708333333,7.76642560958862
26.8301041666667,7.76684284210205
26.8334375,7.76731967926025
26.8367708333333,7.76785612106323
26.8401041666667,7.76845216751099
26.8434375,7.76910781860352
26.8467708333333,7.7698826789856
26.8501041666667,7.77071714401245
26.8534375,7.77173042297363
26.8567708333333,7.77286291122437
26.8601041666667,7.77411460876465
26.8634375,7.77542591094971
26.8667708333333,7.77685642242432
26.8701041666667,7.7783465385437
26.8734375,7.77983665466309
26.8767708333333,7.78132677078247
26.8801041666667,7.78281688690186
26.8834375,7.78430700302124
26.8867708333333,7.78579711914063
26.8901041666667,7.78722763061523
26.8934375,7.78859853744507
26.8967708333333,7.78990983963013
26.9001041666667,7.79122114181519
26.9034375,7.79241323471069
26.9067708333333,7.7936053276062
26.9101041666667,7.79461860656738
26.9134375,7.79557228088379
26.9167708333333,7.79640674591064
26.9201041666667,7.79706239700317
26.9234375,7.79759883880615
26.9267708333333,7.79807567596436
26.9301041666667,7.79837369918823
26.9334375,7.79861211776733
26.9367708333333,7.79879093170166
26.9401041666667,7.79891014099121
26.9434375,7.79902935028076
26.9467708333333,7.79920816421509
26.9501041666667,7.79950618743896
26.9534375,7.79992341995239
26.9567708333333,7.80045986175537
26.9601041666667,7.80123472213745
26.9634375,7.80218839645386
26.9667708333333,7.80332088470459
26.9701041666667,7.8047513961792
26.9734375,7.80636072158813
26.9767708333333,7.80808925628662
26.9801041666667,7.81005620956421
26.9834375,7.81214237213135
26.9867708333333,7.81440734863281
26.9901041666667,7.81673192977905
26.9934375,7.81917572021484
26.9967708333333,7.82173871994019
27.0001041666667,7.82430171966553
27.0034375,7.82698392868042
27.0067708333333,7.82960653305054
27.0101041666667,7.83228874206543
27.0134375,7.83497095108032
27.0167708333333,7.83765316009521
27.0201041666667,7.84027576446533
27.0234375,7.84289836883545
27.0267708333333,7.84546136856079
27.0301041666667,7.84790515899658
27.0334375,7.85034894943237
27.0367708333333,7.85267353057861
27.0401041666667,7.8548789024353
27.0434375,7.85702466964722
27.0467708333333,7.8589916229248
27.0501041666667,7.86089897155762
27.0534375,7.8626275062561
27.0567708333333,7.86417722702026
27.0601041666667,7.86560773849487
27.0634375,7.86685943603516
27.0667708333333,7.86781311035156
27.0701041666667,7.86864757537842
27.0734375,7.86924362182617
27.0767708333333,7.86960124969482
27.0801041666667,7.86978006362915
27.0834375,7.86978006362915
27.0867708333333,7.8696608543396
27.0901041666667,7.86936283111572
27.0934375,7.86900520324707
27.0967708333333,7.86852836608887
27.1001041666667,7.86799192428589
27.1034375,7.86739587783813
27.1067708333333,7.86679983139038
27.1101041666667,7.86614418029785
27.1134375,7.86542892456055
27.1167708333333,7.86483287811279
27.1201041666667,7.86423683166504
27.1234375,7.86364078521729
27.1267708333333,7.86316394805908
27.1301041666667,7.86274671554565
27.1334375,7.86232948303223
27.1367708333333,7.8619122505188
27.1401041666667,7.86161422729492
27.1434375,7.86125659942627
27.1467708333333,7.86095857620239
27.1501041666667,7.86066055297852
27.1534375,7.86042213439941
27.1567708333333,7.86018371582031
27.1601041666667,7.86006450653076
27.1634375,7.86000490188599
27.1667708333333,7.86000490188599
27.1701041666667,7.86012411117554
27.1734375,7.86024332046509
27.1767708333333,7.86048173904419
27.1801041666667,7.86072015762329
27.1834375,7.86101818084717
27.1867708333333,7.86131620407104
27.1901041666667,7.8616738319397
27.1934375,7.86203145980835
27.1967708333333,7.86232948303223
27.2001041666667,7.8626275062561
27.2034375,7.86274671554565
27.2067708333333,7.86280632019043
27.2101041666667,7.86268711090088
27.2134375,7.862389087677
27.2167708333333,7.86185264587402
27.2201041666667,7.86113739013672
27.2234375,7.86024332046509
27.2267708333333,7.85917043685913
27.2301041666667,7.85791873931885
27.2334375,7.85660743713379
27.2367708333333,7.85517692565918
27.2401041666667,7.85374641418457
27.2434375,7.85237550735474
27.2467708333333,7.8510046005249
27.2501041666667,7.84981250762939
27.2534375,7.84873962402344
27.2567708333333,7.84778594970703
27.2601041666667,7.84707069396973
27.2634375,7.84659385681152
27.2667708333333,7.84629583358765
27.2701041666667,7.84623622894287
27.2734375,7.84635543823242
27.2767708333333,7.84671306610107
27.2801041666667,7.84718990325928
27.2834375,7.84790515899658
27.2867708333333,7.84868001937866
27.2901041666667,7.84963369369507
27.2934375,7.85058736801147
27.2967708333333,7.85160064697266
27.3001041666667,7.85267353057861
27.3034375,7.85374641418457
27.3067708333333,7.85481929779053
27.3101041666667,7.85595178604126
27.3134375,7.85702466964722
27.3167708333333,7.85815715789795
27.3201041666667,7.85923004150391
27.3234375,7.86030292510986
27.3267708333333,7.86137580871582
27.3301041666667,7.862389087677
27.3334375,7.86334276199341
27.3367708333333,7.86429643630981
27.3401041666667,7.86519050598145
27.3434375,7.86608457565308
27.3467708333333,7.86685943603516
27.3501041666667,7.86763429641724
27.3534375,7.86840915679932
27.3567708333333,7.8691840171814
27.3601041666667,7.8698992729187
27.3634375,7.87055492401123
27.3667708333333,7.87127017974854
27.3701041666667,7.87192583084106
27.3734375,7.87258148193359
27.3767708333333,7.87323713302612
27.3801041666667,7.87383317947388
27.3834375,7.87436962127686
27.3867708333333,7.87490606307983
27.3901041666667,7.87544250488281
27.3934375,7.87591934204102
27.3967708333333,7.87645578384399
27.4001041666667,7.8769326210022
27.4034375,7.8774094581604
27.4067708333333,7.87794589996338
27.4101041666667,7.87854194641113
27.4134375,7.87925720214844
27.4167708333333,7.88009166717529
27.4201041666667,7.88098573684692
27.4234375,7.88199901580811
27.4267708333333,7.88307189941406
27.4301041666667,7.88432359695435
27.4334375,7.88557529449463
27.4367708333333,7.88694620132446
27.4401041666667,7.88837671279907
27.4434375,7.88986682891846
27.4467708333333,7.89141654968262
27.4501041666667,7.89308547973633
27.4534375,7.89475440979004
27.4567708333333,7.8965425491333
27.4601041666667,7.89844989776611
27.4634375,7.9004168510437
27.4667708333333,7.90244340896606
27.4701041666667,7.90446996688843
27.4734375,7.90661573410034
27.4767708333333,7.90870189666748
27.4801041666667,7.91078805923462
27.4834375,7.91287422180176
27.4867708333333,7.91490077972412
27.4901041666667,7.91686773300171
27.4934375,7.91877508163452
27.4967708333333,7.92068243026733
27.5001041666667,7.92258977890015
27.5034375,7.92449712753296
27.5067708333333,7.92646408081055
27.5101041666667,7.92855024337769
27.5134375,7.9306960105896
27.5167708333333,7.93290138244629
27.5201041666667,7.9352855682373
27.5234375,7.93766975402832
27.5267708333333,7.94011354446411
27.5301041666667,7.94261693954468
27.5334375,7.94512033462524
27.5367708333333,7.94756412506104
27.5401041666667,7.95000791549683
27.5434375,7.95239210128784
27.5467708333333,7.95465707778931
27.5501041666667,7.956862449646
27.5534375,7.95900821685791
27.5567708333333,7.9609751701355
27.5601041666667,7.96288251876831
27.5634375,7.9646110534668
27.5667708333333,7.96616077423096
27.5701041666667,7.96747207641602
27.5734375,7.96854496002197
27.5767708333333,7.96931982040405
27.5801041666667,7.96979665756226
27.5834375,7.96997547149658
27.5867708333333,7.96985626220703
27.5901041666667,7.96949863433838
27.5934375,7.96890258789063
27.5967708333333,7.96818733215332
27.6001041666667,7.96729326248169
27.6034375,7.96645879745483
27.6067708333333,7.9655647277832
27.6101041666667,7.96478986740112
27.6134375,7.96413421630859
27.6167708333333,7.96353816986084
27.6201041666667,7.96318054199219
27.6234375,7.96288251876831
27.6267708333333,7.96276330947876
27.6301041666667,7.96276330947876
27.6334375,7.96282291412354
27.6367708333333,7.96294212341309
27.6401041666667,7.96318054199219
27.6434375,7.96335935592651
27.6467708333333,7.96359777450562
27.6501041666667,7.96383619308472
27.6534375,7.96395540237427
27.6567708333333,7.96407461166382
27.6601041666667,7.96413421630859
27.6634375,7.96413421630859
27.6667708333333,7.96407461166382
27.6701041666667,7.96389579772949
27.6734375,7.96365737915039
27.6767708333333,7.96335935592651
27.6801041666667,7.96300172805786
27.6834375,7.96258449554443
27.6867708333333,7.96210765838623
27.6901041666667,7.96157121658325
27.6934375,7.96109437942505
27.6967708333333,7.96055793762207
27.7001041666667,7.96008110046387
27.7034375,7.95960426330566
27.7067708333333,7.95924663543701
27.7101041666667,7.95888900756836
27.7134375,7.95865058898926
27.7167708333333,7.95847177505493
27.7201041666667,7.95841217041016
27.7234375,7.95841217041016
27.7267708333333,7.95841217041016
27.7301041666667,7.95853137969971
27.7334375,7.95865058898926
27.7367708333333,7.95888900756836
27.7401041666667,7.95912742614746
27.7434375,7.95942544937134
27.7467708333333,7.95984268188477
27.7501041666667,7.96037912368774
27.7534375,7.96109437942505
27.7567708333333,7.96198844909668
27.7601041666667,7.96312093734741
27.7634375,7.96455144882202
27.7667708333333,7.96627998352051
27.7701041666667,7.96830654144287
27.7734375,7.97069072723389
27.7767708333333,7.973313331604
27.7801041666667,7.97629356384277
27.7834375,7.97951221466064
27.7867708333333,7.98296928405762
27.7901041666667,7.98648595809937
27.7934375,7.99012184143066
27.7967708333333,7.99381732940674
27.8001041666667,7.99745321273804
27.8034375,8.00096988677979
27.8067708333333,8.00436735153198
27.8101041666667,8.00764560699463
27.8134375,8.01068544387817
27.8167708333333,8.01360607147217
27.8201041666667,8.01622867584229
27.8234375,8.01867246627808
27.8267708333333,8.02093744277954
27.8301041666667,8.02290439605713
27.8334375,8.02463293075562
27.8367708333333,8.026123046875
27.8401041666667,8.02725553512573
27.8434375,8.02814960479736
27.8467708333333,8.02880525588989
27.8501041666667,8.02922248840332
27.8534375,8.02934169769287
27.8567708333333,8.02934169769287
27.8601041666667,8.02916288375854
27.8634375,8.02880525588989
27.8667708333333,8.02844762802124
27.8701041666667,8.02797079086304
27.8734375,8.02755355834961
27.8767708333333,8.02707672119141
27.8801041666667,8.02665948867798
27.8834375,8.0263614654541
27.8867708333333,8.026123046875
27.8901041666667,8.02600383758545
27.8934375,8.02594423294067
27.8967708333333,8.02606344223022
27.9001041666667,8.02624225616455
27.9034375,8.0265998840332
27.9067708333333,8.02701711654663
27.9101041666667,8.02761316299438
27.9134375,8.02832841873169
27.9167708333333,8.02922248840332
27.9201041666667,8.0302357673645
27.9234375,8.03148746490479
27.9267708333333,8.03285837173462
27.9301041666667,8.034348487854
27.9334375,8.03595781326294
27.9367708333333,8.03768634796143
27.9401041666667,8.03941488265991
27.9434375,8.04108381271362
27.9467708333333,8.04269313812256
27.9501041666667,8.04418325424194
27.9534375,8.04555416107178
27.9567708333333,8.04674625396729
27.9601041666667,8.04781913757324
27.9634375,8.04871320724487
27.9667708333333,8.04948806762695
27.9701041666667,8.05008411407471
27.9734375,8.05056095123291
27.9767708333333,8.05091857910156
27.9801041666667,8.05115699768066
27.9834375,8.05121660232544
27.9867708333333,8.05115699768066
27.9901041666667,8.05103778839111
27.9934375,8.05079936981201
27.9967708333333,8.05050134658813
28.0001041666667,8.05014371871948
28.0034375,8.04972648620605
28.0067708333333,8.04924964904785
28.0101041666667,8.04883241653442
28.0134375,8.04835557937622
28.0167708333333,8.04781913757324
28.0201041666667,8.04722309112549
28.0234375,8.04662704467773
28.0267708333333,8.04603099822998
28.0301041666667,8.04531574249268
28.0334375,8.04466009140015
28.0367708333333,8.04394483566284
28.0401041666667,8.04328918457031
28.0434375,8.04263353347778
28.0467708333333,8.04203748703003
28.0501041666667,8.04150104522705
28.0534375,8.04102420806885
28.0567708333333,8.0406665802002
28.0601041666667,8.04042816162109
28.0634375,8.04030895233154
28.0667708333333,8.04036855697632
28.0701041666667,8.04054737091064
28.0734375,8.04096460342407
28.0767708333333,8.04150104522705
28.0801041666667,8.04233551025391
28.0834375,8.04328918457031
28.0867708333333,8.04442167282104
28.0901041666667,8.04567337036133
28.0934375,8.04704427719116
28.0967708333333,8.04847478866577
28.1001041666667,8.04996490478516
28.1034375,8.05151462554932
28.1067708333333,8.05312395095825
28.1101041666667,8.05467367172241
28.1134375,8.05634260177612
28.1167708333333,8.05801153182983
28.1201041666667,8.05968046188354
28.1234375,8.06134939193726
28.1267708333333,8.06301832199097
28.1301041666667,8.06474685668945
28.1334375,8.06641578674316
28.1367708333333,8.06814432144165
28.1401041666667,8.06981325149536
28.1434375,8.0714225769043
28.1467708333333,8.07303190231323
28.1501041666667,8.07458162307739
28.1534375,8.07613134384155
28.1567708333333,8.07756185531616
28.1601041666667,8.078932762146
28.1634375,8.0801248550415
28.1667708333333,8.08131694793701
28.1701041666667,8.08233022689819
28.1734375,8.0832839012146
28.1767708333333,8.08411836624146
28.1801041666667,8.08489322662354
28.1834375,8.08560848236084
28.1867708333333,8.08626413345337
28.1901041666667,8.08686017990112
28.1934375,8.0873966217041
28.1967708333333,8.08793306350708
28.2001041666667,8.08846950531006
28.2034375,8.08894634246826
28.2067708333333,8.08936357498169
28.2101041666667,8.08978080749512
28.2134375,8.09019804000854
28.2167708333333,8.09061527252197
28.2201041666667,8.09097290039063
28.2234375,8.09144973754883
28.2267708333333,8.09186697006226
28.2301041666667,8.09240341186523
28.2334375,8.09293985366821
28.2367708333333,8.09359550476074
28.2401041666667,8.09431076049805
28.2434375,8.09508562088013
28.2467708333333,8.09597969055176
28.2501041666667,8.09687376022339
28.2534375,8.09788703918457
28.2567708333333,8.09895992279053
28.2601041666667,8.10003280639648
28.2634375,8.10122489929199
28.2667708333333,8.10235738754272
28.2701041666667,8.10354948043823
28.2734375,8.10468196868896
28.2767708333333,8.1058144569397
28.2801041666667,8.10688734054565
28.2834375,8.10796022415161
28.2867708333333,8.10897350311279
28.2901041666667,8.10986757278442
28.2934375,8.11070203781128
28.2967708333333,8.11141729354858
28.3001041666667,8.11195373535156
28.3034375,8.11243057250977
28.3067708333333,8.11272859573364
28.3101041666667,8.11296701431274
28.3134375,8.11302661895752
28.3167708333333,8.11302661895752
28.3201041666667,8.11296701431274
28.3234375,8.11278820037842
28.3267708333333,8.11254978179932
28.3301041666667,8.11231136322021
28.3334375,8.11201333999634
28.3367708333333,8.11177492141724
28.3401041666667,8.11159610748291
28.3434375,8.11147689819336
28.3467708333333,8.11141729354858
28.3501041666667,8.11153650283813
28.3534375,8.11183452606201
28.3567708333333,8.11231136322021
28.3601041666667,8.11296701431274
28.3634375,8.1138014793396
28.3667708333333,8.11481475830078
28.3701041666667,8.11600685119629
28.3734375,8.11731815338135
28.3767708333333,8.11874866485596
28.3801041666667,8.12023878097534
28.3834375,8.12172889709473
28.3867708333333,8.12327861785889
28.3901041666667,8.12476873397827
28.3934375,8.12625885009766
28.3967708333333,8.12774896621704
28.4001041666667,8.12917947769165
28.4034375,8.13066959381104
28.4067708333333,8.13210010528564
28.4101041666667,8.1336498260498
28.4134375,8.13513994216919
28.4167708333333,8.13674926757813
28.4201041666667,8.13841819763184
28.4234375,8.14002752304077
28.4267708333333,8.14163684844971
28.4301041666667,8.14324617385864
28.4334375,8.14467668533325
28.4367708333333,8.14598798751831
28.4401041666667,8.14718008041382
28.4434375,8.148193359375
28.4467708333333,8.14896821975708
28.4501041666667,8.14956426620483
28.4534375,8.15004110336304
28.4567708333333,8.15027952194214
28.4601041666667,8.15039873123169
28.4634375,8.15039873123169
28.4667708333333,8.15027952194214
28.4701041666667,8.15004110336304
28.4734375,8.14968347549438
28.4767708333333,8.14920663833618
28.4801041666667,8.14872980117798
28.4834375,8.148193359375
28.4867708333333,8.14759731292725
28.4901041666667,8.14706087112427
28.4934375,8.14658403396606
28.4967708333333,8.14610719680786
28.5001041666667,8.14580917358398
28.5034375,8.14563035964966
28.5067708333333,8.14557075500488
28.5101041666667,8.14568996429443
28.5134375,8.14598798751831
28.5167708333333,8.14652442932129
28.5201041666667,8.14718008041382
28.5234375,8.14807415008545
28.5267708333333,8.14920663833618
28.5301041666667,8.15051794052124
28.5334375,8.1520676612854
28.5367708333333,8.15397500991821
28.5401041666667,8.15623998641968
28.5434375,8.15886259078979
28.5467708333333,8.16196203231812
28.5501041666667,8.16553831100464
28.5534375,8.16977024078369
28.5567708333333,8.1745982170105
28.5601041666667,8.18008184432983
28.5634375,8.18628072738647
28.5667708333333,8.19313526153564
28.5701041666667,8.20058584213257
28.5734375,8.20863246917725
28.5767708333333,8.21715593338013
28.5801041666667,8.22603702545166
28.5834375,8.23503732681274
28.5867708333333,8.24397802352905
28.5901041666667,8.25268030166626
28.5934375,8.26090574264526
28.5967708333333,8.26847553253174
28.6001041666667,8.27521085739136
28.6034375,8.28099250793457
28.6067708333333,8.28582048416138
28.6101041666667,8.289635181427
28.6134375,8.29249620437622
28.6167708333333,8.29464197158813
28.6201041666667,8.29619169235229
28.6234375,8.2973837852478
28.6267708333333,8.29839706420898
28.6301041666667,8.29946994781494
28.6334375,8.30078125
28.6367708333333,8.30250978469849
28.6401041666667,8.30483436584473
28.6434375,8.3078145980835
28.6467708333333,8.31156969070435
28.6501041666667,8.31615924835205
28.6534375,8.32164287567139
28.6567708333333,8.32796096801758
28.6601041666667,8.33523273468018
28.6634375,8.34333896636963
28.6667708333333,8.35233926773071
28.6701041666667,8.36211442947388
28.6734375,8.37254524230957
28.6767708333333,8.38363170623779
28.6801041666667,8.39513540267944
28.6834375,8.4071159362793
28.6867708333333,8.41933488845825
28.6901041666667,8.43173265457153
28.6934375,8.44413042068481
28.6967708333333,8.45646858215332
28.7001041666667,8.4686279296875
28.7034375,8.48054885864258
28.7067708333333,8.49223136901855
28.7101041666667,8.50355625152588
28.7134375,8.51452350616455
28.7167708333333,8.52501392364502
28.7201041666667,8.53508710861206
28.7234375,8.54456424713135
28.7267708333333,8.55350494384766
28.7301041666667,8.56184959411621
28.7334375,8.56947898864746
28.7367708333333,8.57633352279663
28.7401041666667,8.5824728012085
28.7434375,8.58777761459351
28.7467708333333,8.59230756759644
28.7501041666667,8.59606266021729
28.7534375,8.59910249710083
28.7567708333333,8.60142707824707
28.7601041666667,8.60315561294556
28.7634375,8.60428810119629
28.7667708333333,8.60482454299927
28.7701041666667,8.60488414764404
28.7734375,8.60446691513062
28.7767708333333,8.60351324081421
28.7801041666667,8.60214233398438
28.7834375,8.60035419464111
28.7867708333333,8.59814882278442
28.7901041666667,8.59558582305908
28.7934375,8.59272480010986
28.7967708333333,8.58956575393677
28.8001041666667,8.58622789382935
28.8034375,8.58277082443237
28.8067708333333,8.57919454574585
28.8101041666667,8.57561826705933
28.8134375,8.5720419883728
28.8167708333333,8.56846570968628
28.8201041666667,8.56494903564453
28.8234375,8.56149196624756
28.8267708333333,8.55809450149536
28.8301041666667,8.55475664138794
28.8334375,8.55141878128052
28.8367708333333,8.54820013046265
28.8401041666667,8.54510068893433
28.8434375,8.54200124740601
28.8467708333333,8.53902101516724
28.8501041666667,8.53615999221802
28.8534375,8.53335857391357
28.8567708333333,8.53055715560913
28.8601041666667,8.52775573730469
28.8634375,8.52495431900024
28.8667708333333,8.52203369140625
28.8701041666667,8.51899385452271
28.8734375,8.51583480834961
28.8767708333333,8.51249694824219
28.8801041666667,8.50903987884521
28.8834375,8.50546360015869
28.8867708333333,8.50176811218262
28.8901041666667,8.49795341491699
28.8934375,8.49407911300659
28.8967708333333,8.49014520645142
28.9001041666667,8.48621129989624
28.9034375,8.48215818405151
28.9067708333333,8.47810506820679
28.9101041666667,8.47399234771729
28.9134375,8.46976041793823
28.9167708333333,8.46552848815918
28.9201041666667,8.46117734909058
28.9234375,8.45688581466675
28.9267708333333,8.45259428024292
28.9301041666667,8.44836235046387
28.9334375,8.44419002532959
28.9367708333333,8.44019651412964
28.9401041666667,8.43632221221924
28.9434375,8.43262672424316
28.9467708333333,8.42916965484619
28.9501041666667,8.42589139938354
28.9534375,8.42279195785522
28.9567708333333,8.41999053955078
28.9601041666667,8.41736793518066
28.9634375,8.41498374938965
28.9667708333333,8.41277837753296
28.9701041666667,8.41081142425537
28.9734375,8.40902328491211
28.9767708333333,8.4073543548584
28.9801041666667,8.40580463409424
28.9834375,8.40437412261963
28.9867708333333,8.40294361114502
28.9901041666667,8.40157270431519
28.9934375,8.40020179748535
28.9967708333333,8.39883089065552
29.0001041666667,8.39751958847046
29.0034375,8.3962082862854
29.0067708333333,8.39495658874512
29.0101041666667,8.39382410049438
29.0134375,8.3928108215332
29.0167708333333,8.39191675186157
29.0201041666667,8.39126110076904
29.0234375,8.39072465896606
29.0267708333333,8.39042663574219
29.0301041666667,8.39024782180786
29.0334375,8.39030742645264
29.0367708333333,8.39048624038696
29.0401041666667,8.39078426361084
29.0434375,8.39126110076904
29.0467708333333,8.3918571472168
29.0501041666667,8.39245319366455
29.0534375,8.39310884475708
29.0567708333333,8.39370489120483
29.0601041666667,8.39430093765259
29.0634375,8.39471817016602
29.0667708333333,8.39501619338989
29.0701041666667,8.39507579803467
29.0734375,8.39495658874512
29.0767708333333,8.39453935623169
29.0801041666667,8.39394330978394
29.0834375,8.39316844940186
29.0867708333333,8.39221477508545
29.0901041666667,8.39114189147949
29.0934375,8.38994979858398
29.0967708333333,8.38875770568848
29.1001041666667,8.38750600814819
29.1034375,8.38631391525269
29.1067708333333,8.3850622177124
29.1101041666667,8.38387012481689
29.1134375,8.38261842727661
29.1167708333333,8.38136672973633
29.1201041666667,8.38005542755127
29.1234375,8.37868452072144
29.1267708333333,8.3773136138916
29.1301041666667,8.37588310241699
29.1334375,8.37445259094238
29.1367708333333,8.372962474823
29.1401041666667,8.37153196334839
29.1434375,8.37010145187378
29.1467708333333,8.36879014968872
29.1501041666667,8.36747884750366
29.1534375,8.36622714996338
29.1567708333333,8.36503505706787
29.1601041666667,8.36390256881714
29.1634375,8.36282968521118
29.1667708333333,8.36181640625
29.1701041666667,8.36086273193359
29.1734375,8.35990905761719
29.1767708333333,8.35895538330078
29.1801041666667,8.35806131362915
29.1834375,8.35710763931274
29.1867708333333,8.35627317428589
29.1901041666667,8.35543870925903
29.1934375,8.35466384887695
29.1967708333333,8.35394859313965
29.2001041666667,8.35335254669189
29.2034375,8.35293531417847
29.2067708333333,8.35269689559937
29.2101041666667,8.35269689559937
29.2134375,8.35281610488892
29.2167708333333,8.35317373275757
29.2201041666667,8.35376977920532
29.2234375,8.35460424423218
29.2267708333333,8.35561752319336
29.2301041666667,8.35680961608887
29.2334375,8.3581805229187
29.2367708333333,8.35973024368286
29.2401041666667,8.36139917373657
29.2434375,8.36324691772461
29.2467708333333,8.36527347564697
29.2501041666667,8.36747884750366
29.2534375,8.3698034286499
29.2567708333333,8.37224721908569
29.2601041666667,8.37486982345581
29.2634375,8.37767124176025
29.2667708333333,8.38059186935425
29.2701041666667,8.38363170623779
29.2734375,8.38673114776611
29.2767708333333,8.38989019393921
29.2801041666667,8.39310884475708
29.2834375,8.39626789093018
29.2867708333333,8.3993673324585
29.2901041666667,8.40228796005249
29.2934375,8.40502977371216
29.2967708333333,8.40753316879272
29.3001041666667,8.40967893600464
29.3034375,8.41152667999268
29.3067708333333,8.41301679611206
29.3101041666667,8.41403007507324
29.3134375,8.414626121521
29.3167708333333,8.41480493545532
29.3201041666667,8.41450691223145
29.3234375,8.41379165649414
29.3267708333333,8.41271877288818
29.3301041666667,8.4112286567688
29.3334375,8.40944051742554
29.3367708333333,8.4073543548584
29.3401041666667,8.40508937835693
29.3434375,8.40270519256592
29.3467708333333,8.40020179748535
29.3501041666667,8.39763879776001
29.3534375,8.39501619338989
29.3567708333333,8.39245319366455
29.3601041666667,8.38983058929443
29.3634375,8.38720798492432
29.3667708333333,8.38464498519897
29.3701041666667,8.38214159011841
29.3734375,8.37963819503784
29.3767708333333,8.37725400924683
29.3801041666667,8.37492942810059
29.3834375,8.3727240562439
29.3867708333333,8.37063789367676
29.3901041666667,8.36867094039917
29.3934375,8.36676359176636
29.3967708333333,8.36503505706787
29.4001041666667,8.36336612701416
29.4034375,8.36181640625
29.4067708333333,8.36038589477539
29.4101041666667,8.35907459259033
29.4134375,8.35788249969482
29.4167708333333,8.35680961608887
29.4201041666667,8.35591554641724
29.4234375,8.35520029067993
29.4267708333333,8.35466384887695
29.4301041666667,8.35436582565308
29.4334375,8.35418701171875
29.4367708333333,8.35418701171875
29.4401041666667,8.3543062210083
29.4434375,8.3545446395874
29.4467708333333,8.35490226745605
29.4501041666667,8.35531949996948
29.4534375,8.35579633712769
29.4567708333333,8.35639238357544
29.4601041666667,8.35698843002319
29.4634375,8.35758447647095
29.4667708333333,8.35829973220825
29.4701041666667,8.35907459259033
29.4734375,8.35996866226196
29.4767708333333,8.36104154586792
29.4801041666667,8.36223363876343
29.4834375,8.36360454559326
29.4867708333333,8.3652138710022
29.4901041666667,8.36706161499023
29.4934375,8.3690881729126
29.4967708333333,8.37129354476929
29.5001041666667,8.37361812591553
29.5034375,8.37606191635132
29.5067708333333,8.37862491607666
29.5101041666667,8.381187915802
29.5134375,8.38381052017212
29.5167708333333,8.38643312454224
29.5201041666667,8.38905572891235
29.5234375,8.39167833328247
29.5267708333333,8.39430093765259
29.5301041666667,8.39692354202271
29.5334375,8.39948654174805
29.5367708333333,8.40210914611816
29.5401041666667,8.40467214584351
29.5434375,8.40723514556885
29.5467708333333,8.40979814529419
29.5501041666667,8.41230154037476
29.5534375,8.41468572616577
29.5567708333333,8.41701030731201
29.5601041666667,8.4192156791687
29.5634375,8.42118263244629
29.5667708333333,8.42303037643433
29.5701041666667,8.42458009719849
29.5734375,8.42589139938354
29.5767708333333,8.4269642829895
29.5801041666667,8.42779874801636
29.5834375,8.42839479446411
29.5867708333333,8.42887163162231
29.5901041666667,8.42916965484619
29.5934375,8.42940807342529
29.5967708333333,8.42958688735962
29.6001041666667,8.42970609664917
29.6034375,8.42982530593872
29.6067708333333,8.42994451522827
29.6101041666667,8.43000411987305
29.6134375,8.4301233291626
29.6167708333333,8.43018293380737
29.6201041666667,8.43030214309692
29.6234375,8.43048095703125
29.6267708333333,8.43071937561035
29.6301041666667,8.431077003479
29.6334375,8.43149423599243
29.6367708333333,8.43203067779541
29.6401041666667,8.43262672424316
29.6434375,8.43328237533569
29.6467708333333,8.433997631073
29.6501041666667,8.43465328216553
29.6534375,8.43524932861328
29.6567708333333,8.43572616577148
29.6601041666667,8.43614339828491
29.6634375,8.43638181686401
29.6667708333333,8.43662023544312
29.6701041666667,8.43673944473267
29.6734375,8.43685865402222
29.6767708333333,8.43703746795654
29.6801041666667,8.43715667724609
29.6834375,8.4373950958252
29.6867708333333,8.43769311904907
29.6901041666667,8.43805074691772
29.6934375,8.43852758407593
29.6967708333333,8.43900442123413
29.7001041666667,8.43960046768188
29.7034375,8.44031572341919
29.7067708333333,8.44103097915649
29.7101041666667,8.44186544418335
29.7134375,8.44281911849976
29.7167708333333,8.44389200210571
29.7201041666667,8.44502449035645
29.7234375,8.44621658325195
29.7267708333333,8.44752788543701
29.7301041666667,8.44889879226685
29.7334375,8.45032930374146
29.7367708333333,8.45175981521606
29.7401041666667,8.45319032669067
29.7434375,8.45468044281006
29.7467708333333,8.45611095428467
29.7501041666667,8.45760107040405
29.7534375,8.45909118652344
29.7567708333333,8.46058130264282
29.7601041666667,8.46213102340698
29.7634375,8.46374034881592
29.7667708333333,8.46534967422485
29.7701041666667,8.46707820892334
29.7734375,8.4688663482666
29.7767708333333,8.47065448760986
29.7801041666667,8.4725022315979
29.7834375,8.47429037094116
29.7867708333333,8.47607851028442
29.7901041666667,8.47774744033813
29.7934375,8.47935676574707
29.7967708333333,8.48090648651123
29.8001041666667,8.48233699798584
29.8034375,8.48358869552612
29.8067708333333,8.48478078842163
29.8101041666667,8.48579406738281
29.8134375,8.48662853240967
29.8167708333333,8.48734378814697
29.8201041666667,8.48793983459473
29.8234375,8.48829746246338
29.8267708333333,8.48853588104248
29.8301041666667,8.48859548568726
29.8334375,8.48853588104248
29.8367708333333,8.48835706710815
29.8401041666667,8.48811864852905
29.8434375,8.48782062530518
29.8467708333333,8.48746299743652
29.8501041666667,8.48716497421265
29.8534375,8.48686695098877
29.8567708333333,8.48656892776489
29.8601041666667,8.48633050918579
29.8634375,8.48609209060669
29.8667708333333,8.48591327667236
29.8701041666667,8.48579406738281
29.8734375,8.48573446273804
29.8767708333333,8.48567485809326
29.8801041666667,8.48567485809326
29.8834375,8.48573446273804
29.8867708333333,8.48579406738281
29.8901041666667,8.48597288131714
29.8934375,8.48615169525146
29.8967708333333,8.48639011383057
29.9001041666667,8.48668813705444
29.9034375,8.4870457649231
29.9067708333333,8.48740339279175
29.9101041666667,8.48782062530518
29.9134375,8.4882378578186
29.9167708333333,8.48877429962158
29.9201041666667,8.48942995071411
29.9234375,8.49008560180664
29.9267708333333,8.4909200668335
29.9301041666667,8.49181413650513
29.9334375,8.49288702011108
29.9367708333333,8.49401950836182
29.9401041666667,8.49521160125732
29.9434375,8.49652290344238
29.9467708333333,8.49783420562744
29.9501041666667,8.4991455078125
29.9534375,8.50045680999756
29.9567708333333,8.50176811218262
29.9601041666667,8.5030198097229
29.9634375,8.50427150726318
29.9667708333333,8.50546360015869
29.9701041666667,8.50659608840942
29.9734375,8.50772857666016
29.9767708333333,8.50874185562134
29.9801041666667,8.50975513458252
29.9834375,8.51070880889893
29.9867708333333,8.51160287857056
29.9901041666667,8.51237773895264
29.9934375,8.51315259933472
29.9967708333333,8.5139274597168
30.0001041666667,8.5146427154541
30.0034375,8.51541757583618
30.0067708333333,8.51619243621826
30.0101041666667,8.51696729660034
30.0134375,8.51774215698242
30.0167708333333,8.51863622665405
30.0201041666667,8.51953029632568
30.0234375,8.52048397064209
30.0267708333333,8.52149724960327
30.0301041666667,8.52257013320923
30.0334375,8.52376222610474
30.0367708333333,8.52495431900024
30.0401041666667,8.5262656211853
30.0434375,8.52769613265991
30.0467708333333,8.5291862487793
30.0501041666667,8.53073596954346
30.0534375,8.53228569030762
30.0567708333333,8.53389501571655
30.0601041666667,8.53550434112549
30.0634375,8.5371732711792
30.0667708333333,8.53878259658813
30.0701041666667,8.54039192199707
30.0734375,8.54200124740601
30.0767708333333,8.54355096817017
30.0801041666667,8.5451602935791
30.0834375,8.54682922363281
30.0867708333333,8.54849815368652
30.0901041666667,8.55022668838501
30.0934375,8.55201482772827
30.0967708333333,8.55386257171631
30.1001041666667,8.55571031570435
30.1034375,8.55755805969238
30.1067708333333,8.5594654083252
30.1101041666667,8.56125354766846
30.1134375,8.56298208236694
30.1167708333333,8.56459140777588
30.1201041666667,8.56602191925049
30.1234375,8.56733322143555
30.1267708333333,8.56846570968628
30.1301041666667,8.56947898864746
30.1334375,8.57031345367432
30.1367708333333,8.57102870941162
30.1401041666667,8.57162475585938
30.1434375,8.57210159301758
30.1467708333333,8.57257843017578
30.1501041666667,8.57293605804443
30.1534375,8.57329368591309
30.1567708333333,8.57353210449219
30.1601041666667,8.57377052307129
30.1634375,8.57388973236084
30.1667708333333,8.57394933700562
30.1701041666667,8.57388973236084
30.1734375,8.57371091842651
30.1767708333333,8.57329368591309
30.1801041666667,8.57275724411011
30.1834375,8.57198238372803
30.1867708333333,8.57102870941162
30.1901041666667,8.56983661651611
30.1934375,8.56846570968628
30.1967708333333,8.56691598892212
30.2001041666667,8.56518745422363
30.2034375,8.56328010559082
30.2067708333333,8.56131315231323
30.2101041666667,8.55916738510132
30.2134375,8.5570216178894
30.2167708333333,8.55487585067749
30.2201041666667,8.55273008346558
30.2234375,8.55064392089844
30.2267708333333,8.54861736297607
30.2301041666667,8.54671001434326
30.2334375,8.54498147964478
30.2367708333333,8.54343175888062
30.2401041666667,8.54206085205078
30.2434375,8.54092836380005
30.2467708333333,8.54003429412842
30.2501041666667,8.53943824768066
30.2534375,8.53902101516724
30.2567708333333,8.53878259658813
30.2601041666667,8.53878259658813
30.2634375,8.53890180587769
30.2667708333333,8.53919982910156
30.2701041666667,8.53949785232544
30.2734375,8.53985548019409
30.2767708333333,8.54027271270752
30.2801041666667,8.54063034057617
30.2834375,8.54098796844482
30.2867708333333,8.54134559631348
30.2901041666667,8.5417628288269
30.2934375,8.54218006134033
30.2967708333333,8.54271650314331
30.3001041666667,8.54337215423584
30.3034375,8.54408740997314
30.3067708333333,8.54504108428955
30.3101041666667,8.54617357254028
30.3134375,8.54754447937012
30.3167708333333,8.5490345954895
30.3201041666667,8.55076313018799
30.3234375,8.55261087417603
30.3267708333333,8.55463743209839
30.3301041666667,8.55672359466553
30.3334375,8.55892896652222
30.3367708333333,8.56125354766846
30.3401041666667,8.5635781288147
30.3434375,8.56602191925049
30.3467708333333,8.56852531433105
30.3501041666667,8.5710883140564
30.3534375,8.57371091842651
30.3567708333333,8.57633352279663
30.3601041666667,8.57901573181152
30.3634375,8.58169794082642
30.3667708333333,8.58432054519653
30.3701041666667,8.58688354492188
30.3734375,8.58926773071289
30.3767708333333,8.59147310256958
30.3801041666667,8.59349966049194
30.3834375,8.59522819519043
30.3867708333333,8.59677791595459
30.3901041666667,8.59808921813965
30.3934375,8.59922170639038
30.3967708333333,8.60023498535156
30.4001041666667,8.60112905502319
30.4034375,8.60196352005005
30.4067708333333,8.60285758972168
30.4101041666667,8.60375165939331
30.4134375,8.60464572906494
30.4167708333333,8.60559940338135
30.4201041666667,8.60655307769775
30.4234375,8.60750675201416
30.4267708333333,8.60852003097534
30.4301041666667,8.60953330993652
30.4334375,8.61054658889771
30.4367708333333,8.61161947250366
30.4401041666667,8.61275196075439
30.4434375,8.61388444900513
30.4467708333333,8.61519575119019
30.4501041666667,8.61656665802002
30.4534375,8.61817598342896
30.4567708333333,8.61990451812744
30.4601041666667,8.6219310760498
30.4634375,8.62425565719604
30.4667708333333,8.62687826156616
30.4701041666667,8.62997770309448
30.4734375,8.63355398178101
30.4767708333333,8.63760709762573
30.4801041666667,8.64225625991821
30.4834375,8.64750146865845
30.4867708333333,8.65334272384644
30.4901041666667,8.65978002548218
30.4934375,8.66681337356567
30.4967708333333,8.67438316345215
30.5001041666667,8.68242979049683
30.5034375,8.69077444076538
30.5067708333333,8.69941711425781
30.5101041666667,8.70817899703979
30.5134375,8.71694087982178
30.5167708333333,8.72552394866943
30.5201041666667,8.73374938964844
30.5234375,8.74149799346924
30.5267708333333,8.74859094619751
30.5301041666667,8.7549090385437
30.5334375,8.76039266586304
30.5367708333333,8.76486301422119
30.5401041666667,8.76832008361816
30.5434375,8.77076387405396
30.5467708333333,8.77207517623901
30.5501041666667,8.77237319946289
30.5534375,8.77165794372559
30.5567708333333,8.77004861831665
30.5601041666667,8.76766443252563
30.5634375,8.76450538635254
30.5667708333333,8.76075029373169
30.5701041666667,8.75657796859741
30.5734375,8.75204801559448
30.5767708333333,8.74727964401245
30.5801041666667,8.74251127243042
30.5834375,8.73774290084839
30.5867708333333,8.73315334320068
30.5901041666667,8.72880220413208
30.5934375,8.72480869293213
30.5967708333333,8.72117280960083
30.6001041666667,8.71789455413818
30.6034375,8.71497392654419
30.6067708333333,8.71247053146362
30.6101041666667,8.71038436889648
30.6134375,8.708655834198
30.6167708333333,8.70728492736816
30.6201041666667,8.70627164840698
30.6234375,8.70555639266968
30.6267708333333,8.70513916015625
30.6301041666667,8.7050199508667
30.6334375,8.70507955551147
30.6367708333333,8.7052583694458
30.6401041666667,8.70555639266968
30.6434375,8.70585441589355
30.6467708333333,8.70609283447266
30.6501041666667,8.70627164840698
30.6534375,8.70633125305176
30.6567708333333,8.70621204376221
30.6601041666667,8.70597362518311
30.6634375,8.7054967880249
30.6667708333333,8.70496034622192
30.6701041666667,8.70424509048462
30.6734375,8.70341062545776
30.6767708333333,8.70251655578613
30.6801041666667,8.70150327682495
30.6834375,8.70043039321899
30.6867708333333,8.69929790496826
30.6901041666667,8.69810581207275
30.6934375,8.69691371917725
30.6967708333333,8.69572162628174
30.7001041666667,8.69452953338623
30.7034375,8.69333744049072
30.7067708333333,8.69214534759521
30.7101041666667,8.69101285934448
30.7134375,8.68982076644897
30.7167708333333,8.68868827819824
30.7201041666667,8.68755578994751
30.7234375,8.686363697052
30.7267708333333,8.68523120880127
30.7301041666667,8.68403911590576
30.7334375,8.68290662765503
30.7367708333333,8.6817741394043
30.7401041666667,8.68076086044312
30.7434375,8.67974758148193
30.7467708333333,8.6788535118103
30.7501041666667,8.67801904678345
30.7534375,8.67736339569092
30.7567708333333,8.67676734924316
30.7601041666667,8.67629051208496
30.7634375,8.67599248886108
30.7667708333333,8.67581367492676
30.7701041666667,8.67575407028198
30.7734375,8.67581367492676
30.7767708333333,8.67605209350586
30.7801041666667,8.67646932601929
30.7834375,8.67706537246704
30.7867708333333,8.67778062820435
30.7901041666667,8.67873430252075
30.7934375,8.67986679077148
30.7967708333333,8.68111848831177
30.8001041666667,8.6824893951416
30.8034375,8.68397951126099
30.8067708333333,8.68558883666992
30.8101041666667,8.68719816207886
30.8134375,8.68880748748779
30.8167708333333,8.69041681289673
30.8201041666667,8.69196653366089
30.8234375,8.6933970451355
30.8267708333333,8.69476795196533
30.8301041666667,8.69601964950562
30.8334375,8.69721174240112
30.8367708333333,8.69828462600708
30.8401041666667,8.69923830032349
30.8434375,8.70007276535034
30.8467708333333,8.70078802108765
30.8501041666667,8.70132446289063
30.8534375,8.70168209075928
30.8567708333333,8.70198011398315
30.8601041666667,8.70215892791748
30.8634375,8.70221853256226
30.8667708333333,8.70221853256226
30.8701041666667,8.70215892791748
30.8734375,8.70209932327271
30.8767708333333,8.70209932327271
30.8801041666667,8.70209932327271
30.8834375,8.70215892791748
30.8867708333333,8.70233774185181
30.8901041666667,8.70257616043091
30.8934375,8.70299339294434
30.8967708333333,8.70347023010254
30.9001041666667,8.70412588119507
30.9034375,8.70496034622192
30.9067708333333,8.70603322982788
30.9101041666667,8.70722532272339
30.9134375,8.708655834198
30.9167708333333,8.71026515960693
30.9201041666667,8.71199369430542
30.9234375,8.71396064758301
30.9267708333333,8.71598720550537
30.9301041666667,8.71819257736206
30.9334375,8.72039794921875
30.9367708333333,8.72260332107544
30.9401041666667,8.7248682975769
30.9434375,8.72707366943359
30.9467708333333,8.72921943664551
30.9501041666667,8.73124599456787
30.9534375,8.73321294784546
30.9567708333333,8.7350606918335
30.9601041666667,8.73678922653198
30.9634375,8.73827934265137
30.9667708333333,8.73959064483643
30.9701041666667,8.74066352844238
30.9734375,8.74143838882446
30.9767708333333,8.74197483062744
30.9801041666667,8.74221324920654
30.9834375,8.74215364456177
30.9867708333333,8.74191522598267
30.9901041666667,8.74143838882446
30.9934375,8.74072313308716
30.9967708333333,8.73994827270508
31.0001041666667,8.73905420303345
31.0034375,8.73816013336182
31.0067708333333,8.73720645904541
31.0101041666667,8.736252784729
31.0134375,8.73541831970215
31.0167708333333,8.73464345932007
31.0201041666667,8.73392820358276
31.0234375,8.73339176177979
31.0267708333333,8.73297452926636
31.0301041666667,8.73273611068726
31.0334375,8.73261690139771
31.0367708333333,8.73267650604248
31.0401041666667,8.73285531997681
31.0434375,8.73327255249023
31.0467708333333,8.73380899429321
31.0501041666667,8.73452425003052
31.0534375,8.73541831970215
31.0567708333333,8.73643159866333
31.0601041666667,8.73756408691406
31.0634375,8.73881578445435
31.0667708333333,8.74018669128418
31.0701041666667,8.74155759811401
31.0734375,8.74292850494385
31.0767708333333,8.74418020248413
31.0801041666667,8.74537229537964
31.0834375,8.74638557434082
31.0867708333333,8.74727964401245
31.0901041666667,8.74799489974976
31.0934375,8.74847173690796
31.0967708333333,8.74876976013184
31.1001041666667,8.74894857406616
31.1034375,8.74888896942139
31.1067708333333,8.74871015548706
31.1101041666667,8.74835252761841
31.1134375,8.74793529510498
31.1167708333333,8.74733924865723
31.1201041666667,8.7466835975647
31.1234375,8.74596834182739
31.1267708333333,8.74513387680054
31.1301041666667,8.74429941177368
31.1334375,8.74346494674683
31.1367708333333,8.74263048171997
31.1401041666667,8.74185562133789
31.1434375,8.74114036560059
31.1467708333333,8.74060392379761
31.1501041666667,8.74024629592896
31.1534375,8.74000787734985
31.1567708333333,8.74006748199463
31.1601041666667,8.74024629592896
31.1634375,8.74072313308716
31.1667708333333,8.74137878417969
31.1701041666667,8.74227285385132
31.1734375,8.74334573745728
31.1767708333333,8.74459743499756
31.1801041666667,8.74602794647217
31.1834375,8.74757766723633
31.1867708333333,8.74924659729004
31.1901041666667,8.7510347366333
31.1934375,8.75294208526611
31.1967708333333,8.7549090385437
31.2001041666667,8.75687599182129
31.2034375,8.75890254974365
31.2067708333333,8.76092910766602
31.2101041666667,8.76295566558838
31.2134375,8.76498222351074
31.2167708333333,8.76694917678833
31.2201041666667,8.76891613006592
31.2234375,8.77088308334351
31.2267708333333,8.77273082733154
31.2301041666667,8.77445936203003
31.2334375,8.77612829208374
31.2367708333333,8.77761840820313
31.2401041666667,8.77898931503296
31.2434375,8.78030061721802
31.2467708333333,8.78143310546875
31.2501041666667,8.78256559371948
31.2534375,8.78363847732544
31.2567708333333,8.78465175628662
31.2601041666667,8.78578424453735
31.2634375,8.78685712814331
31.2667708333333,8.78804922103882
31.2701041666667,8.78924131393433
31.2734375,8.79043340682983
31.2767708333333,8.79156589508057
31.2801041666667,8.7926983833313
31.2834375,8.79371166229248
31.2867708333333,8.79460573196411
31.2901041666667,8.79544019699097
31.2934375,8.79621505737305
31.2967708333333,8.79693031311035
31.3001041666667,8.79764556884766
31.3034375,8.79842042922974
31.3067708333333,8.79925489425659
31.3101041666667,8.80026817321777
31.3134375,8.80140066146851
31.3167708333333,8.80277156829834
31.3201041666667,8.8043212890625
31.3234375,8.80610942840576
31.3267708333333,8.80807638168335
31.3301041666667,8.81022214889526
31.3334375,8.81260633468628
31.3367708333333,8.81505012512207
31.3401041666667,8.81761312484741
31.3434375,8.82023572921753
31.3467708333333,8.82285833358765
31.3501041666667,8.82554054260254
31.3534375,8.82810354232788
31.3567708333333,8.83066654205322
31.3601041666667,8.83311033248901
31.3634375,8.83543491363525
31.3667708333333,8.83764028549194
31.3701041666667,8.83966684341431
31.3734375,8.84163379669189
31.3767708333333,8.84348154067993
31.3801041666667,8.84521007537842
31.3834375,8.84681940078735
31.3867708333333,8.84830951690674
31.3901041666667,8.84968042373657
31.3934375,8.85093212127686
31.3967708333333,8.85200500488281
31.4001041666667,8.85295867919922
31.4034375,8.85379314422607
31.4067708333333,8.8544487953186
31.4101041666667,8.85498523712158
31.4134375,8.85540246963501
31.4167708333333,8.85570049285889
31.4201041666667,8.85587930679321
31.4234375,8.85599851608276
31.4267708333333,8.85587930679321
31.4301041666667,8.85570049285889
31.4334375,8.85528326034546
31.4367708333333,8.85474681854248
31.4401041666667,8.85409116744995
31.4434375,8.85337591171265
31.4467708333333,8.85260105133057
31.4501041666667,8.85182619094849
31.4534375,8.85105133056641
31.4567708333333,8.85039567947388
31.4601041666667,8.84979963302612
31.4634375,8.84932279586792
31.4667708333333,8.84896516799927
31.4701041666667,8.84872674942017
31.4734375,8.84848833084106
31.4767708333333,8.84830951690674
31.4801041666667,8.84813070297241
31.4834375,8.84789228439331
31.4867708333333,8.84765386581421
31.4901041666667,8.84729623794556
31.4934375,8.84687900543213
31.4967708333333,8.84634256362915
31.5001041666667,8.84580612182617
31.5034375,8.84521007537842
31.5067708333333,8.84461402893066
31.5101041666667,8.84395837783813
31.5134375,8.84342193603516
31.5167708333333,8.84288549423218
31.5201041666667,8.84240865707397
31.5234375,8.84205102920532
31.5267708333333,8.84169340133667
31.5301041666667,8.84133577346802
31.5334375,8.84103775024414
31.5367708333333,8.84073972702026
31.5401041666667,8.84050130844116
31.5434375,8.84026288986206
31.5467708333333,8.84002447128296
31.5501041666667,8.83984565734863
31.5534375,8.83966684341431
31.5567708333333,8.83954763412476
31.5601041666667,8.83948802947998
31.5634375,8.83942842483521
31.5667708333333,8.83942842483521
31.5701041666667,8.83948802947998
31.5734375,8.83954763412476
31.5767708333333,8.83972644805908
31.5801041666667,8.83990526199341
31.5834375,8.84020328521729
31.5867708333333,8.84056091308594
31.5901041666667,8.84103775024414
31.5934375,8.84169340133667
31.5967708333333,8.84240865707397
31.6001041666667,8.84318351745605
31.6034375,8.84407758712769
31.6067708333333,8.84509086608887
31.6101041666667,8.8462233543396
31.6134375,8.84747505187988
31.6167708333333,8.84896516799927
31.6201041666667,8.85069370269775
31.6234375,8.85283946990967
31.6267708333333,8.85546207427979
31.6301041666667,8.85885953903198
31.6334375,8.86309146881104
31.6367708333333,8.86839628219604
31.6401041666667,8.87495279312134
31.6434375,8.88299942016602
31.6467708333333,8.89259576797485
31.6501041666667,8.90398025512695
31.6534375,8.91727209091187
31.6567708333333,8.93247127532959
31.6601041666667,8.94969701766968
31.6634375,8.96883010864258
31.6667708333333,8.98981094360352
31.6701041666667,9.01240110397339
31.6734375,9.03642177581787
31.6767708333333,9.06151533126831
31.6801041666667,9.08726453781128
31.6834375,9.11319255828857
31.6867708333333,9.13894176483154
31.6901041666667,9.16397571563721
31.6934375,9.18793678283691
31.6967708333333,9.21052694320679
31.7001041666667,9.2315673828125
31.7034375,9.25105810165405
31.7067708333333,9.26917791366577
31.7101041666667,9.28628444671631
31.7134375,9.30297374725342
31.7167708333333,9.3199610710144
31.7201041666667,9.3381404876709
31.7234375,9.35840606689453
31.7267708333333,9.38183069229126
31.7301041666667,9.40912961959839
31.7334375,9.44101810455322
31.7367708333333,9.47779417037964
31.7401041666667,9.51939821243286
31.7434375,9.56529378890991
31.7467708333333,9.61440801620483
31.7501041666667,9.66525077819824
31.7534375,9.7159743309021
31.7567708333333,9.76425409317017
31.7601041666667,9.80782508850098
31.7634375,9.84430313110352
31.7667708333333,9.87166166305542
31.7701041666667,9.88805294036865
31.7734375,9.89240407943726
31.7767708333333,9.88399982452393
31.7801041666667,9.86289978027344
31.7834375,9.8298192024231
31.7867708333333,9.78600978851318
31.7901041666667,9.73320007324219
31.7934375,9.67341661453247
31.7967708333333,9.60886478424072
31.8001041666667,9.54180955886841
31.8034375,9.47433710098267
31.8067708333333,9.40835475921631
31.8101041666667,9.3454122543335
31.8134375,9.28682088851929
31.8167708333333,9.23335552215576
31.8201041666667,9.18549299240112
31.8234375,9.14353132247925
31.8267708333333,9.10729169845581
31.8301041666667,9.07641649246216
31.8334375,9.05060768127441
31.8367708333333,9.02920961380005
31.8401041666667,9.01174545288086
31.8434375,8.99755954742432
31.8467708333333,8.98617506027222
31.8501041666667,8.97711515426636
31.8534375,8.96990299224854
31.8567708333333,8.96424055099487
31.8601041666667,8.95982980728149
31.8634375,8.95637273788452
31.8667708333333,8.9537501335144
31.8701041666667,8.95172357559204
31.8734375,8.95023345947266
31.8767708333333,8.9491605758667
31.8801041666667,8.94844532012939
31.8834375,8.94796848297119
31.8867708333333,8.94773006439209
31.8901041666667,8.94761085510254
31.8934375,8.94767045974731
31.8967708333333,8.94784927368164
31.9001041666667,8.94808769226074
31.9034375,8.94838571548462
31.9067708333333,8.94874334335327
31.9101041666667,8.94922018051147
31.9134375,8.94969701766968
31.9167708333333,8.95029306411743
31.9201041666667,8.95082950592041
31.9234375,8.95136594772339
31.9267708333333,8.95190238952637
31.9301041666667,8.95231962203979
31.9334375,8.95267724990845
31.9367708333333,8.95291566848755
31.9401041666667,8.95297527313232
31.9434375,8.95285606384277
31.9467708333333,8.95261764526367
31.9501041666667,8.95220041275024
31.9534375,8.95166397094727
31.9567708333333,8.95106792449951
31.9601041666667,8.95041227340698
31.9634375,8.94969701766968
31.9667708333333,8.94904136657715
31.9701041666667,8.94838571548462
31.9734375,8.94778966903687
31.9767708333333,8.94731283187866
31.9801041666667,8.94701480865479
31.9834375,8.94689559936523
31.9867708333333,8.94695520401001
31.9901041666667,8.94725322723389
31.9934375,8.94784927368164
31.9967708333333,8.94874334335327
32.0001041666667,8.94999504089355
32.0034375,8.95154476165771
32.0067708333333,8.95345211029053
32.0101041666667,8.95565748214722
32.0134375,8.95816087722778
32.0167708333333,8.96096229553223
32.0201041666667,8.963942527771
32.0234375,8.96710157394409
32.0267708333333,8.97037982940674
32.0301041666667,8.97371768951416
32.0334375,8.97699594497681
32.0367708333333,8.98027420043945
32.0401041666667,8.98349285125732
32.0434375,8.98659229278564
32.0467708333333,8.98957252502441
32.0501041666667,8.99249315261841
32.0534375,8.99529457092285
32.0567708333333,8.99803638458252
32.0601041666667,9.00065898895264
32.0634375,9.00322198867798
32.0667708333333,9.00572538375854
32.0701041666667,9.00822877883911
32.0734375,9.01061296463013
32.0767708333333,9.01305675506592
32.0801041666667,9.01538133621216
32.0834375,9.01764631271362
32.0867708333333,9.01985168457031
32.0901041666667,9.02199745178223
32.0934375,9.02402400970459
32.0967708333333,9.02587175369263
32.1001041666667,9.02754068374634
32.1034375,9.02903079986572
32.1067708333333,9.03022289276123
32.1101041666667,9.03117656707764
32.1134375,9.03183221817017
32.1167708333333,9.03230905532837
32.1201041666667,9.03254747390747
32.1234375,9.03254747390747
32.1267708333333,9.03254747390747
32.1301041666667,9.03242826461792
32.1334375,9.03230905532837
32.1367708333333,9.03224945068359
32.1401041666667,9.03230905532837
32.1434375,9.03242826461792
32.1467708333333,9.03266668319702
32.1501041666667,9.03308391571045
32.1534375,9.03356075286865
32.1567708333333,9.03415679931641
32.1601041666667,9.03481245040894
32.1634375,9.03552770614624
32.1667708333333,9.03630256652832
32.1701041666667,9.0370774269104
32.1734375,9.03791189193726
32.1767708333333,9.03868675231934
32.1801041666667,9.03946161270142
32.1834375,9.04011726379395
32.1867708333333,9.0407133102417
32.1901041666667,9.0411901473999
32.1934375,9.041428565979
32.1967708333333,9.041428565979
32.2001041666667,9.0411901473999
32.2034375,9.04065370559692
32.2067708333333,9.03975963592529
32.2101041666667,9.03856754302979
32.2134375,9.03701782226563
32.2167708333333,9.03522968292236
32.2201041666667,9.03308391571045
32.2234375,9.03069972991943
32.2267708333333,9.02807712554932
32.2301041666667,9.02533531188965
32.2334375,9.02253389358521
32.2367708333333,9.01961326599121
32.2401041666667,9.01675224304199
32.2434375,9.01389122009277
32.2467708333333,9.01108980178833
32.2501041666667,9.00840759277344
32.2534375,9.0058445930481
32.2567708333333,9.0034008026123
32.2601041666667,9.00113582611084
32.2634375,8.99910926818848
32.2667708333333,8.99726152420044
32.2701041666667,8.99571180343628
32.2734375,8.99434089660645
32.2767708333333,8.99332761764526
32.2801041666667,8.99255275726318
32.2834375,8.99207592010498
32.2867708333333,8.99183750152588
32.2901041666667,8.9917778968811
32.2934375,8.99201631546021
32.2967708333333,8.99231433868408
32.3001041666667,8.99279117584229
32.3034375,8.99338722229004
32.3067708333333,8.99416208267212
32.3101041666667,8.99499654769897
32.3134375,8.99595022201538
32.3167708333333,8.99708271026611
32.3201041666667,8.99839401245117
32.3234375,8.99988412857056
32.3267708333333,9.00155305862427
32.3301041666667,9.0034008026123
32.3334375,9.00536775588989
32.3367708333333,9.00745391845703
32.3401041666667,9.00965929031372
32.3434375,9.01192426681519
32.3467708333333,9.01418924331665
32.3501041666667,9.01651382446289
32.3534375,9.01883840560913
32.3567708333333,9.02122259140015
32.3601041666667,9.02354717254639
32.3634375,9.0259313583374
32.3667708333333,9.02825593948364
32.3701041666667,9.03052091598511
32.3734375,9.03278589248657
32.3767708333333,9.03499126434326
32.3801041666667,9.0370774269104
32.3834375,9.03910398483276
32.3867708333333,9.04101133346558
32.3901041666667,9.04279947280884
32.3934375,9.04452800750732
32.3967708333333,9.04613733291626
32.4001041666667,9.04768705368042
32.4034375,9.04911756515503
32.4067708333333,9.05048847198486
32.4101041666667,9.0518593788147
32.4134375,9.05317068099976
32.4167708333333,9.05448198318481
32.4201041666667,9.05579328536987
32.4234375,9.05710458755493
32.4267708333333,9.05841588973999
32.4301041666667,9.0598464012146
32.4334375,9.06121730804443
32.4367708333333,9.06264781951904
32.4401041666667,9.06407833099365
32.4434375,9.06544923782349
32.4467708333333,9.06676054000854
32.4501041666667,9.06795263290405
32.4534375,9.06908512115479
32.4567708333333,9.07003879547119
32.4601041666667,9.07087326049805
32.4634375,9.07140970230103
32.4667708333333,9.07176733016968
32.4701041666667,9.07188653945923
32.4734375,9.07182693481445
32.4767708333333,9.0714693069458
32.4801041666667,9.07093286514282
32.4834375,9.07021760940552
32.4867708333333,9.06944274902344
32.4901041666667,9.06854867935181
32.4934375,9.0675950050354
32.4967708333333,9.06670093536377
32.5001041666667,9.06586647033691
32.5034375,9.06515121459961
32.5067708333333,9.06449556350708
32.5101041666667,9.06389951705933
32.5134375,9.0634822845459
32.5167708333333,9.06318426132202
32.5201041666667,9.0630054473877
32.5234375,9.06294584274292
32.5267708333333,9.0630054473877
32.5301041666667,9.06318426132202
32.5334375,9.06342267990112
32.5367708333333,9.06383991241455
32.5401041666667,9.06431674957275
32.5434375,9.06485319137573
32.5467708333333,9.06550884246826
32.5501041666667,9.06616449356079
32.5534375,9.0668797492981
32.5567708333333,9.0675950050354
32.5601041666667,9.06825065612793
32.5634375,9.06896591186523
32.5667708333333,9.06962156295776
32.5701041666667,9.07021760940552
32.5734375,9.07069444656372
32.5767708333333,9.07117128372192
32.5801041666667,9.0714693069458
32.5834375,9.0717077255249
32.5867708333333,9.07182693481445
32.5901041666667,9.07176733016968
32.5934375,9.07158851623535
32.5967708333333,9.07129049301147
32.6001041666667,9.07087326049805
32.6034375,9.07033681869507
32.6067708333333,9.06980037689209
32.6101041666667,9.06926393508911
32.6134375,9.06872749328613
32.6167708333333,9.06825065612793
32.6201041666667,9.06789302825928
32.6234375,9.06765460968018
32.6267708333333,9.06753540039063
32.6301041666667,9.0675950050354
32.6334375,9.06777381896973
32.6367708333333,9.0680718421936
32.6401041666667,9.06854867935181
32.6434375,9.06914472579956
32.6467708333333,9.06980037689209
32.6501041666667,9.07057523727417
32.6534375,9.07140970230103
32.6567708333333,9.07230377197266
32.6601041666667,9.07325744628906
32.6634375,9.07427072525024
32.6667708333333,9.07528400421143
32.6701041666667,9.07629728317261
32.6734375,9.07731056213379
32.6767708333333,9.07832384109497
32.6801041666667,9.07927751541138
32.6834375,9.08017158508301
32.6867708333333,9.08100605010986
32.6901041666667,9.08172130584717
32.6934375,9.08231735229492
32.6967708333333,9.08279418945313
32.7001041666667,9.08321142196655
32.7034375,9.08344984054565
32.7067708333333,9.08368825912476
32.7101041666667,9.08386707305908
32.7134375,9.08398628234863
32.7167708333333,9.08410549163818
32.7201041666667,9.08428430557251
32.7234375,9.08446311950684
32.7267708333333,9.08470153808594
32.7301041666667,9.08505916595459
32.7334375,9.08541679382324
32.7367708333333,9.08583402633667
32.7401041666667,9.08631086349487
32.7434375,9.08678770065308
32.7467708333333,9.08726453781128
32.7501041666667,9.08768177032471
32.7534375,9.08803939819336
32.7567708333333,9.08845663070679
32.7601041666667,9.08881425857544
32.7634375,9.08917188644409
32.7667708333333,9.08958911895752
32.7701041666667,9.0901255607605
32.7734375,9.09072160720825
32.7767708333333,9.09143686294556
32.7801041666667,9.09227132797241
32.7834375,9.09322500228882
32.7867708333333,9.09429788589478
32.7901041666667,9.09537076950073
32.7934375,9.09650325775146
32.7967708333333,9.09769535064697
32.8001041666667,9.09888744354248
32.8034375,9.10007953643799
32.8067708333333,9.10139083862305
32.8101041666667,9.10276174545288
32.8134375,9.10431146621704
32.8167708333333,9.10598039627075
32.8201041666667,9.10788774490356
32.8234375,9.11003351211548
32.8267708333333,9.11241769790649
32.8301041666667,9.11498069763184
32.8334375,9.11778211593628
32.8367708333333,9.12070274353027
32.8401041666667,9.12374258041382
32.8434375,9.12678241729736
32.8467708333333,9.12976264953613
32.8501041666667,9.13256406784058
32.8534375,9.13518667221069
32.8567708333333,9.13757085800171
32.8601041666667,9.13965702056885
32.8634375,9.14144515991211
32.8667708333333,9.14299488067627
32.8701041666667,9.14418697357178
32.8734375,9.14520025253296
32.8767708333333,9.14603471755981
32.8801041666667,9.14663076400757
32.8834375,9.14710760116577
32.8867708333333,9.14740562438965
32.8901041666667,9.14758443832397
32.8934375,9.14764404296875
32.8967708333333,9.14758443832397
32.9001041666667,9.14740562438965
32.9034375,9.14716720581055
32.9067708333333,9.14680957794189
32.9101041666667,9.14639234542847
32.9134375,9.14591550827026
32.9167708333333,9.14543867111206
32.9201041666667,9.14502143859863
32.9234375,9.14454460144043
32.9267708333333,9.144127368927
32.9301041666667,9.14371013641357
32.9334375,9.14335250854492
32.9367708333333,9.14311408996582
32.9401041666667,9.14293527603149
32.9434375,9.14281606674194
32.9467708333333,9.14281606674194
32.9501041666667,9.14293527603149
32.9534375,9.1431736946106
32.9567708333333,9.14359092712402
32.9601041666667,9.14418697357178
32.9634375,9.14502143859863
32.9667708333333,9.14609432220459
32.9701041666667,9.1475248336792
32.9734375,9.14949178695679
32.9767708333333,9.15193557739258
32.9801041666667,9.15515422821045
32.9834375,9.15908813476563
32.9867708333333,9.16379690170288
32.9901041666667,9.16934013366699
32.9934375,9.17565822601318
32.9967708333333,9.18257236480713
33.0001041666667,9.1899037361145
33.0034375,9.1974139213562
33.0067708333333,9.20480489730835
33.0101041666667,9.21183824539185
33.0134375,9.21815633773804
33.0167708333333,9.2235803604126
33.0201041666667,9.22781229019165
33.0234375,9.23079252243042
33.0267708333333,9.23234224319458
33.0301041666667,9.23258066177368
33.0334375,9.23150777816772
33.0367708333333,9.22918319702148
33.0401041666667,9.22590494155884
33.0434375,9.22179222106934
33.0467708333333,9.21708345413208
33.0501041666667,9.21201705932617
33.0534375,9.20683145523071
33.0567708333333,9.2017650604248
33.0601041666667,9.19699668884277
33.0634375,9.19264554977417
33.0667708333333,9.18889045715332
33.0701041666667,9.185791015625
33.0734375,9.18346643447876
33.0767708333333,9.18185710906982
33.0801041666667,9.18102264404297
33.0834375,9.18084383010864
33.0867708333333,9.18132066726685
33.0901041666667,9.1823935508728
33.0934375,9.18388366699219
33.0967708333333,9.185791015625
33.1001041666667,9.18799638748169
33.1034375,9.19038057327271
33.1067708333333,9.1928243637085
33.1101041666667,9.19526815414429
33.1134375,9.1976523399353
33.1167708333333,9.19991731643677
33.1201041666667,9.20194387435913
33.1234375,9.20367240905762
33.1267708333333,9.20510292053223
33.1301041666667,9.20617580413818
33.1334375,9.20701026916504
33.1367708333333,9.20742750167847
33.1401041666667,9.20760631561279
33.1434375,9.20742750167847
33.1467708333333,9.20706987380981
33.1501041666667,9.20647382736206
33.1534375,9.20569896697998
33.1567708333333,9.20480489730835
33.1601041666667,9.20385122299194
33.1634375,9.20283794403076
33.1667708333333,9.20188426971436
33.1701041666667,9.20093059539795
33.1734375,9.20015573501587
33.1767708333333,9.19944047927856
33.1801041666667,9.19890403747559
33.1834375,9.19860601425171
33.1867708333333,9.19848680496216
33.1901041666667,9.19854640960693
33.1934375,9.19884443283081
33.1967708333333,9.19938087463379
33.2001041666667,9.20009613037109
33.2034375,9.20099020004272
33.2067708333333,9.20200347900391
33.2101041666667,9.20313596725464
33.2134375,9.20432806015015
33.2167708333333,9.20552015304565
33.2201041666667,9.20677185058594
33.2234375,9.20796394348145
33.2267708333333,9.20915603637695
33.2301041666667,9.21034812927246
33.2334375,9.21154022216797
33.2367708333333,9.21279191970825
33.2401041666667,9.21398401260376
33.2434375,9.21523571014404
33.2467708333333,9.2165470123291
33.2501041666667,9.21785831451416
33.2534375,9.21922922134399
33.2567708333333,9.2206597328186
33.2601041666667,9.22209024429321
33.2634375,9.22352075576782
33.2667708333333,9.22501087188721
33.2701041666667,9.22650098800659
33.2734375,9.22799110412598
33.2767708333333,9.22954082489014
33.2801041666667,9.2310905456543
33.2834375,9.23269987106323
33.2867708333333,9.23430919647217
33.2901041666667,9.23603773117065
33.2934375,9.23770666122437
33.2967708333333,9.23943519592285
33.3001041666667,9.24116373062134
33.3034375,9.24289226531982
33.3067708333333,9.24456119537354
33.3101041666667,9.24628973007202
33.3134375,9.24795866012573
33.3167708333333,9.24956798553467
33.3201041666667,9.25123691558838
33.3234375,9.25278663635254
33.3267708333333,9.2543363571167
33.3301041666667,9.25576686859131
33.3334375,9.25719738006592
33.3367708333333,9.2584490776062
33.3401041666667,9.25958156585693
33.3434375,9.26053524017334
33.3467708333333,9.2613697052002
33.3501041666667,9.2620849609375
33.3534375,9.26268100738525
33.3567708333333,9.26321744918823
33.3601041666667,9.26363468170166
33.3634375,9.26399230957031
33.3667708333333,9.26434993743896
33.3701041666667,9.26470756530762
33.3734375,9.26500558853149
33.3767708333333,9.26542282104492
33.3801041666667,9.26584005355835
33.3834375,9.26637649536133
33.3867708333333,9.26697254180908
33.3901041666667,9.26768779754639
33.3934375,9.26852226257324
33.3967708333333,9.26953554153442
33.4001041666667,9.27060842514038
33.4034375,9.27174091339111
33.4067708333333,9.27293300628662
33.4101041666667,9.2741847038269
33.4134375,9.27543640136719
33.4167708333333,9.27668809890747
33.4201041666667,9.27793979644775
33.4234375,9.27919149398804
33.4267708333333,9.2805027961731
33.4301041666667,9.28175449371338
33.4334375,9.28312540054321
33.4367708333333,9.28443670272827
33.4401041666667,9.28586721420288
33.4434375,9.28729772567749
33.4467708333333,9.2887282371521
33.4501041666667,9.29021835327148
33.4534375,9.29170846939087
33.4567708333333,9.29319858551025
33.4601041666667,9.29462909698486
33.4634375,9.29605960845947
33.4667708333333,9.29749011993408
33.4701041666667,9.29880142211914
33.4734375,9.3001127243042
33.4767708333333,9.30142402648926
33.4801041666667,9.30273532867432
33.4834375,9.3039870262146
33.4867708333333,9.30523872375488
33.4901041666667,9.30643081665039
33.4934375,9.30756330490112
33.4967708333333,9.30863618850708
33.5001041666667,9.30964946746826
33.5034375,9.31048393249512
33.5067708333333,9.31113958358765
33.5101041666667,9.31167602539063
33.5134375,9.3119740486145
33.5167708333333,9.31209325790405
33.5201041666667,9.3119740486145
33.5234375,9.31161642074585
33.5267708333333,9.31107997894287
33.5301041666667,9.31030511856079
33.5334375,9.30941104888916
33.5367708333333,9.3083381652832
33.5401041666667,9.3071460723877
33.5434375,9.30595397949219
33.5467708333333,9.3047022819519
33.5501041666667,9.30345058441162
33.5534375,9.30231809616089
33.5567708333333,9.30124521255493
33.5601041666667,9.3003511428833
33.5634375,9.299635887146
33.5667708333333,9.29921865463257
33.5701041666667,9.29915904998779
33.5734375,9.29939746856689
33.5767708333333,9.30005311965942
33.5801041666667,9.30112600326538
33.5834375,9.30261611938477
33.5867708333333,9.30440425872803
33.5901041666667,9.30655002593994
33.5934375,9.30887460708618
33.5967708333333,9.31131839752197
33.6001041666667,9.31376218795776
33.6034375,9.31614637374878
33.6067708333333,9.31829214096069
33.6101041666667,9.32013988494873
33.6134375,9.32163000106812
33.6167708333333,9.3226432800293
33.6201041666667,9.32317972183228
33.6234375,9.32323932647705
33.6267708333333,9.3228816986084
33.6301041666667,9.32210683822632
33.6334375,9.32109355926514
33.6367708333333,9.31984186172485
33.6401041666667,9.31853055953979
33.6434375,9.31715965270996
33.6467708333333,9.31590795516968
33.6501041666667,9.31483507156372
33.6534375,9.31400060653687
33.6567708333333,9.31334495544434
33.6601041666667,9.31298732757568
33.6634375,9.31298732757568
33.6667708333333,9.31316614151001
33.6701041666667,9.31370258331299
33.6734375,9.31447744369507
33.6767708333333,9.31549072265625
33.6801041666667,9.31674242019653
33.6834375,9.31817293167114
33.6867708333333,9.31978225708008
33.6901041666667,9.32151079177856
33.6934375,9.32329893112183
33.6967708333333,9.32514667510986
33.7001041666667,9.32705402374268
33.7034375,9.32896137237549
33.7067708333333,9.3308687210083
33.7101041666667,9.33283567428589
33.7134375,9.33480262756348
33.7167708333333,9.33676958084106
33.7201041666667,9.33879613876343
33.7234375,9.34088230133057
33.7267708333333,9.34290885925293
33.7301041666667,9.34499502182007
33.7334375,9.34696197509766
33.7367708333333,9.34886932373047
33.7401041666667,9.35071706771851
33.7434375,9.35250520706177
33.7467708333333,9.35417413711548
33.7501041666667,9.35578346252441
33.7534375,9.35733318328857
33.7567708333333,9.35876369476318
33.7601041666667,9.36007499694824
33.7634375,9.36132669448853
33.7667708333333,9.36245918273926
33.7701041666667,9.36353206634521
33.7734375,9.36448574066162
33.7767708333333,9.36532020568848
33.7801041666667,9.36603546142578
33.7834375,9.36669111251831
33.7867708333333,9.36722755432129
33.7901041666667,9.36770439147949
33.7934375,9.36806201934814
33.7967708333333,9.36836004257202
33.8001041666667,9.3686580657959
33.8034375,9.36883687973022
33.8067708333333,9.36901569366455
33.8101041666667,9.36919450759888
33.8134375,9.36931371688843
33.8167708333333,9.3693733215332
33.8201041666667,9.36949253082275
33.8234375,9.36967134475708
33.8267708333333,9.36990976333618
33.8301041666667,9.37020778656006
33.8334375,9.37056541442871
33.8367708333333,9.37104225158691
33.8401041666667,9.37163829803467
33.8434375,9.3722939491272
33.8467708333333,9.37306880950928
33.8501041666667,9.37396287918091
33.8534375,9.37485694885254
33.8567708333333,9.37575101852417
33.8601041666667,9.37670469284058
33.8634375,9.37759876251221
33.8667708333333,9.37855243682861
33.8701041666667,9.37944650650024
33.8734375,9.38034057617188
33.8767708333333,9.38123464584351
33.8801041666667,9.38218832015991
33.8834375,9.38314199447632
33.8867708333333,9.3841552734375
33.8901041666667,9.38522815704346
33.8934375,9.38636064529419
33.8967708333333,9.38761234283447
33.9001041666667,9.38886404037476
33.9034375,9.39017534255981
33.9067708333333,9.39148664474487
33.9101041666667,9.39273834228516
33.9134375,9.39381122589111
33.9167708333333,9.39476490020752
33.9201041666667,9.39548015594482
33.9234375,9.39595699310303
33.9267708333333,9.39613580703735
33.9301041666667,9.39607620239258
33.9334375,9.3957781791687
33.9367708333333,9.39524173736572
33.9401041666667,9.39452648162842
33.9434375,9.39375162124634
33.9467708333333,9.39291715621948
33.9501041666667,9.39208269119263
33.9534375,9.39124822616577
33.9567708333333,9.39047336578369
33.9601041666667,9.38981771469116
33.9634375,9.38922166824341
33.9667708333333,9.38874483108521
33.9701041666667,9.388267993927
33.9734375,9.38791036605835
33.9767708333333,9.3875527381897
33.9801041666667,9.38719511032104
33.9834375,9.38683748245239
33.9867708333333,9.38653945922852
33.9901041666667,9.38630104064941
33.9934375,9.38606262207031
33.9967708333333,9.38594341278076
34.0001041666667,9.38594341278076
34.0034375,9.38600301742554
34.0067708333333,9.38624143600464
34.0101041666667,9.38665866851807
34.0134375,9.38713550567627
34.0167708333333,9.38773155212402
34.0201041666667,9.38838720321655
34.0234375,9.38910245895386
34.0267708333333,9.38987731933594
34.0301041666667,9.39053297042847
34.0334375,9.39124822616577
34.0367708333333,9.3919038772583
34.0401041666667,9.39255952835083
34.0434375,9.39321517944336
34.0467708333333,9.39387083053589
34.0501041666667,9.39446687698364
34.0534375,9.39518213272095
34.0567708333333,9.39583778381348
34.0601041666667,9.39661264419556
34.0634375,9.39732789993286
34.0667708333333,9.39810276031494
34.0701041666667,9.3989372253418
34.0734375,9.39971208572388
34.0767708333333,9.40048694610596
34.0801041666667,9.40132141113281
34.0834375,9.40215587615967
34.0867708333333,9.40299034118652
34.0901041666667,9.40382480621338
34.0934375,9.40471887588501
34.0967708333333,9.40555334091187
34.1001041666667,9.4064474105835
34.1034375,9.40734148025513
34.1067708333333,9.40823554992676
34.1101041666667,9.40907001495361
34.1134375,9.40984487533569
34.1167708333333,9.41061973571777
34.1201041666667,9.41139459609985
34.1234375,9.41210985183716
34.1267708333333,9.41276550292969
34.1301041666667,9.41348075866699
34.1334375,9.41425561904907
34.1367708333333,9.41497087478638
34.1401041666667,9.41574573516846
34.1434375,9.41658020019531
34.1467708333333,9.41735506057739
34.1501041666667,9.4180703163147
34.1534375,9.41866636276245
34.1567708333333,9.41926240921021
34.1601041666667,9.41967964172363
34.1634375,9.41997766494751
34.1667708333333,9.42021608352661
34.1701041666667,9.42033529281616
34.1734375,9.42039489746094
34.1767708333333,9.42045450210571
34.1801041666667,9.42039489746094
34.1834375,9.42033529281616
34.1867708333333,9.42027568817139
34.1901041666667,9.42021608352661
34.1934375,9.42021608352661
34.1967708333333,9.42015647888184
34.2001041666667,9.42021608352661
34.2034375,9.42033529281616
34.2067708333333,9.42057371139526
34.2101041666667,9.42087173461914
34.2134375,9.42122936248779
34.2167708333333,9.421706199646
34.2201041666667,9.42224264144897
34.2234375,9.42277908325195
34.2267708333333,9.42337512969971
34.2301041666667,9.42397117614746
34.2334375,9.42456722259521
34.2367708333333,9.42510366439819
34.2401041666667,9.42564010620117
34.2434375,9.42611694335938
34.2467708333333,9.42659378051758
34.2501041666667,9.42701101303101
34.2534375,9.42736864089966
34.2567708333333,9.42772626876831
34.2601041666667,9.42802429199219
34.2634375,9.42826271057129
34.2667708333333,9.42844152450562
34.2701041666667,9.42862033843994
34.2734375,9.42879915237427
34.2767708333333,9.42891836166382
34.2801041666667,9.42903757095337
34.2834375,9.42909717559814
34.2867708333333,9.42915678024292
34.2901041666667,9.4292163848877
34.2934375,9.4292163848877
34.2967708333333,9.4292163848877
34.3001041666667,9.4292163848877
34.3034375,9.42915678024292
34.3067708333333,9.42915678024292
34.3101041666667,9.4292163848877
34.3134375,9.42933559417725
34.3167708333333,9.42957401275635
34.3201041666667,9.42981243133545
34.3234375,9.4301700592041
34.3267708333333,9.4306468963623
34.3301041666667,9.43124294281006
34.3334375,9.43189859390259
34.3367708333333,9.43267345428467
34.3401041666667,9.43350791931152
34.3434375,9.43452119827271
34.3467708333333,9.43559408187866
34.3501041666667,9.43678617477417
34.3534375,9.43809747695923
34.3567708333333,9.43952798843384
34.3601041666667,9.441077709198
34.3634375,9.44274663925171
34.3667708333333,9.44453477859497
34.3701041666667,9.44644212722778
34.3734375,9.44846868515015
34.3767708333333,9.45055484771729
34.3801041666667,9.45276021957397
34.3834375,9.45502519607544
34.3867708333333,9.4572901725769
34.3901041666667,9.45955514907837
34.3934375,9.46187973022461
34.3967708333333,9.46420431137085
34.4001041666667,9.46658849716187
34.4034375,9.46891307830811
34.4067708333333,9.47123765945435
34.4101041666667,9.47362184524536
34.4134375,9.47600603103638
34.4167708333333,9.47839021682739
34.4201041666667,9.48077440261841
34.4234375,9.48309898376465
34.4267708333333,9.48542356491089
34.4301041666667,9.48768854141235
34.4334375,9.48989391326904
34.4367708333333,9.49203968048096
34.4401041666667,9.49418544769287
34.4434375,9.49627161026001
34.4467708333333,9.49829816818237
34.4501041666667,9.50032472610474
34.4534375,9.50229167938232
34.4567708333333,9.50413942337036
34.4601041666667,9.5059871673584
34.4634375,9.50771570205688
34.4667708333333,9.50926542282104
34.4701041666667,9.51069593429565
34.4734375,9.51200723648071
34.4767708333333,9.51313972473145
34.4801041666667,9.51403379440308
34.4834375,9.51474905014038
34.4867708333333,9.51522588729858
34.4901041666667,9.51552391052246
34.4934375,9.51564311981201
34.4967708333333,9.51558351516724
34.5001041666667,9.51534509658813
34.5034375,9.51498746871948
34.5067708333333,9.51451063156128
34.5101041666667,9.5139741897583
34.5134375,9.51331853866577
34.5167708333333,9.51266288757324
34.5201041666667,9.51194763183594
34.5234375,9.51123237609863
34.5267708333333,9.51045751571655
34.5301041666667,9.50968265533447
34.5334375,9.50890779495239
34.5367708333333,9.50801372528076
34.5401041666667,9.50711965560913
34.5434375,9.50616598129272
34.5467708333333,9.50509309768677
34.5501041666667,9.50402021408081
34.5534375,9.50294733047485
34.5567708333333,9.5018744468689
34.5601041666667,9.50080156326294
34.5634375,9.49984788894653
34.5667708333333,9.49889421463013
34.5701041666667,9.49811935424805
34.5734375,9.49746370315552
34.5767708333333,9.49692726135254
34.5801041666667,9.49651002883911
34.5834375,9.49615240097046
34.5867708333333,9.49591398239136
34.5901041666667,9.49573516845703
34.5934375,9.49567556381226
34.5967708333333,9.49567556381226
34.6001041666667,9.49579477310181
34.6034375,9.49609279632568
34.6067708333333,9.49662923812866
34.6101041666667,9.49746370315552
34.6134375,9.49853658676147
34.6167708333333,9.49996709823608
34.6201041666667,9.50175523757935
34.6234375,9.50396060943604
34.6267708333333,9.5064640045166
34.6301041666667,9.50932502746582
34.6334375,9.51248407363892
34.6367708333333,9.51588153839111
34.6401041666667,9.51945781707764
34.6434375,9.52309370040894
34.6467708333333,9.52678918838501
34.6501041666667,9.53036546707153
34.6534375,9.53376293182373
34.6567708333333,9.53692197799683
34.6601041666667,9.53972339630127
34.6634375,9.54216718673706
34.6667708333333,9.54413414001465
34.6701041666667,9.54568386077881
34.6734375,9.54681634902954
34.6767708333333,9.54753160476685
34.6801041666667,9.5478892326355
34.6834375,9.5478892326355
34.6867708333333,9.54771041870117
34.6901041666667,9.54723358154297
34.6934375,9.54669713973999
34.6967708333333,9.54598188400269
34.7001041666667,9.54514741897583
34.7034375,9.54431295394897
34.7067708333333,9.54335927963257
34.7101041666667,9.54234600067139
34.7134375,9.54139232635498
34.7167708333333,9.5403790473938
34.7201041666667,9.53936576843262
34.7234375,9.53841209411621
34.7267708333333,9.53751802444458
34.7301041666667,9.53668355941772
34.7334375,9.53590869903564
34.7367708333333,9.53531265258789
34.7401041666667,9.53483581542969
34.7434375,9.53441858291626
34.7467708333333,9.53418016433716
34.7501041666667,9.53406095504761
34.7534375,9.53400135040283
34.7567708333333,9.53412055969238
34.7601041666667,9.53423976898193
34.7634375,9.53447818756104
34.7667708333333,9.53471660614014
34.7701041666667,9.53495502471924
34.7734375,9.53525304794312
34.7767708333333,9.53555107116699
34.7801041666667,9.53590869903564
34.7834375,9.53632593154907
34.7867708333333,9.53680276870728
34.7901041666667,9.53739881515503
34.7934375,9.53817367553711
34.7967708333333,9.53900814056396
34.8001041666667,9.54008102416992
34.8034375,9.54139232635498
34.8067708333333,9.54288244247437
34.8101041666667,9.54455137252808
34.8134375,9.54645872116089
34.8167708333333,9.54848527908325
34.8201041666667,9.55069065093994
34.8234375,9.55295562744141
34.8267708333333,9.5553994178772
34.8301041666667,9.55784320831299
34.8334375,9.56034660339355
34.8367708333333,9.56284999847412
34.8401041666667,9.56541299819946
34.8434375,9.56791639328003
34.8467708333333,9.57047939300537
34.8501041666667,9.57292318344116
34.8534375,9.57536697387695
34.8567708333333,9.57781076431274
34.8601041666667,9.58013534545898
34.8634375,9.58240032196045
34.8667708333333,9.58466529846191
34.8701041666667,9.5868706703186
34.8734375,9.58901643753052
34.8767708333333,9.59116220474243
34.8801041666667,9.59336757659912
34.8834375,9.59557294845581
34.8867708333333,9.59771871566772
34.8901041666667,9.59992408752441
34.8934375,9.60206985473633
34.8967708333333,9.60415601730347
34.9001041666667,9.60618257522583
34.9034375,9.60808992385864
34.9067708333333,9.6098780632019
34.9101041666667,9.61142778396606
34.9134375,9.61285829544067
34.9167708333333,9.61405038833618
34.9201041666667,9.61500406265259
34.9234375,9.61577892303467
34.9267708333333,9.61631536483765
34.9301041666667,9.61661338806152
34.9334375,9.6166729927063
34.9367708333333,9.61661338806152
34.9401041666667,9.61631536483765
34.9434375,9.61589813232422
34.9467708333333,9.61536169052124
34.9501041666667,9.61470603942871
34.9534375,9.61393117904663
34.9567708333333,9.61297750473022
34.9601041666667,9.61196422576904
34.9634375,9.61089134216309
34.9667708333333,9.60969924926758
34.9701041666667,9.60850715637207
34.9734375,9.60731506347656
34.9767708333333,9.60618257522583
34.9801041666667,9.60510969161987
34.9834375,9.60415601730347
34.9867708333333,9.60338115692139
34.9901041666667,9.60278511047363
34.9934375,9.60242748260498
34.9967708333333,9.60218906402588
35.0001041666667,9.60218906402588
35.0034375,9.60236787796021
35.0067708333333,9.60278511047363
35.0101041666667,9.60338115692139
35.0134375,9.60409641265869
35.0167708333333,9.60493087768555
35.0201041666667,9.60582494735718
35.0234375,9.60677862167358
35.0267708333333,9.60779190063477
35.0301041666667,9.60886478424072
35.0334375,9.6098780632019
35.0367708333333,9.61089134216309
35.0401041666667,9.61190462112427
35.0434375,9.61285829544067
35.0467708333333,9.61387157440186
35.0501041666667,9.61494445800781
35.0534375,9.61595773696899
35.0567708333333,9.61703062057495
35.0601041666667,9.61816310882568
35.0634375,9.61923599243164
35.0667708333333,9.6203088760376
35.0701041666667,9.62144136428833
35.0734375,9.62251424789429
35.0767708333333,9.62352752685547
35.0801041666667,9.62454080581665
35.0834375,9.62549448013306
35.0867708333333,9.62650775909424
35.0901041666667,9.62740182876587
35.0934375,9.62835550308228
35.0967708333333,9.62930917739868
35.1001041666667,9.63032245635986
35.1034375,9.63133573532104
35.1067708333333,9.632408618927
35.1101041666667,9.63354110717773
35.1134375,9.63467359542847
35.1167708333333,9.63586568832397
35.1201041666667,9.63705778121948
35.1234375,9.63830947875977
35.1267708333333,9.63950157165527
35.1301041666667,9.64075326919556
35.1334375,9.64200496673584
35.1367708333333,9.64325666427612
35.1401041666667,9.64450836181641
35.1434375,9.64576005935669
35.1467708333333,9.64707136154175
35.1501041666667,9.64838266372681
35.1534375,9.64975357055664
35.1567708333333,9.65118408203125
35.1601041666667,9.65273380279541
35.1634375,9.65428352355957
35.1667708333333,9.65595245361328
35.1701041666667,9.65774059295654
35.1734375,9.65958833694458
35.1767708333333,9.66155529022217
35.1801041666667,9.66352224349976
35.1834375,9.66548919677734
35.1867708333333,9.66745615005493
35.1901041666667,9.66942310333252
35.1934375,9.67133045196533
35.1967708333333,9.67317819595337
35.2001041666667,9.67490673065186
35.2034375,9.67651605606079
35.2067708333333,9.67806577682495
35.2101041666667,9.67949628829956
35.2134375,9.68074798583984
35.2167708333333,9.68188047409058
35.2201041666667,9.68283414840698
35.2234375,9.68366861343384
35.2267708333333,9.68438386917114
35.2301041666667,9.68492031097412
35.2334375,9.68533754348755
35.2367708333333,9.6856951713562
35.2401041666667,9.68599319458008
35.2434375,9.68623161315918
35.2467708333333,9.68635082244873
35.2501041666667,9.68647003173828
35.2534375,9.68647003173828
35.2567708333333,9.68641042709351
35.2601041666667,9.68623161315918
35.2634375,9.6859335899353
35.2667708333333,9.68551635742188
35.2701041666667,9.68503952026367
35.2734375,9.68450307846069
35.2767708333333,9.68390703201294
35.2801041666667,9.68331098556519
35.2834375,9.68277454376221
35.2867708333333,9.682297706604
35.2901041666667,9.68188047409058
35.2934375,9.6815824508667
35.2967708333333,9.6813440322876
35.3001041666667,9.68122482299805
35.3034375,9.68116521835327
35.3067708333333,9.6811056137085
35.3101041666667,9.68116521835327
35.3134375,9.68128442764282
35.3167708333333,9.68146324157715
35.3201041666667,9.68176126480103
35.3234375,9.68217849731445
35.3267708333333,9.68277454376221
35.3301041666667,9.68354940414429
35.3334375,9.68450307846069
35.3367708333333,9.68557596206665
35.3401041666667,9.68676805496216
35.3434375,9.68813896179199
35.3467708333333,9.6895694732666
35.3501041666667,9.69105958938599
35.3534375,9.69254970550537
35.3567708333333,9.69409942626953
35.3601041666667,9.69576835632324
35.3634375,9.69743728637695
35.3667708333333,9.69928503036499
35.3701041666667,9.7011923789978
35.3734375,9.70327854156494
35.3767708333333,9.70548391342163
35.3801041666667,9.7077488899231
35.3834375,9.71013307571411
35.3867708333333,9.71263647079468
35.3901041666667,9.71508026123047
35.3934375,9.71752405166626
35.3967708333333,9.71990823745728
35.4001041666667,9.72217321395874
35.4034375,9.72431898117065
35.4067708333333,9.72634553909302
35.4101041666667,9.72825288772583
35.4134375,9.72998142242432
35.4167708333333,9.73159074783325
35.4201041666667,9.73308086395264
35.4234375,9.73433256149292
35.4267708333333,9.73552465438843
35.4301041666667,9.73647832870483
35.4334375,9.73725318908691
35.4367708333333,9.73790884017944
35.4401041666667,9.7382664680481
35.4434375,9.73844528198242
35.4467708333333,9.73844528198242
35.4501041666667,9.73820686340332
35.4534375,9.73778963088989
35.4567708333333,9.73725318908691
35.4601041666667,9.73653793334961
35.4634375,9.73576307296753
35.4667708333333,9.7348690032959
35.4701041666667,9.73397493362427
35.4734375,9.73296165466309
35.4767708333333,9.73182916641235
35.4801041666667,9.73069667816162
35.4834375,9.72938537597656
35.4867708333333,9.7280740737915
35.4901041666667,9.72658395767212
35.4934375,9.72503423690796
35.4967708333333,9.72342491149902
35.5001041666667,9.72175598144531
35.5034375,9.7200870513916
35.5067708333333,9.71835851669312
35.5101041666667,9.7166895866394
35.5134375,9.71508026123047
35.5167708333333,9.71353054046631
35.5201041666667,9.7121000289917
35.5234375,9.71078872680664
35.5267708333333,9.70959663391113
35.5301041666667,9.70858335494995
35.5334375,9.7077488899231
35.5367708333333,9.70709323883057
35.5401041666667,9.70661640167236
35.5434375,9.70637798309326
35.5467708333333,9.70643758773804
35.5501041666667,9.70673561096191
35.5534375,9.70727205276489
35.5567708333333,9.70816612243652
35.5601041666667,9.70935821533203
35.5634375,9.71078872680664
35.5667708333333,9.7125768661499
35.5701041666667,9.71466302871704
35.5734375,9.71692800521851
35.5767708333333,9.71943140029907
35.5801041666667,9.72211360931396
35.5834375,9.72491502761841
35.5867708333333,9.7278356552124
35.5901041666667,9.7307562828064
35.5934375,9.73373651504517
35.5967708333333,9.73671674728394
35.6001041666667,9.73969697952271
35.6034375,9.74267721176147
35.6067708333333,9.74559783935547
35.6101041666667,9.74857807159424
35.6134375,9.75149869918823
35.6167708333333,9.75441932678223
35.6201041666667,9.75733995437622
35.6234375,9.76020097732544
35.6267708333333,9.76300239562988
35.6301041666667,9.76568460464478
35.6334375,9.76818799972534
35.6367708333333,9.77051258087158
35.6401041666667,9.7726583480835
35.6434375,9.77462530136108
35.6467708333333,9.77641344070435
35.6501041666667,9.77802276611328
35.6534375,9.77957248687744
35.6567708333333,9.78094339370728
35.6601041666667,9.78231430053711
35.6634375,9.78362560272217
35.6667708333333,9.784996509552
35.6701041666667,9.78630781173706
35.6734375,9.78767871856689
35.6767708333333,9.78899002075195
35.6801041666667,9.79036092758179
35.6834375,9.79161262512207
35.6867708333333,9.79286432266235
35.6901041666667,9.79405641555786
35.6934375,9.79512929916382
35.6967708333333,9.79608297348022
35.7001041666667,9.7968578338623
35.7034375,9.79751348495483
35.7067708333333,9.79793071746826
35.7101041666667,9.79804992675781
35.7134375,9.79793071746826
35.7167708333333,9.79757308959961
35.7201041666667,9.79691743850708
35.7234375,9.79602336883545
35.7267708333333,9.79495048522949
35.7301041666667,9.79369878768921
35.7334375,9.79232788085938
35.7367708333333,9.79095697402954
35.7401041666667,9.78958606719971
35.7434375,9.78821516036987
35.7467708333333,9.78696346282959
35.7501041666667,9.78577136993408
35.7534375,9.78469848632813
35.7567708333333,9.78374481201172
35.7601041666667,9.78291034698486
35.7634375,9.78219509124756
35.7667708333333,9.78165864944458
35.7701041666667,9.78124141693115
35.7734375,9.78106260299683
35.7767708333333,9.7811222076416
35.7801041666667,9.78142023086548
35.7834375,9.78195667266846
35.7867708333333,9.78273153305054
35.7901041666667,9.78380441665649
35.7934375,9.78511571884155
35.7967708333333,9.78660583496094
35.8001041666667,9.78827476501465
35.8034375,9.79012250900269
35.8067708333333,9.79214906692505
35.8101041666667,9.79429483413696
35.8134375,9.79655981063843
35.8167708333333,9.79900360107422
35.8201041666667,9.80162620544434
35.8234375,9.80430841445923
35.8267708333333,9.80716943740845
35.8301041666667,9.81014966964722
35.8334375,9.81324911117554
35.8367708333333,9.81646776199341
35.8401041666667,9.81974601745605
35.8434375,9.82308387756348
35.8467708333333,9.8264217376709
35.8501041666667,9.8298192024231
35.8534375,9.83321666717529
35.8567708333333,9.83661413192749
35.8601041666667,9.83995199203491
35.8634375,9.84323024749756
35.8667708333333,9.84644889831543
35.8701041666667,9.84960794448853
35.8734375,9.85264778137207
35.8767708333333,9.85550880432129
35.8801041666667,9.85825061798096
35.8834375,9.86093282699585
35.8867708333333,9.86337661743164
35.8901041666667,9.86570119857788
35.8934375,9.86790657043457
35.8967708333333,9.86993312835693
35.9001041666667,9.87178087234497
35.9034375,9.87339019775391
35.9067708333333,9.87488031387329
35.9101041666667,9.87613201141357
35.9134375,9.87726449966431
35.9167708333333,9.87815856933594
35.9201041666667,9.87899303436279
35.9234375,9.87964868545532
35.9267708333333,9.88030433654785
35.9301041666667,9.88090038299561
35.9334375,9.88149642944336
35.9367708333333,9.88215208053589
35.9401041666667,9.88280773162842
35.9434375,9.88346338272095
35.9467708333333,9.88417863845825
35.9501041666667,9.88495349884033
35.9534375,9.88578796386719
35.9567708333333,9.88656282424927
35.9601041666667,9.8874568939209
35.9634375,9.88835096359253
35.9667708333333,9.88930463790894
35.9701041666667,9.89037752151489
35.9734375,9.89151000976563
35.9767708333333,9.89276170730591
35.9801041666667,9.89419221878052
35.9834375,9.89574193954468
35.9867708333333,9.89741086959839
35.9901041666667,9.8993182182312
35.9934375,9.90134477615356
35.9967708333333,9.90360975265503
36.0001041666667,9.90599393844604
36.0034375,9.90861654281616
36.0067708333333,9.91141796112061
36.0101041666667,9.91439819335938
36.0134375,9.91755723953247
36.0167708333333,9.92089509963989
36.0201041666667,9.92441177368164
36.0234375,9.92798805236816
36.0267708333333,9.93168354034424
36.0301041666667,9.93537902832031
36.0334375,9.93913412094116
36.0367708333333,9.94282960891724
36.0401041666667,9.94646549224854
36.0434375,9.94992256164551
36.0467708333333,9.95320081710815
36.0501041666667,9.95618104934692
36.0534375,9.95892286300659
36.0567708333333,9.96136665344238
36.0601041666667,9.9635124206543
36.0634375,9.96536016464233
36.0667708333333,9.96685028076172
36.0701041666667,9.96798276901245
36.0734375,9.96893644332886
36.0767708333333,9.96953248977661
36.0801041666667,9.96994972229004
36.0834375,9.97012853622437
36.0867708333333,9.97012853622437
36.0901041666667,9.96989011764526
36.0934375,9.96941328048706
36.0967708333333,9.96875762939453
36.1001041666667,9.96792316436768
36.1034375,9.96690988540649
36.1067708333333,9.96571779251099
36.1101041666667,9.96440649032593
36.1134375,9.96291637420654
36.1167708333333,9.96142625808716
36.1201041666667,9.959876537323
36.1234375,9.95838642120361
36.1267708333333,9.956955909729
36.1301041666667,9.95564460754395
36.1334375,9.95451211929321
36.1367708333333,9.95349884033203
36.1401041666667,9.95266437530518
36.1434375,9.95206832885742
36.1467708333333,9.95165109634399
36.1501041666667,9.95147228240967
36.1534375,9.95147228240967
36.1567708333333,9.95165109634399
36.1601041666667,9.95206832885742
36.1634375,9.95272397994995
36.1667708333333,9.95361804962158
36.1701041666667,9.95481014251709
36.1734375,9.9562406539917
36.1767708333333,9.95784997940063
36.1801041666667,9.95975732803345
36.1834375,9.96190309524536
36.1867708333333,9.96434688568115
36.1901041666667,9.96696949005127
36.1934375,9.96977090835571
36.1967708333333,9.97281074523926
36.2001041666667,9.9760890007019
36.2034375,9.9794864654541
36.2067708333333,9.98300313949585
36.2101041666667,9.98663902282715
36.2134375,9.99033451080322
36.2167708333333,9.99397039413452
36.2201041666667,9.99754667282104
36.2234375,10.0009441375732
36.2267708333333,10.0041627883911
36.2301041666667,10.0071430206299
36.2334375,10.0098252296448
36.2367708333333,10.012149810791
36.2401041666667,10.0141167640686
36.2434375,10.0157856941223
36.2467708333333,10.0170969963074
36.2501041666667,10.0180506706238
36.2534375,10.0187659263611
36.2567708333333,10.0192427635193
36.2601041666667,10.0194811820984
36.2634375,10.0195407867432
36.2667708333333,10.0194811820984
36.2701041666667,10.0192427635193
36.2734375,10.0190043449402
36.2767708333333,10.0186467170715
36.2801041666667,10.0182890892029
36.2834375,10.0178122520447
36.2867708333333,10.0173354148865
36.2901041666667,10.0167393684387
36.2934375,10.016143321991
36.2967708333333,10.0155472755432
36.3001041666667,10.0148916244507
36.3034375,10.0143551826477
36.3067708333333,10.0138187408447
36.3101041666667,10.0134015083313
36.3134375,10.0131034851074
36.3167708333333,10.0129842758179
36.3201041666667,10.0129842758179
36.3234375,10.0131034851074
36.3267708333333,10.0134015083313
36.3301041666667,10.0138187408447
36.3334375,10.0143551826477
36.3367708333333,10.015070438385
36.3401041666667,10.0158452987671
36.3434375,10.0167393684387
36.3467708333333,10.0176930427551
36.3501041666667,10.0186467170715
36.3534375,10.0196599960327
36.3567708333333,10.0205540657043
36.3601041666667,10.0213289260864
36.3634375,10.0219249725342
36.3667708333333,10.0223422050476
36.3701041666667,10.0225210189819
36.3734375,10.0224614143372
36.3767708333333,10.0221633911133
36.3801041666667,10.0216269493103
36.3834375,10.0209712982178
36.3867708333333,10.0201964378357
36.3901041666667,10.0193023681641
36.3934375,10.0184082984924
36.3967708333333,10.0173950195313
36.4001041666667,10.0164413452148
36.4034375,10.0154280662537
36.4067708333333,10.0142955780029
36.4101041666667,10.0131630897522
36.4134375,10.0119113922119
36.4167708333333,10.0105404853821
36.4201041666667,10.0090503692627
36.4234375,10.0074410438538
36.4267708333333,10.0056529045105
36.4301041666667,10.0037455558777
36.4334375,10.0016593933105
36.4367708333333,9.99951362609863
36.4401041666667,9.99730825424194
36.4434375,9.99504327774048
36.4467708333333,9.99277830123901
36.4501041666667,9.99051332473755
36.4534375,9.98824834823608
36.4567708333333,9.98610258102417
36.4601041666667,9.98401641845703
36.4634375,9.98198986053467
36.4667708333333,9.98008251190186
36.4701041666667,9.97817516326904
36.4734375,9.97632741928101
36.4767708333333,9.97447967529297
36.4801041666667,9.97263193130493
36.4834375,9.97084379196167
36.4867708333333,9.96899604797363
36.4901041666667,9.96720790863037
36.4934375,9.96547937393188
36.4967708333333,9.96381044387817
36.5001041666667,9.96226072311401
36.5034375,9.96088981628418
36.5067708333333,9.95969772338867
36.5101041666667,9.95868444442749
36.5134375,9.95784997940063
36.5167708333333,9.95719432830811
36.5201041666667,9.95677709579468
36.5234375,9.9564790725708
36.5267708333333,9.95641946792603
36.5301041666667,9.9564790725708
36.5334375,9.95665788650513
36.5367708333333,9.95707511901855
36.5401041666667,9.95767116546631
36.5434375,9.95844602584839
36.5467708333333,9.95939970016479
36.5501041666667,9.96053218841553
36.5534375,9.96184349060059
36.5567708333333,9.96339321136475
36.5601041666667,9.96512174606323
36.5634375,9.96708869934082
36.5667708333333,9.96935367584229
36.5701041666667,9.97185707092285
36.5734375,9.97465848922729
36.5767708333333,9.97781753540039
36.5801041666667,9.98127460479736
36.5834375,9.98520851135254
36.5867708333333,9.98955965042114
36.5901041666667,9.99432802200317
36.5934375,9.99963283538818
36.5967708333333,10.0054144859314
36.6001041666667,10.0118517875671
36.6034375,10.019063949585
36.6067708333333,10.0271701812744
36.6101041666667,10.0365281105042
36.6134375,10.0476741790771
36.6167708333333,10.0612640380859
36.6201041666667,10.0783705711365
36.6234375,10.1004242897034
36.6267708333333,10.1292729377747
36.6301041666667,10.1674199104309
36.6334375,10.2176666259766
36.6367708333333,10.2834701538086
36.6401041666667,10.3684663772583
36.6434375,10.4765892028809
36.6467708333333,10.6115937232971
36.6501041666667,10.7765793800354
36.6534375,10.9738707542419
36.6567708333333,11.2044215202332
36.6601041666667,11.4675760269165
36.6634375,11.760413646698
36.6667708333333,12.0780467987061
36.6701041666667,12.4132037162781
36.6734375,12.7567648887634
36.6767708333333,13.0979418754578
36.6801041666667,13.4250521659851
36.6834375,13.7259364128113
36.6867708333333,13.9890313148499
36.6901041666667,14.2040848731995
36.6934375,14.362633228302
36.6967708333333,14.4588947296143
36.7001041666667,14.4899487495422
36.7034375,14.4557952880859
36.7067708333333,14.3594741821289
36.7101041666667,14.2065286636353
36.7134375,14.0045881271362
36.7167708333333,13.7629508972168
36.7201041666667,13.4915709495544
36.7234375,13.2008194923401
36.7267708333333,12.9005908966064
36.7301041666667,12.6001238822937
36.7334375,12.3072862625122
36.7367708333333,12.0285153388977
36.7401041666667,11.7687582969666
36.7434375,11.5315318107605
36.7467708333333,11.3187432289124
36.7501041666667,11.1311078071594
36.7534375,10.9683275222778
36.7567708333333,10.8291506767273
36.7601041666667,10.7118487358093
36.7634375,10.6141567230225
36.7667708333333,10.5336904525757
36.7701041666667,10.468065738678
36.7734375,10.4147791862488
36.7767708333333,10.3716850280762
36.7801041666667,10.3368163108826
36.7834375,10.3085041046143
36.7867708333333,10.2852582931519
36.7901041666667,10.2660059928894
36.7934375,10.2497339248657
36.7967708333333,10.2357268333435
36.8001041666667,10.2235674858093
36.8034375,10.2128386497498
36.8067708333333,10.2033019065857
36.8101041666667,10.1947784423828
36.8134375,10.1871490478516
36.8167708333333,10.1803541183472
36.8201041666667,10.1743340492249
36.8234375,10.1691484451294
36.8267708333333,10.1646780967712
36.8301041666667,10.1609230041504
36.8334375,10.1578235626221
36.8367708333333,10.1553797721863
36.8401041666667,10.1535320281982
36.8434375,10.1522207260132
36.8467708333333,10.1513266563416
36.8501041666667,10.1509094238281
36.8534375,10.1507306098938
36.8567708333333,10.1508498191833
36.8601041666667,10.1511478424072
36.8634375,10.1515650749207
36.8667708333333,10.1520419120789
36.8701041666667,10.1525783538818
36.8734375,10.15305519104
36.8767708333333,10.153591632843
36.8801041666667,10.1540684700012
36.8834375,10.1545453071594
36.8867708333333,10.1550817489624
36.8901041666667,10.1557374000549
36.8934375,10.156512260437
36.8967708333333,10.1575255393982
36.9001041666667,10.1588368415833
36.9034375,10.1607441902161
36.9067708333333,10.1633667945862
36.9101041666667,10.1670622825623
36.9134375,10.1723074913025
36.9167708333333,10.1796984672546
36.9201041666667,10.1900100708008
36.9234375,10.2043151855469
36.9267708333333,10.2238655090332
36.9301041666667,10.2502107620239
36.9334375,10.2850794792175
36.9367708333333,10.3303790092468
36.9401041666667,10.3881359100342
36.9434375,10.4604363441467
36.9467708333333,10.549008846283
36.9501041666667,10.655403137207
36.9534375,10.780394077301
36.9567708333333,10.9241604804993
36.9601041666667,11.0858678817749
36.9634375,11.2634897232056
36.9667708333333,11.4539265632629
36.9701041666667,11.652946472168
36.9734375,11.8551850318909
36.9767708333333,12.0546221733093
36.9801041666667,12.2446417808533
36.9834375,12.4185085296631
36.9867708333333,12.5698447227478
36.9901041666667,12.6929879188538
36.9934375,12.7832293510437
36.9967708333333,12.8373503684998
37.0001041666667,12.853741645813
37.0034375,12.8323435783386
37.0067708333333,12.7747654914856
37.0101041666667,12.6839876174927
37.0134375,12.5642418861389
37.0167708333333,12.4208331108093
37.0201041666667,12.2592449188232
37.0234375,12.0854377746582
37.0267708333333,11.9050741195679
37.0301041666667,11.7234587669373
37.0334375,11.5452408790588
37.0367708333333,11.3742351531982
37.0401041666667,11.2135410308838
37.0434375,11.0652446746826
37.0467708333333,10.9307169914246
37.0501041666667,10.8105540275574
37.0534375,10.7047557830811
37.0567708333333,10.6129050254822
37.0601041666667,10.5340480804443
37.0634375,10.4671716690063
37.0667708333333,10.4110240936279
37.0701041666667,10.3643536567688
37.0734375,10.3258490562439
37.0767708333333,10.2943181991577
37.0801041666667,10.2686882019043
37.0834375,10.2480053901672
37.0867708333333,10.2312564849854
37.0901041666667,10.2178454399109
37.0934375,10.2069973945618
37.0967708333333,10.1982355117798
37.1001041666667,10.1912021636963
37.1034375,10.1854205131531
37.1067708333333,10.1807117462158
37.1101041666667,10.1767182350159
37.1134375,10.1733803749084
37.1167708333333,10.1704001426697
37.1201041666667,10.1677775382996
37.1234375,10.1653337478638
37.1267708333333,10.1630687713623
37.1301041666667,10.1608037948608
37.1334375,10.1585984230042
37.1367708333333,10.1563930511475
37.1401041666667,10.1541876792908
37.1434375,10.1519227027893
37.1467708333333,10.1497173309326
37.1501041666667,10.1474523544312
37.1534375,10.1453065872192
37.1567708333333,10.1431608200073
37.1601041666667,10.1411938667297
37.1634375,10.1394057273865
37.1667708333333,10.1377367973328
37.1701041666667,10.1361870765686
37.1734375,10.1348757743835
37.1767708333333,10.1336240768433
37.1801041666667,10.1325511932373
37.1834375,10.1315379142761
37.1867708333333,10.1305246353149
37.1901041666667,10.1295709609985
37.1934375,10.1285576820374
37.1967708333333,10.1274847984314
37.2001041666667,10.1264119148254
37.2034375,10.1253390312195
37.2067708333333,10.1242661476135
37.2101041666667,10.1232528686523
37.2134375,10.1222991943359
37.2167708333333,10.1214051246643
37.2201041666667,10.1206302642822
37.2234375,10.1199746131897
37.2267708333333,10.1194977760315
37.2301041666667,10.1190805435181
37.2334375,10.1187825202942
37.2367708333333,10.1186037063599
37.2401041666667,10.1184248924255
37.2434375,10.118305683136
37.2467708333333,10.118305683136
37.2501041666667,10.118305683136
37.2534375,10.1184248924255
37.2567708333333,10.1186037063599
37.2601041666667,10.1189017295837
37.2634375,10.1193189620972
37.2667708333333,10.1199150085449
37.2701041666667,10.1207494735718
37.2734375,10.121762752533
37.2767708333333,10.1229548454285
37.2801041666667,10.1243853569031
37.2834375,10.1259350776672
37.2867708333333,10.1277232170105
37.2901041666667,10.1296305656433
37.2934375,10.1317167282104
37.2967708333333,10.1339221000671
37.3001041666667,10.1362466812134
37.3034375,10.1386308670044
37.3067708333333,10.1410746574402
37.3101041666667,10.1435780525208
37.3134375,10.1460814476013
37.3167708333333,10.1485848426819
37.3201041666667,10.1510882377625
37.3234375,10.1534128189087
37.3267708333333,10.1556777954102
37.3301041666667,10.1577639579773
37.3334375,10.1597309112549
37.3367708333333,10.1614594459534
37.3401041666667,10.1630687713623
37.3434375,10.1646184921265
37.3467708333333,10.1661086082458
37.3501041666667,10.1675987243652
37.3534375,10.1692080497742
37.3567708333333,10.1708769798279
37.3601041666667,10.1727247238159
37.3634375,10.1746916770935
37.3667708333333,10.1767778396606
37.3701041666667,10.1789832115173
37.3734375,10.181188583374
37.3767708333333,10.1833939552307
37.3801041666667,10.1855397224426
37.3834375,10.1874470710754
37.3867708333333,10.1891160011292
37.3901041666667,10.190486907959
37.3934375,10.1915597915649
37.3967708333333,10.1922154426575
37.4001041666667,10.1925134658813
37.4034375,10.1925134658813
37.4067708333333,10.1922154426575
37.4101041666667,10.1916790008545
37.4134375,10.1909637451172
37.4167708333333,10.1901888847351
37.4201041666667,10.1894736289978
37.4234375,10.1887583732605
37.4267708333333,10.1882815361023
37.4301041666667,10.1879835128784
37.4334375,10.1879835128784
37.4367708333333,10.1882219314575
37.4401041666667,10.1887583732605
37.4434375,10.1895928382874
37.4467708333333,10.1907253265381
37.4501041666667,10.1921558380127
37.4534375,10.1938247680664
37.4567708333333,10.1958513259888
37.4601041666667,10.1980566978455
37.4634375,10.200560092926
37.4667708333333,10.2032423019409
37.4701041666667,10.2061629295349
37.4734375,10.2093815803528
37.4767708333333,10.2128386497498
37.4801041666667,10.2166533470154
37.4834375,10.2208256721497
37.4867708333333,10.2255940437317
37.4901041666667,10.2309584617615
37.4934375,10.2370977401733
37.4967708333333,10.2441310882568
37.5001041666667,10.2521181106567
37.5034375,10.261058807373
37.5067708333333,10.2709531784058
37.5101041666667,10.2817416191101
37.5134375,10.2931261062622
37.5167708333333,10.3049874305725
37.5201041666667,10.3169679641724
37.5234375,10.3287100791931
37.5267708333333,10.3398561477661
37.5301041666667,10.3501081466675
37.5334375,10.3591084480286
37.5367708333333,10.3666186332703
37.5401041666667,10.3724598884583
37.5434375,10.376513004303
37.5467708333333,10.3787779808044
37.5501041666667,10.3793144226074
37.5534375,10.3783011436462
37.5567708333333,10.3759765625
37.5601041666667,10.3725790977478
37.5634375,10.3684067726135
37.5667708333333,10.3636384010315
37.5701041666667,10.3585720062256
37.5734375,10.3532671928406
37.5767708333333,10.3479027748108
37.5801041666667,10.342538356781
37.5834375,10.337233543396
37.5867708333333,10.3318691253662
37.5901041666667,10.3265047073364
37.5934375,10.3210210800171
37.5967708333333,10.3153586387634
37.6001041666667,10.3095173835754
37.6034375,10.3034973144531
37.6067708333333,10.2972984313965
37.6101041666667,10.2909803390503
37.6134375,10.2845430374146
37.6167708333333,10.2781057357788
37.6201041666667,10.2716684341431
37.6234375,10.2653503417969
37.6267708333333,10.2592706680298
37.6301041666667,10.2534294128418
37.6334375,10.2480053901672
37.6367708333333,10.2429986000061
37.6401041666667,10.2384686470032
37.6434375,10.234534740448
37.6467708333333,10.2311968803406
37.6501041666667,10.2285742759705
37.6534375,10.2266669273376
37.6567708333333,10.2256536483765
37.6601041666667,10.2254152297974
37.6634375,10.2260708808899
37.6667708333333,10.2276206016541
37.6701041666667,10.2300047874451
37.6734375,10.2331638336182
37.6767708333333,10.2370381355286
37.6801041666667,10.2415084838867
37.6834375,10.2462768554688
37.6867708333333,10.2512836456299
37.6901041666667,10.256290435791
37.6934375,10.261058807373
37.6967708333333,10.2654099464417
37.7001041666667,10.2692246437073
37.7034375,10.2723836898804
37.7067708333333,10.2747678756714
37.7101041666667,10.2763772010803
37.7134375,10.2771520614624
37.7167708333333,10.277271270752
37.7201041666667,10.276734828949
37.7234375,10.275661945343
37.7267708333333,10.2741122245789
37.7301041666667,10.2722644805908
37.7334375,10.2702379226685
37.7367708333333,10.2680921554565
37.7401041666667,10.2659463882446
37.7434375,10.2640390396118
37.7467708333333,10.2624893188477
37.7501041666667,10.2614164352417
37.7534375,10.2609992027283
37.7567708333333,10.2614164352417
37.7601041666667,10.2627873420715
37.7634375,10.2652311325073
37.7667708333333,10.2688074111938
37.7701041666667,10.2735757827759
37.7734375,10.2794170379639
37.7767708333333,10.2863907814026
37.7801041666667,10.2943181991577
37.7834375,10.3030204772949
37.7867708333333,10.3122591972351
37.7901041666667,10.3217959403992
37.7934375,10.3312134742737
37.7967708333333,10.3402733802795
37.8001041666667,10.3486776351929
37.8034375,10.356068611145
37.8067708333333,10.3622078895569
37.8101041666667,10.3668570518494
37.8134375,10.3698968887329
37.8167708333333,10.371208190918
37.8201041666667,10.3707909584045
37.8234375,10.3687644004822
37.8267708333333,10.3652477264404
37.8301041666667,10.3604197502136
37.8334375,10.3545188903809
37.8367708333333,10.3477239608765
37.8401041666667,10.3403925895691
37.8434375,10.3327631950378
37.8467708333333,10.3249549865723
37.8501041666667,10.3172659873962
37.8534375,10.3098154067993
37.8567708333333,10.302722454071
37.8601041666667,10.2960467338562
37.8634375,10.2899074554443
37.8667708333333,10.2843642234802
37.8701041666667,10.2793574333191
37.8734375,10.2748870849609
37.8767708333333,10.2710127830505
37.8801041666667,10.2676153182983
37.8834375,10.2646946907043
37.8867708333333,10.2621912956238
37.8901041666667,10.2601051330566
37.8934375,10.2583169937134
37.8967708333333,10.256826877594
37.9001041666667,10.2555751800537
37.9034375,10.2545022964478
37.9067708333333,10.2536082267761
37.9101041666667,10.2527737617493
37.9134375,10.252058506012
37.9167708333333,10.2514028549194
37.9201041666667,10.2508068084717
37.9234375,10.2502703666687
37.9267708333333,10.2497935295105
37.9301041666667,10.2494359016418
37.9334375,10.2491974830627
37.9367708333333,10.249137878418
37.9401041666667,10.2491974830627
37.9434375,10.2494955062866
37.9467708333333,10.2499127388
37.9501041666667,10.2505087852478
37.9534375,10.2512836456299
37.9567708333333,10.2522969245911
37.9601041666667,10.253369808197
37.9634375,10.2546811103821
37.9667708333333,10.2560520172119
37.9701041666667,10.2574825286865
37.9734375,10.2589726448059
37.9767708333333,10.2605223655701
37.9801041666667,10.262131690979
37.9834375,10.2636814117432
37.9867708333333,10.2652907371521
37.9901041666667,10.266900062561
37.9934375,10.2685689926147
37.9967708333333,10.2702975273132
38.0001041666667,10.272204875946
38.0034375,10.2742910385132
38.0067708333333,10.2765560150146
38.0101041666667,10.27911901474
38.0134375,10.2819800376892
38.0167708333333,10.2851986885071
38.0201041666667,10.2887153625488
38.0234375,10.292649269104
38.0267708333333,10.2969408035278
38.0301041666667,10.3017687797546
38.0334375,10.3070139884949
38.0367708333333,10.3127956390381
38.0401041666667,10.3191137313843
38.0434375,10.3259682655334
38.0467708333333,10.3334784507751
38.0501041666667,10.3416442871094
38.0534375,10.3504061698914
38.0567708333333,10.3598237037659
38.0601041666667,10.3699564933777
38.0634375,10.3806853294373
38.0667708333333,10.3920698165894
38.0701041666667,10.4040503501892
38.0734375,10.4165077209473
38.0767708333333,10.4294419288635
38.0801041666667,10.4426741600037
38.0834375,10.4560852050781
38.0867708333333,10.4694366455078
38.0901041666667,10.4826092720032
38.0934375,10.4953050613403
38.0967708333333,10.507345199585
38.1001041666667,10.5184316635132
38.1034375,10.5284452438354
38.1067708333333,10.5370879173279
38.1101041666667,10.5442404747009
38.1134375,10.5497241020203
38.1167708333333,10.5534791946411
38.1201041666667,10.5554461479187
38.1234375,10.555624961853
38.1267708333333,10.5539560317993
38.1301041666667,10.5506181716919
38.1334375,10.5456709861755
38.1367708333333,10.5393528938293
38.1401041666667,10.5317234992981
38.1434375,10.5230212211609
38.1467708333333,10.5134844779968
38.1501041666667,10.5032920837402
38.1534375,10.4926228523254
38.1567708333333,10.4817748069763
38.1601041666667,10.4708671569824
38.1634375,10.4600787162781
38.1667708333333,10.4495882987976
38.1701041666667,10.4395151138306
38.1734375,10.429859161377
38.1767708333333,10.4208588600159
38.1801041666667,10.4124546051025
38.1834375,10.4047060012817
38.1867708333333,10.3976726531982
38.1901041666667,10.3912353515625
38.1934375,10.3855133056641
38.1967708333333,10.3803277015686
38.2001041666667,10.3757381439209
38.2034375,10.3716850280762
38.2067708333333,10.3681683540344
38.2101041666667,10.3650689125061
38.2134375,10.3623867034912
38.2167708333333,10.3601217269897
38.2201041666667,10.3581547737122
38.2234375,10.3565454483032
38.2267708333333,10.3552937507629
38.2301041666667,10.3544592857361
38.2334375,10.3541016578674
38.2367708333333,10.3543996810913
38.2401041666667,10.3555917739868
38.2434375,10.3580951690674
38.2467708333333,10.362446308136
38.2501041666667,10.3693604469299
38.2534375,10.3800892829895
38.2567708333333,10.3959441184998
38.2601041666667,10.4190111160278
38.2634375,10.4517936706543
38.2667708333333,10.4974508285522
38.2701041666667,10.5600953102112
38.2734375,10.6443166732788
38.2767708333333,10.7556581497192
38.2801041666667,10.9001398086548
38.2834375,11.0843181610107
38.2867708333333,11.314868927002
38.2901041666667,11.5981698036194
38.2934375,11.9398236274719
38.2967708333333,12.3441815376282
38.3001041666667,12.8133893013
38.3034375,13.3472681045532
38.3067708333333,13.9423012733459
38.3101041666667,14.5914554595947
38.3134375,15.2840614318848
38.3167708333333,16.0056352615356
38.3201041666667,16.7384147644043
38.3234375,17.4619555473328
38.3267708333333,18.1540250778198
38.3301041666667,18.7917947769165
38.3334375,19.3530321121216
38.3367708333333,19.8176503181458
38.3401041666667,20.1687216758728
38.3434375,20.3936100006104
38.3467708333333,20.4848051071167
38.3501041666667,20.4403400421143
38.3534375,20.2638506889343
38.3567708333333,19.9641585350037
38.3601041666667,19.5546746253967
38.3634375,19.0524458885193
38.3667708333333,18.4769034385681
38.3701041666667,17.8488492965698
38.3734375,17.1891450881958
38.3767708333333,16.5176391601563
38.3801041666667,15.8522129058838
38.3834375,15.20836353302
38.3867708333333,14.5984292030334
38.3901041666667,14.031708240509
38.3934375,13.514518737793
38.3967708333333,13.0501389503479
38.4001041666667,12.6394629478455
38.4034375,12.2813582420349
38.4067708333333,11.9730830192566
38.4101041666667,11.7107629776001
38.4134375,11.4899873733521
38.4167708333333,11.3059282302856
38.4201041666667,11.1536383628845
38.4234375,11.0285878181458
38.4267708333333,10.9264254570007
38.4301041666667,10.8433365821838
38.4334375,10.7758641242981
38.4367708333333,10.7212066650391
38.4401041666667,10.6769204139709
38.4434375,10.6408596038818
38.4467708333333,10.6114745140076
38.4501041666667,10.5873346328735
38.4534375,10.5674862861633
38.4567708333333,10.5509161949158
38.4601041666667,10.5370879173279
38.4634375,10.5254650115967
38.4667708333333,10.515570640564
38.4701041666667,10.5071663856506
38.4734375,10.499894618988
38.4767708333333,10.4936957359314
38.4801041666667,10.4883313179016
38.4834375,10.4836821556091
38.4867708333333,10.4798078536987
38.4901041666667,10.4765892028809
38.4934375,10.4742050170898
38.4967708333333,10.4727745056152
38.5001041666667,10.4727149009705
38.5034375,10.4744434356689
38.5067708333333,10.4787349700928
38.5101041666667,10.4865431785583
38.5134375,10.4991793632507
38.5167708333333,10.5184316635132
38.5201041666667,10.5464458465576
38.5234375,10.5860233306885
38.5267708333333,10.6404423713684
38.5301041666667,10.713517665863
38.5334375,10.8098387718201
38.5367708333333,10.9341144561768
38.5401041666667,11.091411113739
38.5434375,11.2866759300232
38.5467708333333,11.524498462677
38.5501041666667,11.8083953857422
38.5534375,12.1408104896545
38.5567708333333,12.5221610069275
38.5601041666667,12.9506587982178
38.5634375,13.421893119812
38.5667708333333,13.9284729957581
38.5701041666667,14.4603252410889
38.5734375,15.0046348571777
38.5767708333333,15.5462622642517
38.5801041666667,16.0685777664185
38.5834375,16.5542960166931
38.5867708333333,16.9863104820251
38.5901041666667,17.3488259315491
38.5934375,17.6284909248352
38.5967708333333,17.8151726722717
38.6001041666667,17.9025530815125
38.6034375,17.8888440132141
38.6067708333333,17.7767872810364
38.6101041666667,17.573356628418
38.6134375,17.2895193099976
38.6167708333333,16.9395804405212
38.6201041666667,16.5402889251709
38.6234375,16.109824180603
38.6267708333333,15.6673192977905
38.6301041666667,15.231728553772
38.6334375,14.8213505744934
38.6367708333333,14.4532918930054
38.6401041666667,14.1432285308838
38.6434375,13.9056444168091
38.6467708333333,13.7537121772766
38.6501041666667,13.7001872062683
38.6534375,13.7583613395691
38.6567708333333,13.9438509941101
38.6601041666667,14.2767429351807
38.6634375,14.7851705551147
38.6667708333333,15.5097842216492
38.6701041666667,16.509473323822
38.6734375,17.8682804107666
38.6767708333333,19.7032690048218
38.6801041666667,22.1725106239319
38.6834375,25.4818201065063
38.6867708333333,29.8892855644226
38.6901041666667,35.7053279876709
38.6934375,43.2870388031006
38.6967708333333,53.0242919921875
38.7001041666667,65.3179883956909
38.7034375,80.5498957633972
38.7067708333333,99.0456342697144
38.7101041666667,121.033489704132
38.7134375,146.603882312775
38.7167708333333,175.673067569733
38.7201041666667,207.957029342651
38.7234375,242.95961856842
38.7267708333333,279.978156089783
38.7301041666667,318.127632141113
38.7334375,356.382846832275
38.7367708333333,393.634617328644
38.7401041666667,428.755819797516
38.7434375,460.669934749603
38.7467708333333,488.416016101837
38.7501041666667,511.203706264496
38.7534375,528.453707695007
38.7567708333333,539.820313453674
38.7601041666667,545.195877552032
38.7634375,544.697999954224
38.7667708333333,538.64312171936
38.7701041666667,527.509450912476
38.7734375,511.895477771759
38.7767708333333,492.476165294647
38.7801041666667,469.963014125824
38.7834375,445.068120956421
38.7867708333333,418.476164340973
38.7901041666667,390.822947025299
38.7934375,362.681329250336
38.7967708333333,334.553360939026
38.8001041666667,306.867122650146
38.8034375,279.977798461914
38.8067708333333,254.171013832092
38.8101041666667,229.667663574219
38.8134375,206.630170345306
38.8167708333333,185.168504714966
38.8201041666667,165.346503257751
38.8234375,147.188007831573
38.8267708333333,130.682706832886
38.8301041666667,115.791916847229
38.8334375,102.453649044037
38.8367708333333,90.587854385376
38.8401041666667,80.1010131835938
38.8434375,70.8902478218079
38.8467708333333,62.8474950790405
38.8501041666667,55.8626055717468
38.8534375,49.8265624046326
38.8567708333333,44.6336269378662
38.8601041666667,40.1833057403564
38.8634375,36.3819003105164
38.8667708333333,33.1431031227112
38.8701041666667,30.3887724876404
38.8734375,28.0490517616272
38.8767708333333,26.0621309280396
38.8801041666667,24.3740677833557
38.8834375,22.9379534721375
38.8867708333333,21.7137336730957
38.8901041666667,20.6672549247742
38.8934375,19.769549369812
38.8967708333333,18.9964175224304
38.9001041666667,18.3274149894714
38.9034375,17.7457332611084
38.9067708333333,17.2372460365295
38.9101041666667,16.7903304100037
38.9134375,16.3953900337219
38.9167708333333,16.0443782806396
38.9201041666667,15.7307982444763
38.9234375,15.4492855072021
38.9267708333333,15.1952505111694
38.9301041666667,14.9650573730469
38.9334375,14.7556662559509
38.9367708333333,14.5644545555115
38.9401041666667,14.3894553184509
38.9434375,14.2287611961365
38.9467708333333,14.0810012817383
38.9501041666667,13.9449834823608
38.9534375,13.8195753097534
38.9567708333333,13.7038826942444
38.9601041666667,13.5972499847412
38.9634375,13.4990215301514
38.9667708333333,13.4085416793823
38.9701041666667,13.3253335952759
38.9734375,13.2489204406738
38.9767708333333,13.1788849830627
38.9801041666667,13.1147503852844
38.9834375,13.0560398101807
38.9867708333333,13.0023956298828
38.9901041666667,12.9534006118774
38.9934375,12.9085183143616
38.9967708333333,12.8673911094666
39.0001041666667,12.8294825553894
39.0034375,12.7944350242615
39.0067708333333,12.7618312835693
39.0101041666667,12.7310752868652
39.0134375,12.7018690109253
39.0167708333333,12.6737356185913
39.0201041666667,12.6463174819946
39.0234375,12.6191377639771
39.0267708333333,12.5919580459595
39.0301041666667,12.5644207000732
39.0334375,12.5364065170288
39.0367708333333,12.5077366828918
39.0401041666667,12.4783515930176
39.0434375,12.448251247406
39.0467708333333,12.4175548553467
39.0501041666667,12.3863816261292
39.0534375,12.3549699783325
39.0567708333333,12.3235583305359
39.0601041666667,12.2923851013184
39.0634375,12.261688709259
39.0667708333333,12.2317671775818
39.0701041666667,12.2027993202209
39.0734375,12.1749639511108
39.0767708333333,12.148380279541
39.0801041666667,12.1231079101563
39.0834375,12.0992660522461
39.0867708333333,12.0768547058105
39.0901041666667,12.0558142662048
39.0934375,12.0360851287842
39.0967708333333,12.017548084259
39.1001041666667,12.0002627372742
39.1034375,11.9839906692505
39.1067708333333,11.9686722755432
39.1101041666667,11.9542479515076
39.1134375,11.9406580924988
39.1167708333333,11.9277238845825
39.1201041666667,11.9154453277588
39.1234375,11.9037628173828
39.1267708333333,11.8924379348755
39.1301041666667,11.8815898895264
39.1334375,11.8710398674011
39.1367708333333,11.860728263855
39.1401041666667,11.8505954742432
39.1434375,11.8407011032104
39.1467708333333,11.8309855461121
39.1501041666667,11.821448802948
39.1534375,11.8120312690735
39.1567708333333,11.8028521537781
39.1601041666667,11.793851852417
39.1634375,11.7850303649902
39.1667708333333,11.7763876914978
39.1701041666667,11.7679834365845
39.1734375,11.7596983909607
39.1767708333333,11.7515921592712
39.1801041666667,11.7436051368713
39.1834375,11.735737323761
39.1867708333333,11.7279291152954
39.1901041666667,11.7201805114746
39.1934375,11.7124915122986
39.1967708333333,11.7048025131226
39.2001041666667,11.6971731185913
39.2034375,11.6896033287048
39.2067708333333,11.6820335388184
39.2101041666667,11.6745829582214
39.2134375,11.6672515869141
39.2167708333333,11.660099029541
39.2201041666667,11.6531848907471
39.2234375,11.6466879844666
39.2267708333333,11.640727519989
39.2301041666667,11.635422706604
39.2334375,11.6309523582458
39.2367708333333,11.6274952888489
39.2401041666667,11.6251111030579
39.2434375,11.6240382194519
39.2467708333333,11.624276638031
39.2501041666667,11.6258859634399
39.2534375,11.6288065910339
39.2567708333333,11.6329789161682
39.2601041666667,11.6381645202637
39.2634375,11.6441249847412
39.2667708333333,11.6505026817322
39.2701041666667,11.6568803787231
39.2734375,11.6629004478455
39.2767708333333,11.6679668426514
39.2801041666667,11.671781539917
39.2834375,11.6736888885498
39.2867708333333,11.6734504699707
39.2901041666667,11.6705894470215
39.2934375,11.6649866104126
39.2967708333333,11.6563439369202
39.3001041666667,11.6447806358337
39.3034375,11.6302967071533
39.3067708333333,11.6130113601685
39.3101041666667,11.5932822227478
39.3134375,11.5713477134705
39.3167708333333,11.5477442741394
39.3201041666667,11.5228295326233
39.3234375,11.4971399307251
39.3267708333333,11.4710330963135
39.3301041666667,11.4449858665466
39.3334375,11.419415473938
39.3367708333333,11.3945603370667
39.3401041666667,11.3707780838013
39.3434375,11.3482475280762
39.3467708333333,11.3271474838257
39.3501041666667,11.3074779510498
39.3534375,11.2892985343933
39.3567708333333,11.2725496292114
39.3601041666667,11.2571716308594
39.3634375,11.2431645393372
39.3667708333333,11.2302899360657
39.3701041666667,11.2184882164001
39.3734375,11.2076997756958
39.3767708333333,11.1978650093079
39.3801041666667,11.1889243125916
39.3834375,11.1809372901917
39.3867708333333,11.1740827560425
39.3901041666667,11.1684799194336
39.3934375,11.1646056175232
39.3967708333333,11.1628174781799
39.4001041666667,11.1637115478516
39.4034375,11.1681222915649
39.4067708333333,11.1770629882813
39.4101041666667,11.191725730896
39.4134375,11.2135410308838
39.4167708333333,11.2441778182983
39.4201041666667,11.2857222557068
39.4234375,11.3403797149658
39.4267708333333,11.410653591156
39.4301041666667,11.499285697937
39.4334375,11.6089582443237
39.4367708333333,11.7425918579102
39.4401041666667,11.9027495384216
39.4434375,12.0918750762939
39.4467708333333,12.3117566108704
39.4501041666667,12.5635862350464
39.4534375,12.8476619720459
39.4567708333333,13.163149356842
39.4601041666667,13.508141040802
39.4634375,13.8793587684631
39.4667708333333,14.2722725868225
39.4701041666667,14.6811008453369
39.4734375,15.0988101959229
39.4767708333333,15.5175924301147
39.4801041666667,15.9288048744202
39.4834375,16.3235664367676
39.4867708333333,16.6929364204407
39.4901041666667,17.0283913612366
39.4934375,17.3220634460449
39.4967708333333,17.5673365592957
39.5001041666667,17.7587866783142
39.5034375,17.8927183151245
39.5067708333333,17.9671049118042
39.5101041666667,17.9817080497742
39.5134375,17.9378986358643
39.5167708333333,17.8385972976685
39.5201041666667,17.6883339881897
39.5234375,17.492413520813
39.5267708333333,17.2570943832397
39.5301041666667,16.9892907142639
39.5334375,16.6959762573242
39.5367708333333,16.3841247558594
39.5401041666667,16.0605311393738
39.5434375,15.7313346862793
39.5467708333333,15.4023170471191
39.5501041666667,15.0783061981201
39.5534375,14.7634148597717
39.5567708333333,14.4611001014709
39.5601041666667,14.1737461090088
39.5634375,13.9033198356628
39.5667708333333,13.6508345603943
39.5701041666667,13.4169459342957
39.5734375,13.2015943527222
39.5767708333333,13.0045413970947
39.5801041666667,12.825071811676
39.5834375,12.6623511314392
39.5867708333333,12.5153660774231
39.5901041666667,12.3829245567322
39.5934375,12.2639536857605
39.5967708333333,12.1572613716125
39.6001041666667,12.0617151260376
39.6034375,11.9762420654297
39.6067708333333,11.8997693061829
39.6101041666667,11.8314027786255
39.6134375,11.7702484130859
39.6167708333333,11.7154717445374
39.6201041666667,11.6664171218872
39.6234375,11.622428894043
39.6267708333333,11.5829110145569
39.6301041666667,11.5473866462708
39.6334375,11.5154385566711
39.6367708333333,11.4866495132446
39.6401041666667,11.4607214927673
39.6434375,11.4373564720154
39.6467708333333,11.4161968231201
39.6501041666667,11.3970041275024
39.6534375,11.3795399665833
39.6567708333333,11.3636255264282
39.6601041666667,11.349081993103
39.6634375,11.3356113433838
39.6667708333333,11.3231539726257
39.6701041666667,11.3115906715393
39.6734375,11.3007426261902
39.6767708333333,11.2905502319336
39.6801041666667,11.2809538841248
39.6834375,11.2718939781189
39.6867708333333,11.2632513046265
39.6901041666667,11.255145072937
39.6934375,11.2475156784058
39.6967708333333,11.2403035163879
39.7001041666667,11.2336277961731
39.7034375,11.2274289131165
39.7067708333333,11.2218260765076
39.7101041666667,11.2168192863464
39.7134375,11.2124085426331
39.7167708333333,11.208713054657
39.7201041666667,11.2057328224182
39.7234375,11.203408241272
39.7267708333333,11.2019181251526
39.7301041666667,11.2010836601257
39.7334375,11.201024055481
39.7367708333333,11.2016201019287
39.7401041666667,11.2029314041138
39.7434375,11.2048387527466
39.7467708333333,11.2072825431824
39.7501041666667,11.2102031707764
39.7534375,11.213481426239
39.7567708333333,11.2169981002808
39.7601041666667,11.2206339836121
39.7634375,11.2242698669434
39.7667708333333,11.2277269363403
39.7701041666667,11.2309455871582
39.7734375,11.2337470054626
39.7767708333333,11.2360119819641
39.7801041666667,11.2377405166626
39.7834375,11.2387537956238
39.7867708333333,11.2391114234924
39.7901041666667,11.238694190979
39.7934375,11.2375617027283
39.7967708333333,11.235773563385
39.8001041666667,11.2332701683044
39.8034375,11.2301111221313
39.8067708333333,11.2264156341553
39.8101041666667,11.222243309021
39.8134375,11.2175941467285
39.8167708333333,11.2127065658569
39.8201041666667,11.2075209617615
39.8234375,11.2022757530212
39.8267708333333,11.1969113349915
39.8301041666667,11.1916065216064
39.8334375,11.186420917511
39.8367708333333,11.1813545227051
39.8401041666667,11.1764669418335
39.8434375,11.171817779541
39.8467708333333,11.1673474311829
39.8501041666667,11.163055896759
39.8534375,11.1590027809143
39.8567708333333,11.1551880836487
39.8601041666667,11.1515522003174
39.8634375,11.1481547355652
39.8667708333333,11.1449360847473
39.8701041666667,11.1419558525085
39.8734375,11.1391544342041
39.8767708333333,11.1365914344788
39.8801041666667,11.1342072486877
39.8834375,11.1321210861206
39.8867708333333,11.1302137374878
39.8901041666667,11.1284852027893
39.8934375,11.1269950866699
39.8967708333333,11.1256241798401
39.9001041666667,11.1243724822998
39.9034375,11.1231803894043
39.9067708333333,11.1220479011536
39.9101041666667,11.1207962036133
39.9134375,11.119544506073
39.9167708333333,11.1180543899536
39.9201041666667,11.1164450645447
39.9234375,11.1146569252014
39.9267708333333,11.1126303672791
39.9301041666667,11.1103057861328
39.9334375,11.1077427864075
39.9367708333333,11.104941368103
39.9401041666667,11.1018419265747
39.9434375,11.0985040664673
39.9467708333333,11.0949277877808
39.9501041666667,11.0911726951599
39.9534375,11.08717918396
39.9567708333333,11.0830664634705
39.9601041666667,11.0788345336914
39.9634375,11.0745429992676
39.9667708333333,11.0703110694885
39.9701041666667,11.0660791397095
39.9734375,11.06196641922
39.9767708333333,11.05797290802
39.9801041666667,11.0541582107544
39.9834375,11.0505819320679
39.9867708333333,11.0471844673157
39.9901041666667,11.0439658164978
39.9934375,11.0410451889038
39.9967708333333,11.0384225845337
40.0001041666667,11.0360383987427
40.0034375,11.0338926315308
40.0067708333333,11.0319256782532
40.0101041666667,11.0301971435547
40.0134375,11.0285878181458
40.0167708333333,11.0270977020264
40.0201041666667,11.0257267951965
40.0234375,11.0243558883667
40.0267708333333,11.0229849815369
40.0301041666667,11.0215544700623
40.0334375,11.0201239585876
40.0367708333333,11.0186338424683
40.0401041666667,11.0170245170593
40.0434375,11.0153555870056
40.0467708333333,11.0135674476624
40.0501041666667,11.0116600990295
40.0534375,11.0097527503967
40.0567708333333,11.0078454017639
40.0601041666667,11.0059380531311
40.0634375,11.0040903091431
40.0667708333333,11.0023021697998
40.0701041666667,11.0006928443909
40.0734375,10.9992623329163
40.0767708333333,10.9979510307312
40.0801041666667,10.9968781471252
40.0834375,10.9959840774536
40.0867708333333,10.9952688217163
40.0901041666667,10.9947323799133
40.0934375,10.9943151473999
40.0967708333333,10.994017124176
40.1001041666667,10.9938383102417
40.1034375,10.9937191009521
40.1067708333333,10.9936594963074
40.1101041666667,10.9935998916626
40.1134375,10.9935402870178
40.1167708333333,10.9933614730835
40.1201041666667,10.9930634498596
40.1234375,10.9926462173462
40.1267708333333,10.9920501708984
40.1301041666667,10.9912753105164
40.1334375,10.9902620315552
40.1367708333333,10.9890103340149
40.1401041666667,10.9876394271851
40.1434375,10.9859704971313
40.1467708333333,10.9841823577881
40.1501041666667,10.9822154045105
40.1534375,10.9800696372986
40.1567708333333,10.9778046607971
40.1601041666667,10.9754204750061
40.1634375,10.9729766845703
40.1667708333333,10.9705328941345
40.1701041666667,10.9680891036987
40.1734375,10.9657049179077
40.1767708333333,10.9633803367615
40.1801041666667,10.96111536026
40.1834375,10.9590291976929
40.1867708333333,10.9570622444153
40.1901041666667,10.955274105072
40.1934375,10.9536051750183
40.1967708333333,10.9520554542542
40.2001041666667,10.9506845474243
40.2034375,10.9494924545288
40.2067708333333,10.9484195709229
40.2101041666667,10.9475255012512
40.2134375,10.9468102455139
40.2167708333333,10.9462738037109
40.2201041666667,10.9458565711975
40.2234375,10.9456181526184
40.2267708333333,10.9455585479736
40.2301041666667,10.9456777572632
40.2334375,10.9459757804871
40.2367708333333,10.9463334083557
40.2401041666667,10.9467506408691
40.2434375,10.9472274780273
40.2467708333333,10.9477639198303
40.2501041666667,10.9481811523438
40.2534375,10.9485983848572
40.2567708333333,10.9489560127258
40.2601041666667,10.9492540359497
40.2634375,10.9493732452393
40.2667708333333,10.9494924545288
40.2701041666667,10.949432849884
40.2734375,10.9491944313049
40.2767708333333,10.9488368034363
40.2801041666667,10.9483003616333
40.2834375,10.9476447105408
40.2867708333333,10.9468698501587
40.2901041666667,10.9460353851318
40.2934375,10.9450817108154
40.2967708333333,10.944128036499
40.3001041666667,10.9432339668274
40.3034375,10.9423995018005
40.3067708333333,10.9416842460632
40.3101041666667,10.9410881996155
40.3134375,10.9406113624573
40.3167708333333,10.9402537345886
40.3201041666667,10.9399557113647
40.3234375,10.9398365020752
40.3267708333333,10.9397172927856
40.3301041666667,10.9395980834961
40.3334375,10.9394788742065
40.3367708333333,10.939359664917
40.3401041666667,10.9392404556274
40.3434375,10.9390020370483
40.3467708333333,10.9387040138245
40.3501041666667,10.9384059906006
40.3534375,10.9379887580872
40.3567708333333,10.9376907348633
40.3601041666667,10.9373927116394
40.3634375,10.9371542930603
40.3667708333333,10.9370350837708
40.3701041666667,10.9370946884155
40.3734375,10.9372735023499
40.3767708333333,10.9376907348633
40.3801041666667,10.938286781311
40.3834375,10.9391212463379
40.3867708333333,10.9400749206543
40.3901041666667,10.9411478042603
40.3934375,10.9423398971558
40.3967708333333,10.9435319900513
40.4001041666667,10.9447240829468
40.4034375,10.9459161758423
40.4067708333333,10.9469294548035
40.4101041666667,10.9477639198303
40.4134375,10.9483599662781
40.4167708333333,10.948657989502
40.4201041666667,10.9487175941467
40.4234375,10.9483599662781
40.4267708333333,10.9477639198303
40.4301041666667,10.9468698501587
40.4334375,10.945737361908
40.4367708333333,10.9444260597229
40.4401041666667,10.9429359436035
40.4434375,10.9413862228394
40.4467708333333,10.9397768974304
40.4501041666667,10.9382271766663
40.4534375,10.9366774559021
40.4567708333333,10.9353065490723
40.4601041666667,10.9339356422424
40.4634375,10.9327435493469
40.4667708333333,10.9317302703857
40.4701041666667,10.9308362007141
40.4734375,10.9301209449768
40.4767708333333,10.9295248985291
40.4801041666667,10.9290480613708
40.4834375,10.928750038147
40.4867708333333,10.9285116195679
40.4901041666667,10.9283924102783
40.4934375,10.9282732009888
40.4967708333333,10.928213596344
40.5001041666667,10.9281539916992
40.5034375,10.9280347824097
40.5067708333333,10.9279155731201
40.5101041666667,10.9277367591858
40.5134375,10.9274983406067
40.5167708333333,10.9272003173828
40.5201041666667,10.9267830848694
40.5234375,10.9263062477112
40.5267708333333,10.9257698059082
40.5301041666667,10.9251141548157
40.5334375,10.9243392944336
40.5367708333333,10.9235048294067
40.5401041666667,10.9225511550903
40.5434375,10.9215378761292
40.5467708333333,10.9204053878784
40.5501041666667,10.9192728996277
40.5534375,10.9180808067322
40.5567708333333,10.9168291091919
40.5601041666667,10.9155774116516
40.5634375,10.9143257141113
40.5667708333333,10.9130144119263
40.5701041666667,10.9116435050964
40.5734375,10.9102725982666
40.5767708333333,10.908842086792
40.5801041666667,10.9073519706726
40.5834375,10.9058618545532
40.5867708333333,10.9044313430786
40.5901041666667,10.903000831604
40.5934375,10.9016299247742
40.5967708333333,10.9004378318787
40.6001041666667,10.8994245529175
40.6034375,10.8985900878906
40.6067708333333,10.8979344367981
40.6101041666667,10.8974575996399
40.6134375,10.897159576416
40.6167708333333,10.8970999717712
40.6201041666667,10.8972191810608
40.6234375,10.8974575996399
40.6267708333333,10.8978152275085
40.6301041666667,10.8983516693115
40.6334375,10.8990073204041
40.6367708333333,10.8997821807861
40.6401041666667,10.9007358551025
40.6434375,10.9018683433533
40.6467708333333,10.9031796455383
40.6501041666667,10.9046101570129
40.6534375,10.9062194824219
40.6567708333333,10.9080076217651
40.6601041666667,10.9098553657532
40.6634375,10.9118223190308
40.6667708333333,10.9137892723083
40.6701041666667,10.9158754348755
40.6734375,10.9180808067322
40.6767708333333,10.9203457832336
40.6801041666667,10.9226703643799
40.6834375,10.9252333641052
40.6867708333333,10.9278559684753
40.6901041666667,10.9307169914246
40.6934375,10.9337568283081
40.6967708333333,10.9369158744812
40.7001041666667,10.9401345252991
40.7034375,10.9434723854065
40.7067708333333,10.9467506408691
40.7101041666667,10.9500288963318
40.7134375,10.9531879425049
40.7167708333333,10.9561085700989
40.7201041666667,10.9588503837585
40.7234375,10.9612941741943
40.7267708333333,10.9633207321167
40.7301041666667,10.9649896621704
40.7334375,10.9661817550659
40.7367708333333,10.9668970108032
40.7401041666667,10.9670758247375
40.7434375,10.9667181968689
40.7467708333333,10.965883731842
40.7501041666667,10.964572429657
40.7534375,10.9629034996033
40.7567708333333,10.9608769416809
40.7601041666667,10.9586119651794
40.7634375,10.9562277793884
40.7667708333333,10.9536647796631
40.7701041666667,10.951042175293
40.7734375,10.9484791755676
40.7767708333333,10.9458565711975
40.7801041666667,10.9432935714722
40.7834375,10.9407901763916
40.7867708333333,10.9384059906006
40.7901041666667,10.9361410140991
40.7934375,10.9339952468872
40.7967708333333,10.9319686889648
40.8001041666667,10.9301209449768
40.8034375,10.9283924102783
40.8067708333333,10.9269022941589
40.8101041666667,10.9255313873291
40.8134375,10.9243392944336
40.8167708333333,10.9233856201172
40.8201041666667,10.9226107597351
40.8234375,10.9220147132874
40.8267708333333,10.9217166900635
40.8301041666667,10.9216570854187
40.8334375,10.9217762947083
40.8367708333333,10.9221935272217
40.8401041666667,10.9227895736694
40.8434375,10.9236240386963
40.8467708333333,10.9246373176575
40.8501041666667,10.9258890151978
40.8534375,10.9272599220276
40.8567708333333,10.9288692474365
40.8601041666667,10.930597782135
40.8634375,10.9325051307678
40.8667708333333,10.9345316886902
40.8701041666667,10.9367370605469
40.8734375,10.9391212463379
40.8767708333333,10.9416246414185
40.8801041666667,10.9441876411438
40.8834375,10.9469294548035
40.8867708333333,10.9497308731079
40.8901041666667,10.9526515007019
40.8934375,10.9555721282959
40.8967708333333,10.9585523605347
40.9001041666667,10.9614729881287
40.9034375,10.9643936157227
40.9067708333333,10.9671950340271
40.9101041666667,10.9698176383972
40.9134375,10.972261428833
40.9167708333333,10.9745264053345
40.9201041666667,10.9764933586121
40.9234375,10.9782218933105
40.9267708333333,10.9797120094299
40.9301041666667,10.9808444976807
40.9334375,10.9817981719971
40.9367708333333,10.9824538230896
40.9401041666667,10.9828114509583
40.9434375,10.9829902648926
40.9467708333333,10.982871055603
40.9501041666667,10.9825730323792
40.9534375,10.9820961952209
40.9567708333333,10.9814405441284
40.9601041666667,10.9805464744568
40.9634375,10.9795331954956
40.9667708333333,10.9784007072449
40.9701041666667,10.9772086143494
40.9734375,10.9759569168091
40.9767708333333,10.9747648239136
40.9801041666667,10.9735727310181
40.9834375,10.9725594520569
40.9867708333333,10.9716057777405
40.9901041666667,10.9708309173584
40.9934375,10.9702944755554
40.9967708333333,10.969877243042
41.0001041666667,10.9696388244629
41.0034375,10.9695792198181
41.0067708333333,10.9696388244629
41.0101041666667,10.9698176383972
41.0134375,10.9701156616211
41.0167708333333,10.9704732894897
41.0201041666667,10.9708905220032
41.0234375,10.9713077545166
41.0267708333333,10.9718441963196
41.0301041666667,10.9723806381226
41.0334375,10.9730362892151
41.0367708333333,10.9738111495972
41.0401041666667,10.974645614624
41.0434375,10.9755992889404
41.0467708333333,10.9767317771912
41.0501041666667,10.9780430793762
41.0534375,10.9794139862061
41.0567708333333,10.9809637069702
41.0601041666667,10.9825134277344
41.0634375,10.9841227531433
41.0667708333333,10.9856724739075
41.0701041666667,10.9871625900269
41.0734375,10.9884738922119
41.0767708333333,10.9896063804626
41.0801041666667,10.9904408454895
41.0834375,10.9910368919373
41.0867708333333,10.9913349151611
41.0901041666667,10.9913945198059
41.0934375,10.9911561012268
41.0967708333333,10.9906792640686
41.1001041666667,10.9900236129761
41.1034375,10.9891891479492
41.1067708333333,10.9882354736328
41.1101041666667,10.9872221946716
41.1134375,10.9860897064209
41.1167708333333,10.9850168228149
41.1201041666667,10.9838843345642
41.1234375,10.9828114509583
41.1267708333333,10.9817981719971
41.1301041666667,10.9809041023254
41.1334375,10.9801292419434
41.1367708333333,10.9794735908508
41.1401041666667,10.9789967536926
41.1434375,10.978639125824
41.1467708333333,10.9784007072449
41.1501041666667,10.9782218933105
41.1534375,10.9781622886658
41.1567708333333,10.9780430793762
41.1601041666667,10.9779834747314
41.1634375,10.9778642654419
41.1667708333333,10.9777450561523
41.1701041666667,10.977566242218
41.1734375,10.9773874282837
41.1767708333333,10.9771490097046
41.1801041666667,10.9769701957703
41.1834375,10.9767913818359
41.1867708333333,10.9766721725464
41.1901041666667,10.9764933586121
41.1934375,10.9763741493225
41.1967708333333,10.9763145446777
41.2001041666667,10.9761953353882
41.2034375,10.9761357307434
41.2067708333333,10.9761357307434
41.2101041666667,10.9761357307434
41.2134375,10.9761953353882
41.2167708333333,10.9763145446777
41.2201041666667,10.9764933586121
41.2234375,10.9767913818359
41.2267708333333,10.9772086143494
41.2301041666667,10.9778046607971
41.2334375,10.9785199165344
41.2367708333333,10.9794139862061
41.2401041666667,10.980486869812
41.2434375,10.9816789627075
41.2467708333333,10.9830498695374
41.2501041666667,10.9845399856567
41.2534375,10.9860897064209
41.2567708333333,10.9876394271851
41.2601041666667,10.9891295433044
41.2634375,10.9906196594238
41.2667708333333,10.9919309616089
41.2701041666667,10.9932422637939
41.2734375,10.9944343566895
41.2767708333333,10.9955668449402
41.2801041666667,10.9966993331909
41.2834375,10.9978318214417
41.2867708333333,10.9991431236267
41.2901041666667,11.0005140304565
41.2934375,11.0021233558655
41.2967708333333,11.0039114952087
41.3001041666667,11.0059380531311
41.3034375,11.0081434249878
41.3067708333333,11.0105276107788
41.3101041666667,11.0130310058594
41.3134375,11.0156536102295
41.3167708333333,11.0183358192444
41.3201041666667,11.0209584236145
41.3234375,11.0234618186951
41.3267708333333,11.0257863998413
41.3301041666667,11.0279321670532
41.3334375,11.029839515686
41.3367708333333,11.0313892364502
41.3401041666667,11.0327005386353
41.3434375,11.0335946083069
41.3467708333333,11.0341310501099
41.3501041666667,11.0342502593994
41.3534375,11.0340118408203
41.3567708333333,11.0333561897278
41.3601041666667,11.0324025154114
41.3634375,11.0310912132263
41.3667708333333,11.0296010971069
41.3701041666667,11.027991771698
41.3734375,11.0263228416443
41.3767708333333,11.0247135162354
41.3801041666667,11.0231637954712
41.3834375,11.0218524932861
41.3867708333333,11.0207200050354
41.3901041666667,11.0198259353638
41.3934375,11.019229888916
41.3967708333333,11.0188722610474
41.4001041666667,11.0187530517578
41.4034375,11.0189318656921
41.4067708333333,11.0194683074951
41.4101041666667,11.0202431678772
41.4134375,11.0213756561279
41.4167708333333,11.0228657722473
41.4201041666667,11.0247731208801
41.4234375,11.0270977020264
41.4267708333333,11.029839515686
41.4301041666667,11.0329985618591
41.4334375,11.0365152359009
41.4367708333333,11.0403895378113
41.4401041666667,11.0446810722351
41.4434375,11.0492706298828
41.4467708333333,11.0542178153992
41.4501041666667,11.0594630241394
41.4534375,11.0650062561035
41.4567708333333,11.0708475112915
41.4601041666667,11.0769271850586
41.4634375,11.0832452774048
41.4667708333333,11.0898017883301
41.4701041666667,11.0964179039001
41.4734375,11.103093624115
41.4767708333333,11.1096501350403
41.4801041666667,11.1160278320313
41.4834375,11.1221075057983
41.4867708333333,11.1278295516968
41.4901041666667,11.133074760437
41.4934375,11.1377835273743
41.4967708333333,11.1419558525085
41.5001041666667,11.1455917358398
41.5034375,11.1486911773682
41.5067708333333,11.1513733863831
41.5101041666667,11.1535787582397
41.5134375,11.1554265022278
41.5167708333333,11.1569762229919
41.5201041666667,11.158287525177
41.5234375,11.159360408783
41.5267708333333,11.1602544784546
41.5301041666667,11.1610293388367
41.5334375,11.161744594574
41.5367708333333,11.1623406410217
41.5401041666667,11.1629366874695
41.5434375,11.1634731292725
41.5467708333333,11.1640095710754
41.5501041666667,11.1645460128784
41.5534375,11.1651420593262
41.5567708333333,11.1657381057739
41.5601041666667,11.1663937568665
41.5634375,11.1671686172485
41.5667708333333,11.1679434776306
41.5701041666667,11.1688375473022
41.5734375,11.1698508262634
41.5767708333333,11.1708641052246
41.5801041666667,11.1718773841858
41.5834375,11.1730098724365
41.5867708333333,11.1740827560425
41.5901041666667,11.1750960350037
41.5934375,11.1761093139648
41.5967708333333,11.1770629882813
41.6001041666667,11.1779570579529
41.6034375,11.178731918335
41.6067708333333,11.1794471740723
41.6101041666667,11.1801028251648
41.6134375,11.1806988716125
41.6167708333333,11.1811757087708
41.6201041666667,11.181652545929
41.6234375,11.1821293830872
41.6267708333333,11.1825466156006
41.6301041666667,11.1830234527588
41.6334375,11.1834406852722
41.6367708333333,11.1839175224304
41.6401041666667,11.1843943595886
41.6434375,11.1848711967468
41.6467708333333,11.1854672431946
41.6501041666667,11.1860036849976
41.6534375,11.1865997314453
41.6567708333333,11.1872553825378
41.6601041666667,11.1879110336304
41.6634375,11.1886262893677
41.6667708333333,11.1894011497498
41.6701041666667,11.1902356147766
41.6734375,11.1911296844482
41.6767708333333,11.1920833587646
41.6801041666667,11.1930966377258
41.6834375,11.1941695213318
41.6867708333333,11.195182800293
41.6901041666667,11.1962556838989
41.6934375,11.1972689628601
41.6967708333333,11.1982226371765
41.7001041666667,11.1991167068481
41.7034375,11.199951171875
41.7067708333333,11.2006068229675
41.7101041666667,11.2012028694153
41.7134375,11.2016797065735
41.7167708333333,11.2020969390869
41.7201041666667,11.2024545669556
41.7234375,11.2026929855347
41.7267708333333,11.202871799469
41.7301041666667,11.2029910087585
41.7334375,11.2030506134033
41.7367708333333,11.2029910087585
41.7401041666667,11.2029910087585
41.7434375,11.202871799469
41.7467708333333,11.2026929855347
41.7501041666667,11.2024545669556
41.7534375,11.2021565437317
41.7567708333333,11.2017393112183
41.7601041666667,11.2012624740601
41.7634375,11.2006664276123
41.7667708333333,11.2000107765198
41.7701041666667,11.1992955207825
41.7734375,11.1985206604004
41.7767708333333,11.1976265907288
41.7801041666667,11.1967921257019
41.7834375,11.195957660675
41.7867708333333,11.195182800293
41.7901041666667,11.1945271492004
41.7934375,11.1939311027527
41.7967708333333,11.1934542655945
41.8001041666667,11.1931562423706
41.8034375,11.1929178237915
41.8067708333333,11.1928582191467
41.8101041666667,11.1929178237915
41.8134375,11.1930370330811
41.8167708333333,11.1933350563049
41.8201041666667,11.1936330795288
41.8234375,11.1940503120422
41.8267708333333,11.1945271492004
41.8301041666667,11.1951231956482
41.8334375,11.1957192420959
41.8367708333333,11.196494102478
41.8401041666667,11.1973881721497
41.8434375,11.1984610557556
41.8467708333333,11.1997127532959
41.8501041666667,11.2012028694153
41.8534375,11.2029314041138
41.8567708333333,11.2049579620361
41.8601041666667,11.2072229385376
41.8634375,11.2097263336182
41.8667708333333,11.2125277519226
41.8701041666667,11.2155079841614
41.8734375,11.2186670303345
41.8767708333333,11.2220644950867
41.8801041666667,11.2256407737732
41.8834375,11.229395866394
41.8867708333333,11.2333297729492
41.8901041666667,11.2375617027283
41.8934375,11.2419724464417
41.8967708333333,11.2467408180237
41.9001041666667,11.2518072128296
41.9034375,11.2571716308594
41.9067708333333,11.262834072113
41.9101041666667,11.2687945365906
41.9134375,11.2749934196472
41.9167708333333,11.2814903259277
41.9201041666667,11.2881660461426
41.9234375,11.294960975647
41.9267708333333,11.3017559051514
41.9301041666667,11.308491230011
41.9334375,11.3149881362915
41.9367708333333,11.3211274147034
41.9401041666667,11.326789855957
41.9434375,11.3317966461182
41.9467708333333,11.3360285758972
41.9501041666667,11.3393664360046
41.9534375,11.3416314125061
41.9567708333333,11.3427639007568
41.9601041666667,11.3427042961121
41.9634375,11.3414525985718
41.9667708333333,11.3389492034912
41.9701041666667,11.3351941108704
41.9734375,11.3303065299988
41.9767708333333,11.3243460655212
41.9801041666667,11.3174915313721
41.9834375,11.3099813461304
41.9867708333333,11.3019347190857
41.9901041666667,11.2936496734619
41.9934375,11.2853050231934
41.9967708333333,11.2771987915039
42.0001041666667,11.2694501876831
42.0034375,11.2622976303101
42.0067708333333,11.2558603286743
42.0101041666667,11.2503170967102
42.0134375,11.2456083297729
42.0167708333333,11.2419128417969
42.0201041666667,11.239230632782
42.0234375,11.2375617027283
42.0267708333333,11.2369060516357
42.0301041666667,11.2373828887939
42.0334375,11.2388730049133
42.0367708333333,11.2413763999939
42.0401041666667,11.2448334693909
42.0434375,11.2491846084595
42.0467708333333,11.2543106079102
42.0501041666667,11.2600922584534
42.0534375,11.2663507461548
42.0567708333333,11.2729072570801
42.0601041666667,11.2795829772949
42.0634375,11.286199092865
42.0667708333333,11.2925171852112
42.0701041666667,11.2984180450439
42.0734375,11.3036632537842
42.0767708333333,11.3080739974976
42.0801041666667,11.3115310668945
42.0834375,11.3139152526855
42.0867708333333,11.3151073455811
42.0901041666667,11.3151669502258
42.0934375,11.3139748573303
42.0967708333333,11.3117098808289
42.1001041666667,11.3083720207214
42.1034375,11.3040804862976
42.1067708333333,11.2989544868469
42.1101041666667,11.2932324409485
42.1134375,11.2870931625366
42.1167708333333,11.2806558609009
42.1201041666667,11.2740397453308
42.1234375,11.2674832344055
42.1267708333333,11.2610459327698
42.1301041666667,11.2547874450684
42.1334375,11.2489461898804
42.1367708333333,11.2434029579163
42.1401041666667,11.2383961677551
42.1434375,11.2338662147522
42.1467708333333,11.2298130989075
42.1501041666667,11.2263560295105
42.1534375,11.2234354019165
42.1567708333333,11.2210512161255
42.1601041666667,11.2192630767822
42.1634375,11.2180709838867
42.1667708333333,11.2174153327942
42.1701041666667,11.2172961235046
42.1734375,11.2175941467285
42.1767708333333,11.2183690071106
42.1801041666667,11.2195014953613
42.1834375,11.2209916114807
42.1867708333333,11.2226605415344
42.1901041666667,11.2245082855225
42.1934375,11.2264752388
42.1967708333333,11.2284421920776
42.2001041666667,11.2303495407104
42.2034375,11.2321376800537
42.2067708333333,11.2337470054626
42.2101041666667,11.235237121582
42.2134375,11.2364292144775
42.2167708333333,11.2373828887939
42.2201041666667,11.2380981445313
42.2234375,11.2384557723999
42.2267708333333,11.2385153770447
42.2301041666667,11.2382769584656
42.2334375,11.2377405166626
42.2367708333333,11.2369656562805
42.2401041666667,11.2360119819641
42.2434375,11.2348794937134
42.2467708333333,11.2335681915283
42.2501041666667,11.2321972846985
42.2534375,11.2307667732239
42.2567708333333,11.2293362617493
42.2601041666667,11.2279653549194
42.2634375,11.2265944480896
42.2667708333333,11.2252831459045
42.2701041666667,11.2240314483643
42.2734375,11.2228393554688
42.2767708333333,11.2217664718628
42.2801041666667,11.2208127975464
42.2834375,11.2200379371643
42.2867708333333,11.2193822860718
42.2901041666667,11.2189650535583
42.2934375,11.2187266349792
42.2967708333333,11.2187266349792
42.3001041666667,11.2189650535583
42.3034375,11.2194418907166
42.3067708333333,11.2200975418091
42.3101041666667,11.2209916114807
42.3134375,11.2220048904419
42.3167708333333,11.2231373786926
42.3201041666667,11.2243890762329
42.3234375,11.2256407737732
42.3267708333333,11.2269520759583
42.3301041666667,11.2282037734985
42.3334375,11.2295150756836
42.3367708333333,11.2307071685791
42.3401041666667,11.2318396568298
42.3434375,11.2329125404358
42.3467708333333,11.233925819397
42.3501041666667,11.2348198890686
42.3534375,11.2356543540955
42.3567708333333,11.236310005188
42.3601041666667,11.2369060516357
42.3634375,11.2373232841492
42.3667708333333,11.237621307373
42.3701041666667,11.2378597259521
42.3734375,11.2379193305969
42.3767708333333,11.2378001213074
42.3801041666667,11.2375617027283
42.3834375,11.2371444702148
42.3867708333333,11.2365484237671
42.3901041666667,11.2357139587402
42.3934375,11.2347602844238
42.3967708333333,11.2335681915283
42.4001041666667,11.2322568893433
42.4034375,11.2308859825134
42.4067708333333,11.2294554710388
42.4101041666667,11.2280249595642
42.4134375,11.2267136573792
42.4167708333333,11.2255215644836
42.4201041666667,11.2243890762329
42.4234375,11.2234950065613
42.4267708333333,11.222779750824
42.4301041666667,11.222243309021
42.4334375,11.2218856811523
42.4367708333333,11.2216472625732
42.4401041666667,11.2215280532837
42.4434375,11.2215280532837
42.4467708333333,11.2216472625732
42.4501041666667,11.2218856811523
42.4534375,11.2223029136658
42.4567708333333,11.2228393554688
42.4601041666667,11.2235546112061
42.4634375,11.2244486808777
42.4667708333333,11.2255215644836
42.4701041666667,11.2267732620239
42.4734375,11.2282633781433
42.4767708333333,11.2298727035522
42.4801041666667,11.2316608428955
42.4834375,11.2335085868835
42.4867708333333,11.2354755401611
42.4901041666667,11.2375020980835
42.4934375,11.2395882606506
42.4967708333333,11.2417936325073
42.5001041666667,11.243999004364
42.5034375,11.2463235855103
42.5067708333333,11.2486481666565
42.5101041666667,11.2510919570923
42.5134375,11.2535357475281
42.5167708333333,11.2560391426086
42.5201041666667,11.258602142334
42.5234375,11.2611651420593
42.5267708333333,11.2637281417847
42.5301041666667,11.2662315368652
42.5334375,11.2686157226563
42.5367708333333,11.2709403038025
42.5401041666667,11.2730264663696
42.5434375,11.2749934196472
42.5467708333333,11.2767219543457
42.5501041666667,11.2782120704651
42.5534375,11.2794637680054
42.5567708333333,11.2804770469666
42.5601041666667,11.2812519073486
42.5634375,11.2818479537964
42.5667708333333,11.2822651863098
42.5701041666667,11.2825632095337
42.5734375,11.2826228141785
42.5767708333333,11.2825632095337
42.5801041666667,11.2824440002441
42.5834375,11.2820863723755
42.5867708333333,11.2816691398621
42.5901041666667,11.2810730934143
42.5934375,11.2802982330322
42.5967708333333,11.2794041633606
42.6001041666667,11.2783312797546
42.6034375,11.2771987915039
42.6067708333333,11.2760066986084
42.6101041666667,11.2748146057129
42.6134375,11.2736821174622
42.6167708333333,11.2726092338562
42.6201041666667,11.2717151641846
42.6234375,11.2709403038025
42.6267708333333,11.2703442573547
42.6301041666667,11.2699866294861
42.6334375,11.269748210907
42.6367708333333,11.2696886062622
42.6401041666667,11.269748210907
42.6434375,11.2699866294861
42.6467708333333,11.27028465271
42.6501041666667,11.2707018852234
42.6534375,11.2712383270264
42.6567708333333,11.2718939781189
42.6601041666667,11.2727284431458
42.6634375,11.2736225128174
42.6667708333333,11.2746953964233
42.6701041666667,11.2758278846741
42.6734375,11.2771391868591
42.6767708333333,11.2784504890442
42.6801041666667,11.2797617912292
42.6834375,11.2811326980591
42.6867708333333,11.2825036048889
42.6901041666667,11.283814907074
42.6934375,11.2850666046143
42.6967708333333,11.2863183021545
42.7001041666667,11.28751039505
42.7034375,11.288583278656
42.7067708333333,11.2897157669067
42.7101041666667,11.2907886505127
42.7134375,11.2919211387634
42.7167708333333,11.2931132316589
42.7201041666667,11.2943649291992
42.7234375,11.2956762313843
42.7267708333333,11.2970471382141
42.7301041666667,11.2985372543335
42.7334375,11.3000869750977
42.7367708333333,11.3016366958618
42.7401041666667,11.303186416626
42.7434375,11.3046169281006
42.7467708333333,11.3059878349304
42.7501041666667,11.3072395324707
42.7534375,11.3082528114319
42.7567708333333,11.3090872764587
42.7601041666667,11.3096833229065
42.7634375,11.3101005554199
42.7667708333333,11.3103985786438
42.7701041666667,11.3105177879333
42.7734375,11.3105177879333
42.7767708333333,11.3105177879333
42.7801041666667,11.3104581832886
42.7834375,11.3104581832886
42.7867708333333,11.3105177879333
42.7901041666667,11.3106369972229
42.7934375,11.3107562065125
42.7967708333333,11.3109946250916
42.8001041666667,11.3112926483154
42.8034375,11.3115906715393
42.8067708333333,11.311948299408
42.8101041666667,11.3124251365662
42.8134375,11.3129019737244
42.8167708333333,11.3134384155273
42.8201041666667,11.3140344619751
42.8234375,11.3146901130676
42.8267708333333,11.3154649734497
42.8301041666667,11.3163590431213
42.8334375,11.3173127174377
42.8367708333333,11.3183259963989
42.8401041666667,11.3193988800049
42.8434375,11.3205909729004
42.8467708333333,11.3219022750854
42.8501041666667,11.3232731819153
42.8534375,11.3247632980347
42.8567708333333,11.3263130187988
42.8601041666667,11.3279819488525
42.8634375,11.3297700881958
42.8667708333333,11.3316178321838
42.8701041666667,11.3336443901062
42.8734375,11.3357305526733
42.8767708333333,11.3379955291748
42.8801041666667,11.3404393196106
42.8834375,11.3430619239807
42.8867708333333,11.3459229469299
42.8901041666667,11.349081993103
42.8934375,11.3525986671448
42.8967708333333,11.3565921783447
42.9001041666667,11.3611221313477
42.9034375,11.3663673400879
42.9067708333333,11.3723278045654
42.9101041666667,11.3793015480042
42.9134375,11.3872885704041
42.9167708333333,11.3964676856995
42.9201041666667,11.4068984985352
42.9234375,11.4187598228455
42.9267708333333,11.4321112632751
42.9301041666667,11.447012424469
42.9334375,11.463463306427
42.9367708333333,11.4816427230835
42.9401041666667,11.5015506744385
42.9434375,11.5231871604919
42.9467708333333,11.5466713905334
42.9501041666667,11.5719437599182
42.9534375,11.5990042686462
42.9567708333333,11.6279125213623
42.9601041666667,11.6585493087769
42.9634375,11.6908550262451
42.9667708333333,11.724591255188
42.9701041666667,11.7596983909607
42.9734375,11.7958188056946
42.9767708333333,11.8328332901001
42.9801041666667,11.8703246116638
42.9834375,11.9081139564514
42.9867708333333,11.9457840919495
42.9901041666667,11.9830369949341
42.9934375,12.0195150375366
42.9967708333333,12.0549201965332
43.0001041666667,12.0887756347656
43.0034375,12.1208429336548
43.0067708333333,12.1506452560425
43.0101041666667,12.1778249740601
43.0134375,12.2021436691284
43.0167708333333,12.2232437133789
43.0201041666667,12.2409462928772
43.0234375,12.2550129890442
43.0267708333333,12.2653245925903
43.0301041666667,12.2717022895813
43.0334375,12.2741460800171
43.0367708333333,12.2726559638977
43.0401041666667,12.2672319412231
43.0434375,12.2580528259277
43.0467708333333,12.2451186180115
43.0501041666667,12.2286677360535
43.0534375,12.2088193893433
43.0567708333333,12.1859312057495
43.0601041666667,12.1602416038513
43.0634375,12.1320486068726
43.0667708333333,12.1017098426819
43.0701041666667,12.0695233345032
43.0734375,12.0359659194946
43.0767708333333,12.0012760162354
43.0801041666667,11.9659304618835
43.0834375,11.9301676750183
43.0867708333333,11.8942856788635
43.0901041666667,11.8586421012878
43.0934375,11.8234753608704
43.0967708333333,11.7889642715454
43.1001041666667,11.7553472518921
43.1034375,11.7227435112
43.1067708333333,11.6913318634033
43.1101041666667,11.6612911224365
43.1134375,11.6326808929443
43.1167708333333,11.6056203842163
43.1201041666667,11.5801692008972
43.1234375,11.5564465522766
43.1267708333333,11.5343928337097
43.1301041666667,11.5141272544861
43.1334375,11.4954710006714
43.1367708333333,11.4784836769104
43.1401041666667,11.4629864692688
43.1434375,11.4489793777466
43.1467708333333,11.4362239837646
43.1501041666667,11.424720287323
43.1534375,11.4143490791321
43.1567708333333,11.4049315452576
43.1601041666667,11.3965272903442
43.1634375,11.388897895813
43.1667708333333,11.3821625709534
43.1701041666667,11.3761425018311
43.1734375,11.370837688446
43.1767708333333,11.3663077354431
43.1801041666667,11.3623738288879
43.1834375,11.3590359687805
43.1867708333333,11.3562345504761
43.1901041666667,11.3539099693298
43.1934375,11.3520622253418
43.1967708333333,11.3505721092224
43.2001041666667,11.3494396209717
43.2034375,11.3485455513
43.2067708333333,11.3478899002075
43.2101041666667,11.3474726676941
43.2134375,11.347234249115
43.2167708333333,11.3471746444702
43.2201041666667,11.3473534584045
43.2234375,11.3476514816284
43.2267708333333,11.3481283187866
43.2301041666667,11.3488435745239
43.2334375,11.349618434906
43.2367708333333,11.3506317138672
43.2401041666667,11.3517045974731
43.2434375,11.3528966903687
43.2467708333333,11.3542079925537
43.2501041666667,11.3556981086731
43.2534375,11.357307434082
43.2567708333333,11.3591551780701
43.2601041666667,11.3612413406372
43.2634375,11.3636255264282
43.2667708333333,11.3663673400879
43.2701041666667,11.369526386261
43.2734375,11.3732814788818
43.2767708333333,11.3775730133057
43.2801041666667,11.3825798034668
43.2834375,11.38836145401
43.2867708333333,11.3950371742249
43.2901041666667,11.4025473594666
43.2934375,11.4111304283142
43.2967708333333,11.420726776123
43.3001041666667,11.4313960075378
43.3034375,11.4432573318481
43.3067708333333,11.4561915397644
43.3101041666667,11.4702582359314
43.3134375,11.4853978157043
43.3167708333333,11.5015506744385
43.3201041666667,11.5185976028442
43.3234375,11.5364789962769
43.3267708333333,11.5550756454468
43.3301041666667,11.5740895271301
43.3334375,11.5935206413269
43.3367708333333,11.6130709648132
43.3401041666667,11.63250207901
43.3434375,11.6516947746277
43.3467708333333,11.6703510284424
43.3501041666667,11.688232421875
43.3534375,11.7051005363464
43.3567708333333,11.7207169532776
43.3601041666667,11.7348432540894
43.3634375,11.7472410202026
43.3667708333333,11.7577910423279
43.3701041666667,11.766254901886
43.3734375,11.7725133895874
43.3767708333333,11.7765069007874
43.3801041666667,11.7781758308411
43.3834375,11.7774605751038
43.3867708333333,11.7745399475098
43.3901041666667,11.7694139480591
43.3934375,11.762261390686
43.3967708333333,11.7532014846802
43.4001041666667,11.7424130439758
43.4034375,11.7302536964417
43.4067708333333,11.7168426513672
43.4101041666667,11.7024779319763
43.4134375,11.6873979568481
43.4167708333333,11.6719007492065
43.4201041666667,11.6562247276306
43.4234375,11.6404891014099
43.4267708333333,11.6248726844788
43.4301041666667,11.6094946861267
43.4334375,11.5945339202881
43.4367708333333,11.5799903869629
43.4401041666667,11.5660429000854
43.4434375,11.552631855011
43.4467708333333,11.5398168563843
43.4501041666667,11.5277767181396
43.4534375,11.5164518356323
43.4567708333333,11.5058422088623
43.4601041666667,11.4960670471191
43.4634375,11.4871263504028
43.4667708333333,11.4789009094238
43.4701041666667,11.4715099334717
43.4734375,11.4648938179016
43.4767708333333,11.4589929580688
43.4801041666667,11.4537477493286
43.4834375,11.4491581916809
43.4867708333333,11.445164680481
43.4901041666667,11.4416480064392
43.4934375,11.4386677742004
43.4967708333333,11.4361047744751
43.5001041666667,11.4339590072632
43.5034375,11.4321112632751
43.5067708333333,11.4306211471558
43.5101041666667,11.4293694496155
43.5134375,11.4284157752991
43.5167708333333,11.4277601242065
43.5201041666667,11.4273428916931
43.5234375,11.4272236824036
43.5267708333333,11.4274024963379
43.5301041666667,11.4278793334961
43.5334375,11.4286541938782
43.5367708333333,11.4297866821289
43.5401041666667,11.4311575889587
43.5434375,11.4328861236572
43.5467708333333,11.4348530769348
43.5501041666667,11.4370584487915
43.5534375,11.4395022392273
43.5567708333333,11.442244052887
43.5601041666667,11.4452242851257
43.5634375,11.4484429359436
43.5667708333333,11.4519596099854
43.5701041666667,11.4557147026062
43.5734375,11.4598274230957
43.5767708333333,11.4642381668091
43.5801041666667,11.4689469337463
43.5834375,11.4740133285522
43.5867708333333,11.479377746582
43.5901041666667,11.4849805831909
43.5934375,11.4908814430237
43.5967708333333,11.4969611167908
43.6001041666667,11.5032196044922
43.6034375,11.5095376968384
43.6067708333333,11.5158557891846
43.6101041666667,11.5221738815308
43.6134375,11.5282535552979
43.6167708333333,11.5342140197754
43.6201041666667,11.5398168563843
43.6234375,11.5451216697693
43.6267708333333,11.5500092506409
43.6301041666667,11.5544199943542
43.6334375,11.5583539009094
43.6367708333333,11.5617513656616
43.6401041666667,11.5646123886108
43.6434375,11.5668773651123
43.6467708333333,11.568546295166
43.6501041666667,11.5695595741272
43.6534375,11.5699768066406
43.6567708333333,11.5697383880615
43.6601041666667,11.5688443183899
43.6634375,11.5673542022705
43.6667708333333,11.5652680397034
43.6701041666667,11.562705039978
43.6734375,11.5596055984497
43.6767708333333,11.556088924408
43.6801041666667,11.5522146224976
43.6834375,11.5481019020081
43.6867708333333,11.5437507629395
43.6901041666667,11.5392804145813
43.6934375,11.5346312522888
43.6967708333333,11.5299820899963
43.7001041666667,11.5253329277039
43.7034375,11.5206837654114
43.7067708333333,11.5160942077637
43.7101041666667,11.5116238594055
43.7134375,11.5072727203369
43.7167708333333,11.5031599998474
43.7201041666667,11.4991664886475
43.7234375,11.4954710006714
43.7267708333333,11.4920139312744
43.7301041666667,11.4888548851013
43.7334375,11.4860534667969
43.7367708333333,11.4835500717163
43.7401041666667,11.4814043045044
43.7434375,11.4795565605164
43.7467708333333,11.4779472351074
43.7501041666667,11.4766955375671
43.7534375,11.4755630493164
43.7567708333333,11.4746689796448
43.7601041666667,11.4738941192627
43.7634375,11.4731788635254
43.7667708333333,11.4724636077881
43.7701041666667,11.4718079566956
43.7734375,11.471152305603
43.7767708333333,11.4704966545105
43.7801041666667,11.469841003418
43.7834375,11.4690661430359
43.7867708333333,11.4682912826538
43.7901041666667,11.467456817627
43.7934375,11.4665627479553
43.7967708333333,11.4656090736389
43.8001041666667,11.4647150039673
43.8034375,11.4638209342957
43.8067708333333,11.4629864692688
43.8101041666667,11.4622116088867
43.8134375,11.4614963531494
43.8167708333333,11.4609003067017
43.8201041666667,11.4603638648987
43.8234375,11.4598274230957
43.8267708333333,11.4593505859375
43.8301041666667,11.4588737487793
43.8334375,11.4583373069763
43.8367708333333,11.4578008651733
43.8401041666667,11.4572048187256
43.8434375,11.4566087722778
43.8467708333333,11.4560723304749
43.8501041666667,11.4554762840271
43.8534375,11.4549994468689
43.8567708333333,11.4545822143555
43.8601041666667,11.4542245864868
43.8634375,11.4539861679077
43.8667708333333,11.4538669586182
43.8701041666667,11.4538073539734
43.8734375,11.4538669586182
43.8767708333333,11.4540457725525
43.8801041666667,11.4542841911316
43.8834375,11.4546418190002
43.8867708333333,11.4550590515137
43.8901041666667,11.4555954933167
43.8934375,11.4561319351196
43.8967708333333,11.4567279815674
43.9001041666667,11.4574432373047
43.9034375,11.458158493042
43.9067708333333,11.4588737487793
43.9101041666667,11.4595890045166
43.9134375,11.4603638648987
43.9167708333333,11.4611387252808
43.9201041666667,11.4619135856628
43.9234375,11.4626288414001
43.9267708333333,11.4634037017822
43.9301041666667,11.4641189575195
43.9334375,11.4648938179016
43.9367708333333,11.4657282829285
43.9401041666667,11.4665627479553
43.9434375,11.467456817627
43.9467708333333,11.4683508872986
43.9501041666667,11.469304561615
43.9534375,11.4703178405762
43.9567708333333,11.4712715148926
43.9601041666667,11.4721655845642
43.9634375,11.4730596542358
43.9667708333333,11.4738941192627
43.9701041666667,11.4746689796448
43.9734375,11.4753246307373
43.9767708333333,11.4759206771851
43.9801041666667,11.476457118988
43.9834375,11.476993560791
43.9867708333333,11.4774703979492
43.9901041666667,11.4780068397522
43.9934375,11.4784836769104
43.9967708333333,11.4790797233582
44.0001041666667,11.4796757698059
44.0034375,11.4803910255432
44.0067708333333,11.4811062812805
44.0101041666667,11.4819407463074
44.0134375,11.4827752113342
44.0167708333333,11.4836096763611
44.0201041666667,11.4845037460327
44.0234375,11.4853382110596
44.0267708333333,11.4861726760864
44.0301041666667,11.4870667457581
44.0334375,11.4879012107849
44.0367708333333,11.4887952804565
44.0401041666667,11.4896297454834
44.0434375,11.490523815155
44.0467708333333,11.4914178848267
44.0501041666667,11.4923119544983
44.0534375,11.4932060241699
44.0567708333333,11.4941000938416
44.0601041666667,11.4949345588684
44.0634375,11.4957094192505
44.0667708333333,11.496365070343
44.0701041666667,11.4970207214355
44.0734375,11.4975571632385
44.0767708333333,11.4980340003967
44.0801041666667,11.4984512329102
44.0834375,11.4988684654236
44.0867708333333,11.4992260932922
44.0901041666667,11.4995837211609
44.0934375,11.4999413490295
44.0967708333333,11.500358581543
44.1001041666667,11.5007758140564
44.1034375,11.501133441925
44.1067708333333,11.5015506744385
44.1101041666667,11.5018486976624
44.1134375,11.5021467208862
44.1167708333333,11.5023851394653
44.1201041666667,11.5025639533997
44.1234375,11.5026235580444
44.1267708333333,11.5026235580444
44.1301041666667,11.5025043487549
44.1334375,11.5023851394653
44.1367708333333,11.502206325531
44.1401041666667,11.5019679069519
44.1434375,11.5017294883728
44.1467708333333,11.5014910697937
44.1501041666667,11.5011930465698
44.1534375,11.5009546279907
44.1567708333333,11.5006566047668
44.1601041666667,11.5004181861877
44.1634375,11.5001201629639
44.1667708333333,11.49982213974
44.1701041666667,11.4995241165161
44.1734375,11.499285697937
44.1767708333333,11.4991068840027
44.1801041666667,11.4989876747131
44.1834375,11.4989876747131
44.1867708333333,11.4991664886475
44.1901041666667,11.4994645118713
44.1934375,11.4999413490295
44.1967708333333,11.5005970001221
44.2001041666667,11.5014314651489
44.2034375,11.5024447441101
44.2067708333333,11.5035176277161
44.2101041666667,11.5047693252563
44.2134375,11.5060210227966
44.2167708333333,11.5073323249817
44.2201041666667,11.5087032318115
44.2234375,11.5100741386414
44.2267708333333,11.5113854408264
44.2301041666667,11.5127563476563
44.2334375,11.5140676498413
44.2367708333333,11.5153193473816
44.2401041666667,11.5165710449219
44.2434375,11.5177631378174
44.2467708333333,11.5188956260681
44.2501041666667,11.5200281143188
44.2534375,11.5211009979248
44.2567708333333,11.5221738815308
44.2601041666667,11.5232467651367
44.2634375,11.5242600440979
44.2667708333333,11.5252733230591
44.2701041666667,11.5262269973755
44.2734375,11.5271806716919
44.2767708333333,11.5280747413635
44.2801041666667,11.5289092063904
44.2834375,11.5297436714172
44.2867708333333,11.5305185317993
44.2901041666667,11.5312933921814
44.2934375,11.5320682525635
44.2967708333333,11.5329027175903
44.3001041666667,11.5336775779724
44.3034375,11.534571647644
44.3067708333333,11.5354657173157
44.3101041666667,11.5363597869873
44.3134375,11.5373134613037
44.3167708333333,11.5382671356201
44.3201041666667,11.5392208099365
44.3234375,11.5401744842529
44.3267708333333,11.5410089492798
44.3301041666667,11.5417838096619
44.3334375,11.5425586700439
44.3367708333333,11.5431547164917
44.3401041666667,11.5437507629395
44.3434375,11.5442872047424
44.3467708333333,11.5447044372559
44.3501041666667,11.5451216697693
44.3534375,11.5454792976379
44.3567708333333,11.5458369255066
44.3601041666667,11.5461349487305
44.3634375,11.5464329719543
44.3667708333333,11.5466713905334
44.3701041666667,11.5469694137573
44.3734375,11.5472078323364
44.3767708333333,11.5473866462708
44.3801041666667,11.5476250648499
44.3834375,11.5478038787842
44.3867708333333,11.5480422973633
44.3901041666667,11.5482807159424
44.3934375,11.5485787391663
44.3967708333333,11.5489363670349
44.4001041666667,11.5494132041931
44.4034375,11.5499496459961
44.4067708333333,11.5505456924438
44.4101041666667,11.5512609481812
44.4134375,11.552095413208
44.4167708333333,11.5529894828796
44.4201041666667,11.5538835525513
44.4234375,11.5548372268677
44.4267708333333,11.5557909011841
44.4301041666667,11.5567445755005
44.4334375,11.5575790405273
44.4367708333333,11.5583539009094
44.4401041666667,11.5590691566467
44.4434375,11.5596652030945
44.4467708333333,11.5602016448975
44.4501041666667,11.5606188774109
44.4534375,11.5610361099243
44.4567708333333,11.5613341331482
44.4601041666667,11.5616321563721
44.4634375,11.5619301795959
44.4667708333333,11.5622878074646
44.4701041666667,11.562705039978
44.4734375,11.5631818771362
44.4767708333333,11.5637183189392
44.4801041666667,11.5644335746765
44.4834375,11.5652084350586
44.4867708333333,11.5661025047302
44.4901041666667,11.5671157836914
44.4934375,11.5682482719421
44.4967708333333,11.5694999694824
44.5001041666667,11.5708708763123
44.5034375,11.5723013877869
44.5067708333333,11.5737915039063
44.5101041666667,11.5754008293152
44.5134375,11.5770697593689
44.5167708333333,11.5787386894226
44.5201041666667,11.5805268287659
44.5234375,11.5822553634644
44.5267708333333,11.5839838981628
44.5301041666667,11.5856528282166
44.5334375,11.5873217582703
44.5367708333333,11.5888118743896
44.5401041666667,11.5902423858643
44.5434375,11.5915536880493
44.5467708333333,11.5926861763
44.5501041666667,11.5936994552612
44.5534375,11.5945935249329
44.5567708333333,11.5953683853149
44.5601041666667,11.5960240364075
44.5634375,11.5966200828552
44.5667708333333,11.5971565246582
44.5701041666667,11.5976333618164
44.5734375,11.5981101989746
44.5767708333333,11.598527431488
44.5801041666667,11.5988850593567
44.5834375,11.5992426872253
44.5867708333333,11.5995407104492
44.5901041666667,11.5997195243835
44.5934375,11.5998387336731
44.5967708333333,11.5998387336731
44.6001041666667,11.5997195243835
44.6034375,11.5995407104492
44.6067708333333,11.5992426872253
44.6101041666667,11.5988850593567
44.6134375,11.5984678268433
44.6167708333333,11.5980505943298
44.6201041666667,11.5976333618164
44.6234375,11.5972757339478
44.6267708333333,11.5969777107239
44.6301041666667,11.5967988967896
44.6334375,11.5967988967896
44.6367708333333,11.5969181060791
44.6401041666667,11.597216129303
44.6434375,11.5976929664612
44.6467708333333,11.5982890129089
44.6501041666667,11.5990042686462
44.6534375,11.5998387336731
44.6567708333333,11.6007924079895
44.6601041666667,11.6018056869507
44.6634375,11.6028189659119
44.6667708333333,11.6038918495178
44.6701041666667,11.604905128479
44.6734375,11.605978012085
44.6767708333333,11.6070508956909
44.6801041666667,11.6080045700073
44.6834375,11.6090178489685
44.6867708333333,11.6099119186401
44.6901041666667,11.6108059883118
44.6934375,11.6116404533386
44.6967708333333,11.6124749183655
44.7001041666667,11.6132497787476
44.7034375,11.6139054298401
44.7067708333333,11.6145610809326
44.7101041666667,11.6150379180908
44.7134375,11.6153955459595
44.7167708333333,11.6156339645386
44.7201041666667,11.6156935691833
44.7234375,11.6156339645386
44.7267708333333,11.6153359413147
44.7301041666667,11.6149187088013
44.7334375,11.6143822669983
44.7367708333333,11.6137862205505
44.7401041666667,11.613130569458
44.7434375,11.6124749183655
44.7467708333333,11.6118192672729
44.7501041666667,11.6111040115356
44.7534375,11.6104483604431
44.7567708333333,11.6097331047058
44.7601041666667,11.6090774536133
44.7634375,11.6084218025208
44.7667708333333,11.607825756073
44.7701041666667,11.6072297096252
44.7734375,11.606752872467
44.7767708333333,11.6063952445984
44.7801041666667,11.6060972213745
44.7834375,11.605978012085
44.7867708333333,11.6060376167297
44.7901041666667,11.6062760353088
44.7934375,11.6065740585327
44.7967708333333,11.6070508956909
44.8001041666667,11.6075277328491
44.8034375,11.6081237792969
44.8067708333333,11.6087198257446
44.8101041666667,11.6093158721924
44.8134375,11.6099119186401
44.8167708333333,11.6104483604431
44.8201041666667,11.6109848022461
44.8234375,11.6115212440491
44.8267708333333,11.6120576858521
44.8301041666667,11.6127133369446
44.8334375,11.6134285926819
44.8367708333333,11.6142630577087
44.8401041666667,11.6152167320251
44.8434375,11.6164088249207
44.8467708333333,11.6177201271057
44.8501041666667,11.6191506385803
44.8534375,11.6207003593445
44.8567708333333,11.6223692893982
44.8601041666667,11.6240382194519
44.8634375,11.6256475448608
44.8667708333333,11.6272568702698
44.8701041666667,11.6287469863892
44.8734375,11.6301774978638
44.8767708333333,11.6316080093384
44.8801041666667,11.6329193115234
44.8834375,11.6342306137085
44.8867708333333,11.6355419158936
44.8901041666667,11.6368532180786
44.8934375,11.6381645202637
44.8967708333333,11.639416217804
44.9001041666667,11.6406679153442
44.9034375,11.641800403595
44.9067708333333,11.6428732872009
44.9101041666667,11.6438269615173
44.9134375,11.644721031189
44.9167708333333,11.6455554962158
44.9201041666667,11.6464495658875
44.9234375,11.6473436355591
44.9267708333333,11.6483569145203
44.9301041666667,11.6496086120605
44.9334375,11.6510987281799
44.9367708333333,11.6530656814575
44.9401041666667,11.6556286811829
44.9434375,11.6590261459351
44.9467708333333,11.6636157035828
44.9501041666667,11.6698741912842
44.9534375,11.6785168647766
44.9567708333333,11.6903781890869
44.9601041666667,11.7067098617554
44.9634375,11.7290616035461
44.9667708333333,11.759340763092
44.9701041666667,11.7998123168945
44.9734375,11.8533968925476
44.9767708333333,11.9233727455139
44.9801041666667,12.0133757591248
44.9834375,12.1275782585144
44.9867708333333,12.2705698013306
44.9901041666667,12.4468803405762
44.9934375,12.6610994338989
44.9967708333333,12.917697429657
45.0001041666667,13.2202506065369
45.0034375,13.5716795921326
45.0067708333333,13.9734745025635
45.0101041666667,14.4254565238953
45.0134375,14.9255394935608
45.0167708333333,15.4693126678467
45.0201041666667,16.0501599311829
45.0234375,16.6590213775635
45.0267708333333,17.2843933105469
45.0301041666667,17.9131627082825
45.0334375,18.5304284095764
45.0367708333333,19.1203951835632
45.0401041666667,19.6670293807983
45.0434375,20.1549530029297
45.0467708333333,20.5698013305664
45.0501041666667,20.8992958068848
45.0534375,21.1338400840759
45.0567708333333,21.266758441925
45.0601041666667,21.2950110435486
45.0634375,21.21901512146
45.0667708333333,21.0425853729248
45.0701041666667,20.7728147506714
45.0734375,20.4195976257324
45.0767708333333,19.9950337409973
45.0801041666667,19.5125937461853
45.0834375,18.9867615699768
45.0867708333333,18.432080745697
45.0901041666667,17.8626775741577
45.0934375,17.2916054725647
45.0967708333333,16.7304873466492
45.1001041666667,16.1890983581543
45.1034375,15.6754851341248
45.1067708333333,15.1954889297485
45.1101041666667,14.7532224655151
45.1134375,14.350950717926
45.1167708333333,13.9895081520081
45.1201041666667,13.6682391166687
45.1234375,13.3856534957886
45.1267708333333,13.1394267082214
45.1301041666667,12.9266381263733
45.1334375,12.7442479133606
45.1367708333333,12.5888586044312
45.1401041666667,12.4573707580566
45.1434375,12.3465657234192
45.1467708333333,12.2535824775696
45.1501041666667,12.1757388114929
45.1534375,12.110710144043
45.1567708333333,12.0564699172974
45.1601041666667,12.0111703872681
45.1634375,11.9733810424805
45.1667708333333,11.9417309761047
45.1701041666667,11.9152665138245
45.1734375,11.893093585968
45.1767708333333,11.8744969367981
45.1801041666667,11.8589401245117
45.1834375,11.8459463119507
45.1867708333333,11.8350982666016
45.1901041666667,11.8260383605957
45.1934375,11.8184685707092
45.1967708333333,11.812150478363
45.2001041666667,11.806845664978
45.2034375,11.8024349212646
45.2067708333333,11.7987394332886
45.2101041666667,11.7956399917603
45.2134375,11.7930173873901
45.2167708333333,11.790931224823
45.2201041666667,11.7892026901245
45.2234375,11.7879509925842
45.2267708333333,11.7869973182678
45.2301041666667,11.7864608764648
45.2334375,11.7862224578857
45.2367708333333,11.7862820625305
45.2401041666667,11.7866992950439
45.2434375,11.7872953414917
45.2467708333333,11.7881894111633
45.2501041666667,11.7892026901245
45.2534375,11.7904543876648
45.2567708333333,11.7918848991394
45.2601041666667,11.7933750152588
45.2634375,11.7950439453125
45.2667708333333,11.796772480011
45.2701041666667,11.7985010147095
45.2734375,11.8002891540527
45.2767708333333,11.8020176887512
45.2801041666667,11.8036866188049
45.2834375,11.8052363395691
45.2867708333333,11.8066072463989
45.2901041666667,11.8077993392944
45.2934375,11.8088126182556
45.2967708333333,11.8095874786377
45.3001041666667,11.8101835250854
45.3034375,11.8104815483093
45.3067708333333,11.8106603622437
45.3101041666667,11.8106007575989
45.3134375,11.8103623390198
45.3167708333333,11.8100047111511
45.3201041666667,11.8094682693481
45.3234375,11.8088126182556
45.3267708333333,11.8079781532288
45.3301041666667,11.8071436882019
45.3334375,11.8061900138855
45.3367708333333,11.8052363395691
45.3401041666667,11.8042826652527
45.3434375,11.8032693862915
45.3467708333333,11.8023157119751
45.3501041666667,11.8013620376587
45.3534375,11.8004083633423
45.3567708333333,11.7995142936707
45.3601041666667,11.7985606193542
45.3634375,11.7976069450378
45.3667708333333,11.7967128753662
45.3701041666667,11.7957592010498
45.3734375,11.7948055267334
45.3767708333333,11.7939114570618
45.3801041666667,11.7931365966797
45.3834375,11.7923617362976
45.3867708333333,11.7917656898499
45.3901041666667,11.7912292480469
45.3934375,11.7908120155334
45.3967708333333,11.7904543876648
45.4001041666667,11.7901563644409
45.4034375,11.789858341217
45.4067708333333,11.7895603179932
45.4101041666667,11.7891430854797
45.4134375,11.7886662483215
45.4167708333333,11.7880702018738
45.4201041666667,11.7872953414917
45.4234375,11.7864012718201
45.4267708333333,11.7853283882141
45.4301041666667,11.7841958999634
45.4334375,11.7828845977783
45.4367708333333,11.7815136909485
45.4401041666667,11.7800831794739
45.4434375,11.7785930633545
45.4467708333333,11.7771625518799
45.4501041666667,11.7757320404053
45.4534375,11.7743611335754
45.4567708333333,11.7731094360352
45.4601041666667,11.7719769477844
45.4634375,11.7709636688232
45.4667708333333,11.7701292037964
45.4701041666667,11.7693543434143
45.4734375,11.7686986923218
45.4767708333333,11.768102645874
45.4801041666667,11.767566204071
45.4834375,11.7670297622681
45.4867708333333,11.7664933204651
45.4901041666667,11.7660164833069
45.4934375,11.7654800415039
45.4967708333333,11.7649435997009
45.5001041666667,11.7644071578979
45.5034375,11.7639303207397
45.5067708333333,11.7634534835815
45.5101041666667,11.7629766464233
45.5134375,11.7625594139099
45.5167708333333,11.7622017860413
45.5201041666667,11.7619037628174
45.5234375,11.7616057395935
45.5267708333333,11.7613673210144
45.5301041666667,11.7611885070801
45.5334375,11.7610692977905
45.5367708333333,11.760950088501
45.5401041666667,11.7608904838562
45.5434375,11.760950088501
45.5467708333333,11.7610096931458
45.5501041666667,11.7611289024353
45.5534375,11.7613077163696
45.5567708333333,11.7615461349487
45.5601041666667,11.7617845535278
45.5634375,11.7621421813965
45.5667708333333,11.7625594139099
45.5701041666667,11.7630362510681
45.5734375,11.7636322975159
45.5767708333333,11.7642879486084
45.5801041666667,11.7651224136353
45.5834375,11.7659568786621
45.5867708333333,11.7669701576233
45.5901041666667,11.7680430412292
45.5934375,11.76917552948
45.5967708333333,11.7703080177307
45.6001041666667,11.7715001106262
45.6034375,11.7726922035217
45.6067708333333,11.7738842964172
45.6101041666667,11.775016784668
45.6134375,11.7762088775635
45.6167708333333,11.7773413658142
45.6201041666667,11.7785334587097
45.6234375,11.77978515625
45.6267708333333,11.7810964584351
45.6301041666667,11.7825269699097
45.6334375,11.7840170860291
45.6367708333333,11.7855668067932
45.6401041666667,11.7871761322021
45.6434375,11.7888450622559
45.6467708333333,11.7906332015991
45.6501041666667,11.7924213409424
45.6534375,11.7942690849304
45.6567708333333,11.7962956428528
45.6601041666667,11.7984414100647
45.6634375,11.8008255958557
45.6667708333333,11.8035674095154
45.6701041666667,11.8067264556885
45.6734375,11.8103623390198
45.6767708333333,11.8145346641541
45.6801041666667,11.8194222450256
45.6834375,11.8250846862793
45.6867708333333,11.8316411972046
45.6901041666667,11.8393301963806
45.6934375,11.8482708930969
45.6967708333333,11.8587613105774
45.7001041666667,11.8710398674011
45.7034375,11.8855237960815
45.7067708333333,11.9026303291321
45.7101041666667,11.9228363037109
45.7134375,11.9467973709106
45.7167708333333,11.975109577179
45.7201041666667,12.0084881782532
45.7234375,12.0477676391602
45.7267708333333,12.0938420295715
45.7301041666667,12.1477246284485
45.7334375,12.2103691101074
45.7367708333333,12.2829079627991
45.7401041666667,12.3665332794189
45.7434375,12.4624371528625
45.7467708333333,12.5718116760254
45.7501041666667,12.6957297325134
45.7534375,12.8354430198669
45.7567708333333,12.9918456077576
45.7601041666667,13.1658315658569
45.7634375,13.3580565452576
45.7667708333333,13.5688781738281
45.7701041666667,13.7984156608582
45.7734375,14.046311378479
45.7767708333333,14.3119692802429
45.7801041666667,14.5942568778992
45.7834375,14.8916840553284
45.7867708333333,15.2022242546082
45.7901041666667,15.5234336853027
45.7934375,15.8524513244629
45.7967708333333,16.1860585212708
45.8001041666667,16.520619392395
45.8034375,16.8523192405701
45.8067708333333,17.1770453453064
45.8101041666667,17.490565776825
45.8134375,17.788827419281
45.8167708333333,18.0675387382507
45.8201041666667,18.3228254318237
45.8234375,18.5511708259583
45.8267708333333,18.7492966651917
45.8301041666667,18.914520740509
45.8334375,19.0445780754089
45.8367708333333,19.1380381584167
45.8401041666667,19.1938877105713
45.8434375,19.2118883132935
45.8467708333333,19.1924571990967
45.8501041666667,19.1365480422974
45.8534375,19.0457105636597
45.8567708333333,18.9221501350403
45.8601041666667,18.7683701515198
45.8634375,18.5872912406921
45.8667708333333,18.3821320533752
45.8701041666667,18.1564092636108
45.8734375,17.9135799407959
45.8767708333333,17.6573395729065
45.8801041666667,17.3911452293396
45.8834375,17.1184539794922
45.8867708333333,16.8426036834717
45.8901041666667,16.5665149688721
45.8934375,16.2931084632874
45.8967708333333,16.024649143219
45.9001041666667,15.7634615898132
45.9034375,15.511155128479
45.9067708333333,15.2693390846252
45.9101041666667,15.0390863418579
45.9134375,14.8211717605591
45.9167708333333,14.6162509918213
45.9201041666667,14.4245028495789
45.9234375,14.2460465431213
45.9267708333333,14.0807628631592
45.9301041666667,13.9282941818237
45.9334375,13.7882828712463
45.9367708333333,13.6601328849792
45.9401041666667,13.5433077812195
45.9434375,13.4369730949402
45.9467708333333,13.3405923843384
45.9501041666667,13.2532715797424
45.9534375,13.1743550300598
45.9567708333333,13.1030678749084
45.9601041666667,13.038694858551
45.9634375,12.980580329895
45.9667708333333,12.9281282424927
45.9701041666667,12.8806829452515
45.9734375,12.8377676010132
45.9767708333333,12.7988457679749
45.9801041666667,12.7635598182678
45.9834375,12.7314925193787
45.9867708333333,12.7022266387939
45.9901041666667,12.6755237579346
45.9934375,12.6510858535767
45.9967708333333,12.6285552978516
46.0001041666667,12.6078128814697
46.0034375,12.5886201858521
46.0067708333333,12.5706791877747
46.0101041666667,12.5539898872375
46.0134375,12.5382542610168
46.0167708333333,12.5234723091125
46.0201041666667,12.5095248222351
46.0234375,12.4962329864502
46.0267708333333,12.4837160110474
46.0301041666667,12.4717354774475
46.0334375,12.4604105949402
46.0367708333333,12.4496817588806
46.0401041666667,12.4394297599792
46.0434375,12.4298334121704
46.0467708333333,12.4207139015198
46.0501041666667,12.4121308326721
46.0534375,12.4040246009827
46.0567708333333,12.3963952064514
46.0601041666667,12.3891830444336
46.0634375,12.3823881149292
46.0667708333333,12.3759508132935
46.0701041666667,12.3698115348816
46.0734375,12.3639702796936
46.0767708333333,12.3583078384399
46.0801041666667,12.3528838157654
46.0834375,12.3475790023804
46.0867708333333,12.3424530029297
46.0901041666667,12.3374462127686
46.0934375,12.332558631897
46.0967708333333,12.3276710510254
46.1001041666667,12.3228430747986
46.1034375,12.3180150985718
46.1067708333333,12.313187122345
46.1101041666667,12.3083591461182
46.1134375,12.3034119606018
46.1167708333333,12.2984051704407
46.1201041666667,12.2933983802795
46.1234375,12.2882723808289
46.1267708333333,12.2830867767334
46.1301041666667,12.2778415679932
46.1334375,12.2725963592529
46.1367708333333,12.2672319412231
46.1401041666667,12.2618675231934
46.1434375,12.2565627098083
46.1467708333333,12.2512578964233
46.1501041666667,12.2460126876831
46.1534375,12.2409462928772
46.1567708333333,12.2359395027161
46.1601041666667,12.231171131134
46.1634375,12.2266411781311
46.1667708333333,12.2222900390625
46.1701041666667,12.2181177139282
46.1734375,12.2141242027283
46.1767708333333,12.2103691101074
46.1801041666667,12.2067332267761
46.1834375,12.2032761573792
46.1867708333333,12.1999979019165
46.1901041666667,12.1968388557434
46.1934375,12.1939778327942
46.1967708333333,12.1912360191345
46.2001041666667,12.1887922286987
46.2034375,12.1864676475525
46.2067708333333,12.1844410896301
46.2101041666667,12.1825337409973
46.2134375,12.1808052062988
46.2167708333333,12.1791362762451
46.2201041666667,12.177586555481
46.2234375,12.1760964393616
46.2267708333333,12.174665927887
46.2301041666667,12.1732950210571
46.2334375,12.1720433235168
46.2367708333333,12.1708512306213
46.2401041666667,12.1698379516602
46.2434375,12.1689438819885
46.2467708333333,12.1681690216064
46.2501041666667,12.1675729751587
46.2534375,12.1670365333557
46.2567708333333,12.1666789054871
46.2601041666667,12.1663212776184
46.2634375,12.1659636497498
46.2667708333333,12.1656060218811
46.2701041666667,12.1652483940125
46.2734375,12.1648907661438
46.2767708333333,12.1644735336304
46.2801041666667,12.1639370918274
46.2834375,12.1634006500244
46.2867708333333,12.1628046035767
46.2901041666667,12.1620893478394
46.2934375,12.1613740921021
46.2967708333333,12.16059923172
46.3001041666667,12.1597647666931
46.3034375,12.1588706970215
46.3067708333333,12.1578574180603
46.3101041666667,12.1568441390991
46.3134375,12.1557116508484
46.3167708333333,12.1545791625977
46.3201041666667,12.1533274650574
46.3234375,12.1520161628723
46.3267708333333,12.1506452560425
46.3301041666667,12.1492147445679
46.3334375,12.1477246284485
46.3367708333333,12.1462345123291
46.3401041666667,12.1446251869202
46.3434375,12.1429562568665
46.3467708333333,12.141227722168
46.3501041666667,12.1394395828247
46.3534375,12.1375918388367
46.3567708333333,12.1356248855591
46.3601041666667,12.1336579322815
46.3634375,12.1316313743591
46.3667708333333,12.1296048164368
46.3701041666667,12.1276378631592
46.3734375,12.1256709098816
46.3767708333333,12.1238231658936
46.3801041666667,12.1220350265503
46.3834375,12.1203660964966
46.3867708333333,12.1188163757324
46.3901041666667,12.1174454689026
46.3934375,12.1161937713623
46.3967708333333,12.1152400970459
46.4001041666667,12.114405632019
46.4034375,12.1137499809265
46.4067708333333,12.1132731437683
46.4101041666667,12.1129155158997
46.4134375,12.1127367019653
46.4167708333333,12.1126770973206
46.4201041666667,12.1126770973206
46.4234375,12.1128559112549
46.4267708333333,12.113094329834
46.4301041666667,12.1134519577026
46.4334375,12.1139287948608
46.4367708333333,12.1145248413086
46.4401041666667,12.1152400970459
46.4434375,12.1160745620728
46.4467708333333,12.1169090270996
46.4501041666667,12.1178030967712
46.4534375,12.1186971664429
46.4567708333333,12.1195316314697
46.4601041666667,12.1203064918518
46.4634375,12.1210217475891
46.4667708333333,12.1217370033264
46.4701041666667,12.1223330497742
46.4734375,12.1229887008667
46.4767708333333,12.1235847473145
46.4801041666667,12.1241211891174
46.4834375,12.1247172355652
46.4867708333333,12.1253132820129
46.4901041666667,12.1258497238159
46.4934375,12.1263265609741
46.4967708333333,12.1268033981323
46.5001041666667,12.1272206306458
46.5034375,12.1275782585144
46.5067708333333,12.1278762817383
46.5101041666667,12.1281147003174
46.5134375,12.1284127235413
46.5167708333333,12.1286511421204
46.5201041666667,12.1289491653442
46.5234375,12.1292471885681
46.5267708333333,12.129545211792
46.5301041666667,12.1299624443054
46.5334375,12.1303796768188
46.5367708333333,12.1308565139771
46.5401041666667,12.13139295578
46.5434375,12.1319890022278
46.5467708333333,12.1326446533203
46.5501041666667,12.1333003044128
46.5534375,12.1340155601501
46.5567708333333,12.1346712112427
46.5601041666667,12.1353268623352
46.5634375,12.1360421180725
46.5667708333333,12.1366381645203
46.5701041666667,12.1372938156128
46.5734375,12.1379494667053
46.5767708333333,12.1386051177979
46.5801041666667,12.1393203735352
46.5834375,12.1400952339172
46.5867708333333,12.1408700942993
46.5901041666667,12.1416449546814
46.5934375,12.1424794197083
46.5967708333333,12.1431946754456
46.6001041666667,12.1438503265381
46.6034375,12.1443867683411
46.6067708333333,12.1446847915649
46.6101041666667,12.1448636054993
46.6134375,12.1447443962097
46.6167708333333,12.1444463729858
46.6201041666667,12.1439099311829
46.6234375,12.1431350708008
46.6267708333333,12.1422410011292
46.6301041666667,12.1411681175232
46.6334375,12.1400356292725
46.6367708333333,12.138843536377
46.6401041666667,12.1376514434814
46.6434375,12.1364593505859
46.6467708333333,12.1353268623352
46.6501041666667,12.1341943740845
46.6534375,12.1332406997681
46.6567708333333,12.1323466300964
46.6601041666667,12.1316313743591
46.6634375,12.1309757232666
46.6667708333333,12.1304392814636
46.6701041666667,12.1300220489502
46.6734375,12.1297240257263
46.6767708333333,12.1294856071472
46.6801041666667,12.1293067932129
46.6834375,12.1292471885681
46.6867708333333,12.1291875839233
46.6901041666667,12.1291279792786
46.6934375,12.1291279792786
46.6967708333333,12.1290683746338
46.7001041666667,12.1289491653442
46.7034375,12.1288299560547
46.7067708333333,12.1285915374756
46.7101041666667,12.1282935142517
46.7134375,12.1278762817383
46.7167708333333,12.1273994445801
46.7201041666667,12.1268630027771
46.7234375,12.1262073516846
46.7267708333333,12.125551700592
46.7301041666667,12.12477684021
46.7334375,12.1240019798279
46.7367708333333,12.123167514801
46.7401041666667,12.1222734451294
46.7434375,12.1212601661682
46.7467708333333,12.1201872825623
46.7501041666667,12.1190547943115
46.7534375,12.1178030967712
46.7567708333333,12.1164321899414
46.7601041666667,12.1150612831116
46.7634375,12.1135711669922
46.7667708333333,12.112021446228
46.7701041666667,12.1104717254639
46.7734375,12.1089816093445
46.7767708333333,12.1075510978699
46.7801041666667,12.1062397956848
46.7834375,12.1050477027893
46.7867708333333,12.1040344238281
46.7901041666667,12.1031999588013
46.7934375,12.1026039123535
46.7967708333333,12.1022462844849
46.8001041666667,12.1020674705505
46.8034375,12.1021270751953
46.8067708333333,12.1023654937744
46.8101041666667,12.1027231216431
46.8134375,12.1033191680908
46.8167708333333,12.1039748191833
46.8201041666667,12.1048092842102
46.8234375,12.1057033538818
46.8267708333333,12.1066570281982
46.8301041666667,12.1076703071594
46.8334375,12.1087431907654
46.8367708333333,12.1098160743713
46.8401041666667,12.1108889579773
46.8434375,12.112021446228
46.8467708333333,12.113094329834
46.8501041666667,12.1141672134399
46.8534375,12.1151804924011
46.8567708333333,12.1161937713623
46.8601041666667,12.1171474456787
46.8634375,12.1181011199951
46.8667708333333,12.1189951896667
46.8701041666667,12.1200084686279
46.8734375,12.1209621429443
46.8767708333333,12.1219754219055
46.8801041666667,12.1230483055115
46.8834375,12.1241807937622
46.8867708333333,12.1253132820129
46.8901041666667,12.1264457702637
46.8934375,12.1276378631592
46.8967708333333,12.1287703514099
46.9001041666667,12.1299624443054
46.9034375,12.1310949325562
46.9067708333333,12.1321678161621
46.9101041666667,12.1332406997681
46.9134375,12.134313583374
46.9167708333333,12.1352672576904
46.9201041666667,12.1361613273621
46.9234375,12.1370553970337
46.9267708333333,12.137770652771
46.9301041666667,12.1383666992188
46.9334375,12.1389031410217
46.9367708333333,12.1392607688904
46.9401041666667,12.1394991874695
46.9434375,12.1397376060486
46.9467708333333,12.1398568153381
46.9501041666667,12.1399164199829
46.9534375,12.1399164199829
46.9567708333333,12.1399164199829
46.9601041666667,12.1399164199829
46.9634375,12.1398568153381
46.9667708333333,12.1398568153381
46.9701041666667,12.1398568153381
46.9734375,12.1397972106934
46.9767708333333,12.1397972106934
46.9801041666667,12.1397972106934
46.9834375,12.1397972106934
46.9867708333333,12.1397972106934
46.9901041666667,12.1397972106934
46.9934375,12.1397376060486
46.9967708333333,12.1396780014038
47.0001041666667,12.1395587921143
47.0034375,12.1394395828247
47.0067708333333,12.1393203735352
47.0101041666667,12.1392011642456
47.0134375,12.1390819549561
47.0167708333333,12.1390223503113
47.0201041666667,12.1390819549561
47.0234375,12.1392011642456
47.0267708333333,12.1394395828247
47.0301041666667,12.1397376060486
47.0334375,12.1402144432068
47.0367708333333,12.1408700942993
47.0401041666667,12.1415853500366
47.0434375,12.1424198150635
47.0467708333333,12.1434330940247
47.0501041666667,12.1445059776306
47.0534375,12.1456980705261
47.0567708333333,12.1469497680664
47.0601041666667,12.1482014656067
47.0634375,12.1495127677917
47.0667708333333,12.1508240699768
47.0701041666667,12.1520757675171
47.0734375,12.1532082557678
47.0767708333333,12.154221534729
47.0801041666667,12.1551156044006
47.0834375,12.1558904647827
47.0867708333333,12.1565461158752
47.0901041666667,12.1570825576782
47.0934375,12.1574997901917
47.0967708333333,12.1579170227051
47.1001041666667,12.1582746505737
47.1034375,12.1585726737976
47.1067708333333,12.1588110923767
47.1101041666667,12.1590495109558
47.1134375,12.1592283248901
47.1167708333333,12.1593475341797
47.1201041666667,12.1593475341797
47.1234375,12.1592879295349
47.1267708333333,12.1591091156006
47.1301041666667,12.1588706970215
47.1334375,12.1585726737976
47.1367708333333,12.1582746505737
47.1401041666667,12.1579766273499
47.1434375,12.1577382087708
47.1467708333333,12.1575593948364
47.1501041666667,12.1573805809021
47.1534375,12.1573805809021
47.1567708333333,12.1573805809021
47.1601041666667,12.1575593948364
47.1634375,12.1577382087708
47.1667708333333,12.1580362319946
47.1701041666667,12.1583342552185
47.1734375,12.1587514877319
47.1767708333333,12.1592283248901
47.1801041666667,12.1597647666931
47.1834375,12.1603608131409
47.1867708333333,12.1610760688782
47.1901041666667,12.1617913246155
47.1934375,12.1625065803528
47.1967708333333,12.1632814407349
47.2001041666667,12.1640563011169
47.2034375,12.1647715568542
47.2067708333333,12.1654868125916
47.2101041666667,12.1661424636841
47.2134375,12.1666789054871
47.2167708333333,12.1671557426453
47.2201041666667,12.1675133705139
47.2234375,12.167751789093
47.2267708333333,12.1678709983826
47.2301041666667,12.1678709983826
47.2334375,12.167751789093
47.2367708333333,12.1675133705139
47.2401041666667,12.16721534729
47.2434375,12.1668577194214
47.2467708333333,12.1663808822632
47.2501041666667,12.165904045105
47.2534375,12.1654272079468
47.2567708333333,12.1649503707886
47.2601041666667,12.1644735336304
47.2634375,12.1639966964722
47.2667708333333,12.163519859314
47.2701041666667,12.1631622314453
47.2734375,12.1628046035767
47.2767708333333,12.1625065803528
47.2801041666667,12.1622681617737
47.2834375,12.1620297431946
47.2867708333333,12.161910533905
47.2901041666667,12.1617913246155
47.2934375,12.1617913246155
47.2967708333333,12.161910533905
47.3001041666667,12.1620893478394
47.3034375,12.162446975708
47.3067708333333,12.1628642082214
47.3101041666667,12.1634602546692
47.3134375,12.1641159057617
47.3167708333333,12.1648907661438
47.3201041666667,12.1657848358154
47.3234375,12.1666193008423
47.3267708333333,12.1675133705139
47.3301041666667,12.1684074401855
47.3334375,12.1692419052124
47.3367708333333,12.1700167655945
47.3401041666667,12.1707916259766
47.3434375,12.1715068817139
47.3467708333333,12.1721625328064
47.3501041666667,12.1728181838989
47.3534375,12.1734738349915
47.3567708333333,12.1740698814392
47.3601041666667,12.1746063232422
47.3634375,12.1751427650452
47.3667708333333,12.1756196022034
47.3701041666667,12.1760368347168
47.3734375,12.1763944625854
47.3767708333333,12.1766924858093
47.3801041666667,12.1769905090332
47.3834375,12.1772885322571
47.3867708333333,12.177586555481
47.3901041666667,12.1779441833496
47.3934375,12.1782422065735
47.3967708333333,12.1785402297974
47.4001041666667,12.1787786483765
47.4034375,12.1790170669556
47.4067708333333,12.1791958808899
47.4101041666667,12.1793746948242
47.4134375,12.1794939041138
47.4167708333333,12.1796131134033
47.4201041666667,12.1797323226929
47.4234375,12.179970741272
47.4267708333333,12.1803283691406
47.4301041666667,12.1808648109436
47.4334375,12.1814608573914
47.4367708333333,12.1822953224182
47.4401041666667,12.1831893920898
47.4434375,12.1841430664063
47.4467708333333,12.1851563453674
47.4501041666667,12.1862292289734
47.4534375,12.1873021125793
47.4567708333333,12.1883153915405
47.4601041666667,12.1892690658569
47.4634375,12.1902227401733
47.4667708333333,12.191116809845
47.4701041666667,12.1920108795166
47.4734375,12.1928453445435
47.4767708333333,12.1937394142151
47.4801041666667,12.1946930885315
47.4834375,12.1956467628479
47.4867708333333,12.1967196464539
47.4901041666667,12.1977925300598
47.4934375,12.1989250183105
47.4967708333333,12.1999979019165
47.5001041666667,12.2011303901672
47.5034375,12.202262878418
47.5067708333333,12.2032761573792
47.5101041666667,12.2042894363403
47.5134375,12.205183506012
47.5167708333333,12.2060775756836
47.5201041666667,12.2068524360657
47.5234375,12.207567691803
47.5267708333333,12.2082829475403
47.5301041666667,12.208878993988
47.5334375,12.2095346450806
47.5367708333333,12.2101306915283
47.5401041666667,12.2107863426208
47.5434375,12.2114419937134
47.5467708333333,12.2120976448059
47.5501041666667,12.212872505188
47.5534375,12.2137069702148
47.5567708333333,12.2146606445313
47.5601041666667,12.2156739234924
47.5634375,12.2168064117432
47.5667708333333,12.2178792953491
47.5701041666667,12.2189521789551
47.5734375,12.220025062561
47.5767708333333,12.2209787368774
47.5801041666667,12.2218132019043
47.5834375,12.2225880622864
47.5867708333333,12.2231841087341
47.5901041666667,12.2237801551819
47.5934375,12.2242569923401
47.5967708333333,12.2247338294983
47.6001041666667,12.2252702713013
47.6034375,12.225866317749
47.6067708333333,12.2265815734863
47.6101041666667,12.2273564338684
47.6134375,12.22825050354
47.6167708333333,12.2292637825012
47.6201041666667,12.2302770614624
47.6234375,12.2314095497131
47.6267708333333,12.2325420379639
47.6301041666667,12.2336149215698
47.6334375,12.2347474098206
47.6367708333333,12.2358202934265
47.6401041666667,12.2368931770325
47.6434375,12.2379660606384
47.6467708333333,12.2390985488892
47.6501041666667,12.2402310371399
47.6534375,12.2414827346802
47.6567708333333,12.2427940368652
47.6601041666667,12.2442841529846
47.6634375,12.2458934783936
47.6667708333333,12.247622013092
47.6701041666667,12.2495293617249
47.6734375,12.2514963150024
47.6767708333333,12.2536420822144
47.6801041666667,12.2559666633606
47.6834375,12.2583508491516
47.6867708333333,12.2610330581665
47.6901041666667,12.2638940811157
47.6934375,12.2670531272888
47.6967708333333,12.2705698013306
47.7001041666667,12.2745633125305
47.7034375,12.2790932655334
47.7067708333333,12.2842192649841
47.7101041666667,12.2901201248169
47.7134375,12.2967958450317
47.7167708333333,12.3043656349182
47.7201041666667,12.3130083084106
47.7234375,12.3227834701538
47.7267708333333,12.333869934082
47.7301041666667,12.3463869094849
47.7334375,12.3604536056519
47.7367708333333,12.3762488365173
47.7401041666667,12.3937726020813
47.7434375,12.4132633209229
47.7467708333333,12.434720993042
47.7501041666667,12.4581456184387
47.7534375,12.4836564064026
47.7567708333333,12.5111937522888
47.7601041666667,12.5406384468079
47.7634375,12.5719308853149
47.7667708333333,12.6048922538757
47.7701041666667,12.6392841339111
47.7734375,12.6749277114868
47.7767708333333,12.7115249633789
47.7801041666667,12.7487778663635
47.7834375,12.7862691879272
47.7867708333333,12.8236413002014
47.7901041666667,12.8605961799622
47.7934375,12.8966569900513
47.7967708333333,12.9314064979553
47.8001041666667,12.9644870758057
47.8034375,12.9954814910889
47.8067708333333,13.0240321159363
47.8101041666667,13.0497813224792
47.8134375,13.0724310874939
47.8167708333333,13.0916833877563
47.8201041666667,13.1073594093323
47.8234375,13.1192803382874
47.8267708333333,13.1273865699768
47.8301041666667,13.1316781044006
47.8334375,13.1320953369141
47.8367708333333,13.1287574768066
47.8401041666667,13.1218433380127
47.8434375,13.1115317344666
47.8467708333333,13.0980014801025
47.8501041666667,13.0815505981445
47.8534375,13.0624771118164
47.8567708333333,13.0411982536316
47.8601041666667,13.0178928375244
47.8634375,12.9930377006531
47.8667708333333,12.9669308662415
47.8701041666667,12.939989566803
47.8734375,12.912392616272
47.8767708333333,12.8845572471619
47.8801041666667,12.8567218780518
47.8834375,12.8291249275208
47.8867708333333,12.8020644187927
47.8901041666667,12.7756595611572
47.8934375,12.7500891685486
47.8967708333333,12.7255320549011
47.9001041666667,12.7019882202148
47.9034375,12.6795768737793
47.9067708333333,12.6583576202393
47.9101041666667,12.63827085495
47.9134375,12.6193165779114
47.9167708333333,12.6015543937683
47.9201041666667,12.584924697876
47.9234375,12.5694274902344
47.9267708333333,12.5550627708435
47.9301041666667,12.5418305397034
47.9334375,12.5296711921692
47.9367708333333,12.518584728241
47.9401041666667,12.5085711479187
47.9434375,12.4995112419128
47.9467708333333,12.4914050102234
47.9501041666667,12.4841928482056
47.9534375,12.477695941925
47.9567708333333,12.4719142913818
47.9601041666667,12.4667286872864
47.9634375,12.4620795249939
47.9667708333333,12.4579071998596
47.9701041666667,12.454092502594
47.9734375,12.450635433197
47.9767708333333,12.4474763870239
47.9801041666667,12.4445557594299
47.9834375,12.4418139457703
47.9867708333333,12.4393105506897
47.9901041666667,12.4369263648987
47.9934375,12.4347805976868
47.9967708333333,12.4328136444092
48.0001041666667,12.4310255050659
48.0034375,12.429416179657
48.0067708333333,12.4279260635376
48.0101041666667,12.4265551567078
48.0134375,12.4253034591675
48.0167708333333,12.424111366272
48.0201041666667,12.4229192733765
48.0234375,12.421727180481
48.0267708333333,12.4204754829407
48.0301041666667,12.4191641807556
48.0334375,12.417733669281
48.0367708333333,12.4163031578064
48.0401041666667,12.4147534370422
48.0434375,12.4132037162781
48.0467708333333,12.4117136001587
48.0501041666667,12.4101638793945
48.0534375,12.4087333679199
48.0567708333333,12.4073028564453
48.0601041666667,12.406051158905
48.0634375,12.4049186706543
48.0667708333333,12.4039053916931
48.0701041666667,12.4030709266663
48.0734375,12.4024748802185
48.0767708333333,12.4020576477051
48.0801041666667,12.401819229126
48.0834375,12.401819229126
48.0867708333333,12.4020576477051
48.0901041666667,12.4024748802185
48.0934375,12.4030709266663
48.0967708333333,12.4038457870483
48.1001041666667,12.4048590660095
48.1034375,12.4061107635498
48.1067708333333,12.4075412750244
48.1101041666667,12.4091506004333
48.1134375,12.4109983444214
48.1167708333333,12.4130845069885
48.1201041666667,12.4152302742004
48.1234375,12.4175548553467
48.1267708333333,12.4199390411377
48.1301041666667,12.4223232269287
48.1334375,12.4247670173645
48.1367708333333,12.4270915985107
48.1401041666667,12.429416179657
48.1434375,12.4316215515137
48.1467708333333,12.4337077140808
48.1501041666667,12.4356150627136
48.1534375,12.4374032020569
48.1567708333333,12.438952922821
48.1601041666667,12.4402642250061
48.1634375,12.4413371086121
48.1667708333333,12.4420523643494
48.1701041666667,12.4425292015076
48.1734375,12.4427080154419
48.1767708333333,12.4425888061523
48.1801041666667,12.4421715736389
48.1834375,12.4415755271912
48.1867708333333,12.4408602714539
48.1901041666667,12.440025806427
48.1934375,12.4391913414001
48.1967708333333,12.4384164810181
48.2001041666667,12.4377608299255
48.2034375,12.4372839927673
48.2067708333333,12.4371647834778
48.2101041666667,12.4374032020569
48.2134375,12.4381184577942
48.2167708333333,12.4393105506897
48.2201041666667,12.441098690033
48.2234375,12.4435424804688
48.2267708333333,12.4466419219971
48.2301041666667,12.4504566192627
48.2334375,12.4550461769104
48.2367708333333,12.4604105949402
48.2401041666667,12.4666094779968
48.2434375,12.4735236167908
48.2467708333333,12.4812126159668
48.2501041666667,12.4896168708801
48.2534375,12.4987363815308
48.2567708333333,12.5085115432739
48.2601041666667,12.5187635421753
48.2634375,12.5295519828796
48.2667708333333,12.5406384468079
48.2701041666667,12.55202293396
48.2734375,12.5634670257568
48.2767708333333,12.5749707221985
48.2801041666667,12.586236000061
48.2834375,12.5972628593445
48.2867708333333,12.607753276825
48.2901041666667,12.6176476478577
48.2934375,12.6267671585083
48.2967708333333,12.6348733901978
48.3001041666667,12.641966342926
48.3034375,12.647807598114
48.3067708333333,12.6523971557617
48.3101041666667,12.6556158065796
48.3134375,12.6574635505676
48.3167708333333,12.6579403877258
48.3201041666667,12.6571655273438
48.3234375,12.6551389694214
48.3267708333333,12.6520395278931
48.3301041666667,12.6479864120483
48.3334375,12.6430988311768
48.3367708333333,12.6375555992126
48.3401041666667,12.6314759254456
48.3434375,12.6250386238098
48.3467708333333,12.618362903595
48.3501041666667,12.6115679740906
48.3534375,12.6047134399414
48.3567708333333,12.5979781150818
48.3601041666667,12.5913023948669
48.3634375,12.5848650932312
48.3667708333333,12.5786066055298
48.3701041666667,12.5726461410522
48.3734375,12.5669240951538
48.3767708333333,12.5615000724792
48.3801041666667,12.5563144683838
48.3834375,12.5514268875122
48.3867708333333,12.5467777252197
48.3901041666667,12.5423669815063
48.3934375,12.5381946563721
48.3967708333333,12.5342607498169
48.4001041666667,12.5306248664856
48.4034375,12.5271677970886
48.4067708333333,12.5239491462708
48.4101041666667,12.520968914032
48.4134375,12.5181674957275
48.4167708333333,12.5155448913574
48.4201041666667,12.5131011009216
48.4234375,12.5107169151306
48.4267708333333,12.5083923339844
48.4301041666667,12.5061273574829
48.4334375,12.5038623809814
48.4367708333333,12.50159740448
48.4401041666667,12.4993324279785
48.4434375,12.4970674514771
48.4467708333333,12.4948620796204
48.4501041666667,12.4925971031189
48.4534375,12.4903321266174
48.4567708333333,12.488067150116
48.4601041666667,12.4858617782593
48.4634375,12.4836564064026
48.4667708333333,12.4813914299011
48.4701041666667,12.4792456626892
48.4734375,12.4770402908325
48.4767708333333,12.4748945236206
48.4801041666667,12.4728679656982
48.4834375,12.4709010124207
48.4867708333333,12.4691128730774
48.4901041666667,12.4674439430237
48.4934375,12.4658942222595
48.4967708333333,12.4645233154297
48.5001041666667,12.463390827179
48.5034375,12.4623775482178
48.5067708333333,12.4616622924805
48.5101041666667,12.4610662460327
48.5134375,12.4607086181641
48.5167708333333,12.4605298042297
48.5201041666667,12.4605894088745
48.5234375,12.4608278274536
48.5267708333333,12.461245059967
48.5301041666667,12.46178150177
48.5334375,12.4624371528625
48.5367708333333,12.4632120132446
48.5401041666667,12.4640464782715
48.5434375,12.4649405479431
48.5467708333333,12.4658346176147
48.5501041666667,12.4668478965759
48.5534375,12.4678015708923
48.5567708333333,12.4688148498535
48.5601041666667,12.4697685241699
48.5634375,12.4707221984863
48.5667708333333,12.4716758728027
48.5701041666667,12.4726295471191
48.5734375,12.473464012146
48.5767708333333,12.4742388725281
48.5801041666667,12.4750137329102
48.5834375,12.4756097793579
48.5867708333333,12.4762058258057
48.5901041666667,12.4766826629639
48.5934375,12.4770402908325
48.5967708333333,12.4773383140564
48.6001041666667,12.4775171279907
48.6034375,12.4776363372803
48.6067708333333,12.477695941925
48.6101041666667,12.477695941925
48.6134375,12.4776363372803
48.6167708333333,12.4776363372803
48.6201041666667,12.477695941925
48.6234375,12.4778747558594
48.6267708333333,12.4781131744385
48.6301041666667,12.4785900115967
48.6334375,12.4791264533997
48.6367708333333,12.4799013137817
48.6401041666667,12.4808549880981
48.6434375,12.4819278717041
48.6467708333333,12.4831199645996
48.6501041666667,12.4844908714294
48.6534375,12.4859809875488
48.6567708333333,12.4874711036682
48.6601041666667,12.4890804290771
48.6634375,12.4906301498413
48.6667708333333,12.4921202659607
48.6701041666667,12.4935507774353
48.6734375,12.4948620796204
48.6767708333333,12.4960541725159
48.6801041666667,12.4970674514771
48.6834375,12.4979019165039
48.6867708333333,12.4985575675964
48.6901041666667,12.4990940093994
48.6934375,12.4995112419128
48.6967708333333,12.4998092651367
48.7001041666667,12.4999284744263
48.7034375,12.499988079071
48.7067708333333,12.4999284744263
48.7101041666667,12.4997496604919
48.7134375,12.4994516372681
48.7167708333333,12.4990344047546
48.7201041666667,12.4984979629517
48.7234375,12.4978423118591
48.7267708333333,12.4970674514771
48.7301041666667,12.4961733818054
48.7334375,12.4951601028442
48.7367708333333,12.4940276145935
48.7401041666667,12.492835521698
48.7434375,12.4915242195129
48.7467708333333,12.4901533126831
48.7501041666667,12.4887228012085
48.7534375,12.4872922897339
48.7567708333333,12.4858021736145
48.7601041666667,12.4843716621399
48.7634375,12.4830007553101
48.7667708333333,12.481689453125
48.7701041666667,12.4804377555847
48.7734375,12.479305267334
48.7767708333333,12.4782919883728
48.7801041666667,12.4773979187012
48.7834375,12.4765038490295
48.7867708333333,12.4757289886475
48.7901041666667,12.4750137329102
48.7934375,12.4744176864624
48.7967708333333,12.4738812446594
48.8001041666667,12.4734044075012
48.8034375,12.4730467796326
48.8067708333333,12.4727487564087
48.8101041666667,12.4725103378296
48.8134375,12.4724507331848
48.8167708333333,12.4724507331848
48.8201041666667,12.4725103378296
48.8234375,12.4726891517639
48.8267708333333,12.472927570343
48.8301041666667,12.4732851982117
48.8334375,12.4737024307251
48.8367708333333,12.4741792678833
48.8401041666667,12.4747157096863
48.8434375,12.475311756134
48.8467708333333,12.4759078025818
48.8501041666667,12.4765038490295
48.8534375,12.4770998954773
48.8567708333333,12.4777555465698
48.8601041666667,12.4784708023071
48.8634375,12.4792456626892
48.8667708333333,12.4800205230713
48.8701041666667,12.4808549880981
48.8734375,12.4818086624146
48.8767708333333,12.482762336731
48.8801041666667,12.4837160110474
48.8834375,12.4846696853638
48.8867708333333,12.4855637550354
48.8901041666667,12.4863982200623
48.8934375,12.4871730804443
48.8967708333333,12.4878287315369
48.9001041666667,12.4884843826294
48.9034375,12.4891400337219
48.9067708333333,12.4897956848145
48.9101041666667,12.4905705451965
48.9134375,12.4914646148682
48.9167708333333,12.4925374984741
48.9201041666667,12.4937295913696
48.9234375,12.4950408935547
48.9267708333333,12.4964714050293
48.9301041666667,12.4980211257935
48.9334375,12.4995708465576
48.9367708333333,12.5011205673218
48.9401041666667,12.5026702880859
48.9434375,12.5041604042053
48.9467708333333,12.5055909156799
48.9501041666667,12.5068426132202
48.9534375,12.5080347061157
48.9567708333333,12.5091671943665
48.9601041666667,12.5102400779724
48.9634375,12.5111937522888
48.9667708333333,12.51220703125
48.9701041666667,12.513279914856
48.9734375,12.5144124031067
48.9767708333333,12.515664100647
48.9801041666667,12.5170350074768
48.9834375,12.5184655189514
48.9867708333333,12.5200152397156
48.9901041666667,12.5215649604797
48.9934375,12.5231742858887
48.9967708333333,12.5246644020081
49.0001041666667,12.5260949134827
49.0034375,12.5273466110229
49.0067708333333,12.5284790992737
49.0101041666667,12.5294923782349
49.0134375,12.5303268432617
49.0167708333333,12.5311017036438
49.0201041666667,12.5318169593811
49.0234375,12.5324726104736
49.0267708333333,12.5332474708557
49.0301041666667,12.5340223312378
49.0334375,12.5349760055542
49.0367708333333,12.5360488891602
49.0401041666667,12.5372409820557
49.0434375,12.5386714935303
49.0467708333333,12.540340423584
49.0501041666667,12.5422477722168
49.0534375,12.5443339347839
49.0567708333333,12.546718120575
49.0601041666667,12.5494003295898
49.0634375,12.5523209571838
49.0667708333333,12.5554800033569
49.0701041666667,12.5589966773987
49.0734375,12.5627517700195
49.0767708333333,12.5668048858643
49.0801041666667,12.5710964202881
49.0834375,12.5756859779358
49.0867708333333,12.5805139541626
49.0901041666667,12.5856399536133
49.0934375,12.5908851623535
49.0967708333333,12.5963091850281
49.1001041666667,12.6017928123474
49.1034375,12.6072764396667
49.1067708333333,12.6126408576965
49.1101041666667,12.617826461792
49.1134375,12.6227736473083
49.1167708333333,12.6273632049561
49.1201041666667,12.6315951347351
49.1234375,12.6354098320007
49.1267708333333,12.6388072967529
49.1301041666667,12.6416683197021
49.1334375,12.6441121101379
49.1367708333333,12.6460194587708
49.1401041666667,12.6473903656006
49.1434375,12.6482248306274
49.1467708333333,12.6485228538513
49.1501041666667,12.6481652259827
49.1534375,12.647271156311
49.1567708333333,12.6457810401917
49.1601041666667,12.6438140869141
49.1634375,12.6413106918335
49.1667708333333,12.6383900642395
49.1701041666667,12.6351118087769
49.1734375,12.6316547393799
49.1767708333333,12.6279592514038
49.1801041666667,12.624204158783
49.1834375,12.6203894615173
49.1867708333333,12.6166343688965
49.1901041666667,12.6129388809204
49.1934375,12.6093626022339
49.1967708333333,12.6059651374817
49.2001041666667,12.602686882019
49.2034375,12.5995874404907
49.2067708333333,12.5967264175415
49.2101041666667,12.5940442085266
49.2134375,12.591540813446
49.2167708333333,12.5892758369446
49.2201041666667,12.5872492790222
49.2234375,12.585461139679
49.2267708333333,12.5837922096252
49.2301041666667,12.5824213027954
49.2334375,12.5812292098999
49.2367708333333,12.5802159309387
49.2401041666667,12.5793814659119
49.2434375,12.5786662101746
49.2467708333333,12.5781297683716
49.2501041666667,12.5777125358582
49.2534375,12.5773549079895
49.2567708333333,12.5770568847656
49.2601041666667,12.5768780708313
49.2634375,12.576699256897
49.2667708333333,12.5766396522522
49.2701041666667,12.5765800476074
49.2734375,12.5766396522522
49.2767708333333,12.5768184661865
49.2801041666667,12.5770568847656
49.2834375,12.5774145126343
49.2867708333333,12.5778317451477
49.2901041666667,12.5784277915955
49.2934375,12.579083442688
49.2967708333333,12.5799179077148
49.3001041666667,12.5808119773865
49.3034375,12.5818848609924
49.3067708333333,12.5830769538879
49.3101041666667,12.584388256073
49.3134375,12.5858187675476
49.3167708333333,12.5873684883118
49.3201041666667,12.5889182090759
49.3234375,12.5905871391296
49.3267708333333,12.5923156738281
49.3301041666667,12.5941038131714
49.3334375,12.5959515571594
49.3367708333333,12.5978589057922
49.3401041666667,12.5998854637146
49.3434375,12.6020312309265
49.3467708333333,12.6042366027832
49.3501041666667,12.6065611839294
49.3534375,12.6089453697205
49.3567708333333,12.6113295555115
49.3601041666667,12.6137733459473
49.3634375,12.6160979270935
49.3667708333333,12.618362903595
49.3701041666667,12.6205086708069
49.3734375,12.6225352287292
49.3767708333333,12.6243829727173
49.3801041666667,12.6261115074158
49.3834375,12.6276612281799
49.3867708333333,12.6290321350098
49.3901041666667,12.6302242279053
49.3934375,12.6312375068665
49.3967708333333,12.6320123672485
49.4001041666667,12.6326084136963
49.4034375,12.6329064369202
49.4067708333333,12.6330256462097
49.4101041666667,12.6329064369202
49.4134375,12.6325488090515
49.4167708333333,12.6320123672485
49.4201041666667,12.6312971115112
49.4234375,12.6304030418396
49.4267708333333,12.6293897628784
49.4301041666667,12.6282572746277
49.4334375,12.6270651817322
49.4367708333333,12.6257538795471
49.4401041666667,12.6243829727173
49.4434375,12.6229524612427
49.4467708333333,12.6214027404785
49.4501041666667,12.6197934150696
49.4534375,12.6180648803711
49.4567708333333,12.6163363456726
49.4601041666667,12.6145482063293
49.4634375,12.6128196716309
49.4667708333333,12.6111507415771
49.4701041666667,12.6095414161682
49.4734375,12.6081109046936
49.4767708333333,12.6068592071533
49.4801041666667,12.6057863235474
49.4834375,12.6049518585205
49.4867708333333,12.6043558120728
49.4901041666667,12.6039981842041
49.4934375,12.6038789749146
49.4967708333333,12.6039385795593
49.5001041666667,12.6042366027832
49.5034375,12.6046538352966
49.5067708333333,12.6051902770996
49.5101041666667,12.6057863235474
49.5134375,12.6065015792847
49.5167708333333,12.6073360443115
49.5201041666667,12.6081705093384
49.5234375,12.6091241836548
49.5267708333333,12.6100778579712
49.5301041666667,12.6111507415771
49.5334375,12.6122832298279
49.5367708333333,12.6134157180786
49.5401041666667,12.6146078109741
49.5434375,12.6157999038696
49.5467708333333,12.6169323921204
49.5501041666667,12.6180052757263
49.5534375,12.6190185546875
49.5567708333333,12.6199126243591
49.5601041666667,12.6206278800964
49.5634375,12.6212239265442
49.5667708333333,12.6217603683472
49.5701041666667,12.6221179962158
49.5734375,12.6223564147949
49.5767708333333,12.6225352287292
49.5801041666667,12.6227140426636
49.5834375,12.6227736473083
49.5867708333333,12.6228332519531
49.5901041666667,12.6228928565979
49.5934375,12.6228928565979
49.5967708333333,12.6228332519531
49.6001041666667,12.6227736473083
49.6034375,12.6227140426636
49.6067708333333,12.6226544380188
49.6101041666667,12.6225352287292
49.6134375,12.6224756240845
49.6167708333333,12.6224756240845
49.6201041666667,12.6224160194397
49.6234375,12.6224756240845
49.6267708333333,12.6225352287292
49.6301041666667,12.622594833374
49.6334375,12.6227140426636
49.6367708333333,12.6227736473083
49.6401041666667,12.6228332519531
49.6434375,12.6228332519531
49.6467708333333,12.6228928565979
49.6501041666667,12.6228332519531
49.6534375,12.6228332519531
49.6567708333333,12.6228928565979
49.6601041666667,12.6229524612427
49.6634375,12.6230716705322
49.6667708333333,12.6232504844666
49.6701041666667,12.6234889030457
49.6734375,12.6237869262695
49.6767708333333,12.624204158783
49.6801041666667,12.6246213912964
49.6834375,12.6250982284546
49.6867708333333,12.6255750656128
49.6901041666667,12.6261711120605
49.6934375,12.6267671585083
49.6967708333333,12.6274228096008
49.7001041666667,12.6281380653381
49.7034375,12.6289129257202
49.7067708333333,12.6298069953918
49.7101041666667,12.6307606697083
49.7134375,12.6317739486694
49.7167708333333,12.6328468322754
49.7201041666667,12.6339793205261
49.7234375,12.6351118087769
49.7267708333333,12.6363039016724
49.7301041666667,12.6374959945679
49.7334375,12.6386880874634
49.7367708333333,12.6398801803589
49.7401041666667,12.6409530639648
49.7434375,12.6420259475708
49.7467708333333,12.643039226532
49.7501041666667,12.6439929008484
49.7534375,12.64488697052
49.7567708333333,12.6457214355469
49.7601041666667,12.646496295929
49.7634375,12.647271156311
49.7667708333333,12.6479864120483
49.7701041666667,12.6487016677856
49.7734375,12.6493573188782
49.7767708333333,12.6499533653259
49.7801041666667,12.6505494117737
49.7834375,12.6510858535767
49.7867708333333,12.6516222953796
49.7901041666667,12.6520991325378
49.7934375,12.6526355743408
49.7967708333333,12.6531720161438
49.8001041666667,12.6537084579468
49.8034375,12.6542448997498
49.8067708333333,12.6548409461975
49.8101041666667,12.6554369926453
49.8134375,12.6560926437378
49.8167708333333,12.6566886901855
49.8201041666667,12.6572847366333
49.8234375,12.6578807830811
49.8267708333333,12.6584768295288
49.8301041666667,12.6590728759766
49.8334375,12.6596689224243
49.8367708333333,12.6603841781616
49.8401041666667,12.6610994338989
49.8434375,12.6619338989258
49.8467708333333,12.6628279685974
49.8501041666667,12.6637816429138
49.8534375,12.664794921875
49.8567708333333,12.665867805481
49.8601041666667,12.6670002937317
49.8634375,12.6681923866272
49.8667708333333,12.6694440841675
49.8701041666667,12.6706957817078
49.8734375,12.6720666885376
49.8767708333333,12.6734972000122
49.8801041666667,12.6749277114868
49.8834375,12.6763582229614
49.8867708333333,12.677788734436
49.8901041666667,12.6792192459106
49.8934375,12.6805305480957
49.8967708333333,12.6817226409912
49.9001041666667,12.6828551292419
49.9034375,12.6838088035583
49.9067708333333,12.6846432685852
49.9101041666667,12.6854181289673
49.9134375,12.6861929893494
49.9167708333333,12.6869082450867
49.9201041666667,12.687623500824
49.9234375,12.6884579658508
49.9267708333333,12.6893520355225
49.9301041666667,12.6903057098389
49.9334375,12.6913785934448
49.9367708333333,12.6925706863403
49.9401041666667,12.6938223838806
49.9434375,12.6951336860657
49.9467708333333,12.6964449882507
49.9501041666667,12.6977562904358
49.9534375,12.6990675926208
49.9567708333333,12.7003192901611
49.9601041666667,12.7015113830566
49.9634375,12.7027034759521
49.9667708333333,12.7038359642029
49.9701041666667,12.7049088478088
49.9734375,12.7059817314148
49.9767708333333,12.706995010376
49.9801041666667,12.7079486846924
49.9834375,12.7089023590088
49.9867708333333,12.7098560333252
49.9901041666667,12.7107501029968
49.9934375,12.7116441726685
49.9967708333333,12.7124786376953
50.0001041666667,12.7132534980774
50.0034375,12.7139091491699
50.0067708333333,12.7145051956177
50.0101041666667,12.7149820327759
50.0134375,12.7153992652893
50.0167708333333,12.7156972885132
50.0201041666667,12.7158761024475
50.0234375,12.7159953117371
50.0267708333333,12.7161145210266
50.0301041666667,12.7161145210266
50.0334375,12.7160549163818
50.0367708333333,12.7159357070923
50.0401041666667,12.715756893158
50.0434375,12.7155780792236
50.0467708333333,12.7152800559998
50.0501041666667,12.7149820327759
50.0534375,12.7146244049072
50.0567708333333,12.7142071723938
50.0601041666667,12.7138495445251
50.0634375,12.7134919166565
50.0667708333333,12.7131342887878
50.0701041666667,12.712836265564
50.0734375,12.7125978469849
50.0767708333333,12.7124190330505
50.0801041666667,12.7122402191162
50.0834375,12.7120614051819
50.0867708333333,12.7119421958923
50.0901041666667,12.711763381958
50.0934375,12.7116441726685
50.0967708333333,12.7114653587341
50.1001041666667,12.7112865447998
50.1034375,12.7111077308655
50.1067708333333,12.7110481262207
50.1101041666667,12.7109885215759
50.1134375,12.7111077308655
50.1167708333333,12.7114057540894
50.1201041666667,12.7118229866028
50.1234375,12.7124190330505
50.1267708333333,12.7132534980774
50.1301041666667,12.7142071723938
50.1334375,12.7153396606445
50.1367708333333,12.71653175354
50.1401041666667,12.7178430557251
50.1434375,12.7191543579102
50.1467708333333,12.7204656600952
50.1501041666667,12.7217173576355
50.1534375,12.7229690551758
50.1567708333333,12.7241611480713
50.1601041666667,12.725293636322
50.1634375,12.7264261245728
50.1667708333333,12.7275586128235
50.1701041666667,12.7286911010742
50.1734375,12.7297639846802
50.1767708333333,12.7308368682861
50.1801041666667,12.7319693565369
50.1834375,12.732982635498
50.1867708333333,12.7339959144592
50.1901041666667,12.7348899841309
50.1934375,12.7357840538025
50.1967708333333,12.7365589141846
50.2001041666667,12.7372145652771
50.2034375,12.7376914024353
50.2067708333333,12.7381086349487
50.2101041666667,12.7383470535278
50.2134375,12.7384662628174
50.2167708333333,12.7385258674622
50.2201041666667,12.7385258674622
50.2234375,12.7384662628174
50.2267708333333,12.7384066581726
50.2301041666667,12.7384066581726
50.2334375,12.7384066581726
50.2367708333333,12.7384662628174
50.2401041666667,12.7385258674622
50.2434375,12.7386450767517
50.2467708333333,12.738823890686
50.2501041666667,12.7390027046204
50.2534375,12.7393007278442
50.2567708333333,12.7396583557129
50.2601041666667,12.7401947975159
50.2634375,12.7407908439636
50.2667708333333,12.7415657043457
50.2701041666667,12.7425193786621
50.2734375,12.7435922622681
50.2767708333333,12.7447843551636
50.2801041666667,12.7460360527039
50.2834375,12.7472877502441
50.2867708333333,12.748658657074
50.2901041666667,12.749969959259
50.2934375,12.7514004707336
50.2967708333333,12.7527713775635
50.3001041666667,12.7542018890381
50.3034375,12.7556920051575
50.3067708333333,12.7572417259216
50.3101041666667,12.7588510513306
50.3134375,12.7604603767395
50.3167708333333,12.7621293067932
50.3201041666667,12.7637982368469
50.3234375,12.7654671669006
50.3267708333333,12.7670764923096
50.3301041666667,12.7686262130737
50.3334375,12.7701163291931
50.3367708333333,12.7716064453125
50.3401041666667,12.7729773521423
50.3434375,12.7743482589722
50.3467708333333,12.7756595611572
50.3501041666667,12.7769112586975
50.3534375,12.7781629562378
50.3567708333333,12.7793550491333
50.3601041666667,12.7805471420288
50.3634375,12.7816200256348
50.3667708333333,12.7826333045959
50.3701041666667,12.7835869789124
50.3734375,12.784481048584
50.3767708333333,12.7852559089661
50.3801041666667,12.7859711647034
50.3834375,12.7866268157959
50.3867708333333,12.7871632575989
50.3901041666667,12.7875804901123
50.3934375,12.7879977226257
50.3967708333333,12.7883553504944
50.4001041666667,12.7886533737183
50.4034375,12.7888917922974
50.4067708333333,12.7891302108765
50.4101041666667,12.7893686294556
50.4134375,12.7896666526794
50.4167708333333,12.7900242805481
50.4201041666667,12.7905011177063
50.4234375,12.7910971641541
50.4267708333333,12.7917528152466
50.4301041666667,12.7925872802734
50.4334375,12.7934813499451
50.4367708333333,12.7944350242615
50.4401041666667,12.7955675125122
50.4434375,12.7967000007629
50.4467708333333,12.7979516983032
50.4501041666667,12.7992630004883
50.4534375,12.8005743026733
50.4567708333333,12.8020048141479
50.4601041666667,12.8034949302673
50.4634375,12.8051042556763
50.4667708333333,12.80677318573
50.4701041666667,12.8085613250732
50.4734375,12.8104090690613
50.4767708333333,12.8123164176941
50.4801041666667,12.8142237663269
50.4834375,12.8161311149597
50.4867708333333,12.8179788589478
50.4901041666667,12.819766998291
50.4934375,12.8214359283447
50.4967708333333,12.8229260444641
50.5001041666667,12.8242969512939
50.5034375,12.8253698348999
50.5067708333333,12.8262639045715
50.5101041666667,12.8268599510193
50.5134375,12.8272771835327
50.5167708333333,12.8273963928223
50.5201041666667,12.8273367881775
50.5234375,12.8269791603088
50.5267708333333,12.8265023231506
50.5301041666667,12.8257870674133
50.5334375,12.8249526023865
50.5367708333333,12.8240585327148
50.5401041666667,12.8231048583984
50.5434375,12.8220915794373
50.5467708333333,12.8211379051208
50.5501041666667,12.8202438354492
50.5534375,12.8193497657776
50.5567708333333,12.8185749053955
50.5601041666667,12.8178596496582
50.5634375,12.8172039985657
50.5667708333333,12.8166675567627
50.5701041666667,12.8161907196045
50.5734375,12.8157734870911
50.5767708333333,12.8154158592224
50.5801041666667,12.8151178359985
50.5834375,12.8149390220642
50.5867708333333,12.8147602081299
50.5901041666667,12.8147006034851
50.5934375,12.8147602081299
50.5967708333333,12.8148198127747
50.6001041666667,12.814998626709
50.6034375,12.8151774406433
50.6067708333333,12.8154754638672
50.6101041666667,12.8158330917358
50.6134375,12.8162503242493
50.6167708333333,12.8167271614075
50.6201041666667,12.8172636032104
50.6234375,12.817919254303
50.6267708333333,12.8186345100403
50.6301041666667,12.8193497657776
50.6334375,12.8201842308044
50.6367708333333,12.8209590911865
50.6401041666667,12.8218531608582
50.6434375,12.8227472305298
50.6467708333333,12.8237009048462
50.6501041666667,12.8247737884521
50.6534375,12.8259062767029
50.6567708333333,12.8272175788879
50.6601041666667,12.8286480903625
50.6634375,12.8302574157715
50.6667708333333,12.83198595047
50.6701041666667,12.833833694458
50.6734375,12.835681438446
50.6767708333333,12.8375887870789
50.6801041666667,12.8393769264221
50.6834375,12.8410458564758
50.6867708333333,12.84259557724
50.6901041666667,12.8439664840698
50.6934375,12.8451585769653
50.6967708333333,12.8461718559265
50.7001041666667,12.8470063209534
50.7034375,12.8477215766907
50.7067708333333,12.8483772277832
50.7101041666667,12.8489136695862
50.7134375,12.8494501113892
50.7167708333333,12.8499269485474
50.7201041666667,12.8504037857056
50.7234375,12.8508806228638
50.7267708333333,12.851357460022
50.7301041666667,12.851893901825
50.7334375,12.8523707389832
50.7367708333333,12.8529071807861
50.7401041666667,12.8534436225891
50.7434375,12.8539204597473
50.7467708333333,12.8544569015503
50.7501041666667,12.8548741340637
50.7534375,12.8552913665771
50.7567708333333,12.855589389801
50.7601041666667,12.8558874130249
50.7634375,12.8560066223145
50.7667708333333,12.8560662269592
50.7701041666667,12.8560662269592
50.7734375,12.8558874130249
50.7767708333333,12.8557085990906
50.7801041666667,12.8554105758667
50.7834375,12.855052947998
50.7867708333333,12.8547549247742
50.7901041666667,12.8544569015503
50.7934375,12.854278087616
50.7967708333333,12.8542184829712
50.8001041666667,12.854278087616
50.8034375,12.8543972969055
50.8067708333333,12.8546357154846
50.8101041666667,12.8548741340637
50.8134375,12.8551721572876
50.8167708333333,12.8554105758667
50.8201041666667,12.855589389801
50.8234375,12.8557682037354
50.8267708333333,12.8558874130249
50.8301041666667,12.8559470176697
50.8334375,12.8560662269592
50.8367708333333,12.8562450408936
50.8401041666667,12.8565430641174
50.8434375,12.8569602966309
50.8467708333333,12.8574371337891
50.8501041666667,12.8580927848816
50.8534375,12.8587484359741
50.8567708333333,12.8594636917114
50.8601041666667,12.8601789474487
50.8634375,12.860894203186
50.8667708333333,12.8615498542786
50.8701041666667,12.8622055053711
50.8734375,12.8628611564636
50.8767708333333,12.8636360168457
50.8801041666667,12.8645300865173
50.8834375,12.8656029701233
50.8867708333333,12.8667950630188
50.8901041666667,12.8681659698486
50.8934375,12.8695964813232
50.8967708333333,12.8711462020874
50.9001041666667,12.8727555274963
50.9034375,12.8743052482605
50.9067708333333,12.8757953643799
50.9101041666667,12.8772854804993
50.9134375,12.8787159919739
50.9167708333333,12.8800868988037
50.9201041666667,12.8814578056335
50.9234375,12.8828287124634
50.9267708333333,12.8841996192932
50.9301041666667,12.8856301307678
50.9334375,12.8871202468872
50.9367708333333,12.8886103630066
50.9401041666667,12.8901600837708
50.9434375,12.8917098045349
50.9467708333333,12.8932595252991
50.9501041666667,12.8948092460632
50.9534375,12.8963589668274
50.9567708333333,12.8979086875916
50.9601041666667,12.8994584083557
50.9634375,12.9010081291199
50.9667708333333,12.902557849884
50.9701041666667,12.9040479660034
50.9734375,12.9054188728333
50.9767708333333,12.9067897796631
50.9801041666667,12.9080414772034
50.9834375,12.9091739654541
50.9867708333333,12.9102468490601
50.9901041666667,12.9112005233765
50.9934375,12.9120349884033
50.9967708333333,12.9127502441406
51.0001041666667,12.9134654998779
51.0034375,12.9140615463257
51.0067708333333,12.9146575927734
51.0101041666667,12.9151940345764
51.0134375,12.9156112670898
51.0167708333333,12.9160284996033
51.0201041666667,12.9163265228271
51.0234375,12.9165649414063
51.0267708333333,12.9167437553406
51.0301041666667,12.9169225692749
51.0334375,12.9170417785645
51.0367708333333,12.917160987854
51.0401041666667,12.9172801971436
51.0434375,12.9175186157227
51.0467708333333,12.9177570343018
51.0501041666667,12.9181146621704
51.0534375,12.9185914993286
51.0567708333333,12.9192471504211
51.0601041666667,12.9199624061584
51.0634375,12.9207968711853
51.0667708333333,12.9217505455017
51.0701041666667,12.9227638244629
51.0734375,12.9238963127136
51.0767708333333,12.9250884056091
51.0801041666667,12.9262208938599
51.0834375,12.9273533821106
51.0867708333333,12.9284262657166
51.0901041666667,12.9294395446777
51.0934375,12.9303336143494
51.0967708333333,12.9311084747314
51.1001041666667,12.9318237304688
51.1034375,12.9324197769165
51.1067708333333,12.9328966140747
51.1101041666667,12.9333734512329
51.1134375,12.9338502883911
51.1167708333333,12.9342675209045
51.1201041666667,12.934684753418
51.1234375,12.9351019859314
51.1267708333333,12.9354596138
51.1301041666667,12.9358172416687
51.1334375,12.9361152648926
51.1367708333333,12.9364132881165
51.1401041666667,12.9366517066956
51.1434375,12.9367709159851
51.1467708333333,12.9369497299194
51.1501041666667,12.9370093345642
51.1534375,12.9371285438538
51.1567708333333,12.9373073577881
51.1601041666667,12.9374861717224
51.1634375,12.9376649856567
51.1667708333333,12.9379630088806
51.1701041666667,12.9383206367493
51.1734375,12.9387378692627
51.1767708333333,12.9392147064209
51.1801041666667,12.9398107528687
51.1834375,12.9404067993164
51.1867708333333,12.9410028457642
51.1901041666667,12.9416584968567
51.1934375,12.9423141479492
51.1967708333333,12.9429697990417
51.2001041666667,12.9436254501343
51.2034375,12.9444003105164
51.2067708333333,12.9451751708984
51.2101041666667,12.9460692405701
51.2134375,12.9470825195313
51.2167708333333,12.9481554031372
51.2201041666667,12.9494071006775
51.2234375,12.9506587982178
51.2267708333333,12.9520297050476
51.2301041666667,12.9534602165222
51.2334375,12.9548311233521
51.2367708333333,12.9562616348267
51.2401041666667,12.9576921463013
51.2434375,12.9591226577759
51.2467708333333,12.9605531692505
51.2501041666667,12.9620432853699
51.2534375,12.963593006134
51.2567708333333,12.9651427268982
51.2601041666667,12.9667520523071
51.2634375,12.9683017730713
51.2667708333333,12.9698514938354
51.2701041666667,12.9712820053101
51.2734375,12.9726529121399
51.2767708333333,12.9738450050354
51.2801041666667,12.9749178886414
51.2834375,12.9757523536682
51.2867708333333,12.9764676094055
51.2901041666667,12.9770040512085
51.2934375,12.9773616790771
51.2967708333333,12.9776000976563
51.3001041666667,12.9777193069458
51.3034375,12.9777193069458
51.3067708333333,12.977659702301
51.3101041666667,12.9774808883667
51.3134375,12.9772424697876
51.3167708333333,12.9769444465637
51.3201041666667,12.9765868186951
51.3234375,12.9762291908264
51.3267708333333,12.9758715629578
51.3301041666667,12.9754543304443
51.3334375,12.9750370979309
51.3367708333333,12.9746198654175
51.3401041666667,12.9742026329041
51.3434375,12.9737257957458
51.3467708333333,12.9731893539429
51.3501041666667,12.9725933074951
51.3534375,12.9719376564026
51.3567708333333,12.9712224006653
51.3601041666667,12.970507144928
51.3634375,12.9697322845459
51.3667708333333,12.9690170288086
51.3701041666667,12.9683613777161
51.3734375,12.9677653312683
51.3767708333333,12.9672288894653
51.3801041666667,12.9668712615967
51.3834375,12.9666924476624
51.3867708333333,12.9666924476624
51.3901041666667,12.9668116569519
51.3934375,12.9672288894653
51.3967708333333,12.9677653312683
51.4001041666667,12.9684805870056
51.4034375,12.9693150520325
51.4067708333333,12.9702687263489
51.4101041666667,12.9712820053101
51.4134375,12.972354888916
51.4167708333333,12.973427772522
51.4201041666667,12.9744410514832
51.4234375,12.9754543304443
51.4267708333333,12.9764080047607
51.4301041666667,12.9773020744324
51.4334375,12.978196144104
51.4367708333333,12.9790902137756
51.4401041666667,12.9799842834473
51.4434375,12.9809379577637
51.4467708333333,12.9818320274353
51.4501041666667,12.9827260971069
51.4534375,12.9836797714233
51.4567708333333,12.9846930503845
51.4601041666667,12.9856467247009
51.4634375,12.9866600036621
51.4667708333333,12.9877328872681
51.4701041666667,12.9888653755188
51.4734375,12.9900574684143
51.4767708333333,12.9913091659546
51.4801041666667,12.9925608634949
51.4834375,12.9938721656799
51.4867708333333,12.995183467865
51.4901041666667,12.9965543746948
51.4934375,12.9978656768799
51.4967708333333,12.9991173744202
51.5001041666667,13.0003690719604
51.5034375,13.001561164856
51.5067708333333,13.0028128623962
51.5101041666667,13.0040049552917
51.5134375,13.005256652832
51.5167708333333,13.0065679550171
51.5201041666667,13.0078792572021
51.5234375,13.0091905593872
51.5267708333333,13.0105018615723
51.5301041666667,13.0118131637573
51.5334375,13.0130052566528
51.5367708333333,13.0141377449036
51.5401041666667,13.0152106285095
51.5434375,13.0161643028259
51.5467708333333,13.0169987678528
51.5501041666667,13.0178332328796
51.5534375,13.0186676979065
51.5567708333333,13.0194425582886
51.5601041666667,13.0202770233154
51.5634375,13.0211710929871
51.5667708333333,13.0221247673035
51.5701041666667,13.0230784416199
51.5734375,13.0240917205811
51.5767708333333,13.025164604187
51.5801041666667,13.0261778831482
51.5834375,13.0271911621094
51.5867708333333,13.0282044410706
51.5901041666667,13.0292177200317
51.5934375,13.0301713943481
51.5967708333333,13.0310654640198
51.6001041666667,13.0319595336914
51.6034375,13.0327343940735
51.6067708333333,13.033390045166
51.6101041666667,13.0340456962585
51.6134375,13.0345821380615
51.6167708333333,13.0350589752197
51.6201041666667,13.0354166030884
51.6234375,13.0357146263123
51.6267708333333,13.0360126495361
51.6301041666667,13.03631067276
51.6334375,13.0366683006287
51.6367708333333,13.0370855331421
51.6401041666667,13.0376219749451
51.6434375,13.0383372306824
51.6467708333333,13.039231300354
51.6501041666667,13.0403637886047
51.6534375,13.041615486145
51.6567708333333,13.0430459976196
51.6601041666667,13.0445957183838
51.6634375,13.0462050437927
51.6667708333333,13.0478739738464
51.6701041666667,13.0495429039001
51.6734375,13.0512118339539
51.6767708333333,13.052761554718
51.6801041666667,13.0543112754822
51.6834375,13.0558013916016
51.6867708333333,13.0572319030762
51.6901041666667,13.058602809906
51.6934375,13.0600333213806
51.6967708333333,13.0614042282104
51.7001041666667,13.0628943443298
51.7034375,13.0643248558044
51.7067708333333,13.0658149719238
51.7101041666667,13.0672454833984
51.7134375,13.068675994873
51.7167708333333,13.0701065063477
51.7201041666667,13.0714774131775
51.7234375,13.0728483200073
51.7267708333333,13.0741596221924
51.7301041666667,13.0755305290222
51.7334375,13.0769014358521
51.7367708333333,13.0783915519714
51.7401041666667,13.0799412727356
51.7434375,13.0816102027893
51.7467708333333,13.0833983421326
51.7501041666667,13.0852460861206
51.7534375,13.0870938301086
51.7567708333333,13.0890011787415
51.7601041666667,13.0909085273743
51.7634375,13.0926966667175
51.7667708333333,13.094425201416
51.7701041666667,13.0960941314697
51.7734375,13.0976438522339
51.7767708333333,13.0990743637085
51.7801041666667,13.1005048751831
51.7834375,13.1018161773682
51.7867708333333,13.1031274795532
51.7901041666667,13.1044983863831
51.7934375,13.1058096885681
51.7967708333333,13.1072402000427
51.8001041666667,13.1086707115173
51.8034375,13.1101012229919
51.8067708333333,13.1116509437561
51.8101041666667,13.113260269165
51.8134375,13.1149291992188
51.8167708333333,13.1166577339172
51.8201041666667,13.1184458732605
51.8234375,13.1203532218933
51.8267708333333,13.1222605705261
51.8301041666667,13.1241679191589
51.8334375,13.1261348724365
51.8367708333333,13.1280422210693
51.8401041666667,13.1298899650574
51.8434375,13.1316781044006
51.8467708333333,13.1332278251648
51.8501041666667,13.1345987319946
51.8534375,13.1358504295349
51.8567708333333,13.1368041038513
51.8601041666667,13.1375789642334
51.8634375,13.1381750106812
51.8667708333333,13.1385922431946
51.8701041666667,13.1387710571289
51.8734375,13.1388306617737
51.8767708333333,13.1387114524841
51.8801041666667,13.138473033905
51.8834375,13.1380558013916
51.8867708333333,13.1375193595886
51.8901041666667,13.1368637084961
51.8934375,13.136088848114
51.8967708333333,13.1352543830872
51.9001041666667,13.1343603134155
51.9034375,13.1334662437439
51.9067708333333,13.1325125694275
51.9101041666667,13.1316781044006
51.9134375,13.1308436393738
51.9167708333333,13.1301283836365
51.9201041666667,13.1295323371887
51.9234375,13.1290555000305
51.9267708333333,13.1287574768066
51.9301041666667,13.1285190582275
51.9334375,13.128399848938
51.9367708333333,13.1283402442932
51.9401041666667,13.1283402442932
51.9434375,13.128399848938
51.9467708333333,13.128399848938
51.9501041666667,13.128399848938
51.9534375,13.1283402442932
51.9567708333333,13.1282210350037
51.9601041666667,13.1280422210693
51.9634375,13.1278038024902
51.9667708333333,13.1275653839111
51.9701041666667,13.1272673606873
51.9734375,13.1269097328186
51.9767708333333,13.12655210495
51.9801041666667,13.1261944770813
51.9834375,13.1257772445679
51.9867708333333,13.1253600120544
51.9901041666667,13.124942779541
51.9934375,13.1244659423828
51.9967708333333,13.1239891052246
52.0001041666667,13.1234526634216
52.0034375,13.1229162216187
52.0067708333333,13.1223201751709
52.0101041666667,13.1217241287231
52.0134375,13.1211280822754
52.0167708333333,13.1205320358276
52.0201041666667,13.1199955940247
52.0234375,13.1194591522217
52.0267708333333,13.1190419197083
52.0301041666667,13.1186842918396
52.0334375,13.1184458732605
52.0367708333333,13.1183266639709
52.0401041666667,13.1183266639709
52.0434375,13.1184458732605
52.0467708333333,13.1187438964844
52.0501041666667,13.1191611289978
52.0534375,13.1196975708008
52.0567708333333,13.1204128265381
52.0601041666667,13.1212472915649
52.0634375,13.1221413612366
52.0667708333333,13.1231546401978
52.0701041666667,13.1242871284485
52.0734375,13.1254196166992
52.0767708333333,13.1266117095947
52.0801041666667,13.127863407135
52.0834375,13.1291747093201
52.0867708333333,13.1304860115051
52.0901041666667,13.1319165229797
52.0934375,13.1334066390991
52.0967708333333,13.1350159645081
52.1001041666667,13.1366848945618
52.1034375,13.138473033905
52.1067708333333,13.1402611732483
52.1101041666667,13.1421089172363
52.1134375,13.1440162658691
52.1167708333333,13.1457448005676
52.1201041666667,13.1474137306213
52.1234375,13.1489634513855
52.1267708333333,13.1502747535706
52.1301041666667,13.1514668464661
52.1334375,13.1524801254272
52.1367708333333,13.1534337997437
52.1401041666667,13.1542682647705
52.1434375,13.1550431251526
52.1467708333333,13.1559371948242
52.1501041666667,13.1568908691406
52.1534375,13.1579041481018
52.1567708333333,13.1590962409973
52.1601041666667,13.1604671478271
52.1634375,13.1618976593018
52.1667708333333,13.1633877754211
52.1701041666667,13.1648778915405
52.1734375,13.1663680076599
52.1767708333333,13.1677985191345
52.1801041666667,13.1691694259644
52.1834375,13.1704211235046
52.1867708333333,13.1716132164001
52.1901041666667,13.1726861000061
52.1934375,13.1736993789673
52.1967708333333,13.1746530532837
52.2001041666667,13.1755471229553
52.2034375,13.1765007972717
52.2067708333333,13.1774544715881
52.2101041666667,13.1783485412598
52.2134375,13.1792426109314
52.2167708333333,13.1800770759583
52.2201041666667,13.1809115409851
52.2234375,13.1816864013672
52.2267708333333,13.1824016571045
52.2301041666667,13.183057308197
52.2334375,13.1837129592896
52.2367708333333,13.1843090057373
52.2401041666667,13.1848454475403
52.2434375,13.1853818893433
52.2467708333333,13.1859183311462
52.2501041666667,13.1864547729492
52.2534375,13.1869912147522
52.2567708333333,13.1874680519104
52.2601041666667,13.1879448890686
52.2634375,13.1884217262268
52.2667708333333,13.188898563385
52.2701041666667,13.189435005188
52.2734375,13.1899118423462
52.2767708333333,13.1905078887939
52.2801041666667,13.1911039352417
52.2834375,13.1917595863342
52.2867708333333,13.1924748420715
52.2901041666667,13.1931900978088
52.2934375,13.1939053535461
52.2967708333333,13.1946802139282
52.3001041666667,13.1953954696655
52.3034375,13.1961107254028
52.3067708333333,13.1967663764954
52.3101041666667,13.1973028182983
52.3134375,13.1978392601013
52.3167708333333,13.1982564926147
52.3201041666667,13.1986141204834
52.3234375,13.1989121437073
52.3267708333333,13.1990909576416
52.3301041666667,13.1992697715759
52.3334375,13.1993293762207
52.3367708333333,13.1993293762207
52.3401041666667,13.1992697715759
52.3434375,13.1991505622864
52.3467708333333,13.1990313529968
52.3501041666667,13.1989121437073
52.3534375,13.1987929344177
52.3567708333333,13.1986737251282
52.3601041666667,13.1986737251282
52.3634375,13.1987333297729
52.3667708333333,13.1989121437073
52.3701041666667,13.1992101669312
52.3734375,13.1996273994446
52.3767708333333,13.2002830505371
52.3801041666667,13.2010579109192
52.3834375,13.2019519805908
52.3867708333333,13.2030248641968
52.3901041666667,13.2041573524475
52.3934375,13.205349445343
52.3967708333333,13.2066607475281
52.4001041666667,13.2079124450684
52.4034375,13.2092833518982
52.4067708333333,13.2105946540833
52.4101041666667,13.2119655609131
52.4134375,13.2133960723877
52.4167708333333,13.2148861885071
52.4201041666667,13.2164359092712
52.4234375,13.2180452346802
52.4267708333333,13.2197737693787
52.4301041666667,13.2215619087219
52.4334375,13.2233500480652
52.4367708333333,13.2251977920532
52.4401041666667,13.2270455360413
52.4434375,13.2287740707397
52.4467708333333,13.2304430007935
52.4501041666667,13.2321119308472
52.4534375,13.2336020469666
52.4567708333333,13.2350921630859
52.4601041666667,13.2365226745605
52.4634375,13.2378935813904
52.4667708333333,13.2392644882202
52.4701041666667,13.24063539505
52.4734375,13.2420063018799
52.4767708333333,13.2433772087097
52.4801041666667,13.2446885108948
52.4834375,13.2459402084351
52.4867708333333,13.2470726966858
52.4901041666667,13.248085975647
52.4934375,13.2489800453186
52.4967708333333,13.2496953010559
52.5001041666667,13.2502913475037
52.5034375,13.2507681846619
52.5067708333333,13.2511854171753
52.5101041666667,13.2514834403992
52.5134375,13.2517218589783
52.5167708333333,13.2519006729126
52.5201041666667,13.2521390914917
52.5234375,13.2524371147156
52.5267708333333,13.2526755332947
52.5301041666667,13.2530331611633
52.5334375,13.253390789032
52.5367708333333,13.2538080215454
52.5401041666667,13.2542848587036
52.5434375,13.254702091217
52.5467708333333,13.2551789283752
52.5501041666667,13.2555961608887
52.5534375,13.2560133934021
52.5567708333333,13.2564306259155
52.5601041666667,13.256847858429
52.5634375,13.2572650909424
52.5667708333333,13.2576823234558
52.5701041666667,13.2580995559692
52.5734375,13.2585167884827
52.5767708333333,13.2589936256409
52.5801041666667,13.2594704627991
52.5834375,13.2599472999573
52.5867708333333,13.2603049278259
52.5901041666667,13.2606029510498
52.5934375,13.2608413696289
52.5967708333333,13.2609605789185
52.6001041666667,13.261079788208
52.6034375,13.2611989974976
52.6067708333333,13.2612586021423
52.6101041666667,13.2614374160767
52.6134375,13.2616758346558
52.6167708333333,13.2620334625244
52.6201041666667,13.2624506950378
52.6234375,13.2630467414856
52.6267708333333,13.2637023925781
52.6301041666667,13.2644772529602
52.6334375,13.2652521133423
52.6367708333333,13.2660865783691
52.6401041666667,13.266921043396
52.6434375,13.2677555084229
52.6467708333333,13.2685899734497
52.6501041666667,13.2694840431213
52.6534375,13.270378112793
52.6567708333333,13.2713913917542
52.6601041666667,13.2724642753601
52.6634375,13.2735371589661
52.6667708333333,13.2746696472168
52.6701041666667,13.2757425308228
52.6734375,13.2768154144287
52.6767708333333,13.2777690887451
52.6801041666667,13.2785439491272
52.6834375,13.2790803909302
52.6867708333333,13.2794976234436
52.6901041666667,13.2796764373779
52.6934375,13.2796764373779
52.6967708333333,13.2796168327332
52.7001041666667,13.2794976234436
52.7034375,13.2794380187988
52.7067708333333,13.2794380187988
52.7101041666667,13.2795572280884
52.7134375,13.2797360420227
52.7167708333333,13.2800936698914
52.7201041666667,13.2805109024048
52.7234375,13.280987739563
52.7267708333333,13.2814645767212
52.7301041666667,13.2818818092346
52.7334375,13.2822394371033
52.7367708333333,13.2825374603271
52.7401041666667,13.282835483551
52.7434375,13.2831335067749
52.7467708333333,13.2834911346436
52.7501041666667,13.283908367157
52.7534375,13.2845044136047
52.7567708333333,13.2852792739868
52.7601041666667,13.2862329483032
52.7634375,13.287365436554
52.7667708333333,13.2887363433838
52.7701041666667,13.2902264595032
52.7734375,13.2918357849121
52.7767708333333,13.2935643196106
52.7801041666667,13.2952928543091
52.7834375,13.2970809936523
52.7867708333333,13.2988691329956
52.7901041666667,13.3005976676941
52.7934375,13.3023858070374
52.7967708333333,13.3041739463806
52.8001041666667,13.3059620857239
52.8034375,13.3078098297119
52.8067708333333,13.3097171783447
52.8101041666667,13.3116841316223
52.8134375,13.3137106895447
52.8167708333333,13.315737247467
52.8201041666667,13.3177638053894
52.8234375,13.319730758667
52.8267708333333,13.3216381072998
52.8301041666667,13.3234858512878
52.8334375,13.3252143859863
52.8367708333333,13.32688331604
52.8401041666667,13.3284330368042
52.8434375,13.3298635482788
52.8467708333333,13.3312940597534
52.8501041666667,13.3326649665833
52.8534375,13.3339762687683
52.8567708333333,13.3352279663086
52.8601041666667,13.3364200592041
52.8634375,13.3374333381653
52.8667708333333,13.3383274078369
52.8701041666667,13.3390426635742
52.8734375,13.339638710022
52.8767708333333,13.3399963378906
52.8801041666667,13.340175151825
52.8834375,13.3402347564697
52.8867708333333,13.3402347564697
52.8901041666667,13.340175151825
52.8934375,13.3401155471802
52.8967708333333,13.3401155471802
52.9001041666667,13.3401155471802
52.9034375,13.3402347564697
52.9067708333333,13.3404731750488
52.9101041666667,13.3407115936279
52.9134375,13.3410096168518
52.9167708333333,13.3413672447205
52.9201041666667,13.3417248725891
52.9234375,13.342022895813
52.9267708333333,13.3423209190369
52.9301041666667,13.3426785469055
52.9334375,13.3429765701294
52.9367708333333,13.3433938026428
52.9401041666667,13.3438110351563
52.9434375,13.3442878723145
52.9467708333333,13.3448243141174
52.9501041666667,13.34547996521
52.9534375,13.3461356163025
52.9567708333333,13.3468508720398
52.9601041666667,13.3475661277771
52.9634375,13.3483409881592
52.9667708333333,13.3490562438965
52.9701041666667,13.349711894989
52.9734375,13.3503675460815
52.9767708333333,13.3510231971741
52.9801041666667,13.3516788482666
52.9834375,13.3523344993591
52.9867708333333,13.3530497550964
52.9901041666667,13.3538842201233
52.9934375,13.3548378944397
52.9967708333333,13.3559703826904
53.0001041666667,13.3573412895203
53.0034375,13.3588910102844
53.0067708333333,13.3607387542725
53.0101041666667,13.3627653121948
53.0134375,13.3650302886963
53.0167708333333,13.3674740791321
53.0201041666667,13.3700370788574
53.0234375,13.3726596832275
53.0267708333333,13.3753418922424
53.0301041666667,13.3779644966125
53.0334375,13.3805274963379
53.0367708333333,13.3829712867737
53.0401041666667,13.3852362632751
53.0434375,13.3873224258423
53.0467708333333,13.3892893791199
53.0501041666667,13.3910179138184
53.0534375,13.3925676345825
53.0567708333333,13.3938789367676
53.0601041666667,13.3950114250183
53.0634375,13.3958458900452
53.0667708333333,13.3965015411377
53.0701041666667,13.3968591690063
53.0734375,13.3970975875854
53.0767708333333,13.3970379829407
53.0801041666667,13.3969187736511
53.0834375,13.3965611457825
53.0867708333333,13.3962035179138
53.0901041666667,13.3957266807556
53.0934375,13.3952498435974
53.0967708333333,13.3947730064392
53.1001041666667,13.394296169281
53.1034375,13.3938789367676
53.1067708333333,13.3934020996094
53.1101041666667,13.3929252624512
53.1134375,13.3923888206482
53.1167708333333,13.39191198349
53.1201041666667,13.3914351463318
53.1234375,13.3909583091736
53.1267708333333,13.3904814720154
53.1301041666667,13.3901238441467
53.1334375,13.3897662162781
53.1367708333333,13.389527797699
53.1401041666667,13.3894085884094
53.1434375,13.3894085884094
53.1467708333333,13.389527797699
53.1501041666667,13.3897066116333
53.1534375,13.3900046348572
53.1567708333333,13.3903026580811
53.1601041666667,13.3906006813049
53.1634375,13.3908987045288
53.1667708333333,13.3912563323975
53.1701041666667,13.3914947509766
53.1734375,13.3917927742004
53.1767708333333,13.3920907974243
53.1801041666667,13.392448425293
53.1834375,13.3929252624512
53.1867708333333,13.3935213088989
53.1901041666667,13.3943557739258
53.1934375,13.395369052887
53.1967708333333,13.3966207504272
53.2001041666667,13.3981108665466
53.2034375,13.3998394012451
53.2067708333333,13.4018063545227
53.2101041666667,13.4038925170898
53.2134375,13.4061574935913
53.2167708333333,13.4084224700928
53.2201041666667,13.4106874465942
53.2234375,13.4129524230957
53.2267708333333,13.4150385856628
53.2301041666667,13.4169459342957
53.2334375,13.4186148643494
53.2367708333333,13.4201049804688
53.2401041666667,13.4214162826538
53.2434375,13.4225487709045
53.2467708333333,13.4235024452209
53.2501041666667,13.4243369102478
53.2534375,13.4251117706299
53.2567708333333,13.425886631012
53.2601041666667,13.4267210960388
53.2634375,13.4274959564209
53.2667708333333,13.4283900260925
53.2701041666667,13.4292840957642
53.2734375,13.4301781654358
53.2767708333333,13.4311318397522
53.2801041666667,13.4320259094238
53.2834375,13.4329199790955
53.2867708333333,13.4336948394775
53.2901041666667,13.4344696998596
53.2934375,13.4351849555969
53.2967708333333,13.4359002113342
53.3001041666667,13.4365558624268
53.3034375,13.4373307228088
53.3067708333333,13.4381055831909
53.3101041666667,13.4389996528625
53.3134375,13.439953327179
53.3167708333333,13.4410858154297
53.3201041666667,13.44233751297
53.3234375,13.443648815155
53.3267708333333,13.4450793266296
53.3301041666667,13.4465098381042
53.3334375,13.4478807449341
53.3367708333333,13.4492516517639
53.3401041666667,13.450562953949
53.3434375,13.4517550468445
53.3467708333333,13.4528279304504
53.3501041666667,13.4537220001221
53.3534375,13.4544968605042
53.3567708333333,13.4550333023071
53.3601041666667,13.4554505348206
53.3634375,13.4556293487549
53.3667708333333,13.4555697441101
53.3701041666667,13.4553909301758
53.3734375,13.4549140930176
53.3767708333333,13.4543180465698
53.3801041666667,13.453483581543
53.3834375,13.4524703025818
53.3867708333333,13.4513378143311
53.3901041666667,13.4501457214355
53.3934375,13.4488344192505
53.3967708333333,13.4474635124207
53.4001041666667,13.4460926055908
53.4034375,13.444721698761
53.4067708333333,13.4434103965759
53.4101041666667,13.4422183036804
53.4134375,13.4411454200745
53.4167708333333,13.4402513504028
53.4201041666667,13.4394764900208
53.4234375,13.438880443573
53.4267708333333,13.4384632110596
53.4301041666667,13.4381651878357
53.4334375,13.4380459785461
53.4367708333333,13.4379863739014
53.4401041666667,13.4380459785461
53.4434375,13.4381651878357
53.4467708333333,13.43834400177
53.4501041666667,13.4385228157043
53.4534375,13.4387612342834
53.4567708333333,13.4389996528625
53.4601041666667,13.4392380714417
53.4634375,13.4395360946655
53.4667708333333,13.4397745132446
53.4701041666667,13.4400725364685
53.4734375,13.4403705596924
53.4767708333333,13.440728187561
53.4801041666667,13.4410262107849
53.4834375,13.4413838386536
53.4867708333333,13.4417414665222
53.4901041666667,13.4421586990356
53.4934375,13.4426355361938
53.4967708333333,13.4432315826416
53.5001041666667,13.4438872337341
53.5034375,13.4447813034058
53.5067708333333,13.4457945823669
53.5101041666667,13.4469866752625
53.5134375,13.4482979774475
53.5167708333333,13.4498476982117
53.5201041666667,13.4514570236206
53.5234375,13.4532451629639
53.5267708333333,13.4550333023071
53.5301041666667,13.4568810462952
53.5334375,13.4586691856384
53.5367708333333,13.4603381156921
53.5401041666667,13.4620070457458
53.5434375,13.4634971618652
53.5467708333333,13.4648084640503
53.5501041666667,13.4660005569458
53.5534375,13.4670734405518
53.5567708333333,13.4680271148682
53.5601041666667,13.468861579895
53.5634375,13.4695768356323
53.5667708333333,13.4702920913696
53.5701041666667,13.4709477424622
53.5734375,13.4715437889099
53.5767708333333,13.4721994400024
53.5801041666667,13.4727954864502
53.5834375,13.4734511375427
53.5867708333333,13.4741067886353
53.5901041666667,13.4747624397278
53.5934375,13.4755373001099
53.5967708333333,13.4763121604919
53.6001041666667,13.4772062301636
53.6034375,13.47815990448
53.6067708333333,13.4792923927307
53.6101041666667,13.480544090271
53.6134375,13.4819149971008
53.6167708333333,13.4834051132202
53.6201041666667,13.4849548339844
53.6234375,13.4866237640381
53.6267708333333,13.4883522987366
53.6301041666667,13.4901404380798
53.6334375,13.4919881820679
53.6367708333333,13.4937763214111
53.6401041666667,13.4955048561096
53.6434375,13.4972333908081
53.6467708333333,13.4987831115723
53.6501041666667,13.5002732276917
53.6534375,13.5015845298767
53.6567708333333,13.5027766227722
53.6601041666667,13.5037899017334
53.6634375,13.504683971405
53.6667708333333,13.5054588317871
53.6701041666667,13.5061144828796
53.6734375,13.5066509246826
53.6767708333333,13.507068157196
53.6801041666667,13.5073661804199
53.6834375,13.5074853897095
53.6867708333333,13.5074257850647
53.6901041666667,13.5071277618408
53.6934375,13.5066509246826
53.6967708333333,13.5060548782349
53.7001041666667,13.5053396224976
53.7034375,13.5045647621155
53.7067708333333,13.5037899017334
53.7101041666667,13.5030746459961
53.7134375,13.5025382041931
53.7167708333333,13.5021805763245
53.7201041666667,13.5020613670349
53.7234375,13.5022401809692
53.7267708333333,13.5025978088379
53.7301041666667,13.5031342506409
53.7334375,13.5038495063782
53.7367708333333,13.5047435760498
53.7401041666667,13.5056376457214
53.7434375,13.5065913200378
53.7467708333333,13.5075449943542
53.7501041666667,13.5084390640259
53.7534375,13.5092735290527
53.7567708333333,13.5100483894348
53.7601041666667,13.5107636451721
53.7634375,13.5114789009094
53.7667708333333,13.512134552002
53.7701041666667,13.5128498077393
53.7734375,13.513445854187
53.7767708333333,13.5140419006348
53.7801041666667,13.5145783424377
53.7834375,13.5149955749512
53.7867708333333,13.515293598175
53.7901041666667,13.5154724121094
53.7934375,13.5155320167542
53.7967708333333,13.5154724121094
53.8001041666667,13.5153532028198
53.8034375,13.5151147842407
53.8067708333333,13.5149359703064
53.8101041666667,13.5146975517273
53.8134375,13.5146379470825
53.8167708333333,13.5146379470825
53.8201041666667,13.5146975517273
53.8234375,13.5149359703064
53.8267708333333,13.515293598175
53.8301041666667,13.5157108306885
53.8334375,13.5161876678467
53.8367708333333,13.5166645050049
53.8401041666667,13.5170817375183
53.8434375,13.517439365387
53.8467708333333,13.5176777839661
53.8501041666667,13.5177969932556
53.8534375,13.5177373886108
53.8567708333333,13.5176181793213
53.8601041666667,13.5173201560974
53.8634375,13.5170221328735
53.8667708333333,13.5167241096497
53.8701041666667,13.5164260864258
53.8734375,13.5163068771362
53.8767708333333,13.5162472724915
53.8801041666667,13.5164260864258
53.8834375,13.5167837142944
53.8867708333333,13.5172605514526
53.8901041666667,13.5179758071899
53.8934375,13.5188102722168
53.8967708333333,13.5197639465332
53.9001041666667,13.5208368301392
53.9034375,13.5220885276794
53.9067708333333,13.5234594345093
53.9101041666667,13.5250091552734
53.9134375,13.5267376899719
53.9167708333333,13.5286450386047
53.9201041666667,13.5307312011719
53.9234375,13.5329961776733
53.9267708333333,13.5354995727539
53.9301041666667,13.538122177124
53.9334375,13.5408639907837
53.9367708333333,13.5437250137329
53.9401041666667,13.5466456413269
53.9434375,13.5495066642761
53.9467708333333,13.5523080825806
53.9501041666667,13.5549902915955
53.9534375,13.5574340820313
53.9567708333333,13.5596990585327
53.9601041666667,13.5617852210999
53.9634375,13.5636329650879
53.9667708333333,13.5653614997864
53.9701041666667,13.5669112205505
53.9734375,13.5684013366699
53.9767708333333,13.5698318481445
53.9801041666667,13.5712623596191
53.9834375,13.5727524757385
53.9867708333333,13.5743021965027
53.9901041666667,13.5758519172668
53.9934375,13.5775208473206
53.9967708333333,13.5791301727295
54.0001041666667,13.5807991027832
54.0034375,13.5824084281921
54.0067708333333,13.5840177536011
54.0101041666667,13.58562707901
54.0134375,13.5872364044189
54.0167708333333,13.5889053344727
54.0201041666667,13.5906934738159
54.0234375,13.5926604270935
54.0267708333333,13.5947465896606
54.0301041666667,13.5970711708069
54.0334375,13.5995745658875
54.0367708333333,13.6023163795471
54.0401041666667,13.6051774024963
54.0434375,13.6082172393799
54.0467708333333,13.6111974716187
54.0501041666667,13.6142373085022
54.0534375,13.6171579360962
54.0567708333333,13.6198997497559
54.0601041666667,13.6224031448364
54.0634375,13.6246681213379
54.0667708333333,13.6266946792603
54.0701041666667,13.628363609314
54.0734375,13.6297941207886
54.0767708333333,13.6309266090393
54.0801041666667,13.6318802833557
54.0834375,13.6327147483826
54.0867708333333,13.6333703994751
54.0901041666667,13.6339068412781
54.0934375,13.6343836784363
54.0967708333333,13.6348009109497
54.1001041666667,13.6352181434631
54.1034375,13.635516166687
54.1067708333333,13.6356949806213
54.1101041666667,13.6357545852661
54.1134375,13.6356949806213
54.1167708333333,13.6354565620422
54.1201041666667,13.634979724884
54.1234375,13.6344432830811
54.1267708333333,13.6337280273438
54.1301041666667,13.6329531669617
54.1334375,13.6321187019348
54.1367708333333,13.6313438415527
54.1401041666667,13.6306285858154
54.1434375,13.6300325393677
54.1467708333333,13.6296153068542
54.1501041666667,13.6292576789856
54.1534375,13.6289596557617
54.1567708333333,13.6287808418274
54.1601041666667,13.6285424232483
54.1634375,13.6281847953796
54.1667708333333,13.627827167511
54.1701041666667,13.6273503303528
54.1734375,13.626754283905
54.1767708333333,13.6260986328125
54.1801041666667,13.62544298172
54.1834375,13.6248469352722
54.1867708333333,13.6242508888245
54.1901041666667,13.623833656311
54.1934375,13.6235356330872
54.1967708333333,13.6234164237976
54.2001041666667,13.6234164237976
54.2034375,13.6235356330872
54.2067708333333,13.623833656311
54.2101041666667,13.6241912841797
54.2134375,13.6246681213379
54.2167708333333,13.6252045631409
54.2201041666667,13.6258602142334
54.2234375,13.6266350746155
54.2267708333333,13.6274695396423
54.2301041666667,13.6284232139587
54.2334375,13.6294364929199
54.2367708333333,13.6306285858154
54.2401041666667,13.6318802833557
54.2434375,13.6332511901855
54.2467708333333,13.6347413063049
54.2501041666667,13.6362314224243
54.2534375,13.6377215385437
54.2567708333333,13.6392712593079
54.2601041666667,13.6407017707825
54.2634375,13.6421322822571
54.2667708333333,13.6434435844421
54.2701041666667,13.6446356773376
54.2734375,13.6457085609436
54.2767708333333,13.6466026306152
54.2801041666667,13.6473178863525
54.2834375,13.6478543281555
54.2867708333333,13.6482715606689
54.2901041666667,13.648509979248
54.2934375,13.6486887931824
54.2967708333333,13.6486887931824
54.3001041666667,13.6487483978271
54.3034375,13.6487483978271
54.3067708333333,13.6488080024719
54.3101041666667,13.6489272117615
54.3134375,13.6491060256958
54.3167708333333,13.6494636535645
54.3201041666667,13.6498808860779
54.3234375,13.6504769325256
54.3267708333333,13.6511325836182
54.3301041666667,13.6518478393555
54.3334375,13.6527419090271
54.3367708333333,13.6536359786987
54.3401041666667,13.6545896530151
54.3434375,13.6556625366211
54.3467708333333,13.6567950248718
54.3501041666667,13.6580467224121
54.3534375,13.6594176292419
54.3567708333333,13.6608481407166
54.3601041666667,13.6624574661255
54.3634375,13.664186000824
54.3667708333333,13.666033744812
54.3701041666667,13.6679410934448
54.3734375,13.6698484420776
54.3767708333333,13.6718153953552
54.3801041666667,13.6736631393433
54.3834375,13.6754512786865
54.3867708333333,13.6771202087402
54.3901041666667,13.6786103248596
54.3934375,13.6799812316895
54.3967708333333,13.681173324585
54.4001041666667,13.6821866035461
54.4034375,13.683021068573
54.4067708333333,13.6837959289551
54.4101041666667,13.6843919754028
54.4134375,13.6849284172058
54.4167708333333,13.6854648590088
54.4201041666667,13.6860013008118
54.4234375,13.6866569519043
54.4267708333333,13.6874318122864
54.4301041666667,13.688325881958
54.4334375,13.689398765564
54.4367708333333,13.690710067749
54.4401041666667,13.6920809745789
54.4434375,13.693630695343
54.4467708333333,13.695240020752
54.4501041666667,13.6968493461609
54.4534375,13.6984586715698
54.4567708333333,13.7000679969788
54.4601041666667,13.7016773223877
54.4634375,13.7032270431519
54.4667708333333,13.7047171592712
54.4701041666667,13.7062072753906
54.4734375,13.7076377868652
54.4767708333333,13.7091279029846
54.4801041666667,13.7105584144592
54.4834375,13.7119889259338
54.4867708333333,13.7133598327637
54.4901041666667,13.714611530304
54.4934375,13.7157440185547
54.4967708333333,13.7167572975159
54.5001041666667,13.7175917625427
54.5034375,13.7182474136353
54.5067708333333,13.7186050415039
54.5101041666667,13.7187838554382
54.5134375,13.7186646461487
54.5167708333333,13.7183666229248
54.5201041666667,13.7178897857666
54.5234375,13.7172341346741
54.5267708333333,13.7163996696472
54.5301041666667,13.7155055999756
54.5334375,13.7145519256592
54.5367708333333,13.7136578559875
54.5401041666667,13.7127637863159
54.5434375,13.7120485305786
54.5467708333333,13.7114524841309
54.5501041666667,13.7110352516174
54.5534375,13.7107968330383
54.5567708333333,13.7108564376831
54.5601041666667,13.7110948562622
54.5634375,13.7116312980652
54.5667708333333,13.7122869491577
54.5701041666667,13.7131214141846
54.5734375,13.7140154838562
54.5767708333333,13.7150287628174
54.5801041666667,13.7160420417786
54.5834375,13.716995716095
54.5867708333333,13.7179493904114
54.5901041666667,13.7189030647278
54.5934375,13.7198567390442
54.5967708333333,13.7207508087158
54.6001041666667,13.721764087677
54.6034375,13.7227177619934
54.6067708333333,13.7237310409546
54.6101041666667,13.7247443199158
54.6134375,13.7256979942322
54.6167708333333,13.7265920639038
54.6201041666667,13.7273669242859
54.6234375,13.7280225753784
54.6267708333333,13.7284994125366
54.6301041666667,13.7287378311157
54.6334375,13.7288570404053
54.6367708333333,13.7287974357605
54.6401041666667,13.7286186218262
54.6434375,13.7284398078918
54.6467708333333,13.7282013893127
54.6501041666667,13.7280225753784
54.6534375,13.7279033660889
54.6567708333333,13.7279629707336
54.6601041666667,13.7282013893127
54.6634375,13.7286186218262
54.6667708333333,13.7292742729187
54.6701041666667,13.7301087379456
54.6734375,13.7311220169067
54.6767708333333,13.7322545051575
54.6801041666667,13.7335658073425
54.6834375,13.7348771095276
54.6867708333333,13.7361884117126
54.6901041666667,13.7374997138977
54.6934375,13.738751411438
54.6967708333333,13.7399435043335
54.7001041666667,13.7410163879395
54.7034375,13.7420296669006
54.7067708333333,13.742983341217
54.7101041666667,13.7438774108887
54.7134375,13.7446522712708
54.7167708333333,13.7454271316528
54.7201041666667,13.7461423873901
54.7234375,13.7468576431274
54.7267708333333,13.74751329422
54.7301041666667,13.7481093406677
54.7334375,13.7486457824707
54.7367708333333,13.7491226196289
54.7401041666667,13.7495398521423
54.7434375,13.7499570846558
54.7467708333333,13.7502551078796
54.7501041666667,13.7505531311035
54.7534375,13.7508511543274
54.7567708333333,13.7510895729065
54.7601041666667,13.7513875961304
54.7634375,13.7518048286438
54.7667708333333,13.752281665802
54.7701041666667,13.7528777122498
54.7734375,13.7537121772766
54.7767708333333,13.7547850608826
54.7801041666667,13.7560963630676
54.7834375,13.7576460838318
54.7867708333333,13.759434223175
54.7901041666667,13.7614011764526
54.7934375,13.7634873390198
54.7967708333333,13.7657523155212
54.8001041666667,13.7680172920227
54.8034375,13.7702226638794
54.8067708333333,13.7724876403809
54.8101041666667,13.7746334075928
54.8134375,13.7767195701599
54.8167708333333,13.7787461280823
54.8201041666667,13.7806534767151
54.8234375,13.7825012207031
54.8267708333333,13.7842893600464
54.8301041666667,13.7859582901001
54.8334375,13.787567615509
54.8367708333333,13.7890577316284
54.8401041666667,13.7904286384583
54.8434375,13.791561126709
54.8467708333333,13.7925744056702
54.8501041666667,13.793408870697
54.8534375,13.7941241264343
54.8567708333333,13.7945413589478
54.8601041666667,13.7948393821716
54.8634375,13.795018196106
54.8667708333333,13.7949585914612
54.8701041666667,13.7948393821716
54.8734375,13.7946009635925
54.8767708333333,13.7943625450134
54.8801041666667,13.7940645217896
54.8834375,13.7937664985657
54.8867708333333,13.7935876846313
54.8901041666667,13.7935280799866
54.8934375,13.7936472892761
54.8967708333333,13.7939453125
54.9001041666667,13.794481754303
54.9034375,13.7951970100403
54.9067708333333,13.7961506843567
54.9101041666667,13.7972235679626
54.9134375,13.7984752655029
54.9167708333333,13.799786567688
54.9201041666667,13.801097869873
54.9234375,13.8024687767029
54.9267708333333,13.8037800788879
54.9301041666667,13.805091381073
54.9334375,13.8064026832581
54.9367708333333,13.8076543807983
54.9401041666667,13.8089060783386
54.9434375,13.8100981712341
54.9467708333333,13.8112902641296
54.9501041666667,13.8124823570251
54.9534375,13.8136744499207
54.9567708333333,13.8148069381714
54.9601041666667,13.8158202171326
54.9634375,13.816773891449
54.9667708333333,13.8176083564758
54.9701041666667,13.8182640075684
54.9734375,13.8188600540161
54.9767708333333,13.8193368911743
54.9801041666667,13.819694519043
54.9834375,13.8199329376221
54.9867708333333,13.8201713562012
54.9901041666667,13.8204097747803
54.9934375,13.8207077980042
54.9967708333333,13.821005821228
55.0001041666667,13.8214230537415
55.0034375,13.8218998908997
55.0067708333333,13.8224363327026
55.0101041666667,13.8230919837952
55.0134375,13.8238668441772
55.0167708333333,13.8247609138489
55.0201041666667,13.8257741928101
55.0234375,13.8269066810608
55.0267708333333,13.8282179832458
55.0301041666667,13.8295888900757
55.0334375,13.8311386108398
55.0367708333333,13.8328075408936
55.0401041666667,13.834536075592
55.0434375,13.8363242149353
55.0467708333333,13.8381123542786
55.0501041666667,13.8399004936218
55.0534375,13.8416886329651
55.0567708333333,13.8434171676636
55.0601041666667,13.8450264930725
55.0634375,13.8466358184814
55.0667708333333,13.8481259346008
55.0701041666667,13.8495564460754
55.0734375,13.8508677482605
55.0767708333333,13.852059841156
55.0801041666667,13.853132724762
55.0834375,13.8540863990784
55.0867708333333,13.8548016548157
55.0901041666667,13.8553977012634
55.0934375,13.8556957244873
55.0967708333333,13.8558149337769
55.1001041666667,13.8557553291321
55.1034375,13.855516910553
55.1067708333333,13.8550996780396
55.1101041666667,13.8546228408813
55.1134375,13.8540267944336
55.1167708333333,13.8534307479858
55.1201041666667,13.8528347015381
55.1234375,13.8524174690247
55.1267708333333,13.852059841156
55.1301041666667,13.8518810272217
55.1334375,13.8518810272217
55.1367708333333,13.8521194458008
55.1401041666667,13.8524770736694
55.1434375,13.8530731201172
55.1467708333333,13.8537287712097
55.1501041666667,13.8545632362366
55.1534375,13.8554573059082
55.1567708333333,13.8564109802246
55.1601041666667,13.8574242591858
55.1634375,13.8584971427917
55.1667708333333,13.8596296310425
55.1701041666667,13.860821723938
55.1734375,13.8620138168335
55.1767708333333,13.8632655143738
55.1801041666667,13.8645768165588
55.1834375,13.8658881187439
55.1867708333333,13.867199420929
55.1901041666667,13.868510723114
55.1934375,13.8697028160095
55.1967708333333,13.8707756996155
55.2001041666667,13.8717293739319
55.2034375,13.872504234314
55.2067708333333,13.8730406761169
55.2101041666667,13.8734579086304
55.2134375,13.8735771179199
55.2167708333333,13.8734579086304
55.2201041666667,13.8732194900513
55.2234375,13.8727426528931
55.2267708333333,13.8722658157349
55.2301041666667,13.8717293739319
55.2334375,13.8711929321289
55.2367708333333,13.8707756996155
55.2401041666667,13.8704776763916
55.2434375,13.8703584671021
55.2467708333333,13.8704180717468
55.2501041666667,13.8707160949707
55.2534375,13.8711929321289
55.2567708333333,13.8717889785767
55.2601041666667,13.8725638389587
55.2634375,13.8734579086304
55.2667708333333,13.8744115829468
55.2701041666667,13.8755440711975
55.2734375,13.8766765594482
55.2767708333333,13.8779282569885
55.2801041666667,13.8791799545288
55.2834375,13.8805508613586
55.2867708333333,13.8818621635437
55.2901041666667,13.8832330703735
55.2934375,13.8846635818481
55.2967708333333,13.886034488678
55.3001041666667,13.8874053955078
55.3034375,13.8887166976929
55.3067708333333,13.8900279998779
55.3101041666667,13.8912200927734
55.3134375,13.8924121856689
55.3167708333333,13.8936042785645
55.3201041666667,13.8946771621704
55.3234375,13.8956904411316
55.3267708333333,13.896644115448
55.3301041666667,13.8975977897644
55.3334375,13.8985514640808
55.3367708333333,13.8994455337524
55.3401041666667,13.9003992080688
55.3434375,13.90141248703
55.3467708333333,13.902485370636
55.3501041666667,13.9036178588867
55.3534375,13.9049887657166
55.3567708333333,13.9064788818359
55.3601041666667,13.9081478118896
55.3634375,13.9099955558777
55.3667708333333,13.9120221138
55.3701041666667,13.914167881012
55.3734375,13.9164924621582
55.3767708333333,13.9188766479492
55.3801041666667,13.9213800430298
55.3834375,13.9239430427551
55.3867708333333,13.9265060424805
55.3901041666667,13.9290690422058
55.3934375,13.9316916465759
55.3967708333333,13.9341950416565
55.4001041666667,13.9365792274475
55.4034375,13.938844203949
55.4067708333333,13.9409303665161
55.4101041666667,13.9427781105042
55.4134375,13.9443278312683
55.4167708333333,13.9456391334534
55.4201041666667,13.9467120170593
55.4234375,13.9475464820862
55.4267708333333,13.9481425285339
55.4301041666667,13.9486193656921
55.4334375,13.9488577842712
55.4367708333333,13.9490365982056
55.4401041666667,13.9490962028503
55.4434375,13.9490365982056
55.4467708333333,13.9489769935608
55.4501041666667,13.9487981796265
55.4534375,13.9485597610474
55.4567708333333,13.9482617378235
55.4601041666667,13.9480233192444
55.4634375,13.9477252960205
55.4667708333333,13.9474868774414
55.4701041666667,13.9473676681519
55.4734375,13.9472484588623
55.4767708333333,13.9473080635071
55.4801041666667,13.9474868774414
55.4834375,13.9477849006653
55.4867708333333,13.9483213424683
55.4901041666667,13.9490365982056
55.4934375,13.9499306678772
55.4967708333333,13.9510631561279
55.5001041666667,13.9524340629578
55.5034375,13.9539837837219
55.5067708333333,13.9557719230652
55.5101041666667,13.957679271698
55.5134375,13.9597654342651
55.5167708333333,13.9619708061218
55.5201041666667,13.9642357826233
55.5234375,13.9665603637695
55.5267708333333,13.968825340271
55.5301041666667,13.9710903167725
55.5334375,13.9732360839844
55.5367708333333,13.9752626419067
55.5401041666667,13.9771103858948
55.5434375,13.9787793159485
55.5467708333333,13.9802694320679
55.5501041666667,13.9814615249634
55.5534375,13.9825344085693
55.5567708333333,13.9833688735962
55.5601041666667,13.9840841293335
55.5634375,13.9846801757813
55.5667708333333,13.9852166175842
55.5701041666667,13.9856934547424
55.5734375,13.9860510826111
55.5767708333333,13.9864683151245
55.5801041666667,13.9867663383484
55.5834375,13.9870047569275
55.5867708333333,13.9872431755066
55.5901041666667,13.9873027801514
55.5934375,13.9873027801514
55.5967708333333,13.9872431755066
55.6001041666667,13.987123966217
55.6034375,13.9869451522827
55.6067708333333,13.9868259429932
55.6101041666667,13.9867663383484
55.6134375,13.9868259429932
55.6167708333333,13.9870643615723
55.6201041666667,13.9875411987305
55.6234375,13.9883160591125
55.6267708333333,13.989269733429
55.6301041666667,13.9904022216797
55.6334375,13.9917135238647
55.6367708333333,13.9930844306946
55.6401041666667,13.9945149421692
55.6434375,13.9959454536438
55.6467708333333,13.9973163604736
55.6501041666667,13.9986276626587
55.6534375,13.9998197555542
55.6567708333333,14.0009522438049
55.6601041666667,14.0019655227661
55.6634375,14.0028595924377
55.6667708333333,14.0037536621094
55.6701041666667,14.0045285224915
55.6734375,14.0052437782288
55.6767708333333,14.0058398246765
55.6801041666667,14.0063762664795
55.6834375,14.0068531036377
55.6867708333333,14.0071511268616
55.6901041666667,14.0073895454407
55.6934375,14.007568359375
55.6967708333333,14.0076279640198
55.7001041666667,14.0076875686646
55.7034375,14.0076875686646
55.7067708333333,14.0077471733093
55.7101041666667,14.0078067779541
55.7134375,14.0079855918884
55.7167708333333,14.0082836151123
55.7201041666667,14.0087604522705
55.7234375,14.0093564987183
55.7267708333333,14.0101909637451
55.7301041666667,14.0112042427063
55.7334375,14.0124559402466
55.7367708333333,14.013946056366
55.7401041666667,14.0157341957092
55.7434375,14.0177607536316
55.7467708333333,14.0200257301331
55.7501041666667,14.0225291252136
55.7534375,14.0252113342285
55.7567708333333,14.028012752533
55.7601041666667,14.0308737754822
55.7634375,14.0337944030762
55.7667708333333,14.0366554260254
55.7701041666667,14.0393972396851
55.7734375,14.0420198440552
55.7767708333333,14.0445232391357
55.7801041666667,14.0467882156372
55.7834375,14.0488147735596
55.7867708333333,14.0506029129028
55.7901041666667,14.052152633667
55.7934375,14.0534639358521
55.7967708333333,14.0545964241028
55.8001041666667,14.0555500984192
55.8034375,14.0563249588013
55.8067708333333,14.0569806098938
55.8101041666667,14.057457447052
55.8134375,14.0578150749207
55.8167708333333,14.0581130981445
55.8201041666667,14.0583515167236
55.8234375,14.0584707260132
55.8267708333333,14.0584707260132
55.8301041666667,14.0584111213684
55.8334375,14.0582919120789
55.8367708333333,14.0580534934998
55.8401041666667,14.0577554702759
55.8434375,14.0573978424072
55.8467708333333,14.0570402145386
55.8501041666667,14.0566825866699
55.8534375,14.0564441680908
55.8567708333333,14.0563249588013
55.8601041666667,14.0564441680908
55.8634375,14.0568017959595
55.8667708333333,14.0575170516968
55.8701041666667,14.058530330658
55.8734375,14.0599012374878
55.8767708333333,14.0615701675415
55.8801041666667,14.0635967254639
55.8834375,14.0658020973206
55.8867708333333,14.0682458877563
55.8901041666667,14.0708088874817
55.8934375,14.073371887207
55.8967708333333,14.0759348869324
55.9001041666667,14.0783786773682
55.9034375,14.0807628631592
55.9067708333333,14.0829682350159
55.9101041666667,14.085054397583
55.9134375,14.0869617462158
55.9167708333333,14.0886306762695
55.9201041666667,14.0901803970337
55.9234375,14.0914916992188
55.9267708333333,14.0926241874695
55.9301041666667,14.0935778617859
55.9334375,14.0942931175232
55.9367708333333,14.0948295593262
55.9401041666667,14.0952467918396
55.9434375,14.0954256057739
55.9467708333333,14.0955448150635
55.9501041666667,14.0956044197083
55.9534375,14.0956044197083
55.9567708333333,14.0956044197083
55.9601041666667,14.0956044197083
55.9634375,14.095664024353
55.9667708333333,14.0957832336426
55.9701041666667,14.0959024429321
55.9734375,14.0961408615112
55.9767708333333,14.0963792800903
55.9801041666667,14.096736907959
55.9834375,14.0971541404724
55.9867708333333,14.0977501869202
55.9901041666667,14.0985250473022
55.9934375,14.0994787216187
55.9967708333333,14.1006112098694
56.0001041666667,14.102041721344
56.0034375,14.1035914421082
56.0067708333333,14.1053795814514
56.0101041666667,14.107346534729
56.0134375,14.1093730926514
56.0167708333333,14.1115188598633
56.0201041666667,14.1136050224304
56.0234375,14.1156315803528
56.0267708333333,14.1175985336304
56.0301041666667,14.1193270683289
56.0334375,14.1208171844482
56.0367708333333,14.1220092773438
56.0401041666667,14.1229629516602
56.0434375,14.1235589981079
56.0467708333333,14.123797416687
56.0501041666667,14.1237378120422
56.0534375,14.1233801841736
56.0567708333333,14.1228437423706
56.0601041666667,14.1220688819885
56.0634375,14.1212344169617
56.0667708333333,14.1202807426453
56.0701041666667,14.1193866729736
56.0734375,14.118492603302
56.0767708333333,14.1176581382751
56.0801041666667,14.1170024871826
56.0834375,14.1164660453796
56.0867708333333,14.116108417511
56.0901041666667,14.1158699989319
56.0934375,14.1159296035767
56.0967708333333,14.116108417511
56.1001041666667,14.1165852546692
56.1034375,14.1172409057617
56.1067708333333,14.1181349754333
56.1101041666667,14.1193270683289
56.1134375,14.1207575798035
56.1167708333333,14.1224265098572
56.1201041666667,14.1243934631348
56.1234375,14.1265988349915
56.1267708333333,14.1289830207825
56.1301041666667,14.1316056251526
56.1334375,14.134407043457
56.1367708333333,14.1373872756958
56.1401041666667,14.1404867172241
56.1434375,14.143705368042
56.1467708333333,14.1470432281494
56.1501041666667,14.1504406929016
56.1534375,14.1538977622986
56.1567708333333,14.1572952270508
56.1601041666667,14.160692691803
56.1634375,14.1639113426208
56.1667708333333,14.1670107841492
56.1701041666667,14.1698718070984
56.1734375,14.172375202179
56.1767708333333,14.1746401786804
56.1801041666667,14.176607131958
56.1834375,14.1782164573669
56.1867708333333,14.179527759552
56.1901041666667,14.180600643158
56.1934375,14.18137550354
56.1967708333333,14.1819715499878
56.2001041666667,14.1823887825012
56.2034375,14.1826272010803
56.2067708333333,14.1827464103699
56.2101041666667,14.1827464103699
56.2134375,14.1826868057251
56.2167708333333,14.1825079917908
56.2201041666667,14.1822695732117
56.2234375,14.1820311546326
56.2267708333333,14.1817927360535
56.2301041666667,14.1815543174744
56.2334375,14.1813158988953
56.2367708333333,14.1811370849609
56.2401041666667,14.1810178756714
56.2434375,14.1808986663818
56.2467708333333,14.1808986663818
56.2501041666667,14.1810178756714
56.2534375,14.1812562942505
56.2567708333333,14.1816139221191
56.2601041666667,14.1820907592773
56.2634375,14.1827464103699
56.2667708333333,14.183521270752
56.2701041666667,14.1844749450684
56.2734375,14.1856074333191
56.2767708333333,14.1868591308594
56.2801041666667,14.1881704330444
56.2834375,14.189600944519
56.2867708333333,14.1910314559937
56.2901041666667,14.192521572113
56.2934375,14.1939520835876
56.2967708333333,14.1953229904175
56.3001041666667,14.1966342926025
56.3034375,14.197826385498
56.3067708333333,14.1989588737488
56.3101041666667,14.2000317573547
56.3134375,14.2009854316711
56.3167708333333,14.201819896698
56.3201041666667,14.2025947570801
56.3234375,14.2033100128174
56.3267708333333,14.2039060592651
56.3301041666667,14.2043828964233
56.3334375,14.204740524292
56.3367708333333,14.2049193382263
56.3401041666667,14.2050385475159
56.3434375,14.2050981521606
56.3467708333333,14.2050385475159
56.3501041666667,14.2049789428711
56.3534375,14.2048597335815
56.3567708333333,14.2048597335815
56.3601041666667,14.2048597335815
56.3634375,14.2049789428711
56.3667708333333,14.2050981521606
56.3701041666667,14.2053365707397
56.3734375,14.2056345939636
56.3767708333333,14.2060518264771
56.3801041666667,14.2065286636353
56.3834375,14.207124710083
56.3867708333333,14.2078995704651
56.3901041666667,14.2087340354919
56.3934375,14.2098069190979
56.3967708333333,14.2109990119934
56.4001041666667,14.212429523468
56.4034375,14.2139792442322
56.4067708333333,14.2156481742859
56.4101041666667,14.2174363136292
56.4134375,14.219343662262
56.4167708333333,14.2213702201843
56.4201041666667,14.2234563827515
56.4234375,14.2255425453186
56.4267708333333,14.2276883125305
56.4301041666667,14.2297744750977
56.4334375,14.2318606376648
56.4367708333333,14.2338275909424
56.4401041666667,14.23579454422
56.4434375,14.2375826835632
56.4467708333333,14.2393112182617
56.4501041666667,14.2408013343811
56.4534375,14.2421722412109
56.4567708333333,14.2433047294617
56.4601041666667,14.2442584037781
56.4634375,14.2449140548706
56.4667708333333,14.245331287384
56.4701041666667,14.2455101013184
56.4734375,14.2454504966736
56.4767708333333,14.2452120780945
56.4801041666667,14.2447948455811
56.4834375,14.2442584037781
56.4867708333333,14.2436623573303
56.4901041666667,14.2430663108826
56.4934375,14.2425298690796
56.4967708333333,14.2420530319214
56.5001041666667,14.241635799408
56.5034375,14.2413377761841
56.5067708333333,14.2411589622498
56.5101041666667,14.241099357605
56.5134375,14.2411589622498
56.5167708333333,14.2413377761841
56.5201041666667,14.2417550086975
56.5234375,14.2423510551453
56.5267708333333,14.2431259155273
56.5301041666667,14.2441391944885
56.5334375,14.2454504966736
56.5367708333333,14.246940612793
56.5401041666667,14.2486095428467
56.5434375,14.2505168914795
56.5467708333333,14.2524838447571
56.5501041666667,14.2545700073242
56.5534375,14.2566561698914
56.5567708333333,14.2588019371033
56.5601041666667,14.2608284950256
56.5634375,14.2627954483032
56.5667708333333,14.264702796936
56.5701041666667,14.2665505409241
56.5734375,14.2683386802673
56.5767708333333,14.270007610321
56.5801041666667,14.2716765403748
56.5834375,14.2733454704285
56.5867708333333,14.2749547958374
56.5901041666667,14.2764449119568
56.5934375,14.2779350280762
56.5967708333333,14.279305934906
56.6001041666667,14.2804980278015
56.6034375,14.2815113067627
56.6067708333333,14.2823457717896
56.6101041666667,14.2830014228821
56.6134375,14.2834186553955
56.6167708333333,14.2837166786194
56.6201041666667,14.2838358879089
56.6234375,14.2838954925537
56.6267708333333,14.2838954925537
56.6301041666667,14.2838954925537
56.6334375,14.2840147018433
56.6367708333333,14.2841935157776
56.6401041666667,14.2844319343567
56.6434375,14.2848491668701
56.6467708333333,14.2852663993835
56.6501041666667,14.2858624458313
56.6534375,14.2865777015686
56.6567708333333,14.2873525619507
56.6601041666667,14.2883062362671
56.6634375,14.289379119873
56.6667708333333,14.2905712127686
56.6701041666667,14.2920017242432
56.6734375,14.2935514450073
56.6767708333333,14.2952799797058
56.6801041666667,14.2971277236938
56.6834375,14.2990350723267
56.6867708333333,14.301061630249
56.6901041666667,14.3030285835266
56.6934375,14.3049955368042
56.6967708333333,14.306902885437
56.7001041666667,14.3086910247803
56.7034375,14.310359954834
56.7067708333333,14.3119096755981
56.7101041666667,14.3133401870728
56.7134375,14.3146514892578
56.7167708333333,14.3157839775085
56.7201041666667,14.316737651825
56.7234375,14.3175721168518
56.7267708333333,14.3181085586548
56.7301041666667,14.3185257911682
56.7334375,14.3187046051025
56.7367708333333,14.3187046051025
56.7401041666667,14.3185257911682
56.7434375,14.3183469772339
56.7467708333333,14.31804895401
56.7501041666667,14.3178105354309
56.7534375,14.3176317214966
56.7567708333333,14.317512512207
56.7601041666667,14.317512512207
56.7634375,14.3175721168518
56.7667708333333,14.3176913261414
56.7701041666667,14.3178701400757
56.7734375,14.3181085586548
56.7767708333333,14.3184065818787
56.7801041666667,14.3187642097473
56.7834375,14.3191814422607
56.7867708333333,14.3197774887085
56.7901041666667,14.3204927444458
56.7934375,14.3213868141174
56.7967708333333,14.3225789070129
56.8001041666667,14.3240690231323
56.8034375,14.3257975578308
56.8067708333333,14.3278837203979
56.8101041666667,14.3302083015442
56.8134375,14.3328309059143
56.8167708333333,14.335572719574
56.8201041666667,14.338493347168
56.8234375,14.3415331840515
56.8267708333333,14.3445134162903
56.8301041666667,14.3474936485291
56.8334375,14.3503546714783
56.8367708333333,14.3530964851379
56.8401041666667,14.3556594848633
56.8434375,14.3580436706543
56.8467708333333,14.360249042511
56.8501041666667,14.3623352050781
56.8534375,14.3641829490662
56.8567708333333,14.3659114837646
56.8601041666667,14.3674612045288
56.8634375,14.3688917160034
56.8667708333333,14.3701434135437
56.8701041666667,14.3712162971497
56.8734375,14.3721699714661
56.8767708333333,14.3728852272034
56.8801041666667,14.3734216690063
56.8834375,14.373779296875
56.8867708333333,14.3739581108093
56.8901041666667,14.3738985061646
56.8934375,14.3737196922302
56.8967708333333,14.3733024597168
56.9001041666667,14.3728256225586
56.9034375,14.3721699714661
56.9067708333333,14.3714547157288
56.9101041666667,14.3706798553467
56.9134375,14.3699049949646
56.9167708333333,14.3691897392273
56.9201041666667,14.3685340881348
56.9234375,14.3679976463318
56.9267708333333,14.3675804138184
56.9301041666667,14.3673419952393
56.9334375,14.3672823905945
56.9367708333333,14.3674612045288
56.9401041666667,14.3678188323975
56.9434375,14.3684148788452
56.9467708333333,14.3692493438721
56.9501041666667,14.370322227478
56.9534375,14.3716335296631
56.9567708333333,14.3731832504272
56.9601041666667,14.3749713897705
56.9634375,14.3769383430481
56.9667708333333,14.3791437149048
56.9701041666667,14.3814086914063
56.9734375,14.3837928771973
56.9767708333333,14.3861770629883
56.9801041666667,14.3885016441345
56.9834375,14.390766620636
56.9867708333333,14.3928527832031
56.9901041666667,14.3948197364807
56.9934375,14.3964886665344
56.9967708333333,14.3980383872986
57.0001041666667,14.3993496894836
57.0034375,14.4005417823792
57.0067708333333,14.4016146659851
57.0101041666667,14.4025087356567
57.0134375,14.4034028053284
57.0167708333333,14.4041776657104
57.0201041666667,14.4049525260925
57.0234375,14.4057273864746
57.0267708333333,14.4064426422119
57.0301041666667,14.4072771072388
57.0334375,14.4081115722656
57.0367708333333,14.4090056419373
57.0401041666667,14.4100785255432
57.0434375,14.4113302230835
57.0467708333333,14.4128203392029
57.0501041666667,14.4146084785461
57.0534375,14.4166946411133
57.0567708333333,14.4191384315491
57.0601041666667,14.4219994544983
57.0634375,14.4252181053162
57.0667708333333,14.4287943840027
57.0701041666667,14.4328474998474
57.0734375,14.4372582435608
57.0767708333333,14.4420862197876
57.0801041666667,14.4472718238831
57.0834375,14.4528150558472
57.0867708333333,14.4586563110352
57.0901041666667,14.4648551940918
57.0934375,14.4713521003723
57.0967708333333,14.4780278205872
57.1001041666667,14.4848823547363
57.1034375,14.4917368888855
57.1067708333333,14.4985318183899
57.1101041666667,14.5052075386047
57.1134375,14.5115852355957
57.1167708333333,14.5175457000732
57.1201041666667,14.5230293273926
57.1234375,14.5279169082642
57.1267708333333,14.5321488380432
57.1301041666667,14.5356059074402
57.1334375,14.5382285118103
57.1367708333333,14.5400166511536
57.1401041666667,14.54097032547
57.1434375,14.5411491394043
57.1467708333333,14.540433883667
57.1501041666667,14.5390629768372
57.1534375,14.53697681427
57.1567708333333,14.5342350006104
57.1601041666667,14.5310759544373
57.1634375,14.5274996757507
57.1667708333333,14.5236253738403
57.1701041666667,14.5195722579956
57.1734375,14.5153403282166
57.1767708333333,14.5111083984375
57.1801041666667,14.5068764686584
57.1834375,14.5027637481689
57.1867708333333,14.498770236969
57.1901041666667,14.4949555397034
57.1934375,14.4913792610168
57.1967708333333,14.488160610199
57.2001041666667,14.4851803779602
57.2034375,14.4825577735901
57.2067708333333,14.4802331924438
57.2101041666667,14.4782662391663
57.2134375,14.4765973091125
57.2167708333333,14.4752264022827
57.2201041666667,14.474093914032
57.2234375,14.4731998443604
57.2267708333333,14.4725441932678
57.2301041666667,14.4721269607544
57.2334375,14.4719481468201
57.2367708333333,14.4720077514648
57.2401041666667,14.4724249839783
57.2434375,14.473021030426
57.2467708333333,14.4739747047424
57.2501041666667,14.4751667976379
57.2534375,14.4765973091125
57.2567708333333,14.4782662391663
57.2601041666667,14.4801735877991
57.2634375,14.4821405410767
57.2667708333333,14.4842863082886
57.2701041666667,14.4864320755005
57.2734375,14.488697052002
57.2767708333333,14.4909620285034
57.2801041666667,14.4932866096497
57.2834375,14.4955515861511
57.2867708333333,14.497697353363
57.2901041666667,14.499843120575
57.2934375,14.5018100738525
57.2967708333333,14.5035982131958
57.3001041666667,14.5052075386047
57.3034375,14.5066380500793
57.3067708333333,14.5079493522644
57.3101041666667,14.5090818405151
57.3134375,14.5100951194763
57.3167708333333,14.5110487937927
57.3201041666667,14.5119428634644
57.3234375,14.5127773284912
57.3267708333333,14.5136117935181
57.3301041666667,14.5144462585449
57.3334375,14.5151615142822
57.3367708333333,14.5158171653748
57.3401041666667,14.5164132118225
57.3434375,14.5169496536255
57.3467708333333,14.5174264907837
57.3501041666667,14.5178437232971
57.3534375,14.5182013511658
57.3567708333333,14.5184993743896
57.3601041666667,14.518678188324
57.3634375,14.5187973976135
57.3667708333333,14.5187973976135
57.3701041666667,14.518678188324
57.3734375,14.5184397697449
57.3767708333333,14.5179629325867
57.3801041666667,14.5174264907837
57.3834375,14.5167708396912
57.3867708333333,14.5161151885986
57.3901041666667,14.5154595375061
57.3934375,14.5149827003479
57.3967708333333,14.5147442817688
57.4001041666667,14.5147442817688
57.4034375,14.5150423049927
57.4067708333333,14.51575756073
57.4101041666667,14.5167708396912
57.4134375,14.5180821418762
57.4167708333333,14.5196318626404
57.4201041666667,14.5214200019836
57.4234375,14.5232677459717
57.4267708333333,14.525294303894
57.4301041666667,14.5273208618164
57.4334375,14.5293474197388
57.4367708333333,14.5314335823059
57.4401041666667,14.5334005355835
57.4434375,14.5352482795715
57.4467708333333,14.5370364189148
57.4501041666667,14.5386457443237
57.4534375,14.5400762557983
57.4567708333333,14.5412683486938
57.4601041666667,14.542281627655
57.4634375,14.5431160926819
57.4667708333333,14.5437121391296
57.4701041666667,14.5442485809326
57.4734375,14.544665813446
57.4767708333333,14.5449638366699
57.4801041666667,14.5452618598938
57.4834375,14.5455598831177
57.4867708333333,14.545738697052
57.4901041666667,14.5459175109863
57.4934375,14.5460367202759
57.4967708333333,14.5460963249207
57.5001041666667,14.5460963249207
57.5034375,14.5460963249207
57.5067708333333,14.5460367202759
57.5101041666667,14.5459771156311
57.5134375,14.5459175109863
57.5167708333333,14.5459175109863
57.5201041666667,14.5460367202759
57.5234375,14.5462155342102
57.5267708333333,14.5465135574341
57.5301041666667,14.5468711853027
57.5334375,14.5473480224609
57.5367708333333,14.5478844642639
57.5401041666667,14.5485401153564
57.5434375,14.5492553710938
57.5467708333333,14.5500302314758
57.5501041666667,14.5509243011475
57.5534375,14.5519375801086
57.5567708333333,14.5530700683594
57.5601041666667,14.5543813705444
57.5634375,14.5558714866638
57.5667708333333,14.5575404167175
57.5701041666667,14.5593881607056
57.5734375,14.5614147186279
57.5767708333333,14.5635604858398
57.5801041666667,14.5658254623413
57.5834375,14.5681500434875
57.5867708333333,14.5705342292786
57.5901041666667,14.5728588104248
57.5934375,14.575183391571
57.5967708333333,14.5773887634277
57.6001041666667,14.5795345306396
57.6034375,14.581561088562
57.6067708333333,14.5834684371948
57.6101041666667,14.5851969718933
57.6134375,14.5866870880127
57.6167708333333,14.587938785553
57.6201041666667,14.5890116691589
57.6234375,14.589786529541
57.6267708333333,14.5902633666992
57.6301041666667,14.5905613899231
57.6334375,14.5906805992126
57.6367708333333,14.5905613899231
57.6401041666667,14.5904421806335
57.6434375,14.5902633666992
57.6467708333333,14.5900845527649
57.6501041666667,14.5899653434753
57.6534375,14.5899653434753
57.6567708333333,14.5900249481201
57.6601041666667,14.5902037620544
57.6634375,14.5905017852783
57.6667708333333,14.5907998085022
57.6701041666667,14.5912170410156
57.6734375,14.5916342735291
57.6767708333333,14.5919919013977
57.6801041666667,14.5923495292664
57.6834375,14.592707157135
57.6867708333333,14.5930051803589
57.6901041666667,14.593243598938
57.6934375,14.5934820175171
57.6967708333333,14.5936608314514
57.7001041666667,14.5938396453857
57.7034375,14.5940780639648
57.7067708333333,14.5943760871887
57.7101041666667,14.5947933197021
57.7134375,14.5953297615051
57.7167708333333,14.5960450172424
57.7201041666667,14.5969390869141
57.7234375,14.5980715751648
57.7267708333333,14.5993828773499
57.7301041666667,14.6009922027588
57.7334375,14.6027803421021
57.7367708333333,14.6047472953796
57.7401041666667,14.6068930625916
57.7434375,14.6092176437378
57.7467708333333,14.6116614341736
57.7501041666667,14.6142840385437
57.7534375,14.6169066429138
57.7567708333333,14.6196484565735
57.7601041666667,14.6225094795227
57.7634375,14.6254301071167
57.7667708333333,14.6284103393555
57.7701041666667,14.6313905715942
57.7734375,14.634370803833
57.7767708333333,14.637291431427
57.7801041666667,14.6400928497314
57.7834375,14.6427154541016
57.7867708333333,14.6452188491821
57.7901041666667,14.6474242210388
57.7934375,14.6493911743164
57.7967708333333,14.6510601043701
57.8001041666667,14.6525502204895
57.8034375,14.6538019180298
57.8067708333333,14.6549344062805
57.8101041666667,14.6559476852417
57.8134375,14.6569013595581
57.8167708333333,14.6577954292297
57.8201041666667,14.6587491035461
57.8234375,14.6596431732178
57.8267708333333,14.6604776382446
57.8301041666667,14.6612524986267
57.8334375,14.6619081497192
57.8367708333333,14.6623253822327
57.8401041666667,14.662504196167
57.8434375,14.6624445915222
57.8467708333333,14.6620869636536
57.8501041666667,14.6615505218506
57.8534375,14.6607756614685
57.8567708333333,14.6599411964417
57.8601041666667,14.6589875221252
57.8634375,14.6579742431641
57.8667708333333,14.6570205688477
57.8701041666667,14.6560072898865
57.8734375,14.6550536155701
57.8767708333333,14.6540999412537
57.8801041666667,14.653205871582
57.8834375,14.6522521972656
57.8867708333333,14.6514177322388
57.8901041666667,14.6505832672119
57.8934375,14.6498680114746
57.8967708333333,14.6493315696716
57.9001041666667,14.6490335464478
57.9034375,14.6489143371582
57.9067708333333,14.6490931510925
57.9101041666667,14.649510383606
57.9134375,14.6501064300537
57.9167708333333,14.6508812904358
57.9201041666667,14.6518349647522
57.9234375,14.6528482437134
57.9267708333333,14.6539211273193
57.9301041666667,14.6550536155701
57.9334375,14.6562457084656
57.9367708333333,14.6574974060059
57.9401041666667,14.6588683128357
57.9434375,14.6602988243103
57.9467708333333,14.6617889404297
57.9501041666667,14.6633386611938
57.9534375,14.664888381958
57.9567708333333,14.6663784980774
57.9601041666667,14.667809009552
57.9634375,14.6691799163818
57.9667708333333,14.6703124046326
57.9701041666667,14.671266078949
57.9734375,14.6721005439758
57.9767708333333,14.6727561950684
57.9801041666667,14.6732926368713
57.9834375,14.6738290786743
57.9867708333333,14.6743655204773
57.9901041666667,14.674961566925
57.9934375,14.6756172180176
57.9967708333333,14.6764516830444
58.0001041666667,14.6773457527161
58.0034375,14.678418636322
58.0067708333333,14.6795511245728
58.0101041666667,14.6807432174683
58.0134375,14.6819949150085
58.0167708333333,14.6832466125488
58.0201041666667,14.6844983100891
58.0234375,14.6858096122742
58.0267708333333,14.6870613098145
58.0301041666667,14.6883130073547
58.0334375,14.689564704895
58.0367708333333,14.6908164024353
58.0401041666667,14.6921277046204
58.0434375,14.6934986114502
58.0467708333333,14.6949887275696
58.0501041666667,14.6965384483337
58.0534375,14.6982669830322
58.0567708333333,14.7001147270203
58.0601041666667,14.7020220756531
58.0634375,14.7040486335754
58.0667708333333,14.7061347961426
58.0701041666667,14.7083401679993
58.0734375,14.710545539856
58.0767708333333,14.7128105163574
58.0801041666667,14.7150158882141
58.0834375,14.7172212600708
58.0867708333333,14.7194266319275
58.0901041666667,14.7215127944946
58.0934375,14.723539352417
58.0967708333333,14.7255063056946
58.1001041666667,14.7273540496826
58.1034375,14.7290825843811
58.1067708333333,14.73069190979
58.1101041666667,14.7321820259094
58.1134375,14.7335529327393
58.1167708333333,14.7348642349243
58.1201041666667,14.7360563278198
58.1234375,14.7371888160706
58.1267708333333,14.7382616996765
58.1301041666667,14.7392153739929
58.1334375,14.7400498390198
58.1367708333333,14.7407054901123
58.1401041666667,14.7411823272705
58.1434375,14.7414803504944
58.1467708333333,14.7415399551392
58.1501041666667,14.7414207458496
58.1534375,14.7411823272705
58.1567708333333,14.7408246994019
58.1601041666667,14.7404074668884
58.1634375,14.7401094436646
58.1667708333333,14.7398710250854
58.1701041666667,14.7398114204407
58.1734375,14.7398710250854
58.1767708333333,14.7401690483093
58.1801041666667,14.7405862808228
58.1834375,14.7411823272705
58.1867708333333,14.7418975830078
58.1901041666667,14.7427916526794
58.1934375,14.7438049316406
58.1967708333333,14.7449970245361
58.2001041666667,14.746367931366
58.2034375,14.7479176521301
58.2067708333333,14.7496461868286
58.2101041666667,14.7515535354614
58.2134375,14.7536396980286
58.2167708333333,14.7558450698853
58.2201041666667,14.7581696510315
58.2234375,14.7606134414673
58.2267708333333,14.7630572319031
58.2301041666667,14.7655606269836
58.2334375,14.768123626709
58.2367708333333,14.7706866264343
58.2401041666667,14.7732496261597
58.2434375,14.7757530212402
58.2467708333333,14.7782564163208
58.2501041666667,14.7807598114014
58.2534375,14.7831439971924
58.2567708333333,14.7854685783386
58.2601041666667,14.7877335548401
58.2634375,14.7898197174072
58.2667708333333,14.79172706604
58.2701041666667,14.7934556007385
58.2734375,14.7950053215027
58.2767708333333,14.7964358329773
58.2801041666667,14.7976279258728
58.2834375,14.7987008094788
58.2867708333333,14.7995948791504
58.2901041666667,14.8004293441772
58.2934375,14.8011445999146
58.2967708333333,14.8018002510071
58.3001041666667,14.8025155067444
58.3034375,14.8032903671265
58.3067708333333,14.8040652275085
58.3101041666667,14.8048400878906
58.3134375,14.8056149482727
58.3167708333333,14.8063898086548
58.3201041666667,14.8069858551025
58.3234375,14.8074626922607
58.3267708333333,14.8077607154846
58.3301041666667,14.8078203201294
58.3334375,14.8077011108398
58.3367708333333,14.8074626922607
58.3401041666667,14.8072242736816
58.3434375,14.8071050643921
58.3467708333333,14.8070454597473
58.3501041666667,14.8072242736816
58.3534375,14.8076415061951
58.3567708333333,14.8082971572876
58.3601041666667,14.8091912269592
58.3634375,14.8101449012756
58.3667708333333,14.8112177848816
58.3701041666667,14.8122310638428
58.3734375,14.813244342804
58.3767708333333,14.8141980171204
58.3801041666667,14.815092086792
58.3834375,14.8160457611084
58.3867708333333,14.8170590400696
58.3901041666667,14.8181915283203
58.3934375,14.8194432258606
58.3967708333333,14.8209929466248
58.4001041666667,14.8227214813232
58.4034375,14.8247480392456
58.4067708333333,14.8268938064575
58.4101041666667,14.8292183876038
58.4134375,14.8316621780396
58.4167708333333,14.8341655731201
58.4201041666667,14.8366093635559
58.4234375,14.8389935493469
58.4267708333333,14.8411989212036
58.4301041666667,14.8432850837708
58.4334375,14.8451328277588
58.4367708333333,14.8468017578125
58.4401041666667,14.8482322692871
58.4434375,14.8494243621826
58.4467708333333,14.8504376411438
58.4501041666667,14.8513317108154
58.4534375,14.8520469665527
58.4567708333333,14.8526430130005
58.4601041666667,14.8531198501587
58.4634375,14.8534774780273
58.4667708333333,14.8537755012512
58.4701041666667,14.8540139198303
58.4734375,14.8541927337646
58.4767708333333,14.8543119430542
58.4801041666667,14.8544311523438
58.4834375,14.8546099662781
58.4867708333333,14.854907989502
58.4901041666667,14.8552060127258
58.4934375,14.855682849884
58.4967708333333,14.856219291687
58.5001041666667,14.85675573349
58.5034375,14.8573517799377
58.5067708333333,14.8579478263855
58.5101041666667,14.8583650588989
58.5134375,14.8587226867676
58.5167708333333,14.8589611053467
58.5201041666667,14.8589611053467
58.5234375,14.8589015007019
58.5267708333333,14.8587822914124
58.5301041666667,14.858603477478
58.5334375,14.8584842681885
58.5367708333333,14.8584842681885
58.5401041666667,14.858603477478
58.5434375,14.8589015007019
58.5467708333333,14.8593783378601
58.5501041666667,14.8600339889526
58.5534375,14.8609280586243
58.5567708333333,14.8619413375854
58.5601041666667,14.863133430481
58.5634375,14.8645043373108
58.5667708333333,14.8659944534302
58.5701041666667,14.8675441741943
58.5734375,14.8692727088928
58.5767708333333,14.8710608482361
58.5801041666667,14.8729681968689
58.5834375,14.8749947547913
58.5867708333333,14.8770809173584
58.5901041666667,14.8792862892151
58.5934375,14.8816108703613
58.5967708333333,14.8839950561523
58.6001041666667,14.8863792419434
58.6034375,14.8888230323792
58.6067708333333,14.8912072181702
58.6101041666667,14.8935317993164
58.6134375,14.8957371711731
58.6167708333333,14.8977637290955
58.6201041666667,14.8996710777283
58.6234375,14.901340007782
58.6267708333333,14.9029493331909
58.6301041666667,14.9043798446655
58.6334375,14.9056911468506
58.6367708333333,14.9069428443909
58.6401041666667,14.9081349372864
58.6434375,14.9093270301819
58.6467708333333,14.9105191230774
58.6501041666667,14.9117112159729
58.6534375,14.9128437042236
58.6567708333333,14.9140357971191
58.6601041666667,14.9152278900146
58.6634375,14.9164199829102
58.6667708333333,14.9176716804504
58.6701041666667,14.9190425872803
58.6734375,14.9205327033997
58.6767708333333,14.9222016334534
58.6801041666667,14.9240493774414
58.6834375,14.9260759353638
58.6867708333333,14.9282813072205
58.6901041666667,14.9305462837219
58.6934375,14.9328112602234
58.6967708333333,14.9349570274353
58.7001041666667,14.9369239807129
58.7034375,14.9385929107666
58.7067708333333,14.9397850036621
58.7101041666667,14.9405598640442
58.7134375,14.9408578872681
58.7167708333333,14.940619468689
58.7201041666667,14.9399638175964
58.7234375,14.9389505386353
58.7267708333333,14.937698841095
58.7301041666667,14.9362683296204
58.7334375,14.9348378181458
58.7367708333333,14.9333477020264
58.7401041666667,14.9319767951965
58.7434375,14.930784702301
58.7467708333333,14.9296522140503
58.7501041666667,14.9287581443787
58.7534375,14.9279236793518
58.7567708333333,14.9272084236145
58.7601041666667,14.9266719818115
58.7634375,14.9261951446533
58.7667708333333,14.9258971214294
58.7701041666667,14.9257779121399
58.7734375,14.9258375167847
58.7767708333333,14.9261355400085
58.7801041666667,14.9267315864563
58.7834375,14.9275660514832
58.7867708333333,14.9286985397339
58.7901041666667,14.9301290512085
58.7934375,14.9317383766174
58.7967708333333,14.9335265159607
58.8001041666667,14.9353742599487
58.8034375,14.9372220039368
58.8067708333333,14.9390697479248
58.8101041666667,14.9407982826233
58.8134375,14.9423480033875
58.8167708333333,14.9437785148621
58.8201041666667,14.9450302124023
58.8234375,14.9460434913635
58.8267708333333,14.9469971656799
58.8301041666667,14.9478316307068
58.8334375,14.9486064910889
58.8367708333333,14.9493217468262
58.8401041666667,14.9500370025635
58.8434375,14.9507522583008
58.8467708333333,14.9515271186829
58.8501041666667,14.9523615837097
58.8534375,14.9532556533813
58.8567708333333,14.9542093276978
58.8601041666667,14.9552822113037
58.8634375,14.9564743041992
58.8667708333333,14.9577856063843
58.8701041666667,14.9592757225037
58.8734375,14.9608850479126
58.8767708333333,14.9626731872559
58.8801041666667,14.9646997451782
58.8834375,14.9667859077454
58.8867708333333,14.9690508842468
58.8901041666667,14.9713754653931
58.8934375,14.9737596511841
58.8967708333333,14.9760842323303
58.9001041666667,14.9783492088318
58.9034375,14.9804353713989
58.9067708333333,14.982283115387
58.9101041666667,14.9838924407959
58.9134375,14.9852633476257
58.9167708333333,14.9863958358765
58.9201041666667,14.9873495101929
58.9234375,14.9881839752197
58.9267708333333,14.9890184402466
58.9301041666667,14.9898529052734
58.9334375,14.9909257888794
58.9367708333333,14.9921178817749
58.9401041666667,14.9936079978943
58.9434375,14.995276927948
58.9467708333333,14.9971842765808
58.9501041666667,14.9993300437927
58.9534375,15.0015950202942
58.9567708333333,15.00403881073
58.9601041666667,15.0066018104553
58.9634375,15.0092840194702
58.9667708333333,15.0120854377747
58.9701041666667,15.0150060653687
58.9734375,15.0180459022522
58.9767708333333,15.0212645530701
58.9801041666667,15.0245428085327
58.9834375,15.0278806686401
58.9867708333333,15.0312781333923
58.9901041666667,15.0346159934998
58.9934375,15.0379538536072
58.9967708333333,15.041172504425
59.0001041666667,15.0442123413086
59.0034375,15.0470733642578
59.0067708333333,15.0496959686279
59.0101041666667,15.0520801544189
59.0134375,15.0541067123413
59.0167708333333,15.0558352470398
59.0201041666667,15.0572061538696
59.0234375,15.0582790374756
59.0267708333333,15.0590538978577
59.0301041666667,15.0595903396606
59.0334375,15.0598883628845
59.0367708333333,15.0601267814636
59.0401041666667,15.0603055953979
59.0434375,15.0604844093323
59.0467708333333,15.0607228279114
59.0501041666667,15.0610208511353
59.0534375,15.0614380836487
59.0567708333333,15.0620341300964
59.0601041666667,15.0627493858337
59.0634375,15.0636434555054
59.0667708333333,15.0647163391113
59.0701041666667,15.0660276412964
59.0734375,15.0675177574158
59.0767708333333,15.0691866874695
59.0801041666667,15.0710344314575
59.0834375,15.0730609893799
59.0867708333333,15.0752067565918
59.0901041666667,15.0774717330933
59.0934375,15.0797367095947
59.0967708333333,15.082061290741
59.1001041666667,15.0843262672424
59.1034375,15.0864720344543
59.1067708333333,15.0884985923767
59.1101041666667,15.0902271270752
59.1134375,15.0917172431946
59.1167708333333,15.0928497314453
59.1201041666667,15.0935649871826
59.1234375,15.0939226150513
59.1267708333333,15.0939226150513
59.1301041666667,15.0935649871826
59.1334375,15.0929093360901
59.1367708333333,15.0921940803528
59.1401041666667,15.0913596153259
59.1434375,15.0906443595886
59.1467708333333,15.0901079177856
59.1501041666667,15.0898098945618
59.1534375,15.0898098945618
59.1567708333333,15.0901079177856
59.1601041666667,15.0907039642334
59.1634375,15.091598033905
59.1667708333333,15.092670917511
59.1701041666667,15.0940418243408
59.1734375,15.095591545105
59.1767708333333,15.0973796844482
59.1801041666667,15.0992870330811
59.1834375,15.1013731956482
59.1867708333333,15.1036381721497
59.1901041666667,15.1060819625854
59.1934375,15.1087045669556
59.1967708333333,15.1113867759705
59.2001041666667,15.1141881942749
59.2034375,15.1170492172241
59.2067708333333,15.1199102401733
59.2101041666667,15.1227116584778
59.2134375,15.1253938674927
59.2167708333333,15.1278972625732
59.2201041666667,15.1301622390747
59.2234375,15.1321291923523
59.2267708333333,15.133798122406
59.2301041666667,15.1351690292358
59.2334375,15.136182308197
59.2367708333333,15.1369571685791
59.2401041666667,15.1375532150269
59.2434375,15.1380300521851
59.2467708333333,15.1385068893433
59.2501041666667,15.1389837265015
59.2534375,15.139639377594
59.2567708333333,15.1404738426208
59.2601041666667,15.141487121582
59.2634375,15.1427388191223
59.2667708333333,15.1441097259521
59.2701041666667,15.1457190513611
59.2734375,15.1474475860596
59.2767708333333,15.1492357254028
59.2801041666667,15.1512026786804
59.2834375,15.1532292366028
59.2867708333333,15.1553750038147
59.2901041666667,15.1575207710266
59.2934375,15.1597857475281
59.2967708333333,15.1621699333191
59.3001041666667,15.1645541191101
59.3034375,15.1669979095459
59.3067708333333,15.1694416999817
59.3101041666667,15.1718854904175
59.3134375,15.1742696762085
59.3167708333333,15.1765942573547
59.3201041666667,15.1787996292114
59.3234375,15.180766582489
59.3267708333333,15.1825547218323
59.3301041666667,15.1841044425964
59.3334375,15.1853561401367
59.3367708333333,15.1863694190979
59.3401041666667,15.1870250701904
59.3434375,15.1874423027039
59.3467708333333,15.187680721283
59.3501041666667,15.1877999305725
59.3534375,15.1879191398621
59.3567708333333,15.1880979537964
59.3601041666667,15.188455581665
59.3634375,15.1890516281128
59.3667708333333,15.1900053024292
59.3701041666667,15.1913166046143
59.3734375,15.192985534668
59.3767708333333,15.1950120925903
59.3801041666667,15.1973366737366
59.3834375,15.1998996734619
59.3867708333333,15.2027010917664
59.3901041666667,15.2056217193604
59.3934375,15.2086615562439
59.3967708333333,15.211820602417
59.4001041666667,15.2150392532349
59.4034375,15.2183771133423
59.4067708333333,15.2218341827393
59.4101041666667,15.2254700660706
59.4134375,15.2292251586914
59.4167708333333,15.2331590652466
59.4201041666667,15.2372717857361
59.4234375,15.2416229248047
59.4267708333333,15.2461528778076
59.4301041666667,15.2508020401001
59.4334375,15.2556300163269
59.4367708333333,15.2605175971985
59.4401041666667,15.2655243873596
59.4434375,15.2706503868103
59.4467708333333,15.2758359909058
59.4501041666667,15.2812004089355
59.4534375,15.2866244316101
59.4567708333333,15.292227268219
59.4601041666667,15.298068523407
59.4634375,15.3042078018188
59.4667708333333,15.3105854988098
59.4701041666667,15.3173208236694
59.4734375,15.3242945671082
59.4767708333333,15.331506729126
59.4801041666667,15.3388977050781
59.4834375,15.3464078903198
59.4867708333333,15.3539180755615
59.4901041666667,15.3613090515137
59.4934375,15.3685212135315
59.4967708333333,15.3754353523254
59.5001041666667,15.381932258606
59.5034375,15.3878927230835
59.5067708333333,15.3933167457581
59.5101041666667,15.3980851173401
59.5134375,15.40207862854
59.5167708333333,15.4052972793579
59.5201041666667,15.4077410697937
59.5234375,15.4092311859131
59.5267708333333,15.4099464416504
59.5301041666667,15.4098272323608
59.5334375,15.4089331626892
59.5367708333333,15.4074430465698
59.5401041666667,15.4053568840027
59.5434375,15.4027938842773
59.5467708333333,15.3998136520386
59.5501041666667,15.3965950012207
59.5534375,15.393078327179
59.5567708333333,15.3893828392029
59.5601041666667,15.3854489326477
59.5634375,15.3813362121582
59.5667708333333,15.3770446777344
59.5701041666667,15.372633934021
59.5734375,15.3681635856628
59.5767708333333,15.3637528419495
59.5801041666667,15.3594017028809
59.5834375,15.3553485870361
59.5867708333333,15.3515934944153
59.5901041666667,15.3483748435974
59.5934375,15.3456330299377
59.5967708333333,15.3434276580811
59.6001041666667,15.3418183326721
59.6034375,15.3406858444214
59.6067708333333,15.3400301933289
59.6101041666667,15.339732170105
59.6134375,15.3396725654602
59.6167708333333,15.3398513793945
59.6201041666667,15.3400897979736
59.6234375,15.3405070304871
59.6267708333333,15.3409242630005
59.6301041666667,15.3414011001587
59.6334375,15.3419375419617
59.6367708333333,15.3424739837646
59.6401041666667,15.3430700302124
59.6434375,15.3437256813049
59.6467708333333,15.3443813323975
59.6501041666667,15.3451561927795
59.6534375,15.3459310531616
59.6567708333333,15.3467655181885
59.6601041666667,15.3476595878601
59.6634375,15.3485536575317
59.6667708333333,15.3494477272034
59.6701041666667,15.3504014015198
59.6734375,15.3513550758362
59.6767708333333,15.3522491455078
59.6801041666667,15.3531432151794
59.6834375,15.3539180755615
59.6867708333333,15.3546929359436
59.6901041666667,15.3554081916809
59.6934375,15.3560042381287
59.6967708333333,15.3566002845764
59.7001041666667,15.3571963310242
59.7034375,15.3578519821167
59.7067708333333,15.3585076332092
59.7101041666667,15.3592824935913
59.7134375,15.3601765632629
59.7167708333333,15.3611898422241
59.7201041666667,15.3623819351196
59.7234375,15.3636932373047
59.7267708333333,15.3652429580688
59.7301041666667,15.3670310974121
59.7334375,15.3689980506897
59.7367708333333,15.3713226318359
59.7401041666667,15.3739452362061
59.7434375,15.3769850730896
59.7467708333333,15.3804421424866
59.7501041666667,15.3844356536865
59.7534375,15.3889060020447
59.7567708333333,15.3940320014954
59.7601041666667,15.399694442749
59.7634375,15.4059529304504
59.7667708333333,15.4129266738892
59.7701041666667,15.4204964637756
59.7734375,15.4287815093994
59.7767708333333,15.4377818107605
59.7801041666667,15.4474377632141
59.7834375,15.4577493667603
59.7867708333333,15.4687166213989
59.7901041666667,15.4802203178406
59.7934375,15.4920816421509
59.7967708333333,15.5043005943298
59.8001041666667,15.5165791511536
59.8034375,15.5287384986877
59.8067708333333,15.5405402183533
59.8101041666667,15.5518651008606
59.8134375,15.5624151229858
59.8167708333333,15.572190284729
59.8201041666667,15.5810713768005
59.8234375,15.5889391899109
59.8267708333333,15.5958533287048
59.8301041666667,15.6016945838928
59.8334375,15.6065821647644
59.8367708333333,15.6105756759644
59.8401041666667,15.6134963035583
59.8434375,15.6155228614807
59.8467708333333,15.6164765357971
59.8501041666667,15.6162977218628
59.8534375,15.6149864196777
59.8567708333333,15.6125426292419
59.8601041666667,15.6089663505554
59.8634375,15.6042575836182
59.8667708333333,15.598475933075
59.8701041666667,15.5918598175049
59.8734375,15.584409236908
59.8767708333333,15.5763626098633
59.8801041666667,15.56795835495
59.8834375,15.5592560768127
59.8867708333333,15.5504941940308
59.8901041666667,15.5418515205383
59.8934375,15.5333280563354
59.8967708333333,15.5251622200012
59.9001041666667,15.5174136161804
59.9034375,15.510082244873
59.9067708333333,15.5032873153687
59.9101041666667,15.4970288276672
59.9134375,15.4913663864136
59.9167708333333,15.4862403869629
59.9201041666667,15.48171043396
59.9234375,15.47771692276
59.9267708333333,15.4743194580078
59.9301041666667,15.4714584350586
59.9334375,15.4691338539124
59.9367708333333,15.4672861099243
59.9401041666667,15.4658555984497
59.9434375,15.4648423194885
59.9467708333333,15.4641270637512
59.9501041666667,15.463650226593
59.9534375,15.4634714126587
59.9567708333333,15.4634118080139
59.9601041666667,15.4635906219482
59.9634375,15.4638290405273
59.9667708333333,15.464186668396
59.9701041666667,15.4646635055542
59.9734375,15.465259552002
59.9767708333333,15.4659152030945
59.9801041666667,15.466570854187
59.9834375,15.4672861099243
59.9867708333333,15.4680013656616
59.9901041666667,15.4685974121094
59.9934375,15.4691338539124
59.9967708333333,15.4695510864258
60.0001041666667,15.4698491096497
60.0034375,15.4699683189392
60.0067708333333,15.470027923584
60.0101041666667,15.470027923584
60.0134375,15.470027923584
60.0167708333333,15.470027923584
60.0201041666667,15.4701471328735
60.0234375,15.4703855514526
60.0267708333333,15.4708623886108
60.0301041666667,15.4714584350586
60.0334375,15.4722929000854
60.0367708333333,15.4733061790466
60.0401041666667,15.4745578765869
60.0434375,15.4758095741272
60.0467708333333,15.477180480957
60.0501041666667,15.4784917831421
60.0534375,15.4796838760376
60.0567708333333,15.4808163642883
60.0601041666667,15.4817700386047
60.0634375,15.4825448989868
60.0667708333333,15.4832005500793
60.0701041666667,15.4837369918823
60.0734375,15.4842734336853
60.0767708333333,15.4848098754883
60.0801041666667,15.4854655265808
60.0834375,15.4862999916077
60.0867708333333,15.4873132705688
60.0901041666667,15.4885053634644
60.0934375,15.4898166656494
60.0967708333333,15.4913067817688
60.1001041666667,15.492856502533
60.1034375,15.4943466186523
60.1067708333333,15.495777130127
60.1101041666667,15.4970288276672
60.1134375,15.4981017112732
60.1167708333333,15.4988169670105
60.1201041666667,15.4992938041687
60.1234375,15.4995322227478
60.1267708333333,15.499472618103
60.1301041666667,15.4992341995239
60.1334375,15.4988765716553
60.1367708333333,15.4985189437866
60.1401041666667,15.4981017112732
60.1434375,15.4977440834045
60.1467708333333,15.4974460601807
60.1501041666667,15.4973268508911
60.1534375,15.4972672462463
60.1567708333333,15.4973864555359
60.1601041666667,15.4975652694702
60.1634375,15.4978632926941
60.1667708333333,15.4982805252075
60.1701041666667,15.4988765716553
60.1734375,15.4995918273926
60.1767708333333,15.5004262924194
60.1801041666667,15.5014395713806
60.1834375,15.5026316642761
60.1867708333333,15.504002571106
60.1901041666667,15.5054330825806
60.1934375,15.5069828033447
60.1967708333333,15.5085325241089
60.2001041666667,15.5101418495178
60.2034375,15.5117511749268
60.2067708333333,15.5134201049805
60.2101041666667,15.5149698257446
60.2134375,15.5165791511536
60.2167708333333,15.5181884765625
60.2201041666667,15.5197381973267
60.2234375,15.5213475227356
60.2267708333333,15.5228972434998
60.2301041666667,15.5245065689087
60.2334375,15.5260562896729
60.2367708333333,15.527606010437
60.2401041666667,15.5290365219116
60.2434375,15.5304074287415
60.2467708333333,15.5317187309265
60.2501041666667,15.5329704284668
60.2534375,15.5341029167175
60.2567708333333,15.5351758003235
60.2601041666667,15.5361890792847
60.2634375,15.5372023582458
60.2667708333333,15.5382752418518
60.2701041666667,15.5394673347473
60.2734375,15.5407786369324
60.2767708333333,15.5422687530518
60.2801041666667,15.5439376831055
60.2834375,15.5459046363831
60.2867708333333,15.5481100082397
60.2901041666667,15.5506134033203
60.2934375,15.5534148216248
60.2967708333333,15.5565738677979
60.3001041666667,15.5600309371948
60.3034375,15.5637860298157
60.3067708333333,15.5678391456604
60.3101041666667,15.5721306800842
60.3134375,15.5765414237976
60.3167708333333,15.5810117721558
60.3201041666667,15.5853629112244
60.3234375,15.5894160270691
60.3267708333333,15.5930519104004
60.3301041666667,15.5962109565735
60.3334375,15.5987739562988
60.3367708333333,15.6008005142212
60.3401041666667,15.602171421051
60.3434375,15.6031250953674
60.3467708333333,15.6036019325256
60.3501041666667,15.60378074646
60.3534375,15.60378074646
60.3567708333333,15.6036615371704
60.3601041666667,15.6034231185913
60.3634375,15.6031250953674
60.3667708333333,15.602707862854
60.3701041666667,15.602171421051
60.3734375,15.6014561653137
60.3767708333333,15.6005620956421
60.3801041666667,15.5994296073914
60.3834375,15.5981779098511
60.3867708333333,15.5967473983765
60.3901041666667,15.5952572822571
60.3934375,15.5937671661377
60.3967708333333,15.5922770500183
60.4001041666667,15.5909657478333
60.4034375,15.5897736549377
60.4067708333333,15.5888199806213
60.4101041666667,15.588104724884
60.4134375,15.5876278877258
60.4167708333333,15.5873894691467
60.4201041666667,15.5873894691467
60.4234375,15.5875682830811
60.4267708333333,15.5879855155945
60.4301041666667,15.5885815620422
60.4334375,15.5893564224243
60.4367708333333,15.5903100967407
60.4401041666667,15.5914425849915
60.4434375,15.5926942825317
60.4467708333333,15.5941247940063
60.4501041666667,15.5957341194153
60.4534375,15.597403049469
60.4567708333333,15.5990719795227
60.4601041666667,15.6007409095764
60.4634375,15.6023502349854
60.4667708333333,15.60378074646
60.4701041666667,15.6049728393555
60.4734375,15.6059861183167
60.4767708333333,15.6067609786987
60.4801041666667,15.6072974205017
60.4834375,15.6077742576599
60.4867708333333,15.6080722808838
60.4901041666667,15.6084299087524
60.4934375,15.6088471412659
60.4967708333333,15.6094431877136
60.5001041666667,15.6102180480957
60.5034375,15.6112313270569
60.5067708333333,15.6124830245972
60.5101041666667,15.6139731407166
60.5134375,15.615701675415
60.5167708333333,15.6176090240479
60.5201041666667,15.619695186615
60.5234375,15.6219005584717
60.5267708333333,15.6241655349731
60.5301041666667,15.6264901161194
60.5334375,15.6289339065552
60.5367708333333,15.6314373016357
60.5401041666667,15.6340599060059
60.5434375,15.6368017196655
60.5467708333333,15.6396627426147
60.5501041666667,15.6426429748535
60.5534375,15.6457424163818
60.5567708333333,15.6490206718445
60.5601041666667,15.6524181365967
60.5634375,15.6559348106384
60.5667708333333,15.659511089325
60.5701041666667,15.663206577301
60.5734375,15.6669616699219
60.5767708333333,15.6707763671875
60.5801041666667,15.6747102737427
60.5834375,15.6787037849426
60.5867708333333,15.6828761100769
60.5901041666667,15.6870484352112
60.5934375,15.6912207603455
60.5967708333333,15.6954526901245
60.6001041666667,15.6995058059692
60.6034375,15.7034397125244
60.6067708333333,15.7070755958557
60.6101041666667,15.7102346420288
60.6134375,15.7129168510437
60.6167708333333,15.7149434089661
60.6201041666667,15.7163143157959
60.6234375,15.7170295715332
60.6267708333333,15.717089176178
60.6301041666667,15.7166123390198
60.6334375,15.7155990600586
60.6367708333333,15.714168548584
60.6401041666667,15.7124996185303
60.6434375,15.7106518745422
60.6467708333333,15.7086849212646
60.6501041666667,15.7067775726318
60.6534375,15.704870223999
60.6567708333333,15.7030820846558
60.6601041666667,15.7013535499573
60.6634375,15.6996846199036
60.6667708333333,15.6981348991394
60.6701041666667,15.6967043876648
60.6734375,15.695333480835
60.6767708333333,15.6940817832947
60.6801041666667,15.6928896903992
60.6834375,15.6919360160828
60.6867708333333,15.6911015510559
60.6901041666667,15.6905055046082
60.6934375,15.6900882720947
60.6967708333333,15.6899690628052
60.7001041666667,15.69002866745
60.7034375,15.6903862953186
60.7067708333333,15.6910419464111
60.7101041666667,15.691876411438
60.7134375,15.6930088996887
60.7167708333333,15.6943202018738
60.7201041666667,15.6958699226379
60.7234375,15.6975388526917
60.7267708333333,15.6994462013245
60.7301041666667,15.7014727592468
60.7334375,15.703558921814
60.7367708333333,15.7058238983154
60.7401041666667,15.7081484794617
60.7434375,15.7105326652527
60.7467708333333,15.7128572463989
60.7501041666667,15.7151818275452
60.7534375,15.7173275947571
60.7567708333333,15.7192349433899
60.7601041666667,15.7208442687988
60.7634375,15.7220959663391
60.7667708333333,15.7228708267212
60.7701041666667,15.7231688499451
60.7734375,15.722930431366
60.7767708333333,15.7221555709839
60.7801041666667,15.7210230827332
60.7834375,15.719473361969
60.7867708333333,15.7177448272705
60.7901041666667,15.7159566879272
60.7934375,15.714168548584
60.7967708333333,15.7126188278198
60.8001041666667,15.7113075256348
60.8034375,15.7104134559631
60.8067708333333,15.7099366188049
60.8101041666667,15.7098174095154
60.8134375,15.7099962234497
60.8167708333333,15.7105326652527
60.8201041666667,15.7113075256348
60.8234375,15.7122611999512
60.8267708333333,15.7133936882019
60.8301041666667,15.7145857810974
60.8334375,15.7158970832825
60.8367708333333,15.7173275947571
60.8401041666667,15.7188773155212
60.8434375,15.7206058502197
60.8467708333333,15.7224535942078
60.8501041666667,15.7244801521301
60.8534375,15.7266855239868
60.8567708333333,15.7289505004883
60.8601041666667,15.7313346862793
60.8634375,15.7337188720703
60.8667708333333,15.7361626625061
60.8701041666667,15.7384872436523
60.8734375,15.7407522201538
60.8767708333333,15.7429575920105
60.8801041666667,15.7449841499329
60.8834375,15.7468914985657
60.8867708333333,15.7486796379089
60.8901041666667,15.7504081726074
60.8934375,15.7520174980164
60.8967708333333,15.7535672187805
60.9001041666667,15.7550573348999
60.9034375,15.7564282417297
60.9067708333333,15.7577991485596
60.9101041666667,15.7591104507446
60.9134375,15.7603025436401
60.9167708333333,15.7614350318909
60.9201041666667,15.7623887062073
60.9234375,15.7631039619446
60.9267708333333,15.7636404037476
60.9301041666667,15.7638788223267
60.9334375,15.7638788223267
60.9367708333333,15.7635807991028
60.9401041666667,15.7630443572998
60.9434375,15.7623887062073
60.9467708333333,15.76167345047
60.9501041666667,15.7608985900879
60.9534375,15.7603025436401
60.9567708333333,15.7598853111267
60.9601041666667,15.7597064971924
60.9634375,15.7598853111267
60.9667708333333,15.7603621482849
60.9701041666667,15.7611966133118
60.9734375,15.7622694969177
60.9767708333333,15.7635807991028
60.9801041666667,15.7651305198669
60.9834375,15.7667994499207
60.9867708333333,15.7686471939087
60.9901041666667,15.7705545425415
60.9934375,15.7725214958191
60.9967708333333,15.7746076583862
61.0001041666667,15.7766938209534
61.0034375,15.7788991928101
61.0067708333333,15.7811045646667
61.0101041666667,15.7833099365234
61.0134375,15.7854557037354
61.0167708333333,15.7875418663025
61.0201041666667,15.7895684242249
61.0234375,15.7914161682129
61.0267708333333,15.7932043075562
61.0301041666667,15.7948732376099
61.0334375,15.796422958374
61.0367708333333,15.7978534698486
61.0401041666667,15.7992839813232
61.0434375,15.8005952835083
61.0467708333333,15.8019661903381
61.0501041666667,15.8032774925232
61.0534375,15.8045887947083
61.0567708333333,15.8059000968933
61.0601041666667,15.8071517944336
61.0634375,15.8083438873291
61.0667708333333,15.8095359802246
61.0701041666667,15.8106088638306
61.0734375,15.8116817474365
61.0767708333333,15.8126950263977
61.0801041666667,15.8137083053589
61.0834375,15.8146619796753
61.0867708333333,15.8156156539917
61.0901041666667,15.8165097236633
61.0934375,15.8172249794006
61.0967708333333,15.8178806304932
61.1001041666667,15.8182978630066
61.1034375,15.8185958862305
61.1067708333333,15.81871509552
61.1101041666667,15.81871509552
61.1134375,15.8185958862305
61.1167708333333,15.8184766769409
61.1201041666667,15.8184766769409
61.1234375,15.8186554908752
61.1267708333333,15.8190727233887
61.1301041666667,15.819787979126
61.1334375,15.8208012580872
61.1367708333333,15.822172164917
61.1401041666667,15.8238410949707
61.1434375,15.8257484436035
61.1467708333333,15.8279538154602
61.1501041666667,15.8302783966064
61.1534375,15.8328413963318
61.1567708333333,15.8355236053467
61.1601041666667,15.8383250236511
61.1634375,15.8412456512451
61.1667708333333,15.8443450927734
61.1701041666667,15.8476233482361
61.1734375,15.8510804176331
61.1767708333333,15.8547163009644
61.1801041666667,15.8586502075195
61.1834375,15.862762928009
61.1867708333333,15.8670544624329
61.1901041666667,15.8715844154358
61.1934375,15.8762335777283
61.1967708333333,15.8810615539551
61.2001041666667,15.8858299255371
61.2034375,15.8906579017639
61.2067708333333,15.8953070640564
61.2101041666667,15.8997774124146
61.2134375,15.9039497375488
61.2167708333333,15.9078240394592
61.2201041666667,15.9112811088562
61.2234375,15.9143209457397
61.2267708333333,15.9168839454651
61.2301041666667,15.919029712677
61.2334375,15.9206986427307
61.2367708333333,15.9220099449158
61.2401041666667,15.9228444099426
61.2434375,15.9233808517456
61.2467708333333,15.9235000610352
61.2501041666667,15.9233212471008
61.2534375,15.9227848052979
61.2567708333333,15.9218311309814
61.2601041666667,15.9205794334412
61.2634375,15.9189105033875
61.2667708333333,15.9168839454651
61.2701041666667,15.9145593643188
61.2734375,15.9120559692383
61.2767708333333,15.9093141555786
61.2801041666667,15.9065723419189
61.2834375,15.9039497375488
61.2867708333333,15.9014463424683
61.2901041666667,15.8993005752563
61.2934375,15.8975124359131
61.2967708333333,15.896201133728
61.3001041666667,15.8953070640564
61.3034375,15.894889831543
61.3067708333333,15.8948302268982
61.3101041666667,15.8951878547668
61.3134375,15.8958435058594
61.3167708333333,15.896737575531
61.3201041666667,15.897810459137
61.3234375,15.8990025520325
61.3267708333333,15.9003138542175
61.3301041666667,15.9017443656921
61.3334375,15.9032940864563
61.3367708333333,15.90496301651
61.3401041666667,15.906810760498
61.3434375,15.9087181091309
61.3467708333333,15.910804271698
61.3501041666667,15.9129500389099
61.3534375,15.9152150154114
61.3567708333333,15.9175395965576
61.3601041666667,15.9199237823486
61.3634375,15.9221887588501
61.3667708333333,15.9244537353516
61.3701041666667,15.9265398979187
61.3734375,15.9285664558411
61.3767708333333,15.9304141998291
61.3801041666667,15.9322023391724
61.3834375,15.9337520599365
61.3867708333333,15.9352421760559
61.3901041666667,15.936553478241
61.3934375,15.9376859664917
61.3967708333333,15.9386396408081
61.4001041666667,15.9394145011902
61.4034375,15.9400105476379
61.4067708333333,15.9404277801514
61.4101041666667,15.9406065940857
61.4134375,15.9405469894409
61.4167708333333,15.9403681755066
61.4201041666667,15.9399509429932
61.4234375,15.9394145011902
61.4267708333333,15.9386396408081
61.4301041666667,15.9376859664917
61.4334375,15.9366130828857
61.4367708333333,15.9353613853455
61.4401041666667,15.9339904785156
61.4434375,15.9324407577515
61.4467708333333,15.9308910369873
61.4501041666667,15.9294009208679
61.4534375,15.9279108047485
61.4567708333333,15.9266591072083
61.4601041666667,15.9255862236023
61.4634375,15.9248113632202
61.4667708333333,15.924334526062
61.4701041666667,15.9242153167725
61.4734375,15.9242749214172
61.4767708333333,15.9246325492859
61.4801041666667,15.9252285957336
61.4834375,15.9259438514709
61.4867708333333,15.926718711853
61.4901041666667,15.9276127815247
61.4934375,15.9285068511963
61.4967708333333,15.9294605255127
61.5001041666667,15.9304141998291
61.5034375,15.9314274787903
61.5067708333333,15.9325003623962
61.5101041666667,15.9335732460022
61.5134375,15.9347057342529
61.5167708333333,15.9358382225037
61.5201041666667,15.9369111061096
61.5234375,15.9379243850708
61.5267708333333,15.9387588500977
61.5301041666667,15.939474105835
61.5334375,15.9400105476379
61.5367708333333,15.9403681755066
61.5401041666667,15.9404277801514
61.5434375,15.9403085708618
61.5467708333333,15.9399509429932
61.5501041666667,15.9393548965454
61.5534375,15.9385800361633
61.5567708333333,15.9376263618469
61.5601041666667,15.9364342689514
61.5634375,15.9351229667664
61.5667708333333,15.9336924552917
61.5701041666667,15.9320831298828
61.5734375,15.9304141998291
61.5767708333333,15.9286260604858
61.5801041666667,15.9268379211426
61.5834375,15.9249901771545
61.5867708333333,15.9231424331665
61.5901041666667,15.9212946891785
61.5934375,15.9193873405457
61.5967708333333,15.9174799919128
61.6001041666667,15.9155130386353
61.6034375,15.9134864807129
61.6067708333333,15.9114599227905
61.6101041666667,15.9093737602234
61.6134375,15.9072875976563
61.6167708333333,15.9053206443787
61.6201041666667,15.9034729003906
61.6234375,15.9018039703369
61.6267708333333,15.9004330635071
61.6301041666667,15.8993601799011
61.6334375,15.898585319519
61.6367708333333,15.8982276916504
61.6401041666667,15.8981680870056
61.6434375,15.8984661102295
61.6467708333333,15.8990025520325
61.6501041666667,15.8997774124146
61.6534375,15.9006714820862
61.6567708333333,15.9016251564026
61.6601041666667,15.9026384353638
61.6634375,15.9037113189697
61.6667708333333,15.9048438072205
61.6701041666667,15.9059762954712
61.6734375,15.9071683883667
61.6767708333333,15.908420085907
61.6801041666667,15.909731388092
61.6834375,15.9111022949219
61.6867708333333,15.9125924110413
61.6901041666667,15.9141421318054
61.6934375,15.9158110618591
61.6967708333333,15.9175395965576
61.7001041666667,15.9193873405457
61.7034375,15.9212946891785
61.7067708333333,15.9233212471008
61.7101041666667,15.9253478050232
61.7134375,15.9273743629456
61.7167708333333,15.9293413162231
61.7201041666667,15.9311890602112
61.7234375,15.9329175949097
61.7267708333333,15.9344077110291
61.7301041666667,15.9355998039246
61.7334375,15.9364342689514
61.7367708333333,15.9369707107544
61.7401041666667,15.9372091293335
61.7434375,15.9370303153992
61.7467708333333,15.936553478241
61.7501041666667,15.9357786178589
61.7534375,15.9347057342529
61.7567708333333,15.9333348274231
61.7601041666667,15.9317255020142
61.7634375,15.9298777580261
61.7667708333333,15.927791595459
61.7701041666667,15.9256458282471
61.7734375,15.9233808517456
61.7767708333333,15.9211158752441
61.7801041666667,15.9188508987427
61.7834375,15.9168243408203
61.7867708333333,15.9149765968323
61.7901041666667,15.9134864807129
61.7934375,15.9122943878174
61.7967708333333,15.9115195274353
61.8001041666667,15.9111022949219
61.8034375,15.9111618995667
61.8067708333333,15.9115195274353
61.8101041666667,15.9122347831726
61.8134375,15.913188457489
61.8167708333333,15.9144401550293
61.8201041666667,15.9158110618591
61.8234375,15.9173011779785
61.8267708333333,15.9189105033875
61.8301041666667,15.9205198287964
61.8334375,15.9221291542053
61.8367708333333,15.923798084259
61.8401041666667,15.9254670143127
61.8434375,15.9270763397217
61.8467708333333,15.9287452697754
61.8501041666667,15.9304141998291
61.8534375,15.9320831298828
61.8567708333333,15.9337520599365
61.8601041666667,15.9353613853455
61.8634375,15.9369707107544
61.8667708333333,15.9385204315186
61.8701041666667,15.9400105476379
61.8734375,15.9414410591125
61.8767708333333,15.9426927566528
61.8801041666667,15.9438848495483
61.8834375,15.9449577331543
61.8867708333333,15.9457921981812
61.8901041666667,15.9465074539185
61.8934375,15.9469842910767
61.8967708333333,15.9472823143005
61.9001041666667,15.9473419189453
61.9034375,15.947163105011
61.9067708333333,15.9467458724976
61.9101041666667,15.9461498260498
61.9134375,15.9453153610229
61.9167708333333,15.9443616867065
61.9201041666667,15.9432888031006
61.9234375,15.9420967102051
61.9267708333333,15.9407258033752
61.9301041666667,15.9392952919006
61.9334375,15.9378051757813
61.9367708333333,15.9361958503723
61.9401041666667,15.9345865249634
61.9434375,15.9328579902649
61.9467708333333,15.9311294555664
61.9501041666667,15.9294009208679
61.9534375,15.9277319908142
61.9567708333333,15.9261226654053
61.9601041666667,15.9246921539307
61.9634375,15.9233808517456
61.9667708333333,15.9221887588501
61.9701041666667,15.9211754798889
61.9734375,15.9203410148621
61.9767708333333,15.9196257591248
61.9801041666667,15.919029712677
61.9834375,15.9185528755188
61.9867708333333,15.9181356430054
61.9901041666667,15.9178376197815
61.9934375,15.9175992012024
61.9967708333333,15.9174799919128
62.0001041666667,15.9174799919128
62.0034375,15.9176588058472
62.0067708333333,15.9180164337158
62.0101041666667,15.9186124801636
62.0134375,15.9194469451904
62.0167708333333,15.9204602241516
62.0201041666667,15.9217119216919
62.0234375,15.9232020378113
62.0267708333333,15.9248113632202
62.0301041666667,15.9265995025635
62.0334375,15.9284472465515
62.0367708333333,15.9302949905396
62.0401041666667,15.9322023391724
62.0434375,15.9339904785156
62.0467708333333,15.9357190132141
62.0501041666667,15.937328338623
62.0534375,15.9387588500977
62.0567708333333,15.9399509429932
62.0601041666667,15.9409642219543
62.0634375,15.9417390823364
62.0667708333333,15.9422159194946
62.0701041666667,15.942394733429
62.0734375,15.9422755241394
62.0767708333333,15.941858291626
62.0801041666667,15.9411430358887
62.0834375,15.9400701522827
62.0867708333333,15.9386992454529
62.0901041666667,15.9370303153992
62.0934375,15.9351229667664
62.0967708333333,15.9329771995544
62.1001041666667,15.930712223053
62.1034375,15.9282684326172
62.1067708333333,15.9258246421814
62.1101041666667,15.9233808517456
62.1134375,15.9210562705994
62.1167708333333,15.9189105033875
62.1201041666667,15.9169435501099
62.1234375,15.9152746200562
62.1267708333333,15.9139037132263
62.1301041666667,15.9128904342651
62.1334375,15.9122347831726
62.1367708333333,15.9119367599487
62.1401041666667,15.9119367599487
62.1434375,15.9122347831726
62.1467708333333,15.9127712249756
62.1501041666667,15.9135460853577
62.1534375,15.9144997596741
62.1567708333333,15.9156322479248
62.1601041666667,15.9168839454651
62.1634375,15.9181952476501
62.1667708333333,15.9196257591248
62.1701041666667,15.9210562705994
62.1734375,15.9226059913635
62.1767708333333,15.9240961074829
62.1801041666667,15.9255862236023
62.1834375,15.9269571304321
62.1867708333333,15.928328037262
62.1901041666667,15.929639339447
62.1934375,15.9308314323425
62.1967708333333,15.932023525238
62.2001041666667,15.933096408844
62.2034375,15.93416929245
62.2067708333333,15.9351825714111
62.2101041666667,15.9360766410828
62.2134375,15.9369111061096
62.2167708333333,15.9376263618469
62.2201041666667,15.9381628036499
62.2234375,15.9384608268738
62.2267708333333,15.9385800361633
62.2301041666667,15.938401222229
62.2334375,15.9380435943604
62.2367708333333,15.9374475479126
62.2401041666667,15.9367322921753
62.2434375,15.9358382225037
62.2467708333333,15.9348845481873
62.2501041666667,15.9338712692261
62.2534375,15.9329771995544
62.2567708333333,15.9321427345276
62.2601041666667,15.9314870834351
62.2634375,15.9309506416321
62.2667708333333,15.9306526184082
62.2701041666667,15.9305334091187
62.2734375,15.9305930137634
62.2767708333333,15.9308314323425
62.2801041666667,15.931248664856
62.2834375,15.9317851066589
62.2867708333333,15.9323811531067
62.2901041666667,15.9330368041992
62.2934375,15.933632850647
62.2967708333333,15.9342288970947
62.3001041666667,15.9347057342529
62.3034375,15.9350633621216
62.3067708333333,15.9351825714111
62.3101041666667,15.9351825714111
62.3134375,15.934944152832
62.3167708333333,15.9345865249634
62.3201041666667,15.9340500831604
62.3234375,15.9333348274231
62.3267708333333,15.932559967041
62.3301041666667,15.9317851066589
62.3334375,15.9309506416321
62.3367708333333,15.93017578125
62.3401041666667,15.9295201301575
62.3434375,15.9289836883545
62.3467708333333,15.9286856651306
62.3501041666667,15.9285664558411
62.3534375,15.9286856651306
62.3567708333333,15.929102897644
62.3601041666667,15.9298777580261
62.3634375,15.9308910369873
62.3667708333333,15.9322023391724
62.3701041666667,15.9338712692261
62.3734375,15.9357190132141
62.3767708333333,15.9378051757813
62.3801041666667,15.9400105476379
62.3834375,15.9422755241394
62.3867708333333,15.9444808959961
62.3901041666667,15.946626663208
62.3934375,15.9485936164856
62.3967708333333,15.9503817558289
62.4001041666667,15.9519910812378
62.4034375,15.9533023834229
62.4067708333333,15.9543752670288
62.4101041666667,15.9552693367004
62.4134375,15.9559845924377
62.4167708333333,15.9565210342407
62.4201041666667,15.9568190574646
62.4234375,15.9570574760437
62.4267708333333,15.9570574760437
62.4301041666667,15.9569382667542
62.4334375,15.956699848175
62.4367708333333,15.9563422203064
62.4401041666667,15.9558653831482
62.4434375,15.9552693367004
62.4467708333333,15.9546732902527
62.4501041666667,15.9540176391602
62.4534375,15.9533619880676
62.4567708333333,15.9528255462646
62.4601041666667,15.9524083137512
62.4634375,15.9521102905273
62.4667708333333,15.9519910812378
62.4701041666667,15.9519910812378
62.4734375,15.9522891044617
62.4767708333333,15.9527659416199
62.4801041666667,15.9534811973572
62.4834375,15.9543752670288
62.4867708333333,15.9554481506348
62.4901041666667,15.9566402435303
62.4934375,15.9578919410706
62.4967708333333,15.9592032432556
62.5001041666667,15.9604549407959
62.5034375,15.9616470336914
62.5067708333333,15.9626603126526
62.5101041666667,15.9635543823242
62.5134375,15.9643292427063
62.5167708333333,15.9649848937988
62.5201041666667,15.965461730957
62.5234375,15.9658789634705
62.5267708333333,15.9662365913391
62.5301041666667,15.9664750099182
62.5334375,15.9666538238525
62.5367708333333,15.9668326377869
62.5401041666667,15.9669518470764
62.5434375,15.9670114517212
62.5467708333333,15.9670114517212
62.5501041666667,15.9669518470764
62.5534375,15.9668326377869
62.5567708333333,15.9666538238525
62.5601041666667,15.9664750099182
62.5634375,15.9661769866943
62.5667708333333,15.9658789634705
62.5701041666667,15.9655213356018
62.5734375,15.9651041030884
62.5767708333333,15.964686870575
62.5801041666667,15.9642696380615
62.5834375,15.9638524055481
62.5867708333333,15.9634351730347
62.5901041666667,15.9631371498108
62.5934375,15.9628391265869
62.5967708333333,15.9627199172974
62.6001041666667,15.9626007080078
62.6034375,15.9626007080078
62.6067708333333,15.9626603126526
62.6101041666667,15.9628391265869
62.6134375,15.9630179405212
62.6167708333333,15.9631967544556
62.6201041666667,15.9633755683899
62.6234375,15.9634947776794
62.6267708333333,15.9635543823242
62.6301041666667,15.9635543823242
62.6334375,15.9634351730347
62.6367708333333,15.9632563591003
62.6401041666667,15.9629583358765
62.6434375,15.9626007080078
62.6467708333333,15.9621834754944
62.6501041666667,15.961766242981
62.6534375,15.9614086151123
62.6567708333333,15.9610509872437
62.6601041666667,15.9607529640198
62.6634375,15.9604549407959
62.6667708333333,15.9602761268616
62.6701041666667,15.9600377082825
62.6734375,15.9598588943481
62.6767708333333,15.9596800804138
62.6801041666667,15.9595608711243
62.6834375,15.9594416618347
62.6867708333333,15.9593224525452
62.6901041666667,15.9593224525452
62.6934375,15.9593224525452
62.6967708333333,15.9595012664795
62.7001041666667,15.9596800804138
62.7034375,15.9599781036377
62.7067708333333,15.9602761268616
62.7101041666667,15.9606337547302
62.7134375,15.9609317779541
62.7167708333333,15.961229801178
62.7201041666667,15.9614682197571
62.7234375,15.9615874290466
62.7267708333333,15.9615278244019
62.7301041666667,15.9613490104675
62.7334375,15.9609913825989
62.7367708333333,15.9605145454407
62.7401041666667,15.9598588943481
62.7434375,15.9590840339661
62.7467708333333,15.9581303596497
62.7501041666667,15.9571170806885
62.7534375,15.9561038017273
62.7567708333333,15.9549713134766
62.7601041666667,15.9538388252258
62.7634375,15.9527659416199
62.7667708333333,15.9517526626587
62.7701041666667,15.9508585929871
62.7734375,15.950083732605
62.7767708333333,15.9494876861572
62.7801041666667,15.9490704536438
62.7834375,15.9488320350647
62.7867708333333,15.9488320350647
62.7901041666667,15.949010848999
62.7934375,15.9493684768677
62.7967708333333,15.9498453140259
62.8001041666667,15.9505009651184
62.8034375,15.9512758255005
62.8067708333333,15.9521698951721
62.8101041666667,15.9530639648438
62.8134375,15.9540176391602
62.8167708333333,15.9549713134766
62.8201041666667,15.9559845924377
62.8234375,15.9568786621094
62.8267708333333,15.957772731781
62.8301041666667,15.9586071968079
62.8334375,15.9593224525452
62.8367708333333,15.9599184989929
62.8401041666667,15.9605145454407
62.8434375,15.9609913825989
62.8467708333333,15.9613490104675
62.8501041666667,15.9616470336914
62.8534375,15.9618854522705
62.8567708333333,15.9620642662048
62.8601041666667,15.9621834754944
62.8634375,15.9622430801392
62.8667708333333,15.9621834754944
62.8701041666667,15.9621238708496
62.8734375,15.9619450569153
62.8767708333333,15.9616470336914
62.8801041666667,15.961229801178
62.8834375,15.960693359375
62.8867708333333,15.9600973129272
62.8901041666667,15.9593224525452
62.8934375,15.9584879875183
62.8967708333333,15.9575343132019
62.9001041666667,15.9565210342407
62.9034375,15.95538854599
62.9067708333333,15.9542560577393
62.9101041666667,15.9530639648438
62.9134375,15.951931476593
62.9167708333333,15.9507393836975
62.9201041666667,15.949547290802
62.9234375,15.948474407196
62.9267708333333,15.9474015235901
62.9301041666667,15.9463882446289
62.9334375,15.9454345703125
62.9367708333333,15.9445405006409
62.9401041666667,15.943706035614
62.9434375,15.9429907798767
62.9467708333333,15.9423351287842
62.9501041666667,15.9417986869812
62.9534375,15.941321849823
62.9567708333333,15.9409046173096
62.9601041666667,15.9406065940857
62.9634375,15.9403681755066
62.9667708333333,15.940248966217
62.9701041666667,15.940248966217
62.9734375,15.9403085708618
62.9767708333333,15.9404873847961
62.9801041666667,15.94078540802
62.9834375,15.9412026405334
62.9867708333333,15.9416794776917
62.9901041666667,15.9423351287842
62.9934375,15.9431099891663
62.9967708333333,15.9440636634827
63.0001041666667,15.9451365470886
63.0034375,15.9463882446289
63.0067708333333,15.9477591514587
63.0101041666667,15.9492492675781
63.0134375,15.9509181976318
63.0167708333333,15.9526467323303
63.0201041666667,15.9544944763184
63.0234375,15.9564018249512
63.0267708333333,15.9583687782288
63.0301041666667,15.9603953361511
63.0334375,15.9624218940735
63.0367708333333,15.9645080566406
63.0401041666667,15.9666538238525
63.0434375,15.9687399864197
63.0467708333333,15.9708261489868
63.0501041666667,15.9728527069092
63.0534375,15.9748196601868
63.0567708333333,15.9766674041748
63.0601041666667,15.9783959388733
63.0634375,15.9798860549927
63.0667708333333,15.9812569618225
63.0701041666667,15.9823894500732
63.0734375,15.9832835197449
63.0767708333333,15.9839987754822
63.0801041666667,15.9845352172852
63.0834375,15.9849524497986
63.0867708333333,15.9852504730225
63.0901041666667,15.9854888916016
63.0934375,15.9857869148254
63.0967708333333,15.9861445426941
