0.00114583333333333,0.0349283218383789
0.00447916666666667,0.0392794609069824
0.0078125,0.0441074371337891
0.0111458333333333,0.0491738319396973
0.0144791666666667,0.0545382499694824
0.0178125,0.0600814819335938
0.0211458333333333,0.0658035278320313
0.0244791666666667,0.0716447830200195
0.0278125,0.077664852142334
0.0311458333333333,0.0837445259094238
0.0344791666666667,0.0898838043212891
0.0378125,0.0960230827331543
0.0411458333333333,0.102221965789795
0.0444791666666667,0.10836124420166
0.0478125,0.114381313323975
0.0511458333333333,0.120341777801514
0.0544791666666667,0.126123428344727
0.0578125,0.131726264953613
0.0611458333333333,0.137150287628174
0.0644791666666667,0.142335891723633
0.0678125,0.147342681884766
0.0711458333333333,0.152170658111572
0.0744791666666667,0.156879425048828
0.0778125,0.161349773406982
0.0811458333333333,0.165700912475586
0.0844791666666667,0.169992446899414
0.0878125,0.174164772033691
0.0911458333333333,0.178277492523193
0.0944791666666667,0.18233060836792
0.0978125,0.186324119567871
0.101145833333333,0.190317630767822
0.104479166666667,0.194311141967773
0.1078125,0.198245048522949
0.111145833333333,0.202178955078125
0.114479166666667,0.206053256988525
0.1178125,0.20986795425415
0.121145833333333,0.213682651519775
0.124479166666667,0.217437744140625
0.1278125,0.221073627471924
0.131145833333333,0.224709510803223
0.134479166666667,0.228345394134521
0.1378125,0.23186206817627
0.141145833333333,0.235378742218018
0.144479166666667,0.23883581161499
0.1478125,0.242173671722412
0.151145833333333,0.245451927185059
0.154479166666667,0.248610973358154
0.1578125,0.251591205596924
0.161145833333333,0.254392623901367
0.164479166666667,0.256955623626709
0.1678125,0.259220600128174
0.171145833333333,0.261187553405762
0.174479166666667,0.262796878814697
0.1778125,0.263988971710205
0.181145833333333,0.264883041381836
0.184479166666667,0.265419483184814
0.1878125,0.265598297119141
0.191145833333333,0.26547908782959
0.194479166666667,0.265002250671387
0.1978125,0.264286994934082
0.201145833333333,0.2632737159729
0.204479166666667,0.262022018432617
0.2078125,0.260472297668457
0.211145833333333,0.258684158325195
0.214479166666667,0.256597995758057
0.2178125,0.254154205322266
0.221145833333333,0.251412391662598
0.224479166666667,0.248193740844727
0.2278125,0.244617462158203
0.231145833333333,0.240623950958252
0.234479166666667,0.236332416534424
0.2378125,0.231742858886719
0.241145833333333,0.226855278015137
0.244479166666667,0.221848487854004
0.2478125,0.21672248840332
0.251145833333333,0.211596488952637
0.254479166666667,0.206530094146729
0.2578125,0.201523303985596
0.261145833333333,0.196635723114014
0.264479166666667,0.191807746887207
0.2678125,0.187158584594727
0.271145833333333,0.182628631591797
0.274479166666667,0.178158283233643
0.2778125,0.173866748809814
0.281145833333333,0.169575214385986
0.284479166666667,0.165402889251709
0.2878125,0.161349773406982
0.291145833333333,0.157415866851807
0.294479166666667,0.153541564941406
0.2978125,0.149786472320557
0.301145833333333,0.146090984344482
0.304479166666667,0.142514705657959
0.3078125,0.138998031616211
0.311145833333333,0.135481357574463
0.314479166666667,0.13202428817749
0.3178125,0.128626823425293
0.321145833333333,0.125229358673096
0.324479166666667,0.121891498565674
0.3278125,0.118613243103027
0.331145833333333,0.115454196929932
0.334479166666667,0.112473964691162
0.3378125,0.109672546386719
0.341145833333333,0.107109546661377
0.344479166666667,0.104844570159912
0.3478125,0.1029372215271
0.351145833333333,0.101387500762939
0.354479166666667,0.100255012512207
0.3578125,0.099480152130127
0.361145833333333,0.0991225242614746
0.364479166666667,0.09918212890625
0.3678125,0.0995993614196777
0.371145833333333,0.100374221801758
0.374479166666667,0.101447105407715
0.3778125,0.102758407592773
0.381145833333333,0.104308128356934
0.384479166666667,0.105977058410645
0.3878125,0.107765197753906
0.391145833333333,0.109612941741943
0.394479166666667,0.11146068572998
0.3978125,0.113248825073242
0.401145833333333,0.115036964416504
0.404479166666667,0.116705894470215
0.4078125,0.11831521987915
0.411145833333333,0.119864940643311
0.414479166666667,0.121414661407471
0.4178125,0.12284517288208
0.421145833333333,0.124335289001465
0.424479166666667,0.12582540512085
0.4278125,0.12737512588501
0.431145833333333,0.128984451293945
0.434479166666667,0.130772590637207
0.4378125,0.132620334625244
0.441145833333333,0.134646892547607
0.444479166666667,0.136733055114746
0.4478125,0.13887882232666
0.451145833333333,0.141024589538574
0.454479166666667,0.143170356750488
0.4578125,0.145256519317627
0.461145833333333,0.147163867950439
0.464479166666667,0.148892402648926
0.4678125,0.150382518768311
0.471145833333333,0.151574611663818
0.474479166666667,0.152468681335449
0.4778125,0.153005123138428
0.481145833333333,0.153124332427979
0.484479166666667,0.152885913848877
0.4878125,0.152170658111572
0.491145833333333,0.151097774505615
0.494479166666667,0.149548053741455
0.4978125,0.147640705108643
0.501145833333333,0.145316123962402
0.504479166666667,0.14263391494751
0.5078125,0.139594078063965
0.511145833333333,0.136256217956543
0.514479166666667,0.132620334625244
0.5178125,0.128686428070068
0.521145833333333,0.124573707580566
0.524479166666667,0.120222568511963
0.5278125,0.115692615509033
0.531145833333333,0.110983848571777
0.534479166666667,0.106155872344971
0.5378125,0.101208686828613
0.541145833333333,0.0962615013122559
0.544479166666667,0.0911951065063477
0.5478125,0.0861287117004395
0.551145833333333,0.0811219215393066
0.554479166666667,0.0760555267333984
0.5578125,0.0710487365722656
0.561145833333333,0.0661015510559082
0.564479166666667,0.0612139701843262
0.5678125,0.0563859939575195
0.571145833333333,0.0516176223754883
0.574479166666667,0.0469684600830078
0.5778125,0.0424385070800781
0.581145833333333,0.0380873680114746
0.584479166666667,0.0337958335876465
0.5878125,0.0297427177429199
0.591145833333333,0.0258088111877441
0.594479166666667,0.0220537185668945
0.5978125,0.0184774398803711
0.601145833333333,0.0150203704833984
0.604479166666667,0.011742115020752
0.6078125,0.00858306884765625
0.611145833333333,0.00560283660888672
0.614479166666667,0.00286102294921875
0.6178125,0.000298023223876953
0.621145833333333,-0.00196695327758789
0.624479166666667,-0.00405311584472656
0.6278125,-0.00584125518798828
0.631145833333333,-0.00733137130737305
0.634479166666667,-0.00852346420288086
0.6378125,-0.00935792922973633
0.641145833333333,-0.00989437103271484
0.644479166666667,-0.0101327896118164
0.6478125,-0.0100135803222656
0.651145833333333,-0.00959634780883789
0.654479166666667,-0.00870227813720703
0.6578125,-0.00745058059692383
0.661145833333333,-0.0057220458984375
0.664479166666667,-0.00351667404174805
0.6678125,-0.000774860382080078
0.671145833333333,0.00250339508056641
0.674479166666667,0.0063776969909668
0.6778125,0.0107884407043457
0.681145833333333,0.0159144401550293
0.684479166666667,0.0216364860534668
0.6878125,0.0280141830444336
0.691145833333333,0.0349879264831543
0.694479166666667,0.0425577163696289
0.6978125,0.050663948059082
0.701145833333333,0.0592470169067383
0.704479166666667,0.0682473182678223
0.7078125,0.0774860382080078
0.711145833333333,0.0869035720825195
0.714479166666667,0.0963211059570313
0.7178125,0.105679035186768
0.721145833333333,0.114858150482178
0.724479166666667,0.123739242553711
0.7278125,0.132262706756592
0.731145833333333,0.140368938446045
0.734479166666667,0.14805793762207
0.7378125,0.155329704284668
0.741145833333333,0.162124633789063
0.744479166666667,0.168561935424805
0.7478125,0.174582004547119
0.751145833333333,0.180184841156006
0.754479166666667,0.185549259185791
0.7578125,0.190615653991699
0.761145833333333,0.19538402557373
0.764479166666667,0.199973583221436
0.7678125,0.204384326934814
0.771145833333333,0.208616256713867
0.774479166666667,0.212728977203369
0.7778125,0.21660327911377
0.781145833333333,0.220417976379395
0.784479166666667,0.223994255065918
0.7878125,0.227391719818115
0.791145833333333,0.230610370635986
0.794479166666667,0.233590602874756
0.7978125,0.236392021179199
0.801145833333333,0.238895416259766
0.804479166666667,0.24116039276123
0.8078125,0.243127346038818
0.811145833333333,0.244677066802979
0.814479166666667,0.245928764343262
0.8178125,0.246703624725342
0.821145833333333,0.247001647949219
0.824479166666667,0.246822834014893
0.8278125,0.246167182922363
0.831145833333333,0.245034694671631
0.834479166666667,0.243425369262695
0.8378125,0.241398811340332
0.841145833333333,0.238955020904541
0.844479166666667,0.236272811889648
0.8478125,0.233292579650879
0.851145833333333,0.230073928833008
0.854479166666667,0.226676464080811
0.8578125,0.223159790039063
0.861145833333333,0.219523906707764
0.864479166666667,0.215768814086914
0.8678125,0.211834907531738
0.871145833333333,0.207841396331787
0.874479166666667,0.20366907119751
0.8778125,0.199377536773682
0.881145833333333,0.194907188415527
0.884479166666667,0.190258026123047
0.8878125,0.185549259185791
0.891145833333333,0.180661678314209
0.894479166666667,0.175654888153076
0.8978125,0.170469284057617
0.901145833333333,0.165224075317383
0.904479166666667,0.159859657287598
0.9078125,0.154435634613037
0.911145833333333,0.148952007293701
0.914479166666667,0.143468379974365
0.9178125,0.137925148010254
0.921145833333333,0.132441520690918
0.924479166666667,0.127077102661133
0.9278125,0.121772289276123
0.931145833333333,0.116646289825439
0.934479166666667,0.111699104309082
0.9378125,0.106990337371826
0.941145833333333,0.102639198303223
0.944479166666667,0.0985860824584961
0.9478125,0.0949501991271973
0.951145833333333,0.0916719436645508
0.954479166666667,0.0888705253601074
0.9578125,0.0865459442138672
0.961145833333333,0.0846982002258301
0.964479166666667,0.0833272933959961
0.9678125,0.0824928283691406
0.971145833333333,0.0821948051452637
0.974479166666667,0.0824332237243652
0.9778125,0.0831484794616699
0.981145833333333,0.0843405723571777
0.984479166666667,0.0860691070556641
0.9878125,0.0881552696228027
0.991145833333333,0.0906586647033691
0.994479166666667,0.0934600830078125
0.9978125,0.096440315246582
1.00114583333333,0.0995993614196777
1.00447916666667,0.102818012237549
1.0078125,0.10603666305542
1.01114583333333,0.109255313873291
1.01447916666667,0.112414360046387
1.0178125,0.115573406219482
1.02114583333333,0.118851661682129
1.02447916666667,0.122308731079102
1.0278125,0.126123428344727
1.03114583333333,0.130295753479004
1.03447916666667,0.135064125061035
1.0378125,0.14042854309082
1.04114583333333,0.146448612213135
1.04447916666667,0.153064727783203
1.0478125,0.16021728515625
1.05114583333333,0.167787075042725
1.05447916666667,0.175595283508301
1.0578125,0.183463096618652
1.06114583333333,0.191271305084229
1.06447916666667,0.198960304260254
1.0678125,0.206351280212402
1.07114583333333,0.213682651519775
1.07447916666667,0.221014022827148
1.0778125,0.228703022003174
1.08114583333333,0.237107276916504
1.08447916666667,0.246703624725342
1.0878125,0.257968902587891
1.09114583333333,0.271379947662354
1.09447916666667,0.287353992462158
1.0978125,0.306189060211182
1.10114583333333,0.328123569488525
1.10447916666667,0.353157520294189
1.1078125,0.381171703338623
1.11114583333333,0.411927700042725
1.11447916666667,0.444948673248291
1.1178125,0.479757785797119
1.12114583333333,0.51569938659668
1.12447916666667,0.552177429199219
1.1278125,0.588476657867432
1.13114583333333,0.62406063079834
1.13447916666667,0.658392906188965
1.1378125,0.690996646881104
1.14114583333333,0.721633434295654
1.14447916666667,0.75000524520874
1.1478125,0.775992870330811
1.15114583333333,0.799477100372314
1.15447916666667,0.820636749267578
1.1578125,0.839412212371826
1.16114583333333,0.85604190826416
1.16447916666667,0.870764255523682
1.1678125,0.883698463439941
1.17114583333333,0.895142555236816
1.17447916666667,0.905394554138184
1.1778125,0.914692878723145
1.18114583333333,0.923275947570801
1.18447916666667,0.931382179260254
1.1878125,0.939071178436279
1.19114583333333,0.946462154388428
1.19447916666667,0.953555107116699
1.1978125,0.960290431976318
1.20114583333333,0.966548919677734
1.20447916666667,0.971972942352295
1.2078125,0.976443290710449
1.21114583333333,0.979483127593994
1.21447916666667,0.980913639068604
1.2178125,0.980138778686523
1.22114583333333,0.976741313934326
1.22447916666667,0.969827175140381
1.2278125,0.958025455474854
1.23114583333333,0.93919038772583
1.23447916666667,0.910103321075439
1.2378125,0.866055488586426
1.24114583333333,0.801146030426025
1.24447916666667,0.708401203155518
1.2478125,0.580489635467529
1.25114583333333,0.410676002502441
1.25447916666667,0.194191932678223
1.2578125,-0.0707507133483887
1.26114583333333,-0.381588935852051
1.26447916666667,-0.730991363525391
1.2678125,-1.10656023025513
1.27114583333333,-1.49178504943848
1.27447916666667,-1.86717510223389
1.2778125,-2.21234560012817
1.28114583333333,-2.50822305679321
1.28447916666667,-2.7390718460083
1.2878125,-2.89416313171387
1.29114583333333,-2.96878814697266
1.29447916666667,-2.9645562171936
1.2978125,-2.88850069046021
1.30114583333333,-2.75206565856934
1.30447916666667,-2.56931781768799
1.3078125,-2.35509872436523
1.31114583333333,-2.12216377258301
1.31447916666667,-1.87778472900391
1.3178125,-1.6181468963623
1.32114583333333,-1.32250785827637
1.32447916666667,-0.947177410125732
1.3278125,-0.423192977905273
1.33114583333333,0.341236591339111
1.33447916666667,1.45226716995239
1.3378125,3.01754474639893
1.34114583333333,5.1313042640686
1.34447916666667,7.85869359970093
1.3478125,11.2218856811523
1.35114583333333,15.1887536048889
1.35447916666667,19.6669697761536
1.3578125,24.507999420166
1.36114583333333,29.5212268829346
1.36447916666667,34.4972014427185
1.3678125,39.2343401908875
1.37114583333333,43.5625314712524
1.37447916666667,47.3600625991821
1.3778125,50.561249256134
1.38114583333333,53.1564354896545
1.38447916666667,55.1852583885193
1.3878125,56.7250847816467
1.39114583333333,57.8751564025879
1.39447916666667,58.7398409843445
1.3978125,59.413731098175
1.40114583333333,59.971809387207
1.40447916666667,60.4648590087891
1.4078125,60.9201192855835
1.41114583333333,61.3448023796082
1.41447916666667,61.7303848266602
1.4178125,62.0571374893188
1.42114583333333,62.2968673706055
1.42447916666667,62.4160766601563
1.4278125,62.3781085014343
1.43114583333333,62.1458292007446
1.43447916666667,61.6846084594727
1.4378125,60.9648823738098
1.44114583333333,59.9652528762817
1.44447916666667,58.6747527122498
1.4478125,57.0939779281616
1.45114583333333,55.2355647087097
1.45447916666667,53.1232357025146
1.4578125,50.7897138595581
1.46114583333333,48.2741594314575
1.46447916666667,45.6188321113586
1.4678125,42.8662300109863
1.47114583333333,40.0565266609192
1.47447916666667,37.2257232666016
1.4778125,34.4045758247375
1.48114583333333,31.6185355186462
1.48447916666667,28.8878679275513
1.4878125,26.2285470962524
1.49114583333333,23.6526727676392
1.49447916666667,21.169126033783
1.4978125,18.7841057777405
1.50114583333333,16.501247882843
1.50447916666667,14.3216252326965
1.5078125,12.2438073158264
1.51114583333333,10.263979434967
1.51447916666667,8.37606191635132
1.5178125,6.57236576080322
1.52114583333333,4.84412908554077
1.52447916666667,3.18253040313721
1.5278125,1.57952308654785
1.53114583333333,0.0284314155578613
1.53447916666667,-1.47503614425659
1.5378125,-2.9328465461731
1.54114583333333,-4.3444037437439
1.54447916666667,-5.7070255279541
1.5478125,-7.01636075973511
1.55114583333333,-8.26746225357056
1.55447916666667,-9.45520401000977
1.5578125,-10.5752348899841
1.56114583333333,-11.6245746612549
1.56447916666667,-12.6017928123474
1.5678125,-13.5071277618408
1.57114583333333,-14.3423676490784
1.57447916666667,-15.1106119155884
1.5778125,-15.815794467926
1.58114583333333,-16.4623260498047
1.58447916666667,-17.0547962188721
1.5878125,-17.5977349281311
1.59114583333333,-18.0953741073608
1.59447916666667,-18.5515284538269
1.5978125,-18.9697742462158
1.60114583333333,-19.3532705307007
1.60447916666667,-19.7049379348755
1.6078125,-20.0274586677551
1.61114583333333,-20.3232169151306
1.61447916666667,-20.5944776535034
1.6178125,-20.8433866500854
1.62114583333333,-21.0718512535095
1.62447916666667,-21.2817788124084
1.6278125,-21.4747190475464
1.63114583333333,-21.6522812843323
1.63447916666667,-21.8158364295959
1.6378125,-21.9667553901672
1.64114583333333,-22.1061706542969
1.64447916666667,-22.2351551055908
1.6478125,-22.354781627655
1.65114583333333,-22.4657654762268
1.65447916666667,-22.5690603256226
1.6578125,-22.66526222229
1.66114583333333,-22.7550268173218
1.66447916666667,-22.8390097618103
1.6678125,-22.917628288269
1.67114583333333,-22.9915380477905
1.67447916666667,-23.0611562728882
1.6778125,-23.1269598007202
1.68114583333333,-23.1893658638
1.68447916666667,-23.2486724853516
1.6878125,-23.3052372932434
1.69114583333333,-23.3592987060547
1.69447916666667,-23.410975933075
1.6978125,-23.4603881835938
1.70114583333333,-23.5075354576111
1.70447916666667,-23.5523581504822
1.7078125,-23.5947966575623
1.71114583333333,-23.6347317695618
1.71447916666667,-23.6720442771912
1.7178125,-23.7067937850952
1.72114583333333,-23.7388014793396
1.72447916666667,-23.7681269645691
1.7278125,-23.7948894500732
1.73114583333333,-23.8190889358521
1.73447916666667,-23.8409638404846
1.7378125,-23.8606929779053
1.74114583333333,-23.8785147666931
1.74447916666667,-23.894727230072
1.7478125,-23.9095687866211
1.75114583333333,-23.9233374595642
1.75447916666667,-23.9362120628357
1.7578125,-23.9483714103699
1.76114583333333,-23.9599347114563
1.76447916666667,-23.9709615707397
1.7678125,-23.9813923835754
1.77114583333333,-23.9910483360291
1.77447916666667,-23.9996910095215
1.7778125,-24.0071415901184
1.78114583333333,-24.0130424499512
1.78447916666667,-24.0172147750854
1.7878125,-24.0195393562317
1.79114583333333,-24.0198373794556
1.79447916666667,-24.0182876586914
1.7978125,-24.014949798584
1.80114583333333,-24.0102410316467
1.80447916666667,-24.0045189857483
1.8078125,-23.9982604980469
1.81114583333333,-23.9918828010559
1.81447916666667,-23.9856839179993
1.8178125,-23.9796042442322
1.82114583333333,-23.9726901054382
1.82447916666667,-23.9624977111816
1.8278125,-23.9445567131042
1.83114583333333,-23.9115357398987
1.83447916666667,-23.853063583374
1.8378125,-23.756206035614
1.84114583333333,-23.6063599586487
1.84447916666667,-23.3886241912842
1.8478125,-23.0898261070251
1.85114583333333,-22.700309753418
1.85447916666667,-22.2156047821045
1.8578125,-21.6376781463623
1.86114583333333,-20.9749937057495
1.86447916666667,-20.2413201332092
1.8678125,-19.453763961792
1.87114583333333,-18.6297297477722
1.87447916666667,-17.784059047699
1.8778125,-16.9265866279602
1.88114583333333,-16.0609483718872
1.88447916666667,-15.1847004890442
1.8878125,-14.2907500267029
1.89114583333333,-13.369619846344
1.89447916666667,-12.4126076698303
1.8978125,-11.4144682884216
1.90114583333333,-10.3754997253418
1.90447916666667,-9.30273532867432
1.9078125,-8.20940732955933
1.91114583333333,-7.11333751678467
1.91447916666667,-6.0347318649292
1.9178125,-4.9930214881897
1.92114583333333,-4.00459766387939
1.92447916666667,-3.08114290237427
1.9278125,-2.22831964492798
1.93114583333333,-1.44636631011963
1.93447916666667,-0.730931758880615
1.9378125,-0.0748038291931152
1.94114583333333,0.530600547790527
1.94447916666667,1.09326839447021
1.9478125,1.61957740783691
1.95114583333333,2.11358070373535
1.95447916666667,2.57676839828491
1.9578125,3.00836563110352
1.96114583333333,3.40604782104492
1.96447916666667,3.76653671264648
1.9678125,4.08655405044556
1.97114583333333,4.36323881149292
1.97447916666667,4.59486246109009
1.9778125,4.78059053421021
1.98114583333333,4.92101907730103
1.98447916666667,5.01769781112671
1.9878125,5.07301092147827
1.99114583333333,5.09005784988403
1.99447916666667,5.07223606109619
1.9978125,5.02306222915649
2.00114583333333,4.94599342346191
2.00447916666667,4.8445463180542
2.0078125,4.72182035446167
2.01114583333333,4.5807957649231
2.01447916666667,4.42409515380859
2.0178125,4.2540431022644
2.02114583333333,4.07266616821289
2.02447916666667,3.88163328170776
2.0278125,3.68237495422363
2.03114583333333,3.47578525543213
2.03447916666667,3.26251983642578
2.0378125,3.04299592971802
2.04114583333333,2.81721353530884
2.04447916666667,2.58487462997437
2.0478125,2.3455023765564
2.05114583333333,2.09856033325195
2.05447916666667,1.84309482574463
2.0578125,1.57845020294189
2.06114583333333,1.30373239517212
2.06447916666667,1.01840496063232
2.0678125,0.722050666809082
2.07114583333333,0.414431095123291
2.07447916666667,0.0957846641540527
2.0778125,-0.233352184295654
2.08114583333333,-0.572025775909424
2.08447916666667,-0.918984413146973
2.0878125,-1.27243995666504
2.09114583333333,-1.63054466247559
2.09447916666667,-1.99097394943237
2.0978125,-2.35146284103394
2.10114583333333,-2.70956754684448
2.10447916666667,-3.06278467178345
2.1078125,-3.40867042541504
2.11114583333333,-3.74513864517212
2.11447916666667,-4.069983959198
2.1178125,-4.38141822814941
2.12114583333333,-4.67783212661743
2.12447916666667,-4.95797395706177
2.1278125,-5.22083044052124
2.13114583333333,-5.46556711196899
2.13447916666667,-5.6917667388916
2.1378125,-5.89907169342041
2.14114583333333,-6.08736276626587
2.14447916666667,-6.25675916671753
2.1478125,-6.40749931335449
2.15114583333333,-6.53988122940063
2.15447916666667,-6.65438175201416
2.1578125,-6.75147771835327
2.16114583333333,-6.8318247795105
2.16447916666667,-6.89595937728882
2.1678125,-6.94453716278076
2.17114583333333,-6.97821378707886
2.17447916666667,-6.99770450592041
2.1778125,-7.0035457611084
2.18114583333333,-6.99633359909058
2.18447916666667,-6.97660446166992
2.1878125,-6.94489479064941
2.19114583333333,-6.90168142318726
2.19447916666667,-6.84738159179688
2.1978125,-6.7824125289917
2.20114583333333,-6.70713186264038
2.20447916666667,-6.62189722061157
2.2078125,-6.52700662612915
2.21114583333333,-6.42281770706177
2.21447916666667,-6.30956888198853
2.2178125,-6.18761777877808
2.22114583333333,-6.05714321136475
2.22447916666667,-5.91844320297241
2.2278125,-5.77181577682495
2.23114583333333,-5.61749935150146
2.23447916666667,-5.45573234558105
2.2378125,-5.2868127822876
2.24114583333333,-5.1109790802002
2.24447916666667,-4.9285888671875
2.2478125,-4.73994016647339
2.25114583333333,-4.54521179199219
2.25447916666667,-4.34482097625732
2.2578125,-4.1390061378479
2.26114583333333,-3.92818450927734
2.26447916666667,-3.71265411376953
2.2678125,-3.49289178848267
2.27114583333333,-3.26931476593018
2.27447916666667,-3.04239988327026
2.2778125,-2.81262397766113
2.28114583333333,-2.58040428161621
2.28447916666667,-2.34633684158325
2.2878125,-2.11083889007568
2.29114583333333,-1.87456607818604
2.29447916666667,-1.63799524307251
2.2978125,-1.40160322189331
2.30114583333333,-1.16604566574097
2.30447916666667,-0.931799411773682
2.3078125,-0.699460506439209
2.31114583333333,-0.469565391540527
2.31447916666667,-0.242650508880615
2.3178125,-0.0192523002624512
2.32114583333333,0.200212001800537
2.32447916666667,0.415325164794922
2.3278125,0.6256103515625
2.33114583333333,0.830769538879395
2.33447916666667,1.03038549423218
2.3378125,1.22427940368652
2.34114583333333,1.41221284866333
2.34447916666667,1.59388780593872
2.3478125,1.76924467086792
2.35114583333333,1.9381046295166
2.35447916666667,2.10040807723999
2.3578125,2.25609540939331
2.36114583333333,2.40522623062134
2.36447916666667,2.54768133163452
2.3678125,2.68357992172241
2.37114583333333,2.81298160552979
2.37447916666667,2.93600559234619
2.3778125,3.05265188217163
2.38114583333333,3.16303968429565
2.38447916666667,3.26722860336304
2.3878125,3.36545705795288
2.39114583333333,3.45778465270996
2.39447916666667,3.54433059692383
2.3978125,3.62521409988403
2.40114583333333,3.7006139755249
2.40447916666667,3.77064943313599
2.4078125,3.83549928665161
2.41114583333333,3.89528274536133
2.41447916666667,3.95011901855469
2.4178125,4.00012731552124
2.42114583333333,4.04542684555054
2.42447916666667,4.08625602722168
2.4278125,4.12261486053467
2.43114583333333,4.15462255477905
2.43447916666667,4.18251752853394
2.4378125,4.20641899108887
2.44114583333333,4.22638654708862
2.44447916666667,4.2426586151123
2.4478125,4.25547361373901
2.45114583333333,4.26489114761353
2.45447916666667,4.27120923995972
2.4578125,4.27460670471191
2.46114583333333,4.27532196044922
2.46447916666667,4.27353382110596
2.4678125,4.26954030990601
2.47114583333333,4.26346063613892
2.47447916666667,4.25553321838379
2.4778125,4.24587726593018
2.48114583333333,4.23473119735718
2.48447916666667,4.22209501266479
2.4878125,4.20820713043213
2.49114583333333,4.19306755065918
2.49447916666667,4.17685508728027
2.4978125,4.15956974029541
2.50114583333333,4.14127111434937
2.50447916666667,4.12213802337646
2.5078125,4.10223007202148
2.51114583333333,4.08154726028442
2.51447916666667,4.06020879745483
2.5178125,4.03821468353271
2.52114583333333,4.01568412780762
2.52447916666667,3.99255752563477
2.5278125,3.96889448165894
2.53114583333333,3.9447546005249
2.53447916666667,3.91995906829834
2.5378125,3.89456748962402
2.54114583333333,3.86852025985718
2.54447916666667,3.84175777435303
2.5478125,3.81428003311157
2.55114583333333,3.78602743148804
2.55447916666667,3.75699996948242
2.5578125,3.72719764709473
2.56114583333333,3.69668006896973
2.56447916666667,3.6655068397522
2.5678125,3.63361835479736
2.57114583333333,3.60125303268433
2.57447916666667,3.56835126876831
2.5778125,3.53515148162842
2.58114583333333,3.50171327590942
2.58447916666667,3.46815586090088
2.5878125,3.43459844589233
2.59114583333333,3.40116024017334
2.59447916666667,3.36802005767822
2.5978125,3.33517789840698
2.60114583333333,3.30281257629395
2.60447916666667,3.27098369598389
2.6078125,3.23975086212158
2.61114583333333,3.20917367935181
2.61447916666667,3.17931175231934
2.6178125,3.15022468566895
2.62114583333333,3.12185287475586
2.62447916666667,3.09425592422485
2.6278125,3.06737422943115
2.63114583333333,3.04120779037476
2.63447916666667,3.01575660705566
2.6378125,2.9909610748291
2.64114583333333,2.96682119369507
2.64447916666667,2.94333696365356
2.6478125,2.92050838470459
2.65114583333333,2.89827585220337
2.65447916666667,2.8766393661499
2.6578125,2.85565853118896
2.66114583333333,2.83521413803101
2.66447916666667,2.81542539596558
2.6678125,2.7962327003479
2.67114583333333,2.77763605117798
2.67447916666667,2.75969505310059
2.6778125,2.74235010147095
2.68114583333333,2.72566080093384
2.68447916666667,2.70956754684448
2.6878125,2.69407033920288
2.69114583333333,2.67910957336426
2.69447916666667,2.66468524932861
2.6978125,2.65073776245117
2.70114583333333,2.63714790344238
2.70447916666667,2.62397527694702
2.7078125,2.61121988296509
2.71114583333333,2.59876251220703
2.71447916666667,2.58666276931763
2.7178125,2.57503986358643
2.72114583333333,2.56377458572388
2.72447916666667,2.55304574966431
2.7278125,2.54279375076294
2.73114583333333,2.53313779830933
2.73447916666667,2.52395868301392
2.7378125,2.51531600952148
2.74114583333333,2.50715017318726
2.74447916666667,2.49952077865601
2.7478125,2.49230861663818
2.75114583333333,2.48545408248901
2.75447916666667,2.4789571762085
2.7578125,2.47269868850708
2.76114583333333,2.46673822402954
2.76447916666667,2.4610161781311
2.7678125,2.45553255081177
2.77114583333333,2.45016813278198
2.77447916666667,2.44498252868652
2.7778125,2.43985652923584
2.78114583333333,2.43484973907471
2.78447916666667,2.42990255355835
2.7878125,2.42495536804199
2.79114583333333,2.42006778717041
2.79447916666667,2.4152398109436
2.7978125,2.4104118347168
2.80114583333333,2.40558385848999
2.80447916666667,2.40081548690796
2.8078125,2.39604711532593
2.81114583333333,2.39121913909912
2.81447916666667,2.38639116287231
2.8178125,2.38138437271118
2.82114583333333,2.37613916397095
2.82447916666667,2.37053632736206
2.8278125,2.36457586288452
2.83114583333333,2.35813856124878
2.83447916666667,2.35116481781006
2.8378125,2.34359502792358
2.84114583333333,2.33548879623413
2.84447916666667,2.32690572738647
2.8478125,2.31784582138062
2.85114583333333,2.3084282875061
2.85447916666667,2.29877233505249
2.8578125,2.2890567779541
2.86114583333333,2.27940082550049
2.86447916666667,2.26998329162598
2.8678125,2.26098299026489
2.87114583333333,2.25245952606201
2.87447916666667,2.24465131759644
2.8778125,2.23761796951294
2.88114583333333,2.23147869110107
2.88447916666667,2.22617387771606
2.8878125,2.22176313400269
2.89114583333333,2.21818685531616
2.89447916666667,2.21538543701172
2.8978125,2.21329927444458
2.90114583333333,2.21186876296997
2.90447916666667,2.21103429794312
2.9078125,2.21061706542969
2.91114583333333,2.21073627471924
2.91447916666667,2.21121311187744
2.9178125,2.2120475769043
2.92114583333333,2.2132396697998
2.92447916666667,2.21472978591919
2.9278125,2.21645832061768
2.93114583333333,2.21842527389526
2.93447916666667,2.2205114364624
2.9378125,2.22265720367432
2.94114583333333,2.22480297088623
2.94447916666667,2.22682952880859
2.9478125,2.22867727279663
2.95114583333333,2.23028659820557
2.95447916666667,2.23159790039063
2.9578125,2.23261117935181
2.96114583333333,2.23326683044434
2.96447916666667,2.23356485366821
2.9678125,2.23350524902344
2.97114583333333,2.23320722579956
2.97447916666667,2.23255157470703
2.9778125,2.23171710968018
2.98114583333333,2.23070383071899
2.98447916666667,2.22951173782349
2.9878125,2.22831964492798
2.99114583333333,2.2270679473877
2.99447916666667,2.22587585449219
2.9978125,2.22480297088623
3.00114583333333,2.22378969192505
3.00447916666667,2.22295522689819
3.0078125,2.22223997116089
3.01114583333333,2.22170352935791
3.01447916666667,2.22128629684448
3.0178125,2.22104787826538
3.02114583333333,2.22092866897583
3.02447916666667,2.22098827362061
3.0278125,2.22116708755493
3.03114583333333,2.22146511077881
3.03447916666667,2.22188234329224
3.0378125,2.22235918045044
3.04114583333333,2.22295522689819
3.04447916666667,2.22355127334595
3.0478125,2.2241473197937
3.05114583333333,2.22474336624146
3.05447916666667,2.22516059875488
3.0578125,2.22533941268921
3.06114583333333,2.22527980804443
3.06447916666667,2.22486257553101
3.0678125,2.22408771514893
3.07114583333333,2.22283601760864
3.07447916666667,2.22104787826538
3.0778125,2.21878290176392
3.08114583333333,2.21604108810425
3.08447916666667,2.2127628326416
3.0878125,2.20900774002075
3.09114583333333,2.20489501953125
3.09447916666667,2.20036506652832
3.0978125,2.19559669494629
3.10114583333333,2.19058990478516
3.10447916666667,2.18552350997925
3.1078125,2.18045711517334
3.11114583333333,2.17545032501221
3.11447916666667,2.17068195343018
3.1178125,2.16621160507202
3.12114583333333,2.16203927993774
3.12447916666667,2.15828418731689
3.1278125,2.15500593185425
3.13114583333333,2.15226411819458
3.13447916666667,2.15005874633789
3.1378125,2.14838981628418
3.14114583333333,2.147376537323
3.14447916666667,2.14695930480957
3.1478125,2.14719772338867
3.15114583333333,2.14803218841553
3.15447916666667,2.14946269989014
3.1578125,2.15142965316772
3.16114583333333,2.15393304824829
3.16447916666667,2.15691328048706
3.1678125,2.16019153594971
3.17114583333333,2.16376781463623
3.17447916666667,2.16752290725708
3.1778125,2.17139720916748
3.18114583333333,2.17539072036743
3.18447916666667,2.17932462692261
3.1878125,2.18313932418823
3.19114583333333,2.18683481216431
3.19447916666667,2.19035148620605
3.1978125,2.1936297416687
3.20114583333333,2.19660997390747
3.20447916666667,2.19929218292236
3.2078125,2.20167636871338
3.21114583333333,2.20376253128052
3.21447916666667,2.20561027526855
3.2178125,2.20715999603271
3.22114583333333,2.20853090286255
3.22447916666667,2.20972299575806
3.2278125,2.21079587936401
3.23114583333333,2.21174955368042
3.23447916666667,2.21270322799683
3.2378125,2.21359729766846
3.24114583333333,2.21449136734009
3.24447916666667,2.21532583236694
3.2478125,2.21627950668335
3.25114583333333,2.21723318099976
3.25447916666667,2.21824645996094
3.2578125,2.21943855285645
3.26114583333333,2.2207498550415
3.26447916666667,2.22223997116089
3.2678125,2.22396850585938
3.27114583333333,2.22593545913696
3.27447916666667,2.22820043563843
3.2778125,2.23070383071899
3.28114583333333,2.23344564437866
3.28447916666667,2.23648548126221
3.2878125,2.23970413208008
3.29114583333333,2.24316120147705
3.29447916666667,2.24679708480835
3.2978125,2.25061178207397
3.30114583333333,2.25448608398438
3.30447916666667,2.2585391998291
3.3078125,2.26259231567383
3.31114583333333,2.26670503616333
3.31447916666667,2.27087736129761
3.3178125,2.27499008178711
3.32114583333333,2.27916240692139
3.32447916666667,2.28327512741089
3.3278125,2.28744745254517
3.33114583333333,2.29167938232422
3.33447916666667,2.29591131210327
3.3378125,2.3002028465271
3.34114583333333,2.30467319488525
3.34447916666667,2.30938196182251
3.3478125,2.31432914733887
3.35114583333333,2.31963396072388
3.35447916666667,2.32535600662231
3.3578125,2.33161449432373
3.36114583333333,2.33840942382813
3.36447916666667,2.34586000442505
3.3678125,2.3539662361145
3.37114583333333,2.36278772354126
3.37447916666667,2.37244367599487
3.3778125,2.38281488418579
3.38114583333333,2.39396095275879
3.38447916666667,2.40582227706909
3.3878125,2.41833925247192
3.39114583333333,2.43145227432251
3.39447916666667,2.4450421333313
3.3978125,2.45898962020874
3.40114583333333,2.47311592102051
3.40447916666667,2.48736143112183
3.4078125,2.50160694122314
3.41114583333333,2.51567363739014
3.41447916666667,2.52944231033325
3.4178125,2.54291296005249
3.42114583333333,2.55590677261353
3.42447916666667,2.56842374801636
3.4278125,2.58046388626099
3.43114583333333,2.59190797805786
3.43447916666667,2.60275602340698
3.4378125,2.61294841766357
3.44114583333333,2.62248516082764
3.44447916666667,2.63136625289917
3.4478125,2.6395320892334
3.45114583333333,2.64698266983032
3.45447916666667,2.65377759933472
3.4578125,2.65991687774658
3.46114583333333,2.66540050506592
3.46447916666667,2.6702880859375
3.4678125,2.67457962036133
3.47114583333333,2.67845392227173
3.47447916666667,2.68185138702393
3.4778125,2.68495082855225
3.48114583333333,2.68769264221191
3.48447916666667,2.69013643264771
3.4878125,2.69234180450439
3.49114583333333,2.69430875778198
3.49447916666667,2.69597768783569
3.4978125,2.6974081993103
3.50114583333333,2.69854068756104
3.50447916666667,2.69931554794312
3.5078125,2.69961357116699
3.51114583333333,2.69949436187744
3.51447916666667,2.69883871078491
3.5178125,2.69752740859985
3.52114583333333,2.69550085067749
3.52447916666667,2.69269943237305
3.5278125,2.68900394439697
3.53114583333333,2.68447399139404
3.53447916666667,2.67893075942993
3.5378125,2.67243385314941
3.54114583333333,2.66492366790771
3.54447916666667,2.65640020370483
3.5478125,2.64686346054077
3.55114583333333,2.63631343841553
3.55447916666667,2.62480974197388
3.5578125,2.61235237121582
3.56114583333333,2.59906053543091
3.56447916666667,2.58493423461914
3.5678125,2.57009267807007
3.57114583333333,2.55459547042847
3.57447916666667,2.53856182098389
3.5778125,2.52211093902588
3.58114583333333,2.50530242919922
3.58447916666667,2.48819589614868
3.5878125,2.47091054916382
3.59114583333333,2.4535059928894
3.59447916666667,2.43592262268066
3.5978125,2.41827964782715
3.60114583333333,2.40063667297363
3.60447916666667,2.38293409347534
3.6078125,2.36517190933228
3.61114583333333,2.34746932983398
3.61447916666667,2.32976675033569
3.6178125,2.31212377548218
3.62114583333333,2.29460000991821
3.62447916666667,2.27713584899902
3.6278125,2.25973129272461
3.63114583333333,2.24238634109497
3.63447916666667,2.22504138946533
3.6378125,2.20769643783569
3.64114583333333,2.19029188156128
3.64447916666667,2.17282772064209
3.6478125,2.15518474578857
3.65114583333333,2.13742256164551
3.65447916666667,2.11942195892334
3.6578125,2.10124254226685
3.66114583333333,2.08282470703125
3.66447916666667,2.06434726715088
3.6678125,2.04581022262573
3.67114583333333,2.02721357345581
3.67447916666667,2.00873613357544
3.6778125,1.99031829833984
3.68114583333333,1.97219848632813
3.68447916666667,1.95437669754028
3.6878125,1.93691253662109
3.69114583333333,1.91992521286011
3.69447916666667,1.90341472625732
3.6978125,1.88744068145752
3.70114583333333,1.87200307846069
3.70447916666667,1.85710191726685
3.7078125,1.84285640716553
3.71114583333333,1.82914733886719
3.71447916666667,1.81597471237183
3.7178125,1.80339813232422
3.72114583333333,1.79135799407959
3.72447916666667,1.77985429763794
3.7278125,1.76876783370972
3.73114583333333,1.75803899765015
3.73447916666667,1.74766778945923
3.7378125,1.73747539520264
3.74114583333333,1.72746181488037
3.74447916666667,1.71744823455811
3.7478125,1.70749425888062
3.75114583333333,1.69748067855835
3.75447916666667,1.68734788894653
3.7578125,1.67709589004517
3.76114583333333,1.6668438911438
3.76447916666667,1.65653228759766
3.7678125,1.64616107940674
3.77114583333333,1.6358494758606
3.77447916666667,1.62559747695923
3.7778125,1.61540508270264
3.78114583333333,1.6053318977356
3.78447916666667,1.59543752670288
3.7878125,1.58578157424927
3.79114583333333,1.57630443572998
3.79447916666667,1.56706571578979
3.7978125,1.55818462371826
3.80114583333333,1.54966115951538
3.80447916666667,1.54155492782593
3.8078125,1.53392553329468
3.81114583333333,1.52677297592163
3.81447916666667,1.52021646499634
3.8178125,1.51413679122925
3.82114583333333,1.50859355926514
3.82447916666667,1.503586769104
3.8278125,1.49911642074585
3.83114583333333,1.49506330490112
3.83447916666667,1.4914870262146
3.8378125,1.4883279800415
3.84114583333333,1.48552656173706
3.84447916666667,1.48302316665649
3.8478125,1.48093700408936
3.85114583333333,1.47914886474609
3.85447916666667,1.47771835327148
3.8578125,1.47652626037598
3.86114583333333,1.47563219070435
3.86447916666667,1.47497653961182
3.8678125,1.47449970245361
3.87114583333333,1.47426128387451
3.87447916666667,1.47414207458496
3.8778125,1.47414207458496
3.88114583333333,1.47432088851929
3.88447916666667,1.47473812103271
3.8878125,1.47533416748047
3.89114583333333,1.4762282371521
3.89447916666667,1.47742033004761
3.8978125,1.47897005081177
3.90114583333333,1.48093700408936
3.90447916666667,1.48332118988037
3.9078125,1.48618221282959
3.91114583333333,1.48952007293701
3.91447916666667,1.49321556091309
3.9178125,1.49732828140259
3.92114583333333,1.50185823440552
3.92447916666667,1.50668621063232
3.9278125,1.51187181472778
3.93114583333333,1.51735544204712
3.93447916666667,1.52307748794556
3.9378125,1.5290379524231
3.94114583333333,1.53523683547974
3.94447916666667,1.54167413711548
3.9478125,1.54823064804077
3.95114583333333,1.55490636825562
3.95447916666667,1.56158208847046
3.9578125,1.56831741333008
3.96114583333333,1.57487392425537
3.96447916666667,1.58125162124634
3.9678125,1.5873908996582
3.97114583333333,1.59323215484619
3.97447916666667,1.59871578216553
3.9778125,1.60378217697144
3.98114583333333,1.60849094390869
3.98447916666667,1.61290168762207
3.9878125,1.61689519882202
3.99114583333333,1.6205906867981
3.99447916666667,1.62404775619507
3.9978125,1.62732601165771
4.00114583333333,1.63036584854126
4.00447916666667,1.63328647613525
4.0078125,1.63614749908447
4.01114583333333,1.63894891738892
4.01447916666667,1.64175033569336
4.0178125,1.6445517539978
4.02114583333333,1.64741277694702
4.02447916666667,1.65033340454102
4.0278125,1.65343284606934
4.03114583333333,1.65659189224243
4.03447916666667,1.6598105430603
4.0378125,1.66314840316772
4.04114583333333,1.6666054725647
4.04447916666667,1.67012214660645
4.0478125,1.67363882064819
4.05114583333333,1.67721509933472
4.05447916666667,1.68079137802124
4.0578125,1.68430805206299
4.06114583333333,1.68776512145996
4.06447916666667,1.69110298156738
4.0678125,1.69426202774048
4.07114583333333,1.69730186462402
4.07447916666667,1.70010328292847
4.0778125,1.70266628265381
4.08114583333333,1.70493125915527
4.08447916666667,1.70695781707764
4.0878125,1.70868635177612
4.09114583333333,1.71017646789551
4.09447916666667,1.71148777008057
4.0978125,1.71256065368652
4.10114583333333,1.71351432800293
4.10447916666667,1.71434879302979
4.1078125,1.71512365341187
4.11114583333333,1.71589851379395
4.11447916666667,1.7167329788208
4.1178125,1.71756744384766
4.12114583333333,1.71858072280884
4.12447916666667,1.71965360641479
4.1278125,1.7208456993103
4.13114583333333,1.72209739685059
4.13447916666667,1.72340869903564
4.1378125,1.72477960586548
4.14114583333333,1.72615051269531
4.14447916666667,1.7274022102356
4.1478125,1.7285943031311
4.15114583333333,1.72954797744751
4.15447916666667,1.73026323318481
4.1578125,1.73062086105347
4.16114583333333,1.73062086105347
4.16447916666667,1.73020362854004
4.1678125,1.72936916351318
4.17114583333333,1.72799825668335
4.17447916666667,1.72609090805054
4.1778125,1.72370672225952
4.18114583333333,1.72078609466553
4.18447916666667,1.71738862991333
4.1878125,1.71351432800293
4.19114583333333,1.70928239822388
4.19447916666667,1.70469284057617
4.1978125,1.69986486434937
4.20114583333333,1.69491767883301
4.20447916666667,1.6898512840271
4.2078125,1.68484449386597
4.21114583333333,1.67989730834961
4.21447916666667,1.67512893676758
4.2178125,1.67059898376465
4.22114583333333,1.66630744934082
4.22447916666667,1.66225433349609
4.2278125,1.65855884552002
4.23114583333333,1.65510177612305
4.23447916666667,1.65194272994995
4.2378125,1.64902210235596
4.24114583333333,1.64633989334106
4.24447916666667,1.64395570755005
4.2478125,1.64175033569336
4.25114583333333,1.639723777771
4.25447916666667,1.63787603378296
4.2578125,1.63614749908447
4.26114583333333,1.63447856903076
4.26447916666667,1.6329288482666
4.2678125,1.63143873214722
4.27114583333333,1.63000822067261
4.27447916666667,1.628577709198
4.2778125,1.62726640701294
4.28114583333333,1.62595510482788
4.28447916666667,1.62482261657715
4.2878125,1.62386894226074
4.29114583333333,1.62303447723389
4.29447916666667,1.62243843078613
4.2978125,1.62208080291748
4.30114583333333,1.62202119827271
4.30447916666667,1.62220001220703
4.3078125,1.62267684936523
4.31114583333333,1.62351131439209
4.31447916666667,1.62458419799805
4.3178125,1.62601470947266
4.32114583333333,1.62780284881592
4.32447916666667,1.62994861602783
4.3278125,1.6324520111084
4.33114583333333,1.63531303405762
4.33447916666667,1.63853168487549
4.3378125,1.64198875427246
4.34114583333333,1.64574384689331
4.34447916666667,1.64967775344849
4.3478125,1.65379047393799
4.35114583333333,1.65790319442749
4.35447916666667,1.66213512420654
4.3578125,1.66630744934082
4.36114583333333,1.67036056518555
4.36447916666667,1.6743540763855
4.3678125,1.6782283782959
4.37114583333333,1.68180465698242
4.37447916666667,1.68526172637939
4.3778125,1.68836116790771
4.38114583333333,1.69128179550171
4.38447916666667,1.69384479522705
4.3878125,1.69622898101807
4.39114583333333,1.69837474822998
4.39447916666667,1.70034170150757
4.3978125,1.70212984085083
4.40114583333333,1.70391798019409
4.40447916666667,1.7055869102478
4.4078125,1.70731544494629
4.41114583333333,1.70904397964478
4.41447916666667,1.71083211898804
4.4178125,1.71267986297607
4.42114583333333,1.71452760696411
4.42447916666667,1.71631574630737
4.4278125,1.71816349029541
4.43114583333333,1.7198920249939
4.43447916666667,1.72156095504761
4.4378125,1.72317028045654
4.44114583333333,1.72460079193115
4.44447916666667,1.72591209411621
4.4478125,1.72698497772217
4.45114583333333,1.72781944274902
4.45447916666667,1.728355884552
4.4578125,1.72853469848633
4.46114583333333,1.72841548919678
4.46447916666667,1.7278790473938
4.4678125,1.72686576843262
4.47114583333333,1.72543525695801
4.47447916666667,1.72358751296997
4.4778125,1.72138214111328
4.48114583333333,1.71875953674316
4.48447916666667,1.71589851379395
4.4878125,1.71279907226563
4.49114583333333,1.7094612121582
4.49447916666667,1.70612335205078
4.4978125,1.70272588729858
4.50114583333333,1.69932842254639
4.50447916666667,1.69605016708374
4.5078125,1.69295072555542
4.51114583333333,1.68991088867188
4.51447916666667,1.68699026107788
4.5178125,1.68424844741821
4.52114583333333,1.68150663375854
4.52447916666667,1.67888402938843
4.5278125,1.67620182037354
4.53114583333333,1.67340040206909
4.53447916666667,1.67053937911987
4.5378125,1.66743993759155
4.54114583333333,1.66416168212891
4.54447916666667,1.66058540344238
4.5478125,1.65671110153198
4.55114583333333,1.65259838104248
4.55447916666667,1.6481876373291
4.5578125,1.64347887039185
4.56114583333333,1.63859128952026
4.56447916666667,1.63346529006958
4.5678125,1.62810087203979
4.57114583333333,1.62261724472046
4.57447916666667,1.61701440811157
4.5778125,1.61135196685791
4.58114583333333,1.60562992095947
4.58447916666667,1.60002708435059
4.5878125,1.59448385238647
4.59114583333333,1.58917903900146
4.59447916666667,1.58423185348511
4.5978125,1.5796422958374
4.60114583333333,1.5755295753479
4.60447916666667,1.57195329666138
4.6078125,1.56891345977783
4.61114583333333,1.56641006469727
4.61447916666667,1.56444311141968
4.6178125,1.56295299530029
4.62114583333333,1.56193971633911
4.62447916666667,1.56134366989136
4.6278125,1.56098604202271
4.63114583333333,1.56098604202271
4.63447916666667,1.56116485595703
4.6378125,1.56152248382568
4.64114583333333,1.56205892562866
4.64447916666667,1.56271457672119
4.6478125,1.56348943710327
4.65114583333333,1.56432390213013
4.65447916666667,1.56527757644653
4.6578125,1.56635046005249
4.66114583333333,1.56748294830322
4.66447916666667,1.56873464584351
4.6678125,1.57010555267334
4.67114583333333,1.5716552734375
4.67447916666667,1.57338380813599
4.6778125,1.5752911567688
4.68114583333333,1.57743692398071
4.68447916666667,1.57976150512695
4.6878125,1.58232450485229
4.69114583333333,1.58512592315674
4.69447916666667,1.58810615539551
4.6978125,1.5912652015686
4.70114583333333,1.59454345703125
4.70447916666667,1.59800052642822
4.7078125,1.6014575958252
4.71114583333333,1.60503387451172
4.71447916666667,1.60849094390869
4.7178125,1.61194801330566
4.72114583333333,1.61522626876831
4.72447916666667,1.61832571029663
4.7278125,1.62118673324585
4.73114583333333,1.62369012832642
4.73447916666667,1.62583589553833
4.7378125,1.62756443023682
4.74114583333333,1.62887573242188
4.74447916666667,1.62982940673828
4.7478125,1.63030624389648
4.75114583333333,1.63036584854126
4.75447916666667,1.63018703460693
4.7578125,1.62965059280396
4.76114583333333,1.62887573242188
4.76447916666667,1.62792205810547
4.7678125,1.62684917449951
4.77114583333333,1.625657081604
4.77447916666667,1.62452459335327
4.7778125,1.62345170974731
4.78114583333333,1.62243843078613
4.78447916666667,1.6215443611145
4.7878125,1.62070989608765
4.79114583333333,1.62005424499512
4.79447916666667,1.61945819854736
4.7978125,1.61898136138916
4.80114583333333,1.61856412887573
4.80447916666667,1.61820650100708
4.8078125,1.61784887313843
4.81114583333333,1.617431640625
4.81447916666667,1.6169548034668
4.8178125,1.61635875701904
4.82114583333333,1.61564350128174
4.82447916666667,1.61474943161011
4.8278125,1.61361694335938
4.83114583333333,1.61224603652954
4.83447916666667,1.61063671112061
4.8378125,1.60872936248779
4.84114583333333,1.60664319992065
4.84447916666667,1.60437822341919
4.8478125,1.60199403762817
4.85114583333333,1.59955024719238
4.85447916666667,1.59716606140137
4.8578125,1.5949010848999
4.86114583333333,1.59275531768799
4.86447916666667,1.59084796905518
4.8678125,1.58911943435669
4.87114583333333,1.5876293182373
4.87447916666667,1.5864372253418
4.8778125,1.58542394638062
4.88114583333333,1.58458948135376
4.88447916666667,1.58393383026123
4.8878125,1.58333778381348
4.89114583333333,1.58286094665527
4.89447916666667,1.58238410949707
4.8978125,1.58190727233887
4.90114583333333,1.58131122589111
4.90447916666667,1.58065557479858
4.9078125,1.5798807144165
4.91114583333333,1.57898664474487
4.91447916666667,1.57785415649414
4.9178125,1.57660245895386
4.92114583333333,1.57517194747925
4.92447916666667,1.57356262207031
4.9278125,1.57183408737183
4.93114583333333,1.57004594802856
4.93447916666667,1.56819820404053
4.9378125,1.56635046005249
4.94114583333333,1.56456232070923
4.94447916666667,1.56295299530029
4.9478125,1.56152248382568
4.95114583333333,1.5602707862854
4.95447916666667,1.55931711196899
4.9578125,1.55860185623169
4.96114583333333,1.55818462371826
4.96447916666667,1.55806541442871
4.9678125,1.55818462371826
4.97114583333333,1.55854225158691
4.97447916666667,1.55913829803467
4.9778125,1.55991315841675
4.98114583333333,1.56080722808838
4.98447916666667,1.56176090240479
4.9878125,1.56271457672119
4.99114583333333,1.56360864639282
4.99447916666667,1.56444311141968
4.9978125,1.56503915786743
5.00114583333333,1.56545639038086
5.00447916666667,1.56569480895996
5.0078125,1.56575441360474
5.01114583333333,1.56563520431519
5.01447916666667,1.56539678573608
5.0178125,1.56509876251221
5.02114583333333,1.56480073928833
5.02447916666667,1.56456232070923
5.0278125,1.56450271606445
5.03114583333333,1.56456232070923
5.03447916666667,1.56480073928833
5.0378125,1.56527757644653
5.04114583333333,1.56587362289429
5.04447916666667,1.56670808792114
5.0478125,1.56766176223755
5.05114583333333,1.56867504119873
5.05447916666667,1.56980752944946
5.0578125,1.5709400177002
5.06114583333333,1.57207250595093
5.06447916666667,1.57302618026733
5.0678125,1.57386064529419
5.07114583333333,1.57445669174194
5.07447916666667,1.5748143196106
5.0778125,1.5748143196106
5.08114583333333,1.57445669174194
5.08447916666667,1.57380104064941
5.0878125,1.57272815704346
5.09114583333333,1.57135725021362
5.09447916666667,1.56974792480469
5.0978125,1.56784057617188
5.10114583333333,1.56575441360474
5.10447916666667,1.56354904174805
5.1078125,1.56128406524658
5.11114583333333,1.55907869338989
5.11447916666667,1.5568733215332
5.1178125,1.55484676361084
5.12114583333333,1.5529990196228
5.12447916666667,1.55133008956909
5.1278125,1.54995918273926
5.13114583333333,1.54876708984375
5.13447916666667,1.54781341552734
5.1378125,1.54709815979004
5.14114583333333,1.54644250869751
5.14447916666667,1.54590606689453
5.1478125,1.54536962509155
5.15114583333333,1.54483318328857
5.15447916666667,1.54417753219604
5.1578125,1.54346227645874
5.16114583333333,1.54262781143188
5.16447916666667,1.54173374176025
5.1678125,1.54072046279907
5.17114583333333,1.53964757919312
5.17447916666667,1.53851509094238
5.1778125,1.53732299804688
5.18114583333333,1.53607130050659
5.18447916666667,1.53487920761108
5.1878125,1.53374671936035
5.19114583333333,1.53273344039917
5.19447916666667,1.53177976608276
5.1978125,1.53106451034546
5.20114583333333,1.53052806854248
5.20447916666667,1.5302300453186
5.2078125,1.5302300453186
5.21114583333333,1.53046846389771
5.21447916666667,1.53094530105591
5.2178125,1.53160095214844
5.22114583333333,1.53243541717529
5.22447916666667,1.5333890914917
5.2278125,1.53440237045288
5.23114583333333,1.53547525405884
5.23447916666667,1.53648853302002
5.2378125,1.53744220733643
5.24114583333333,1.53827667236328
5.24447916666667,1.53893232345581
5.2478125,1.53946876525879
5.25114583333333,1.53970718383789
5.25447916666667,1.53970718383789
5.2578125,1.53946876525879
5.26114583333333,1.53893232345581
5.26447916666667,1.53809785842896
5.2678125,1.537024974823
5.27114583333333,1.53577327728271
5.27447916666667,1.53434276580811
5.2778125,1.53285264968872
5.28114583333333,1.53130292892456
5.28447916666667,1.5297532081604
5.2878125,1.52826309204102
5.29114583333333,1.52689218521118
5.29447916666667,1.52558088302612
5.2978125,1.52444839477539
5.30114583333333,1.52337551116943
5.30447916666667,1.52242183685303
5.3078125,1.52158737182617
5.31114583333333,1.52087211608887
5.31447916666667,1.52021646499634
5.3178125,1.51956081390381
5.32114583333333,1.51890516281128
5.32447916666667,1.51824951171875
5.3278125,1.51747465133667
5.33114583333333,1.51664018630981
5.33447916666667,1.51562690734863
5.3378125,1.5144944190979
5.34114583333333,1.51312351226807
5.34447916666667,1.51169300079346
5.3478125,1.51008367538452
5.35114583333333,1.50835514068604
5.35447916666667,1.50662660598755
5.3578125,1.50495767593384
5.36114583333333,1.5033483505249
5.36447916666667,1.50185823440552
5.3678125,1.50054693222046
5.37114583333333,1.49941444396973
5.37447916666667,1.49846076965332
5.3778125,1.49768590927124
5.38114583333333,1.49703025817871
5.38447916666667,1.49649381637573
5.3878125,1.49601697921753
5.39114583333333,1.49548053741455
5.39447916666667,1.4948844909668
5.3978125,1.49422883987427
5.40114583333333,1.49345397949219
5.40447916666667,1.49250030517578
5.4078125,1.49130821228027
5.41114583333333,1.48999691009521
5.41447916666667,1.48844718933105
5.4178125,1.48671865463257
5.42114583333333,1.48475170135498
5.42447916666667,1.48266553878784
5.4278125,1.48040056228638
5.43114583333333,1.47807598114014
5.43447916666667,1.47569179534912
5.4378125,1.47330760955811
5.44114583333333,1.47092342376709
5.44447916666667,1.46865844726563
5.4478125,1.46645307540894
5.45114583333333,1.4643669128418
5.45447916666667,1.46234035491943
5.4578125,1.46043300628662
5.46114583333333,1.45858526229858
5.46447916666667,1.45673751831055
5.4678125,1.45494937896729
5.47114583333333,1.45310163497925
5.47447916666667,1.45131349563599
5.4778125,1.44946575164795
5.48114583333333,1.44755840301514
5.48447916666667,1.44565105438232
5.4878125,1.44368410110474
5.49114583333333,1.44171714782715
5.49447916666667,1.43975019454956
5.4978125,1.4377236366272
5.50114583333333,1.43569707870483
5.50447916666667,1.43367052078247
5.5078125,1.43170356750488
5.51114583333333,1.42973661422729
5.51447916666667,1.42788887023926
5.5178125,1.42616033554077
5.52114583333333,1.42455101013184
5.52447916666667,1.42306089401245
5.5278125,1.42180919647217
5.53114583333333,1.42079591751099
5.53447916666667,1.41996145248413
5.5378125,1.41936540603638
5.54114583333333,1.41900777816772
5.54447916666667,1.41888856887817
5.5478125,1.41894817352295
5.55114583333333,1.41918659210205
5.55447916666667,1.4195442199707
5.5578125,1.42008066177368
5.56114583333333,1.42061710357666
5.56447916666667,1.42127275466919
5.5678125,1.42186880111694
5.57114583333333,1.4224648475647
5.57447916666667,1.42300128936768
5.5778125,1.42347812652588
5.58114583333333,1.42389535903931
5.58447916666667,1.42425298690796
5.5878125,1.42455101013184
5.59114583333333,1.42490863800049
5.59447916666667,1.42532587051392
5.5978125,1.42580270767212
5.60114583333333,1.42639875411987
5.60447916666667,1.42711400985718
5.6078125,1.42800807952881
5.61114583333333,1.42896175384521
5.61447916666667,1.43009424209595
5.6178125,1.43122673034668
5.62114583333333,1.43241882324219
5.62447916666667,1.4336109161377
5.6278125,1.43474340438843
5.63114583333333,1.43587589263916
5.63447916666667,1.43688917160034
5.6378125,1.43778324127197
5.64114583333333,1.43849849700928
5.64447916666667,1.43903493881226
5.6478125,1.43933296203613
5.65114583333333,1.43939256668091
5.65447916666667,1.43921375274658
5.6578125,1.43879652023315
5.66114583333333,1.43814086914063
5.66447916666667,1.43724679946899
5.6678125,1.43617391586304
5.67114583333333,1.43492221832275
5.67447916666667,1.43355131149292
5.6778125,1.43212080001831
5.68114583333333,1.43063068389893
5.68447916666667,1.42908096313477
5.6878125,1.42753124237061
5.69114583333333,1.42604112625122
5.69447916666667,1.42461061477661
5.6978125,1.42323970794678
5.70114583333333,1.42192840576172
5.70447916666667,1.42055749893188
5.7078125,1.41924619674683
5.71114583333333,1.41781568527222
5.71447916666667,1.41632556915283
5.7178125,1.41459703445435
5.72114583333333,1.41268968582153
5.72447916666667,1.41054391860962
5.7278125,1.4081597328186
5.73114583333333,1.40559673309326
5.73447916666667,1.40279531478882
5.7378125,1.3999342918396
5.74114583333333,1.39695405960083
5.74447916666667,1.39391422271729
5.7478125,1.39093399047852
5.75114583333333,1.3880729675293
5.75447916666667,1.38527154922485
5.7578125,1.38264894485474
5.76114583333333,1.38020515441895
5.76447916666667,1.37788057327271
5.7678125,1.37573480606079
5.77114583333333,1.37370824813843
5.77447916666667,1.37192010879517
5.7778125,1.37025117874146
5.78114583333333,1.36876106262207
5.78447916666667,1.36739015579224
5.7878125,1.36613845825195
5.79114583333333,1.36494636535645
5.79447916666667,1.36387348175049
5.7978125,1.36286020278931
5.80114583333333,1.36184692382813
5.80447916666667,1.36083364486694
5.8078125,1.35987997055054
5.81114583333333,1.35898590087891
5.81447916666667,1.35809183120728
5.8178125,1.3573169708252
5.82114583333333,1.35660171508789
5.82447916666667,1.35594606399536
5.8278125,1.35540962219238
5.83114583333333,1.35505199432373
5.83447916666667,1.35475397109985
5.8378125,1.35457515716553
5.84114583333333,1.35451555252075
5.84447916666667,1.35451555252075
5.8478125,1.35469436645508
5.85114583333333,1.35493278503418
5.85447916666667,1.35529041290283
5.8578125,1.35570764541626
5.86114583333333,1.35618448257446
5.86447916666667,1.35666131973267
5.8678125,1.35719776153564
5.87114583333333,1.35767459869385
5.87447916666667,1.35809183120728
5.8778125,1.3585090637207
5.88114583333333,1.35880708694458
5.88447916666667,1.35904550552368
5.8878125,1.35922431945801
5.89114583333333,1.35934352874756
5.89447916666667,1.35952234268188
5.8978125,1.35970115661621
5.90114583333333,1.35993957519531
5.90447916666667,1.36029720306396
5.9078125,1.36065483093262
5.91114583333333,1.36113166809082
5.91447916666667,1.36172771453857
5.9178125,1.36244297027588
5.92114583333333,1.36321783065796
5.92447916666667,1.36405229568481
5.9278125,1.36488676071167
5.93114583333333,1.3657808303833
5.93447916666667,1.36661529541016
5.9378125,1.36744976043701
5.94114583333333,1.36822462081909
5.94447916666667,1.3689398765564
5.9478125,1.36959552764893
5.95114583333333,1.3701319694519
5.95447916666667,1.37066841125488
5.9578125,1.37114524841309
5.96114583333333,1.37168169021606
5.96447916666667,1.37215852737427
5.9678125,1.37269496917725
5.97114583333333,1.37323141098022
5.97447916666667,1.3737678527832
5.9778125,1.37436389923096
5.98114583333333,1.37495994567871
5.98447916666667,1.37549638748169
5.9878125,1.37603282928467
5.99114583333333,1.37656927108765
5.99447916666667,1.37698650360107
5.9978125,1.3774037361145
6.00114583333333,1.37770175933838
6.00447916666667,1.37799978256226
6.0078125,1.37823820114136
6.01114583333333,1.37835741043091
6.01447916666667,1.37841701507568
6.0178125,1.37841701507568
6.02114583333333,1.37823820114136
6.02447916666667,1.37799978256226
6.0278125,1.3776421546936
6.03114583333333,1.37710571289063
6.03447916666667,1.3764500617981
6.0378125,1.37567520141602
6.04114583333333,1.37478113174438
6.04447916666667,1.37382745742798
6.0478125,1.37275457382202
6.05114583333333,1.37168169021606
6.05447916666667,1.37060880661011
6.0578125,1.36959552764893
6.06114583333333,1.36864185333252
6.06447916666667,1.36774778366089
6.0678125,1.36691331863403
6.07114583333333,1.36619806289673
6.07447916666667,1.3655424118042
6.0778125,1.36494636535645
6.08114583333333,1.36440992355347
6.08447916666667,1.36393308639526
6.0878125,1.36345624923706
6.09114583333333,1.36297941207886
6.09447916666667,1.36256217956543
6.0978125,1.36208534240723
6.10114583333333,1.36172771453857
6.10447916666667,1.36137008666992
6.1078125,1.36101245880127
6.11114583333333,1.36077404022217
6.11447916666667,1.36053562164307
6.1178125,1.36041641235352
6.12114583333333,1.36029720306396
6.12447916666667,1.36023759841919
6.1278125,1.36023759841919
6.13114583333333,1.36023759841919
6.13447916666667,1.36029720306396
6.1378125,1.36035680770874
6.14114583333333,1.36047601699829
6.14447916666667,1.36059522628784
6.1478125,1.36071443557739
6.15114583333333,1.36083364486694
6.15447916666667,1.36095285415649
6.1578125,1.36107206344604
6.16114583333333,1.36107206344604
6.16447916666667,1.36101245880127
6.1678125,1.36083364486694
6.17114583333333,1.36053562164307
6.17447916666667,1.36011838912964
6.1778125,1.35958194732666
6.18114583333333,1.35898590087891
6.18447916666667,1.3582706451416
6.1878125,1.35743618011475
6.19114583333333,1.35660171508789
6.19447916666667,1.35582685470581
6.1978125,1.35499238967896
6.20114583333333,1.35427713394165
6.20447916666667,1.3536810874939
6.2078125,1.35320425033569
6.21114583333333,1.35284662246704
6.21447916666667,1.35260820388794
6.2178125,1.35254859924316
6.22114583333333,1.35260820388794
6.22447916666667,1.35272741317749
6.2278125,1.35290622711182
6.23114583333333,1.35308504104614
6.23447916666667,1.35332345962524
6.2378125,1.35356187820435
6.24114583333333,1.35380029678345
6.24447916666667,1.35403871536255
6.2478125,1.35427713394165
6.25114583333333,1.3546347618103
6.25447916666667,1.35499238967896
6.2578125,1.35546922683716
6.26114583333333,1.35600566864014
6.26447916666667,1.35666131973267
6.2678125,1.35743618011475
6.27114583333333,1.35838985443115
6.27447916666667,1.35952234268188
6.2778125,1.36089324951172
6.28114583333333,1.36250257492065
6.28447916666667,1.36435031890869
6.2878125,1.36655569076538
6.29114583333333,1.36911869049072
6.29447916666667,1.37197971343994
6.2978125,1.37513875961304
6.30114583333333,1.37859582901001
6.30447916666667,1.38229131698608
6.3078125,1.38610601425171
6.31114583333333,1.39015913009644
6.31447916666667,1.39421224594116
6.3178125,1.39832496643066
6.32114583333333,1.40237808227539
6.32447916666667,1.40643119812012
6.3278125,1.41036510467529
6.33114583333333,1.41429901123047
6.33447916666667,1.41805410385132
6.3378125,1.42168998718262
6.34114583333333,1.42520666122437
6.34447916666667,1.42848491668701
6.3478125,1.43152475357056
6.35114583333333,1.43420696258545
6.35447916666667,1.43653154373169
6.3578125,1.43849849700928
6.36114583333333,1.43992900848389
6.36447916666667,1.44094228744507
6.3678125,1.44147872924805
6.37114583333333,1.44147872924805
6.37447916666667,1.44100189208984
6.3778125,1.43998861312866
6.38114583333333,1.4384388923645
6.38447916666667,1.43635272979736
6.3878125,1.43378973007202
6.39114583333333,1.43074989318848
6.39447916666667,1.42717361450195
6.3978125,1.423180103302
6.40114583333333,1.4188289642334
6.40447916666667,1.41417980194092
6.4078125,1.40929222106934
6.41114583333333,1.4042854309082
6.41447916666667,1.39921903610229
6.4178125,1.39427185058594
6.42114583333333,1.38938426971436
6.42447916666667,1.3846755027771
6.4278125,1.38026475906372
6.43114583333333,1.37615203857422
6.43447916666667,1.37239694595337
6.4378125,1.3689398765564
6.44114583333333,1.3657808303833
6.44447916666667,1.36297941207886
6.4478125,1.36047601699829
6.45114583333333,1.35821104049683
6.45447916666667,1.35618448257446
6.4578125,1.3543963432312
6.46114583333333,1.35272741317749
6.46447916666667,1.35129690170288
6.4678125,1.3500452041626
6.47114583333333,1.34891271591187
6.47447916666667,1.34807825088501
6.4778125,1.34742259979248
6.48114583333333,1.34706497192383
6.48447916666667,1.34700536727905
6.4878125,1.34730339050293
6.49114583333333,1.34789943695068
6.49447916666667,1.34879350662231
6.4978125,1.34998559951782
6.50114583333333,1.35141611099243
6.50447916666667,1.35308504104614
6.5078125,1.35481357574463
6.51114583333333,1.35666131973267
6.51447916666667,1.35844945907593
6.5178125,1.36023759841919
6.52114583333333,1.36184692382813
6.52447916666667,1.36333703994751
6.5278125,1.36464834213257
6.53114583333333,1.3657808303833
6.53447916666667,1.36673450469971
6.5378125,1.36750936508179
6.54114583333333,1.36810541152954
6.54447916666667,1.36846303939819
6.5478125,1.36870145797729
6.55114583333333,1.36870145797729
6.55447916666667,1.36852264404297
6.5578125,1.36816501617432
6.56114583333333,1.36762857437134
6.56447916666667,1.36691331863403
6.5678125,1.3660192489624
6.57114583333333,1.36494636535645
6.57447916666667,1.36375427246094
6.5778125,1.3623833656311
6.58114583333333,1.36077404022217
6.58447916666667,1.35904550552368
6.5878125,1.35707855224609
6.59114583333333,1.35493278503418
6.59447916666667,1.35260820388794
6.5978125,1.35016441345215
6.60114583333333,1.34754180908203
6.60447916666667,1.34485960006714
6.6078125,1.34217739105225
6.61114583333333,1.33943557739258
6.61447916666667,1.33675336837769
6.6178125,1.33407115936279
6.62114583333333,1.33150815963745
6.62447916666667,1.32900476455688
6.6278125,1.32650136947632
6.63114583333333,1.3241171836853
6.63447916666667,1.32173299789429
6.6378125,1.31934881210327
6.64114583333333,1.31696462631226
6.64447916666667,1.31464004516602
6.6478125,1.31231546401978
6.65114583333333,1.30999088287354
6.65447916666667,1.30766630172729
6.6578125,1.30540132522583
6.66114583333333,1.30319595336914
6.66447916666667,1.30105018615723
6.6678125,1.29890441894531
6.67114583333333,1.2967586517334
6.67447916666667,1.29473209381104
6.6778125,1.29276514053345
6.68114583333333,1.29085779190063
6.68447916666667,1.28906965255737
6.6878125,1.28740072250366
6.69114583333333,1.28591060638428
6.69447916666667,1.28459930419922
6.6978125,1.28352642059326
6.70114583333333,1.28263235092163
6.70447916666667,1.2819766998291
6.7078125,1.2814998626709
6.71114583333333,1.28114223480225
6.71447916666667,1.28096342086792
6.7178125,1.28090381622314
6.72114583333333,1.28096342086792
6.72447916666667,1.28114223480225
6.7278125,1.28138065338135
6.73114583333333,1.28167867660522
6.73447916666667,1.28203630447388
6.7378125,1.28239393234253
6.74114583333333,1.28287076950073
6.74447916666667,1.28340721130371
6.7478125,1.28394365310669
6.75114583333333,1.28465890884399
6.75447916666667,1.28543376922607
6.7578125,1.28626823425293
6.76114583333333,1.28722190856934
6.76447916666667,1.28823518753052
6.7678125,1.28936767578125
6.77114583333333,1.29055976867676
6.77447916666667,1.29175186157227
6.7778125,1.292884349823
6.78114583333333,1.29401683807373
6.78447916666667,1.29514932632446
6.7878125,1.29610300064087
6.79114583333333,1.2969970703125
6.79447916666667,1.29783153533936
6.7978125,1.29848718643188
6.80114583333333,1.29896402359009
6.80447916666667,1.29938125610352
6.8078125,1.29967927932739
6.81114583333333,1.29991769790649
6.81447916666667,1.30003690719604
6.8178125,1.30009651184082
6.82114583333333,1.30009651184082
6.82447916666667,1.30009651184082
6.8278125,1.30003690719604
6.83114583333333,1.30003690719604
6.83447916666667,1.30003690719604
6.8378125,1.30009651184082
6.84114583333333,1.3001561164856
6.84447916666667,1.30033493041992
6.8478125,1.30051374435425
6.85114583333333,1.30075216293335
6.85447916666667,1.30099058151245
6.8578125,1.30128860473633
6.86114583333333,1.30152702331543
6.86447916666667,1.30176544189453
6.8678125,1.30194425582886
6.87114583333333,1.30212306976318
6.87447916666667,1.30224227905273
6.8778125,1.30242109298706
6.88114583333333,1.30265951156616
6.88447916666667,1.30301713943481
6.8878125,1.30343437194824
6.89114583333333,1.30409002304077
6.89447916666667,1.30486488342285
6.8978125,1.30587816238403
6.90114583333333,1.30707025527954
6.90447916666667,1.3083815574646
6.9078125,1.30981206893921
6.91114583333333,1.31124258041382
6.91447916666667,1.31267309188843
6.9178125,1.31398439407349
6.92114583333333,1.31529569625854
6.92447916666667,1.31642818450928
6.9278125,1.31750106811523
6.93114583333333,1.31851434707642
6.93447916666667,1.31940841674805
6.9378125,1.3202428817749
6.94114583333333,1.32107734680176
6.94447916666667,1.32185220718384
6.9478125,1.32256746292114
6.95114583333333,1.32322311401367
6.95447916666667,1.32381916046143
6.9578125,1.3243556022644
6.96114583333333,1.32483243942261
6.96447916666667,1.32519006729126
6.9678125,1.32548809051514
6.97114583333333,1.32572650909424
6.97447916666667,1.32584571838379
6.9778125,1.32590532302856
6.98114583333333,1.32584571838379
6.98447916666667,1.32566690444946
6.9878125,1.32530927658081
6.99114583333333,1.32477283477783
6.99447916666667,1.32405757904053
6.9978125,1.32310390472412
7.00114583333333,1.32197141647339
7.00447916666667,1.32060050964355
7.0078125,1.31916999816895
7.01114583333333,1.31756067276001
7.01447916666667,1.31595134735107
7.0178125,1.31434202194214
7.02114583333333,1.3127326965332
7.02447916666667,1.31118297576904
7.0278125,1.30963325500488
7.03114583333333,1.3081431388855
7.03447916666667,1.30665302276611
7.0378125,1.30516290664673
7.04114583333333,1.30367279052734
7.04447916666667,1.30206346511841
7.0478125,1.3003945350647
7.05114583333333,1.29860639572144
7.05447916666667,1.2967586517334
7.0578125,1.29479169845581
7.06114583333333,1.29276514053345
7.06447916666667,1.29061937332153
7.0678125,1.28835439682007
7.07114583333333,1.28602981567383
7.07447916666667,1.28364562988281
7.0778125,1.28120183944702
7.08114583333333,1.27869844436646
7.08447916666667,1.27619504928589
7.0878125,1.27363204956055
7.09114583333333,1.27106904983521
7.09447916666667,1.26844644546509
7.0978125,1.26588344573975
7.10114583333333,1.26320123672485
7.10447916666667,1.26045942306519
7.1078125,1.25759840011597
7.11114583333333,1.2546181678772
7.11447916666667,1.25151872634888
7.1178125,1.24830007553101
7.12114583333333,1.24502182006836
7.12447916666667,1.24156475067139
7.1278125,1.23816728591919
7.13114583333333,1.23476982116699
7.13447916666667,1.23149156570435
7.1378125,1.22839212417603
7.14114583333333,1.22553110122681
7.14447916666667,1.22296810150146
7.1478125,1.22076272964478
7.15114583333333,1.21897459030151
7.15447916666667,1.2175440788269
7.1578125,1.21653079986572
7.16114583333333,1.21593475341797
7.16447916666667,1.21569633483887
7.1678125,1.21581554412842
7.17114583333333,1.21617317199707
7.17447916666667,1.21688842773438
7.1778125,1.21784210205078
7.18114583333333,1.21903419494629
7.18447916666667,1.22052431106567
7.1878125,1.22225284576416
7.19114583333333,1.22427940368652
7.19447916666667,1.22654438018799
7.1978125,1.22910737991333
7.20114583333333,1.23190879821777
7.20447916666667,1.23494863510132
7.2078125,1.23822689056396
7.21114583333333,1.24156475067139
7.21447916666667,1.24508142471313
7.2178125,1.24859809875488
7.22114583333333,1.25205516815186
7.22447916666667,1.25551223754883
7.2278125,1.25885009765625
7.23114583333333,1.26200914382935
7.23447916666667,1.26498937606812
7.2378125,1.26785039901733
7.24114583333333,1.27053260803223
7.24447916666667,1.27309560775757
7.2478125,1.27547979354858
7.25114583333333,1.27774477005005
7.25447916666667,1.27995014190674
7.2578125,1.28203630447388
7.26114583333333,1.28412246704102
7.26447916666667,1.2860894203186
7.2678125,1.28805637359619
7.27114583333333,1.29002332687378
7.27447916666667,1.29187107086182
7.2778125,1.29371881484985
7.28114583333333,1.29544734954834
7.28447916666667,1.2969970703125
7.2878125,1.29848718643188
7.29114583333333,1.29967927932739
7.29447916666667,1.30069255828857
7.2978125,1.30146741867065
7.30114583333333,1.30188465118408
7.30447916666667,1.30206346511841
7.3078125,1.30200386047363
7.31114583333333,1.30170583724976
7.31447916666667,1.30122900009155
7.3178125,1.30057334899902
7.32114583333333,1.29985809326172
7.32447916666667,1.29908323287964
7.3278125,1.29824876785278
7.33114583333333,1.29741430282593
7.33447916666667,1.29657983779907
7.3378125,1.29562616348267
7.34114583333333,1.29467248916626
7.34447916666667,1.29354000091553
7.3478125,1.29234790802002
7.35114583333333,1.29097700119019
7.35447916666667,1.28942728042603
7.3578125,1.28775835037231
7.36114583333333,1.28597021102905
7.36447916666667,1.28412246704102
7.3678125,1.2822151184082
7.37114583333333,1.28024816513062
7.37447916666667,1.2783408164978
7.3778125,1.27643346786499
7.38114583333333,1.27452611923218
7.38447916666667,1.27267837524414
7.3878125,1.2708306312561
7.39114583333333,1.26910209655762
7.39447916666667,1.26737356185913
7.3978125,1.26570463180542
7.40114583333333,1.26409530639648
7.40447916666667,1.26248598098755
7.4078125,1.26099586486816
7.41114583333333,1.25956535339355
7.41447916666667,1.25813484191895
7.4178125,1.25682353973389
7.42114583333333,1.2555718421936
7.42447916666667,1.2543797492981
7.4278125,1.25330686569214
7.43114583333333,1.25235319137573
7.43447916666667,1.25151872634888
7.4378125,1.25080347061157
7.44114583333333,1.25020742416382
7.44447916666667,1.24979019165039
7.4478125,1.24943256378174
7.45114583333333,1.24919414520264
7.45447916666667,1.24901533126831
7.4578125,1.24889612197876
7.46114583333333,1.24883651733398
7.46447916666667,1.24877691268921
7.4678125,1.24877691268921
7.47114583333333,1.24877691268921
7.47447916666667,1.24877691268921
7.4778125,1.24877691268921
7.48114583333333,1.24889612197876
7.48447916666667,1.24895572662354
7.4878125,1.24913454055786
7.49114583333333,1.24937295913696
7.49447916666667,1.24961137771606
7.4978125,1.24984979629517
7.50114583333333,1.25020742416382
7.50447916666667,1.2505054473877
7.5078125,1.25086307525635
7.51114583333333,1.25116109848022
7.51447916666667,1.2514591217041
7.5178125,1.25181674957275
7.52114583333333,1.25211477279663
7.52447916666667,1.25241279602051
7.5278125,1.25271081924438
7.53114583333333,1.25300884246826
7.53447916666667,1.25330686569214
7.5378125,1.25354528427124
7.54114583333333,1.25372409820557
7.54447916666667,1.25372409820557
7.5478125,1.25366449356079
7.55114583333333,1.25348567962646
7.55447916666667,1.25312805175781
7.5578125,1.25259160995483
7.56114583333333,1.25199556350708
7.56447916666667,1.25128030776978
7.5678125,1.25044584274292
7.57114583333333,1.24961137771606
7.57447916666667,1.24871730804443
7.5778125,1.2478232383728
7.58114583333333,1.24692916870117
7.58447916666667,1.24597549438477
7.5878125,1.24496221542358
7.59114583333333,1.2439489364624
7.59447916666667,1.24287605285645
7.5978125,1.24174356460571
7.60114583333333,1.24055147171021
7.60447916666667,1.23929977416992
7.6078125,1.23798847198486
7.61114583333333,1.2366771697998
7.61447916666667,1.2352466583252
7.6178125,1.23381614685059
7.62114583333333,1.23238563537598
7.62447916666667,1.23089551925659
7.6278125,1.22934579849243
7.63114583333333,1.22779607772827
7.63447916666667,1.22612714767456
7.6378125,1.22439861297607
7.64114583333333,1.22255086898804
7.64447916666667,1.22064352035522
7.6478125,1.21855735778809
7.65114583333333,1.21641159057617
7.65447916666667,1.21414661407471
7.6578125,1.21176242828369
7.66114583333333,1.2093186378479
7.66447916666667,1.20681524276733
7.6678125,1.20425224304199
7.67114583333333,1.20168924331665
7.67447916666667,1.19906663894653
7.6778125,1.19644403457642
7.68114583333333,1.1938214302063
7.68447916666667,1.19113922119141
7.6878125,1.18845701217651
7.69114583333333,1.18577480316162
7.69447916666667,1.18303298950195
7.6978125,1.18035078048706
7.70114583333333,1.17760896682739
7.70447916666667,1.17486715316772
7.7078125,1.17206573486328
7.71114583333333,1.16932392120361
7.71447916666667,1.16646289825439
7.7178125,1.16366147994995
7.72114583333333,1.16080045700073
7.72447916666667,1.15793943405151
7.7278125,1.15507841110229
7.73114583333333,1.15227699279785
7.73447916666667,1.14947557449341
7.7378125,1.14679336547852
7.74114583333333,1.1441707611084
7.74447916666667,1.14166736602783
7.7478125,1.13922357559204
7.75114583333333,1.1368989944458
7.75447916666667,1.13451480865479
7.7578125,1.13219022750854
7.76114583333333,1.12974643707275
7.76447916666667,1.12724304199219
7.7678125,1.12468004226685
7.77114583333333,1.12193822860718
7.77447916666667,1.11913681030273
7.7778125,1.11627578735352
7.78114583333333,1.11329555511475
7.78447916666667,1.1102557182312
7.7878125,1.10727548599243
7.79114583333333,1.10435485839844
7.79447916666667,1.10155344009399
7.7978125,1.09881162643433
7.80114583333333,1.09618902206421
7.80447916666667,1.09374523162842
7.8078125,1.0913610458374
7.81114583333333,1.08909606933594
7.81447916666667,1.08689069747925
7.8178125,1.08480453491211
7.82114583333333,1.08283758163452
7.82447916666667,1.08104944229126
7.8278125,1.07938051223755
7.83114583333333,1.07789039611816
7.83447916666667,1.07669830322266
7.8378125,1.07574462890625
7.84114583333333,1.07508897781372
7.84447916666667,1.07467174530029
7.8478125,1.07449293136597
7.85114583333333,1.07455253601074
7.85447916666667,1.07485055923462
7.8578125,1.07520818710327
7.86114583333333,1.07574462890625
7.86447916666667,1.07640027999878
7.8678125,1.07711553573608
7.87114583333333,1.07789039611816
7.87447916666667,1.07872486114502
7.8778125,1.07961893081665
7.88114583333333,1.08051300048828
7.88447916666667,1.08140707015991
7.8878125,1.08230113983154
7.89114583333333,1.08319520950317
7.89447916666667,1.08402967453003
7.8978125,1.08480453491211
7.90114583333333,1.08546018600464
7.90447916666667,1.08605623245239
7.9078125,1.08659267425537
7.91114583333333,1.0870099067688
7.91447916666667,1.08736753463745
7.9178125,1.08760595321655
7.92114583333333,1.08784437179565
7.92447916666667,1.08802318572998
7.9278125,1.08808279037476
7.93114583333333,1.08808279037476
7.93447916666667,1.08796358108521
7.9378125,1.08778476715088
7.94114583333333,1.087486743927
7.94447916666667,1.0870099067688
7.9478125,1.08641386032104
7.95114583333333,1.08563899993896
7.95447916666667,1.08462572097778
7.9578125,1.08355283737183
7.96114583333333,1.08230113983154
7.96447916666667,1.08093023300171
7.9678125,1.0794997215271
7.97114583333333,1.07800960540771
7.97447916666667,1.07640027999878
7.9778125,1.07485055923462
7.98114583333333,1.07324123382568
7.98447916666667,1.07163190841675
7.9878125,1.06996297836304
7.99114583333333,1.0683536529541
7.99447916666667,1.06674432754517
7.9978125,1.06513500213623
8.00114583333333,1.06358528137207
8.00447916666667,1.06197595596313
8.0078125,1.06042623519897
8.01114583333333,1.05893611907959
8.01447916666667,1.05738639831543
8.0178125,1.05595588684082
8.02114583333333,1.05458498001099
8.02447916666667,1.05321407318115
8.0278125,1.05196237564087
8.03114583333333,1.05082988739014
8.03447916666667,1.04975700378418
8.0378125,1.04880332946777
8.04114583333333,1.04802846908569
8.04447916666667,1.04731321334839
8.0478125,1.04677677154541
8.05114583333333,1.04629993438721
8.05447916666667,1.04600191116333
8.0578125,1.045823097229
8.06114583333333,1.04570388793945
8.06447916666667,1.04576349258423
8.0678125,1.04588270187378
8.07114583333333,1.04618072509766
8.07447916666667,1.04653835296631
8.0778125,1.04701519012451
8.08114583333333,1.04761123657227
8.08447916666667,1.04826688766479
8.0878125,1.04904174804688
8.09114583333333,1.04987621307373
8.09447916666667,1.05071067810059
8.0978125,1.05148553848267
8.10114583333333,1.05220079421997
8.10447916666667,1.05279684066772
8.1078125,1.05315446853638
8.11114583333333,1.05327367782593
8.11447916666667,1.05315446853638
8.1178125,1.05267763137817
8.12114583333333,1.05196237564087
8.12447916666667,1.05088949203491
8.1278125,1.04957818984985
8.13114583333333,1.04796886444092
8.13447916666667,1.04618072509766
8.1378125,1.04409456253052
8.14114583333333,1.04188919067383
8.14447916666667,1.03950500488281
8.1478125,1.03700160980225
8.15114583333333,1.03431940078735
8.15447916666667,1.03151798248291
8.1578125,1.02865695953369
8.16114583333333,1.02567672729492
8.16447916666667,1.02269649505615
8.1678125,1.01965665817261
8.17114583333333,1.01661682128906
8.17447916666667,1.01363658905029
8.1778125,1.0107159614563
8.18114583333333,1.00785493850708
8.18447916666667,1.00511312484741
8.1878125,1.00255012512207
8.19114583333333,1.00010633468628
8.19447916666667,0.997841358184814
8.1978125,0.9956955909729
8.20114583333333,0.993728637695313
8.20447916666667,0.9918212890625
8.2078125,0.990092754364014
8.21114583333333,0.988364219665527
8.21447916666667,0.986695289611816
8.2178125,0.985026359558105
8.22114583333333,0.983297824859619
8.22447916666667,0.981450080871582
8.2278125,0.97954273223877
8.23114583333333,0.977516174316406
8.23447916666667,0.975370407104492
8.2378125,0.973105430603027
8.24114583333333,0.970780849456787
8.24447916666667,0.968396663665771
8.2478125,0.966012477874756
8.25114583333333,0.963687896728516
8.25447916666667,0.961422920227051
8.2578125,0.959277153015137
8.26114583333333,0.957250595092773
8.26447916666667,0.955343246459961
8.2678125,0.953555107116699
8.27114583333333,0.951945781707764
8.27447916666667,0.950515270233154
8.2778125,0.949203968048096
8.28114583333333,0.948131084442139
8.28447916666667,0.947296619415283
8.2878125,0.946700572967529
8.29114583333333,0.946462154388428
8.29447916666667,0.946581363677979
8.2978125,0.947117805480957
8.30114583333333,0.948011875152588
8.30447916666667,0.949263572692871
8.3078125,0.950932502746582
8.31114583333333,0.95289945602417
8.31447916666667,0.955104827880859
8.3178125,0.957489013671875
8.32114583333333,0.960111618041992
8.32447916666667,0.962734222412109
8.3278125,0.965416431427002
8.33114583333333,0.968039035797119
8.33447916666667,0.970602035522461
8.3378125,0.973105430603027
8.34114583333333,0.975549221038818
8.34447916666667,0.977814197540283
8.3478125,0.980019569396973
8.35114583333333,0.982046127319336
8.35447916666667,0.984013080596924
8.3578125,0.985801219940186
8.36114583333333,0.987410545349121
8.36447916666667,0.988960266113281
8.3678125,0.99027156829834
8.37114583333333,0.991463661193848
8.37447916666667,0.992476940155029
8.3778125,0.99337100982666
8.38114583333333,0.99414587020874
8.38447916666667,0.99480152130127
8.3878125,0.995397567749023
8.39114583333333,0.995993614196777
8.39447916666667,0.996530055999756
8.3978125,0.997066497802734
8.40114583333333,0.997722148895264
8.40447916666667,0.998377799987793
8.4078125,0.999093055725098
8.41114583333333,0.999808311462402
8.41447916666667,1.00058317184448
8.4178125,1.00135803222656
8.42114583333333,1.00213289260864
8.42447916666667,1.00284814834595
8.4278125,1.0034441947937
8.43114583333333,1.00398063659668
8.43447916666667,1.00439786911011
8.4378125,1.00469589233398
8.44114583333333,1.00493431091309
8.44447916666667,1.00493431091309
8.4478125,1.00481510162354
8.45114583333333,1.00445747375488
8.45447916666667,1.00398063659668
8.4578125,1.0032057762146
8.46114583333333,1.00219249725342
8.46447916666667,1.00100040435791
8.4678125,0.999510288238525
8.47114583333333,0.997722148895264
8.47447916666667,0.9956955909729
8.4778125,0.993430614471436
8.48114583333333,0.990927219390869
8.48447916666667,0.988245010375977
8.4878125,0.985324382781982
8.49114583333333,0.982224941253662
8.49447916666667,0.978946685791016
8.4978125,0.975608825683594
8.50114583333333,0.972092151641846
8.50447916666667,0.968575477600098
8.5078125,0.96505880355835
8.51114583333333,0.961542129516602
8.51447916666667,0.958085060119629
8.5178125,0.954747200012207
8.52114583333333,0.951468944549561
8.52447916666667,0.94836950302124
8.5278125,0.945448875427246
8.53114583333333,0.942707061767578
8.53447916666667,0.940144062042236
8.5378125,0.937700271606445
8.54114583333333,0.93543529510498
8.54447916666667,0.933289527893066
8.5478125,0.931322574615479
8.55114583333333,0.929415225982666
8.55447916666667,0.92768669128418
8.5578125,0.926017761230469
8.56114583333333,0.924468040466309
8.56447916666667,0.923037528991699
8.5678125,0.921666622161865
8.57114583333333,0.920355319976807
8.57447916666667,0.919163227081299
8.5778125,0.917971134185791
8.58114583333333,0.916779041290283
8.58447916666667,0.915646553039551
8.5878125,0.914573669433594
8.59114583333333,0.913441181182861
8.59447916666667,0.912368297576904
8.5978125,0.911235809326172
8.60114583333333,0.91022253036499
8.60447916666667,0.909209251403809
8.6078125,0.908315181732178
8.61114583333333,0.907421112060547
8.61447916666667,0.906705856323242
8.6178125,0.905990600585938
8.62114583333333,0.905454158782959
8.62447916666667,0.904977321624756
8.6278125,0.904560089111328
8.63114583333333,0.904202461242676
8.63447916666667,0.903904438018799
8.6378125,0.903606414794922
8.64114583333333,0.90336799621582
8.64447916666667,0.903189182281494
8.6478125,0.902950763702393
8.65114583333333,0.902831554412842
8.65447916666667,0.902652740478516
8.6578125,0.90259313583374
8.66114583333333,0.902533531188965
8.66447916666667,0.90259313583374
8.6678125,0.902652740478516
8.67114583333333,0.902831554412842
8.67447916666667,0.903010368347168
8.6778125,0.903308391571045
8.68114583333333,0.903546810150146
8.68447916666667,0.903844833374023
8.6878125,0.90402364730835
8.69114583333333,0.904202461242676
8.69447916666667,0.904381275177002
8.6978125,0.904440879821777
8.70114583333333,0.904500484466553
8.70447916666667,0.904560089111328
8.7078125,0.904619693756104
8.71114583333333,0.904738903045654
8.71447916666667,0.904858112335205
8.7178125,0.905036926269531
8.72114583333333,0.905275344848633
8.72447916666667,0.905513763427734
8.7278125,0.905692577362061
8.73114583333333,0.905811786651611
8.73447916666667,0.905752182006836
8.7378125,0.90557336807251
8.74114583333333,0.905215740203857
8.74447916666667,0.904679298400879
8.7478125,0.90402364730835
8.75114583333333,0.90324878692627
8.75447916666667,0.902354717254639
8.7578125,0.901460647583008
8.76114583333333,0.900447368621826
8.76447916666667,0.899374485015869
8.7678125,0.898241996765137
8.77114583333333,0.896990299224854
8.77447916666667,0.895678997039795
8.7778125,0.894308090209961
8.78114583333333,0.892758369445801
8.78447916666667,0.891149044036865
8.7878125,0.889480113983154
8.79114583333333,0.887811183929443
8.79447916666667,0.886142253875732
8.7978125,0.884532928466797
8.80114583333333,0.882923603057861
8.80447916666667,0.881433486938477
8.8078125,0.880002975463867
8.81114583333333,0.878691673278809
8.81447916666667,0.877499580383301
8.8178125,0.876367092132568
8.82114583333333,0.875413417816162
8.82447916666667,0.874578952789307
8.8278125,0.873863697052002
8.83114583333333,0.873386859893799
8.83447916666667,0.873088836669922
8.8378125,0.872910022735596
8.84114583333333,0.872910022735596
8.84447916666667,0.872969627380371
8.8478125,0.873148441314697
8.85114583333333,0.873327255249023
8.85447916666667,0.873565673828125
8.8578125,0.873744487762451
8.86114583333333,0.873923301696777
8.86447916666667,0.874042510986328
8.8678125,0.874161720275879
8.87114583333333,0.874221324920654
8.87447916666667,0.874221324920654
8.8778125,0.874221324920654
8.88114583333333,0.874161720275879
8.88447916666667,0.873982906341553
8.8878125,0.873804092407227
8.89114583333333,0.873565673828125
8.89447916666667,0.873208045959473
8.8978125,0.872790813446045
8.90114583333333,0.872373580932617
8.90447916666667,0.871896743774414
8.9078125,0.871479511260986
8.91114583333333,0.871121883392334
8.91447916666667,0.870764255523682
8.9178125,0.870585441589355
8.92114583333333,0.870466232299805
8.92447916666667,0.870406627655029
8.9278125,0.870466232299805
8.93114583333333,0.870585441589355
8.93447916666667,0.870823860168457
8.9378125,0.871181488037109
8.94114583333333,0.871658325195313
8.94447916666667,0.872194766998291
8.9478125,0.872910022735596
8.95114583333333,0.873804092407227
8.95447916666667,0.874817371368408
8.9578125,0.876009464263916
8.96114583333333,0.877439975738525
8.96447916666667,0.878989696502686
8.9678125,0.880718231201172
8.97114583333333,0.882565975189209
8.97447916666667,0.884473323822021
8.9778125,0.886499881744385
8.98114583333333,0.888466835021973
8.98447916666667,0.890433788299561
8.9878125,0.892221927642822
8.99114583333333,0.893890857696533
8.99447916666667,0.895380973815918
8.9978125,0.896632671356201
9.00114583333333,0.897705554962158
9.00447916666667,0.898480415344238
9.0078125,0.898957252502441
9.01114583333333,0.899255275726318
9.01447916666667,0.899255275726318
9.0178125,0.899076461791992
9.02114583333333,0.898659229278564
9.02447916666667,0.898063182830811
9.0278125,0.897347927093506
9.03114583333333,0.896453857421875
9.03447916666667,0.895440578460693
9.0378125,0.894367694854736
9.04114583333333,0.893354415893555
9.04447916666667,0.892281532287598
9.0478125,0.891387462615967
9.05114583333333,0.890552997589111
9.05447916666667,0.889837741851807
9.0578125,0.889301300048828
9.06114583333333,0.888943672180176
9.06447916666667,0.888705253601074
9.0678125,0.888586044311523
9.07114583333333,0.888586044311523
9.07447916666667,0.888645648956299
9.0778125,0.888705253601074
9.08114583333333,0.88876485824585
9.08447916666667,0.88876485824585
9.0878125,0.88876485824585
9.09114583333333,0.888705253601074
9.09447916666667,0.888526439666748
9.0978125,0.888288021087646
9.10114583333333,0.88798999786377
9.10447916666667,0.887691974639893
9.1078125,0.887274742126465
9.11114583333333,0.886857509613037
9.11447916666667,0.886380672454834
9.1178125,0.885963439941406
9.12114583333334,0.885486602783203
9.12447916666667,0.885069370269775
9.1278125,0.884711742401123
9.13114583333333,0.884354114532471
9.13447916666667,0.884056091308594
9.1378125,0.883817672729492
9.14114583333333,0.883698463439941
9.14447916666667,0.883698463439941
9.1478125,0.883817672729492
9.15114583333333,0.884056091308594
9.15447916666667,0.884413719177246
9.1578125,0.884890556335449
9.16114583333333,0.885426998138428
9.16447916666667,0.886142253875732
9.1678125,0.886917114257813
9.17114583333333,0.887691974639893
9.17447916666667,0.888526439666748
9.1778125,0.889360904693604
9.18114583333333,0.890195369720459
9.18447916666667,0.890970230102539
9.1878125,0.891745090484619
9.19114583333333,0.892519950866699
9.19447916666667,0.893235206604004
9.1978125,0.893950462341309
9.20114583333333,0.894606113433838
9.20447916666667,0.895142555236816
9.2078125,0.895559787750244
9.21114583333333,0.895857810974121
9.21447916666667,0.895917415618896
9.2178125,0.895857810974121
9.22114583333333,0.89561939239502
9.22447916666667,0.895261764526367
9.2278125,0.894725322723389
9.23114583333333,0.89418888092041
9.23447916666667,0.893652439117432
9.2378125,0.893115997314453
9.24114583333333,0.89263916015625
9.24447916666667,0.892221927642822
9.2478125,0.891923904418945
9.25114583333333,0.891625881195068
9.25447916666667,0.891447067260742
9.2578125,0.891268253326416
9.26114583333333,0.891149044036865
9.26447916666667,0.890970230102539
9.2678125,0.890851020812988
9.27114583333333,0.890731811523438
9.27447916666667,0.890612602233887
9.2778125,0.890433788299561
9.28114583333333,0.890195369720459
9.28447916666667,0.889897346496582
9.2878125,0.889599323272705
9.29114583333333,0.889122486114502
9.29447916666667,0.888645648956299
9.2978125,0.888049602508545
9.30114583333333,0.88733434677124
9.30447916666667,0.886619091033936
9.3078125,0.885844230651855
9.31114583333333,0.885069370269775
9.31447916666667,0.884294509887695
9.3178125,0.883638858795166
9.32114583333333,0.882923603057861
9.32447916666667,0.882327556610107
9.3278125,0.881791114807129
9.33114583333333,0.881373882293701
9.33447916666667,0.881016254425049
9.3378125,0.880777835845947
9.34114583333333,0.880599021911621
9.34447916666667,0.880599021911621
9.3478125,0.880658626556396
9.35114583333333,0.880777835845947
9.35447916666667,0.881075859069824
9.3578125,0.881433486938477
9.36114583333333,0.881850719451904
9.36447916666667,0.882387161254883
9.3678125,0.882923603057861
9.37114583333334,0.883519649505615
9.37447916666667,0.884115695953369
9.3778125,0.884771347045898
9.38114583333333,0.885307788848877
9.38447916666667,0.885844230651855
9.3878125,0.886261463165283
9.39114583333333,0.88655948638916
9.39447916666667,0.886738300323486
9.3978125,0.886738300323486
9.40114583333333,0.88655948638916
9.40447916666667,0.886261463165283
9.4078125,0.88578462600708
9.41114583333333,0.885188579559326
9.41447916666667,0.884473323822021
9.4178125,0.883698463439941
9.42114583333333,0.882804393768311
9.42447916666667,0.881969928741455
9.4278125,0.881075859069824
9.43114583333333,0.880241394042969
9.43447916666667,0.879406929016113
9.4378125,0.878691673278809
9.44114583333333,0.878095626831055
9.44447916666667,0.877678394317627
9.4478125,0.87738037109375
9.45114583333333,0.877261161804199
9.45447916666667,0.877261161804199
9.4578125,0.877499580383301
9.46114583333333,0.877916812896729
9.46447916666667,0.878453254699707
9.4678125,0.879168510437012
9.47114583333333,0.880002975463867
9.47447916666667,0.880956649780273
9.4778125,0.88202953338623
9.48114583333333,0.883102416992188
9.48447916666667,0.884294509887695
9.4878125,0.885486602783203
9.49114583333333,0.886619091033936
9.49447916666667,0.887632369995117
9.4978125,0.888586044311523
9.50114583333333,0.889360904693604
9.50447916666667,0.889956951141357
9.5078125,0.89031457901001
9.51114583333333,0.890493392944336
9.51447916666667,0.890433788299561
9.5178125,0.890254974365234
9.52114583333333,0.889897346496582
9.52447916666667,0.889480113983154
9.5278125,0.889003276824951
9.53114583333333,0.888586044311523
9.53447916666667,0.888168811798096
9.5378125,0.887751579284668
9.54114583333333,0.887453556060791
9.54447916666667,0.887274742126465
9.5478125,0.887095928192139
9.55114583333333,0.887036323547363
9.55447916666667,0.887036323547363
9.5578125,0.887095928192139
9.56114583333333,0.887215137481689
9.56447916666667,0.88733434677124
9.5678125,0.887453556060791
9.57114583333333,0.887572765350342
9.57447916666667,0.887632369995117
9.5778125,0.887632369995117
9.58114583333333,0.887572765350342
9.58447916666667,0.887393951416016
9.5878125,0.887036323547363
9.59114583333333,0.886619091033936
9.59447916666667,0.886023044586182
9.5978125,0.885248184204102
9.60114583333333,0.884354114532471
9.60447916666667,0.883340835571289
9.6078125,0.882148742675781
9.61114583333333,0.880837440490723
9.61447916666667,0.879347324371338
9.6178125,0.877797603607178
9.62114583333334,0.876188278198242
9.62447916666667,0.874459743499756
9.6278125,0.872790813446045
9.63114583333333,0.871181488037109
9.63447916666667,0.8697509765625
9.6378125,0.868439674377441
9.64114583333333,0.86742639541626
9.64447916666667,0.866711139678955
9.6478125,0.866353511810303
9.65114583333333,0.866353511810303
9.65447916666667,0.86677074432373
9.6578125,0.867545604705811
9.66114583333333,0.868678092956543
9.66447916666667,0.870168209075928
9.6678125,0.871956348419189
9.67114583333333,0.874042510986328
9.67447916666667,0.876307487487793
9.6778125,0.878751277923584
9.68114583333333,0.88125467300415
9.68447916666667,0.883817672729492
9.6878125,0.886380672454834
9.69114583333333,0.888824462890625
9.69447916666667,0.89108943939209
9.6978125,0.893175601959229
9.70114583333333,0.894904136657715
9.70447916666667,0.896334648132324
9.7078125,0.897347927093506
9.71114583333333,0.89794397354126
9.71447916666667,0.898122787475586
9.7178125,0.89794397354126
9.72114583333333,0.897407531738281
9.72447916666667,0.896632671356201
9.7278125,0.89561939239502
9.73114583333333,0.894427299499512
9.73447916666667,0.893175601959229
9.7378125,0.891923904418945
9.74114583333333,0.890612602233887
9.74447916666667,0.889360904693604
9.7478125,0.888168811798096
9.75114583333333,0.886917114257813
9.75447916666667,0.885725021362305
9.7578125,0.884473323822021
9.76114583333333,0.883281230926514
9.76447916666667,0.88202953338623
9.7678125,0.880777835845947
9.77114583333333,0.879585742950439
9.77447916666667,0.878393650054932
9.7778125,0.877201557159424
9.78114583333333,0.876128673553467
9.78447916666667,0.87505578994751
9.7878125,0.873982906341553
9.79114583333333,0.872910022735596
9.79447916666667,0.871837139129639
9.7978125,0.870645046234131
9.80114583333333,0.869393348693848
9.80447916666667,0.868082046508789
9.8078125,0.86665153503418
9.81114583333333,0.865042209625244
9.81447916666667,0.863373279571533
9.8178125,0.861644744873047
9.82114583333333,0.85979700088501
9.82447916666667,0.857949256896973
9.8278125,0.856161117553711
9.83114583333333,0.854372978210449
9.83447916666667,0.852644443511963
9.8378125,0.851035118103027
9.84114583333333,0.849604606628418
9.84447916666667,0.848293304443359
9.8478125,0.847101211547852
9.85114583333333,0.84608793258667
9.85447916666667,0.845134258270264
9.8578125,0.844299793243408
9.86114583333333,0.843644142150879
9.86447916666667,0.84298849105835
9.8678125,0.842511653900146
9.87114583333334,0.842154026031494
9.87447916666667,0.841856002807617
9.8778125,0.841677188873291
9.88114583333333,0.841617584228516
9.88447916666667,0.84155797958374
9.8878125,0.841617584228516
9.89114583333333,0.841617584228516
9.89447916666667,0.841498374938965
9.8978125,0.841379165649414
9.90114583333333,0.841021537780762
9.90447916666667,0.840544700622559
9.9078125,0.839829444885254
9.91114583333333,0.838994979858398
9.91447916666667,0.837862491607666
9.9178125,0.836610794067383
9.92114583333333,0.835180282592773
9.92447916666667,0.833630561828613
9.9278125,0.831961631774902
9.93114583333333,0.830173492431641
9.93447916666667,0.828385353088379
9.9378125,0.826597213745117
9.94114583333333,0.824809074401855
9.94447916666667,0.82319974899292
9.9478125,0.821590423583984
9.95114583333333,0.820159912109375
9.95447916666667,0.818848609924316
9.9578125,0.817656517028809
9.96114583333333,0.816524028778076
9.96447916666667,0.81557035446167
9.9678125,0.814616680145264
9.97114583333333,0.813782215118408
9.97447916666667,0.813007354736328
9.9778125,0.812232494354248
9.98114583333333,0.811517238616943
9.98447916666667,0.810861587524414
9.9878125,0.810325145721436
9.99114583333333,0.809788703918457
9.99447916666667,0.809371471405029
9.9978125,0.808954238891602
10.0011458333333,0.808656215667725
10.0044791666667,0.808417797088623
10.0078125,0.808179378509521
10.0111458333333,0.808000564575195
10.0144791666667,0.807762145996094
10.0178125,0.807523727416992
10.0211458333333,0.807225704193115
10.0244791666667,0.806868076324463
10.0278125,0.806450843811035
10.0311458333333,0.805974006652832
10.0344791666667,0.805437564849854
10.0378125,0.804781913757324
10.0411458333333,0.80406665802002
10.0444791666667,0.803291797637939
10.0478125,0.802457332611084
10.0511458333333,0.801682472229004
10.0544791666667,0.800848007202148
10.0578125,0.800132751464844
10.0611458333333,0.799417495727539
10.0644791666667,0.798881053924561
10.0678125,0.798404216766357
10.0711458333333,0.79810619354248
10.0744791666667,0.79798698425293
10.0778125,0.798046588897705
10.0811458333333,0.798225402832031
10.0844791666667,0.798523426055908
10.0878125,0.799059867858887
10.0911458333333,0.799715518951416
10.0944791666667,0.800490379333496
10.0978125,0.801444053649902
10.1011458333333,0.802516937255859
10.1044791666667,0.803709030151367
10.1078125,0.805020332336426
10.1111458333333,0.806510448455811
10.1144791666667,0.808179378509521
10.1178125,0.809967517852783
10.1211458333333,0.81181526184082
10.1244791666667,0.813722610473633
10.1278125,0.815689563751221
10.1311458333333,0.817656517028809
10.1344791666667,0.819563865661621
10.1378125,0.821352005004883
10.1411458333333,0.822961330413818
10.1444791666667,0.824451446533203
10.1478125,0.825703144073486
10.1511458333333,0.826776027679443
10.1544791666667,0.827610492706299
10.1578125,0.828325748443604
10.1611458333333,0.828802585601807
10.1644791666667,0.829160213470459
10.1678125,0.829339027404785
10.1711458333333,0.829398632049561
10.1744791666667,0.829339027404785
10.1778125,0.829160213470459
10.1811458333333,0.828921794891357
10.1844791666667,0.828564167022705
10.1878125,0.828206539154053
10.1911458333333,0.8278489112854
10.1944791666667,0.827491283416748
10.1978125,0.827193260192871
10.2011458333333,0.82695484161377
10.2044791666667,0.826776027679443
10.2078125,0.826716423034668
10.2111458333333,0.826716423034668
10.2144791666667,0.826895236968994
10.2178125,0.82707405090332
10.2211458333333,0.827312469482422
10.2244791666667,0.827550888061523
10.2278125,0.8278489112854
10.2311458333333,0.828087329864502
10.2344791666667,0.828266143798828
10.2378125,0.828385353088379
10.2411458333333,0.828325748443604
10.2444791666667,0.828206539154053
10.2478125,0.8278489112854
10.2511458333333,0.827372074127197
10.2544791666667,0.826835632324219
10.2578125,0.826179981231689
10.2611458333333,0.825464725494385
10.2644791666667,0.82474946975708
10.2678125,0.824093818664551
10.2711458333333,0.823497772216797
10.2744791666667,0.823020935058594
10.2778125,0.822722911834717
10.2811458333333,0.822603702545166
10.2844791666667,0.822663307189941
10.2878125,0.822842121124268
10.2911458333333,0.82319974899292
10.2944791666667,0.823676586151123
10.2978125,0.824332237243652
10.3011458333333,0.825166702270508
10.3044791666667,0.826179981231689
10.3078125,0.827431678771973
10.3111458333333,0.828802585601807
10.3144791666667,0.830411911010742
10.3178125,0.832200050354004
10.3211458333333,0.834167003631592
10.3244791666667,0.836312770843506
10.3278125,0.838577747344971
10.3311458333333,0.840961933135986
10.3344791666667,0.843346118927002
10.3378125,0.845730304718018
10.3411458333333,0.848174095153809
10.3444791666667,0.8506178855896
10.3478125,0.853061676025391
10.3511458333333,0.855445861816406
10.3544791666667,0.857770442962646
10.3578125,0.860095024108887
10.3611458333333,0.862300395965576
10.3644791666667,0.86444616317749
10.3678125,0.866532325744629
10.3711458333333,0.868499279022217
10.3744791666667,0.870287418365479
10.3778125,0.871896743774414
10.3811458333333,0.873386859893799
10.3844791666667,0.874698162078857
10.3878125,0.875771045684814
10.3911458333333,0.876665115356445
10.3944791666667,0.87738037109375
10.3978125,0.877857208251953
10.4011458333333,0.87815523147583
10.4044791666667,0.878214836120605
10.4078125,0.878095626831055
10.4111458333333,0.877737998962402
10.4144791666667,0.877201557159424
10.4178125,0.876486301422119
10.4211458333333,0.875532627105713
10.4244791666667,0.874459743499756
10.4278125,0.873208045959473
10.4311458333333,0.871777534484863
10.4344791666667,0.870168209075928
10.4378125,0.868439674377441
10.4411458333333,0.866591930389404
10.4444791666667,0.864565372467041
10.4478125,0.862479209899902
10.4511458333333,0.860214233398438
10.4544791666667,0.857889652252197
10.4578125,0.855445861816406
10.4611458333333,0.853002071380615
10.4644791666667,0.850439071655273
10.4678125,0.847935676574707
10.4711458333333,0.845432281494141
10.4744791666667,0.84298849105835
10.4778125,0.840604305267334
10.4811458333333,0.838339328765869
10.4844791666667,0.83625316619873
10.4878125,0.834345817565918
10.4911458333333,0.832676887512207
10.4944791666667,0.831246376037598
10.4978125,0.830113887786865
10.5011458333333,0.82927942276001
10.5044791666667,0.828742980957031
10.5078125,0.82850456237793
10.5111458333333,0.82862377166748
10.5144791666667,0.829041004180908
10.5178125,0.829696655273438
10.5211458333333,0.830709934234619
10.5244791666667,0.832021236419678
10.5278125,0.833511352539063
10.5311458333333,0.835299491882324
10.5344791666667,0.837326049804688
10.5378125,0.839531421661377
10.5411458333333,0.841915607452393
10.5444791666667,0.844359397888184
10.5478125,0.846922397613525
10.5511458333333,0.849604606628418
10.5544791666667,0.852286815643311
10.5578125,0.854969024658203
10.5611458333333,0.857710838317871
10.5644791666667,0.860393047332764
10.5678125,0.863134860992432
10.5711458333333,0.865817070007324
10.5744791666667,0.868499279022217
10.5778125,0.871121883392334
10.5811458333333,0.8736252784729
10.5844791666667,0.876069068908691
10.5878125,0.878393650054932
10.5911458333333,0.880539417266846
10.5944791666667,0.882565975189209
10.5978125,0.884413719177246
10.6011458333333,0.886142253875732
10.6044791666667,0.887691974639893
10.6078125,0.889003276824951
10.6111458333333,0.890135765075684
10.6144791666667,0.891029834747314
10.6178125,0.891685485839844
10.6211458333333,0.892043113708496
10.6244791666667,0.892221927642822
10.6278125,0.892102718353271
10.6311458333333,0.891685485839844
10.6344791666667,0.891149044036865
10.6378125,0.89031457901001
10.6411458333333,0.889360904693604
10.6444791666667,0.888288021087646
10.6478125,0.887095928192139
10.6511458333333,0.885725021362305
10.6544791666667,0.884354114532471
10.6578125,0.882804393768311
10.6611458333333,0.881195068359375
10.6644791666667,0.879526138305664
10.6678125,0.877737998962402
10.6711458333333,0.875890254974365
10.6744791666667,0.873923301696777
10.6778125,0.871837139129639
10.6811458333333,0.869691371917725
10.6844791666667,0.86742639541626
10.6878125,0.865042209625244
10.6911458333333,0.862598419189453
10.6944791666667,0.860035419464111
10.6978125,0.857412815093994
10.7011458333333,0.854671001434326
10.7044791666667,0.851809978485107
10.7078125,0.848889350891113
10.7111458333333,0.845909118652344
10.7144791666667,0.842809677124023
10.7178125,0.839710235595703
10.7211458333333,0.836551189422607
10.7244791666667,0.833392143249512
10.7278125,0.830233097076416
10.7311458333333,0.82707405090332
10.7344791666667,0.823974609375
10.7378125,0.821053981781006
10.7411458333333,0.818192958831787
10.7444791666667,0.81557035446167
10.7478125,0.813126564025879
10.7511458333333,0.810980796813965
10.7544791666667,0.809133052825928
10.7578125,0.807523727416992
10.7611458333333,0.806272029876709
10.7644791666667,0.805318355560303
10.7678125,0.804662704467773
10.7711458333333,0.804364681243896
10.7744791666667,0.804245471954346
10.7778125,0.804424285888672
10.7811458333333,0.8048415184021
10.7844791666667,0.805497169494629
10.7878125,0.806272029876709
10.7911458333333,0.80716609954834
10.7944791666667,0.808179378509521
10.7978125,0.809192657470703
10.8011458333333,0.81026554107666
10.8044791666667,0.811278820037842
10.8078125,0.812292098999023
10.8111458333333,0.81324577331543
10.8144791666667,0.814139842987061
10.8178125,0.815033912658691
10.8211458333333,0.815868377685547
10.8244791666667,0.816702842712402
10.8278125,0.817537307739258
10.8311458333333,0.818431377410889
10.8344791666667,0.81932544708252
10.8378125,0.820338726043701
10.8411458333333,0.821471214294434
10.8444791666667,0.822722911834717
10.8478125,0.824153423309326
10.8511458333333,0.825762748718262
10.8544791666667,0.827550888061523
10.8578125,0.829577445983887
10.8611458333333,0.831782817840576
10.8644791666667,0.834226608276367
10.8678125,0.836789608001709
10.8711458333333,0.839531421661377
10.8744791666667,0.842392444610596
10.8778125,0.845372676849365
10.8811458333333,0.84841251373291
10.8844791666667,0.85151195526123
10.8878125,0.854671001434326
10.8911458333333,0.857770442962646
10.8944791666667,0.860810279846191
10.8978125,0.863790512084961
10.9011458333333,0.86665153503418
10.9044791666667,0.869274139404297
10.9078125,0.871658325195313
10.9111458333333,0.873744487762451
10.9144791666667,0.875532627105713
10.9178125,0.876963138580322
10.9211458333333,0.878036022186279
10.9244791666667,0.878810882568359
10.9278125,0.879287719726563
10.9311458333333,0.879526138305664
10.9344791666667,0.879466533660889
10.9378125,0.879228115081787
10.9411458333333,0.878870487213135
10.9444791666667,0.878393650054932
10.9478125,0.877797603607178
10.9511458333333,0.877261161804199
10.9544791666667,0.876665115356445
10.9578125,0.876128673553467
10.9611458333333,0.875592231750488
10.9644791666667,0.875174999237061
10.9678125,0.874817371368408
10.9711458333333,0.874578952789307
10.9744791666667,0.874340534210205
10.9778125,0.874221324920654
10.9811458333333,0.874161720275879
10.9844791666667,0.874102115631104
10.9878125,0.874161720275879
10.9911458333333,0.874221324920654
10.9944791666667,0.874340534210205
10.9978125,0.874459743499756
11.0011458333333,0.874638557434082
11.0044791666667,0.874757766723633
11.0078125,0.874876976013184
11.0111458333333,0.874936580657959
11.0144791666667,0.874996185302734
11.0178125,0.874936580657959
11.0211458333333,0.874876976013184
11.0244791666667,0.874757766723633
11.0278125,0.874578952789307
11.0311458333333,0.874340534210205
11.0344791666667,0.874102115631104
11.0378125,0.873744487762451
11.0411458333333,0.873386859893799
11.0444791666667,0.872969627380371
11.0478125,0.872492790222168
11.0511458333333,0.871896743774414
11.0544791666667,0.871121883392334
11.0578125,0.870287418365479
11.0611458333333,0.869214534759521
11.0644791666667,0.868022441864014
11.0678125,0.866591930389404
11.0711458333333,0.864923000335693
11.0744791666667,0.863075256347656
11.0778125,0.860989093780518
11.0811458333333,0.858664512634277
11.0844791666667,0.856161117553711
11.0878125,0.853419303894043
11.0911458333333,0.850558280944824
11.0944791666667,0.847518444061279
11.0978125,0.844419002532959
11.1011458333333,0.841259956359863
11.1044791666667,0.838041305541992
11.1078125,0.834763050079346
11.1111458333333,0.83160400390625
11.1144791666667,0.828385353088379
11.1178125,0.825345516204834
11.1211458333333,0.82242488861084
11.1244791666667,0.819623470306396
11.1278125,0.817060470581055
11.1311458333333,0.814735889434814
11.1344791666667,0.812709331512451
11.1378125,0.810980796813965
11.1411458333333,0.809550285339355
11.1444791666667,0.808358192443848
11.1478125,0.807464122772217
11.1511458333333,0.806748867034912
11.1544791666667,0.806272029876709
11.1578125,0.805914402008057
11.1611458333333,0.80573558807373
11.1644791666667,0.805675983428955
11.1678125,0.80573558807373
11.1711458333333,0.805974006652832
11.1744791666667,0.806450843811035
11.1778125,0.80716609954834
11.1811458333333,0.808298587799072
11.1844791666667,0.809907913208008
11.1878125,0.812113285064697
11.1911458333333,0.815093517303467
11.1944791666667,0.819027423858643
11.1978125,0.824034214019775
11.2011458333333,0.830292701721191
11.2044791666667,0.837981700897217
11.2078125,0.847280025482178
11.2111458333333,0.858306884765625
11.2144791666667,0.871121883392334
11.2178125,0.885844230651855
11.2211458333333,0.902533531188965
11.2244791666667,0.921130180358887
11.2278125,0.94151496887207
11.2311458333333,0.96362829208374
11.2344791666667,0.987231731414795
11.2378125,1.01214647293091
11.2411458333333,1.0380744934082
11.2444791666667,1.0647177696228
11.2478125,1.09177827835083
11.2511458333333,1.11889839172363
11.2544791666667,1.14578008651733
11.2578125,1.17206573486328
11.2611458333333,1.19757652282715
11.2644791666667,1.22213363647461
11.2678125,1.24543905258179
11.2711458333333,1.26761198043823
11.2744791666667,1.28859281539917
11.2778125,1.30844116210938
11.2811458333333,1.32745504379272
11.2844791666667,1.3459324836731
11.2878125,1.36417150497437
11.2911458333333,1.38276815414429
11.2944791666667,1.40219926834106
11.2978125,1.42306089401245
11.3011458333333,1.4459490776062
11.3044791666667,1.47151947021484
11.3078125,1.50036811828613
11.3111458333333,1.53303146362305
11.3144791666667,1.56986713409424
11.3178125,1.61135196685791
11.3211458333333,1.65754556655884
11.3244791666667,1.70838832855225
11.3278125,1.76364183425903
11.3311458333333,1.82276964187622
11.3344791666667,1.8850564956665
11.3378125,1.9494891166687
11.3411458333333,2.01499462127686
11.3444791666667,2.08008289337158
11.3478125,2.14338302612305
11.3511458333333,2.20334529876709
11.3544791666667,2.25847959518433
11.3578125,2.30735540390015
11.3611458333333,2.34872102737427
11.3644791666667,2.38132476806641
11.3678125,2.40445137023926
11.3711458333333,2.41732597351074
11.3744791666667,2.41971015930176
11.3778125,2.41154432296753
11.3811458333333,2.39294767379761
11.3844791666667,2.3643970489502
11.3878125,2.3266077041626
11.3911458333333,2.28053331375122
11.3944791666667,2.2270679473877
11.3978125,2.16752290725708
11.4011458333333,2.10297107696533
11.4044791666667,2.03478336334229
11.4078125,1.96409225463867
11.4111458333333,1.89208984375
11.4144791666667,1.81984901428223
11.4178125,1.74832344055176
11.4211458333333,1.67840719223022
11.4244791666667,1.61075592041016
11.4278125,1.54596567153931
11.4311458333333,1.48451328277588
11.4344791666667,1.42669677734375
11.4378125,1.3728141784668
11.4411458333333,1.32286548614502
11.4444791666667,1.27691030502319
11.4478125,1.23500823974609
11.4511458333333,1.19692087173462
11.4544791666667,1.16264820098877
11.4578125,1.13183259963989
11.4611458333333,1.10435485839844
11.4644791666667,1.0799765586853
11.4678125,1.05839967727661
11.4711458333333,1.03938579559326
11.4744791666667,1.02275609970093
11.4778125,1.00827217102051
11.4811458333333,0.99557638168335
11.4844791666667,0.984489917755127
11.4878125,0.974833965301514
11.4911458333333,0.966310501098633
11.4944791666667,0.958859920501709
11.4978125,0.952243804931641
11.5011458333333,0.946342945098877
11.5044791666667,0.941038131713867
11.5078125,0.936269760131836
11.5111458333333,0.932037830352783
11.5144791666667,0.928163528442383
11.5178125,0.924766063690186
11.5211458333333,0.921785831451416
11.5244791666667,0.919103622436523
11.5278125,0.916838645935059
11.5311458333333,0.914812088012695
11.5344791666667,0.913143157958984
11.5378125,0.9116530418396
11.5411458333333,0.910401344299316
11.5444791666667,0.909328460693359
11.5478125,0.908374786376953
11.5511458333333,0.907599925994873
11.5544791666667,0.906825065612793
11.5578125,0.906109809875488
11.5611458333333,0.905334949493408
11.5644791666667,0.904560089111328
11.5678125,0.903725624084473
11.5711458333333,0.902771949768066
11.5744791666667,0.901758670806885
11.5778125,0.900626182556152
11.5811458333333,0.899374485015869
11.5844791666667,0.898063182830811
11.5878125,0.896632671356201
11.5911458333333,0.895142555236816
11.5944791666667,0.893592834472656
11.5978125,0.892043113708496
11.6011458333333,0.890552997589111
11.6044791666667,0.889062881469727
11.6078125,0.887691974639893
11.6111458333333,0.886440277099609
11.6144791666667,0.885367393493652
11.6178125,0.884532928466797
11.6211458333333,0.883936882019043
11.6244791666667,0.883638858795166
11.6278125,0.883638858795166
11.6311458333333,0.883877277374268
11.6344791666667,0.884354114532471
11.6378125,0.885069370269775
11.6411458333333,0.885963439941406
11.6444791666667,0.886976718902588
11.6478125,0.888049602508545
11.6511458333333,0.889182090759277
11.6544791666667,0.890195369720459
11.6578125,0.891268253326416
11.6611458333333,0.892221927642822
11.6644791666667,0.893056392669678
11.6678125,0.893831253051758
11.6711458333333,0.894546508789063
11.6744791666667,0.895082950592041
11.6778125,0.895559787750244
11.6811458333333,0.895977020263672
11.6844791666667,0.896155834197998
11.6878125,0.896275043487549
11.6911458333333,0.896155834197998
11.6944791666667,0.895857810974121
11.6978125,0.895440578460693
11.7011458333333,0.894844532012939
11.7044791666667,0.89418888092041
11.7078125,0.89341402053833
11.7111458333333,0.892579555511475
11.7144791666667,0.891804695129395
11.7178125,0.89108943939209
11.7211458333333,0.890374183654785
11.7244791666667,0.889778137207031
11.7278125,0.889182090759277
11.7311458333333,0.888645648956299
11.7344791666667,0.888049602508545
11.7378125,0.887513160705566
11.7411458333333,0.886917114257813
11.7444791666667,0.886261463165283
11.7478125,0.885546207427979
11.7511458333333,0.884771347045898
11.7544791666667,0.883936882019043
11.7578125,0.883102416992188
11.7611458333333,0.882148742675781
11.7644791666667,0.881195068359375
11.7678125,0.880241394042969
11.7711458333333,0.879347324371338
11.7744791666667,0.878453254699707
11.7778125,0.877618789672852
11.7811458333333,0.876903533935547
11.7844791666667,0.876247882843018
11.7878125,0.87583065032959
11.7911458333333,0.875473022460938
11.7944791666667,0.875353813171387
11.7978125,0.875353813171387
11.8011458333333,0.875532627105713
11.8044791666667,0.87583065032959
11.8078125,0.876247882843018
11.8111458333333,0.876665115356445
11.8144791666667,0.877201557159424
11.8178125,0.877678394317627
11.8211458333333,0.87815523147583
11.8244791666667,0.878572463989258
11.8278125,0.87893009185791
11.8311458333333,0.879168510437012
11.8344791666667,0.879347324371338
11.8378125,0.879406929016113
11.8411458333333,0.879466533660889
11.8444791666667,0.879406929016113
11.8478125,0.879228115081787
11.8511458333333,0.879049301147461
11.8544791666667,0.878810882568359
11.8578125,0.878512859344482
11.8611458333333,0.87815523147583
11.8644791666667,0.877737998962402
11.8678125,0.877320766448975
11.8711458333333,0.876903533935547
11.8744791666667,0.876486301422119
11.8778125,0.876069068908691
11.8811458333333,0.875771045684814
11.8844791666667,0.875592231750488
11.8878125,0.875532627105713
11.8911458333333,0.875592231750488
11.8944791666667,0.87583065032959
11.8978125,0.876188278198242
11.9011458333333,0.876724720001221
11.9044791666667,0.877261161804199
11.9078125,0.877916812896729
11.9111458333333,0.878572463989258
11.9144791666667,0.879168510437012
11.9178125,0.879764556884766
11.9211458333333,0.880241394042969
11.9244791666667,0.880718231201172
11.9278125,0.881195068359375
11.9311458333333,0.881612300872803
11.9344791666667,0.882089138031006
11.9378125,0.882565975189209
11.9411458333333,0.883102416992188
11.9444791666667,0.883698463439941
11.9478125,0.884413719177246
11.9511458333333,0.885128974914551
11.9544791666667,0.885963439941406
11.9578125,0.886917114257813
11.9611458333333,0.887870788574219
11.9644791666667,0.889003276824951
11.9678125,0.890195369720459
11.9711458333333,0.891506671905518
11.9744791666667,0.892877578735352
11.9778125,0.894308090209961
11.9811458333333,0.89573860168457
11.9844791666667,0.897228717803955
11.9878125,0.898599624633789
11.9911458333333,0.899970531463623
11.9944791666667,0.901162624359131
11.9978125,0.902295112609863
12.0011458333333,0.90336799621582
12.0044791666667,0.904321670532227
12.0078125,0.905215740203857
12.0111458333333,0.906109809875488
12.0144791666667,0.906884670257568
12.0178125,0.907659530639648
12.0211458333333,0.908434391021729
12.0244791666667,0.909149646759033
12.0278125,0.909745693206787
12.0311458333333,0.910401344299316
12.0344791666667,0.910937786102295
12.0378125,0.911533832550049
12.0411458333333,0.912070274353027
12.0444791666667,0.912725925445557
12.0478125,0.913381576538086
12.0511458333333,0.914216041564941
12.0544791666667,0.915110111236572
12.0578125,0.916123390197754
12.0611458333333,0.917255878448486
12.0644791666667,0.91850757598877
12.0678125,0.919818878173828
12.0711458333333,0.921189785003662
12.0744791666667,0.922560691833496
12.0778125,0.92393159866333
12.0811458333333,0.925302505493164
12.0844791666667,0.926554203033447
12.0878125,0.927627086639404
12.0911458333333,0.928640365600586
12.0944791666667,0.929415225982666
12.0978125,0.93001127243042
12.1011458333333,0.930368900299072
12.1044791666667,0.930547714233398
12.1078125,0.930547714233398
12.1111458333333,0.930428504943848
12.1144791666667,0.930190086364746
12.1178125,0.929892063140869
12.1211458333333,0.929653644561768
12.1244791666667,0.929415225982666
12.1278125,0.929296016693115
12.1311458333333,0.929176807403564
12.1344791666667,0.92923641204834
12.1378125,0.929296016693115
12.1411458333333,0.929474830627441
12.1444791666667,0.929713249206543
12.1478125,0.93001127243042
12.1511458333333,0.930368900299072
12.1544791666667,0.9307861328125
12.1578125,0.931262969970703
12.1611458333333,0.931799411773682
12.1644791666667,0.932455062866211
12.1678125,0.933170318603516
12.1711458333333,0.933825969696045
12.1744791666667,0.93454122543335
12.1778125,0.935137271881104
12.1811458333333,0.935673713684082
12.1844791666667,0.93609094619751
12.1878125,0.936388969421387
12.1911458333333,0.936508178710938
12.1944791666667,0.936567783355713
12.1978125,0.936508178710938
12.2011458333333,0.936388969421387
12.2044791666667,0.936269760131836
12.2078125,0.936150550842285
12.2111458333333,0.93609094619751
12.2144791666667,0.935971736907959
12.2178125,0.935971736907959
12.2211458333333,0.935912132263184
12.2244791666667,0.935852527618408
12.2278125,0.935733318328857
12.2311458333333,0.935554504394531
12.2344791666667,0.93531608581543
12.2378125,0.935077667236328
12.2411458333333,0.934720039367676
12.2444791666667,0.934243202209473
12.2478125,0.93376636505127
12.2511458333333,0.933229923248291
12.2544791666667,0.932633876800537
12.2578125,0.931978225708008
12.2611458333333,0.931322574615479
12.2644791666667,0.930666923522949
12.2678125,0.929951667785645
12.2711458333333,0.929296016693115
12.2744791666667,0.928580760955811
12.2778125,0.92780590057373
12.2811458333333,0.927150249481201
12.2844791666667,0.926434993743896
12.2878125,0.925779342651367
12.2911458333333,0.925123691558838
12.2944791666667,0.924468040466309
12.2978125,0.923871994018555
12.3011458333333,0.923275947570801
12.3044791666667,0.922679901123047
12.3078125,0.922143459320068
12.3111458333333,0.92160701751709
12.3144791666667,0.921010971069336
12.3178125,0.920474529266357
12.3211458333333,0.919878482818604
12.3244791666667,0.91928243637085
12.3278125,0.918686389923096
12.3311458333333,0.918149948120117
12.3344791666667,0.917553901672363
12.3378125,0.916957855224609
12.3411458333333,0.916361808776855
12.3444791666667,0.915706157684326
12.3478125,0.915050506591797
12.3511458333333,0.914454460144043
12.3544791666667,0.913858413696289
12.3578125,0.913321971893311
12.3611458333333,0.912845134735107
12.3644791666667,0.912487506866455
12.3678125,0.912249088287354
12.3711458333333,0.912129878997803
12.3744791666667,0.912129878997803
12.3778125,0.912249088287354
12.3811458333333,0.91254711151123
12.3844791666667,0.912904739379883
12.3878125,0.913381576538086
12.3911458333333,0.913918018341064
12.3944791666667,0.914454460144043
12.3978125,0.915050506591797
12.4011458333333,0.915586948394775
12.4044791666667,0.916063785552979
12.4078125,0.916481018066406
12.4111458333333,0.916719436645508
12.4144791666667,0.916779041290283
12.4178125,0.916719436645508
12.4211458333333,0.916481018066406
12.4244791666667,0.916063785552979
12.4278125,0.915467739105225
12.4311458333333,0.91475248336792
12.4344791666667,0.91397762298584
12.4378125,0.91320276260376
12.4411458333333,0.91242790222168
12.4444791666667,0.9116530418396
12.4478125,0.91099739074707
12.4511458333333,0.910460948944092
12.4544791666667,0.909984111785889
12.4578125,0.909507274627686
12.4611458333333,0.909090042114258
12.4644791666667,0.90867280960083
12.4678125,0.908195972442627
12.4711458333333,0.907659530639648
12.4744791666667,0.906944274902344
12.4778125,0.906169414520264
12.4811458333333,0.905334949493408
12.4844791666667,0.904381275177002
12.4878125,0.903427600860596
12.4911458333333,0.902473926544189
12.4944791666667,0.901520252227783
12.4978125,0.900685787200928
12.5011458333333,0.899910926818848
12.5044791666667,0.899314880371094
12.5078125,0.898838043212891
12.5111458333333,0.898480415344238
12.5144791666667,0.898361206054688
12.5178125,0.898420810699463
12.5211458333333,0.898599624633789
12.5244791666667,0.898957252502441
12.5278125,0.89949369430542
12.5311458333333,0.900089740753174
12.5344791666667,0.900804996490479
12.5378125,0.901579856872559
12.5411458333333,0.902354717254639
12.5444791666667,0.903189182281494
12.5478125,0.903964042663574
12.5511458333333,0.90479850769043
12.5544791666667,0.90557336807251
12.5578125,0.906407833099365
12.5611458333333,0.907242298126221
12.5644791666667,0.908136367797852
12.5678125,0.909090042114258
12.5711458333333,0.910103321075439
12.5744791666667,0.911176204681396
12.5778125,0.912308692932129
12.5811458333333,0.913500785827637
12.5844791666667,0.914692878723145
12.5878125,0.916004180908203
12.5911458333333,0.917315483093262
12.5944791666667,0.918745994567871
12.5978125,0.920116901397705
12.6011458333333,0.92160701751709
12.6044791666667,0.92315673828125
12.6078125,0.924825668334961
12.6111458333333,0.926494598388672
12.6144791666667,0.928282737731934
12.6178125,0.930130481719971
12.6211458333333,0.931978225708008
12.6244791666667,0.933825969696045
12.6278125,0.935673713684082
12.6311458333333,0.937521457672119
12.6344791666667,0.939249992370605
12.6378125,0.940859317779541
12.6411458333333,0.942409038543701
12.6444791666667,0.943779945373535
12.6478125,0.945091247558594
12.6511458333333,0.946223735809326
12.6544791666667,0.947296619415283
12.6578125,0.948250293731689
12.6611458333333,0.949203968048096
12.6644791666667,0.950038433074951
12.6678125,0.950872898101807
12.6711458333333,0.951707363128662
12.6744791666667,0.952661037445068
12.6778125,0.95367431640625
12.6811458333333,0.954806804656982
12.6844791666667,0.956118106842041
12.6878125,0.95754861831665
12.6911458333333,0.959157943725586
12.6944791666667,0.960946083068848
12.6978125,0.962793827056885
12.7011458333333,0.964641571044922
12.7044791666667,0.966548919677734
12.7078125,0.968337059020996
12.7111458333333,0.970005989074707
12.7144791666667,0.971555709838867
12.7178125,0.972867012023926
12.7211458333333,0.973939895629883
12.7244791666667,0.974774360656738
12.7278125,0.975430011749268
12.7311458333333,0.975847244262695
12.7344791666667,0.976085662841797
12.7378125,0.976145267486572
12.7411458333333,0.976026058197021
12.7444791666667,0.975847244262695
12.7478125,0.975489616394043
12.7511458333333,0.975131988525391
12.7544791666667,0.974714756011963
12.7578125,0.974297523498535
12.7611458333333,0.973939895629883
12.7644791666667,0.973641872406006
12.7678125,0.973403453826904
12.7711458333333,0.973284244537354
12.7744791666667,0.973224639892578
12.7778125,0.973284244537354
12.7811458333333,0.973343849182129
12.7844791666667,0.97346305847168
12.7878125,0.973641872406006
12.7911458333333,0.973820686340332
12.7944791666667,0.973999500274658
12.7978125,0.974178314208984
12.8011458333333,0.974357128143311
12.8044791666667,0.974535942077637
12.8078125,0.974774360656738
12.8111458333333,0.97501277923584
12.8144791666667,0.975310802459717
12.8178125,0.975668430328369
12.8211458333333,0.976085662841797
12.8244791666667,0.9765625
12.8278125,0.977158546447754
12.8311458333333,0.977814197540283
12.8344791666667,0.978648662567139
12.8378125,0.97966194152832
12.8411458333333,0.980794429779053
12.8444791666667,0.982046127319336
12.8478125,0.983476638793945
12.8511458333333,0.985026359558105
12.8544791666667,0.986576080322266
12.8578125,0.988185405731201
12.8611458333333,0.989735126495361
12.8644791666667,0.991165637969971
12.8678125,0.992476940155029
12.8711458333333,0.993609428405762
12.8744791666667,0.994563102722168
12.8778125,0.995337963104248
12.8811458333333,0.995934009552002
12.8844791666667,0.996410846710205
12.8878125,0.996768474578857
12.8911458333333,0.997006893157959
12.8944791666667,0.997245311737061
12.8978125,0.997364521026611
12.9011458333333,0.997543334960938
12.9044791666667,0.997602939605713
12.9078125,0.997722148895264
12.9111458333333,0.997841358184814
12.9144791666667,0.997960567474365
12.9178125,0.998139381408691
12.9211458333333,0.998258590698242
12.9244791666667,0.998437404632568
12.9278125,0.998616218566895
12.9311458333333,0.998795032501221
12.9344791666667,0.998914241790771
12.9378125,0.999033451080322
12.9411458333333,0.998973846435547
12.9444791666667,0.998735427856445
12.9478125,0.998377799987793
12.9511458333333,0.997781753540039
12.9544791666667,0.996947288513184
12.9578125,0.995934009552002
12.9611458333333,0.994741916656494
12.9644791666667,0.993430614471436
12.9678125,0.992000102996826
12.9711458333333,0.990509986877441
12.9744791666667,0.989079475402832
12.9778125,0.987648963928223
12.9811458333333,0.986337661743164
12.9844791666667,0.985085964202881
12.9878125,0.984013080596924
12.9911458333333,0.983119010925293
12.9944791666667,0.982284545898438
12.9978125,0.981569290161133
13.0011458333333,0.980913639068604
13.0044791666667,0.98031759262085
13.0078125,0.979781150817871
13.0111458333333,0.979244709014893
13.0144791666667,0.978767871856689
13.0178125,0.978231430053711
13.0211458333333,0.977754592895508
13.0244791666667,0.977277755737305
13.0278125,0.976800918579102
13.0311458333333,0.976383686065674
13.0344791666667,0.975966453552246
13.0378125,0.975489616394043
13.0411458333333,0.975072383880615
13.0444791666667,0.974595546722412
13.0478125,0.974059104919434
13.0511458333333,0.97346305847168
13.0544791666667,0.972867012023926
13.0578125,0.972270965576172
13.0611458333333,0.971734523773193
13.0644791666667,0.971138477325439
13.0678125,0.970661640167236
13.0711458333333,0.970184803009033
13.0744791666667,0.969767570495605
13.0778125,0.969350337982178
13.0811458333333,0.968873500823975
13.0844791666667,0.968396663665771
13.0878125,0.967919826507568
13.0911458333333,0.967323780059814
13.0944791666667,0.966787338256836
13.0978125,0.966250896453857
13.1011458333333,0.965774059295654
13.1044791666667,0.965476036071777
13.1078125,0.965416431427002
13.1111458333333,0.965535640716553
13.1144791666667,0.96595287322998
13.1178125,0.966668128967285
13.1211458333333,0.967621803283691
13.1244791666667,0.968813896179199
13.1278125,0.970184803009033
13.1311458333333,0.971794128417969
13.1344791666667,0.97346305847168
13.1378125,0.975251197814941
13.1411458333333,0.977158546447754
13.1444791666667,0.979185104370117
13.1478125,0.981271266937256
13.1511458333333,0.983476638793945
13.1544791666667,0.98574161529541
13.1578125,0.988125801086426
13.1611458333333,0.990509986877441
13.1644791666667,0.992953777313232
13.1678125,0.995397567749023
13.1711458333333,0.997722148895264
13.1744791666667,0.999867916107178
13.1778125,1.00189447402954
13.1811458333333,1.0036826133728
13.1844791666667,1.00529193878174
13.1878125,1.0066032409668
13.1911458333333,1.00761651992798
13.1944791666667,1.00845098495483
13.1978125,1.00898742675781
13.2011458333333,1.00934505462646
13.2044791666667,1.00952386856079
13.2078125,1.00958347320557
13.2111458333333,1.00946426391602
13.2144791666667,1.00928544998169
13.2178125,1.00904703140259
13.2211458333333,1.00868940353394
13.2244791666667,1.00827217102051
13.2278125,1.0077953338623
13.2311458333333,1.00725889205933
13.2344791666667,1.0066032409668
13.2378125,1.00594758987427
13.2411458333333,1.00523233413696
13.2444791666667,1.00445747375488
13.2478125,1.00374221801758
13.2511458333333,1.00308656692505
13.2544791666667,1.00249052047729
13.2578125,1.00201368331909
13.2611458333333,1.00165605545044
13.2644791666667,1.00147724151611
13.2678125,1.00147724151611
13.2711458333333,1.00159645080566
13.2744791666667,1.00189447402954
13.2778125,1.00231170654297
13.2811458333333,1.00290775299072
13.2844791666667,1.00374221801758
13.2878125,1.00475549697876
13.2911458333333,1.00594758987427
13.2944791666667,1.00737810134888
13.2978125,1.00904703140259
13.3011458333333,1.01083517074585
13.3044791666667,1.01280212402344
13.3078125,1.01494789123535
13.3111458333333,1.01715326309204
13.3144791666667,1.01935863494873
13.3178125,1.02150440216064
13.3211458333333,1.02365016937256
13.3244791666667,1.02567672729492
13.3278125,1.02758407592773
13.3311458333333,1.02931261062622
13.3344791666667,1.03092193603516
13.3378125,1.03235244750977
13.3411458333333,1.03360414505005
13.3444791666667,1.03467702865601
13.3478125,1.03557109832764
13.3511458333333,1.03622674942017
13.3544791666667,1.03682279586792
13.3578125,1.03718042373657
13.3611458333333,1.03741884231567
13.3644791666667,1.03747844696045
13.3678125,1.0373592376709
13.3711458333333,1.0371208190918
13.3744791666667,1.03664398193359
13.3778125,1.03604793548584
13.3811458333333,1.03521347045898
13.3844791666667,1.03414058685303
13.3878125,1.03294849395752
13.3911458333333,1.03151798248291
13.3944791666667,1.02990865707397
13.3978125,1.02818012237549
13.4011458333333,1.026451587677
13.4044791666667,1.02472305297852
13.4078125,1.0230541229248
13.4111458333333,1.02156400680542
13.4144791666667,1.02019309997559
13.4178125,1.01906061172485
13.4211458333333,1.01816654205322
13.4244791666667,1.01751089096069
13.4278125,1.01703405380249
13.4311458333333,1.01673603057861
13.4344791666667,1.01661682128906
13.4378125,1.01649761199951
13.4411458333333,1.01649761199951
13.4444791666667,1.01649761199951
13.4478125,1.01655721664429
13.4511458333333,1.01661682128906
13.4544791666667,1.01667642593384
13.4578125,1.01679563522339
13.4611458333333,1.01691484451294
13.4644791666667,1.01709365844727
13.4678125,1.01733207702637
13.4711458333333,1.01763010025024
13.4744791666667,1.0179877281189
13.4778125,1.01840496063232
13.4811458333333,1.01882219314575
13.4844791666667,1.01929903030396
13.4878125,1.01983547210693
13.4911458333333,1.02049112319946
13.4944791666667,1.02132558822632
13.4978125,1.02227926254272
13.5011458333333,1.02341175079346
13.5044791666667,1.02478265762329
13.5078125,1.026451587677
13.5111458333333,1.02829933166504
13.5144791666667,1.0303258895874
13.5178125,1.03253126144409
13.5211458333333,1.03485584259033
13.5244791666667,1.03724002838135
13.5278125,1.03962421417236
13.5311458333333,1.0419487953186
13.5344791666667,1.04427337646484
13.5378125,1.04647874832153
13.5411458333333,1.04856491088867
13.5444791666667,1.05053186416626
13.5478125,1.05243921279907
13.5511458333333,1.05416774749756
13.5544791666667,1.05583667755127
13.5578125,1.05732679367065
13.5611458333333,1.05863809585571
13.5644791666667,1.059889793396
13.5678125,1.06096267700195
13.5711458333333,1.06197595596313
13.5744791666667,1.06287002563477
13.5778125,1.06370449066162
13.5811458333333,1.06441974639893
13.5844791666667,1.06507539749146
13.5878125,1.06555223464966
13.5911458333333,1.06596946716309
13.5944791666667,1.06614828109741
13.5978125,1.06620788574219
13.6011458333333,1.06614828109741
13.6044791666667,1.06585025787354
13.6078125,1.06537342071533
13.6111458333333,1.06483697891235
13.6144791666667,1.06412172317505
13.6178125,1.06340646743774
13.6211458333333,1.06257200241089
13.6244791666667,1.06179714202881
13.6278125,1.06096267700195
13.6311458333333,1.06018781661987
13.6344791666667,1.05941295623779
13.6378125,1.05869770050049
13.6411458333333,1.05810165405273
13.6444791666667,1.05756521224976
13.6478125,1.05714797973633
13.6511458333333,1.056969165802
13.6544791666667,1.056969165802
13.6578125,1.05714797973633
13.6611458333333,1.05756521224976
13.6644791666667,1.05822086334229
13.6678125,1.05911493301392
13.6711458333333,1.06024742126465
13.6744791666667,1.06149911880493
13.6778125,1.06292963027954
13.6811458333333,1.0644793510437
13.6844791666667,1.06614828109741
13.6878125,1.06793642044067
13.6911458333333,1.06978416442871
13.6944791666667,1.07169151306152
13.6978125,1.07365846633911
13.7011458333333,1.0756254196167
13.7044791666667,1.07771158218384
13.7078125,1.0797381401062
13.7111458333333,1.08188390731812
13.7144791666667,1.08397006988525
13.7178125,1.08605623245239
13.7211458333333,1.08808279037476
13.7244791666667,1.09004974365234
13.7278125,1.09195709228516
13.7311458333333,1.09374523162842
13.7344791666667,1.09529495239258
13.7378125,1.09666585922241
13.7411458333333,1.09779834747314
13.7444791666667,1.0986328125
13.7478125,1.09922885894775
13.7511458333333,1.09952688217163
13.7544791666667,1.09958648681641
13.7578125,1.09946727752686
13.7611458333333,1.09916925430298
13.7644791666667,1.09875202178955
13.7678125,1.09827518463135
13.7711458333333,1.09773874282837
13.7744791666667,1.09726190567017
13.7778125,1.09684467315674
13.7811458333333,1.09654664993286
13.7844791666667,1.09636783599854
13.7878125,1.09636783599854
13.7911458333333,1.09654664993286
13.7944791666667,1.09690427780151
13.7978125,1.09744071960449
13.8011458333333,1.09809637069702
13.8044791666667,1.0988712310791
13.8078125,1.09976530075073
13.8111458333333,1.10071897506714
13.8144791666667,1.10173225402832
13.8178125,1.10280513763428
13.8211458333333,1.10387802124023
13.8244791666667,1.10495090484619
13.8278125,1.10608339309692
13.8311458333333,1.10715627670288
13.8344791666667,1.10828876495361
13.8378125,1.10942125320435
13.8411458333333,1.11055374145508
13.8444791666667,1.11168622970581
13.8478125,1.11275911331177
13.8511458333333,1.1138916015625
13.8544791666667,1.11502408981323
13.8578125,1.11621618270874
13.8611458333333,1.11740827560425
13.8644791666667,1.11865997314453
13.8678125,1.11985206604004
13.8711458333333,1.12110376358032
13.8744791666667,1.12241506576538
13.8778125,1.12372636795044
13.8811458333333,1.1250376701355
13.8844791666667,1.12640857696533
13.8878125,1.12777948379517
13.8911458333333,1.12926959991455
13.8944791666667,1.13070011138916
13.8978125,1.13224983215332
13.9011458333333,1.13379955291748
13.9044791666667,1.13528966903687
13.9078125,1.13677978515625
13.9111458333333,1.13821029663086
13.9144791666667,1.13952159881592
13.9178125,1.14065408706665
13.9211458333333,1.14160776138306
13.9244791666667,1.14244222640991
13.9278125,1.14297866821289
13.9311458333333,1.14339590072632
13.9344791666667,1.14363431930542
13.9378125,1.14363431930542
13.9411458333333,1.14357471466064
13.9444791666667,1.14339590072632
13.9478125,1.14309787750244
13.9511458333333,1.14274024963379
13.9544791666667,1.14226341247559
13.9578125,1.14166736602783
13.9611458333333,1.1410117149353
13.9644791666667,1.14017724990845
13.9678125,1.13910436630249
13.9711458333333,1.13791227340698
13.9744791666667,1.13654136657715
13.9778125,1.13493204116821
13.9811458333333,1.13320350646973
13.9844791666667,1.13129615783691
13.9878125,1.12926959991455
13.9911458333333,1.12712383270264
13.9944791666667,1.12491846084595
13.9978125,1.12265348434448
14.0011458333333,1.12026929855347
14.0044791666667,1.11788511276245
14.0078125,1.11550092697144
14.0111458333333,1.11299753189087
14.0144791666667,1.1104941368103
14.0178125,1.10799074172974
14.0211458333333,1.10542774200439
14.0244791666667,1.10286474227905
14.0278125,1.10036134719849
14.0311458333333,1.0979175567627
14.0344791666667,1.09553337097168
14.0378125,1.09320878982544
14.0411458333333,1.09106302261353
14.0444791666667,1.08909606933594
14.0478125,1.0872483253479
14.0511458333333,1.08563899993896
14.0544791666667,1.08420848846436
14.0578125,1.08295679092407
14.0611458333333,1.08194351196289
14.0644791666667,1.08122825622559
14.0678125,1.08063220977783
14.0711458333333,1.08033418655396
14.0744791666667,1.08027458190918
14.0778125,1.08045339584351
14.0811458333333,1.08081102371216
14.0844791666667,1.08140707015991
14.0878125,1.08212232589722
14.0911458333333,1.08301639556885
14.0944791666667,1.08402967453003
14.0978125,1.08516216278076
14.1011458333333,1.08635425567627
14.1044791666667,1.08760595321655
14.1078125,1.08891725540161
14.1111458333333,1.09022855758667
14.1144791666667,1.09153985977173
14.1178125,1.09285116195679
14.1211458333333,1.09410285949707
14.1244791666667,1.09535455703735
14.1278125,1.09654664993286
14.1311458333333,1.09767913818359
14.1344791666667,1.09875202178955
14.1378125,1.09976530075073
14.1411458333333,1.10071897506714
14.1444791666667,1.10155344009399
14.1478125,1.10238790512085
14.1511458333333,1.10310316085815
14.1544791666667,1.10375881195068
14.1578125,1.10429525375366
14.1611458333333,1.10477209091187
14.1644791666667,1.10512971878052
14.1678125,1.10542774200439
14.1711458333333,1.10560655593872
14.1744791666667,1.1056661605835
14.1778125,1.10554695129395
14.1811458333333,1.10536813735962
14.1844791666667,1.10507011413574
14.1878125,1.10459327697754
14.1911458333333,1.10405683517456
14.1944791666667,1.10340118408203
14.1978125,1.1027455329895
14.2011458333333,1.1020302772522
14.2044791666667,1.10137462615967
14.2078125,1.10077857971191
14.2111458333333,1.10018253326416
14.2144791666667,1.09970569610596
14.2178125,1.09928846359253
14.2211458333333,1.09899044036865
14.2244791666667,1.09869241714478
14.2278125,1.09845399856567
14.2311458333333,1.09821557998657
14.2344791666667,1.09803676605225
14.2378125,1.09779834747314
14.2411458333333,1.09761953353882
14.2444791666667,1.09750032424927
14.2478125,1.09744071960449
14.2511458333333,1.09738111495972
14.2544791666667,1.09744071960449
14.2578125,1.09761953353882
14.2611458333333,1.09785795211792
14.2644791666667,1.0981559753418
14.2678125,1.09851360321045
14.2711458333333,1.09893083572388
14.2744791666667,1.09940767288208
14.2778125,1.09994411468506
14.2811458333333,1.10042095184326
14.2844791666667,1.10095739364624
14.2878125,1.10149383544922
14.2911458333333,1.10197067260742
14.2944791666667,1.1025071144104
14.2978125,1.10304355621338
14.3011458333333,1.10357999801636
14.3044791666667,1.10417604446411
14.3078125,1.10483169555664
14.3111458333333,1.10554695129395
14.3144791666667,1.10626220703125
14.3178125,1.10715627670288
14.3211458333333,1.10805034637451
14.3244791666667,1.10912322998047
14.3278125,1.1102557182312
14.3311458333333,1.11156702041626
14.3344791666667,1.11305713653564
14.3378125,1.11466646194458
14.3411458333333,1.11651420593262
14.3444791666667,1.11860036849976
14.3478125,1.120924949646
14.3511458333333,1.12354755401611
14.3544791666667,1.12634897232056
14.3578125,1.1293888092041
14.3611458333333,1.13260746002197
14.3644791666667,1.13600492477417
14.3678125,1.13952159881592
14.3711458333333,1.14315748214722
14.3744791666667,1.14673376083374
14.3778125,1.15036964416504
14.3811458333333,1.15382671356201
14.3844791666667,1.15716457366943
14.3878125,1.16032361984253
14.3911458333333,1.16324424743652
14.3944791666667,1.16586685180664
14.3978125,1.16819143295288
14.4011458333333,1.17027759552002
14.4044791666667,1.17206573486328
14.4078125,1.17361545562744
14.4111458333333,1.17498636245728
14.4144791666667,1.17611885070801
14.4178125,1.17713212966919
14.4211458333333,1.17796659469604
14.4244791666667,1.17868185043335
14.4278125,1.17921829223633
14.4311458333333,1.17951631546021
14.4344791666667,1.17969512939453
14.4378125,1.17957592010498
14.4411458333333,1.1792778968811
14.4444791666667,1.17886066436768
14.4478125,1.17826461791992
14.4511458333333,1.17760896682739
14.4544791666667,1.17695331573486
14.4578125,1.17629766464233
14.4611458333333,1.17582082748413
14.4644791666667,1.17546319961548
14.4678125,1.17528438568115
14.4711458333333,1.17534399032593
14.4744791666667,1.1756420135498
14.4778125,1.17605924606323
14.4811458333333,1.17671489715576
14.4844791666667,1.17754936218262
14.4878125,1.1785626411438
14.4911458333333,1.17969512939453
14.4944791666667,1.18106603622437
14.4978125,1.18255615234375
14.5011458333333,1.18422508239746
14.5044791666667,1.18601322174072
14.5078125,1.18792057037354
14.5111458333333,1.18988752365112
14.5144791666667,1.19185447692871
14.5178125,1.19376182556152
14.5211458333333,1.19560956954956
14.5244791666667,1.19727849960327
14.5278125,1.19882822036743
14.5311458333333,1.20019912719727
14.5344791666667,1.201331615448
14.5378125,1.20234489440918
14.5411458333333,1.20311975479126
14.5444791666667,1.20377540588379
14.5478125,1.20431184768677
14.5511458333333,1.2047290802002
14.5544791666667,1.20502710342407
14.5578125,1.20526552200317
14.5611458333333,1.20538473129272
14.5644791666667,1.20550394058228
14.5678125,1.2054443359375
14.5711458333333,1.20532512664795
14.5744791666667,1.20508670806885
14.5778125,1.2047290802002
14.5811458333333,1.20425224304199
14.5844791666667,1.20365619659424
14.5878125,1.20294094085693
14.5911458333333,1.20216608047485
14.5944791666667,1.20121240615845
14.5978125,1.20025873184204
14.6011458333333,1.19924545288086
14.6044791666667,1.19829177856445
14.6078125,1.19733810424805
14.6111458333333,1.19644403457642
14.6144791666667,1.19566917419434
14.6178125,1.19501352310181
14.6211458333333,1.1945366859436
14.6244791666667,1.19417905807495
14.6278125,1.19394063949585
14.6311458333333,1.19388103485107
14.6344791666667,1.19388103485107
14.6378125,1.19394063949585
14.6411458333333,1.19400024414063
14.6444791666667,1.19400024414063
14.6478125,1.19400024414063
14.6511458333333,1.19400024414063
14.6544791666667,1.19388103485107
14.6578125,1.19376182556152
14.6611458333333,1.19364261627197
14.6644791666667,1.19352340698242
14.6678125,1.19340419769287
14.6711458333333,1.19328498840332
14.6744791666667,1.19316577911377
14.6778125,1.19304656982422
14.6811458333333,1.19286775588989
14.6844791666667,1.19268894195557
14.6878125,1.19245052337646
14.6911458333333,1.19221210479736
14.6944791666667,1.19191408157349
14.6978125,1.19155645370483
14.7011458333333,1.19113922119141
14.7044791666667,1.19060277938843
14.7078125,1.1899471282959
14.7111458333333,1.18917226791382
14.7144791666667,1.18821859359741
14.7178125,1.18720531463623
14.7211458333333,1.18601322174072
14.7244791666667,1.18470191955566
14.7278125,1.18333101272583
14.7311458333333,1.18190050125122
14.7344791666667,1.18052959442139
14.7378125,1.17915868759155
14.7411458333333,1.17790699005127
14.7444791666667,1.17671489715576
14.7478125,1.17570161819458
14.7511458333333,1.17474794387817
14.7544791666667,1.17403268814087
14.7578125,1.17337703704834
14.7611458333333,1.17295980453491
14.7644791666667,1.17272138595581
14.7678125,1.17272138595581
14.7711458333333,1.17290019989014
14.7744791666667,1.17337703704834
14.7778125,1.17409229278564
14.7811458333333,1.17510557174683
14.7844791666667,1.17629766464233
14.7878125,1.17766857147217
14.7911458333333,1.17921829223633
14.7944791666667,1.18094682693481
14.7978125,1.1826753616333
14.8011458333333,1.18452310562134
14.8044791666667,1.18643045425415
14.8078125,1.18833780288696
14.8111458333333,1.190185546875
14.8144791666667,1.19197368621826
14.8178125,1.19376182556152
14.8211458333333,1.19543075561523
14.8244791666667,1.19704008102417
14.8278125,1.19858980178833
14.8311458333333,1.20002031326294
14.8344791666667,1.20139122009277
14.8378125,1.20270252227783
14.8411458333333,1.20401382446289
14.8444791666667,1.20526552200317
14.8478125,1.20657682418823
14.8511458333333,1.20788812637329
14.8544791666667,1.20925903320313
14.8578125,1.21062994003296
14.8611458333333,1.21212005615234
14.8644791666667,1.21361017227173
14.8678125,1.21515989303589
14.8711458333333,1.21676921844482
14.8744791666667,1.21831893920898
14.8778125,1.2199878692627
14.8811458333333,1.22159719467163
14.8844791666667,1.22320652008057
14.8878125,1.2248158454895
14.8911458333333,1.22636556625366
14.8944791666667,1.22791528701782
14.8978125,1.22934579849243
14.9011458333333,1.23065710067749
14.9044791666667,1.23190879821777
14.9078125,1.23298168182373
14.9111458333333,1.23387575149536
14.9144791666667,1.23465061187744
14.9178125,1.23530626296997
14.9211458333333,1.23584270477295
14.9244791666667,1.23625993728638
14.9278125,1.23655796051025
14.9311458333333,1.23679637908936
14.9344791666667,1.23703479766846
14.9378125,1.23727321624756
14.9411458333333,1.23751163482666
14.9444791666667,1.23769044876099
14.9478125,1.23792886734009
14.9511458333333,1.23810768127441
14.9544791666667,1.23828649520874
14.9578125,1.23852491378784
14.9611458333333,1.23870372772217
14.9644791666667,1.23882293701172
14.9678125,1.23894214630127
14.9711458333333,1.23900175094604
14.9744791666667,1.23906135559082
14.9778125,1.23900175094604
14.9811458333333,1.23888254165649
14.9844791666667,1.23864412307739
14.9878125,1.23828649520874
14.9911458333333,1.23775005340576
14.9944791666667,1.23703479766846
14.9978125,1.23614072799683
15.0011458333333,1.23500823974609
15.0044791666667,1.23375654220581
15.0078125,1.2323260307312
15.0111458333333,1.23077630996704
15.0144791666667,1.22910737991333
15.0178125,1.22731924057007
15.0211458333333,1.22547149658203
15.0244791666667,1.22356414794922
15.0278125,1.22165679931641
15.0311458333333,1.21980905532837
15.0344791666667,1.21808052062988
15.0378125,1.21641159057617
15.0411458333333,1.21486186981201
15.0444791666667,1.2134313583374
15.0478125,1.21223926544189
15.0511458333333,1.21122598648071
15.0544791666667,1.21039152145386
15.0578125,1.20973587036133
15.0611458333333,1.20925903320313
15.0644791666667,1.20896100997925
15.0678125,1.20878219604492
15.0711458333333,1.2088418006897
15.0744791666667,1.20902061462402
15.0778125,1.2093186378479
15.0811458333333,1.20985507965088
15.0844791666667,1.21051073074341
15.0878125,1.21134519577026
15.0911458333333,1.21229887008667
15.0944791666667,1.2134313583374
15.0978125,1.21456384658813
15.1011458333333,1.21587514877319
15.1044791666667,1.21718645095825
15.1078125,1.21855735778809
15.1111458333333,1.21992826461792
15.1144791666667,1.2214183807373
15.1178125,1.22296810150146
15.1211458333333,1.22451782226563
15.1244791666667,1.22618675231934
15.1278125,1.2279748916626
15.1311458333333,1.22976303100586
15.1344791666667,1.2316107749939
15.1378125,1.23351812362671
15.1411458333333,1.23542547225952
15.1444791666667,1.23733282089233
15.1478125,1.2391209602356
15.1511458333333,1.24084949493408
15.1544791666667,1.24239921569824
15.1578125,1.24382972717285
15.1611458333333,1.24508142471313
15.1644791666667,1.24609470367432
15.1678125,1.2468695640564
15.1711458333333,1.24740600585938
15.1744791666667,1.24770402908325
15.1778125,1.24776363372803
15.1811458333333,1.2475848197937
15.1844791666667,1.24722719192505
15.1878125,1.24663114547729
15.1911458333333,1.24585628509521
15.1944791666667,1.24496221542358
15.1978125,1.24388933181763
15.2011458333333,1.24269723892212
15.2044791666667,1.24138593673706
15.2078125,1.240074634552
15.2111458333333,1.23864412307739
15.2144791666667,1.23727321624756
15.2178125,1.23584270477295
15.2211458333333,1.23447179794312
15.2244791666667,1.23316049575806
15.2278125,1.23196840286255
15.2311458333333,1.23083591461182
15.2344791666667,1.22982263565063
15.2378125,1.228928565979
15.2411458333333,1.22815370559692
15.2444791666667,1.22755765914917
15.2478125,1.22702121734619
15.2511458333333,1.22666358947754
15.2544791666667,1.22642517089844
15.2578125,1.22630596160889
15.2611458333333,1.22624635696411
15.2644791666667,1.22636556625366
15.2678125,1.22660398483276
15.2711458333333,1.22702121734619
15.2744791666667,1.22755765914917
15.2778125,1.2282133102417
15.2811458333333,1.22904777526855
15.2844791666667,1.23000144958496
15.2878125,1.23107433319092
15.2911458333333,1.23226642608643
15.2944791666667,1.23345851898193
15.2978125,1.23471021652222
15.3011458333333,1.2359619140625
15.3044791666667,1.23715400695801
15.3078125,1.23834609985352
15.3111458333333,1.23941898345947
15.3144791666667,1.24049186706543
15.3178125,1.24150514602661
15.3211458333333,1.24245882034302
15.3244791666667,1.24329328536987
15.3278125,1.24412775039673
15.3311458333333,1.24490261077881
15.3344791666667,1.24561786651611
15.3378125,1.24627351760864
15.3411458333333,1.24680995941162
15.3444791666667,1.24716758728027
15.3478125,1.24740600585938
15.3511458333333,1.24746561050415
15.3544791666667,1.24728679656982
15.3578125,1.24698877334595
15.3611458333333,1.24645233154297
15.3644791666667,1.24585628509521
15.3678125,1.24514102935791
15.3711458333333,1.24436616897583
15.3744791666667,1.24365091323853
15.3778125,1.242995262146
15.3811458333333,1.24239921569824
15.3844791666667,1.24198198318481
15.3878125,1.24168395996094
15.3911458333333,1.24150514602661
15.3944791666667,1.24138593673706
15.3978125,1.24138593673706
15.4011458333333,1.24150514602661
15.4044791666667,1.24162435531616
15.4078125,1.24180316925049
15.4111458333333,1.24210119247437
15.4144791666667,1.24245882034302
15.4178125,1.24293565750122
15.4211458333333,1.2434720993042
15.4244791666667,1.24406814575195
15.4278125,1.24472379684448
15.4311458333333,1.24549865722656
15.4344791666667,1.24627351760864
15.4378125,1.24704837799072
15.4411458333333,1.24776363372803
15.4444791666667,1.24841928482056
15.4478125,1.24907493591309
15.4511458333333,1.24955177307129
15.4544791666667,1.24996900558472
15.4578125,1.25026702880859
15.4611458333333,1.25044584274292
15.4644791666667,1.25044584274292
15.4678125,1.25038623809814
15.4711458333333,1.25014781951904
15.4744791666667,1.24979019165039
15.4778125,1.24931335449219
15.4811458333333,1.24871730804443
15.4844791666667,1.2480616569519
15.4878125,1.24740600585938
15.4911458333333,1.24675035476685
15.4944791666667,1.24615430831909
15.4978125,1.24561786651611
15.5011458333333,1.24531984329224
15.5044791666667,1.24514102935791
15.5078125,1.24520063400269
15.5111458333333,1.24543905258179
15.5144791666667,1.24573707580566
15.5178125,1.24621391296387
15.5211458333333,1.24669075012207
15.5244791666667,1.24716758728027
15.5278125,1.24764442443848
15.5311458333333,1.24800205230713
15.5344791666667,1.24824047088623
15.5378125,1.24835968017578
15.5411458333333,1.24835968017578
15.5444791666667,1.24824047088623
15.5478125,1.24800205230713
15.5511458333333,1.24770402908325
15.5544791666667,1.2473464012146
15.5578125,1.24698877334595
15.5611458333333,1.24651193618774
15.5644791666667,1.24609470367432
15.5678125,1.24561786651611
15.5711458333333,1.24514102935791
15.5744791666667,1.24466419219971
15.5778125,1.24406814575195
15.5811458333333,1.2434720993042
15.5844791666667,1.24281644821167
15.5878125,1.24204158782959
15.5911458333333,1.24126672744751
15.5944791666667,1.24043226242065
15.5978125,1.2395977973938
15.6011458333333,1.23882293701172
15.6044791666667,1.23810768127441
15.6078125,1.23745203018188
15.6111458333333,1.23691558837891
15.6144791666667,1.23649835586548
15.6178125,1.23625993728638
15.6211458333333,1.23608112335205
15.6244791666667,1.23608112335205
15.6278125,1.2362003326416
15.6311458333333,1.2364387512207
15.6344791666667,1.23685598373413
15.6378125,1.23733282089233
15.6411458333333,1.23798847198486
15.6444791666667,1.23870372772217
15.6478125,1.23947858810425
15.6511458333333,1.24037265777588
15.6544791666667,1.24126672744751
15.6578125,1.24222040176392
15.6611458333333,1.24311447143555
15.6644791666667,1.24400854110718
15.6678125,1.24484300613403
15.6711458333333,1.24555826187134
15.6744791666667,1.24621391296387
15.6778125,1.24680995941162
15.6811458333333,1.24728679656982
15.6844791666667,1.24770402908325
15.6878125,1.24812126159668
15.6911458333333,1.24847888946533
15.6944791666667,1.24883651733398
15.6978125,1.24919414520264
15.7011458333333,1.24961137771606
15.7044791666667,1.25002861022949
15.7078125,1.25056505203247
15.7111458333333,1.251220703125
15.7144791666667,1.2519359588623
15.7178125,1.25283002853394
15.7211458333333,1.25390291213989
15.7244791666667,1.25521421432495
15.7278125,1.25670433044434
15.7311458333333,1.2584924697876
15.7344791666667,1.26051902770996
15.7378125,1.2628436088562
15.7411458333333,1.26540660858154
15.7444791666667,1.26826763153076
15.7478125,1.27130746841431
15.7511458333333,1.27458572387695
15.7544791666667,1.27798318862915
15.7578125,1.2814998626709
15.7611458333333,1.28507614135742
15.7644791666667,1.28865242004395
15.7678125,1.29216909408569
15.7711458333333,1.29556655883789
15.7744791666667,1.29884481430054
15.7778125,1.30182504653931
15.7811458333333,1.30462646484375
15.7844791666667,1.30707025527954
15.7878125,1.30915641784668
15.7911458333333,1.31082534790039
15.7944791666667,1.3120174407959
15.7978125,1.31279230117798
15.8011458333333,1.31309032440186
15.8044791666667,1.31285190582275
15.8078125,1.31219625473022
15.8111458333333,1.31100416183472
15.8144791666667,1.30945444107056
15.8178125,1.30748748779297
15.8211458333333,1.30516290664673
15.8244791666667,1.30254030227661
15.8278125,1.29973888397217
15.8311458333333,1.2967586517334
15.8344791666667,1.2935996055603
15.8378125,1.29044055938721
15.8411458333333,1.28728151321411
15.8444791666667,1.28412246704102
15.8478125,1.28120183944702
15.8511458333333,1.27840042114258
15.8544791666667,1.27595663070679
15.8578125,1.27381086349487
15.8611458333333,1.27208232879639
15.8644791666667,1.27077102661133
15.8678125,1.2698769569397
15.8711458333333,1.26934051513672
15.8744791666667,1.26922130584717
15.8778125,1.26945972442627
15.8811458333333,1.2698769569397
15.8844791666667,1.270592212677
15.8878125,1.27142667770386
15.8911458333333,1.27238035202026
15.8944791666667,1.27345323562622
15.8978125,1.27458572387695
15.9011458333333,1.27577781677246
15.9044791666667,1.27702951431274
15.9078125,1.2783408164978
15.9111458333333,1.27965211868286
15.9144791666667,1.28096342086792
15.9178125,1.2822151184082
15.9211458333333,1.28340721130371
15.9244791666667,1.28453969955444
15.9278125,1.2856125831604
15.9311458333333,1.28650665283203
15.9344791666667,1.28728151321411
15.9378125,1.28793716430664
15.9411458333333,1.28847360610962
15.9444791666667,1.28883123397827
15.9478125,1.28906965255737
15.9511458333333,1.28918886184692
15.9544791666667,1.28912925720215
15.9578125,1.2890100479126
15.9611458333333,1.2887716293335
15.9644791666667,1.28847360610962
15.9678125,1.28811597824097
15.9711458333333,1.28775835037231
15.9744791666667,1.28740072250366
15.9778125,1.28710269927979
15.9811458333333,1.28698348999023
15.9844791666667,1.28698348999023
15.9878125,1.28722190856934
15.9911458333333,1.28775835037231
15.9944791666667,1.28859281539917
15.9978125,1.28978490829468
16.0011458333333,1.29127502441406
16.0044791666667,1.29306316375732
16.0078125,1.29520893096924
16.0111458333333,1.2977123260498
16.0144791666667,1.30045413970947
16.0178125,1.30349397659302
16.0211458333333,1.30677223205566
16.0244791666667,1.31022930145264
16.0278125,1.31392478942871
16.0311458333333,1.31773948669434
16.0344791666667,1.32167339324951
16.0378125,1.32572650909424
16.0411458333333,1.32977962493896
16.0444791666667,1.33383274078369
16.0478125,1.33782625198364
16.0511458333333,1.34170055389404
16.0544791666667,1.34545564651489
16.0578125,1.34903192520142
16.0611458333333,1.35242938995361
16.0644791666667,1.35564804077148
16.0678125,1.35856866836548
16.0711458333333,1.36125087738037
16.0744791666667,1.36369466781616
16.0778125,1.36590003967285
16.0811458333333,1.36774778366089
16.0844791666667,1.3694167137146
16.0878125,1.37072801589966
16.0911458333333,1.37186050415039
16.0944791666667,1.37275457382202
16.0978125,1.37341022491455
16.1011458333333,1.37394666671753
16.1044791666667,1.37424468994141
16.1078125,1.37442350387573
16.1111458333333,1.37448310852051
16.1144791666667,1.37442350387573
16.1178125,1.37424468994141
16.1211458333333,1.37388706207275
16.1244791666667,1.37346982955933
16.1278125,1.37287378311157
16.1311458333333,1.37215852737427
16.1344791666667,1.37132406234741
16.1378125,1.37037038803101
16.1411458333333,1.36929750442505
16.1444791666667,1.36822462081909
16.1478125,1.36703252792358
16.1511458333333,1.36584043502808
16.1544791666667,1.36458873748779
16.1578125,1.36327743530273
16.1611458333333,1.36196613311768
16.1644791666667,1.36065483093262
16.1678125,1.35922431945801
16.1711458333333,1.35785341262817
16.1744791666667,1.35642290115356
16.1778125,1.35493278503418
16.1811458333333,1.35356187820435
16.1844791666667,1.35219097137451
16.1878125,1.35087966918945
16.1911458333333,1.34962797164917
16.1944791666667,1.34855508804321
16.1978125,1.34754180908203
16.2011458333333,1.3466477394104
16.2044791666667,1.3459324836731
16.2078125,1.34527683258057
16.2111458333333,1.34474039077759
16.2144791666667,1.34426355361938
16.2178125,1.34378671646118
16.2211458333333,1.34336948394775
16.2244791666667,1.34289264678955
16.2278125,1.34235620498657
16.2311458333333,1.34181976318359
16.2344791666667,1.34122371673584
16.2378125,1.34062767028809
16.2411458333333,1.33997201919556
16.2444791666667,1.33931636810303
16.2478125,1.3386607170105
16.2511458333333,1.33806467056274
16.2544791666667,1.33752822875977
16.2578125,1.33699178695679
16.2611458333333,1.33651494979858
16.2644791666667,1.33603811264038
16.2678125,1.33562088012695
16.2711458333333,1.33520364761353
16.2744791666667,1.3347864151001
16.2778125,1.33436918258667
16.2811458333333,1.33395195007324
16.2844791666667,1.33353471755981
16.2878125,1.33311748504639
16.2911458333333,1.33270025253296
16.2944791666667,1.33228302001953
16.2978125,1.3318657875061
16.3011458333333,1.33144855499268
16.3044791666667,1.33103132247925
16.3078125,1.33073329925537
16.3111458333333,1.33043527603149
16.3144791666667,1.33025646209717
16.3178125,1.33019685745239
16.3211458333333,1.33019685745239
16.3244791666667,1.33031606674194
16.3278125,1.33049488067627
16.3311458333333,1.33085250854492
16.3344791666667,1.33132934570313
16.3378125,1.33180618286133
16.3411458333333,1.33246183395386
16.3444791666667,1.33311748504639
16.3478125,1.33389234542847
16.3511458333333,1.33472681045532
16.3544791666667,1.33556127548218
16.3578125,1.33639574050903
16.3611458333333,1.33728981018066
16.3644791666667,1.33812427520752
16.3678125,1.33895874023438
16.3711458333333,1.33973360061646
16.3744791666667,1.34050846099854
16.3778125,1.34116411209106
16.3811458333333,1.34176015853882
16.3844791666667,1.3422966003418
16.3878125,1.34271383285522
16.3911458333333,1.34307146072388
16.3944791666667,1.3432502746582
16.3978125,1.34330987930298
16.4011458333333,1.3432502746582
16.4044791666667,1.34295225143433
16.4078125,1.3425350189209
16.4111458333333,1.34193897247314
16.4144791666667,1.34122371673584
16.4178125,1.34038925170898
16.4211458333333,1.3393759727478
16.4244791666667,1.33836269378662
16.4278125,1.33734941482544
16.4311458333333,1.33627653121948
16.4344791666667,1.3352632522583
16.4378125,1.33424997329712
16.4411458333333,1.33323669433594
16.4444791666667,1.33222341537476
16.4478125,1.33121013641357
16.4511458333333,1.33013725280762
16.4544791666667,1.32906436920166
16.4578125,1.3279914855957
16.4611458333333,1.32691860198975
16.4644791666667,1.32590532302856
16.4678125,1.32489204406738
16.4711458333333,1.32393836975098
16.4744791666667,1.32304430007935
16.4778125,1.32226943969727
16.4811458333333,1.32167339324951
16.4844791666667,1.32113695144653
16.4878125,1.32077932357788
16.4911458333333,1.320481300354
16.4944791666667,1.32042169570923
16.4978125,1.32042169570923
16.5011458333333,1.32060050964355
16.5044791666667,1.32095813751221
16.5078125,1.32137537002563
16.5111458333333,1.32197141647339
16.5144791666667,1.32262706756592
16.5178125,1.32334232330322
16.5211458333333,1.3241171836853
16.5244791666667,1.32489204406738
16.5278125,1.32572650909424
16.5311458333333,1.32656097412109
16.5344791666667,1.32739543914795
16.5378125,1.3282299041748
16.5411458333333,1.32900476455688
16.5444791666667,1.32983922958374
16.5478125,1.3306736946106
16.5511458333333,1.33156776428223
16.5544791666667,1.33246183395386
16.5578125,1.33335590362549
16.5611458333333,1.33430957794189
16.5644791666667,1.3352632522583
16.5678125,1.33621692657471
16.5711458333333,1.33723020553589
16.5744791666667,1.33818387985229
16.5778125,1.33919715881348
16.5811458333333,1.34015083312988
16.5844791666667,1.34110450744629
16.5878125,1.3420581817627
16.5911458333333,1.34307146072388
16.5944791666667,1.34408473968506
16.5978125,1.34521722793579
16.6011458333333,1.3464093208313
16.6044791666667,1.34760141372681
16.6078125,1.34891271591187
16.6111458333333,1.35016441345215
16.6144791666667,1.35141611099243
16.6178125,1.35260820388794
16.6211458333333,1.3536810874939
16.6244791666667,1.35457515716553
16.6278125,1.35535001754761
16.6311458333333,1.35594606399536
16.6344791666667,1.35636329650879
16.6378125,1.35666131973267
16.6411458333333,1.35678052902222
16.6444791666667,1.35672092437744
16.6478125,1.35654211044312
16.6511458333333,1.35624408721924
16.6544791666667,1.35576725006104
16.6578125,1.35517120361328
16.6611458333333,1.35451555252075
16.6644791666667,1.35380029678345
16.6678125,1.35302543640137
16.6711458333333,1.35231018066406
16.6744791666667,1.35153532028198
16.6778125,1.35087966918945
16.6811458333333,1.35016441345215
16.6844791666667,1.34956836700439
16.6878125,1.34891271591187
16.6911458333333,1.34825706481934
16.6944791666667,1.34754180908203
16.6978125,1.34682655334473
16.7011458333333,1.34605169296265
16.7044791666667,1.34521722793579
16.7078125,1.34432315826416
16.7111458333333,1.34336948394775
16.7144791666667,1.34247541427612
16.7178125,1.34152173995972
16.7211458333333,1.34068727493286
16.7244791666667,1.33985280990601
16.7278125,1.33907794952393
16.7311458333333,1.3384222984314
16.7344791666667,1.33776664733887
16.7378125,1.33717060089111
16.7411458333333,1.33663415908813
16.7444791666667,1.33615732192993
16.7478125,1.33568048477173
16.7511458333333,1.3352632522583
16.7544791666667,1.33490562438965
16.7578125,1.33460760116577
16.7611458333333,1.33442878723145
16.7644791666667,1.33436918258667
16.7678125,1.334547996521
16.7711458333333,1.33484601974487
16.7744791666667,1.33544206619263
16.7778125,1.33621692657471
16.7811458333333,1.33723020553589
16.7844791666667,1.33848190307617
16.7878125,1.33991241455078
16.7911458333333,1.34140253067017
16.7944791666667,1.34295225143433
16.7978125,1.34456157684326
16.8011458333333,1.34611129760742
16.8044791666667,1.34766101837158
16.8078125,1.34909152984619
16.8111458333333,1.35046243667603
16.8144791666667,1.35171413421631
16.8178125,1.35290622711182
16.8211458333333,1.35403871536255
16.8244791666667,1.35511159896851
16.8278125,1.35618448257446
16.8311458333333,1.35719776153564
16.8344791666667,1.35821104049683
16.8378125,1.35928392410278
16.8411458333333,1.36029720306396
16.8444791666667,1.36137008666992
16.8478125,1.36232376098633
16.8511458333333,1.36327743530273
16.8544791666667,1.36411190032959
16.8578125,1.36482715606689
16.8611458333333,1.36542320251465
16.8644791666667,1.36590003967285
16.8678125,1.36619806289673
16.8711458333333,1.36631727218628
16.8744791666667,1.3662576675415
16.8778125,1.3660192489624
16.8811458333333,1.36566162109375
16.8844791666667,1.36524438858032
16.8878125,1.36470794677734
16.8911458333333,1.36405229568481
16.8944791666667,1.36339664459229
16.8978125,1.36268138885498
16.9011458333333,1.36196613311768
16.9044791666667,1.36125087738037
16.9078125,1.36053562164307
16.9111458333333,1.35982036590576
16.9144791666667,1.35916471481323
16.9178125,1.3585090637207
16.9211458333333,1.35791301727295
16.9244791666667,1.3573169708252
16.9278125,1.35684013366699
16.9311458333333,1.35630369186401
16.9344791666667,1.35588645935059
16.9378125,1.35546922683716
16.9411458333333,1.35511159896851
16.9444791666667,1.3548731803894
16.9478125,1.35469436645508
16.9511458333333,1.3546347618103
16.9544791666667,1.3546347618103
16.9578125,1.35481357574463
16.9611458333333,1.35505199432373
16.9644791666667,1.35540962219238
16.9678125,1.35576725006104
16.9711458333333,1.35618448257446
16.9744791666667,1.35660171508789
16.9778125,1.35689973831177
16.9811458333333,1.35713815689087
16.9844791666667,1.35725736618042
16.9878125,1.3573169708252
16.9911458333333,1.3573169708252
16.9944791666667,1.35725736618042
16.9978125,1.35719776153564
17.0011458333333,1.35725736618042
17.0044791666667,1.35737657546997
17.0078125,1.35773420333862
17.0111458333333,1.35821104049683
17.0144791666667,1.35886669158936
17.0178125,1.35970115661621
17.0211458333333,1.36059522628784
17.0244791666667,1.3616681098938
17.0278125,1.36274099349976
17.0311458333333,1.36381387710571
17.0344791666667,1.36488676071167
17.0378125,1.36584043502808
17.0411458333333,1.36667490005493
17.0444791666667,1.36744976043701
17.0478125,1.36810541152954
17.0511458333333,1.36870145797729
17.0544791666667,1.36923789978027
17.0578125,1.36977434158325
17.0611458333333,1.37031078338623
17.0644791666667,1.37090682983398
17.0678125,1.37162208557129
17.0711458333333,1.37239694595337
17.0744791666667,1.37335062026978
17.0778125,1.37436389923096
17.0811458333333,1.37549638748169
17.0844791666667,1.37674808502197
17.0878125,1.37811899185181
17.0911458333333,1.37960910797119
17.0944791666667,1.38121843338013
17.0978125,1.38294696807861
17.1011458333333,1.38485431671143
17.1044791666667,1.38682126998901
17.1078125,1.38896703720093
17.1111458333333,1.39123201370239
17.1144791666667,1.39361619949341
17.1178125,1.3960599899292
17.1211458333333,1.39856338500977
17.1244791666667,1.40112638473511
17.1278125,1.40368938446045
17.1311458333333,1.40625238418579
17.1344791666667,1.40869617462158
17.1378125,1.41113996505737
17.1411458333333,1.41346454620361
17.1444791666667,1.4156699180603
17.1478125,1.41781568527222
17.1511458333333,1.4197826385498
17.1544791666667,1.42163038253784
17.1578125,1.42329931259155
17.1611458333333,1.42484903335571
17.1644791666667,1.426100730896
17.1678125,1.42723321914673
17.1711458333333,1.42812728881836
17.1744791666667,1.42878293991089
17.1778125,1.42925977706909
17.1811458333333,1.42961740493774
17.1844791666667,1.42985582351685
17.1878125,1.4299750328064
17.1911458333333,1.43003463745117
17.1944791666667,1.43009424209595
17.1978125,1.4302134513855
17.2011458333333,1.43033266067505
17.2044791666667,1.4304518699646
17.2078125,1.4306902885437
17.2111458333333,1.43104791641235
17.2144791666667,1.43146514892578
17.2178125,1.43200159072876
17.2211458333333,1.43265724182129
17.2244791666667,1.43343210220337
17.2278125,1.43438577651978
17.2311458333333,1.43539905548096
17.2344791666667,1.43647193908691
17.2378125,1.43766403198242
17.2411458333333,1.43891572952271
17.2444791666667,1.44010782241821
17.2478125,1.4413595199585
17.2511458333333,1.442551612854
17.2544791666667,1.44368410110474
17.2578125,1.44469738006592
17.2611458333333,1.44565105438232
17.2644791666667,1.44648551940918
17.2678125,1.44726037979126
17.2711458333333,1.44797563552856
17.2744791666667,1.44857168197632
17.2778125,1.4491081237793
17.2811458333333,1.4495849609375
17.2844791666667,1.45000219345093
17.2878125,1.45041942596436
17.2911458333333,1.45071744918823
17.2944791666667,1.45095586776733
17.2978125,1.45119428634644
17.3011458333333,1.45131349563599
17.3044791666667,1.45143270492554
17.3078125,1.45161151885986
17.3111458333333,1.45173072814941
17.3144791666667,1.45196914672852
17.3178125,1.45238637924194
17.3211458333333,1.45292282104492
17.3244791666667,1.453697681427
17.3278125,1.45471096038818
17.3311458333333,1.45596265792847
17.3344791666667,1.45751237869263
17.3378125,1.45924091339111
17.3411458333333,1.4612078666687
17.3444791666667,1.46335363388062
17.3478125,1.46561861038208
17.3511458333333,1.46788358688354
17.3544791666667,1.47008895874023
17.3578125,1.47223472595215
17.3611458333333,1.47426128387451
17.3644791666667,1.47604942321777
17.3678125,1.47759914398193
17.3711458333333,1.47897005081177
17.3744791666667,1.48004293441772
17.3778125,1.48093700408936
17.3811458333333,1.48165225982666
17.3844791666667,1.48218870162964
17.3878125,1.48260593414307
17.3911458333333,1.48290395736694
17.3944791666667,1.48314237594604
17.3978125,1.48332118988037
17.4011458333333,1.4835000038147
17.4044791666667,1.48361921310425
17.4078125,1.48367881774902
17.4111458333333,1.48367881774902
17.4144791666667,1.48367881774902
17.4178125,1.48355960845947
17.4211458333333,1.4835000038147
17.4244791666667,1.48338079452515
17.4278125,1.4832615852356
17.4311458333333,1.48314237594604
17.4344791666667,1.48308277130127
17.4378125,1.48302316665649
17.4411458333333,1.48296356201172
17.4444791666667,1.48290395736694
17.4478125,1.48278474807739
17.4511458333333,1.48266553878784
17.4544791666667,1.48242712020874
17.4578125,1.48212909698486
17.4611458333333,1.48177146911621
17.4644791666667,1.48135423660278
17.4678125,1.48087739944458
17.4711458333333,1.48040056228638
17.4744791666667,1.4798641204834
17.4778125,1.4793872833252
17.4811458333333,1.47891044616699
17.4844791666667,1.47843360900879
17.4878125,1.47801637649536
17.4911458333333,1.47753953933716
17.4944791666667,1.47700309753418
17.4978125,1.4764666557312
17.5011458333333,1.47593021392822
17.5044791666667,1.47533416748047
17.5078125,1.47479772567749
17.5111458333333,1.47426128387451
17.5144791666667,1.47384405136108
17.5178125,1.47348642349243
17.5211458333333,1.47318840026855
17.5244791666667,1.47300958633423
17.5278125,1.47289037704468
17.5311458333333,1.47277116775513
17.5344791666667,1.47265195846558
17.5378125,1.47247314453125
17.5411458333333,1.4721155166626
17.5444791666667,1.47169828414917
17.5478125,1.47110223770142
17.5511458333333,1.47038698196411
17.5544791666667,1.46955251693726
17.5578125,1.46853923797607
17.5611458333333,1.46746635437012
17.5644791666667,1.46633386611938
17.5678125,1.46514177322388
17.5711458333333,1.46383047103882
17.5744791666667,1.46251916885376
17.5778125,1.46108865737915
17.5811458333333,1.45965814590454
17.5844791666667,1.45816802978516
17.5878125,1.45667791366577
17.5911458333333,1.45524740219116
17.5944791666667,1.45375728607178
17.5978125,1.45238637924194
17.6011458333333,1.45101547241211
17.6044791666667,1.4498233795166
17.6078125,1.44869089126587
17.6111458333333,1.44767761230469
17.6144791666667,1.44684314727783
17.6178125,1.44612789154053
17.6211458333333,1.44553184509277
17.6244791666667,1.44505500793457
17.6278125,1.44475698471069
17.6311458333333,1.44445896148682
17.6344791666667,1.44428014755249
17.6378125,1.44416093826294
17.6411458333333,1.44410133361816
17.6444791666667,1.44398212432861
17.6478125,1.44392251968384
17.6511458333333,1.44380331039429
17.6544791666667,1.44362449645996
17.6578125,1.44344568252563
17.6611458333333,1.44320726394653
17.6644791666667,1.44290924072266
17.6678125,1.442551612854
17.6711458333333,1.44213438034058
17.6744791666667,1.44165754318237
17.6778125,1.44112110137939
17.6811458333333,1.44052505493164
17.6844791666667,1.43986940383911
17.6878125,1.43921375274658
17.6911458333333,1.43849849700928
17.6944791666667,1.4377236366272
17.6978125,1.43694877624512
17.7011458333333,1.43617391586304
17.7044791666667,1.43533945083618
17.7078125,1.4345645904541
17.7111458333333,1.43373012542725
17.7144791666667,1.43301486968994
17.7178125,1.43229961395264
17.7211458333333,1.43176317214966
17.7244791666667,1.43134593963623
17.7278125,1.43110752105713
17.7311458333333,1.43110752105713
17.7344791666667,1.43134593963623
17.7378125,1.43176317214966
17.7411458333333,1.43235921859741
17.7444791666667,1.43313407897949
17.7478125,1.43396854400635
17.7511458333333,1.43492221832275
17.7544791666667,1.43593549728394
17.7578125,1.43700838088989
17.7611458333333,1.43808126449585
17.7644791666667,1.43927335739136
17.7678125,1.44052505493164
17.7711458333333,1.4418363571167
17.7744791666667,1.44320726394653
17.7778125,1.44463777542114
17.7811458333333,1.44612789154053
17.7844791666667,1.44755840301514
17.7878125,1.44898891448975
17.7911458333333,1.45024061203003
17.7944791666667,1.45137310028076
17.7978125,1.45238637924194
17.8011458333333,1.45316123962402
17.8044791666667,1.453697681427
17.8078125,1.45399570465088
17.8111458333333,1.45399570465088
17.8144791666667,1.453697681427
17.8178125,1.45310163497925
17.8211458333333,1.45226716995239
17.8244791666667,1.45113468170166
17.8278125,1.44976377487183
17.8311458333333,1.44815444946289
17.8344791666667,1.4464259147644
17.8378125,1.44463777542114
17.8411458333333,1.44273042678833
17.8444791666667,1.44088268280029
17.8478125,1.43903493881226
17.8511458333333,1.43724679946899
17.8544791666667,1.43551826477051
17.8578125,1.4338493347168
17.8611458333333,1.43229961395264
17.8644791666667,1.43080949783325
17.8678125,1.42937898635864
17.8711458333333,1.42806768417358
17.8744791666667,1.42675638198853
17.8778125,1.42556428909302
17.8811458333333,1.42449140548706
17.8844791666667,1.42353773117065
17.8878125,1.4227032661438
17.8911458333333,1.42204761505127
17.8944791666667,1.42151117324829
17.8978125,1.42121315002441
17.9011458333333,1.42109394073486
17.9044791666667,1.42109394073486
17.9078125,1.42133235931396
17.9111458333333,1.42168998718262
17.9144791666667,1.42216682434082
17.9178125,1.4227032661438
17.9211458333333,1.4234185218811
17.9244791666667,1.42419338226318
17.9278125,1.42508745193481
17.9311458333333,1.42604112625122
17.9344791666667,1.4270544052124
17.9378125,1.42812728881836
17.9411458333333,1.42925977706909
17.9444791666667,1.43051147460938
17.9478125,1.43188238143921
17.9511458333333,1.43331289291382
17.9544791666667,1.43486261367798
17.9578125,1.43653154373169
17.9611458333333,1.43831968307495
17.9644791666667,1.44016742706299
17.9678125,1.44219398498535
17.9711458333333,1.44433975219727
17.9744791666667,1.44654512405396
17.9778125,1.44881010055542
17.9811458333333,1.45113468170166
17.9844791666667,1.4534592628479
17.9878125,1.45578384399414
17.9911458333333,1.45810842514038
17.9944791666667,1.46037340164185
17.9978125,1.46263837814331
18.0011458333333,1.46478414535522
18.0044791666667,1.46692991256714
18.0078125,1.4689564704895
18.0111458333333,1.47086381912231
18.0144791666667,1.47271156311035
18.0178125,1.47438049316406
18.0211458333333,1.47593021392822
18.0244791666667,1.47730112075806
18.0278125,1.47855281829834
18.0311458333333,1.47956609725952
18.0344791666667,1.48046016693115
18.0378125,1.48111581802368
18.0411458333333,1.48153305053711
18.0444791666667,1.48177146911621
18.0478125,1.48171186447144
18.0511458333333,1.48147344589233
18.0544791666667,1.48099660873413
18.0578125,1.48028135299683
18.0611458333333,1.4793872833252
18.0644791666667,1.47837400436401
18.0678125,1.47730112075806
18.0711458333333,1.47616863250732
18.0744791666667,1.47503614425659
18.0778125,1.47390365600586
18.0811458333333,1.47271156311035
18.0844791666667,1.47157907485962
18.0878125,1.47038698196411
18.0911458333333,1.46925449371338
18.0944791666667,1.46806240081787
18.0978125,1.46698951721191
18.1011458333333,1.46585702896118
18.1044791666667,1.46484375
18.1078125,1.46394968032837
18.1111458333333,1.46311521530151
18.1144791666667,1.46245956420898
18.1178125,1.46192312240601
18.1211458333333,1.46150588989258
18.1244791666667,1.46132707595825
18.1278125,1.4612078666687
18.1311458333333,1.46126747131348
18.1344791666667,1.4614462852478
18.1378125,1.46174430847168
18.1411458333333,1.46210193634033
18.1444791666667,1.46245956420898
18.1478125,1.46293640136719
18.1511458333333,1.46341323852539
18.1544791666667,1.46389007568359
18.1578125,1.46430730819702
18.1611458333333,1.46478414535522
18.1644791666667,1.46526098251343
18.1678125,1.46567821502686
18.1711458333333,1.46603584289551
18.1744791666667,1.46645307540894
18.1778125,1.46675109863281
18.1811458333333,1.46698951721191
18.1844791666667,1.46716833114624
18.1878125,1.46722793579102
18.1911458333333,1.46722793579102
18.1944791666667,1.46716833114624
18.1978125,1.46704912185669
18.2011458333333,1.46687030792236
18.2044791666667,1.46669149398804
18.2078125,1.46657228469849
18.2111458333333,1.46651268005371
18.2144791666667,1.46645307540894
18.2178125,1.46651268005371
18.2211458333333,1.46651268005371
18.2244791666667,1.46657228469849
18.2278125,1.46657228469849
18.2311458333333,1.46657228469849
18.2344791666667,1.46651268005371
18.2378125,1.46645307540894
18.2411458333333,1.46639347076416
18.2444791666667,1.46633386611938
18.2478125,1.46621465682983
18.2511458333333,1.46615505218506
18.2544791666667,1.46609544754028
18.2578125,1.46609544754028
18.2611458333333,1.46603584289551
18.2644791666667,1.46603584289551
18.2678125,1.46597623825073
18.2711458333333,1.46585702896118
18.2744791666667,1.46579742431641
18.2778125,1.46567821502686
18.2811458333333,1.46561861038208
18.2844791666667,1.46549940109253
18.2878125,1.46543979644775
18.2911458333333,1.46538019180298
18.2944791666667,1.4653205871582
18.2978125,1.46526098251343
18.3011458333333,1.46520137786865
18.3044791666667,1.46514177322388
18.3078125,1.4650821685791
18.3111458333333,1.46496295928955
18.3144791666667,1.46484375
18.3178125,1.46466493606567
18.3211458333333,1.46442651748657
18.3244791666667,1.4641284942627
18.3278125,1.46371126174927
18.3311458333333,1.46317481994629
18.3344791666667,1.46257877349854
18.3378125,1.46186351776123
18.3411458333333,1.46108865737915
18.3444791666667,1.46019458770752
18.3478125,1.45918130874634
18.3511458333333,1.45816802978516
18.3544791666667,1.4570951461792
18.3578125,1.45596265792847
18.3611458333333,1.45483016967773
18.3644791666667,1.453697681427
18.3678125,1.45256519317627
18.3711458333333,1.45137310028076
18.3744791666667,1.45024061203003
18.3778125,1.4491081237793
18.3811458333333,1.44797563552856
18.3844791666667,1.44690275192261
18.3878125,1.4459490776062
18.3911458333333,1.44511461257935
18.3944791666667,1.44439935684204
18.3978125,1.44386291503906
18.4011458333333,1.44350528717041
18.4044791666667,1.44344568252563
18.4078125,1.44362449645996
18.4111458333333,1.44410133361816
18.4144791666667,1.44487619400024
18.4178125,1.4459490776062
18.4211458333333,1.44737958908081
18.4244791666667,1.4491081237793
18.4278125,1.45119428634644
18.4311458333333,1.45357847213745
18.4344791666667,1.45632028579712
18.4378125,1.45930051803589
18.4411458333333,1.46251916885376
18.4444791666667,1.46591663360596
18.4478125,1.46943330764771
18.4511458333333,1.47294998168945
18.4544791666667,1.47652626037598
18.4578125,1.47992372512817
18.4611458333333,1.4832615852356
18.4644791666667,1.48636102676392
18.4678125,1.48928165435791
18.4711458333333,1.49202346801758
18.4744791666667,1.49446725845337
18.4778125,1.49667263031006
18.4811458333333,1.49869918823242
18.4844791666667,1.50048732757568
18.4878125,1.50209665298462
18.4911458333333,1.50346755981445
18.4944791666667,1.50465965270996
18.4978125,1.50567293167114
18.5011458333333,1.506507396698
18.5044791666667,1.50716304779053
18.5078125,1.50763988494873
18.5111458333333,1.50793790817261
18.5144791666667,1.50817632675171
18.5178125,1.50829553604126
18.5211458333333,1.50829553604126
18.5244791666667,1.50823593139648
18.5278125,1.50817632675171
18.5311458333333,1.50805711746216
18.5344791666667,1.50793790817261
18.5378125,1.50781869888306
18.5411458333333,1.50775909423828
18.5444791666667,1.50775909423828
18.5478125,1.50781869888306
18.5511458333333,1.50793790817261
18.5544791666667,1.50817632675171
18.5578125,1.50847434997559
18.5611458333333,1.50883197784424
18.5644791666667,1.50924921035767
18.5678125,1.50972604751587
18.5711458333333,1.51020288467407
18.5744791666667,1.51067972183228
18.5778125,1.5110969543457
18.5811458333333,1.51145458221436
18.5844791666667,1.51175260543823
18.5878125,1.51205062866211
18.5911458333333,1.51234865188599
18.5944791666667,1.51264667510986
18.5978125,1.51294469833374
18.6011458333333,1.51336193084717
18.6044791666667,1.51371955871582
18.6078125,1.51413679122925
18.6111458333333,1.51461362838745
18.6144791666667,1.51503086090088
18.6178125,1.51550769805908
18.6211458333333,1.51592493057251
18.6244791666667,1.51622295379639
18.6278125,1.51652097702026
18.6311458333333,1.51669979095459
18.6344791666667,1.51681900024414
18.6378125,1.51687860488892
18.6411458333333,1.51681900024414
18.6444791666667,1.51664018630981
18.6478125,1.51640176773071
18.6511458333333,1.51604413986206
18.6544791666667,1.51562690734863
18.6578125,1.51509046554565
18.6611458333333,1.5144944190979
18.6644791666667,1.5137791633606
18.6678125,1.51306390762329
18.6711458333333,1.51234865188599
18.6744791666667,1.51163339614868
18.6778125,1.51097774505615
18.6811458333333,1.5103816986084
18.6844791666667,1.50996446609497
18.6878125,1.50960683822632
18.6911458333333,1.50948762893677
18.6944791666667,1.50954723358154
18.6978125,1.50972604751587
18.7011458333333,1.5101432800293
18.7044791666667,1.51067972183228
18.7078125,1.5113353729248
18.7111458333333,1.51205062866211
18.7144791666667,1.51288509368896
18.7178125,1.51371955871582
18.7211458333333,1.51461362838745
18.7244791666667,1.51550769805908
18.7278125,1.51640176773071
18.7311458333333,1.51735544204712
18.7344791666667,1.51830911636353
18.7378125,1.51938199996948
18.7411458333333,1.52051448822021
18.7444791666667,1.52170658111572
18.7478125,1.52295827865601
18.7511458333333,1.52420997619629
18.7544791666667,1.52552127838135
18.7578125,1.52683258056641
18.7611458333333,1.52808427810669
18.7644791666667,1.5292763710022
18.7678125,1.53046846389771
18.7711458333333,1.53160095214844
18.7744791666667,1.53267383575439
18.7778125,1.53380632400513
18.7811458333333,1.53487920761108
18.7844791666667,1.53601169586182
18.7878125,1.53708457946777
18.7911458333333,1.53815746307373
18.7944791666667,1.53917074203491
18.7978125,1.54012441635132
18.8011458333333,1.54095888137817
18.8044791666667,1.54167413711548
18.8078125,1.54227018356323
18.8111458333333,1.54268741607666
18.8144791666667,1.54298543930054
18.8178125,1.54310464859009
18.8211458333333,1.54316425323486
18.8244791666667,1.54310464859009
18.8278125,1.54292583465576
18.8311458333333,1.54268741607666
18.8344791666667,1.54232978820801
18.8378125,1.54191255569458
18.8411458333333,1.5413761138916
18.8444791666667,1.54072046279907
18.8478125,1.54000520706177
18.8511458333333,1.53911113739014
18.8544791666667,1.53815746307373
18.8578125,1.537024974823
18.8611458333333,1.53583288192749
18.8644791666667,1.53452157974243
18.8678125,1.5331506729126
18.8711458333333,1.53172016143799
18.8744791666667,1.5302300453186
18.8778125,1.52868032455444
18.8811458333333,1.52713060379028
18.8844791666667,1.52552127838135
18.8878125,1.52391195297241
18.8911458333333,1.5222430229187
18.8944791666667,1.52051448822021
18.8978125,1.51878595352173
18.9011458333333,1.51693820953369
18.9044791666667,1.51509046554565
18.9078125,1.51330232620239
18.9111458333333,1.51145458221436
18.9144791666667,1.50966644287109
18.9178125,1.50799751281738
18.9211458333333,1.50638818740845
18.9244791666667,1.50489807128906
18.9278125,1.503586769104
18.9311458333333,1.50233507156372
18.9344791666667,1.50120258331299
18.9378125,1.50018930435181
18.9411458333333,1.49935483932495
18.9444791666667,1.49869918823242
18.9478125,1.49822235107422
18.9511458333333,1.49792432785034
18.9544791666667,1.49780511856079
18.9578125,1.49798393249512
18.9611458333333,1.49840116500854
18.9644791666667,1.49905681610107
18.9678125,1.49989128112793
18.9711458333333,1.50102376937866
18.9744791666667,1.50227546691895
18.9778125,1.50376558303833
18.9811458333333,1.50531530380249
18.9844791666667,1.50704383850098
18.9878125,1.50877237319946
18.9911458333333,1.51056051254272
18.9944791666667,1.51228904724121
18.9978125,1.51407718658447
19.0011458333333,1.51574611663818
19.0044791666667,1.51741504669189
19.0078125,1.51896476745605
19.0111458333333,1.52039527893066
19.0144791666667,1.5217661857605
19.0178125,1.52313709259033
19.0211458333333,1.52444839477539
19.0244791666667,1.52581930160522
19.0278125,1.52713060379028
19.0311458333333,1.52844190597534
19.0344791666667,1.5297532081604
19.0378125,1.53112411499023
19.0411458333333,1.53237581253052
19.0444791666667,1.53368711471558
19.0478125,1.53487920761108
19.0511458333333,1.53595209121704
19.0544791666667,1.537024974823
19.0578125,1.53803825378418
19.0611458333333,1.53899192810059
19.0644791666667,1.53988599777222
19.0678125,1.54072046279907
19.0711458333333,1.54149532318115
19.0744791666667,1.54227018356323
19.0778125,1.54304504394531
19.0811458333333,1.54376029968262
19.0844791666667,1.54447555541992
19.0878125,1.54519081115723
19.0911458333333,1.54590606689453
19.0944791666667,1.54656171798706
19.0978125,1.54727697372437
19.1011458333333,1.54799222946167
19.1044791666667,1.54870748519897
19.1078125,1.54942274093628
19.1111458333333,1.55013799667358
19.1144791666667,1.55085325241089
19.1178125,1.55162811279297
19.1211458333333,1.55240297317505
19.1244791666667,1.5532374382019
19.1278125,1.55419111251831
19.1311458333333,1.55526399612427
19.1344791666667,1.556396484375
19.1378125,1.55770778656006
19.1411458333333,1.55907869338989
19.1444791666667,1.56062841415405
19.1478125,1.56229734420776
19.1511458333333,1.56396627426147
19.1544791666667,1.56569480895996
19.1578125,1.56748294830322
19.1611458333333,1.56921148300171
19.1644791666667,1.5709400177002
19.1678125,1.57266855239868
19.1711458333333,1.57433748245239
19.1744791666667,1.57594680786133
19.1778125,1.57743692398071
19.1811458333333,1.57898664474487
19.1844791666667,1.58041715621948
19.1878125,1.58190727233887
19.1911458333333,1.58339738845825
19.1944791666667,1.58488750457764
19.1978125,1.5864372253418
19.2011458333333,1.58798694610596
19.2044791666667,1.58965587615967
19.2078125,1.59138441085815
19.2111458333333,1.59311294555664
19.2144791666667,1.59484148025513
19.2178125,1.59657001495361
19.2211458333333,1.59823894500732
19.2244791666667,1.59978866577148
19.2278125,1.60127878189087
19.2311458333333,1.60259008407593
19.2344791666667,1.60384178161621
19.2378125,1.60497426986694
19.2411458333333,1.60598754882813
19.2444791666667,1.60688161849976
19.2478125,1.60771608352661
19.2511458333333,1.60843133926392
19.2544791666667,1.60902738571167
19.2578125,1.60950422286987
19.2611458333333,1.60974264144897
19.2644791666667,1.60980224609375
19.2678125,1.60956382751465
19.2711458333333,1.60914659500122
19.2744791666667,1.60843133926392
19.2778125,1.60753726959229
19.2811458333333,1.60646438598633
19.2844791666667,1.60527229309082
19.2878125,1.60402059555054
19.2911458333333,1.60270929336548
19.2944791666667,1.6014575958252
19.2978125,1.60026550292969
19.3011458333333,1.59907341003418
19.3044791666667,1.59794092178345
19.3078125,1.59680843353271
19.3111458333333,1.59573554992676
19.3144791666667,1.59454345703125
19.3178125,1.59335136413574
19.3211458333333,1.59209966659546
19.3244791666667,1.5907883644104
19.3278125,1.58941745758057
19.3311458333333,1.58798694610596
19.3344791666667,1.58655643463135
19.3378125,1.58518552780151
19.3411458333333,1.58381462097168
19.3444791666667,1.58250331878662
19.3478125,1.58131122589111
19.3511458333333,1.58017873764038
19.3544791666667,1.57922506332397
19.3578125,1.57833099365234
19.3611458333333,1.57749652862549
19.3644791666667,1.57678127288818
19.3678125,1.57612562179565
19.3711458333333,1.57546997070313
19.3744791666667,1.5748143196106
19.3778125,1.57415866851807
19.3811458333333,1.57356262207031
19.3844791666667,1.57290697097778
19.3878125,1.57231092453003
19.3911458333333,1.57171487808228
19.3944791666667,1.57123804092407
19.3978125,1.57082080841064
19.4011458333333,1.57052278518677
19.4044791666667,1.57040357589722
19.4078125,1.57040357589722
19.4111458333333,1.57052278518677
19.4144791666667,1.57076120376587
19.4178125,1.57105922698975
19.4211458333333,1.5714168548584
19.4244791666667,1.57183408737183
19.4278125,1.57219171524048
19.4311458333333,1.57260894775391
19.4344791666667,1.57290697097778
19.4378125,1.57326459884644
19.4411458333333,1.57362222671509
19.4444791666667,1.57397985458374
19.4478125,1.57439708709717
19.4511458333333,1.5748143196106
19.4544791666667,1.5752911567688
19.4578125,1.575767993927
19.4611458333333,1.57618522644043
19.4644791666667,1.57654285430908
19.4678125,1.57678127288818
19.4711458333333,1.57690048217773
19.4744791666667,1.57690048217773
19.4778125,1.57678127288818
19.4811458333333,1.57654285430908
19.4844791666667,1.57630443572998
19.4878125,1.5760064125061
19.4911458333333,1.575767993927
19.4944791666667,1.57558917999268
19.4978125,1.57541036605835
19.5011458333333,1.57541036605835
19.5044791666667,1.57541036605835
19.5078125,1.57541036605835
19.5111458333333,1.57546997070313
19.5144791666667,1.5755295753479
19.5178125,1.5755295753479
19.5211458333333,1.5755295753479
19.5244791666667,1.57546997070313
19.5278125,1.5752911567688
19.5311458333333,1.57511234283447
19.5344791666667,1.57493352890015
19.5378125,1.57469511032104
19.5411458333333,1.57445669174194
19.5444791666667,1.57421827316284
19.5478125,1.57403945922852
19.5511458333333,1.57392024993896
19.5544791666667,1.57386064529419
19.5578125,1.57380104064941
19.5611458333333,1.57380104064941
19.5644791666667,1.57380104064941
19.5678125,1.57380104064941
19.5711458333333,1.57380104064941
19.5744791666667,1.57386064529419
19.5778125,1.57397985458374
19.5811458333333,1.57421827316284
19.5844791666667,1.57445669174194
19.5878125,1.57487392425537
19.5911458333333,1.57535076141357
19.5944791666667,1.57594680786133
19.5978125,1.57660245895386
19.6011458333333,1.57731771469116
19.6044791666667,1.57797336578369
19.6078125,1.57856941223145
19.6111458333333,1.57910585403442
19.6144791666667,1.57958269119263
19.6178125,1.57994031906128
19.6211458333333,1.58029794692993
19.6244791666667,1.58059597015381
19.6278125,1.58095359802246
19.6311458333333,1.58143043518066
19.6344791666667,1.58196687698364
19.6378125,1.58268213272095
19.6411458333333,1.5835165977478
19.6444791666667,1.58447027206421
19.6478125,1.58560276031494
19.6511458333333,1.58685445785522
19.6544791666667,1.58822536468506
19.6578125,1.58965587615967
19.6611458333333,1.59120559692383
19.6644791666667,1.59275531768799
19.6678125,1.59430503845215
19.6711458333333,1.59585475921631
19.6744791666667,1.59740447998047
19.6778125,1.59889459609985
19.6811458333333,1.60032510757446
19.6844791666667,1.60175561904907
19.6878125,1.60312652587891
19.6911458333333,1.60449743270874
19.6944791666667,1.6058087348938
19.6978125,1.60706043243408
19.7011458333333,1.60831212997437
19.7044791666667,1.6094446182251
19.7078125,1.61045789718628
19.7111458333333,1.61141157150269
19.7144791666667,1.61212682723999
19.7178125,1.61272287368774
19.7211458333333,1.61314010620117
19.7244791666667,1.61337852478027
19.7278125,1.61343812942505
19.7311458333333,1.6133189201355
19.7344791666667,1.61302089691162
19.7378125,1.61266326904297
19.7411458333333,1.61224603652954
19.7444791666667,1.61170959472656
19.7478125,1.61111354827881
19.7511458333333,1.61045789718628
19.7544791666667,1.60986185073853
19.7578125,1.609206199646
19.7611458333333,1.60861015319824
19.7644791666667,1.60801410675049
19.7678125,1.60741806030273
19.7711458333333,1.60688161849976
19.7744791666667,1.60634517669678
19.7778125,1.6058087348938
19.7811458333333,1.6053318977356
19.7844791666667,1.60485506057739
19.7878125,1.60437822341919
19.7911458333333,1.60384178161621
19.7944791666667,1.60342454910278
19.7978125,1.60294771194458
19.8011458333333,1.60259008407593
19.8044791666667,1.60235166549683
19.8078125,1.60223245620728
19.8111458333333,1.60229206085205
19.8144791666667,1.60253047943115
19.8178125,1.6028881072998
19.8211458333333,1.60336494445801
19.8244791666667,1.60402059555054
19.8278125,1.60467624664307
19.8311458333333,1.60527229309082
19.8344791666667,1.60586833953857
19.8378125,1.606285572052
19.8411458333333,1.60658359527588
19.8444791666667,1.60670280456543
19.8478125,1.60664319992065
19.8511458333333,1.60646438598633
19.8544791666667,1.60616636276245
19.8578125,1.6058087348938
19.8611458333333,1.60539150238037
19.8644791666667,1.60485506057739
19.8678125,1.60437822341919
19.8711458333333,1.60378217697144
19.8744791666667,1.60312652587891
19.8778125,1.60235166549683
19.8811458333333,1.60151720046997
19.8844791666667,1.60056352615356
19.8878125,1.59943103790283
19.8911458333333,1.5982985496521
19.8944791666667,1.59710645675659
19.8978125,1.59597396850586
19.9011458333333,1.59496068954468
19.9044791666667,1.59406661987305
19.9078125,1.59341096878052
19.9111458333333,1.59299373626709
19.9144791666667,1.59281492233276
19.9178125,1.59293413162231
19.9211458333333,1.59329175949097
19.9244791666667,1.59388780593872
19.9278125,1.59460306167603
19.9311458333333,1.59537792205811
19.9344791666667,1.59633159637451
19.9378125,1.59728527069092
19.9411458333333,1.5982985496521
19.9444791666667,1.59931182861328
19.9478125,1.60038471221924
19.9511458333333,1.6014575958252
19.9544791666667,1.60259008407593
19.9578125,1.60378217697144
19.9611458333333,1.60497426986694
19.9644791666667,1.60616636276245
19.9678125,1.60741806030273
19.9711458333333,1.60861015319824
19.9744791666667,1.60986185073853
19.9778125,1.61105394363403
19.9811458333333,1.61218643188477
19.9844791666667,1.61325931549072
19.9878125,1.61421298980713
19.9911458333333,1.61504745483398
19.9944791666667,1.61576271057129
19.9978125,1.61629915237427
20.0011458333333,1.6167163848877
20.0044791666667,1.6169548034668
20.0078125,1.61707401275635
20.0111458333333,1.61701440811157
20.0144791666667,1.61683559417725
20.0178125,1.61659717559814
20.0211458333333,1.61629915237427
20.0244791666667,1.61606073379517
20.0278125,1.61582231521606
20.0311458333333,1.61564350128174
20.0344791666667,1.61552429199219
20.0378125,1.61552429199219
20.0411458333333,1.61564350128174
20.0444791666667,1.61582231521606
20.0478125,1.61612033843994
20.0511458333333,1.61647796630859
20.0544791666667,1.61689519882202
20.0578125,1.61737203598022
20.0611458333333,1.61784887313843
20.0644791666667,1.61844491958618
20.0678125,1.61910057067871
20.0711458333333,1.61975622177124
20.0744791666667,1.62053108215332
20.0778125,1.62124633789063
20.0811458333333,1.62202119827271
20.0844791666667,1.62273645401001
20.0878125,1.62351131439209
20.0911458333333,1.62416696548462
20.0944791666667,1.62488222122192
20.0978125,1.62553787231445
20.1011458333333,1.62613391876221
20.1044791666667,1.62678956985474
20.1078125,1.62738561630249
20.1111458333333,1.62798166275024
20.1144791666667,1.628577709198
20.1178125,1.62911415100098
20.1211458333333,1.6295313835144
20.1244791666667,1.62988901138306
20.1278125,1.63006782531738
20.1311458333333,1.63012742996216
20.1344791666667,1.63000822067261
20.1378125,1.62971019744873
20.1411458333333,1.6292929649353
20.1444791666667,1.62869691848755
20.1478125,1.62804126739502
20.1511458333333,1.62726640701294
20.1544791666667,1.62655115127563
20.1578125,1.62583589553833
20.1611458333333,1.6251802444458
20.1644791666667,1.62458419799805
20.1678125,1.62410736083984
20.1711458333333,1.62374973297119
20.1744791666667,1.62351131439209
20.1778125,1.62339210510254
20.1811458333333,1.62333250045776
20.1844791666667,1.62339210510254
20.1878125,1.62351131439209
20.1911458333333,1.62369012832642
20.1944791666667,1.62392854690552
20.1978125,1.62422657012939
20.2011458333333,1.62458419799805
20.2044791666667,1.62500143051147
20.2078125,1.62553787231445
20.2111458333333,1.62619352340698
20.2144791666667,1.62696838378906
20.2178125,1.62792205810547
20.2211458333333,1.62899494171143
20.2244791666667,1.63024663925171
20.2278125,1.63161754608154
20.2311458333333,1.6331672668457
20.2344791666667,1.63483619689941
20.2378125,1.63662433624268
20.2411458333333,1.63847208023071
20.2444791666667,1.64037942886353
20.2478125,1.64228677749634
20.2511458333333,1.64419412612915
20.2544791666667,1.64610147476196
20.2578125,1.64788961410522
20.2611458333333,1.64955854415894
20.2644791666667,1.65116786956787
20.2678125,1.65271759033203
20.2711458333333,1.65408849716187
20.2744791666667,1.65534019470215
20.2778125,1.65653228759766
20.2811458333333,1.65760517120361
20.2844791666667,1.65849924087524
20.2878125,1.6593337059021
20.2911458333333,1.65998935699463
20.2944791666667,1.66046619415283
20.2978125,1.66088342666626
20.3011458333333,1.66124105453491
20.3044791666667,1.66141986846924
20.3078125,1.66159868240356
20.3111458333333,1.66171789169312
20.3144791666667,1.66177749633789
20.3178125,1.66189670562744
20.3211458333333,1.66201591491699
20.3244791666667,1.66219472885132
20.3278125,1.66237354278564
20.3311458333333,1.66261196136475
20.3344791666667,1.66285037994385
20.3378125,1.6632080078125
20.3411458333333,1.66356563568115
20.3444791666667,1.66398286819458
20.3478125,1.66445970535278
20.3511458333333,1.66487693786621
20.3544791666667,1.66529417037964
20.3578125,1.66571140289307
20.3611458333333,1.66606903076172
20.3644791666667,1.66642665863037
20.3678125,1.66666507720947
20.3711458333333,1.6668438911438
20.3744791666667,1.66702270507813
20.3778125,1.6670823097229
20.3811458333333,1.66714191436768
20.3844791666667,1.66720151901245
20.3878125,1.66720151901245
20.3911458333333,1.66714191436768
20.3944791666667,1.6670823097229
20.3978125,1.66702270507813
20.4011458333333,1.66696310043335
20.4044791666667,1.6668438911438
20.4078125,1.66678428649902
20.4111458333333,1.66666507720947
20.4144791666667,1.66654586791992
20.4178125,1.66642665863037
20.4211458333333,1.66630744934082
20.4244791666667,1.66618824005127
20.4278125,1.66606903076172
20.4311458333333,1.66594982147217
20.4344791666667,1.66577100753784
20.4378125,1.66559219360352
20.4411458333333,1.66541337966919
20.4444791666667,1.66517496109009
20.4478125,1.66493654251099
20.4511458333333,1.66469812393188
20.4544791666667,1.66440010070801
20.4578125,1.66410207748413
20.4611458333333,1.66374444961548
20.4644791666667,1.66332721710205
20.4678125,1.66290998458862
20.4711458333333,1.66243314743042
20.4744791666667,1.66195631027222
20.4778125,1.66141986846924
20.4811458333333,1.66076421737671
20.4844791666667,1.66010856628418
20.4878125,1.65939331054688
20.4911458333333,1.65867805480957
20.4944791666667,1.65796279907227
20.4978125,1.65718793869019
20.5011458333333,1.65641307830811
20.5044791666667,1.6556978225708
20.5078125,1.6549825668335
20.5111458333333,1.65438652038574
20.5144791666667,1.65379047393799
20.5178125,1.65331363677979
20.5211458333333,1.65295600891113
20.5244791666667,1.65265798568726
20.5278125,1.65247917175293
20.5311458333333,1.65241956710815
20.5344791666667,1.65247917175293
20.5378125,1.65253877639771
20.5411458333333,1.65271759033203
20.5444791666667,1.65295600891113
20.5478125,1.65319442749023
20.5511458333333,1.65337324142456
20.5544791666667,1.65361166000366
20.5578125,1.65379047393799
20.5611458333333,1.65396928787231
20.5644791666667,1.65420770645142
20.5678125,1.65456533432007
20.5711458333333,1.6549825668335
20.5744791666667,1.65557861328125
20.5778125,1.65635347366333
20.5811458333333,1.65736675262451
20.5844791666667,1.65855884552002
20.5878125,1.65992975234985
20.5911458333333,1.66153907775879
20.5944791666667,1.66326761245728
20.5978125,1.66511535644531
20.6011458333333,1.6670823097229
20.6044791666667,1.66916847229004
20.6078125,1.67131423950195
20.6111458333333,1.67346000671387
20.6144791666667,1.67566537857056
20.6178125,1.67787075042725
20.6211458333333,1.68007612228394
20.6244791666667,1.68222188949585
20.6278125,1.68436765670776
20.6311458333333,1.68651342391968
20.6344791666667,1.68853998184204
20.6378125,1.69050693511963
20.6411458333333,1.69241428375244
20.6444791666667,1.69426202774048
20.6478125,1.69599056243896
20.6511458333333,1.69765949249268
20.6544791666667,1.69920921325684
20.6578125,1.70063972473145
20.6611458333333,1.70189142227173
20.6644791666667,1.70302391052246
20.6678125,1.70397758483887
20.6711458333333,1.70469284057617
20.6744791666667,1.70522928237915
20.6778125,1.7055869102478
20.6811458333333,1.7058253288269
20.6844791666667,1.7058253288269
20.6878125,1.7058253288269
20.6911458333333,1.70570611953735
20.6944791666667,1.7055869102478
20.6978125,1.70546770095825
20.7011458333333,1.70546770095825
20.7044791666667,1.70546770095825
20.7078125,1.70552730560303
20.7111458333333,1.70564651489258
20.7144791666667,1.7058253288269
20.7178125,1.70606374740601
20.7211458333333,1.70630216598511
20.7244791666667,1.70654058456421
20.7278125,1.70683860778809
20.7311458333333,1.70713663101196
20.7344791666667,1.70743465423584
20.7378125,1.70779228210449
20.7411458333333,1.70809030532837
20.7444791666667,1.70844793319702
20.7478125,1.70880556106567
20.7511458333333,1.70916318893433
20.7544791666667,1.7094612121582
20.7578125,1.70987844467163
20.7611458333333,1.71023607254028
20.7644791666667,1.71065330505371
20.7678125,1.71107053756714
20.7711458333333,1.71154737472534
20.7744791666667,1.71202421188354
20.7778125,1.71256065368652
20.7811458333333,1.7130970954895
20.7844791666667,1.71363353729248
20.7878125,1.71411037445068
20.7911458333333,1.71452760696411
20.7944791666667,1.71482563018799
20.7978125,1.71500444412231
20.8011458333333,1.71506404876709
20.8044791666667,1.71500444412231
20.8078125,1.71482563018799
20.8111458333333,1.71452760696411
20.8144791666667,1.71411037445068
20.8178125,1.71363353729248
20.8211458333333,1.71303749084473
20.8244791666667,1.7123818397522
20.8278125,1.71166658401489
20.8311458333333,1.71089172363281
20.8344791666667,1.70999765396118
20.8378125,1.70910358428955
20.8411458333333,1.70809030532837
20.8444791666667,1.70707702636719
20.8478125,1.70600414276123
20.8511458333333,1.7048716545105
20.8544791666667,1.70373916625977
20.8578125,1.70254707336426
20.8611458333333,1.70141458511353
20.8644791666667,1.70028209686279
20.8678125,1.69914960861206
20.8711458333333,1.69813632965088
20.8744791666667,1.6971230506897
20.8778125,1.69610977172852
20.8811458333333,1.69515609741211
20.8844791666667,1.6942024230957
20.8878125,1.69318914413452
20.8911458333333,1.69217586517334
20.8944791666667,1.69110298156738
20.8978125,1.68991088867188
20.9011458333333,1.68871879577637
20.9044791666667,1.68752670288086
20.9078125,1.68633460998535
20.9111458333333,1.68520212173462
20.9144791666667,1.68418884277344
20.9178125,1.68317556381226
20.9211458333333,1.6823410987854
20.9244791666667,1.6816258430481
20.9278125,1.68097019195557
20.9311458333333,1.68037414550781
20.9344791666667,1.67989730834961
20.9378125,1.67953968048096
20.9411458333333,1.6791820526123
20.9444791666667,1.67888402938843
20.9478125,1.6787052154541
20.9511458333333,1.67858600616455
20.9544791666667,1.67864561080933
20.9578125,1.67882442474365
20.9611458333333,1.67912244796753
20.9644791666667,1.67959928512573
20.9678125,1.68019533157349
20.9711458333333,1.68102979660034
20.9744791666667,1.68198347091675
20.9778125,1.68311595916748
20.9811458333333,1.68448686599731
20.9844791666667,1.6859769821167
20.9878125,1.68770551681519
20.9911458333333,1.68967247009277
20.9944791666667,1.69181823730469
20.9978125,1.69414281845093
21.0011458333333,1.69658660888672
21.0044791666667,1.69926881790161
21.0078125,1.7019510269165
21.0111458333333,1.70475244522095
21.0144791666667,1.70761346817017
21.0178125,1.71041488647461
21.0211458333333,1.71315670013428
21.0244791666667,1.71583890914917
21.0278125,1.71846151351929
21.0311458333333,1.72096490859985
21.0344791666667,1.72340869903564
21.0378125,1.72567367553711
21.0411458333333,1.72781944274902
21.0444791666667,1.72978639602661
21.0478125,1.73169374465942
21.0511458333333,1.73354148864746
21.0544791666667,1.73521041870117
21.0578125,1.73681974411011
21.0611458333333,1.73830986022949
21.0644791666667,1.73962116241455
21.0678125,1.74081325531006
21.0711458333333,1.74176692962646
21.0744791666667,1.74260139465332
21.0778125,1.74319744110107
21.0811458333333,1.7436146736145
21.0844791666667,1.74379348754883
21.0878125,1.7438530921936
21.0911458333333,1.74373388290405
21.0944791666667,1.74355506896973
21.0978125,1.74325704574585
21.1011458333333,1.74295902252197
21.1044791666667,1.7426609992981
21.1078125,1.74230337142944
21.1111458333333,1.74200534820557
21.1144791666667,1.74164772033691
21.1178125,1.74129009246826
21.1211458333333,1.74087285995483
21.1244791666667,1.74045562744141
21.1278125,1.7399787902832
21.1311458333333,1.73944234848022
21.1344791666667,1.7387866973877
21.1378125,1.73813104629517
21.1411458333333,1.73741579055786
21.1444791666667,1.73664093017578
21.1478125,1.7358660697937
21.1511458333333,1.7351508140564
21.1544791666667,1.73443555831909
21.1578125,1.73383951187134
21.1611458333333,1.73330307006836
21.1644791666667,1.73276662826538
21.1678125,1.73234939575195
21.1711458333333,1.73193216323853
21.1744791666667,1.73157453536987
21.1778125,1.73121690750122
21.1811458333333,1.73085927963257
21.1844791666667,1.73056125640869
21.1878125,1.73038244247437
21.1911458333333,1.73026323318481
21.1944791666667,1.73032283782959
21.1978125,1.73050165176392
21.2011458333333,1.73091888427734
21.2044791666667,1.7315149307251
21.2078125,1.7322301864624
21.2111458333333,1.73312425613403
21.2144791666667,1.73413753509521
21.2178125,1.73527002334595
21.2211458333333,1.73646211624146
21.2244791666667,1.73777341842651
21.2278125,1.73914432525635
21.2311458333333,1.74057483673096
21.2344791666667,1.74206495285034
21.2378125,1.7436146736145
21.2411458333333,1.74528360366821
21.2444791666667,1.74695253372192
21.2478125,1.74862146377563
21.2511458333333,1.75034999847412
21.2544791666667,1.75195932388306
21.2578125,1.75362825393677
21.2611458333333,1.75517797470093
21.2644791666667,1.75666809082031
21.2678125,1.75809860229492
21.2711458333333,1.75946950912476
21.2744791666667,1.76084041595459
21.2778125,1.76215171813965
21.2811458333333,1.76340341567993
21.2844791666667,1.76465511322021
21.2878125,1.76578760147095
21.2911458333333,1.76692008972168
21.2944791666667,1.76793336868286
21.2978125,1.76888704299927
21.3011458333333,1.76966190338135
21.3044791666667,1.77037715911865
21.3078125,1.77085399627686
21.3111458333333,1.77127122879028
21.3144791666667,1.77156925201416
21.3178125,1.77174806594849
21.3211458333333,1.77180767059326
21.3244791666667,1.77174806594849
21.3278125,1.77162885665894
21.3311458333333,1.77133083343506
21.3344791666667,1.77097320556641
21.3378125,1.7704963684082
21.3411458333333,1.76995992660522
21.3444791666667,1.76924467086792
21.3478125,1.76846981048584
21.3511458333333,1.76769495010376
21.3544791666667,1.7668604850769
21.3578125,1.76602602005005
21.3611458333333,1.76519155502319
21.3644791666667,1.76447629928589
21.3678125,1.76376104354858
21.3711458333333,1.76316499710083
21.3744791666667,1.76256895065308
21.3778125,1.76209211349487
21.3811458333333,1.76167488098145
21.3844791666667,1.76137685775757
21.3878125,1.76113843917847
21.3911458333333,1.76101922988892
21.3944791666667,1.76101922988892
21.3978125,1.76119804382324
21.4011458333333,1.76149606704712
21.4044791666667,1.76191329956055
21.4078125,1.76244974136353
21.4111458333333,1.76310539245605
21.4144791666667,1.76388025283813
21.4178125,1.76471471786499
21.4211458333333,1.7656683921814
21.4244791666667,1.76668167114258
21.4278125,1.76781415939331
21.4311458333333,1.76894664764404
21.4344791666667,1.77019834518433
21.4378125,1.77139043807983
21.4411458333333,1.77258253097534
21.4444791666667,1.77377462387085
21.4478125,1.77484750747681
21.4511458333333,1.77586078643799
21.4544791666667,1.77669525146484
21.4578125,1.77735090255737
21.4611458333333,1.77788734436035
21.4644791666667,1.77818536758423
21.4678125,1.77842378616333
21.4711458333333,1.77848339080811
21.4744791666667,1.77842378616333
21.4778125,1.77836418151855
21.4811458333333,1.778244972229
21.4844791666667,1.77818536758423
21.4878125,1.77812576293945
21.4911458333333,1.77812576293945
21.4944791666667,1.77818536758423
21.4978125,1.77836418151855
21.5011458333333,1.77854299545288
21.5044791666667,1.77878141403198
21.5078125,1.77907943725586
21.5111458333333,1.77943706512451
21.5144791666667,1.77991390228271
21.5178125,1.78045034408569
21.5211458333333,1.78110599517822
21.5244791666667,1.78194046020508
21.5278125,1.78289413452148
21.5311458333333,1.78402662277222
21.5344791666667,1.7852783203125
21.5378125,1.78664922714233
21.5411458333333,1.78802013397217
21.5444791666667,1.78945064544678
21.5478125,1.79088115692139
21.5511458333333,1.79225206375122
21.5544791666667,1.7935037612915
21.5578125,1.79469585418701
21.5611458333333,1.79576873779297
21.5644791666667,1.79678201675415
21.5678125,1.79773569107056
21.5711458333333,1.79857015609741
21.5744791666667,1.79934501647949
21.5778125,1.8000602722168
21.5811458333333,1.80065631866455
21.5844791666667,1.80119276046753
21.5878125,1.80160999298096
21.5911458333333,1.80196762084961
21.5944791666667,1.80214643478394
21.5978125,1.80214643478394
21.6011458333333,1.80202722549438
21.6044791666667,1.80166959762573
21.6078125,1.80113315582275
21.6111458333333,1.80047750473022
21.6144791666667,1.79958343505859
21.6178125,1.79862976074219
21.6211458333333,1.79755687713623
21.6244791666667,1.7964243888855
21.6278125,1.79529190063477
21.6311458333333,1.79421901702881
21.6344791666667,1.79314613342285
21.6378125,1.79219245910645
21.6411458333333,1.79123878479004
21.6444791666667,1.79040431976318
21.6478125,1.78956985473633
21.6511458333333,1.78885459899902
21.6544791666667,1.78813934326172
21.6578125,1.78754329681396
21.6611458333333,1.78694725036621
21.6644791666667,1.78647041320801
21.6678125,1.78605318069458
21.6711458333333,1.7857551574707
21.6744791666667,1.78545713424683
21.6778125,1.7852783203125
21.6811458333333,1.78509950637817
21.6844791666667,1.78498029708862
21.6878125,1.78492069244385
21.6911458333333,1.7848014831543
21.6944791666667,1.78468227386475
21.6978125,1.78462266921997
21.7011458333333,1.78450345993042
21.7044791666667,1.78438425064087
21.7078125,1.78432464599609
21.7111458333333,1.78420543670654
21.7144791666667,1.78408622741699
21.7178125,1.78390741348267
21.7211458333333,1.78372859954834
21.7244791666667,1.78354978561401
21.7278125,1.78337097167969
21.7311458333333,1.78307294845581
21.7344791666667,1.78277492523193
21.7378125,1.78241729736328
21.7411458333333,1.78205966949463
21.7444791666667,1.7816424369812
21.7478125,1.78122520446777
21.7511458333333,1.78086757659912
21.7544791666667,1.78050994873047
21.7578125,1.78033113479614
21.7611458333333,1.78027153015137
21.7644791666667,1.78045034408569
21.7678125,1.78074836730957
21.7711458333333,1.78128480911255
21.7744791666667,1.78200006484985
21.7778125,1.78283452987671
21.7811458333333,1.78378820419312
21.7844791666667,1.78474187850952
21.7878125,1.7857551574707
21.7911458333333,1.78670883178711
21.7944791666667,1.78754329681396
21.7978125,1.78837776184082
21.8011458333333,1.78909301757813
21.8044791666667,1.78968906402588
21.8078125,1.79022550582886
21.8111458333333,1.79076194763184
21.8144791666667,1.79123878479004
21.8178125,1.79165601730347
21.8211458333333,1.79207324981689
21.8244791666667,1.79249048233032
21.8278125,1.79290771484375
21.8311458333333,1.79338455200195
21.8344791666667,1.79380178451538
21.8378125,1.79427862167358
21.8411458333333,1.79475545883179
21.8444791666667,1.79523229598999
21.8478125,1.79582834243774
21.8511458333333,1.7964243888855
21.8544791666667,1.79708003997803
21.8578125,1.79779529571533
21.8611458333333,1.79862976074219
21.8644791666667,1.79952383041382
21.8678125,1.80059671401978
21.8711458333333,1.80178880691528
21.8744791666667,1.80315971374512
21.8778125,1.80476903915405
21.8811458333333,1.80661678314209
21.8844791666667,1.80882215499878
21.8878125,1.8114447593689
21.8911458333333,1.81466341018677
21.8944791666667,1.81859731674194
21.8978125,1.82342529296875
21.9011458333333,1.82926654815674
21.9044791666667,1.83641910552979
21.9078125,1.84494256973267
21.9111458333333,1.85501575469971
21.9144791666667,1.86675786972046
21.9178125,1.8802285194397
21.9211458333333,1.89542770385742
21.9244791666667,1.91235542297363
21.9278125,1.93089246749878
21.9311458333333,1.95080041885376
21.9344791666667,1.97184085845947
21.9378125,1.99371576309204
21.9411458333333,2.01600790023804
21.9444791666667,2.03835964202881
21.9478125,2.06029415130615
21.9511458333333,2.08145380020142
21.9544791666667,2.10130214691162
21.9578125,2.11948156356812
21.9611458333333,2.1357536315918
21.9644791666667,2.14976072311401
21.9678125,2.16132402420044
21.9711458333333,2.1703839302063
21.9744791666667,2.17688083648682
21.9778125,2.18081474304199
21.9811458333333,2.18230485916138
21.9844791666667,2.18147039413452
21.9878125,2.17843055725098
21.9911458333333,2.17342376708984
21.9944791666667,2.16668844223022
21.9978125,2.15840339660645
22.0011458333333,2.14880704879761
22.0044791666667,2.13807821273804
22.0078125,2.12639570236206
22.0111458333333,2.11411714553833
22.0144791666667,2.10124254226685
22.0178125,2.08812952041626
22.0211458333333,2.07483768463135
22.0244791666667,2.06154584884644
22.0278125,2.04843282699585
22.0311458333333,2.03567743301392
22.0344791666667,2.02327966690063
22.0378125,2.01135873794556
22.0411458333333,1.99997425079346
22.0444791666667,1.98924541473389
22.0478125,1.97911262512207
22.0511458333333,1.96957588195801
22.0544791666667,1.9606351852417
22.0578125,1.95235013961792
22.0611458333333,1.94460153579712
22.0644791666667,1.93744897842407
22.0678125,1.93089246749878
22.0711458333333,1.92493200302124
22.0744791666667,1.91950798034668
22.0778125,1.91468000411987
22.0811458333333,1.91038846969604
22.0844791666667,1.9066333770752
22.0878125,1.90341472625732
22.0911458333333,1.90055370330811
22.0944791666667,1.89810991287231
22.0978125,1.8959641456604
22.1011458333333,1.89405679702759
22.1044791666667,1.8923282623291
22.1078125,1.89071893692017
22.1111458333333,1.88928842544556
22.1144791666667,1.8879771232605
22.1178125,1.88678503036499
22.1211458333333,1.88571214675903
22.1244791666667,1.8848180770874
22.1278125,1.88404321670532
22.1311458333333,1.88338756561279
22.1344791666667,1.88279151916504
22.1378125,1.88225507736206
22.1411458333333,1.88171863555908
22.1444791666667,1.88112258911133
22.1478125,1.8804669380188
22.1511458333333,1.87963247299194
22.1544791666667,1.87867879867554
22.1578125,1.87760591506958
22.1611458333333,1.87641382217407
22.1644791666667,1.87510251998901
22.1678125,1.8736720085144
22.1711458333333,1.87224149703979
22.1744791666667,1.87075138092041
22.1778125,1.86926126480103
22.1811458333333,1.86777114868164
22.1844791666667,1.86640024185181
22.1878125,1.8649697303772
22.1911458333333,1.86365842819214
22.1944791666667,1.86234712600708
22.1978125,1.86115503311157
22.2011458333333,1.85996294021606
22.2044791666667,1.85883045196533
22.2078125,1.8576979637146
22.2111458333333,1.85668468475342
22.2144791666667,1.85567140579224
22.2178125,1.85471773147583
22.2211458333333,1.85388326644897
22.2244791666667,1.85304880142212
22.2278125,1.85239315032959
22.2311458333333,1.85179710388184
22.2344791666667,1.85126066207886
22.2378125,1.85090303421021
22.2411458333333,1.85072422027588
22.2444791666667,1.8506646156311
22.2478125,1.85072422027588
22.2511458333333,1.85090303421021
22.2544791666667,1.85126066207886
22.2578125,1.85173749923706
22.2611458333333,1.85233354568481
22.2644791666667,1.85304880142212
22.2678125,1.85394287109375
22.2711458333333,1.85495615005493
22.2744791666667,1.85614824295044
22.2778125,1.85763835906982
22.2811458333333,1.85948610305786
22.2844791666667,1.8618106842041
22.2878125,1.8647313117981
22.2911458333333,1.86842679977417
22.2944791666667,1.8729567527771
22.2978125,1.87855958938599
22.3011458333333,1.88529491424561
22.3044791666667,1.89340114593506
22.3078125,1.9029974937439
22.3111458333333,1.91414356231689
22.3144791666667,1.9269585609436
22.3178125,1.94144248962402
22.3211458333333,1.95759534835815
22.3244791666667,1.97535753250122
22.3278125,1.9945502281189
22.3311458333333,2.01499462127686
22.3344791666667,2.03633308410645
22.3378125,2.05832719802856
22.3411458333333,2.08055973052979
22.3444791666667,2.10273265838623
22.3478125,2.12430953979492
22.3511458333333,2.14499235153198
22.3544791666667,2.16436386108398
22.3578125,2.18212604522705
22.3611458333333,2.1979808807373
22.3644791666667,2.21174955368042
22.3678125,2.22325325012207
22.3711458333333,2.23231315612793
22.3744791666667,2.23898887634277
22.3778125,2.24322080612183
22.3811458333333,2.24500894546509
22.3844791666667,2.24453210830688
22.3878125,2.24184989929199
22.3911458333333,2.23708152770996
22.3944791666667,2.23052501678467
22.3978125,2.22229957580566
22.4011458333333,2.21264362335205
22.4044791666667,2.20179557800293
22.4078125,2.19005346298218
22.4111458333333,2.1776556968689
22.4144791666667,2.16472148895264
22.4178125,2.1514892578125
22.4211458333333,2.13813781738281
22.4244791666667,2.12490558624268
22.4278125,2.11179256439209
22.4311458333333,2.09897756576538
22.4344791666667,2.0865797996521
22.4378125,2.07465887069702
22.4411458333333,2.06327438354492
22.4444791666667,2.05254554748535
22.4478125,2.04247236251831
22.4511458333333,2.0330548286438
22.4544791666667,2.02435255050659
22.4578125,2.01630592346191
22.4611458333333,2.00891494750977
22.4644791666667,2.00212001800537
22.4678125,1.99592113494873
22.4711458333333,1.99019908905029
22.4744791666667,1.98501348495483
22.4778125,1.98030471801758
22.4811458333333,1.97595357894897
22.4844791666667,1.97196006774902
22.4878125,1.9683837890625
22.4911458333333,1.96510553359985
22.4944791666667,1.96212530136108
22.4978125,1.95938348770142
22.5011458333333,1.95693969726563
22.5044791666667,1.95467472076416
22.5078125,1.95258855819702
22.5111458333333,1.95068120956421
22.5144791666667,1.94895267486572
22.5178125,1.94734334945679
22.5211458333333,1.9458532333374
22.5244791666667,1.94448232650757
22.5278125,1.94323062896729
22.5311458333333,1.94203853607178
22.5344791666667,1.9410252571106
22.5378125,1.94007158279419
22.5411458333333,1.93917751312256
22.5444791666667,1.93840265274048
22.5478125,1.93768739700317
22.5511458333333,1.93709135055542
22.5544791666667,1.93649530410767
22.5578125,1.93595886230469
22.5611458333333,1.93548202514648
22.5644791666667,1.93506479263306
22.5678125,1.9347071647644
22.5711458333333,1.93440914154053
22.5744791666667,1.93411111831665
22.5778125,1.93387269973755
22.5811458333333,1.93369388580322
22.5844791666667,1.9335150718689
22.5878125,1.93339586257935
22.5911458333333,1.93327665328979
22.5944791666667,1.93321704864502
22.5978125,1.93315744400024
22.6011458333333,1.93309783935547
22.6044791666667,1.93303823471069
22.6078125,1.93291902542114
22.6111458333333,1.93274021148682
22.6144791666667,1.93256139755249
22.6178125,1.93232297897339
22.6211458333333,1.93208456039429
22.6244791666667,1.93184614181519
22.6278125,1.93166732788086
22.6311458333333,1.93148851394653
22.6344791666667,1.93136930465698
22.6378125,1.93125009536743
22.6411458333333,1.93119049072266
22.6444791666667,1.93113088607788
22.6478125,1.93107128143311
22.6511458333333,1.93089246749878
22.6544791666667,1.93071365356445
22.6578125,1.93041563034058
22.6611458333333,1.93005800247192
22.6644791666667,1.92970037460327
22.6678125,1.92928314208984
22.6711458333333,1.92880630493164
22.6744791666667,1.92838907241821
22.6778125,1.92803144454956
22.6811458333333,1.92761421203613
22.6844791666667,1.92725658416748
22.6878125,1.92683935165405
22.6911458333333,1.92642211914063
22.6944791666667,1.9260048866272
22.6978125,1.92558765411377
22.7011458333333,1.92511081695557
22.7044791666667,1.92469358444214
22.7078125,1.92427635192871
22.7111458333333,1.92391872406006
22.7144791666667,1.92362070083618
22.7178125,1.92338228225708
22.7211458333333,1.92326307296753
22.7244791666667,1.92320346832275
22.7278125,1.9233226776123
22.7311458333333,1.92344188690186
22.7344791666667,1.92373991012573
22.7378125,1.92415714263916
22.7411458333333,1.92475318908691
22.7444791666667,1.92546844482422
22.7478125,1.92636251449585
22.7511458333333,1.92737579345703
22.7544791666667,1.92850828170776
22.7578125,1.92975997924805
22.7611458333333,1.93101167678833
22.7644791666667,1.93232297897339
22.7678125,1.93357467651367
22.7711458333333,1.93482637405396
22.7744791666667,1.93595886230469
22.7778125,1.93703174591064
22.7811458333333,1.93798542022705
22.7844791666667,1.93881988525391
22.7878125,1.93959474563599
22.7911458333333,1.94019079208374
22.7944791666667,1.94060802459717
22.7978125,1.94096565246582
22.8011458333333,1.94120407104492
22.8044791666667,1.94132328033447
22.8078125,1.9412636756897
22.8111458333333,1.94114446640015
22.8144791666667,1.94090604782104
22.8178125,1.94054841995239
22.8211458333333,1.94013118743896
22.8244791666667,1.93959474563599
22.8278125,1.93893909454346
22.8311458333333,1.93816423416138
22.8344791666667,1.93732976913452
22.8378125,1.93637609481812
22.8411458333333,1.93536281585693
22.8444791666667,1.93434953689575
22.8478125,1.93327665328979
22.8511458333333,1.93226337432861
22.8544791666667,1.93130970001221
22.8578125,1.93041563034058
22.8611458333333,1.92970037460327
22.8644791666667,1.92904472351074
22.8678125,1.92856788635254
22.8711458333333,1.92815065383911
22.8744791666667,1.92779302597046
22.8778125,1.92749500274658
22.8811458333333,1.92725658416748
22.8844791666667,1.92701816558838
22.8878125,1.92677974700928
22.8911458333333,1.92660093307495
22.8944791666667,1.92642211914063
22.8978125,1.92630290985107
22.9011458333333,1.92630290985107
22.9044791666667,1.92642211914063
22.9078125,1.92660093307495
22.9111458333333,1.92683935165405
22.9144791666667,1.92713737487793
22.9178125,1.92743539810181
22.9211458333333,1.92773342132568
22.9244791666667,1.92797183990479
22.9278125,1.92809104919434
22.9311458333333,1.92815065383911
22.9344791666667,1.92809104919434
22.9378125,1.92797183990479
22.9411458333333,1.92785263061523
22.9444791666667,1.92773342132568
22.9478125,1.92761421203613
22.9511458333333,1.92755460739136
22.9544791666667,1.92755460739136
22.9578125,1.92755460739136
22.9611458333333,1.92761421203613
22.9644791666667,1.92761421203613
22.9678125,1.92761421203613
22.9711458333333,1.92755460739136
22.9744791666667,1.92743539810181
22.9778125,1.92731618881226
22.9811458333333,1.92713737487793
22.9844791666667,1.92689895629883
22.9878125,1.92677974700928
22.9911458333333,1.92666053771973
22.9944791666667,1.92666053771973
22.9978125,1.9267201423645
23.0011458333333,1.9269585609436
23.0044791666667,1.92737579345703
23.0078125,1.92803144454956
23.0111458333333,1.92880630493164
23.0144791666667,1.92981958389282
23.0178125,1.93107128143311
23.0211458333333,1.93244218826294
23.0244791666667,1.9339919090271
23.0278125,1.93572044372559
23.0311458333333,1.93750858306885
23.0344791666667,1.93935632705688
23.0378125,1.9412636756897
23.0411458333333,1.94317102432251
23.0444791666667,1.94507837295532
23.0478125,1.94698572158813
23.0511458333333,1.94883346557617
23.0544791666667,1.95068120956421
23.0578125,1.95246934890747
23.0611458333333,1.95419788360596
23.0644791666667,1.95586681365967
23.0678125,1.9574761390686
23.0711458333333,1.95902585983276
23.0744791666667,1.96045637130737
23.0778125,1.96176767349243
23.0811458333333,1.96301937103271
23.0844791666667,1.96409225463867
23.0878125,1.96510553359985
23.0911458333333,1.96599960327148
23.0944791666667,1.96677446365356
23.0978125,1.96743011474609
23.1011458333333,1.96796655654907
23.1044791666667,1.9683837890625
23.1078125,1.96868181228638
23.1111458333333,1.96892023086548
23.1144791666667,1.96903944015503
23.1178125,1.96903944015503
23.1211458333333,1.96903944015503
23.1244791666667,1.96897983551025
23.1278125,1.96892023086548
23.1311458333333,1.9688606262207
23.1344791666667,1.96880102157593
23.1378125,1.96880102157593
23.1411458333333,1.9688606262207
23.1444791666667,1.96897983551025
23.1478125,1.96915864944458
23.1511458333333,1.96939706802368
23.1544791666667,1.96969509124756
23.1578125,1.97005271911621
23.1611458333333,1.97046995162964
23.1644791666667,1.97100639343262
23.1678125,1.9715428352356
23.1711458333333,1.97213888168335
23.1744791666667,1.9727349281311
23.1778125,1.97333097457886
23.1811458333333,1.97386741638184
23.1844791666667,1.97446346282959
23.1878125,1.97499990463257
23.1911458333333,1.97553634643555
23.1944791666667,1.97607278823853
23.1978125,1.97666883468628
23.2011458333333,1.97732448577881
23.2044791666667,1.97798013687134
23.2078125,1.97869539260864
23.2111458333333,1.97947025299072
23.2144791666667,1.9802451133728
23.2178125,1.98101997375488
23.2211458333333,1.98179483413696
23.2244791666667,1.98245048522949
23.2278125,1.98304653167725
23.2311458333333,1.98358297348022
23.2344791666667,1.98400020599365
23.2378125,1.9843578338623
23.2411458333333,1.98459625244141
23.2444791666667,1.98477506637573
23.2478125,1.98489427566528
23.2511458333333,1.98495388031006
23.2544791666667,1.98489427566528
23.2578125,1.98483467102051
23.2611458333333,1.98465585708618
23.2644791666667,1.98441743850708
23.2678125,1.9841194152832
23.2711458333333,1.98376178741455
23.2744791666667,1.98334455490112
23.2778125,1.98286771774292
23.2811458333333,1.98239088058472
23.2844791666667,1.98179483413696
23.2878125,1.98119878768921
23.2911458333333,1.98054313659668
23.2944791666667,1.97988748550415
23.2978125,1.97917222976685
23.3011458333333,1.97851657867432
23.3044791666667,1.97780132293701
23.3078125,1.97708606719971
23.3111458333333,1.97643041610718
23.3144791666667,1.97577476501465
23.3178125,1.97511911392212
23.3211458333333,1.97446346282959
23.3244791666667,1.97380781173706
23.3278125,1.97315216064453
23.3311458333333,1.972496509552
23.3344791666667,1.97184085845947
23.3378125,1.97118520736694
23.3411458333333,1.97058916091919
23.3444791666667,1.97005271911621
23.3478125,1.96957588195801
23.3511458333333,1.96915864944458
23.3544791666667,1.9688606262207
23.3578125,1.9686222076416
23.3611458333333,1.9683837890625
23.3644791666667,1.96820497512817
23.3678125,1.96802616119385
23.3711458333333,1.96784734725952
23.3744791666667,1.9676685333252
23.3778125,1.96743011474609
23.3811458333333,1.96719169616699
23.3844791666667,1.96689367294312
23.3878125,1.96659564971924
23.3911458333333,1.96629762649536
23.3944791666667,1.96599960327148
23.3978125,1.96570158004761
23.4011458333333,1.96546316146851
23.4044791666667,1.96528434753418
23.4078125,1.96516513824463
23.4111458333333,1.96510553359985
23.4144791666667,1.96510553359985
23.4178125,1.96516513824463
23.4211458333333,1.96534395217896
23.4244791666667,1.96558237075806
23.4278125,1.96588039398193
23.4311458333333,1.96629762649536
23.4344791666667,1.96677446365356
23.4378125,1.96731090545654
23.4411458333333,1.96796655654907
23.4444791666667,1.96868181228638
23.4478125,1.96957588195801
23.4511458333333,1.97052955627441
23.4544791666667,1.97160243988037
23.4578125,1.97285413742065
23.4611458333333,1.97422504425049
23.4644791666667,1.97571516036987
23.4678125,1.97726488113403
23.4711458333333,1.97893381118774
23.4744791666667,1.98072195053101
23.4778125,1.98256969451904
23.4811458333333,1.98447704315186
23.4844791666667,1.98644399642944
23.4878125,1.98847055435181
23.4911458333333,1.99055671691895
23.4944791666667,1.99264287948608
23.4978125,1.994788646698
23.5011458333333,1.99693441390991
23.5044791666667,1.9991397857666
23.5078125,2.00134515762329
23.5111458333333,2.00361013412476
23.5144791666667,2.00587511062622
23.5178125,2.00808048248291
23.5211458333333,2.01034545898438
23.5244791666667,2.01261043548584
23.5278125,2.01481580734253
23.5311458333333,2.01696157455444
23.5344791666667,2.01904773712158
23.5378125,2.02113389968872
23.5411458333333,2.02310085296631
23.5444791666667,2.02500820159912
23.5478125,2.02679634094238
23.5511458333333,2.02846527099609
23.5544791666667,2.03007459640503
23.5578125,2.03150510787964
23.5611458333333,2.0328164100647
23.5644791666667,2.03400850296021
23.5678125,2.03508138656616
23.5711458333333,2.03609466552734
23.5744791666667,2.0369291305542
23.5778125,2.03776359558105
23.5811458333333,2.03847885131836
23.5844791666667,2.03913450241089
23.5878125,2.03979015350342
23.5911458333333,2.04044580459595
23.5944791666667,2.04098224639893
23.5978125,2.0415186882019
23.6011458333333,2.04199552536011
23.6044791666667,2.04235315322876
23.6078125,2.04259157180786
23.6111458333333,2.04271078109741
23.6144791666667,2.04271078109741
23.6178125,2.04253196716309
23.6211458333333,2.04223394393921
23.6244791666667,2.04181671142578
23.6278125,2.04133987426758
23.6311458333333,2.0408034324646
23.6344791666667,2.04014778137207
23.6378125,2.03955173492432
23.6411458333333,2.03895568847656
23.6444791666667,2.03835964202881
23.6478125,2.03776359558105
23.6511458333333,2.0371675491333
23.6544791666667,2.03657150268555
23.6578125,2.03585624694824
23.6611458333333,2.03508138656616
23.6644791666667,2.03424692153931
23.6678125,2.0332932472229
23.6711458333333,2.03216075897217
23.6744791666667,2.03102827072144
23.6778125,2.02971696853638
23.6811458333333,2.02846527099609
23.6844791666667,2.02715396881104
23.6878125,2.02584266662598
23.6911458333333,2.02465057373047
23.6944791666667,2.02351808547974
23.6978125,2.02256441116333
23.7011458333333,2.02172994613647
23.7044791666667,2.02107429504395
23.7078125,2.02059745788574
23.7111458333333,2.02023983001709
23.7144791666667,2.02012062072754
23.7178125,2.02012062072754
23.7211458333333,2.02023983001709
23.7244791666667,2.02053785324097
23.7278125,2.02095508575439
23.7311458333333,2.02149152755737
23.7344791666667,2.02208757400513
23.7378125,2.02274322509766
23.7411458333333,2.02345848083496
23.7444791666667,2.02417373657227
23.7478125,2.02482938766479
23.7511458333333,2.02548503875732
23.7544791666667,2.02608108520508
23.7578125,2.02655792236328
23.7611458333333,2.02697515487671
23.7644791666667,2.02733278274536
23.7678125,2.02757120132446
23.7711458333333,2.02775001525879
23.7744791666667,2.02780961990356
23.7778125,2.02775001525879
23.7811458333333,2.02757120132446
23.7844791666667,2.02739238739014
23.7878125,2.02709436416626
23.7911458333333,2.02673673629761
23.7944791666667,2.02637910842896
23.7978125,2.02596187591553
23.8011458333333,2.0255446434021
23.8044791666667,2.02512741088867
23.8078125,2.02476978302002
23.8111458333333,2.02447175979614
23.8144791666667,2.02417373657227
23.8178125,2.02399492263794
23.8211458333333,2.02381610870361
23.8244791666667,2.02369689941406
23.8278125,2.02363729476929
23.8311458333333,2.02357769012451
23.8344791666667,2.02363729476929
23.8378125,2.02375650405884
23.8411458333333,2.02393531799316
23.8444791666667,2.02411413192749
23.8478125,2.02441215515137
23.8511458333333,2.02465057373047
23.8544791666667,2.02500820159912
23.8578125,2.025306224823
23.8611458333333,2.02560424804688
23.8644791666667,2.02590227127075
23.8678125,2.0262598991394
23.8711458333333,2.02655792236328
23.8744791666667,2.02691555023193
23.8778125,2.02727317810059
23.8811458333333,2.02763080596924
23.8844791666667,2.02804803848267
23.8878125,2.02840566635132
23.8911458333333,2.02882289886475
23.8944791666667,2.02924013137817
23.8978125,2.02959775924683
23.9011458333333,2.03001499176025
23.9044791666667,2.03031301498413
23.9078125,2.03061103820801
23.9111458333333,2.03090906143188
23.9144791666667,2.03114748001099
23.9178125,2.03138589859009
23.9211458333333,2.03156471252441
23.9244791666667,2.03180313110352
23.9278125,2.03204154968262
23.9311458333333,2.03227996826172
23.9344791666667,2.0325779914856
23.9378125,2.03299522399902
23.9411458333333,2.03341245651245
23.9444791666667,2.03388929367065
23.9478125,2.03442573547363
23.9511458333333,2.03508138656616
23.9544791666667,2.03573703765869
23.9578125,2.036452293396
23.9611458333333,2.03722715377808
23.9644791666667,2.03812122344971
23.9678125,2.03901529312134
23.9711458333333,2.03990936279297
23.9744791666667,2.04092264175415
23.9778125,2.04193592071533
23.9811458333333,2.04300880432129
23.9844791666667,2.04408168792725
23.9878125,2.04521417617798
23.9911458333333,2.04640626907349
23.9944791666667,2.04759836196899
23.9978125,2.04890966415405
24.0011458333333,2.05016136169434
24.0044791666667,2.05153226852417
24.0078125,2.05284357070923
24.0111458333333,2.05409526824951
24.0144791666667,2.05528736114502
24.0178125,2.0563006401062
24.0211458333333,2.05719470977783
24.0244791666667,2.05790996551514
24.0278125,2.05850601196289
24.0311458333333,2.05892324447632
24.0344791666667,2.05928087234497
24.0378125,2.0594596862793
24.0411458333333,2.05963850021362
24.0444791666667,2.05975770950317
24.0478125,2.05981731414795
24.0511458333333,2.05987691879272
24.0544791666667,2.05987691879272
24.0578125,2.05981731414795
24.0611458333333,2.0596981048584
24.0644791666667,2.05957889556885
24.0678125,2.05951929092407
24.0711458333333,2.05957889556885
24.0744791666667,2.0596981048584
24.0778125,2.05999612808228
24.0811458333333,2.06053256988525
24.0844791666667,2.06124782562256
24.0878125,2.06214189529419
24.0911458333333,2.06321477890015
24.0944791666667,2.06440687179565
24.0978125,2.06571817398071
24.1011458333333,2.06714868545532
24.1044791666667,2.06857919692993
24.1078125,2.07000970840454
24.1111458333333,2.0715594291687
24.1144791666667,2.07304954528809
24.1178125,2.07459926605225
24.1211458333333,2.07620859146118
24.1244791666667,2.07775831222534
24.1278125,2.0793080329895
24.1311458333333,2.08079814910889
24.1344791666667,2.08216905593872
24.1378125,2.08348035812378
24.1411458333333,2.08461284637451
24.1444791666667,2.08562612533569
24.1478125,2.08640098571777
24.1511458333333,2.0870566368103
24.1544791666667,2.08747386932373
24.1578125,2.08771228790283
24.1611458333333,2.08783149719238
24.1644791666667,2.08777189254761
24.1678125,2.08753347396851
24.1711458333333,2.08711624145508
24.1744791666667,2.08663940429688
24.1778125,2.08598375320435
24.1811458333333,2.08526849746704
24.1844791666667,2.08443403244019
24.1878125,2.08359956741333
24.1911458333333,2.08264589309692
24.1944791666667,2.08169221878052
24.1978125,2.08073854446411
24.2011458333333,2.07972526550293
24.2044791666667,2.07865238189697
24.2078125,2.07757949829102
24.2111458333333,2.07650661468506
24.2144791666667,2.07537412643433
24.2178125,2.07418203353882
24.2211458333333,2.07293033599854
24.2244791666667,2.07161903381348
24.2278125,2.07030773162842
24.2311458333333,2.06899642944336
24.2344791666667,2.06774473190308
24.2378125,2.06643342971802
24.2411458333333,2.06518173217773
24.2444791666667,2.06393003463745
24.2478125,2.06267833709717
24.2511458333333,2.06148624420166
24.2544791666667,2.06029415130615
24.2578125,2.05916166305542
24.2611458333333,2.05802917480469
24.2644791666667,2.05695629119873
24.2678125,2.05594301223755
24.2711458333333,2.05510854721069
24.2744791666667,2.05433368682861
24.2778125,2.05379724502563
24.2811458333333,2.05332040786743
24.2844791666667,2.05308198928833
24.2878125,2.05296277999878
24.2911458333333,2.05302238464355
24.2944791666667,2.05326080322266
24.2978125,2.05361843109131
24.3011458333333,2.05409526824951
24.3044791666667,2.05475091934204
24.3078125,2.0555853843689
24.3111458333333,2.05659866333008
24.3144791666667,2.05785036087036
24.3178125,2.05928087234497
24.3211458333333,2.06089019775391
24.3244791666667,2.06279754638672
24.3278125,2.06482410430908
24.3311458333333,2.06708908081055
24.3344791666667,2.06947326660156
24.3378125,2.07191705703735
24.3411458333333,2.0744800567627
24.3444791666667,2.07710266113281
24.3478125,2.07966566085815
24.3511458333333,2.0822286605835
24.3544791666667,2.08473205566406
24.3578125,2.08717584609985
24.3611458333333,2.08950042724609
24.3644791666667,2.09170579910278
24.3678125,2.09373235702515
24.3711458333333,2.09563970565796
24.3744791666667,2.09730863571167
24.3778125,2.09885835647583
24.3811458333333,2.10011005401611
24.3844791666667,2.10124254226685
24.3878125,2.10213661193848
24.3911458333333,2.10279226303101
24.3944791666667,2.10326910018921
24.3978125,2.10356712341309
24.4011458333333,2.10368633270264
24.4044791666667,2.10362672805786
24.4078125,2.10338830947876
24.4111458333333,2.10285186767578
24.4144791666667,2.10219621658325
24.4178125,2.10130214691162
24.4211458333333,2.10022926330566
24.4244791666667,2.09897756576538
24.4278125,2.09766626358032
24.4311458333333,2.09617614746094
24.4344791666667,2.09468603134155
24.4378125,2.09319591522217
24.4411458333333,2.09170579910278
24.4444791666667,2.09033489227295
24.4478125,2.08902359008789
24.4511458333333,2.08783149719238
24.4544791666667,2.08687782287598
24.4578125,2.08598375320435
24.4611458333333,2.08538770675659
24.4644791666667,2.08491086959839
24.4678125,2.08473205566406
24.4711458333333,2.08473205566406
24.4744791666667,2.08503007888794
24.4778125,2.08550691604614
24.4811458333333,2.08628177642822
24.4844791666667,2.08723545074463
24.4878125,2.08836793899536
24.4911458333333,2.0897388458252
24.4944791666667,2.09122896194458
24.4978125,2.09283828735352
24.5011458333333,2.09450721740723
24.5044791666667,2.09623575210571
24.5078125,2.0979642868042
24.5111458333333,2.09975242614746
24.5144791666667,2.10148096084595
24.5178125,2.10320949554443
24.5211458333333,2.10487842559814
24.5244791666667,2.10648775100708
24.5278125,2.10791826248169
24.5311458333333,2.10928916931152
24.5344791666667,2.11048126220703
24.5378125,2.11155414581299
24.5411458333333,2.11238861083984
24.5444791666667,2.11304426193237
24.5478125,2.11352109909058
24.5511458333333,2.11381912231445
24.5544791666667,2.11411714553833
24.5578125,2.11435556411743
24.5611458333333,2.11465358734131
24.5644791666667,2.11519002914429
24.5678125,2.11620330810547
24.5711458333333,2.11787223815918
24.5744791666667,2.1207332611084
24.5778125,2.12520360946655
24.5811458333333,2.13205814361572
24.5844791666667,2.14231014251709
24.5878125,2.15727090835571
24.5911458333333,2.17849016189575
24.5944791666667,2.20805406570435
24.5978125,2.24828720092773
24.6011458333333,2.30205059051514
24.6044791666667,2.3723840713501
24.6078125,2.46274471282959
24.6111458333333,2.57664918899536
24.6144791666667,2.71779298782349
24.6178125,2.88939476013184
24.6211458333333,3.09455394744873
24.6244791666667,3.33553552627563
24.6278125,3.61371040344238
24.6311458333333,3.92943620681763
24.6344791666667,4.28152084350586
24.6378125,4.66740131378174
24.6411458333333,5.08290529251099
24.6444791666667,5.52237033843994
24.6478125,5.97876310348511
24.6511458333333,6.44385814666748
24.6544791666667,6.90865516662598
24.6578125,7.36355781555176
24.6611458333333,7.79902935028076
24.6644791666667,8.2058310508728
24.6678125,8.57537984848022
24.6711458333333,8.90040397644043
24.6744791666667,9.17476415634155
24.6778125,9.39399003982544
24.6811458333333,9.5551609992981
24.6844791666667,9.65702533721924
24.6878125,9.69988107681274
24.6911458333333,9.68557596206665
24.6944791666667,9.61697101593018
24.6978125,9.49817895889282
24.7011458333333,9.3340277671814
24.7044791666667,9.12976264953613
24.7078125,8.89110565185547
24.7111458333333,8.62395763397217
24.7144791666667,8.33410024642944
24.7178125,8.02707672119141
24.7211458333333,7.70825147628784
24.7244791666667,7.38263130187988
24.7278125,7.05468654632568
24.7311458333333,6.72847032546997
24.7344791666667,6.40749931335449
24.7378125,6.09493255615234
24.7411458333333,5.79321384429932
24.7444791666667,5.50448894500732
24.7478125,5.23030757904053
24.7511458333333,4.97186183929443
24.7544791666667,4.7299861907959
24.7578125,4.5049786567688
24.7611458333333,4.29701805114746
24.7644791666667,4.10586595535278
24.7678125,3.93110513687134
24.7711458333333,3.77219915390015
24.7744791666667,3.62837314605713
24.7778125,3.49873304367065
24.7811458333333,3.38244438171387
24.7844791666667,3.27843427658081
24.7878125,3.18586826324463
24.7911458333333,3.10367345809937
24.7944791666667,3.03095579147339
24.7978125,2.96682119369507
24.8011458333333,2.91037559509277
24.8044791666667,2.86084413528442
24.8078125,2.81739234924316
24.8111458333333,2.77936458587646
24.8144791666667,2.7461051940918
24.8178125,2.71707773208618
24.8211458333333,2.69174575805664
24.8244791666667,2.66963243484497
24.8278125,2.65038013458252
24.8311458333333,2.63357162475586
24.8344791666667,2.61884927749634
24.8378125,2.60603427886963
24.8411458333333,2.59482860565186
24.8444791666667,2.58499383926392
24.8478125,2.57629156112671
24.8511458333333,2.56854295730591
24.8544791666667,2.56150960922241
24.8578125,2.55513191223145
24.8611458333333,2.54917144775391
24.8644791666667,2.54350900650024
24.8678125,2.53808498382568
24.8711458333333,2.53278017044067
24.8744791666667,2.52759456634521
24.8778125,2.52228975296021
24.8811458333333,2.5169849395752
24.8844791666667,2.51156091690063
24.8878125,2.50601768493652
24.8911458333333,2.50029563903809
24.8944791666667,2.49439477920532
24.8978125,2.48837471008301
24.9011458333333,2.48211622238159
24.9044791666667,2.47573852539063
24.9078125,2.46924161911011
24.9111458333333,2.46256589889526
24.9144791666667,2.45571136474609
24.9178125,2.44873762130737
24.9211458333333,2.44158506393433
24.9244791666667,2.43431329727173
24.9278125,2.4268627166748
24.9311458333333,2.41923332214355
24.9344791666667,2.41142511367798
24.9378125,2.40355730056763
24.9411458333333,2.39557027816772
24.9444791666667,2.38758325576782
24.9478125,2.37959623336792
24.9511458333333,2.37160921096802
24.9544791666667,2.36368179321289
24.9578125,2.35587358474731
24.9611458333333,2.34812498092651
24.9644791666667,2.34049558639526
24.9678125,2.33298540115356
24.9711458333333,2.32565402984619
24.9744791666667,2.31844186782837
24.9778125,2.31140851974487
24.9811458333333,2.30461359024048
24.9844791666667,2.29805707931519
24.9878125,2.29179859161377
24.9911458333333,2.28571891784668
24.9944791666667,2.27999687194824
24.9978125,2.27457284927368
25.0011458333333,2.269446849823
25.0044791666667,2.26455926895142
25.0078125,2.26002931594849
25.0111458333333,2.25573778152466
25.0144791666667,2.25180387496948
25.0178125,2.24810838699341
25.0211458333333,2.24477052688599
25.0244791666667,2.24167108535767
25.0278125,2.23886966705322
25.0311458333333,2.23636627197266
25.0344791666667,2.23416090011597
25.0378125,2.23219394683838
25.0411458333333,2.23052501678467
25.0444791666667,2.22909450531006
25.0478125,2.22790241241455
25.0511458333333,2.22700834274292
25.0544791666667,2.22629308700562
25.0578125,2.22575664520264
25.0611458333333,2.22539901733398
25.0644791666667,2.22516059875488
25.0678125,2.22498178482056
25.0711458333333,2.22480297088623
25.0744791666667,2.22468376159668
25.0778125,2.22444534301758
25.0811458333333,2.22420692443848
25.0844791666667,2.22384929656982
25.0878125,2.2234320640564
25.0911458333333,2.22289562225342
25.0944791666667,2.22229957580566
25.0978125,2.22158432006836
25.1011458333333,2.22080945968628
25.1044791666667,2.21997499465942
25.1078125,2.21908092498779
25.1111458333333,2.21812725067139
25.1144791666667,2.21705436706543
25.1178125,2.21598148345947
25.1211458333333,2.21478939056396
25.1244791666667,2.21359729766846
25.1278125,2.2122859954834
25.1311458333333,2.21091508865356
25.1344791666667,2.20954418182373
25.1378125,2.20811367034912
25.1411458333333,2.20668315887451
25.1444791666667,2.2052526473999
25.1478125,2.20388174057007
25.1511458333333,2.20251083374023
25.1544791666667,2.20125913619995
25.1578125,2.20012664794922
25.1611458333333,2.19911336898804
25.1644791666667,2.19827890396118
25.1678125,2.19756364822388
25.1711458333333,2.1970272064209
25.1744791666667,2.19666957855225
25.1778125,2.19637155532837
25.1811458333333,2.19619274139404
25.1844791666667,2.19613313674927
25.1878125,2.19607353210449
25.1911458333333,2.19601392745972
25.1944791666667,2.19595432281494
25.1978125,2.19589471817017
25.2011458333333,2.19583511352539
25.2044791666667,2.19583511352539
25.2078125,2.19589471817017
25.2111458333333,2.19595432281494
25.2144791666667,2.19613313674927
25.2178125,2.19643115997314
25.2211458333333,2.19672918319702
25.2244791666667,2.19714641571045
25.2278125,2.19756364822388
25.2311458333333,2.1979808807373
25.2344791666667,2.19833850860596
25.2378125,2.19863653182983
25.2411458333333,2.19887495040894
25.2444791666667,2.19893455505371
25.2478125,2.19887495040894
25.2511458333333,2.19875574111938
25.2544791666667,2.19845771789551
25.2578125,2.19804048538208
25.2611458333333,2.19756364822388
25.2644791666667,2.19696760177612
25.2678125,2.19625234603882
25.2711458333333,2.19547748565674
25.2744791666667,2.19458341598511
25.2778125,2.19357013702393
25.2811458333333,2.19243764877319
25.2844791666667,2.19118595123291
25.2878125,2.18981504440308
25.2911458333333,2.18844413757324
25.2944791666667,2.18695402145386
25.2978125,2.18558311462402
25.3011458333333,2.18421220779419
25.3044791666667,2.18296051025391
25.3078125,2.18188762664795
25.3111458333333,2.18093395233154
25.3144791666667,2.18021869659424
25.3178125,2.17968225479126
25.3211458333333,2.17926502227783
25.3244791666667,2.17902660369873
25.3278125,2.17890739440918
25.3311458333333,2.17890739440918
25.3344791666667,2.17908620834351
25.3378125,2.17932462692261
25.3411458333333,2.17974185943604
25.3444791666667,2.18033790588379
25.3478125,2.18099355697632
25.3511458333333,2.18182802200317
25.3544791666667,2.18278169631958
25.3578125,2.18385457992554
25.3611458333333,2.18510627746582
25.3644791666667,2.18641757965088
25.3678125,2.18784809112549
25.3711458333333,2.18933820724487
25.3744791666667,2.19088792800903
25.3778125,2.19249725341797
25.3811458333333,2.19404697418213
25.3844791666667,2.19559669494629
25.3878125,2.19714641571045
25.3911458333333,2.19863653182983
25.3944791666667,2.20012664794922
25.3978125,2.20149755477905
25.4011458333333,2.20292806625366
25.4044791666667,2.2042989730835
25.4078125,2.20566987991333
25.4111458333333,2.20698118209839
25.4144791666667,2.20829248428345
25.4178125,2.20954418182373
25.4211458333333,2.21073627471924
25.4244791666667,2.21186876296997
25.4278125,2.21282243728638
25.4311458333333,2.21359729766846
25.4344791666667,2.21425294876099
25.4378125,2.21478939056396
25.4411458333333,2.21514701843262
25.4444791666667,2.21532583236694
25.4478125,2.21538543701172
25.4511458333333,2.21538543701172
25.4544791666667,2.21520662307739
25.4578125,2.21496820449829
25.4611458333333,2.21461057662964
25.4644791666667,2.21419334411621
25.4678125,2.21371650695801
25.4711458333333,2.21312046051025
25.4744791666667,2.21258401870728
25.4778125,2.21198797225952
25.4811458333333,2.21145153045654
25.4844791666667,2.21097469329834
25.4878125,2.21061706542969
25.4911458333333,2.21037864685059
25.4944791666667,2.21019983291626
25.4978125,2.21014022827148
25.5011458333333,2.21019983291626
25.5044791666667,2.21031904220581
25.5078125,2.21049785614014
25.5111458333333,2.21073627471924
25.5144791666667,2.21091508865356
25.5178125,2.21121311187744
25.5211458333333,2.21145153045654
25.5244791666667,2.21168994903564
25.5278125,2.21198797225952
25.5311458333333,2.2122859954834
25.5344791666667,2.21258401870728
25.5378125,2.21288204193115
25.5411458333333,2.2132396697998
25.5444791666667,2.21353769302368
25.5478125,2.21389532089233
25.5511458333333,2.21419334411621
25.5544791666667,2.21449136734009
25.5578125,2.21467018127441
25.5611458333333,2.21478939056396
25.5644791666667,2.21484899520874
25.5678125,2.21472978591919
25.5711458333333,2.21455097198486
25.5744791666667,2.21431255340576
25.5778125,2.21401453018188
25.5811458333333,2.21359729766846
25.5844791666667,2.21312046051025
25.5878125,2.21264362335205
25.5911458333333,2.21216678619385
25.5944791666667,2.21157073974609
25.5978125,2.21097469329834
25.6011458333333,2.21037864685059
25.6044791666667,2.20966339111328
25.6078125,2.2088885307312
25.6111458333333,2.20805406570435
25.6144791666667,2.20715999603271
25.6178125,2.20620632171631
25.6211458333333,2.20519304275513
25.6244791666667,2.20417976379395
25.6278125,2.20310688018799
25.6311458333333,2.20203399658203
25.6344791666667,2.20096111297607
25.6378125,2.19994783401489
25.6411458333333,2.19899415969849
25.6444791666667,2.19810009002686
25.6478125,2.19738483428955
25.6511458333333,2.1967887878418
25.6544791666667,2.19637155532837
25.6578125,2.19607353210449
25.6611458333333,2.19595432281494
25.6644791666667,2.19601392745972
25.6678125,2.19619274139404
25.6711458333333,2.1965503692627
25.6744791666667,2.1970272064209
25.6778125,2.19762325286865
25.6811458333333,2.19827890396118
25.6844791666667,2.19899415969849
25.6878125,2.19976902008057
25.6911458333333,2.20054388046265
25.6944791666667,2.2013783454895
25.6978125,2.20221281051636
25.7011458333333,2.20304727554321
25.7044791666667,2.20388174057007
25.7078125,2.20471620559692
25.7111458333333,2.205491065979
25.7144791666667,2.20626592636108
25.7178125,2.20698118209839
25.7211458333333,2.20763683319092
25.7244791666667,2.20811367034912
25.7278125,2.20853090286255
25.7311458333333,2.20876932144165
25.7344791666667,2.20894813537598
25.7378125,2.20906734466553
25.7411458333333,2.2091269493103
25.7444791666667,2.20918655395508
25.7478125,2.20930576324463
25.7511458333333,2.20942497253418
25.7544791666667,2.20960378646851
25.7578125,2.20984220504761
25.7611458333333,2.21008062362671
25.7644791666667,2.21031904220581
25.7678125,2.21049785614014
25.7711458333333,2.21061706542969
25.7744791666667,2.21067667007446
25.7778125,2.21061706542969
25.7811458333333,2.21049785614014
25.7844791666667,2.21025943756104
25.7878125,2.21002101898193
25.7911458333333,2.20966339111328
25.7944791666667,2.20930576324463
25.7978125,2.2088885307312
25.8011458333333,2.20847129821777
25.8044791666667,2.20805406570435
25.8078125,2.20769643783569
25.8111458333333,2.20727920532227
25.8144791666667,2.20698118209839
25.8178125,2.20668315887451
25.8211458333333,2.20644474029541
25.8244791666667,2.20632553100586
25.8278125,2.20632553100586
25.8311458333333,2.20644474029541
25.8344791666667,2.20668315887451
25.8378125,2.20704078674316
25.8411458333333,2.20745801925659
25.8444791666667,2.20793485641479
25.8478125,2.20853090286255
25.8511458333333,2.2091269493103
25.8544791666667,2.20972299575806
25.8578125,2.21025943756104
25.8611458333333,2.21085548400879
25.8644791666667,2.21139192581177
25.8678125,2.21192836761475
25.8711458333333,2.21246480941772
25.8744791666667,2.21306085586548
25.8778125,2.21365690231323
25.8811458333333,2.21431255340576
25.8844791666667,2.21502780914307
25.8878125,2.2156834602356
25.8911458333333,2.2163987159729
25.8944791666667,2.21699476242065
25.8978125,2.21753120422363
25.9011458333333,2.21794843673706
25.9044791666667,2.21830606460571
25.9078125,2.21842527389526
25.9111458333333,2.21848487854004
25.9144791666667,2.21842527389526
25.9178125,2.21830606460571
25.9211458333333,2.21812725067139
25.9244791666667,2.21794843673706
25.9278125,2.21776962280273
25.9311458333333,2.21759080886841
25.9344791666667,2.21753120422363
25.9378125,2.21753120422363
25.9411458333333,2.21759080886841
25.9444791666667,2.21765041351318
25.9478125,2.21782922744751
25.9511458333333,2.21800804138184
25.9544791666667,2.21818685531616
25.9578125,2.21842527389526
25.9611458333333,2.21860408782959
25.9644791666667,2.21884250640869
25.9678125,2.21908092498779
25.9711458333333,2.21931934356689
25.9744791666667,2.21961736679077
25.9778125,2.21997499465942
25.9811458333333,2.22039222717285
25.9844791666667,2.22086906433105
25.9878125,2.22140550613403
25.9911458333333,2.22206115722656
25.9944791666667,2.22277641296387
25.9978125,2.22361087799072
26.0011458333333,2.22444534301758
26.0044791666667,2.22539901733398
26.0078125,2.22641229629517
26.0111458333333,2.22742557525635
26.0144791666667,2.22843885421753
26.0178125,2.22957134246826
26.0211458333333,2.23064422607422
26.0244791666667,2.23171710968018
26.0278125,2.23284959793091
26.0311458333333,2.23398208618164
26.0344791666667,2.23511457443237
26.0378125,2.23624706268311
26.0411458333333,2.23737955093384
26.0444791666667,2.23857164382935
26.0478125,2.23976373672485
26.0511458333333,2.24095582962036
26.0544791666667,2.24220752716064
26.0578125,2.2435188293457
26.0611458333333,2.24488973617554
26.0644791666667,2.24626064300537
26.0678125,2.24769115447998
26.0711458333333,2.24912166595459
26.0744791666667,2.25049257278442
26.0778125,2.25186347961426
26.0811458333333,2.25317478179932
26.0844791666667,2.25436687469482
26.0878125,2.25538015365601
26.0911458333333,2.25621461868286
26.0944791666667,2.25687026977539
26.0978125,2.25734710693359
26.1011458333333,2.2575855255127
26.1044791666667,2.25770473480225
26.1078125,2.25764513015747
26.1111458333333,2.25746631622314
26.1144791666667,2.25722789764404
26.1178125,2.25698947906494
26.1211458333333,2.25681066513062
26.1244791666667,2.25669145584106
26.1278125,2.25657224655151
26.1311458333333,2.25657224655151
26.1344791666667,2.25657224655151
26.1378125,2.25663185119629
26.1411458333333,2.25663185119629
26.1444791666667,2.25657224655151
26.1478125,2.25645303726196
26.1511458333333,2.25621461868286
26.1544791666667,2.25591659545898
26.1578125,2.25549936294556
26.1611458333333,2.25496292114258
26.1644791666667,2.25448608398438
26.1678125,2.2539496421814
26.1711458333333,2.25341320037842
26.1744791666667,2.25293636322021
26.1778125,2.25251913070679
26.1811458333333,2.25210189819336
26.1844791666667,2.25180387496948
26.1878125,2.25156545639038
26.1911458333333,2.25138664245605
26.1944791666667,2.25132703781128
26.1978125,2.25138664245605
26.2011458333333,2.25162506103516
26.2044791666667,2.25198268890381
26.2078125,2.25257873535156
26.2111458333333,2.25329399108887
26.2144791666667,2.25424766540527
26.2178125,2.25526094436646
26.2211458333333,2.25645303726196
26.2244791666667,2.25770473480225
26.2278125,2.25895643234253
26.2311458333333,2.26026773452759
26.2344791666667,2.26151943206787
26.2378125,2.26277112960815
26.2411458333333,2.26396322250366
26.2444791666667,2.26509571075439
26.2478125,2.26622819900513
26.2511458333333,2.26736068725586
26.2544791666667,2.26843357086182
26.2578125,2.26956605911255
26.2611458333333,2.27069854736328
26.2644791666667,2.27183103561401
26.2678125,2.27296352386475
26.2711458333333,2.27409601211548
26.2744791666667,2.27516889572144
26.2778125,2.27624177932739
26.2811458333333,2.2771954536438
26.2844791666667,2.27802991867065
26.2878125,2.27880477905273
26.2911458333333,2.27946043014526
26.2944791666667,2.27999687194824
26.2978125,2.28053331375122
26.3011458333333,2.28095054626465
26.3044791666667,2.28136777877808
26.3078125,2.28172540664673
26.3111458333333,2.28214263916016
26.3144791666667,2.28261947631836
26.3178125,2.28309631347656
26.3211458333333,2.28369235992432
26.3244791666667,2.28428840637207
26.3278125,2.28500366210938
26.3311458333333,2.28571891784668
26.3344791666667,2.28655338287354
26.3378125,2.28744745254517
26.3411458333333,2.2883415222168
26.3444791666667,2.28923559188843
26.3478125,2.29018926620483
26.3511458333333,2.29102373123169
26.3544791666667,2.29185819625854
26.3578125,2.29263305664063
26.3611458333333,2.29340791702271
26.3644791666667,2.29406356811523
26.3678125,2.29471921920776
26.3711458333333,2.29537487030029
26.3744791666667,2.29597091674805
26.3778125,2.29662656784058
26.3811458333333,2.29734182357788
26.3844791666667,2.29811668395996
26.3878125,2.29889154434204
26.3911458333333,2.29966640472412
26.3944791666667,2.3004412651062
26.3978125,2.30109691619873
26.4011458333333,2.30169296264648
26.4044791666667,2.30216979980469
26.4078125,2.30252742767334
26.4111458333333,2.30270624160767
26.4144791666667,2.30276584625244
26.4178125,2.30264663696289
26.4211458333333,2.30246782302856
26.4244791666667,2.30211019515991
26.4278125,2.30175256729126
26.4311458333333,2.30139493942261
26.4344791666667,2.30097770690918
26.4378125,2.30056047439575
26.4411458333333,2.30014324188232
26.4444791666667,2.2997260093689
26.4478125,2.29936838150024
26.4511458333333,2.29901075363159
26.4544791666667,2.29865312576294
26.4578125,2.29829549789429
26.4611458333333,2.29787826538086
26.4644791666667,2.29746103286743
26.4678125,2.29698419570923
26.4711458333333,2.29644775390625
26.4744791666667,2.2958517074585
26.4778125,2.29519605636597
26.4811458333333,2.29448080062866
26.4844791666667,2.29364633560181
26.4878125,2.29287147521973
26.4911458333333,2.29203701019287
26.4944791666667,2.29120254516602
26.4978125,2.29048728942871
26.5011458333333,2.28989124298096
26.5044791666667,2.28935480117798
26.5078125,2.28893756866455
26.5111458333333,2.28869915008545
26.5144791666667,2.2885799407959
26.5178125,2.28863954544067
26.5211458333333,2.288818359375
26.5244791666667,2.28911638259888
26.5278125,2.2895336151123
26.5311458333333,2.29012966156006
26.5344791666667,2.29084491729736
26.5378125,2.29167938232422
26.5411458333333,2.2926926612854
26.5444791666667,2.29388475418091
26.5478125,2.29519605636597
26.5511458333333,2.2965669631958
26.5544791666667,2.29811668395996
26.5578125,2.29966640472412
26.5611458333333,2.30121612548828
26.5644791666667,2.30276584625244
26.5678125,2.3043155670166
26.5711458333333,2.30574607849121
26.5744791666667,2.30711698532104
26.5778125,2.30836868286133
26.5811458333333,2.30950117111206
26.5844791666667,2.31057405471802
26.5878125,2.31152772903442
26.5911458333333,2.31236219406128
26.5944791666667,2.31313705444336
26.5978125,2.31379270553589
26.6011458333333,2.31438875198364
26.6044791666667,2.31492519378662
26.6078125,2.31540203094482
26.6111458333333,2.31587886810303
26.6144791666667,2.31635570526123
26.6178125,2.31683254241943
26.6211458333333,2.31730937957764
26.6244791666667,2.31784582138062
26.6278125,2.31844186782837
26.6311458333333,2.31903791427612
26.6344791666667,2.31969356536865
26.6378125,2.32046842575073
26.6411458333333,2.32124328613281
26.6444791666667,2.32207775115967
26.6478125,2.32291221618652
26.6511458333333,2.32386589050293
26.6544791666667,2.32487916946411
26.6578125,2.32589244842529
26.6611458333333,2.32690572738647
26.6644791666667,2.32797861099243
26.6678125,2.32905149459839
26.6711458333333,2.33012437820435
26.6744791666667,2.33113765716553
26.6778125,2.33221054077148
26.6811458333333,2.33322381973267
26.6844791666667,2.33423709869385
26.6878125,2.3353099822998
26.6911458333333,2.33632326126099
26.6944791666667,2.33733654022217
26.6978125,2.33829021453857
26.7011458333333,2.33924388885498
26.7044791666667,2.34007835388184
26.7078125,2.34091281890869
26.7111458333333,2.34174728393555
26.7144791666667,2.3425817489624
26.7178125,2.34335660934448
26.7211458333333,2.34419107437134
26.7244791666667,2.34502553939819
26.7278125,2.34591960906982
26.7311458333333,2.34687328338623
26.7344791666667,2.34782695770264
26.7378125,2.34884023666382
26.7411458333333,2.34973430633545
26.7444791666667,2.35062837600708
26.7478125,2.35146284103394
26.7511458333333,2.35217809677124
26.7544791666667,2.35283374786377
26.7578125,2.35337018966675
26.7611458333333,2.35390663146973
26.7644791666667,2.35432386398315
26.7678125,2.35474109649658
26.7711458333333,2.35509872436523
26.7744791666667,2.35545635223389
26.7778125,2.35575437545776
26.7811458333333,2.35599279403687
26.7844791666667,2.35617160797119
26.7878125,2.35635042190552
26.7911458333333,2.35635042190552
26.7944791666667,2.35629081726074
26.7978125,2.35611200332642
26.8011458333333,2.35587358474731
26.8044791666667,2.35551595687866
26.8078125,2.35503911972046
26.8111458333333,2.35462188720703
26.8144791666667,2.35414505004883
26.8178125,2.3537278175354
26.8211458333333,2.35337018966675
26.8244791666667,2.35307216644287
26.8278125,2.35295295715332
26.8311458333333,2.35289335250854
26.8344791666667,2.35295295715332
26.8378125,2.35307216644287
26.8411458333333,2.3532509803772
26.8444791666667,2.35342979431152
26.8478125,2.35366821289063
26.8511458333333,2.35384702682495
26.8544791666667,2.35402584075928
26.8578125,2.35414505004883
26.8611458333333,2.35426425933838
26.8644791666667,2.35432386398315
26.8678125,2.35432386398315
26.8711458333333,2.35432386398315
26.8744791666667,2.3542046546936
26.8778125,2.35402584075928
26.8811458333333,2.35378742218018
26.8844791666667,2.3534893989563
26.8878125,2.35313177108765
26.8911458333333,2.35265493392944
26.8944791666667,2.35211849212646
26.8978125,2.35158205032349
26.9011458333333,2.35098600387573
26.9044791666667,2.3503303527832
26.9078125,2.34973430633545
26.9111458333333,2.34919786453247
26.9144791666667,2.34866142272949
26.9178125,2.34818458557129
26.9211458333333,2.34776735305786
26.9244791666667,2.34746932983398
26.9278125,2.34717130661011
26.9311458333333,2.34693288803101
26.9344791666667,2.3466944694519
26.9378125,2.3464560508728
26.9411458333333,2.3462176322937
26.9444791666667,2.3459792137146
26.9478125,2.3457407951355
26.9511458333333,2.34556198120117
26.9544791666667,2.34544277191162
26.9578125,2.34532356262207
26.9611458333333,2.34532356262207
26.9644791666667,2.34544277191162
26.9678125,2.34568119049072
26.9711458333333,2.3459792137146
26.9744791666667,2.3464560508728
26.9778125,2.34705209732056
26.9811458333333,2.34770774841309
26.9844791666667,2.34842300415039
26.9878125,2.34919786453247
26.9911458333333,2.35003232955933
26.9944791666667,2.35092639923096
26.9978125,2.35182046890259
27.0011458333333,2.35277414321899
27.0044791666667,2.35378742218018
27.0078125,2.35486030578613
27.0111458333333,2.35593318939209
27.0144791666667,2.3571252822876
27.0178125,2.35825777053833
27.0211458333333,2.35939025878906
27.0244791666667,2.36046314239502
27.0278125,2.3614764213562
27.0311458333333,2.36237049102783
27.0344791666667,2.36314535140991
27.0378125,2.36374139785767
27.0411458333333,2.36421823501587
27.0444791666667,2.36451625823975
27.0478125,2.36469507217407
27.0511458333333,2.36469507217407
27.0544791666667,2.36457586288452
27.0578125,2.36433744430542
27.0611458333333,2.36397981643677
27.0644791666667,2.36356258392334
27.0678125,2.36296653747559
27.0711458333333,2.36237049102783
27.0744791666667,2.3617148399353
27.0778125,2.36105918884277
27.0811458333333,2.36040353775024
27.0844791666667,2.35974788665771
27.0878125,2.35915184020996
27.0911458333333,2.35855579376221
27.0944791666667,2.35801935195923
27.0978125,2.35754251480103
27.1011458333333,2.35706567764282
27.1044791666667,2.35664844512939
27.1078125,2.35623121261597
27.1111458333333,2.35593318939209
27.1144791666667,2.35563516616821
27.1178125,2.35539674758911
27.1211458333333,2.35533714294434
27.1244791666667,2.35527753829956
27.1278125,2.35539674758911
27.1311458333333,2.35557556152344
27.1344791666667,2.35587358474731
27.1378125,2.35623121261597
27.1411458333333,2.35670804977417
27.1444791666667,2.35724449157715
27.1478125,2.35790014266968
27.1511458333333,2.35855579376221
27.1544791666667,2.35933065414429
27.1578125,2.36010551452637
27.1611458333333,2.36088037490845
27.1644791666667,2.36159563064575
27.1678125,2.36225128173828
27.1711458333333,2.36284732818604
27.1744791666667,2.36332416534424
27.1778125,2.36368179321289
27.1811458333333,2.36392021179199
27.1844791666667,2.36403942108154
27.1878125,2.36403942108154
27.1911458333333,2.36397981643677
27.1944791666667,2.36392021179199
27.1978125,2.36380100250244
27.2011458333333,2.36368179321289
27.2044791666667,2.36362218856812
27.2078125,2.36362218856812
27.2111458333333,2.36368179321289
27.2144791666667,2.36380100250244
27.2178125,2.36397981643677
27.2211458333333,2.36415863037109
27.2244791666667,2.36433744430542
27.2278125,2.36451625823975
27.2311458333333,2.3646354675293
27.2344791666667,2.36475467681885
27.2378125,2.36475467681885
27.2411458333333,2.36475467681885
27.2444791666667,2.36475467681885
27.2478125,2.36469507217407
27.2511458333333,2.36469507217407
27.2544791666667,2.36469507217407
27.2578125,2.36475467681885
27.2611458333333,2.36481428146362
27.2644791666667,2.36499309539795
27.2678125,2.36517190933228
27.2711458333333,2.36541032791138
27.2744791666667,2.36570835113525
27.2778125,2.36600637435913
27.2811458333333,2.36636400222778
27.2844791666667,2.36666202545166
27.2878125,2.36696004867554
27.2911458333333,2.36725807189941
27.2944791666667,2.36761569976807
27.2978125,2.36791372299194
27.3011458333333,2.36815214157104
27.3044791666667,2.36845016479492
27.3078125,2.36862897872925
27.3111458333333,2.36880779266357
27.3144791666667,2.3689866065979
27.3178125,2.3689866065979
27.3211458333333,2.3689866065979
27.3244791666667,2.36886739730835
27.3278125,2.36868858337402
27.3311458333333,2.36839056015015
27.3344791666667,2.36815214157104
27.3378125,2.36785411834717
27.3411458333333,2.36761569976807
27.3444791666667,2.36737728118896
27.3478125,2.36731767654419
27.3511458333333,2.36725807189941
27.3544791666667,2.36737728118896
27.3578125,2.36761569976807
27.3611458333333,2.36791372299194
27.3644791666667,2.3682713508606
27.3678125,2.3687481880188
27.3711458333333,2.36928462982178
27.3744791666667,2.36988067626953
27.3778125,2.37053632736206
27.3811458333333,2.37125158309937
27.3844791666667,2.37202644348145
27.3878125,2.37292051315308
27.3911458333333,2.37387418746948
27.3944791666667,2.37500667572021
27.3978125,2.3762583732605
27.4011458333333,2.37756967544556
27.4044791666667,2.37900018692017
27.4078125,2.38049030303955
27.4111458333333,2.38209962844849
27.4144791666667,2.38370895385742
27.4178125,2.38531827926636
27.4211458333333,2.38686800003052
27.4244791666667,2.38841772079468
27.4278125,2.38996744155884
27.4311458333333,2.39145755767822
27.4344791666667,2.39294767379761
27.4378125,2.39437818527222
27.4411458333333,2.3958683013916
27.4444791666667,2.39735841751099
27.4478125,2.39884853363037
27.4511458333333,2.40033864974976
27.4544791666667,2.40182876586914
27.4578125,2.40325927734375
27.4611458333333,2.40468978881836
27.4644791666667,2.40600109100342
27.4678125,2.40731239318848
27.4711458333333,2.40844488143921
27.4744791666667,2.40957736968994
27.4778125,2.41053104400635
27.4811458333333,2.41148471832275
27.4844791666667,2.41225957870483
27.4878125,2.41297483444214
27.4911458333333,2.41363048553467
27.4944791666667,2.41416692733765
27.4978125,2.41470336914063
27.5011458333333,2.41518020629883
27.5044791666667,2.41565704345703
27.5078125,2.41607427597046
27.5111458333333,2.41655111312866
27.5144791666667,2.41702795028687
27.5178125,2.41756439208984
27.5211458333333,2.41810083389282
27.5244791666667,2.41875648498535
27.5278125,2.41941213607788
27.5311458333333,2.42018699645996
27.5344791666667,2.42102146148682
27.5378125,2.42185592651367
27.5411458333333,2.4227499961853
27.5444791666667,2.42364406585693
27.5478125,2.42459774017334
27.5511458333333,2.42549180984497
27.5544791666667,2.4263858795166
27.5578125,2.42727994918823
27.5611458333333,2.42817401885986
27.5644791666667,2.42906808853149
27.5678125,2.42996215820313
27.5711458333333,2.43079662322998
27.5744791666667,2.43163108825684
27.5778125,2.43240594863892
27.5811458333333,2.43312120437622
27.5844791666667,2.43371725082397
27.5878125,2.4341344833374
27.5911458333333,2.43443250656128
27.5944791666667,2.43461132049561
27.5978125,2.43467092514038
27.6011458333333,2.43461132049561
27.6044791666667,2.43443250656128
27.6078125,2.43419408798218
27.6111458333333,2.43395566940308
27.6144791666667,2.43371725082397
27.6178125,2.43353843688965
27.6211458333333,2.4334192276001
27.6244791666667,2.43335962295532
27.6278125,2.4334192276001
27.6311458333333,2.43359804153442
27.6344791666667,2.4338960647583
27.6378125,2.4343729019165
27.6411458333333,2.43502855300903
27.6444791666667,2.43580341339111
27.6478125,2.43669748306274
27.6511458333333,2.43771076202393
27.6544791666667,2.43878364562988
27.6578125,2.43991613388062
27.6611458333333,2.44098901748657
27.6644791666667,2.44200229644775
27.6678125,2.44295597076416
27.6711458333333,2.44373083114624
27.6744791666667,2.44438648223877
27.6778125,2.44486331939697
27.6811458333333,2.44516134262085
27.6844791666667,2.44534015655518
27.6878125,2.4452805519104
27.6911458333333,2.4450421333313
27.6944791666667,2.44468450546265
27.6978125,2.44414806365967
27.7011458333333,2.44349241256714
27.7044791666667,2.44271755218506
27.7078125,2.44182348251343
27.7111458333333,2.44086980819702
27.7144791666667,2.43979692459106
27.7178125,2.43866443634033
27.7211458333333,2.43747234344482
27.7244791666667,2.43628025054932
27.7278125,2.43502855300903
27.7311458333333,2.4338960647583
27.7344791666667,2.43276357650757
27.7378125,2.43175029754639
27.7411458333333,2.43091583251953
27.7444791666667,2.43020057678223
27.7478125,2.42972373962402
27.7511458333333,2.42942571640015
27.7544791666667,2.4293065071106
27.7578125,2.42942571640015
27.7611458333333,2.42966413497925
27.7644791666667,2.4300217628479
27.7678125,2.4304986000061
27.7711458333333,2.43109464645386
27.7744791666667,2.43175029754639
27.7778125,2.43246555328369
27.7811458333333,2.43324041366577
27.7844791666667,2.43407487869263
27.7878125,2.43502855300903
27.7911458333333,2.43598222732544
27.7944791666667,2.43693590164185
27.7978125,2.43794918060303
27.8011458333333,2.43896245956421
27.8044791666667,2.43991613388062
27.8078125,2.44086980819702
27.8111458333333,2.44176387786865
27.8144791666667,2.44259834289551
27.8178125,2.44343280792236
27.8211458333333,2.44420766830444
27.8244791666667,2.44492292404175
27.8278125,2.44557857513428
27.8311458333333,2.44623422622681
27.8344791666667,2.44683027267456
27.8378125,2.44742631912231
27.8411458333333,2.44796276092529
27.8444791666667,2.4484395980835
27.8478125,2.44885683059692
27.8511458333333,2.44921445846558
27.8544791666667,2.44945287704468
27.8578125,2.44957208633423
27.8611458333333,2.449631690979
27.8644791666667,2.449631690979
27.8678125,2.44951248168945
27.8711458333333,2.44927406311035
27.8744791666667,2.44897603988647
27.8778125,2.44861841201782
27.8811458333333,2.44814157485962
27.8844791666667,2.44766473770142
27.8878125,2.44712829589844
27.8911458333333,2.44665145874023
27.8944791666667,2.44617462158203
27.8978125,2.4457573890686
27.9011458333333,2.44539976119995
27.9044791666667,2.44516134262085
27.9078125,2.44498252868652
27.9111458333333,2.44498252868652
27.9144791666667,2.4450421333313
27.9178125,2.44522094726563
27.9211458333333,2.4455189704895
27.9244791666667,2.44587659835815
27.9278125,2.44629383087158
27.9311458333333,2.44677066802979
27.9344791666667,2.44730710983276
27.9378125,2.44790315628052
27.9411458333333,2.44855880737305
27.9444791666667,2.44921445846558
27.9478125,2.44987010955811
27.9511458333333,2.45052576065063
27.9544791666667,2.45112180709839
27.9578125,2.45159864425659
27.9611458333333,2.45201587677002
27.9644791666667,2.4523138999939
27.9678125,2.45243310928345
27.9711458333333,2.45249271392822
27.9744791666667,2.45243310928345
27.9778125,2.45225429534912
27.9811458333333,2.45201587677002
27.9844791666667,2.45177745819092
27.9878125,2.45147943496704
27.9911458333333,2.45124101638794
27.9944791666667,2.45100259780884
27.9978125,2.45082378387451
28.0011458333333,2.45064496994019
28.0044791666667,2.45052576065063
28.0078125,2.45040655136108
28.0111458333333,2.45034694671631
28.0144791666667,2.45034694671631
28.0178125,2.45034694671631
28.0211458333333,2.45028734207153
28.0244791666667,2.45028734207153
28.0278125,2.45028734207153
28.0311458333333,2.45022773742676
28.0344791666667,2.45016813278198
28.0378125,2.45016813278198
28.0411458333333,2.45010852813721
28.0444791666667,2.44998931884766
28.0478125,2.44992971420288
28.0511458333333,2.44981050491333
28.0544791666667,2.44969129562378
28.0578125,2.44957208633423
28.0611458333333,2.4493932723999
28.0644791666667,2.44921445846558
28.0678125,2.44903564453125
28.0711458333333,2.44879722595215
28.0744791666667,2.44855880737305
28.0778125,2.44837999343872
28.0811458333333,2.44820117950439
28.0844791666667,2.44802236557007
28.0878125,2.44778394699097
28.0911458333333,2.44760513305664
28.0944791666667,2.44736671447754
28.0978125,2.44706869125366
28.1011458333333,2.44671106338501
28.1044791666667,2.44629383087158
28.1078125,2.44581699371338
28.1111458333333,2.44522094726563
28.1144791666667,2.44462490081787
28.1178125,2.44402885437012
28.1211458333333,2.44343280792236
28.1244791666667,2.44289636611938
28.1278125,2.44235992431641
28.1311458333333,2.44200229644775
28.1344791666667,2.4416446685791
28.1378125,2.44146585464478
28.1411458333333,2.44128704071045
28.1444791666667,2.44122743606567
28.1478125,2.44122743606567
28.1511458333333,2.44128704071045
28.1544791666667,2.44134664535522
28.1578125,2.44152545928955
28.1611458333333,2.44170427322388
28.1644791666667,2.4418830871582
28.1678125,2.4421215057373
28.1711458333333,2.44235992431641
28.1744791666667,2.44265794754028
28.1778125,2.44295597076416
28.1811458333333,2.44331359863281
28.1844791666667,2.44367122650146
28.1878125,2.44408845901489
28.1911458333333,2.4445652961731
28.1944791666667,2.44510173797607
28.1978125,2.44569778442383
28.2011458333333,2.44641304016113
28.2044791666667,2.44718790054321
28.2078125,2.44802236557007
28.2111458333333,2.4489164352417
28.2144791666667,2.44987010955811
28.2178125,2.45088338851929
28.2211458333333,2.45189666748047
28.2244791666667,2.45290994644165
28.2278125,2.45386362075806
28.2311458333333,2.45481729507446
28.2344791666667,2.45571136474609
28.2378125,2.45648622512817
28.2411458333333,2.45726108551025
28.2444791666667,2.45791673660278
28.2478125,2.45851278305054
28.2511458333333,2.45904922485352
28.2544791666667,2.45952606201172
28.2578125,2.45988368988037
28.2611458333333,2.46024131774902
28.2644791666667,2.4605393409729
28.2678125,2.460777759552
28.2711458333333,2.46089696884155
28.2744791666667,2.4610161781311
28.2778125,2.46107578277588
28.2811458333333,2.46113538742065
28.2844791666667,2.46113538742065
28.2878125,2.46113538742065
28.2911458333333,2.46113538742065
28.2944791666667,2.46119499206543
28.2978125,2.46125459671021
28.3011458333333,2.46137380599976
28.3044791666667,2.46155261993408
28.3078125,2.46179103851318
28.3111458333333,2.46208906173706
28.3144791666667,2.46244668960571
28.3178125,2.46280431747437
28.3211458333333,2.46322154998779
28.3244791666667,2.46363878250122
28.3278125,2.46405601501465
28.3311458333333,2.46447324752808
28.3344791666667,2.46495008468628
28.3378125,2.46536731719971
28.3411458333333,2.46578454971313
28.3444791666667,2.46614217758179
28.3478125,2.46649980545044
28.3511458333333,2.46685743331909
28.3544791666667,2.46715545654297
28.3578125,2.46751308441162
28.3611458333333,2.4678111076355
28.3644791666667,2.46816873550415
28.3678125,2.4685263633728
28.3711458333333,2.46900320053101
28.3744791666667,2.46953964233398
28.3778125,2.47025489807129
28.3811458333333,2.47102975845337
28.3844791666667,2.47198343276978
28.3878125,2.47305631637573
28.3911458333333,2.47424840927124
28.3944791666667,2.47550010681152
28.3978125,2.47681140899658
28.4011458333333,2.47818231582642
28.4044791666667,2.47949361801147
28.4078125,2.48080492019653
28.4111458333333,2.48205661773682
28.4144791666667,2.48318910598755
28.4178125,2.48426198959351
28.4211458333333,2.48521566390991
28.4244791666667,2.48610973358154
28.4278125,2.48688459396362
28.4311458333333,2.48759984970093
28.4344791666667,2.48825550079346
28.4378125,2.48891115188599
28.4411458333333,2.48950719833374
28.4444791666667,2.49010324478149
28.4478125,2.4905800819397
28.4511458333333,2.49111652374268
28.4544791666667,2.4915337562561
28.4578125,2.49195098876953
28.4611458333333,2.49230861663818
28.4644791666667,2.49266624450684
28.4678125,2.49296426773071
28.4711458333333,2.49320268630981
28.4744791666667,2.49344110488892
28.4778125,2.49361991882324
28.4811458333333,2.49385833740234
28.4844791666667,2.49409675598145
28.4878125,2.49433517456055
28.4911458333333,2.49463319778442
28.4944791666667,2.4949312210083
28.4978125,2.49534845352173
28.5011458333333,2.49582529067993
28.5044791666667,2.49636173248291
28.5078125,2.49689817428589
28.5111458333333,2.49755382537842
28.5144791666667,2.49820947647095
28.5178125,2.49886512756348
28.5211458333333,2.49946117401123
28.5244791666667,2.50005722045898
28.5278125,2.50065326690674
28.5311458333333,2.50113010406494
28.5344791666667,2.50154733657837
28.5378125,2.5019645690918
28.5411458333333,2.50232219696045
28.5444791666667,2.50262022018433
28.5478125,2.50285863876343
28.5511458333333,2.5031566619873
28.5544791666667,2.50351428985596
28.5578125,2.50387191772461
28.5611458333333,2.50434875488281
28.5644791666667,2.50488519668579
28.5678125,2.5056004524231
28.5711458333333,2.50643491744995
28.5744791666667,2.50738859176636
28.5778125,2.50852108001709
28.5811458333333,2.50977277755737
28.5844791666667,2.51114368438721
28.5878125,2.51257419586182
28.5911458333333,2.5140643119812
28.5944791666667,2.51561403274536
28.5978125,2.51716375350952
28.6011458333333,2.51877307891846
28.6044791666667,2.52026319503784
28.6078125,2.521812915802
28.6111458333333,2.52330303192139
28.6144791666667,2.52467393875122
28.6178125,2.52604484558105
28.6211458333333,2.52723693847656
28.6244791666667,2.52842903137207
28.6278125,2.52950191497803
28.6311458333333,2.53051519393921
28.6344791666667,2.53146886825562
28.6378125,2.53242254257202
28.6411458333333,2.53337621688843
28.6444791666667,2.53432989120483
28.6478125,2.53528356552124
28.6511458333333,2.53623723983765
28.6544791666667,2.53719091415405
28.6578125,2.53808498382568
28.6611458333333,2.53891944885254
28.6644791666667,2.53969430923462
28.6678125,2.54040956497192
28.6711458333333,2.54106521606445
28.6744791666667,2.54166126251221
28.6778125,2.54225730895996
28.6811458333333,2.54285335540771
28.6844791666667,2.54350900650024
28.6878125,2.54422426223755
28.6911458333333,2.54499912261963
28.6944791666667,2.54583358764648
28.6978125,2.54672765731812
28.7011458333333,2.54762172698975
28.7044791666667,2.54851579666138
28.7078125,2.54940986633301
28.7111458333333,2.55024433135986
28.7144791666667,2.55107879638672
28.7178125,2.5518536567688
28.7211458333333,2.55262851715088
28.7244791666667,2.55334377288818
28.7278125,2.55405902862549
28.7311458333333,2.55471467971802
28.7344791666667,2.55531072616577
28.7378125,2.5559663772583
28.7411458333333,2.55650281906128
28.7444791666667,2.55703926086426
28.7478125,2.55745649337769
28.7511458333333,2.55775451660156
28.7544791666667,2.55805253982544
28.7578125,2.55817174911499
28.7611458333333,2.55829095840454
28.7644791666667,2.55829095840454
28.7678125,2.55823135375977
28.7711458333333,2.55811214447021
28.7744791666667,2.55805253982544
28.7778125,2.55793333053589
28.7811458333333,2.55781412124634
28.7844791666667,2.55769491195679
28.7878125,2.55757570266724
28.7911458333333,2.55745649337769
28.7944791666667,2.55739688873291
28.7978125,2.55727767944336
28.8011458333333,2.55715847015381
28.8044791666667,2.55703926086426
28.8078125,2.55692005157471
28.8111458333333,2.55680084228516
28.8144791666667,2.55662202835083
28.8178125,2.5564432144165
28.8211458333333,2.5562047958374
28.8244791666667,2.5559663772583
28.8278125,2.5557279586792
28.8311458333333,2.55542993545532
28.8344791666667,2.55519151687622
28.8378125,2.55495309829712
28.8411458333333,2.55471467971802
28.8444791666667,2.55447626113892
28.8478125,2.55423784255981
28.8511458333333,2.55393981933594
28.8544791666667,2.55352258682251
28.8578125,2.55310535430908
28.8611458333333,2.5525689125061
28.8644791666667,2.55197286605835
28.8678125,2.5513768196106
28.8711458333333,2.55072116851807
28.8744791666667,2.55012512207031
28.8778125,2.54970788955688
28.8811458333333,2.54946947097778
28.8844791666667,2.54946947097778
28.8878125,2.54982709884644
28.8911458333333,2.55048274993896
28.8944791666667,2.55149602890015
28.8978125,2.55286693572998
28.9011458333333,2.55459547042847
28.9044791666667,2.55674123764038
28.9078125,2.55918502807617
28.9111458333333,2.56204605102539
28.9144791666667,2.56526470184326
28.9178125,2.56878137588501
28.9211458333333,2.57265567779541
28.9244791666667,2.57676839828491
28.9278125,2.58111953735352
28.9311458333333,2.58558988571167
28.9344791666667,2.5901198387146
28.9378125,2.59464979171753
28.9411458333333,2.59900093078613
28.9444791666667,2.60317325592041
28.9478125,2.60704755783081
28.9511458333333,2.61050462722778
28.9544791666667,2.61354446411133
28.9578125,2.61610746383667
28.9611458333333,2.61813402175903
28.9644791666667,2.61962413787842
28.9678125,2.62057781219482
28.9711458333333,2.62093544006348
28.9744791666667,2.6208758354187
28.9778125,2.62027978897095
28.9811458333333,2.61920690536499
28.9844791666667,2.61777639389038
28.9878125,2.61592864990234
28.9911458333333,2.61384248733521
28.9944791666667,2.61145830154419
28.9978125,2.60883569717407
29.0011458333333,2.60603427886963
29.0044791666667,2.60311365127563
29.0078125,2.60007381439209
29.0111458333333,2.59703397750854
29.0144791666667,2.59405374526978
29.0178125,2.59107351303101
29.0211458333333,2.58821249008179
29.0244791666667,2.58553028106689
29.0278125,2.58302688598633
29.0311458333333,2.58064270019531
29.0344791666667,2.5784969329834
29.0378125,2.57652997970581
29.0411458333333,2.57474184036255
29.0444791666667,2.57313251495361
29.0478125,2.571702003479
29.0511458333333,2.5705099105835
29.0544791666667,2.56943702697754
29.0578125,2.56854295730591
29.0611458333333,2.5678277015686
29.0644791666667,2.5673508644104
29.0678125,2.5671124458313
29.0711458333333,2.56705284118652
29.0744791666667,2.56717205047607
29.0778125,2.56747007369995
29.0811458333333,2.56794691085815
29.0844791666667,2.56854295730591
29.0878125,2.56931781768799
29.0911458333333,2.57009267807007
29.0944791666667,2.57104635238647
29.0978125,2.57200002670288
29.1011458333333,2.57295370101929
29.1044791666667,2.57396697998047
29.1078125,2.57492065429688
29.1111458333333,2.57593393325806
29.1144791666667,2.57688760757446
29.1178125,2.57784128189087
29.1211458333333,2.57879495620728
29.1244791666667,2.57968902587891
29.1278125,2.58058309555054
29.1311458333333,2.58141756057739
29.1344791666667,2.58219242095947
29.1378125,2.58290767669678
29.1411458333333,2.58356332778931
29.1444791666667,2.58415937423706
29.1478125,2.58469581604004
29.1511458333333,2.58511304855347
29.1544791666667,2.58541107177734
29.1578125,2.58564949035645
29.1611458333333,2.58582830429077
29.1644791666667,2.58594751358032
29.1678125,2.5860071182251
29.1711458333333,2.58606672286987
29.1744791666667,2.58606672286987
29.1778125,2.58612632751465
29.1811458333333,2.58618593215942
29.1844791666667,2.5862455368042
29.1878125,2.58630514144897
29.1911458333333,2.58642435073853
29.1944791666667,2.58654356002808
29.1978125,2.58660316467285
29.2011458333333,2.58666276931763
29.2044791666667,2.5867223739624
29.2078125,2.58678197860718
29.2111458333333,2.58684158325195
29.2144791666667,2.5869607925415
29.2178125,2.58702039718628
29.2211458333333,2.58719921112061
29.2244791666667,2.58737802505493
29.2278125,2.58761644363403
29.2311458333333,2.58785486221313
29.2344791666667,2.58809328079224
29.2378125,2.58827209472656
29.2411458333333,2.58845090866089
29.2444791666667,2.58851051330566
29.2478125,2.58851051330566
29.2511458333333,2.58845090866089
29.2544791666667,2.58833169937134
29.2578125,2.58809328079224
29.2611458333333,2.58791446685791
29.2644791666667,2.58767604827881
29.2678125,2.58749723434448
29.2711458333333,2.58731842041016
29.2744791666667,2.58708000183105
29.2778125,2.58690118789673
29.2811458333333,2.58666276931763
29.2844791666667,2.58636474609375
29.2878125,2.58594751358032
29.2911458333333,2.58541107177734
29.2944791666667,2.58481502532959
29.2978125,2.58409976959229
29.3011458333333,2.58332490921021
29.3044791666667,2.58243083953857
29.3078125,2.58159637451172
29.3111458333333,2.58082151412964
29.3144791666667,2.58004665374756
29.3178125,2.57933139801025
29.3211458333333,2.5787353515625
29.3244791666667,2.57813930511475
29.3278125,2.57754325866699
29.3311458333333,2.57694721221924
29.3344791666667,2.57629156112671
29.3378125,2.5755763053894
29.3411458333333,2.57474184036255
29.3444791666667,2.57390737533569
29.3478125,2.57301330566406
29.3511458333333,2.57205963134766
29.3544791666667,2.57116556167603
29.3578125,2.57039070129395
29.3611458333333,2.56967544555664
29.3644791666667,2.56919860839844
29.3678125,2.56884098052979
29.3711458333333,2.56872177124023
29.3744791666667,2.56884098052979
29.3778125,2.56919860839844
29.3811458333333,2.56973505020142
29.3844791666667,2.5705099105835
29.3878125,2.57152318954468
29.3911458333333,2.57271528244019
29.3944791666667,2.57414579391479
29.3978125,2.57575511932373
29.4011458333333,2.57754325866699
29.4044791666667,2.57951021194458
29.4078125,2.58165597915649
29.4111458333333,2.58386135101318
29.4144791666667,2.58618593215942
29.4178125,2.58851051330566
29.4211458333333,2.59077548980713
29.4244791666667,2.59298086166382
29.4278125,2.59506702423096
29.4311458333333,2.59691476821899
29.4344791666667,2.59858369827271
29.4378125,2.60001420974731
29.4411458333333,2.60114669799805
29.4444791666667,2.60210037231445
29.4478125,2.60275602340698
29.4511458333333,2.60329246520996
29.4544791666667,2.60353088378906
29.4578125,2.60370969772339
29.4611458333333,2.60370969772339
29.4644791666667,2.60359048843384
29.4678125,2.60335206985474
29.4711458333333,2.60305404663086
29.4744791666667,2.60269641876221
29.4778125,2.60233879089355
29.4811458333333,2.6019811630249
29.4844791666667,2.60162353515625
29.4878125,2.60138511657715
29.4911458333333,2.60120630264282
29.4944791666667,2.60120630264282
29.4978125,2.60132551193237
29.5011458333333,2.60162353515625
29.5044791666667,2.60210037231445
29.5078125,2.60275602340698
29.5111458333333,2.60353088378906
29.5144791666667,2.60448455810547
29.5178125,2.60549783706665
29.5211458333333,2.60668992996216
29.5244791666667,2.60794162750244
29.5278125,2.6092529296875
29.5311458333333,2.61062383651733
29.5344791666667,2.61211395263672
29.5378125,2.61366367340088
29.5411458333333,2.61527299880981
29.5444791666667,2.61688232421875
29.5478125,2.61855125427246
29.5511458333333,2.62022018432617
29.5544791666667,2.62188911437988
29.5578125,2.62355804443359
29.5611458333333,2.62510776519775
29.5644791666667,2.62653827667236
29.5678125,2.6279091835022
29.5711458333333,2.62910127639771
29.5744791666667,2.63011455535889
29.5778125,2.63100862503052
29.5811458333333,2.63166427612305
29.5844791666667,2.63214111328125
29.5878125,2.6324987411499
29.5911458333333,2.63267755508423
29.5944791666667,2.632737159729
29.5978125,2.632737159729
29.6011458333333,2.63261795043945
29.6044791666667,2.63243913650513
29.6078125,2.6322603225708
29.6111458333333,2.63208150863647
29.6144791666667,2.63190269470215
29.6178125,2.63172388076782
29.6211458333333,2.63160467147827
29.6244791666667,2.63160467147827
29.6278125,2.63160467147827
29.6311458333333,2.63172388076782
29.6344791666667,2.63190269470215
29.6378125,2.63214111328125
29.6411458333333,2.63243913650513
29.6444791666667,2.63279676437378
29.6478125,2.63321399688721
29.6511458333333,2.63369083404541
29.6544791666667,2.63422727584839
29.6578125,2.63476371765137
29.6611458333333,2.6354193687439
29.6644791666667,2.63607501983643
29.6678125,2.63679027557373
29.6711458333333,2.63762474060059
29.6744791666667,2.63845920562744
29.6778125,2.63941287994385
29.6811458333333,2.64036655426025
29.6844791666667,2.64137983322144
29.6878125,2.64239311218262
29.6911458333333,2.6434063911438
29.6944791666667,2.64447927474976
29.6978125,2.64543294906616
29.7011458333333,2.64638662338257
29.7044791666667,2.6472806930542
29.7078125,2.64811515808105
29.7111458333333,2.64889001846313
29.7144791666667,2.64960527420044
29.7178125,2.65026092529297
29.7211458333333,2.65085697174072
29.7244791666667,2.6513934135437
29.7278125,2.65192985534668
29.7311458333333,2.65240669250488
29.7344791666667,2.65282392501831
29.7378125,2.65324115753174
29.7411458333333,2.65365839004517
29.7444791666667,2.65407562255859
29.7478125,2.65443325042725
29.7511458333333,2.65473127365112
29.7544791666667,2.65491008758545
29.7578125,2.655029296875
29.7611458333333,2.655029296875
29.7644791666667,2.65491008758545
29.7678125,2.65461206436157
29.7711458333333,2.65413522720337
29.7744791666667,2.65359878540039
29.7778125,2.65294313430786
29.7811458333333,2.65216827392578
29.7844791666667,2.6513934135437
29.7878125,2.65055894851685
29.7911458333333,2.64978408813477
29.7944791666667,2.64900922775269
29.7978125,2.64829397201538
29.8011458333333,2.64769792556763
29.8044791666667,2.64716148376465
29.8078125,2.64674425125122
29.8111458333333,2.64650583267212
29.8144791666667,2.64632701873779
29.8178125,2.64626741409302
29.8211458333333,2.64620780944824
29.8244791666667,2.64620780944824
29.8278125,2.64620780944824
29.8311458333333,2.64614820480347
29.8344791666667,2.64608860015869
29.8378125,2.64590978622437
29.8411458333333,2.64567136764526
29.8444791666667,2.64531373977661
29.8478125,2.64495611190796
29.8511458333333,2.64453887939453
29.8544791666667,2.6441216468811
29.8578125,2.6436448097229
29.8611458333333,2.6431679725647
29.8644791666667,2.64269113540649
29.8678125,2.64215469360352
29.8711458333333,2.64155864715576
29.8744791666667,2.64102220535278
29.8778125,2.64042615890503
29.8811458333333,2.6397705078125
29.8844791666667,2.63917446136475
29.8878125,2.63863801956177
29.8911458333333,2.63816118240356
29.8944791666667,2.63780355453491
29.8978125,2.63750553131104
29.9011458333333,2.63726711273193
29.9044791666667,2.63720750808716
29.9078125,2.63720750808716
29.9111458333333,2.63726711273193
29.9144791666667,2.63744592666626
29.9178125,2.63762474060059
29.9211458333333,2.63786315917969
29.9244791666667,2.63816118240356
29.9278125,2.63845920562744
29.9311458333333,2.63881683349609
29.9344791666667,2.6392936706543
29.9378125,2.6397705078125
29.9411458333333,2.64036655426025
29.9444791666667,2.64108180999756
29.9478125,2.64185667037964
29.9511458333333,2.64275074005127
29.9544791666667,2.64376401901245
29.9578125,2.64477729797363
29.9611458333333,2.64585018157959
29.9644791666667,2.64698266983032
29.9678125,2.64811515808105
29.9711458333333,2.64924764633179
29.9744791666667,2.65026092529297
29.9778125,2.65127420425415
29.9811458333333,2.65222787857056
29.9844791666667,2.65306234359741
29.9878125,2.65383720397949
29.9911458333333,2.65461206436157
29.9944791666667,2.65532732009888
29.9978125,2.65598297119141
30.0011458333333,2.65675783157349
30.0044791666667,2.65747308731079
30.0078125,2.65830755233765
30.0111458333333,2.65920162200928
30.0144791666667,2.66015529632568
30.0178125,2.66116857528687
30.0211458333333,2.66224145889282
30.0244791666667,2.66331434249878
30.0278125,2.66432762145996
30.0311458333333,2.66534090042114
30.0344791666667,2.66629457473755
30.0378125,2.6671290397644
30.0411458333333,2.66784429550171
30.0444791666667,2.66838073730469
30.0478125,2.66885757446289
30.0511458333333,2.66915559768677
30.0544791666667,2.66945362091064
30.0578125,2.66963243484497
30.0611458333333,2.66975164413452
30.0644791666667,2.66987085342407
30.0678125,2.66993045806885
30.0711458333333,2.66999006271362
30.0744791666667,2.67010927200317
30.0778125,2.67010927200317
30.0811458333333,2.67010927200317
30.0844791666667,2.66999006271362
30.0878125,2.6698112487793
30.0911458333333,2.66951322555542
30.0944791666667,2.66915559768677
30.0978125,2.66867876052856
30.1011458333333,2.66814231872559
30.1044791666667,2.66754627227783
30.1078125,2.66700983047485
30.1111458333333,2.6664137840271
30.1144791666667,2.6659369468689
30.1178125,2.66551971435547
30.1211458333333,2.66510248184204
30.1244791666667,2.66480445861816
30.1278125,2.66450643539429
30.1311458333333,2.66426801681519
30.1344791666667,2.66402959823608
30.1378125,2.66385078430176
30.1411458333333,2.66367197036743
30.1444791666667,2.66355276107788
30.1478125,2.66343355178833
30.1511458333333,2.66337394714355
30.1544791666667,2.66331434249878
30.1578125,2.66331434249878
30.1611458333333,2.66337394714355
30.1644791666667,2.66337394714355
30.1678125,2.66343355178833
30.1711458333333,2.66349315643311
30.1744791666667,2.66349315643311
30.1778125,2.66343355178833
30.1811458333333,2.66337394714355
30.1844791666667,2.66331434249878
30.1878125,2.66319513320923
30.1911458333333,2.66313552856445
30.1944791666667,2.6630163192749
30.1978125,2.6630163192749
30.2011458333333,2.6630163192749
30.2044791666667,2.66307592391968
30.2078125,2.66313552856445
30.2111458333333,2.66331434249878
30.2144791666667,2.66349315643311
30.2178125,2.66373157501221
30.2211458333333,2.66396999359131
30.2244791666667,2.66420841217041
30.2278125,2.66438722610474
30.2311458333333,2.66456604003906
30.2344791666667,2.66468524932861
30.2378125,2.66474485397339
30.2411458333333,2.66474485397339
30.2444791666667,2.66468524932861
30.2478125,2.66456604003906
30.2511458333333,2.66438722610474
30.2544791666667,2.66426801681519
30.2578125,2.66414880752563
30.2611458333333,2.66402959823608
30.2644791666667,2.66402959823608
30.2678125,2.66408920288086
30.2711458333333,2.66420841217041
30.2744791666667,2.66444683074951
30.2778125,2.66474485397339
30.2811458333333,2.66510248184204
30.2844791666667,2.66551971435547
30.2878125,2.66599655151367
30.2911458333333,2.66653299331665
30.2944791666667,2.66700983047485
30.2978125,2.66754627227783
30.3011458333333,2.66802310943604
30.3044791666667,2.66849994659424
30.3078125,2.66891717910767
30.3111458333333,2.66939401626587
30.3144791666667,2.6698112487793
30.3178125,2.6702880859375
30.3211458333333,2.67082452774048
30.3244791666667,2.67136096954346
30.3278125,2.67201662063599
30.3311458333333,2.67267227172852
30.3344791666667,2.67350673675537
30.3378125,2.674400806427
30.3411458333333,2.67535448074341
30.3444791666667,2.67636775970459
30.3478125,2.67738103866577
30.3511458333333,2.67839431762695
30.3544791666667,2.67940759658813
30.3578125,2.68036127090454
30.3611458333333,2.6811957359314
30.3644791666667,2.6819109916687
30.3678125,2.68256664276123
30.3711458333333,2.68316268920898
30.3744791666667,2.68363952636719
30.3778125,2.68399715423584
30.3811458333333,2.68435478210449
30.3844791666667,2.68459320068359
30.3878125,2.6848316192627
30.3911458333333,2.68501043319702
30.3944791666667,2.68518924713135
30.3978125,2.68536806106567
30.4011458333333,2.68548727035522
30.4044791666667,2.68566608428955
30.4078125,2.68584489822388
30.4111458333333,2.68608331680298
30.4144791666667,2.68632173538208
30.4178125,2.68656015396118
30.4211458333333,2.68679857254028
30.4244791666667,2.68703699111938
30.4278125,2.68733501434326
30.4311458333333,2.68757343292236
30.4344791666667,2.68781185150146
30.4378125,2.68805027008057
30.4411458333333,2.68828868865967
30.4444791666667,2.68852710723877
30.4478125,2.68876552581787
30.4511458333333,2.68900394439697
30.4544791666667,2.68924236297607
30.4578125,2.68948078155518
30.4611458333333,2.68977880477905
30.4644791666667,2.69001722335815
30.4678125,2.69025564193726
30.4711458333333,2.69049406051636
30.4744791666667,2.69079208374023
30.4778125,2.69109010696411
30.4811458333333,2.69138813018799
30.4844791666667,2.69174575805664
30.4878125,2.69210338592529
30.4911458333333,2.69252061843872
30.4944791666667,2.69299745559692
30.4978125,2.69359350204468
30.5011458333333,2.69424915313721
30.5044791666667,2.69496440887451
30.5078125,2.69579887390137
30.5111458333333,2.69663333892822
30.5144791666667,2.69758701324463
30.5178125,2.69860029220581
30.5211458333333,2.69955396652222
30.5244791666667,2.7005672454834
30.5278125,2.7015209197998
30.5311458333333,2.70241498947144
30.5344791666667,2.70324945449829
30.5378125,2.70402431488037
30.5411458333333,2.70473957061768
30.5444791666667,2.70539522171021
30.5478125,2.70605087280273
30.5511458333333,2.70664691925049
30.5544791666667,2.70724296569824
30.5578125,2.70789861679077
30.5611458333333,2.7085542678833
30.5644791666667,2.70920991897583
30.5678125,2.70986557006836
30.5711458333333,2.71052122116089
30.5744791666667,2.71111726760864
30.5778125,2.71165370941162
30.5811458333333,2.71207094192505
30.5844791666667,2.7124285697937
30.5878125,2.71260738372803
30.5911458333333,2.71272659301758
30.5944791666667,2.7126669883728
30.5978125,2.71248817443848
30.6011458333333,2.7121901512146
30.6044791666667,2.71177291870117
30.6078125,2.71129608154297
30.6111458333333,2.71070003509521
30.6144791666667,2.71004438400269
30.6178125,2.70926952362061
30.6211458333333,2.70843505859375
30.6244791666667,2.70754098892212
30.6278125,2.70658731460571
30.6311458333333,2.70551443099976
30.6344791666667,2.7044415473938
30.6378125,2.70330905914307
30.6411458333333,2.70223617553711
30.6444791666667,2.70116329193115
30.6478125,2.70020961761475
30.6511458333333,2.69925594329834
30.6544791666667,2.69842147827148
30.6578125,2.69770622253418
30.6611458333333,2.69705057144165
30.6644791666667,2.69651412963867
30.6678125,2.69597768783569
30.6711458333333,2.69556045532227
30.6744791666667,2.69508361816406
30.6778125,2.69472599029541
30.6811458333333,2.69436836242676
30.6844791666667,2.69412994384766
30.6878125,2.69395112991333
30.6911458333333,2.69395112991333
30.6944791666667,2.69407033920288
30.6978125,2.69436836242676
30.7011458333333,2.69478559494019
30.7044791666667,2.69532203674316
30.7078125,2.69591808319092
30.7111458333333,2.69663333892822
30.7144791666667,2.69734859466553
30.7178125,2.69800424575806
30.7211458333333,2.69871950149536
30.7244791666667,2.69937515258789
30.7278125,2.70003080368042
30.7311458333333,2.70068645477295
30.7344791666667,2.7012825012207
30.7378125,2.70187854766846
30.7411458333333,2.70253419876099
30.7444791666667,2.70313024520874
30.7478125,2.70378589630127
30.7511458333333,2.70438194274902
30.7544791666667,2.70503759384155
30.7578125,2.70563364028931
30.7611458333333,2.70628929138184
30.7644791666667,2.70694494247437
30.7678125,2.70760059356689
30.7711458333333,2.7083158493042
30.7744791666667,2.70897150039673
30.7778125,2.70974636077881
30.7811458333333,2.71052122116089
30.7844791666667,2.71129608154297
30.7878125,2.71213054656982
30.7911458333333,2.71302461624146
30.7944791666667,2.71385908126831
30.7978125,2.71469354629517
30.8011458333333,2.71552801132202
30.8044791666667,2.7163028717041
30.8078125,2.71707773208618
30.8111458333333,2.71773338317871
30.8144791666667,2.71826982498169
30.8178125,2.71874666213989
30.8211458333333,2.71910429000854
30.8244791666667,2.71934270858765
30.8278125,2.71952152252197
30.8311458333333,2.71964073181152
30.8344791666667,2.71964073181152
30.8378125,2.71964073181152
30.8411458333333,2.71958112716675
30.8444791666667,2.7194619178772
30.8478125,2.71940231323242
30.8511458333333,2.71928310394287
30.8544791666667,2.7192234992981
30.8578125,2.71916389465332
30.8611458333333,2.71910429000854
30.8644791666667,2.71910429000854
30.8678125,2.71904468536377
30.8711458333333,2.71904468536377
30.8744791666667,2.71898508071899
30.8778125,2.71898508071899
30.8811458333333,2.71892547607422
30.8844791666667,2.71886587142944
30.8878125,2.71880626678467
30.8911458333333,2.71874666213989
30.8944791666667,2.71868705749512
30.8978125,2.71862745285034
30.9011458333333,2.71856784820557
30.9044791666667,2.71862745285034
30.9078125,2.71868705749512
30.9111458333333,2.71880626678467
30.9144791666667,2.71898508071899
30.9178125,2.71928310394287
30.9211458333333,2.7197003364563
30.9244791666667,2.72023677825928
30.9278125,2.72083282470703
30.9311458333333,2.72154808044434
30.9344791666667,2.72232294082642
30.9378125,2.7230978012085
30.9411458333333,2.72399187088013
30.9444791666667,2.72488594055176
30.9478125,2.72578001022339
30.9511458333333,2.72673368453979
30.9544791666667,2.7276873588562
30.9578125,2.72864103317261
30.9611458333333,2.72965431213379
30.9644791666667,2.73066759109497
30.9678125,2.73168087005615
30.9711458333333,2.73269414901733
30.9744791666667,2.73364782333374
30.9778125,2.73460149765015
30.9811458333333,2.735435962677
30.9844791666667,2.73621082305908
30.9878125,2.73692607879639
30.9911458333333,2.73758172988892
30.9944791666667,2.73817777633667
30.9978125,2.73865461349487
31.0011458333333,2.73913145065308
31.0044791666667,2.73960828781128
31.0078125,2.74002552032471
31.0111458333333,2.74050235748291
31.0144791666667,2.74091958999634
31.0178125,2.74139642715454
31.0211458333333,2.74187326431274
31.0244791666667,2.74240970611572
31.0278125,2.7429461479187
31.0311458333333,2.74348258972168
31.0344791666667,2.74401903152466
31.0378125,2.74461507797241
31.0411458333333,2.74521112442017
31.0444791666667,2.74574756622314
31.0478125,2.7463436126709
31.0511458333333,2.74688005447388
31.0544791666667,2.74747610092163
31.0578125,2.74801254272461
31.0611458333333,2.74860858917236
31.0644791666667,2.74920463562012
31.0678125,2.74986028671265
31.0711458333333,2.75057554244995
31.0744791666667,2.75135040283203
31.0778125,2.75218486785889
31.0811458333333,2.75307893753052
31.0844791666667,2.75403261184692
31.0878125,2.75498628616333
31.0911458333333,2.75599956512451
31.0944791666667,2.75695323944092
31.0978125,2.75790691375732
31.1011458333333,2.75886058807373
31.1044791666667,2.75969505310059
31.1078125,2.76052951812744
31.1111458333333,2.7613639831543
31.1144791666667,2.76219844818115
31.1178125,2.76309251785278
31.1211458333333,2.76410579681396
31.1244791666667,2.7652382850647
31.1278125,2.76654958724976
31.1311458333333,2.76809930801392
31.1344791666667,2.7698278427124
31.1378125,2.77191400527954
31.1411458333333,2.77429819107056
31.1444791666667,2.77704000473022
31.1478125,2.78019905090332
31.1511458333333,2.78377532958984
31.1544791666667,2.78770923614502
31.1578125,2.7921199798584
31.1611458333333,2.79700756072998
31.1644791666667,2.80231237411499
31.1678125,2.8080940246582
31.1711458333333,2.81429290771484
31.1744791666667,2.82090902328491
31.1778125,2.82794237136841
31.1811458333333,2.83521413803101
31.1844791666667,2.84278392791748
31.1878125,2.85053253173828
31.1911458333333,2.85834074020386
31.1944791666667,2.86614894866943
31.1978125,2.87377834320068
31.2011458333333,2.88116931915283
31.2044791666667,2.88820266723633
31.2078125,2.8948187828064
31.2111458333333,2.90089845657349
31.2144791666667,2.9064416885376
31.2178125,2.91138887405396
31.2211458333333,2.91568040847778
31.2244791666667,2.91937589645386
31.2278125,2.9224157333374
31.2311458333333,2.92485952377319
31.2344791666667,2.92658805847168
31.2378125,2.92772054672241
31.2411458333333,2.92819738388062
31.2444791666667,2.92801856994629
31.2478125,2.92718410491943
31.2511458333333,2.92569398880005
31.2544791666667,2.92354822158813
31.2578125,2.92080640792847
31.2611458333333,2.91752815246582
31.2644791666667,2.9137134552002
31.2678125,2.90948152542114
31.2711458333333,2.90477275848389
31.2744791666667,2.89976596832275
31.2778125,2.89446115493774
31.2811458333333,2.88897752761841
31.2844791666667,2.88337469100952
31.2878125,2.87771224975586
31.2911458333333,2.8720498085022
31.2944791666667,2.86644697189331
31.2978125,2.8609037399292
31.3011458333333,2.85553932189941
31.3044791666667,2.85029411315918
31.3078125,2.8451681137085
31.3111458333333,2.84022092819214
31.3144791666667,2.83545255661011
31.3178125,2.83080339431763
31.3211458333333,2.82633304595947
31.3244791666667,2.82204151153564
31.3278125,2.81792879104614
31.3311458333333,2.81405448913574
31.3344791666667,2.81035900115967
31.3378125,2.8069019317627
31.3411458333333,2.8037428855896
31.3444791666667,2.80076265335083
31.3478125,2.79814004898071
31.3511458333333,2.79569625854492
31.3544791666667,2.79349088668823
31.3578125,2.79152393341064
31.3611458333333,2.78979539871216
31.3644791666667,2.788245677948
31.3678125,2.78681516647339
31.3711458333333,2.78562307357788
31.3744791666667,2.78455018997192
31.3778125,2.78359651565552
31.3811458333333,2.78276205062866
31.3844791666667,2.78204679489136
31.3878125,2.78151035308838
31.3911458333333,2.78109312057495
31.3944791666667,2.78085470199585
31.3978125,2.78067588806152
31.4011458333333,2.78061628341675
31.4044791666667,2.78061628341675
31.4078125,2.78067588806152
31.4111458333333,2.7807354927063
31.4144791666667,2.78079509735107
31.4178125,2.78085470199585
31.4211458333333,2.78091430664063
31.4244791666667,2.7809739112854
31.4278125,2.7809739112854
31.4311458333333,2.7809739112854
31.4344791666667,2.7809739112854
31.4378125,2.7809739112854
31.4411458333333,2.78103351593018
31.4444791666667,2.78109312057495
31.4478125,2.78109312057495
31.4511458333333,2.78115272521973
31.4544791666667,2.78115272521973
31.4578125,2.78115272521973
31.4611458333333,2.78109312057495
31.4644791666667,2.78103351593018
31.4678125,2.7809739112854
31.4711458333333,2.78091430664063
31.4744791666667,2.78085470199585
31.4778125,2.78079509735107
31.4811458333333,2.78079509735107
31.4844791666667,2.78079509735107
31.4878125,2.78085470199585
31.4911458333333,2.78091430664063
31.4944791666667,2.78103351593018
31.4978125,2.7812123298645
31.5011458333333,2.78151035308838
31.5044791666667,2.78180837631226
31.5078125,2.78222560882568
31.5111458333333,2.78282165527344
31.5144791666667,2.78347730636597
31.5178125,2.78431177139282
31.5211458333333,2.78526544570923
31.5244791666667,2.78639793395996
31.5278125,2.78764963150024
31.5311458333333,2.78902053833008
31.5344791666667,2.79045104980469
31.5378125,2.79200077056885
31.5411458333333,2.79361009597778
31.5444791666667,2.79527902603149
31.5478125,2.79694795608521
31.5511458333333,2.79861688613892
31.5544791666667,2.80022621154785
31.5578125,2.80183553695679
31.5611458333333,2.80338525772095
31.5644791666667,2.80487537384033
31.5678125,2.80630588531494
31.5711458333333,2.80767679214478
31.5744791666667,2.80886888504028
31.5778125,2.81000137329102
31.5811458333333,2.8110146522522
31.5844791666667,2.81184911727905
31.5878125,2.81250476837158
31.5911458333333,2.81304121017456
31.5944791666667,2.81333923339844
31.5978125,2.81351804733276
31.6011458333333,2.81351804733276
31.6044791666667,2.81339883804321
31.6078125,2.81316041946411
31.6111458333333,2.81274318695068
31.6144791666667,2.81220674514771
31.6178125,2.81161069869995
31.6211458333333,2.81083583831787
31.6244791666667,2.81006097793579
31.6278125,2.80922651290894
31.6311458333333,2.8083324432373
31.6344791666667,2.80743837356567
31.6378125,2.80648469924927
31.6411458333333,2.80559062957764
31.6444791666667,2.80469655990601
31.6478125,2.80386209487915
31.6511458333333,2.80302762985229
31.6544791666667,2.80225276947021
31.6578125,2.80147790908813
31.6611458333333,2.80076265335083
31.6644791666667,2.80004739761353
31.6678125,2.799391746521
31.6711458333333,2.79867649078369
31.6744791666667,2.79802083969116
31.6778125,2.79730558395386
31.6811458333333,2.79664993286133
31.6844791666667,2.7959942817688
31.6878125,2.79533863067627
31.6911458333333,2.79474258422852
31.6944791666667,2.79420614242554
31.6978125,2.79372930526733
31.7011458333333,2.79343128204346
31.7044791666667,2.79331207275391
31.7078125,2.79349088668823
31.7111458333333,2.79396772384644
31.7144791666667,2.79492139816284
31.7178125,2.79641151428223
31.7211458333333,2.79861688613892
31.7244791666667,2.80165672302246
31.7278125,2.80582904815674
31.7311458333333,2.8112530708313
31.7344791666667,2.81822681427002
31.7378125,2.82704830169678
31.7411458333333,2.83801555633545
31.7444791666667,2.85130739212036
31.7478125,2.86722183227539
31.7511458333333,2.88593769073486
31.7544791666667,2.90757417678833
31.7578125,2.93213129043579
31.7611458333333,2.95960903167725
31.7644791666667,2.98964977264404
31.7678125,3.02207469940186
31.7711458333333,3.05634737014771
31.7744791666667,3.09199094772339
31.7778125,3.1282901763916
31.7811458333333,3.16464900970459
31.7844791666667,3.20029258728027
31.7878125,3.23450565338135
31.7911458333333,3.26651334762573
31.7944791666667,3.29577922821045
31.7978125,3.32158803939819
31.8011458333333,3.34358215332031
31.8044791666667,3.36134433746338
31.8078125,3.37457656860352
31.8111458333333,3.38327884674072
31.8144791666667,3.38739156723022
31.8178125,3.38709354400635
31.8211458333333,3.38262319564819
31.8244791666667,3.37427854537964
31.8278125,3.36235761642456
31.8311458333333,3.34733724594116
31.8344791666667,3.32963466644287
31.8378125,3.30960750579834
31.8411458333333,3.287672996521
31.8444791666667,3.26424837112427
31.8478125,3.23975086212158
31.8511458333333,3.21447849273682
31.8544791666667,3.18878889083862
31.8578125,3.16303968429565
31.8611458333333,3.13752889633179
31.8644791666667,3.11249494552612
31.8678125,3.08829545974731
31.8711458333333,3.06499004364014
31.8744791666667,3.04281711578369
31.8778125,3.02189588546753
31.8811458333333,3.00228595733643
31.8844791666667,2.98410654067993
31.8878125,2.96729803085327
31.8911458333333,2.95186042785645
31.8944791666667,2.93779373168945
31.8978125,2.92509794235229
31.9011458333333,2.9137134552002
31.9044791666667,2.9035210609436
31.9078125,2.89458036422729
31.9111458333333,2.88683176040649
31.9144791666667,2.8800368309021
31.9178125,2.87425518035889
31.9211458333333,2.8693675994873
31.9244791666667,2.8652548789978
31.9278125,2.86173820495605
31.9311458333333,2.85881757736206
31.9344791666667,2.85637378692627
31.9378125,2.85428762435913
31.9411458333333,2.85255908966064
31.9444791666667,2.85112857818604
31.9478125,2.84993648529053
31.9511458333333,2.84898281097412
31.9544791666667,2.84826755523682
31.9578125,2.84779071807861
31.9611458333333,2.84755229949951
31.9644791666667,2.84743309020996
31.9678125,2.84749269485474
31.9711458333333,2.84761190414429
31.9744791666667,2.84790992736816
31.9778125,2.84826755523682
31.9811458333333,2.84862518310547
31.9844791666667,2.8490424156189
31.9878125,2.8495192527771
31.9911458333333,2.84993648529053
31.9944791666667,2.85041332244873
31.9978125,2.85089015960693
32.0011458333333,2.85136699676514
32.0044791666667,2.85190343856812
32.0078125,2.85238027572632
32.0111458333333,2.8529167175293
32.0144791666667,2.85345315933228
32.0178125,2.85392999649048
32.0211458333333,2.85446643829346
32.0244791666667,2.85494327545166
32.0278125,2.85536050796509
32.0311458333333,2.85583734512329
32.0344791666667,2.85619497299194
32.0378125,2.8565526008606
32.0411458333333,2.85685062408447
32.0444791666667,2.85708904266357
32.0478125,2.85720825195313
32.0511458333333,2.85720825195313
32.0544791666667,2.85714864730835
32.0578125,2.85691022872925
32.0611458333333,2.85661220550537
32.0644791666667,2.85613536834717
32.0678125,2.85559892654419
32.0711458333333,2.85488367080688
32.0744791666667,2.8541088104248
32.0778125,2.8531551361084
32.0811458333333,2.85220146179199
32.0844791666667,2.85112857818604
32.0878125,2.84993648529053
32.0911458333333,2.84874439239502
32.0944791666667,2.84749269485474
32.0978125,2.84624099731445
32.1011458333333,2.84504890441895
32.1044791666667,2.84385681152344
32.1078125,2.84278392791748
32.1111458333333,2.8417706489563
32.1144791666667,2.84081697463989
32.1178125,2.83998250961304
32.1211458333333,2.83920764923096
32.1244791666667,2.83849239349365
32.1278125,2.83783674240112
32.1311458333333,2.83718109130859
32.1344791666667,2.83652544021606
32.1378125,2.83592939376831
32.1411458333333,2.83539295196533
32.1444791666667,2.83485651016235
32.1478125,2.83443927764893
32.1511458333333,2.83408164978027
32.1544791666667,2.83390283584595
32.1578125,2.8337836265564
32.1611458333333,2.83384323120117
32.1644791666667,2.83390283584595
32.1678125,2.83408164978027
32.1711458333333,2.8342604637146
32.1744791666667,2.83455848693848
32.1778125,2.83479690551758
32.1811458333333,2.83509492874146
32.1844791666667,2.83545255661011
32.1878125,2.83581018447876
32.1911458333333,2.83616781234741
32.1944791666667,2.83664464950562
32.1978125,2.83712148666382
32.2011458333333,2.83771753311157
32.2044791666667,2.8383731842041
32.2078125,2.83902883529663
32.2111458333333,2.83980369567871
32.2144791666667,2.84063816070557
32.2178125,2.8415322303772
32.2211458333333,2.84242630004883
32.2244791666667,2.84337997436523
32.2278125,2.84433364868164
32.2311458333333,2.84528732299805
32.2344791666667,2.84624099731445
32.2378125,2.84713506698608
32.2411458333333,2.84796953201294
32.2444791666667,2.84874439239502
32.2478125,2.8495192527771
32.2511458333333,2.8502345085144
32.2544791666667,2.85089015960693
32.2578125,2.85154581069946
32.2611458333333,2.85220146179199
32.2644791666667,2.85279750823975
32.2678125,2.8533935546875
32.2711458333333,2.85392999649048
32.2744791666667,2.85440683364868
32.2778125,2.85482406616211
32.2811458333333,2.85518169403076
32.2844791666667,2.85547971725464
32.2878125,2.85565853118896
32.2911458333333,2.85571813583374
32.2944791666667,2.85577774047852
32.2978125,2.85571813583374
32.3011458333333,2.85559892654419
32.3044791666667,2.85547971725464
32.3078125,2.85536050796509
32.3111458333333,2.85524129867554
32.3144791666667,2.85512208938599
32.3178125,2.85506248474121
32.3211458333333,2.85506248474121
32.3244791666667,2.85506248474121
32.3278125,2.85512208938599
32.3311458333333,2.85530090332031
32.3344791666667,2.85542011260986
32.3378125,2.85565853118896
32.3411458333333,2.85589694976807
32.3444791666667,2.85619497299194
32.3478125,2.8565526008606
32.3511458333333,2.85691022872925
32.3544791666667,2.8572678565979
32.3578125,2.8577446937561
32.3611458333333,2.85816192626953
32.3644791666667,2.85863876342773
32.3678125,2.85917520523071
32.3711458333333,2.85971164703369
32.3744791666667,2.86024808883667
32.3778125,2.86078453063965
32.3811458333333,2.86126136779785
32.3844791666667,2.86179780960083
32.3878125,2.86227464675903
32.3911458333333,2.86275148391724
32.3944791666667,2.86322832107544
32.3978125,2.86358594894409
32.4011458333333,2.86400318145752
32.4044791666667,2.8643012046814
32.4078125,2.8645396232605
32.4111458333333,2.86465883255005
32.4144791666667,2.8647780418396
32.4178125,2.8647780418396
32.4211458333333,2.86471843719482
32.4244791666667,2.86459922790527
32.4278125,2.86442041397095
32.4311458333333,2.86424160003662
32.4344791666667,2.86406278610229
32.4378125,2.86388397216797
32.4411458333333,2.86376476287842
32.4444791666667,2.86364555358887
32.4478125,2.86358594894409
32.4511458333333,2.86352634429932
32.4544791666667,2.86352634429932
32.4578125,2.86358594894409
32.4611458333333,2.86358594894409
32.4644791666667,2.86370515823364
32.4678125,2.86376476287842
32.4711458333333,2.86388397216797
32.4744791666667,2.86400318145752
32.4778125,2.86418199539185
32.4811458333333,2.8643012046814
32.4844791666667,2.86448001861572
32.4878125,2.86459922790527
32.4911458333333,2.86483764648438
32.4944791666667,2.86507606506348
32.4978125,2.86531448364258
32.5011458333333,2.86567211151123
32.5044791666667,2.86602973937988
32.5078125,2.86644697189331
32.5111458333333,2.86692380905151
32.5144791666667,2.86740064620972
32.5178125,2.86787748336792
32.5211458333333,2.86829471588135
32.5244791666667,2.86871194839478
32.5278125,2.86906957626343
32.5311458333333,2.8693675994873
32.5344791666667,2.86960601806641
32.5378125,2.86978483200073
32.5411458333333,2.86990404129028
32.5444791666667,2.86996364593506
32.5478125,2.87008285522461
32.5511458333333,2.87014245986938
32.5544791666667,2.87014245986938
32.5578125,2.87014245986938
32.5611458333333,2.87020206451416
32.5644791666667,2.87020206451416
32.5678125,2.87020206451416
32.5711458333333,2.87020206451416
32.5744791666667,2.87014245986938
32.5778125,2.87008285522461
32.5811458333333,2.86990404129028
32.5844791666667,2.86978483200073
32.5878125,2.86960601806641
32.5911458333333,2.8693675994873
32.5944791666667,2.86918878555298
32.5978125,2.86895036697388
32.6011458333333,2.86877155303955
32.6044791666667,2.86859273910522
32.6078125,2.86847352981567
32.6111458333333,2.86835432052612
32.6144791666667,2.86829471588135
32.6178125,2.86829471588135
32.6211458333333,2.86835432052612
32.6244791666667,2.8684139251709
32.6278125,2.86847352981567
32.6311458333333,2.86865234375
32.6344791666667,2.86877155303955
32.6378125,2.86900997161865
32.6411458333333,2.86924839019775
32.6444791666667,2.86948680877686
32.6478125,2.86978483200073
32.6511458333333,2.87008285522461
32.6544791666667,2.87038087844849
32.6578125,2.87073850631714
32.6611458333333,2.87109613418579
32.6644791666667,2.87145376205444
32.6678125,2.87187099456787
32.6711458333333,2.87234783172607
32.6744791666667,2.87282466888428
32.6778125,2.87342071533203
32.6811458333333,2.87407636642456
32.6844791666667,2.87479162216187
32.6878125,2.87562608718872
32.6911458333333,2.87652015686035
32.6944791666667,2.87747383117676
32.6978125,2.87854671478271
32.7011458333333,2.87961959838867
32.7044791666667,2.8807520866394
32.7078125,2.88194417953491
32.7111458333333,2.88307666778564
32.7144791666667,2.88432836532593
32.7178125,2.88552045822144
32.7211458333333,2.88677215576172
32.7244791666667,2.888023853302
32.7278125,2.88927555084229
32.7311458333333,2.89052724838257
32.7344791666667,2.89177894592285
32.7378125,2.89303064346313
32.7411458333333,2.89428234100342
32.7444791666667,2.89547443389893
32.7478125,2.89666652679443
32.7511458333333,2.89785861968994
32.7544791666667,2.89905071258545
32.7578125,2.90024280548096
32.7611458333333,2.90137529373169
32.7644791666667,2.9025673866272
32.7678125,2.90369987487793
32.7711458333333,2.90483236312866
32.7744791666667,2.90596485137939
32.7778125,2.9071569442749
32.7811458333333,2.90828943252563
32.7844791666667,2.90948152542114
32.7878125,2.91061401367188
32.7911458333333,2.91180610656738
32.7944791666667,2.91293859481812
32.7978125,2.91407108306885
32.8011458333333,2.91520357131958
32.8044791666667,2.91633605957031
32.8078125,2.91740894317627
32.8111458333333,2.91848182678223
32.8144791666667,2.91955471038818
32.8178125,2.92056798934937
32.8211458333333,2.92152166366577
32.8244791666667,2.92235612869263
32.8278125,2.92313098907471
32.8311458333333,2.92384624481201
32.8344791666667,2.92438268661499
32.8378125,2.92485952377319
32.8411458333333,2.92515754699707
32.8444791666667,2.92539596557617
32.8478125,2.92545557022095
32.8511458333333,2.92539596557617
32.8544791666667,2.92521715164185
32.8578125,2.92485952377319
32.8611458333333,2.92438268661499
32.8644791666667,2.92384624481201
32.8678125,2.92319059371948
32.8711458333333,2.9224157333374
32.8744791666667,2.92152166366577
32.8778125,2.92056798934937
32.8811458333333,2.91955471038818
32.8844791666667,2.91848182678223
32.8878125,2.91740894317627
32.8911458333333,2.91633605957031
32.8944791666667,2.91520357131958
32.8978125,2.91413068771362
32.9011458333333,2.91311740875244
32.9044791666667,2.91210412979126
32.9078125,2.91115045547485
32.9111458333333,2.91025638580322
32.9144791666667,2.90942192077637
32.9178125,2.90864706039429
32.9211458333333,2.90793180465698
32.9244791666667,2.90733575820923
32.9278125,2.90685892105103
32.9311458333333,2.90650129318237
32.9344791666667,2.90632247924805
32.9378125,2.90626287460327
32.9411458333333,2.9064416885376
32.9444791666667,2.9066801071167
32.9478125,2.90709733963013
32.9511458333333,2.90757417678833
32.9544791666667,2.90805101394653
32.9578125,2.90864706039429
32.9611458333333,2.90918350219727
32.9644791666667,2.90977954864502
32.9678125,2.910315990448
32.9711458333333,2.91091203689575
32.9744791666667,2.91156768798828
32.9778125,2.91222333908081
32.9811458333333,2.91299819946289
32.9844791666667,2.91383266448975
32.9878125,2.91478633880615
32.9911458333333,2.91579961776733
32.9944791666667,2.91687250137329
32.9978125,2.9180645942688
33.0011458333333,2.91919708251953
33.0044791666667,2.92044878005981
33.0078125,2.92164087295532
33.0111458333333,2.92283296585083
33.0144791666667,2.92402505874634
33.0178125,2.92515754699707
33.0211458333333,2.92617082595825
33.0244791666667,2.92718410491943
33.0278125,2.92813777923584
33.0311458333333,2.92903184890747
33.0344791666667,2.92980670928955
33.0378125,2.93058156967163
33.0411458333333,2.93123722076416
33.0444791666667,2.93183326721191
33.0478125,2.93231010437012
33.0511458333333,2.93278694152832
33.0544791666667,2.93320417404175
33.0578125,2.93362140655518
33.0611458333333,2.93391942977905
33.0644791666667,2.93421745300293
33.0678125,2.93445587158203
33.0711458333333,2.93475389480591
33.0744791666667,2.93505191802979
33.0778125,2.93534994125366
33.0811458333333,2.93564796447754
33.0844791666667,2.93600559234619
33.0878125,2.93630361557007
33.0911458333333,2.93666124343872
33.0944791666667,2.9369592666626
33.0978125,2.93725728988647
33.1011458333333,2.93761491775513
33.1044791666667,2.937912940979
33.1078125,2.93833017349243
33.1111458333333,2.93874740600586
33.1144791666667,2.93922424316406
33.1178125,2.93976068496704
33.1211458333333,2.94029712677002
33.1244791666667,2.94077396392822
33.1278125,2.9413104057312
33.1311458333333,2.94172763824463
33.1344791666667,2.94214487075806
33.1378125,2.94256210327148
33.1411458333333,2.94291973114014
33.1444791666667,2.94327735900879
33.1478125,2.94363498687744
33.1511458333333,2.94405221939087
33.1544791666667,2.9444694519043
33.1578125,2.94488668441772
33.1611458333333,2.94530391693115
33.1644791666667,2.94572114944458
33.1678125,2.94613838195801
33.1711458333333,2.94655561447144
33.1744791666667,2.94691324234009
33.1778125,2.94727087020874
33.1811458333333,2.94768810272217
33.1844791666667,2.94804573059082
33.1878125,2.94846296310425
33.1911458333333,2.94888019561768
33.1944791666667,2.9492974281311
33.1978125,2.94971466064453
33.2011458333333,2.95007228851318
33.2044791666667,2.95042991638184
33.2078125,2.95072793960571
33.2111458333333,2.95102596282959
33.2144791666667,2.95126438140869
33.2178125,2.95150279998779
33.2211458333333,2.95180082321167
33.2244791666667,2.95203924179077
33.2278125,2.95227766036987
33.2311458333333,2.95251607894897
33.2344791666667,2.95263528823853
33.2378125,2.95275449752808
33.2411458333333,2.95281410217285
33.2444791666667,2.95281410217285
33.2478125,2.95275449752808
33.2511458333333,2.95263528823853
33.2544791666667,2.95251607894897
33.2578125,2.95239686965942
33.2611458333333,2.95227766036987
33.2644791666667,2.95227766036987
33.2678125,2.95227766036987
33.2711458333333,2.95233726501465
33.2744791666667,2.9524564743042
33.2778125,2.95257568359375
33.2811458333333,2.9526948928833
33.2844791666667,2.95281410217285
33.2878125,2.95287370681763
33.2911458333333,2.95287370681763
33.2944791666667,2.95281410217285
33.2978125,2.9526948928833
33.3011458333333,2.95257568359375
33.3044791666667,2.95233726501465
33.3078125,2.95215845108032
33.3111458333333,2.95192003250122
33.3144791666667,2.95168161392212
33.3178125,2.95150279998779
33.3211458333333,2.95132398605347
33.3244791666667,2.95126438140869
33.3278125,2.95126438140869
33.3311458333333,2.95132398605347
33.3344791666667,2.95150279998779
33.3378125,2.95174121856689
33.3411458333333,2.95203924179077
33.3444791666667,2.9524564743042
33.3478125,2.9529333114624
33.3511458333333,2.95341014862061
33.3544791666667,2.95394659042358
33.3578125,2.95442342758179
33.3611458333333,2.95495986938477
33.3644791666667,2.95543670654297
33.3678125,2.95591354370117
33.3711458333333,2.95639038085938
33.3744791666667,2.95686721801758
33.3778125,2.95728445053101
33.3811458333333,2.95770168304443
33.3844791666667,2.95811891555786
33.3878125,2.95859575271606
33.3911458333333,2.95901298522949
33.3944791666667,2.95943021774292
33.3978125,2.95990705490112
33.4011458333333,2.96038389205933
33.4044791666667,2.96086072921753
33.4078125,2.96133756637573
33.4111458333333,2.96187400817871
33.4144791666667,2.96235084533691
33.4178125,2.96288728713989
33.4211458333333,2.96330451965332
33.4244791666667,2.96372175216675
33.4278125,2.9640793800354
33.4311458333333,2.9643177986145
33.4344791666667,2.96437740325928
33.4378125,2.9643177986145
33.4411458333333,2.96413898468018
33.4444791666667,2.96378135681152
33.4478125,2.96342372894287
33.4511458333333,2.96294689178467
33.4544791666667,2.96247005462646
33.4578125,2.96205282211304
33.4611458333333,2.96175479888916
33.4644791666667,2.96151638031006
33.4678125,2.96151638031006
33.4711458333333,2.96163558959961
33.4744791666667,2.96193361282349
33.4778125,2.96241044998169
33.4811458333333,2.96306610107422
33.4844791666667,2.96378135681152
33.4878125,2.96461582183838
33.4911458333333,2.96556949615479
33.4944791666667,2.96658277511597
33.4978125,2.9677152633667
33.5011458333333,2.96896696090698
33.5044791666667,2.97027826309204
33.5078125,2.97164916992188
33.5111458333333,2.97307968139648
33.5144791666667,2.97456979751587
33.5178125,2.97611951828003
33.5211458333333,2.97766923904419
33.5244791666667,2.97915935516357
33.5278125,2.98058986663818
33.5311458333333,2.98202037811279
33.5344791666667,2.98333168029785
33.5378125,2.98464298248291
33.5411458333333,2.98595428466797
33.5444791666667,2.98720598220825
33.5478125,2.98845767974854
33.5511458333333,2.98970937728882
33.5544791666667,2.99108028411865
33.5578125,2.99251079559326
33.5611458333333,2.99400091171265
33.5644791666667,2.99555063247681
33.5678125,2.99710035324097
33.5711458333333,2.99876928329468
33.5744791666667,3.00037860870361
33.5778125,3.00204753875732
33.5811458333333,3.00365686416626
33.5844791666667,3.0052661895752
33.5878125,3.00687551498413
33.5911458333333,3.00842523574829
33.5944791666667,3.00997495651245
33.5978125,3.01140546798706
33.6011458333333,3.01283597946167
33.6044791666667,3.0142068862915
33.6078125,3.01545858383179
33.6111458333333,3.01665067672729
33.6144791666667,3.01772356033325
33.6178125,3.01861763000488
33.6211458333333,3.01933288574219
33.6244791666667,3.01992893218994
33.6278125,3.02034616470337
33.6311458333333,3.02064418792725
33.6344791666667,3.02082300186157
33.6378125,3.0207633972168
33.6411458333333,3.02058458328247
33.6444791666667,3.02028656005859
33.6478125,3.01980972290039
33.6511458333333,3.01927328109741
33.6544791666667,3.01855802536011
33.6578125,3.01772356033325
33.6611458333333,3.01682949066162
33.6644791666667,3.01581621170044
33.6678125,3.01474332809448
33.6711458333333,3.01367044448853
33.6744791666667,3.01247835159302
33.6778125,3.01128625869751
33.6811458333333,3.01003456115723
33.6844791666667,3.00878286361694
33.6878125,3.00747156143188
33.6911458333333,3.0062198638916
33.6944791666667,3.00496816635132
33.6978125,3.00377607345581
33.7011458333333,3.00264358520508
33.7044791666667,3.00157070159912
33.7078125,3.00067663192749
33.7111458333333,2.99996137619019
33.7144791666667,2.99936532974243
33.7178125,2.998948097229
33.7211458333333,2.9987096786499
33.7244791666667,2.99865007400513
33.7278125,2.99876928329468
33.7311458333333,2.99906730651855
33.7344791666667,2.99954414367676
33.7378125,3.00014019012451
33.7411458333333,3.00085544586182
33.7444791666667,3.00180912017822
33.7478125,3.00288200378418
33.7511458333333,3.00413370132446
33.7544791666667,3.00568342208862
33.7578125,3.00741195678711
33.7611458333333,3.0093789100647
33.7644791666667,3.01164388656616
33.7678125,3.01414728164673
33.7711458333333,3.01694869995117
33.7744791666667,3.02004814147949
33.7778125,3.02332639694214
33.7811458333333,3.02672386169434
33.7844791666667,3.03030014038086
33.7878125,3.03387641906738
33.7911458333333,3.03745269775391
33.7944791666667,3.04096937179565
33.7978125,3.04436683654785
33.8011458333333,3.04758548736572
33.8044791666667,3.05062532424927
33.8078125,3.05342674255371
33.8111458333333,3.05598974227905
33.8144791666667,3.05825471878052
33.8178125,3.06034088134766
33.8211458333333,3.06212902069092
33.8244791666667,3.0636191368103
33.8278125,3.06481122970581
33.8311458333333,3.06564569473267
33.8344791666667,3.06618213653564
33.8378125,3.06642055511475
33.8411458333333,3.0663013458252
33.8444791666667,3.06588411331177
33.8478125,3.06522846221924
33.8511458333333,3.06427478790283
33.8544791666667,3.06308269500732
33.8578125,3.06171178817749
33.8611458333333,3.06016206741333
33.8644791666667,3.05849313735962
33.8678125,3.05670499801636
33.8711458333333,3.05479764938354
33.8744791666667,3.05289030075073
33.8778125,3.05092334747314
33.8811458333333,3.04889678955078
33.8844791666667,3.04692983627319
33.8878125,3.04496288299561
33.8911458333333,3.04311513900757
33.8944791666667,3.04132699966431
33.8978125,3.0396580696106
33.9011458333333,3.03810834884644
33.9044791666667,3.0367374420166
33.9078125,3.03548574447632
33.9111458333333,3.03435325622559
33.9144791666667,3.03339958190918
33.9178125,3.03256511688232
33.9211458333333,3.03190946578979
33.9244791666667,3.03131341934204
33.9278125,3.03083658218384
33.9311458333333,3.03041934967041
33.9344791666667,3.03012132644653
33.9378125,3.02988290786743
33.9411458333333,3.02970409393311
33.9444791666667,3.02958488464355
33.9478125,3.029465675354
33.9511458333333,3.029465675354
33.9544791666667,3.029465675354
33.9578125,3.029465675354
33.9611458333333,3.029465675354
33.9644791666667,3.02952527999878
33.9678125,3.02958488464355
33.9711458333333,3.02970409393311
33.9744791666667,3.02982330322266
33.9778125,3.03000211715698
33.9811458333333,3.03030014038086
33.9844791666667,3.03065776824951
33.9878125,3.03119421005249
33.9911458333333,3.03196907043457
33.9944791666667,3.03298234939575
33.9978125,3.03429365158081
34.0011458333333,3.03614139556885
34.0044791666667,3.03870439529419
34.0078125,3.04216146469116
34.0111458333333,3.04687023162842
34.0144791666667,3.05324792861938
34.0178125,3.06189060211182
34.0211458333333,3.07345390319824
34.0244791666667,3.08871269226074
34.0278125,3.1086802482605
34.0311458333333,3.13448905944824
34.0344791666667,3.16745042800903
34.0378125,3.20899486541748
34.0411458333333,3.26067209243774
34.0444791666667,3.32409143447876
34.0478125,3.40092182159424
34.0511458333333,3.49265336990356
34.0544791666667,3.60077619552612
34.0578125,3.72660160064697
34.0611458333333,3.87102365493774
34.0644791666667,4.03457880020142
34.0678125,4.21738624572754
34.0711458333333,4.41896915435791
34.0744791666667,4.63831424713135
34.0778125,4.87369298934937
34.0811458333333,5.12290000915527
34.0844791666667,5.38307428359985
34.0878125,5.65093755722046
34.0911458333333,5.92261552810669
34.0944791666667,6.19423389434814
34.0978125,6.461501121521
34.1011458333333,6.72024488449097
34.1044791666667,6.96641206741333
34.1078125,7.19612836837769
34.1111458333333,7.40593671798706
34.1144791666667,7.59285688400269
34.1178125,7.75432586669922
34.1211458333333,7.88843631744385
34.1244791666667,7.99381732940674
34.1278125,8.06975364685059
34.1311458333333,8.11588764190674
34.1344791666667,8.13251733779907
34.1378125,8.12047719955444
34.1411458333333,8.08078050613403
34.1444791666667,8.014976978302
34.1478125,7.92485475540161
34.1511458333333,7.8125
34.1544791666667,7.68005847930908
34.1578125,7.52991437911987
34.1611458333333,7.36457109451294
34.1644791666667,7.18647241592407
34.1678125,6.99812173843384
34.1711458333333,6.80208206176758
34.1744791666667,6.60079717636108
34.1778125,6.39665126800537
34.1811458333333,6.19179010391235
34.1844791666667,5.98835945129395
34.1878125,5.78820705413818
34.1911458333333,5.59312105178833
34.1944791666667,5.40459156036377
34.1978125,5.22375106811523
34.2011458333333,5.05173206329346
34.2044791666667,4.88924980163574
34.2078125,4.73690032958984
34.2111458333333,4.59492206573486
34.2144791666667,4.46361303329468
34.2178125,4.34279441833496
34.2211458333333,4.23228740692139
34.2244791666667,4.13179397583008
34.2278125,4.04089689254761
34.2311458333333,3.959059715271
34.2344791666667,3.88574600219727
34.2378125,3.82035970687866
34.2411458333333,3.76224517822266
34.2444791666667,3.71074676513672
34.2478125,3.6652684211731
34.2511458333333,3.62521409988403
34.2544791666667,3.58998775482178
34.2578125,3.55911254882813
34.2611458333333,3.53199243545532
34.2644791666667,3.50826978683472
34.2678125,3.48746776580811
34.2711458333333,3.46928834915161
34.2744791666667,3.45337390899658
34.2778125,3.43942642211914
34.2811458333333,3.42726707458496
34.2844791666667,3.41665744781494
34.2878125,3.40729951858521
34.2911458333333,3.39913368225098
34.2944791666667,3.39192152023315
34.2978125,3.38548421859741
34.3011458333333,3.37976217269897
34.3044791666667,3.37451696395874
34.3078125,3.36980819702148
34.3111458333333,3.36545705795288
34.3144791666667,3.36146354675293
34.3178125,3.35782766342163
34.3211458333333,3.35443019866943
34.3244791666667,3.35133075714111
34.3278125,3.34846973419189
34.3311458333333,3.34584712982178
34.3344791666667,3.34328413009644
34.3378125,3.34078073501587
34.3411458333333,3.33833694458008
34.3444791666667,3.33583354949951
34.3478125,3.33327054977417
34.3511458333333,3.33064794540405
34.3544791666667,3.32796573638916
34.3578125,3.32522392272949
34.3611458333333,3.32248210906982
34.3644791666667,3.31979990005493
34.3678125,3.31711769104004
34.3711458333333,3.3145546913147
34.3744791666667,3.31205129623413
34.3778125,3.30954790115356
34.3811458333333,3.307044506073
34.3844791666667,3.30460071563721
34.3878125,3.30203771591187
34.3911458333333,3.29941511154175
34.3944791666667,3.29667329788208
34.3978125,3.29387187957764
34.4011458333333,3.29095125198364
34.4044791666667,3.28803062438965
34.4078125,3.28505039215088
34.4111458333333,3.28207015991211
34.4144791666667,3.27914953231812
34.4178125,3.27622890472412
34.4211458333333,3.2733678817749
34.4244791666667,3.27056646347046
34.4278125,3.26782464981079
34.4311458333333,3.26508283615112
34.4344791666667,3.26240062713623
34.4378125,3.25977802276611
34.4411458333333,3.25709581375122
34.4444791666667,3.2544732093811
34.4478125,3.25185060501099
34.4511458333333,3.24916839599609
34.4544791666667,3.24654579162598
34.4578125,3.24392318725586
34.4611458333333,3.24136018753052
34.4644791666667,3.23885679244995
34.4678125,3.23641300201416
34.4711458333333,3.23402881622314
34.4744791666667,3.2317042350769
34.4778125,3.22949886322021
34.4811458333333,3.22747230529785
34.4844791666667,3.22550535202026
34.4878125,3.22359800338745
34.4911458333333,3.22186946868896
34.4944791666667,3.22020053863525
34.4978125,3.21859121322632
34.5011458333333,3.21710109710693
34.5044791666667,3.21561098098755
34.5078125,3.21412086486816
34.5111458333333,3.21263074874878
34.5144791666667,3.21120023727417
34.5178125,3.20971012115479
34.5211458333333,3.20827960968018
34.5244791666667,3.20690870285034
34.5278125,3.20565700531006
34.5311458333333,3.20452451705933
34.5344791666667,3.20345163345337
34.5378125,3.20261716842651
34.5411458333333,3.20184230804443
34.5444791666667,3.2011866569519
34.5478125,3.20065021514893
34.5511458333333,3.20017337799072
34.5544791666667,3.19975614547729
34.5578125,3.19933891296387
34.5611458333333,3.19886207580566
34.5644791666667,3.19838523864746
34.5678125,3.19784879684448
34.5711458333333,3.1973123550415
34.5744791666667,3.19665670394897
34.5778125,3.19600105285645
34.5811458333333,3.19528579711914
34.5844791666667,3.19457054138184
34.5878125,3.19385528564453
34.5911458333333,3.19314002990723
34.5944791666667,3.19242477416992
34.5978125,3.19170951843262
34.6011458333333,3.19105386734009
34.6044791666667,3.19045782089233
34.6078125,3.18986177444458
34.6111458333333,3.1893253326416
34.6144791666667,3.18872928619385
34.6178125,3.18807363510132
34.6211458333333,3.18747758865356
34.6244791666667,3.18676233291626
34.6278125,3.18604707717896
34.6311458333333,3.18527221679688
34.6344791666667,3.18449735641479
34.6378125,3.18372249603271
34.6411458333333,3.18294763565063
34.6444791666667,3.18223237991333
34.6478125,3.18163633346558
34.6511458333333,3.1810998916626
34.6544791666667,3.18068265914917
34.6578125,3.18044424057007
34.6611458333333,3.18032503128052
34.6644791666667,3.18038463592529
34.6678125,3.18068265914917
34.6711458333333,3.1810998916626
34.6744791666667,3.18169593811035
34.6778125,3.18247079849243
34.6811458333333,3.18330526351929
34.6844791666667,3.18419933319092
34.6878125,3.1852126121521
34.6911458333333,3.18616628646851
34.6944791666667,3.18711996078491
34.6978125,3.18801403045654
34.7011458333333,3.18890810012817
34.7044791666667,3.1898021697998
34.7078125,3.19075584411621
34.7111458333333,3.19170951843262
34.7144791666667,3.19278240203857
34.7178125,3.19391489028931
34.7211458333333,3.19510698318481
34.7244791666667,3.19647789001465
34.7278125,3.19790840148926
34.7311458333333,3.19939851760864
34.7344791666667,3.20100784301758
34.7378125,3.20261716842651
34.7411458333333,3.20422649383545
34.7444791666667,3.20589542388916
34.7478125,3.2075047492981
34.7511458333333,3.20911407470703
34.7544791666667,3.21066379547119
34.7578125,3.21221351623535
34.7611458333333,3.21358442306519
34.7644791666667,3.21495532989502
34.7678125,3.21614742279053
34.7711458333333,3.21716070175171
34.7744791666667,3.21811437606812
34.7778125,3.21882963180542
34.7811458333333,3.21942567825317
34.7844791666667,3.21990251541138
34.7878125,3.22014093399048
34.7911458333333,3.22026014328003
34.7944791666667,3.22026014328003
34.7978125,3.2200813293457
34.8011458333333,3.21978330612183
34.8044791666667,3.2193660736084
34.8078125,3.2188892364502
34.8111458333333,3.21823358535767
34.8144791666667,3.21757793426514
34.8178125,3.21680307388306
34.8211458333333,3.21590900421143
34.8244791666667,3.21495532989502
34.8278125,3.21400165557861
34.8311458333333,3.21292877197266
34.8344791666667,3.21173667907715
34.8378125,3.21054458618164
34.8411458333333,3.20929288864136
34.8444791666667,3.20804119110107
34.8478125,3.20667028427124
34.8511458333333,3.20535898208618
34.8544791666667,3.20398807525635
34.8578125,3.20267677307129
34.8611458333333,3.20136547088623
34.8644791666667,3.20011377334595
34.8678125,3.19898128509521
34.8711458333333,3.19790840148926
34.8744791666667,3.19695472717285
34.8778125,3.19617986679077
34.8811458333333,3.19558382034302
34.8844791666667,3.19516658782959
34.8878125,3.19492816925049
34.8911458333333,3.19486856460571
34.8944791666667,3.19486856460571
34.8978125,3.19504737854004
34.9011458333333,3.19534540176392
34.9044791666667,3.19564342498779
34.9078125,3.19606065750122
34.9111458333333,3.1965970993042
34.9144791666667,3.19719314575195
34.9178125,3.19790840148926
34.9211458333333,3.19880247116089
34.9244791666667,3.19993495941162
34.9278125,3.2011866569519
34.9311458333333,3.20267677307129
34.9344791666667,3.20428609848022
34.9378125,3.20613384246826
34.9411458333333,3.20810079574585
34.9444791666667,3.21018695831299
34.9478125,3.21227312088013
34.9511458333333,3.21441888809204
34.9544791666667,3.21650505065918
34.9578125,3.21847200393677
34.9611458333333,3.22037935256958
34.9644791666667,3.22204828262329
34.9678125,3.22359800338745
34.9711458333333,3.22490930557251
34.9744791666667,3.22598218917847
34.9778125,3.22681665420532
34.9811458333333,3.22741270065308
34.9844791666667,3.22777032852173
34.9878125,3.22794914245605
34.9911458333333,3.22788953781128
34.9944791666667,3.22771072387695
34.9978125,3.2273530960083
35.0011458333333,3.2268762588501
35.0044791666667,3.22628021240234
35.0078125,3.22568416595459
35.0111458333333,3.22496891021729
35.0144791666667,3.22431325912476
35.0178125,3.22365760803223
35.0211458333333,3.2230019569397
35.0244791666667,3.22240591049194
35.0278125,3.22180986404419
35.0311458333333,3.22127342224121
35.0344791666667,3.22079658508301
35.0378125,3.22037935256958
35.0411458333333,3.21996212005615
35.0444791666667,3.21966409683228
35.0478125,3.2193660736084
35.0511458333333,3.21918725967407
35.0544791666667,3.21906805038452
35.0578125,3.21900844573975
35.0611458333333,3.21894884109497
35.0644791666667,3.21894884109497
35.0678125,3.21894884109497
35.0711458333333,3.21894884109497
35.0744791666667,3.2188892364502
35.0778125,3.2188892364502
35.0811458333333,3.21882963180542
35.0844791666667,3.21882963180542
35.0878125,3.21882963180542
35.0911458333333,3.21882963180542
35.0944791666667,3.21894884109497
35.0978125,3.21906805038452
35.1011458333333,3.21918725967407
35.1044791666667,3.2193660736084
35.1078125,3.21948528289795
35.1111458333333,3.21966409683228
35.1144791666667,3.2198429107666
35.1178125,3.21996212005615
35.1211458333333,3.22014093399048
35.1244791666667,3.2203197479248
35.1278125,3.22055816650391
35.1311458333333,3.22079658508301
35.1344791666667,3.22103500366211
35.1378125,3.22133302688599
35.1411458333333,3.22157144546509
35.1444791666667,3.22180986404419
35.1478125,3.22210788726807
35.1511458333333,3.22240591049194
35.1544791666667,3.2227635383606
35.1578125,3.22318077087402
35.1611458333333,3.223717212677
35.1644791666667,3.22437286376953
35.1678125,3.22514772415161
35.1711458333333,3.22610139846802
35.1744791666667,3.22723388671875
35.1778125,3.22842597961426
35.1811458333333,3.22967767715454
35.1844791666667,3.23104858398438
35.1878125,3.23241949081421
35.1911458333333,3.23385000228882
35.1944791666667,3.23516130447388
35.1978125,3.23641300201416
35.2011458333333,3.23760509490967
35.2044791666667,3.23867797851563
35.2078125,3.23963165283203
35.2111458333333,3.24052572250366
35.2144791666667,3.24136018753052
35.2178125,3.2421350479126
35.2211458333333,3.24290990829468
35.2244791666667,3.24356555938721
35.2278125,3.24416160583496
35.2311458333333,3.24475765228271
35.2344791666667,3.24523448944092
35.2378125,3.24565172195435
35.2411458333333,3.246009349823
35.2444791666667,3.24618816375732
35.2478125,3.2462477684021
35.2511458333333,3.2462477684021
35.2544791666667,3.24612855911255
35.2578125,3.24594974517822
35.2611458333333,3.24571132659912
35.2644791666667,3.24541330337524
35.2678125,3.24505567550659
35.2711458333333,3.24469804763794
35.2744791666667,3.24434041976929
35.2778125,3.24386358261108
35.2811458333333,3.24344635009766
35.2844791666667,3.24296951293945
35.2878125,3.24243307113647
35.2911458333333,3.2418966293335
35.2944791666667,3.24130058288574
35.2978125,3.24064493179321
35.3011458333333,3.24004888534546
35.3044791666667,3.23951244354248
35.3078125,3.2389760017395
35.3111458333333,3.23843955993652
35.3144791666667,3.2380223274231
35.3178125,3.23760509490967
35.3211458333333,3.23718786239624
35.3244791666667,3.23677062988281
35.3278125,3.23635339736938
35.3311458333333,3.23587656021118
35.3344791666667,3.23528051376343
35.3378125,3.2346248626709
35.3411458333333,3.23385000228882
35.3444791666667,3.23307514190674
35.3478125,3.23212146759033
35.3511458333333,3.23116779327393
35.3544791666667,3.23009490966797
35.3578125,3.22896242141724
35.3611458333333,3.22777032852173
35.3644791666667,3.22657823562622
35.3678125,3.22532653808594
35.3711458333333,3.22401523590088
35.3744791666667,3.22264432907104
35.3778125,3.22127342224121
35.3811458333333,3.2198429107666
35.3844791666667,3.21847200393677
35.3878125,3.21716070175171
35.3911458333333,3.21584939956665
35.3944791666667,3.21459770202637
35.3978125,3.21340560913086
35.4011458333333,3.2123327255249
35.4044791666667,3.21125984191895
35.4078125,3.21024656295776
35.4111458333333,3.20929288864136
35.4144791666667,3.20833921432495
35.4178125,3.20744514465332
35.4211458333333,3.20667028427124
35.4244791666667,3.20595502853394
35.4278125,3.20535898208618
35.4311458333333,3.2048225402832
35.4344791666667,3.20446491241455
35.4378125,3.20422649383545
35.4411458333333,3.2041072845459
35.4444791666667,3.2041072845459
35.4478125,3.20422649383545
35.4511458333333,3.20446491241455
35.4544791666667,3.20476293563843
35.4578125,3.20512056350708
35.4611458333333,3.20553779602051
35.4644791666667,3.20601463317871
35.4678125,3.20655107498169
35.4711458333333,3.20714712142944
35.4744791666667,3.2077431678772
35.4778125,3.2084584236145
35.4811458333333,3.20923328399658
35.4844791666667,3.21006774902344
35.4878125,3.21090221405029
35.4911458333333,3.21179628372192
35.4944791666667,3.21269035339355
35.4978125,3.21358442306519
35.5011458333333,3.21447849273682
35.5044791666667,3.21537256240845
35.5078125,3.2162070274353
35.5111458333333,3.21704149246216
35.5144791666667,3.21787595748901
35.5178125,3.21871042251587
35.5211458333333,3.21954488754272
35.5244791666667,3.22043895721436
35.5278125,3.22127342224121
35.5311458333333,3.22216749191284
35.5344791666667,3.2230019569397
35.5378125,3.22383642196655
35.5411458333333,3.22461128234863
35.5444791666667,3.22538614273071
35.5478125,3.22616100311279
35.5511458333333,3.22693586349487
35.5544791666667,3.22765111923218
35.5578125,3.22842597961426
35.5611458333333,3.22914123535156
35.5644791666667,3.22985649108887
35.5678125,3.23057174682617
35.5711458333333,3.2312273979187
35.5744791666667,3.23188304901123
35.5778125,3.23247909545898
35.5811458333333,3.23307514190674
35.5844791666667,3.23361158370972
35.5878125,3.2341480255127
35.5911458333333,3.23468446731567
35.5944791666667,3.23522090911865
35.5978125,3.23581695556641
35.6011458333333,3.23641300201416
35.6044791666667,3.23712825775146
35.6078125,3.23784351348877
35.6111458333333,3.23867797851563
35.6144791666667,3.23963165283203
35.6178125,3.24064493179321
35.6211458333333,3.24183702468872
35.6244791666667,3.243088722229
35.6278125,3.24457883834839
35.6311458333333,3.2462477684021
35.6344791666667,3.24809551239014
35.6378125,3.25024127960205
35.6411458333333,3.25262546539307
35.6444791666667,3.25536727905273
35.6478125,3.25840711593628
35.6511458333333,3.26186418533325
35.6544791666667,3.26567888259888
35.6578125,3.26991081237793
35.6611458333333,3.27444076538086
35.6644791666667,3.27926874160767
35.6678125,3.28439474105835
35.6711458333333,3.28958034515381
35.6744791666667,3.29488515853882
35.6778125,3.30013036727905
35.6811458333333,3.30525636672974
35.6844791666667,3.31020355224609
35.6878125,3.31485271453857
35.6911458333333,3.31920385360718
35.6944791666667,3.32319736480713
35.6978125,3.32677364349365
35.7011458333333,3.32987308502197
35.7044791666667,3.33261489868164
35.7078125,3.33487987518311
35.7111458333333,3.33672761917114
35.7144791666667,3.33815813064575
35.7178125,3.33911180496216
35.7211458333333,3.33976745605469
35.7244791666667,3.34006547927856
35.7278125,3.34006547927856
35.7311458333333,3.33988666534424
35.7344791666667,3.33958864212036
35.7378125,3.33917140960693
35.7411458333333,3.33869457244873
35.7444791666667,3.33821773529053
35.7478125,3.33774089813232
35.7511458333333,3.3373236656189
35.7544791666667,3.33690643310547
35.7578125,3.33654880523682
35.7611458333333,3.33619117736816
35.7644791666667,3.33583354949951
35.7678125,3.33547592163086
35.7711458333333,3.33511829376221
35.7744791666667,3.33470106124878
35.7778125,3.33422422409058
35.7811458333333,3.3336877822876
35.7844791666667,3.33303213119507
35.7878125,3.33237648010254
35.7911458333333,3.33160161972046
35.7944791666667,3.33070755004883
35.7978125,3.32975387573242
35.8011458333333,3.32868099212646
35.8044791666667,3.32754850387573
35.8078125,3.32629680633545
35.8111458333333,3.32498550415039
35.8144791666667,3.32361459732056
35.8178125,3.3220648765564
35.8211458333333,3.32051515579224
35.8244791666667,3.31878662109375
35.8278125,3.31699848175049
35.8311458333333,3.31515073776245
35.8344791666667,3.31318378448486
35.8378125,3.3111572265625
35.8411458333333,3.30919027328491
35.8444791666667,3.30716371536255
35.8478125,3.30519676208496
35.8511458333333,3.30328941345215
35.8544791666667,3.30144166946411
35.8578125,3.29971313476563
35.8611458333333,3.29810380935669
35.8644791666667,3.29649448394775
35.8678125,3.29494476318359
35.8711458333333,3.29345464706421
35.8744791666667,3.29196453094482
35.8778125,3.29047441482544
35.8811458333333,3.28898429870605
35.8844791666667,3.28755378723145
35.8878125,3.28612327575684
35.8911458333333,3.28481197357178
35.8944791666667,3.28356027603149
35.8978125,3.28248739242554
35.9011458333333,3.28153371810913
35.9044791666667,3.28069925308228
35.9078125,3.27998399734497
35.9111458333333,3.27938795089722
35.9144791666667,3.27891111373901
35.9178125,3.27855348587036
35.9211458333333,3.27819585800171
35.9244791666667,3.27795743942261
35.9278125,3.27765941619873
35.9311458333333,3.2774806022644
35.9344791666667,3.27730178833008
35.9378125,3.27712297439575
35.9411458333333,3.2770037651062
35.9444791666667,3.27694416046143
35.9478125,3.27682495117188
35.9511458333333,3.2767653465271
35.9544791666667,3.27670574188232
35.9578125,3.27664613723755
35.9611458333333,3.27658653259277
35.9644791666667,3.276526927948
35.9678125,3.27646732330322
35.9711458333333,3.27640771865845
35.9744791666667,3.27640771865845
35.9778125,3.27640771865845
35.9811458333333,3.27646732330322
35.9844791666667,3.27658653259277
35.9878125,3.27670574188232
35.9911458333333,3.27688455581665
35.9944791666667,3.27706336975098
35.9978125,3.2772421836853
36.0011458333333,3.2774806022644
36.0044791666667,3.27765941619873
36.0078125,3.27783823013306
36.0111458333333,3.27807664871216
36.0144791666667,3.27831506729126
36.0178125,3.27861309051514
36.0211458333333,3.27891111373901
36.0244791666667,3.27926874160767
36.0278125,3.27974557876587
36.0311458333333,3.28022241592407
36.0344791666667,3.2808780670166
36.0378125,3.28153371810913
36.0411458333333,3.28236818313599
36.0444791666667,3.28320264816284
36.0478125,3.28415632247925
36.0511458333333,3.28510999679565
36.0544791666667,3.28618288040161
36.0578125,3.28725576400757
36.0611458333333,3.28832864761353
36.0644791666667,3.28946113586426
36.0678125,3.29059362411499
36.0711458333333,3.29166650772095
36.0744791666667,3.2927393913269
36.0778125,3.29381227493286
36.0811458333333,3.29476594924927
36.0844791666667,3.29577922821045
36.0878125,3.29673290252686
36.0911458333333,3.29768657684326
36.0944791666667,3.29864025115967
36.0978125,3.29965353012085
36.1011458333333,3.30072641372681
36.1044791666667,3.30179929733276
36.1078125,3.3029317855835
36.1111458333333,3.30406427383423
36.1144791666667,3.30519676208496
36.1178125,3.30626964569092
36.1211458333333,3.3072829246521
36.1244791666667,3.30817699432373
36.1278125,3.30895185470581
36.1311458333333,3.30966711044312
36.1344791666667,3.31026315689087
36.1378125,3.31079959869385
36.1411458333333,3.31133604049683
36.1444791666667,3.3118724822998
36.1478125,3.31246852874756
36.1511458333333,3.31306457519531
36.1544791666667,3.31372022628784
36.1578125,3.31443548202515
36.1611458333333,3.31515073776245
36.1644791666667,3.31592559814453
36.1678125,3.31670045852661
36.1711458333333,3.31747531890869
36.1744791666667,3.318190574646
36.1778125,3.3189058303833
36.1811458333333,3.31950187683105
36.1844791666667,3.32003831863403
36.1878125,3.32051515579224
36.1911458333333,3.32099199295044
36.1944791666667,3.32134962081909
36.1978125,3.32170724868774
36.2011458333333,3.3220648765564
36.2044791666667,3.32242250442505
36.2078125,3.3227801322937
36.2111458333333,3.32319736480713
36.2144791666667,3.32349538803101
36.2178125,3.32385301589966
36.2211458333333,3.32415103912354
36.2244791666667,3.32438945770264
36.2278125,3.32462787628174
36.2311458333333,3.32480669021606
36.2344791666667,3.32498550415039
36.2378125,3.32516431808472
36.2411458333333,3.32528352737427
36.2444791666667,3.32546234130859
36.2478125,3.32564115524292
36.2511458333333,3.32587957382202
36.2544791666667,3.32611799240112
36.2578125,3.32629680633545
36.2611458333333,3.32653522491455
36.2644791666667,3.32671403884888
36.2678125,3.3268928527832
36.2711458333333,3.32695245742798
36.2744791666667,3.3268928527832
36.2778125,3.32677364349365
36.2811458333333,3.32659482955933
36.2844791666667,3.32623720169067
36.2878125,3.32587957382202
36.2911458333333,3.32540273666382
36.2944791666667,3.32498550415039
36.2978125,3.32450866699219
36.3011458333333,3.32409143447876
36.3044791666667,3.32367420196533
36.3078125,3.32331657409668
36.3111458333333,3.32295894622803
36.3144791666667,3.32272052764893
36.3178125,3.32248210906982
36.3211458333333,3.3223032951355
36.3244791666667,3.32212448120117
36.3278125,3.32194566726685
36.3311458333333,3.32182645797729
36.3344791666667,3.32170724868774
36.3378125,3.32164764404297
36.3411458333333,3.32152843475342
36.3444791666667,3.32146883010864
36.3478125,3.32134962081909
36.3511458333333,3.32117080688477
36.3544791666667,3.32093238830566
36.3578125,3.32063436508179
36.3611458333333,3.32027673721313
36.3644791666667,3.31985950469971
36.3678125,3.3193826675415
36.3711458333333,3.3189058303833
36.3744791666667,3.3184289932251
36.3778125,3.31801176071167
36.3811458333333,3.31759452819824
36.3844791666667,3.31723690032959
36.3878125,3.31693887710571
36.3911458333333,3.31676006317139
36.3944791666667,3.31658124923706
36.3978125,3.31646203994751
36.4011458333333,3.31646203994751
36.4044791666667,3.31652164459229
36.4078125,3.31664085388184
36.4111458333333,3.31687927246094
36.4144791666667,3.31717729568481
36.4178125,3.31765413284302
36.4211458333333,3.31825017929077
36.4244791666667,3.31902503967285
36.4278125,3.31997871398926
36.4311458333333,3.32123041152954
36.4344791666667,3.32272052764893
36.4378125,3.32456827163696
36.4411458333333,3.32677364349365
36.4444791666667,3.32945585250854
36.4478125,3.33267450332642
36.4511458333333,3.33642959594727
36.4544791666667,3.34078073501587
36.4578125,3.34584712982178
36.4611458333333,3.35162878036499
36.4644791666667,3.35818529129028
36.4678125,3.36551666259766
36.4711458333333,3.37374210357666
36.4744791666667,3.38286161422729
36.4778125,3.39281558990479
36.4811458333333,3.40366363525391
36.4844791666667,3.41528654098511
36.4878125,3.42768430709839
36.4911458333333,3.44067811965942
36.4944791666667,3.45426797866821
36.4978125,3.46827507019043
36.5011458333333,3.48258018493652
36.5044791666667,3.49700450897217
36.5078125,3.51154804229736
36.5111458333333,3.52597236633301
36.5144791666667,3.54021787643433
36.5178125,3.55410575866699
36.5211458333333,3.56751680374146
36.5244791666667,3.58045101165771
36.5278125,3.59266996383667
36.5311458333333,3.60405445098877
36.5344791666667,3.61460447311401
36.5378125,3.62402200698853
36.5411458333333,3.63236665725708
36.5444791666667,3.63945960998535
36.5478125,3.64524126052856
36.5511458333333,3.64965200424194
36.5544791666667,3.65263223648071
36.5578125,3.65406274795532
36.5611458333333,3.6541223526001
36.5644791666667,3.65269184112549
36.5678125,3.64989042282104
36.5711458333333,3.64571809768677
36.5744791666667,3.64035367965698
36.5778125,3.63385677337646
36.5811458333333,3.62634658813477
36.5844791666667,3.61794233322144
36.5878125,3.60876321792603
36.5911458333333,3.59898805618286
36.5944791666667,3.58867645263672
36.5978125,3.57794761657715
36.6011458333333,3.56698036193848
36.6044791666667,3.55583429336548
36.6078125,3.54456901550293
36.6111458333333,3.53336334228516
36.6144791666667,3.52221727371216
36.6178125,3.51136922836304
36.6211458333333,3.50075960159302
36.6244791666667,3.4906268119812
36.6278125,3.48097085952759
36.6311458333333,3.4719705581665
36.6344791666667,3.46362590789795
36.6378125,3.4559965133667
36.6411458333333,3.44926118850708
36.6444791666667,3.44336032867432
36.6478125,3.43841314315796
36.6511458333333,3.43436002731323
36.6544791666667,3.43120098114014
36.6578125,3.42893600463867
36.6611458333333,3.42756509780884
36.6644791666667,3.42708826065063
36.6678125,3.42744588851929
36.6711458333333,3.42857837677002
36.6744791666667,3.43054533004761
36.6778125,3.43316793441772
36.6811458333333,3.43644618988037
36.6844791666667,3.44032049179077
36.6878125,3.44479084014893
36.6911458333333,3.44979763031006
36.6944791666667,3.45528125762939
36.6978125,3.46124172210693
36.7011458333333,3.4676194190979
36.7044791666667,3.47435474395752
36.7078125,3.48138809204102
36.7111458333333,3.48860025405884
36.7144791666667,3.49605083465576
36.7178125,3.50350141525269
36.7211458333333,3.51101160049438
36.7244791666667,3.51840257644653
36.7278125,3.52561473846436
36.7311458333333,3.53258848190308
36.7344791666667,3.53926420211792
36.7378125,3.54552268981934
36.7411458333333,3.55130434036255
36.7444791666667,3.55654954910278
36.7478125,3.56125831604004
36.7511458333333,3.56531143188477
36.7544791666667,3.56870889663696
36.7578125,3.57133150100708
36.7611458333333,3.57317924499512
36.7644791666667,3.57425212860107
36.7678125,3.57449054718018
36.7711458333333,3.57389450073242
36.7744791666667,3.57252359390259
36.7778125,3.57037782669067
36.7811458333333,3.56751680374146
36.7844791666667,3.56388092041016
36.7878125,3.5596489906311
36.7911458333333,3.55488061904907
36.7944791666667,3.54951620101929
36.7978125,3.5436749458313
36.8011458333333,3.53741645812988
36.8044791666667,3.53080034255981
36.8078125,3.52394580841064
36.8111458333333,3.51691246032715
36.8144791666667,3.5097599029541
36.8178125,3.50254774093628
36.8211458333333,3.49539518356323
36.8244791666667,3.48830223083496
36.8278125,3.48144769668579
36.8311458333333,3.47477197647095
36.8344791666667,3.46839427947998
36.8378125,3.46231460571289
36.8411458333333,3.45653295516968
36.8444791666667,3.45110893249512
36.8478125,3.44598293304443
36.8511458333333,3.44115495681763
36.8544791666667,3.43674421310425
36.8578125,3.43263149261475
36.8611458333333,3.42893600463867
36.8644791666667,3.42553853988647
36.8678125,3.42255830764771
36.8711458333333,3.41987609863281
36.8744791666667,3.41755151748657
36.8778125,3.41558456420898
36.8811458333333,3.41391563415527
36.8844791666667,3.41254472732544
36.8878125,3.41147184371948
36.8911458333333,3.41063737869263
36.8944791666667,3.41004133224487
36.8978125,3.40962409973145
36.9011458333333,3.40950489044189
36.9044791666667,3.40956449508667
36.9078125,3.40986251831055
36.9111458333333,3.41033935546875
36.9144791666667,3.41105461120605
36.9178125,3.41188907623291
36.9211458333333,3.41290235519409
36.9244791666667,3.41403484344482
36.9278125,3.41528654098511
36.9311458333333,3.41659784317017
36.9344791666667,3.41802835464478
36.9378125,3.41951847076416
36.9411458333333,3.4211277961731
36.9444791666667,3.42285633087158
36.9478125,3.42470407485962
36.9511458333333,3.42661142349243
36.9544791666667,3.42857837677002
36.9578125,3.43066453933716
36.9611458333333,3.4327507019043
36.9644791666667,3.43483686447144
36.9678125,3.43692302703857
36.9711458333333,3.43888998031616
36.9744791666667,3.4407377243042
36.9778125,3.44252586364746
36.9811458333333,3.44419479370117
36.9844791666667,3.44580411911011
36.9878125,3.44729423522949
36.9911458333333,3.44866514205933
36.9944791666667,3.45003604888916
36.9978125,3.45128774642944
37.0011458333333,3.45247983932495
37.0044791666667,3.45355272293091
37.0078125,3.45456600189209
37.0111458333333,3.45540046691895
37.0144791666667,3.45611572265625
37.0178125,3.45659255981445
37.0211458333333,3.45695018768311
37.0244791666667,3.45718860626221
37.0278125,3.45724821090698
37.0311458333333,3.45718860626221
37.0344791666667,3.45700979232788
37.0378125,3.45677137374878
37.0411458333333,3.45641374588013
37.0444791666667,3.45605611801147
37.0478125,3.45557928085327
37.0511458333333,3.45510244369507
37.0544791666667,3.45450639724731
37.0578125,3.45391035079956
37.0611458333333,3.45325469970703
37.0644791666667,3.45253944396973
37.0678125,3.45182418823242
37.0711458333333,3.45110893249512
37.0744791666667,3.45033407211304
37.0778125,3.44961881637573
37.0811458333333,3.4489631652832
37.0844791666667,3.44830751419067
37.0878125,3.44765186309814
37.0911458333333,3.44705581665039
37.0944791666667,3.44640016555786
37.0978125,3.44580411911011
37.1011458333333,3.4450888633728
37.1044791666667,3.44443321228027
37.1078125,3.44377756118774
37.1111458333333,3.44312191009521
37.1144791666667,3.44252586364746
37.1178125,3.44198942184448
37.1211458333333,3.44151258468628
37.1244791666667,3.4412145614624
37.1278125,3.4409761428833
37.1311458333333,3.44091653823853
37.1344791666667,3.4409761428833
37.1378125,3.44109535217285
37.1411458333333,3.44127416610718
37.1444791666667,3.44151258468628
37.1478125,3.44175100326538
37.1511458333333,3.44198942184448
37.1544791666667,3.44216823577881
37.1578125,3.44240665435791
37.1611458333333,3.44258546829224
37.1644791666667,3.44282388687134
37.1678125,3.44312191009521
37.1711458333333,3.44347953796387
37.1744791666667,3.44395637512207
37.1778125,3.4446120262146
37.1811458333333,3.44544649124146
37.1844791666667,3.44645977020264
37.1878125,3.44771146774292
37.1911458333333,3.44914197921753
37.1944791666667,3.45069169998169
37.1978125,3.45242023468018
37.2011458333333,3.45420837402344
37.2044791666667,3.45605611801147
37.2078125,3.45790386199951
37.2111458333333,3.45981121063232
37.2144791666667,3.46165895462036
37.2178125,3.46362590789795
37.2211458333333,3.46559286117554
37.2244791666667,3.46755981445313
37.2278125,3.46958637237549
37.2311458333333,3.47167253494263
37.2344791666667,3.47369909286499
37.2378125,3.47578525543213
37.2411458333333,3.47781181335449
37.2444791666667,3.47977876663208
37.2478125,3.48162651062012
37.2511458333333,3.48341464996338
37.2544791666667,3.48508358001709
37.2578125,3.48657369613647
37.2611458333333,3.48800420761108
37.2644791666667,3.48925590515137
37.2678125,3.49032878875732
37.2711458333333,3.49122285842896
37.2744791666667,3.49193811416626
37.2778125,3.49235534667969
37.2811458333333,3.49253416061401
37.2844791666667,3.49247455596924
37.2878125,3.49211692810059
37.2911458333333,3.49146127700806
37.2944791666667,3.49056720733643
37.2978125,3.48943471908569
37.3011458333333,3.48812341690063
37.3044791666667,3.48657369613647
37.3078125,3.48496437072754
37.3111458333333,3.48329544067383
37.3144791666667,3.48150730133057
37.3178125,3.4797191619873
37.3211458333333,3.47793102264404
37.3244791666667,3.47614288330078
37.3278125,3.47441434860229
37.3311458333333,3.47268581390381
37.3344791666667,3.47095727920532
37.3378125,3.46922874450684
37.3411458333333,3.46755981445313
37.3444791666667,3.46583127975464
37.3478125,3.46416234970093
37.3511458333333,3.46261262893677
37.3544791666667,3.46106290817261
37.3578125,3.45969200134277
37.3611458333333,3.45838069915771
37.3644791666667,3.45724821090698
37.3678125,3.45617532730103
37.3711458333333,3.45522165298462
37.3744791666667,3.45444679260254
37.3778125,3.45367193222046
37.3811458333333,3.45301628112793
37.3844791666667,3.45242023468018
37.3878125,3.45182418823242
37.3911458333333,3.45134735107422
37.3944791666667,3.45093011856079
37.3978125,3.45057249069214
37.4011458333333,3.45027446746826
37.4044791666667,3.45003604888916
37.4078125,3.44985723495483
37.4111458333333,3.44967842102051
37.4144791666667,3.44955921173096
37.4178125,3.44944000244141
37.4211458333333,3.44938039779663
37.4244791666667,3.44932079315186
37.4278125,3.4492015838623
37.4311458333333,3.44914197921753
37.4344791666667,3.44902276992798
37.4378125,3.4489631652832
37.4411458333333,3.4489631652832
37.4444791666667,3.4489631652832
37.4478125,3.44908237457275
37.4511458333333,3.44926118850708
37.4544791666667,3.44961881637573
37.4578125,3.45003604888916
37.4611458333333,3.45057249069214
37.4644791666667,3.45122814178467
37.4678125,3.4518837928772
37.4711458333333,3.45265865325928
37.4744791666667,3.45343351364136
37.4778125,3.45420837402344
37.4811458333333,3.45492362976074
37.4844791666667,3.45569849014282
37.4878125,3.45641374588013
37.4911458333333,3.45712900161743
37.4944791666667,3.45790386199951
37.4978125,3.45867872238159
37.5011458333333,3.45951318740845
37.5044791666667,3.4603476524353
37.5078125,3.46118211746216
37.5111458333333,3.46201658248901
37.5144791666667,3.46291065216064
37.5178125,3.46380472183228
37.5211458333333,3.46469879150391
37.5244791666667,3.46565246582031
37.5278125,3.46660614013672
37.5311458333333,3.46750020980835
37.5344791666667,3.46845388412476
37.5378125,3.46934795379639
37.5411458333333,3.47018241882324
37.5444791666667,3.4710168838501
37.5478125,3.47179174423218
37.5511458333333,3.47256660461426
37.5544791666667,3.47328186035156
37.5578125,3.47411632537842
37.5611458333333,3.47501039505005
37.5644791666667,3.47596406936646
37.5678125,3.47709655761719
37.5711458333333,3.4782886505127
37.5744791666667,3.4797191619873
37.5778125,3.48126888275146
37.5811458333333,3.48305702209473
37.5844791666667,3.48496437072754
37.5878125,3.48711013793945
37.5911458333333,3.48943471908569
37.5944791666667,3.49205732345581
37.5978125,3.49503755569458
37.6011458333333,3.498375415802
37.6044791666667,3.50230932235718
37.6078125,3.50677967071533
37.6111458333333,3.51202487945557
37.6144791666667,3.51804494857788
37.6178125,3.52495908737183
37.6211458333333,3.53282690048218
37.6244791666667,3.54176759719849
37.6278125,3.5516619682312
37.6311458333333,3.56251001358032
37.6344791666667,3.57425212860107
37.6378125,3.58676910400391
37.6411458333333,3.59994173049927
37.6444791666667,3.61347198486328
37.6478125,3.6272406578064
37.6511458333333,3.64100933074951
37.6544791666667,3.65447998046875
37.6578125,3.66741418838501
37.6611458333333,3.67963314056396
37.6644791666667,3.69083881378174
37.6678125,3.700852394104
37.6711458333333,3.70961427688599
37.6744791666667,3.71688604354858
37.6778125,3.72260808944702
37.6811458333333,3.7267804145813
37.6844791666667,3.72928380966187
37.6878125,3.7301778793335
37.6911458333333,3.72952222824097
37.6944791666667,3.72731685638428
37.6978125,3.72374057769775
37.7011458333333,3.71885299682617
37.7044791666667,3.71277332305908
37.7078125,3.70562076568604
37.7111458333333,3.69757413864136
37.7144791666667,3.6887526512146
37.7178125,3.67939472198486
37.7211458333333,3.66950035095215
37.7244791666667,3.65930795669556
37.7278125,3.64893674850464
37.7311458333333,3.63850593566895
37.7344791666667,3.62813472747803
37.7378125,3.61794233322144
37.7411458333333,3.60798835754395
37.7444791666667,3.59845161437988
37.7478125,3.58927249908447
37.7511458333333,3.58057022094727
37.7544791666667,3.57240438461304
37.7578125,3.56477499008179
37.7611458333333,3.55768203735352
37.7644791666667,3.55112552642822
37.7678125,3.54516506195068
37.7711458333333,3.5398006439209
37.7744791666667,3.53503227233887
37.7778125,3.53080034255981
37.7811458333333,3.52722406387329
37.7844791666667,3.52418422698975
37.7878125,3.5216212272644
37.7911458333333,3.51959466934204
37.7944791666667,3.51792573928833
37.7978125,3.5165548324585
37.8011458333333,3.51554155349731
37.8044791666667,3.51470708847046
37.8078125,3.51411104202271
37.8111458333333,3.5136342048645
37.8144791666667,3.51333618164063
37.8178125,3.51327657699585
37.8211458333333,3.51333618164063
37.8244791666667,3.51369380950928
37.8278125,3.51423025131226
37.8311458333333,3.51506471633911
37.8344791666667,3.51619720458984
37.8378125,3.51762771606445
37.8411458333333,3.51941585540771
37.8444791666667,3.52156162261963
37.8478125,3.52418422698975
37.8511458333333,3.52716445922852
37.8544791666667,3.53056192398071
37.8578125,3.53443622589111
37.8611458333333,3.53878736495972
37.8644791666667,3.54355573654175
37.8678125,3.54868173599243
37.8711458333333,3.55422496795654
37.8744791666667,3.56006622314453
37.8778125,3.5662055015564
37.8811458333333,3.57240438461304
37.8844791666667,3.578782081604
37.8878125,3.58504056930542
37.8911458333333,3.59123945236206
37.8944791666667,3.5971999168396
37.8978125,3.60286235809326
37.9011458333333,3.60816717147827
37.9044791666667,3.61299514770508
37.9078125,3.61734628677368
37.9111458333333,3.62110137939453
37.9144791666667,3.6243200302124
37.9178125,3.62688302993774
37.9211458333333,3.62884998321533
37.9244791666667,3.63016128540039
37.9278125,3.63093614578247
37.9311458333333,3.63105535507202
37.9344791666667,3.63057851791382
37.9378125,3.62950563430786
37.9411458333333,3.62801551818848
37.9444791666667,3.62598896026611
37.9478125,3.62354516983032
37.9511458333333,3.62074375152588
37.9544791666667,3.61770391464233
37.9578125,3.61448526382446
37.9611458333333,3.61108779907227
37.9644791666667,3.60763072967529
37.9678125,3.6042332649231
37.9711458333333,3.6008358001709
37.9744791666667,3.59749794006348
37.9778125,3.59433889389038
37.9811458333333,3.59123945236206
37.9844791666667,3.58825922012329
37.9878125,3.58539819717407
37.9911458333333,3.58271598815918
37.9944791666667,3.58015298843384
37.9978125,3.57770919799805
38.0011458333333,3.57544422149658
38.0044791666667,3.57335805892944
38.0078125,3.57145071029663
38.0111458333333,3.56966257095337
38.0144791666667,3.56811285018921
38.0178125,3.56674194335938
38.0211458333333,3.56560945510864
38.0244791666667,3.56465578079224
38.0278125,3.56394052505493
38.0311458333333,3.56340408325195
38.0344791666667,3.5630464553833
38.0378125,3.56292724609375
38.0411458333333,3.56292724609375
38.0444791666667,3.56310606002808
38.0478125,3.56346368789673
38.0511458333333,3.56388092041016
38.0544791666667,3.56435775756836
38.0578125,3.56495380401611
38.0611458333333,3.56554985046387
38.0644791666667,3.56626510620117
38.0678125,3.56698036193848
38.0711458333333,3.56781482696533
38.0744791666667,3.56870889663696
38.0778125,3.56960296630859
38.0811458333333,3.57061624526978
38.0844791666667,3.57162952423096
38.0878125,3.57270240783691
38.0911458333333,3.57365608215332
38.0944791666667,3.57460975646973
38.0978125,3.57544422149658
38.1011458333333,3.57615947723389
38.1044791666667,3.57669591903687
38.1078125,3.57711315155029
38.1111458333333,3.57741117477417
38.1144791666667,3.57753038406372
38.1178125,3.5775899887085
38.1211458333333,3.5775899887085
38.1244791666667,3.57753038406372
38.1278125,3.57741117477417
38.1311458333333,3.57735157012939
38.1344791666667,3.57723236083984
38.1378125,3.57717275619507
38.1411458333333,3.57711315155029
38.1444791666667,3.57711315155029
38.1478125,3.57717275619507
38.1511458333333,3.57723236083984
38.1544791666667,3.57729196548462
38.1578125,3.57741117477417
38.1611458333333,3.57753038406372
38.1644791666667,3.57764959335327
38.1678125,3.5778284072876
38.1711458333333,3.57800722122192
38.1744791666667,3.57824563980103
38.1778125,3.57842445373535
38.1811458333333,3.57866287231445
38.1844791666667,3.57896089553833
38.1878125,3.57931852340698
38.1911458333333,3.57979536056519
38.1944791666667,3.58045101165771
38.1978125,3.58134508132935
38.2011458333333,3.58253717422485
38.2044791666667,3.58414649963379
38.2078125,3.58635187149048
38.2111458333333,3.58933210372925
38.2144791666667,3.5933256149292
38.2178125,3.59863042831421
38.2211458333333,3.60572338104248
38.2244791666667,3.61508131027222
38.2278125,3.62741947174072
38.2311458333333,3.64351272583008
38.2344791666667,3.66425514221191
38.2378125,3.69071960449219
38.2411458333333,3.72409820556641
38.2444791666667,3.76570224761963
38.2478125,3.81696224212646
38.2511458333333,3.87930870056152
38.2544791666667,3.95405292510986
38.2578125,4.04262542724609
38.2611458333333,4.14597988128662
38.2644791666667,4.26506996154785
38.2678125,4.40031290054321
38.2711458333333,4.55176830291748
38.2744791666667,4.71889972686768
38.2778125,4.90063428878784
38.2811458333333,5.09530305862427
38.2844791666667,5.30058145523071
38.2878125,5.51366806030273
38.2911458333333,5.73128461837769
38.2944791666667,5.94979524612427
38.2978125,6.16514682769775
38.3011458333333,6.37352466583252
38.3044791666667,6.57093524932861
38.3078125,6.75362348556519
38.3111458333333,6.91825151443481
38.3144791666667,7.06195831298828
38.3178125,7.18241930007935
38.3211458333333,7.27790594100952
38.3244791666667,7.34740495681763
38.3278125,7.39055871963501
38.3311458333333,7.40748643875122
38.3344791666667,7.39902257919312
38.3378125,7.36641883850098
38.3411458333333,7.31122493743896
38.3444791666667,7.23552703857422
38.3478125,7.14141130447388
38.3511458333333,7.03126192092896
38.3544791666667,6.90740346908569
38.3578125,6.77222013473511
38.3611458333333,6.62803649902344
38.3644791666667,6.47705793380737
38.3678125,6.32131099700928
38.3711458333333,6.16276264190674
38.3744791666667,6.00320100784302
38.3778125,5.84417581558228
38.3811458333333,5.6871771812439
38.3844791666667,5.53339719772339
38.3878125,5.38390874862671
38.3911458333333,5.23966550827026
38.3944791666667,5.10150194168091
38.3978125,4.9700140953064
38.4011458333333,4.84561920166016
38.4044791666667,4.72873449325562
38.4078125,4.61947917938232
38.4111458333333,4.51803207397461
38.4144791666667,4.42439317703247
38.4178125,4.33838367462158
38.4211458333333,4.25988435745239
38.4244791666667,4.1886568069458
38.4278125,4.12428379058838
38.4311458333333,4.06646728515625
38.4344791666667,4.01473045349121
38.4378125,3.96865606307983
38.4411458333333,3.92776727676392
38.4444791666667,3.8917064666748
38.4478125,3.85987758636475
38.4511458333333,3.83192300796509
38.4544791666667,3.80736589431763
38.4578125,3.78596782684326
38.4611458333333,3.76725196838379
38.4644791666667,3.75103950500488
38.4678125,3.73703241348267
38.4711458333333,3.72493267059326
38.4744791666667,3.71456146240234
38.4778125,3.70573997497559
38.4811458333333,3.69834899902344
38.4844791666667,3.69220972061157
38.4878125,3.68732213973999
38.4911458333333,3.68350744247437
38.4944791666667,3.68082523345947
38.4978125,3.67933511734009
38.5011458333333,3.67915630340576
38.5044791666667,3.68040800094604
38.5078125,3.68344783782959
38.5111458333333,3.68845462799072
38.5144791666667,3.69596481323242
38.5178125,3.70639562606812
38.5211458333333,3.72028350830078
38.5244791666667,3.73828411102295
38.5278125,3.76105308532715
38.5311458333333,3.78936529159546
38.5344791666667,3.82387638092041
38.5378125,3.86542081832886
38.5411458333333,3.91459465026855
38.5444791666667,3.97205352783203
38.5478125,4.03827428817749
38.5511458333333,4.11349534988403
38.5544791666667,4.19765710830688
38.5578125,4.29058074951172
38.5611458333333,4.39172983169556
38.5644791666667,4.50009107589722
38.5678125,4.61453199386597
38.5711458333333,4.73356246948242
38.5744791666667,4.85539436340332
38.5778125,4.97806072235107
38.5811458333333,5.09947538375854
38.5844791666667,5.21749258041382
38.5878125,5.32996654510498
38.5911458333333,5.43475151062012
38.5944791666667,5.52999973297119
38.5978125,5.61398267745972
38.6011458333333,5.68532943725586
38.6044791666667,5.74290752410889
38.6078125,5.78600168228149
38.6111458333333,5.81425428390503
38.6144791666667,5.82754611968994
38.6178125,5.82617521286011
38.6211458333333,5.81079721450806
38.6244791666667,5.78224658966064
38.6278125,5.74147701263428
38.6311458333333,5.68979978561401
38.6344791666667,5.62840700149536
38.6378125,5.55872917175293
38.6411458333333,5.48207759857178
38.6444791666667,5.39988279342651
38.6478125,5.31339645385742
38.6511458333333,5.22387027740479
38.6544791666667,5.13243675231934
38.6578125,5.04010915756226
38.6611458333333,4.94790077209473
38.6644791666667,4.8566460609436
38.6678125,4.76711988449097
38.6711458333333,4.68003749847412
38.6744791666667,4.59593534469604
38.6778125,4.51540946960449
38.6811458333333,4.43875789642334
38.6844791666667,4.36639785766602
38.6878125,4.29856777191162
38.6911458333333,4.23538684844971
38.6944791666667,4.17691469192505
38.6978125,4.12315130233765
38.7011458333333,4.07397747039795
38.7044791666667,4.02927398681641
38.7078125,3.98880243301392
38.7111458333333,3.9525032043457
38.7144791666667,3.92001867294312
38.7178125,3.89117002487183
38.7211458333333,3.86571884155273
38.7244791666667,3.84336709976196
38.7278125,3.82393598556519
38.7311458333333,3.80712747573853
38.7344791666667,3.79270315170288
38.7378125,3.78042459487915
38.7411458333333,3.77017259597778
38.7444791666667,3.76170873641968
38.7478125,3.75485420227051
38.7511458333333,3.7495493888855
38.7544791666667,3.7456750869751
38.7578125,3.74299287796021
38.7611458333333,3.74150276184082
38.7644791666667,3.74114513397217
38.7678125,3.74168157577515
38.7711458333333,3.74317169189453
38.7744791666667,3.745436668396
38.7778125,3.74841690063477
38.7811458333333,3.75205278396606
38.7844791666667,3.75628471374512
38.7878125,3.7611722946167
38.7911458333333,3.76665592193604
38.7944791666667,3.77273559570313
38.7978125,3.77935171127319
38.8011458333333,3.78656387329102
38.8044791666667,3.79431247711182
38.8078125,3.80265712738037
38.8111458333333,3.81147861480713
38.8144791666667,3.82077693939209
38.8178125,3.83055210113525
38.8211458333333,3.84068489074707
38.8244791666667,3.85123491287231
38.8278125,3.86214256286621
38.8311458333333,3.87328863143921
38.8344791666667,3.88461351394653
38.8378125,3.89605760574341
38.8411458333333,3.90762090682983
38.8444791666667,3.91906499862671
38.8478125,3.93044948577881
38.8511458333333,3.94159555435181
38.8544791666667,3.9525032043457
38.8578125,3.96299362182617
38.8611458333333,3.97306680679321
38.8644791666667,3.98260354995728
38.8678125,3.99148464202881
38.8711458333333,3.99976968765259
38.8744791666667,4.00727987289429
38.8778125,4.01407480239868
38.8811458333333,4.02003526687622
38.8844791666667,4.02510166168213
38.8878125,4.02933359146118
38.8911458333333,4.0326714515686
38.8944791666667,4.03505563735962
38.8978125,4.036545753479
38.9011458333333,4.03714179992676
38.9044791666667,4.03684377670288
38.9078125,4.0355920791626
38.9111458333333,4.03344631195068
38.9144791666667,4.03046607971191
38.9178125,4.02653217315674
38.9211458333333,4.02182340621948
38.9244791666667,4.01628017425537
38.9278125,4.01002168655396
38.9311458333333,4.00298833847046
38.9344791666667,3.99541854858398
38.9378125,3.98725271224976
38.9411458333333,3.9786696434021
38.9444791666667,3.96978855133057
38.9478125,3.96060943603516
38.9511458333333,3.9513111114502
38.9544791666667,3.94195318222046
38.9578125,3.93271446228027
38.9611458333333,3.92359495162964
38.9644791666667,3.91471385955811
38.9678125,3.90619039535522
38.9711458333333,3.89814376831055
38.9744791666667,3.89063358306885
38.9778125,3.88389825820923
38.9811458333333,3.87793779373169
38.9844791666667,3.87299060821533
38.9878125,3.86911630630493
38.9911458333333,3.86655330657959
38.9944791666667,3.86536121368408
38.9978125,3.86577844619751
39.0011458333333,3.86786460876465
39.0044791666667,3.87173891067505
39.0078125,3.87763977050781
39.0111458333333,3.88556718826294
39.0144791666667,3.89569997787476
39.0178125,3.90815734863281
39.0211458333333,3.92293930053711
39.0244791666667,3.94010543823242
39.0278125,3.95965576171875
39.0311458333333,3.98164987564087
39.0344791666667,4.00596857070923
39.0378125,4.03255224227905
39.0411458333333,4.06128168106079
39.0444791666667,4.09203767776489
39.0478125,4.12452220916748
39.0511458333333,4.158616065979
39.0544791666667,4.19396162033081
39.0578125,4.23038005828857
39.0611458333333,4.26745414733887
39.0644791666667,4.30494546890259
39.0678125,4.34243679046631
39.0711458333333,4.37957048416138
39.0744791666667,4.41586971282959
39.0778125,4.45103645324707
39.0811458333333,4.48459386825562
39.0844791666667,4.5161247253418
39.0878125,4.54533100128174
39.0911458333333,4.57179546356201
39.0944791666667,4.59522008895874
39.0978125,4.61530685424805
39.1011458333333,4.63187694549561
39.1044791666667,4.64475154876709
39.1078125,4.65387105941772
39.1111458333333,4.65923547744751
39.1144791666667,4.66084480285645
39.1178125,4.65881824493408
39.1211458333333,4.65327501296997
39.1244791666667,4.64445352554321
39.1278125,4.63253259658813
39.1311458333333,4.61781024932861
39.1344791666667,4.60058450698853
39.1378125,4.58121299743652
39.1411458333333,4.55993413925171
39.1444791666667,4.53710556030273
39.1478125,4.51302528381348
39.1511458333333,4.48811054229736
39.1544791666667,4.4625997543335
39.1578125,4.43685054779053
39.1611458333333,4.41110134124756
39.1644791666667,4.38559055328369
39.1678125,4.3606162071228
39.1711458333333,4.33635711669922
39.1744791666667,4.31299209594727
39.1778125,4.29069995880127
39.1811458333333,4.26959991455078
39.1844791666667,4.2499303817749
39.1878125,4.23181056976318
39.1911458333333,4.21535968780518
39.1944791666667,4.20069694519043
39.1978125,4.18788194656372
39.2011458333333,4.17709350585938
39.2044791666667,4.16833162307739
39.2078125,4.16171550750732
39.2111458333333,4.15724515914917
39.2144791666667,4.15492057800293
39.2178125,4.15462255477905
39.2211458333333,4.15641069412231
39.2244791666667,4.16010618209839
39.2278125,4.16553020477295
39.2311458333333,4.17262315750122
39.2344791666667,4.1811466217041
39.2378125,4.19086217880249
39.2411458333333,4.20165061950684
39.2444791666667,4.21309471130371
39.2478125,4.22507524490356
39.2511458333333,4.23717498779297
39.2544791666667,4.2492151260376
39.2578125,4.26089763641357
39.2611458333333,4.27192449569702
39.2644791666667,4.28205728530884
39.2678125,4.29099798202515
39.2711458333333,4.29868698120117
39.2744791666667,4.30494546890259
39.2778125,4.30953502655029
39.2811458333333,4.31257486343384
39.2844791666667,4.3138861656189
39.2878125,4.31352853775024
39.2911458333333,4.31150197982788
39.2944791666667,4.30792570114136
39.2978125,4.30285930633545
39.3011458333333,4.29636240005493
39.3044791666667,4.28861379623413
39.3078125,4.2797327041626
39.3111458333333,4.26983833312988
39.3144791666667,4.25904989242554
39.3178125,4.24754619598389
39.3211458333333,4.23544645309448
39.3244791666667,4.2228102684021
39.3278125,4.20987606048584
39.3311458333333,4.19670343399048
39.3344791666667,4.18335199356079
39.3378125,4.16994094848633
39.3411458333333,4.15647029876709
39.3444791666667,4.14299964904785
39.3478125,4.12958860397339
39.3511458333333,4.11617755889893
39.3544791666667,4.10294532775879
39.3578125,4.08971309661865
39.3611458333333,4.07665967941284
39.3644791666667,4.06366586685181
39.3678125,4.0508508682251
39.3711458333333,4.03815507888794
39.3744791666667,4.02557849884033
39.3778125,4.01318073272705
39.3811458333333,4.00102138519287
39.3844791666667,3.98904085159302
39.3878125,3.97735834121704
39.3911458333333,3.96597385406494
39.3944791666667,3.95482778549194
39.3978125,3.94409894943237
39.4011458333333,3.93372774124146
39.4044791666667,3.92371416091919
39.4078125,3.91417741775513
39.4111458333333,3.90511751174927
39.4144791666667,3.89647483825684
39.4178125,3.88824939727783
39.4211458333333,3.88056039810181
39.4244791666667,3.87322902679443
39.4278125,3.86637449264526
39.4311458333333,3.85993719100952
39.4344791666667,3.85391712188721
39.4378125,3.84825468063354
39.4411458333333,3.84294986724854
39.4444791666667,3.8379430770874
39.4478125,3.83329391479492
39.4511458333333,3.82894277572632
39.4544791666667,3.82488965988159
39.4578125,3.82107496261597
39.4611458333333,3.81755828857422
39.4644791666667,3.81433963775635
39.4678125,3.81141901016235
39.4711458333333,3.80873680114746
39.4744791666667,3.80629301071167
39.4778125,3.80408763885498
39.4811458333333,3.80212068557739
39.4844791666667,3.80033254623413
39.4878125,3.79878282546997
39.4911458333333,3.79741191864014
39.4944791666667,3.79621982574463
39.4978125,3.79520654678345
39.5011458333333,3.79431247711182
39.5044791666667,3.79359722137451
39.5078125,3.79294157028198
39.5111458333333,3.79246473312378
39.5144791666667,3.79198789596558
39.5178125,3.79163026809692
39.5211458333333,3.79133224487305
39.5244791666667,3.79109382629395
39.5278125,3.79091501235962
39.5311458333333,3.79073619842529
39.5344791666667,3.79067659378052
39.5378125,3.79061698913574
39.5411458333333,3.79061698913574
39.5444791666667,3.79061698913574
39.5478125,3.79061698913574
39.5511458333333,3.79067659378052
39.5544791666667,3.79073619842529
39.5578125,3.79079580307007
39.5611458333333,3.79085540771484
39.5644791666667,3.79091501235962
39.5678125,3.79109382629395
39.5711458333333,3.79127264022827
39.5744791666667,3.79151105880737
39.5778125,3.79180908203125
39.5811458333333,3.79210710525513
39.5844791666667,3.79246473312378
39.5878125,3.79288196563721
39.5911458333333,3.79329919815063
39.5944791666667,3.79377603530884
39.5978125,3.79431247711182
39.6011458333333,3.79484891891479
39.6044791666667,3.79538536071777
39.6078125,3.79592180252075
39.6111458333333,3.79645824432373
39.6144791666667,3.79699468612671
39.6178125,3.79741191864014
39.6211458333333,3.79776954650879
39.6244791666667,3.79800796508789
39.6278125,3.79818677902222
39.6311458333333,3.79818677902222
39.6344791666667,3.79812717437744
39.6378125,3.79794836044312
39.6411458333333,3.79776954650879
39.6444791666667,3.79747152328491
39.6478125,3.79723310470581
39.6511458333333,3.79693508148193
39.6544791666667,3.79669666290283
39.6578125,3.79651784896851
39.6611458333333,3.79639863967896
39.6644791666667,3.79633903503418
39.6678125,3.79639863967896
39.6711458333333,3.79651784896851
39.6744791666667,3.79663705825806
39.6778125,3.79687547683716
39.6811458333333,3.79705429077148
39.6844791666667,3.79729270935059
39.6878125,3.79747152328491
39.6911458333333,3.79765033721924
39.6944791666667,3.79776954650879
39.6978125,3.79788875579834
39.7011458333333,3.79800796508789
39.7044791666667,3.79818677902222
39.7078125,3.79842519760132
39.7111458333333,3.79878282546997
39.7144791666667,3.7992000579834
39.7178125,3.79979610443115
39.7211458333333,3.80051136016846
39.7244791666667,3.80134582519531
39.7278125,3.80229949951172
39.7311458333333,3.8033127784729
39.7344791666667,3.80438566207886
39.7378125,3.80551815032959
39.7411458333333,3.80665063858032
39.7444791666667,3.80778312683105
39.7478125,3.80885601043701
39.7511458333333,3.80992889404297
39.7544791666667,3.81094217300415
39.7578125,3.81189584732056
39.7611458333333,3.81278991699219
39.7644791666667,3.81356477737427
39.7678125,3.81433963775635
39.7711458333333,3.8149356842041
39.7744791666667,3.81553173065186
39.7778125,3.81606817245483
39.7811458333333,3.81654500961304
39.7844791666667,3.81702184677124
39.7878125,3.81749868392944
39.7911458333333,3.81797552108765
39.7944791666667,3.81845235824585
39.7978125,3.81898880004883
39.8011458333333,3.81952524185181
39.8044791666667,3.82012128829956
39.8078125,3.82071733474731
39.8111458333333,3.82125377655029
39.8144791666667,3.82184982299805
39.8178125,3.82238626480103
39.8211458333333,3.822922706604
39.8244791666667,3.82339954376221
39.8278125,3.82387638092041
39.8311458333333,3.82435321807861
39.8344791666667,3.82494926452637
39.8378125,3.8256049156189
39.8411458333333,3.82649898529053
39.8444791666667,3.82763147354126
39.8478125,3.82930040359497
39.8511458333333,3.83162498474121
39.8544791666667,3.83490324020386
39.8578125,3.83943319320679
39.8611458333333,3.84581089019775
39.8644791666667,3.85463237762451
39.8678125,3.86661291122437
39.8711458333333,3.88288497924805
39.8744791666667,3.90452146530151
39.8778125,3.93295288085938
39.8811458333333,3.96996736526489
39.8844791666667,4.0174126625061
39.8878125,4.07737493515015
39.8911458333333,4.15223836898804
39.8944791666667,4.24432754516602
39.8978125,4.35620546340942
39.9011458333333,4.49013710021973
39.9044791666667,4.64838743209839
39.9078125,4.832923412323
39.9111458333333,5.04511594772339
39.9144791666667,5.28579950332642
39.9178125,5.55515289306641
39.9211458333333,5.85252046585083
39.9244791666667,6.17611408233643
39.9278125,6.52337074279785
39.9311458333333,6.89071416854858
39.9344791666667,7.27355480194092
39.9378125,7.66658782958984
39.9411458333333,8.06373357772827
39.9444791666667,8.45849514007568
39.9478125,8.84413719177246
39.9511458333333,9.21380519866943
39.9544791666667,9.56082344055176
39.9578125,9.87923145294189
39.9611458333333,10.163426399231
39.9644791666667,10.4088187217712
39.9678125,10.6117129325867
39.9711458333333,10.7696056365967
39.9744791666667,10.8808875083923
39.9778125,10.9451413154602
39.9811458333333,10.962963104248
39.9844791666667,10.9357237815857
39.9878125,10.8657479286194
39.9911458333333,10.7558965682983
39.9944791666667,10.60950756073
39.9978125,10.4302763938904
40.0011458333333,10.2221965789795
40.0044791666667,9.98926162719727
40.0078125,9.73546504974365
40.0111458333333,9.4648003578186
40.0144791666667,9.18096303939819
40.0178125,8.8876485824585
40.0211458333333,8.58825445175171
40.0244791666667,8.28605890274048
40.0278125,7.98386335372925
40.0311458333333,7.68446922302246
40.0344791666667,7.39037990570068
40.0378125,7.10374116897583
40.0411458333333,6.82651996612549
40.0444791666667,6.56044483184814
40.0478125,6.30688667297363
40.0511458333333,6.06697797775269
40.0544791666667,5.84161281585693
40.0578125,5.63144683837891
40.0611458333333,5.43689727783203
40.0644791666667,5.25808334350586
40.0678125,5.09506464004517
40.0711458333333,4.9477219581604
40.0744791666667,4.81575727462769
40.0778125,4.69905138015747
40.0811458333333,4.59736585617065
40.0844791666667,4.51052188873291
40.0878125,4.43851947784424
40.0911458333333,4.38153743743896
40.0944791666667,4.33987379074097
40.0978125,4.31430339813232
40.1011458333333,4.30572032928467
40.1044791666667,4.31549549102783
40.1078125,4.34517860412598
40.1111458333333,4.39679622650146
40.1144791666667,4.47267293930054
40.1178125,4.57531213760376
40.1211458333333,4.70733642578125
40.1244791666667,4.87136840820313
40.1278125,5.06991147994995
40.1311458333333,5.30523061752319
40.1344791666667,5.57893514633179
40.1378125,5.89203834533691
40.1411458333333,6.24477863311768
40.1444791666667,6.63620233535767
40.1478125,7.0643424987793
40.1511458333333,7.52609968185425
40.1544791666667,8.01718235015869
40.1578125,8.53216648101807
40.1611458333333,9.06473398208618
40.1644791666667,9.60791110992432
40.1678125,10.1544260978699
40.1711458333333,10.6969475746155
40.1744791666667,11.2289786338806
40.1778125,11.7450952529907
40.1811458333333,12.2420191764832
40.1844791666667,12.7192735671997
40.1878125,13.1801962852478
40.1911458333333,13.6330127716064
40.1944791666667,14.0922069549561
40.1978125,14.5794153213501
40.2011458333333,15.1254534721375
40.2044791666667,15.7712697982788
40.2078125,16.5695548057556
40.2111458333333,17.5861716270447
40.2144791666667,18.9011693000793
40.2178125,20.6093788146973
40.2211458333333,22.8207111358643
40.2244791666667,25.6590247154236
40.2278125,29.2608141899109
40.2311458333333,33.7718725204468
40.2344791666667,39.343535900116
40.2378125,46.1266040802002
40.2411458333333,54.2649626731873
40.2444791666667,63.8877153396606
40.2478125,75.1004219055176
40.2511458333333,87.9764556884766
40.2544791666667,102.548658847809
40.2578125,118.801414966583
40.2611458333333,136.665225028992
40.2644791666667,156.012535095215
40.2678125,176.65684223175
40.2711458333333,198.354482650757
40.2744791666667,220.809638500214
40.2778125,243.682622909546
40.2811458333333,266.600370407104
40.2844791666667,289.169251918793
40.2878125,310.989379882813
40.2911458333333,331.669092178345
40.2944791666667,350.83943605423
40.2978125,368.166983127594
40.3011458333333,383.364737033844
40.3044791666667,396.200895309448
40.3078125,406.503736972809
40.3111458333333,414.1646027565
40.3144791666667,419.136762619019
40.3178125,421.432554721832
40.3211458333333,421.117842197418
40.3244791666667,418.305039405823
40.3278125,413.144946098328
40.3311458333333,405.81876039505
40.3344791666667,396.529495716095
40.3378125,385.494291782379
40.3411458333333,372.937977313995
40.3444791666667,359.086871147156
40.3478125,344.164252281189
40.3511458333333,328.386962413788
40.3544791666667,311.962604522705
40.3578125,295.08763551712
40.3611458333333,277.94623374939
40.3644791666667,260.709464550018
40.3678125,243.534743785858
40.3711458333333,226.565599441528
40.3744791666667,209.931254386902
40.3778125,193.746507167816
40.3811458333333,178.111732006073
40.3844791666667,163.112580776215
40.3878125,148.819923400879
40.3911458333333,135.290145874023
40.3944791666667,122.565269470215
40.3978125,110.673427581787
40.4011458333333,99.6295809745789
40.4044791666667,89.4362926483154
40.4078125,80.0847411155701
40.4111458333333,71.5560913085938
40.4144791666667,63.8227462768555
40.4178125,56.8496584892273
40.4211458333333,50.5961179733276
40.4244791666667,45.0170040130615
40.4278125,40.0641560554504
40.4311458333333,35.6878638267517
40.4344791666667,31.8379998207092
40.4378125,28.4649729728699
40.4411458333333,25.5206227302551
40.4444791666667,22.9591131210327
40.4478125,20.7371711730957
40.4511458333333,18.8146829605103
40.4544791666667,17.15487241745
40.4578125,15.7244801521301
40.4611458333333,14.493465423584
40.4644791666667,13.4353041648865
40.4678125,12.5265717506409
40.4711458333333,11.7467045783997
40.4744791666667,11.0779404640198
40.4778125,10.5049610137939
40.4811458333333,10.0144743919373
40.4844791666667,9.59521532058716
40.4878125,9.23740863800049
40.4911458333333,8.93282890319824
40.4944791666667,8.67438316345215
40.4978125,8.45605134963989
40.5011458333333,8.27252864837646
40.5044791666667,8.11940431594849
40.5078125,7.99268484115601
40.5111458333333,7.88909196853638
40.5144791666667,7.80558586120605
40.5178125,7.73954391479492
40.5211458333333,7.68852233886719
40.5244791666667,7.65049457550049
40.5278125,7.62355327606201
40.5311458333333,7.6059103012085
40.5344791666667,7.59607553482056
40.5378125,7.59255886077881
40.5411458333333,7.59416818618774
40.5444791666667,7.59965181350708
40.5478125,7.60799646377563
40.5511458333333,7.61818885803223
40.5544791666667,7.62939453125
40.5578125,7.64089822769165
40.5611458333333,7.65198469161987
40.5644791666667,7.66211748123169
40.5678125,7.6708197593689
40.5711458333333,7.67761468887329
40.5744791666667,7.68226385116577
40.5778125,7.68446922302246
40.5811458333333,7.68399238586426
40.5844791666667,7.68077373504639
40.5878125,7.6746940612793
40.5911458333333,7.66563415527344
40.5944791666667,7.65365362167358
40.5978125,7.63869285583496
40.6011458333333,7.62087106704712
40.6044791666667,7.60018825531006
40.6078125,7.57682323455811
40.6111458333333,7.55089521408081
40.6144791666667,7.52252340316772
40.6178125,7.49188661575317
40.6211458333333,7.45916366577148
40.6244791666667,7.42453336715698
40.6278125,7.38829374313354
40.6311458333333,7.35056400299072
40.6344791666667,7.31158256530762
40.6378125,7.27152824401855
40.6411458333333,7.23052024841309
40.6444791666667,7.18867778778076
40.6478125,7.14623928070068
40.6511458333333,7.10314512252808
40.6544791666667,7.05945491790771
40.6578125,7.01528787612915
40.6611458333333,6.97052478790283
40.6644791666667,6.92528486251831
40.6678125,6.87944889068604
40.6711458333333,6.83307647705078
40.6744791666667,6.78616762161255
40.6778125,6.73872232437134
40.6811458333333,6.69080018997192
40.6844791666667,6.64246082305908
40.6878125,6.59370422363281
40.6911458333333,6.54470920562744
40.6944791666667,6.49553537368774
40.6978125,6.4462423324585
40.7011458333333,6.39700889587402
40.7044791666667,6.34795427322388
40.7078125,6.29913806915283
40.7111458333333,6.25067949295044
40.7144791666667,6.20269775390625
40.7178125,6.15525245666504
40.7211458333333,6.10852241516113
40.7244791666667,6.06250762939453
40.7278125,6.01732730865479
40.7311458333333,5.97304105758667
40.7344791666667,5.92964887619019
40.7378125,5.88726997375488
40.7411458333333,5.84590435028076
40.7444791666667,5.8056116104126
40.7478125,5.76627254486084
40.7511458333333,5.72806596755981
40.7544791666667,5.69087266921997
40.7578125,5.65469264984131
40.7611458333333,5.6195855140686
40.7644791666667,5.58555126190186
40.7678125,5.55258989334106
40.7711458333333,5.52076101303101
40.7744791666667,5.4900050163269
40.7778125,5.46038150787354
40.7811458333333,5.4318904876709
40.7844791666667,5.40453195571899
40.7878125,5.3783655166626
40.7911458333333,5.35327196121216
40.7944791666667,5.32937049865723
40.7978125,5.30660152435303
40.8011458333333,5.28502464294434
40.8044791666667,5.26463985443115
40.8078125,5.2456259727478
40.8111458333333,5.22786378860474
40.8144791666667,5.2114725112915
40.8178125,5.19651174545288
40.8211458333333,5.18286228179932
40.8244791666667,5.17064332962036
40.8278125,5.15961647033691
40.8311458333333,5.14984130859375
40.8344791666667,5.14113903045654
40.8378125,5.13345003128052
40.8411458333333,5.12653589248657
40.8444791666667,5.12039661407471
40.8478125,5.11479377746582
40.8511458333333,5.10966777801514
40.8544791666667,5.10478019714355
40.8578125,5.10001182556152
40.8611458333333,5.09518384933472
40.8644791666667,5.09011745452881
40.8678125,5.08463382720947
40.8711458333333,5.07855415344238
40.8744791666667,5.07169961929321
40.8778125,5.06401062011719
40.8811458333333,5.05536794662476
40.8844791666667,5.04577159881592
40.8878125,5.0351619720459
40.8911458333333,5.02347946166992
40.8944791666667,5.01090288162231
40.8978125,4.99743223190308
40.9011458333333,4.98306751251221
40.9044791666667,4.96792793273926
40.9078125,4.95213270187378
40.9111458333333,4.93574142456055
40.9144791666667,4.91881370544434
40.9178125,4.90152835845947
40.9211458333333,4.88400459289551
40.9244791666667,4.86630201339722
40.9278125,4.84859943389893
40.9311458333333,4.83095645904541
40.9344791666667,4.81343269348145
40.9378125,4.79614734649658
40.9411458333333,4.7791600227356
40.9444791666667,4.76247072219849
40.9478125,4.74607944488525
40.9511458333333,4.73010540008545
40.9544791666667,4.71454858779907
40.9578125,4.6994686126709
40.9611458333333,4.68486547470093
40.9644791666667,4.67085838317871
40.9678125,4.65750694274902
40.9711458333333,4.64475154876709
40.9744791666667,4.63271141052246
40.9778125,4.62132692337036
40.9811458333333,4.61065769195557
40.9844791666667,4.60058450698853
40.9878125,4.59110736846924
40.9911458333333,4.58222627639771
40.9944791666667,4.57382202148438
40.9978125,4.56589460372925
41.0011458333333,4.55838441848755
41.0044791666667,4.55135107040405
41.0078125,4.54467535018921
41.0111458333333,4.53829765319824
41.0144791666667,4.53227758407593
41.0178125,4.52655553817749
41.0211458333333,4.52107191085815
41.0244791666667,4.51582670211792
41.0278125,4.51070070266724
41.0311458333333,4.50575351715088
41.0344791666667,4.50092554092407
41.0378125,4.49621677398682
41.0411458333333,4.49156761169434
41.0444791666667,4.48697805404663
41.0478125,4.48250770568848
41.0511458333333,4.47803735733032
41.0544791666667,4.47368621826172
41.0578125,4.46939468383789
41.0611458333333,4.46510314941406
41.0644791666667,4.46087121963501
41.0678125,4.45669889450073
41.0711458333333,4.45246696472168
41.0744791666667,4.44823503494263
41.0778125,4.44388389587402
41.0811458333333,4.43941354751587
41.0844791666667,4.43482398986816
41.0878125,4.43005561828613
41.0911458333333,4.42510843276978
41.0944791666667,4.41998243331909
41.0978125,4.41461801528931
41.1011458333333,4.4090747833252
41.1044791666667,4.40335273742676
41.1078125,4.39751148223877
41.1111458333333,4.39149141311646
41.1144791666667,4.38541173934937
41.1178125,4.37921285629272
41.1211458333333,4.37301397323608
41.1244791666667,4.36675548553467
41.1278125,4.36043739318848
41.1311458333333,4.35423851013184
41.1344791666667,4.34798002243042
41.1378125,4.34184074401855
41.1411458333333,4.33582067489624
41.1444791666667,4.32991981506348
41.1478125,4.32413816452026
41.1511458333333,4.3184757232666
41.1544791666667,4.31305170059204
41.1578125,4.30786609649658
41.1611458333333,4.30285930633545
41.1644791666667,4.29809093475342
41.1678125,4.29350137710571
41.1711458333333,4.28915023803711
41.1744791666667,4.28503751754761
41.1778125,4.28110361099243
41.1811458333333,4.27728891372681
41.1844791666667,4.27371263504028
41.1878125,4.27025556564331
41.1911458333333,4.26691770553589
41.1944791666667,4.26363945007324
41.1978125,4.26048040390015
41.2011458333333,4.25732135772705
41.2044791666667,4.25428152084351
41.2078125,4.25124168395996
41.2111458333333,4.24820184707642
41.2144791666667,4.24516201019287
41.2178125,4.24212217330933
41.2211458333333,4.23902273178101
41.2244791666667,4.23598289489746
41.2278125,4.23294305801392
41.2311458333333,4.22996282577515
41.2344791666667,4.22704219818115
41.2378125,4.22424077987671
41.2411458333333,4.22161817550659
41.2444791666667,4.21923398971558
41.2478125,4.21708822250366
41.2511458333333,4.21524047851563
41.2544791666667,4.21363115310669
41.2578125,4.21243906021118
41.2611458333333,4.21148538589478
41.2644791666667,4.2109489440918
41.2678125,4.2107105255127
41.2711458333333,4.21088933944702
41.2744791666667,4.21136617660522
41.2778125,4.2121410369873
41.2811458333333,4.21327352523804
41.2844791666667,4.21476364135742
41.2878125,4.21649217605591
41.2911458333333,4.2184591293335
41.2944791666667,4.22072410583496
41.2978125,4.22316789627075
41.3011458333333,4.22579050064087
41.3044791666667,4.22865152359009
41.3078125,4.23169136047363
41.3111458333333,4.23496961593628
41.3144791666667,4.23836708068848
41.3178125,4.24206256866455
41.3211458333333,4.24587726593018
41.3244791666667,4.24987077713013
41.3278125,4.25398349761963
41.3311458333333,4.25815582275391
41.3344791666667,4.26226854324341
41.3378125,4.26632165908813
41.3411458333333,4.27025556564331
41.3444791666667,4.27401065826416
41.3478125,4.27752733230591
41.3511458333333,4.28080558776855
41.3544791666667,4.28372621536255
41.3578125,4.28634881973267
41.3611458333333,4.28867340087891
41.3644791666667,4.29064035415649
41.3678125,4.29224967956543
41.3711458333333,4.29362058639526
41.3744791666667,4.294753074646
41.3778125,4.29558753967285
41.3811458333333,4.29618358612061
41.3844791666667,4.29654121398926
41.3878125,4.29677963256836
41.3911458333333,4.29677963256836
41.3944791666667,4.29654121398926
41.3978125,4.29612398147583
41.4011458333333,4.29552793502808
41.4044791666667,4.294753074646
41.4078125,4.29385900497437
41.4111458333333,4.29290533065796
41.4144791666667,4.29189205169678
41.4178125,4.29093837738037
41.4211458333333,4.29010391235352
41.4244791666667,4.28944826126099
41.4278125,4.28897142410278
41.4311458333333,4.28885221481323
41.4344791666667,4.28897142410278
41.4378125,4.28950786590576
41.4411458333333,4.29040193557739
41.4444791666667,4.29177284240723
41.4478125,4.29362058639526
41.4511458333333,4.29606437683105
41.4544791666667,4.29904460906982
41.4578125,4.30262088775635
41.4611458333333,4.30691242218018
41.4644791666667,4.31191921234131
41.4678125,4.31764125823975
41.4711458333333,4.32407855987549
41.4744791666667,4.33135032653809
41.4778125,4.33945655822754
41.4811458333333,4.34839725494385
41.4844791666667,4.35823202133179
41.4878125,4.36896085739136
41.4911458333333,4.38052415847778
41.4944791666667,4.39298152923584
41.4978125,4.40633296966553
41.5011458333333,4.42051887512207
41.5044791666667,4.43547964096069
41.5078125,4.4512152671814
41.5111458333333,4.46772575378418
41.5144791666667,4.48483228683472
41.5178125,4.50253486633301
41.5211458333333,4.5207142829895
41.5244791666667,4.5393705368042
41.5278125,4.558265209198
41.5311458333333,4.57733869552612
41.5344791666667,4.59635257720947
41.5378125,4.6151876449585
41.5411458333333,4.63372468948364
41.5444791666667,4.65172529220581
41.5478125,4.66901063919067
41.5511458333333,4.68540191650391
41.5544791666667,4.70072031021118
41.5578125,4.7147274017334
41.5611458333333,4.72724437713623
41.5644791666667,4.73815202713013
41.5678125,4.74733114242554
41.5711458333333,4.75466251373291
41.5744791666667,4.76008653640747
41.5778125,4.76348400115967
41.5811458333333,4.7648549079895
41.5844791666667,4.76425886154175
41.5878125,4.76169586181641
41.5911458333333,4.75722551345825
41.5944791666667,4.75096702575684
41.5978125,4.74286079406738
41.6011458333333,4.73314523696899
41.6044791666667,4.72182035446167
41.6078125,4.70918416976929
41.6111458333333,4.69523668289185
41.6144791666667,4.68021631240845
41.6178125,4.66430187225342
41.6211458333333,4.64773178100586
41.6244791666667,4.63056564331055
41.6278125,4.61316108703613
41.6311458333333,4.59551811218262
41.6344791666667,4.57799434661865
41.6378125,4.56064939498901
41.6411458333333,4.54366207122803
41.6444791666667,4.52715158462524
41.6478125,4.51129674911499
41.6511458333333,4.49615716934204
41.6544791666667,4.48185205459595
41.6578125,4.46850061416626
41.6611458333333,4.45610284805298
41.6644791666667,4.44477796554565
41.6678125,4.43452596664429
41.6711458333333,4.42534685134888
41.6744791666667,4.41718101501465
41.6778125,4.41008806228638
41.6811458333333,4.40394878387451
41.6844791666667,4.39882278442383
41.6878125,4.39453125
41.6911458333333,4.39101457595825
41.6944791666667,4.38821315765381
41.6978125,4.38606739044189
41.7011458333333,4.38445806503296
41.7044791666667,4.38320636749268
41.7078125,4.38231229782104
41.7111458333333,4.38153743743896
41.7144791666667,4.38082218170166
41.7178125,4.38010692596436
41.7211458333333,4.37933206558228
41.7244791666667,4.37837839126587
41.7278125,4.37724590301514
41.7311458333333,4.37593460083008
41.7344791666667,4.37432527542114
41.7378125,4.37247753143311
41.7411458333333,4.37045097351074
41.7444791666667,4.3681263923645
41.7478125,4.36556339263916
41.7511458333333,4.36276197433472
41.7544791666667,4.35972213745117
41.7578125,4.35638427734375
41.7611458333333,4.352867603302
41.7644791666667,4.34911251068115
41.7678125,4.34523820877075
41.7711458333333,4.34118509292603
41.7744791666667,4.33701276779175
41.7778125,4.33284044265747
41.7811458333333,4.32866811752319
41.7844791666667,4.32455539703369
41.7878125,4.32050228118896
41.7911458333333,4.31656837463379
41.7944791666667,4.31281328201294
41.7978125,4.30911779403687
41.8011458333333,4.30554151535034
41.8044791666667,4.30214405059814
41.8078125,4.29874658584595
41.8111458333333,4.2954683303833
41.8144791666667,4.29224967956543
41.8178125,4.28909063339233
41.8211458333333,4.28599119186401
41.8244791666667,4.28307056427002
41.8278125,4.2802095413208
41.8311458333333,4.27746772766113
41.8344791666667,4.27490472793579
41.8378125,4.27252054214478
41.8411458333333,4.27031517028809
41.8444791666667,4.26828861236572
41.8478125,4.26644086837769
41.8511458333333,4.26483154296875
41.8544791666667,4.26346063613892
41.8578125,4.26220893859863
41.8611458333333,4.26113605499268
41.8644791666667,4.26024198532104
41.8678125,4.25940752029419
41.8711458333333,4.25857305526733
41.8744791666667,4.25779819488525
41.8778125,4.25702333450317
41.8811458333333,4.25618886947632
41.8844791666667,4.25529479980469
41.8878125,4.25428152084351
41.8911458333333,4.25326824188232
41.8944791666667,4.25219535827637
41.8978125,4.25112247467041
41.9011458333333,4.25004959106445
41.9044791666667,4.2489767074585
41.9078125,4.24802303314209
41.9111458333333,4.24706935882568
41.9144791666667,4.24617528915405
41.9178125,4.24546003341675
41.9211458333333,4.24480438232422
41.9244791666667,4.24420833587646
41.9278125,4.24373149871826
41.9311458333333,4.24337387084961
41.9344791666667,4.24307584762573
41.9378125,4.24283742904663
41.9411458333333,4.24271821975708
41.9444791666667,4.24259901046753
41.9478125,4.24253940582275
41.9511458333333,4.24253940582275
41.9544791666667,4.24259901046753
41.9578125,4.24271821975708
41.9611458333333,4.24295663833618
41.9644791666667,4.24325466156006
41.9678125,4.24361228942871
41.9711458333333,4.24402952194214
41.9744791666667,4.24450635910034
41.9778125,4.2451024055481
41.9811458333333,4.24575805664063
41.9844791666667,4.24641370773315
41.9878125,4.24712896347046
41.9911458333333,4.24784421920776
41.9944791666667,4.24861907958984
41.9978125,4.24939393997192
42.0011458333333,4.25010919570923
42.0044791666667,4.25076484680176
42.0078125,4.25136089324951
42.0111458333333,4.25183773040771
42.0144791666667,4.25225496292114
42.0178125,4.25255298614502
42.0211458333333,4.2528510093689
42.0244791666667,4.253089427948
42.0278125,4.2533278465271
42.0311458333333,4.2535662651062
42.0344791666667,4.25386428833008
42.0378125,4.25422191619873
42.0411458333333,4.25457954406738
42.0444791666667,4.25499677658081
42.0478125,4.25541400909424
42.0511458333333,4.25577163696289
42.0544791666667,4.25606966018677
42.0578125,4.25630807876587
42.0611458333333,4.2564868927002
42.0644791666667,4.25654649734497
42.0678125,4.25654649734497
42.0711458333333,4.25642728805542
42.0744791666667,4.25618886947632
42.0778125,4.25589084625244
42.0811458333333,4.25547361373901
42.0844791666667,4.25505638122559
42.0878125,4.25463914871216
42.0911458333333,4.25410270690918
42.0944791666667,4.2535662651062
42.0978125,4.25302982330322
42.1011458333333,4.25249338150024
42.1044791666667,4.25207614898682
42.1078125,4.25165891647339
42.1111458333333,4.25136089324951
42.1144791666667,4.25112247467041
42.1178125,4.25100326538086
42.1211458333333,4.25100326538086
42.1244791666667,4.25112247467041
42.1278125,4.25130128860474
42.1311458333333,4.25159931182861
42.1344791666667,4.25195693969727
42.1378125,4.25237417221069
42.1411458333333,4.25273180007935
42.1444791666667,4.253089427948
42.1478125,4.25338745117188
42.1511458333333,4.25362586975098
42.1544791666667,4.2538046836853
42.1578125,4.25398349761963
42.1611458333333,4.2540431022644
42.1644791666667,4.25416231155396
42.1678125,4.25422191619873
42.1711458333333,4.25428152084351
42.1744791666667,4.25446033477783
42.1778125,4.25463914871216
42.1811458333333,4.25481796264648
42.1844791666667,4.25511598587036
42.1878125,4.25541400909424
42.1911458333333,4.25571203231812
42.1944791666667,4.25601005554199
42.1978125,4.25630807876587
42.2011458333333,4.25654649734497
42.2044791666667,4.2567253112793
42.2078125,4.25684452056885
42.2111458333333,4.25702333450317
42.2144791666667,4.25714254379272
42.2178125,4.25726175308228
42.2211458333333,4.25750017166138
42.2244791666667,4.25773859024048
42.2278125,4.25803661346436
42.2311458333333,4.25839424133301
42.2344791666667,4.25875186920166
42.2378125,4.25922870635986
42.2411458333333,4.25970554351807
42.2444791666667,4.26018238067627
42.2478125,4.26071882247925
42.2511458333333,4.26119565963745
42.2544791666667,4.26173210144043
42.2578125,4.26226854324341
42.2611458333333,4.26280498504639
42.2644791666667,4.26340103149414
42.2678125,4.26405668258667
42.2711458333333,4.2647123336792
42.2744791666667,4.2654275894165
42.2778125,4.26608324050903
42.2811458333333,4.26679849624634
42.2844791666667,4.26751375198364
42.2878125,4.2681097984314
42.2911458333333,4.26864624023438
42.2944791666667,4.2690634727478
42.2978125,4.26936149597168
42.3011458333333,4.26948070526123
42.3044791666667,4.26948070526123
42.3078125,4.26942110061646
42.3111458333333,4.26924228668213
42.3144791666667,4.26900386810303
42.3178125,4.26876544952393
42.3211458333333,4.26852703094482
42.3244791666667,4.26828861236572
42.3278125,4.2681097984314
42.3311458333333,4.26799058914185
42.3344791666667,4.26799058914185
42.3378125,4.2681097984314
42.3411458333333,4.26828861236572
42.3444791666667,4.26864624023438
42.3478125,4.26912307739258
42.3511458333333,4.26971912384033
42.3544791666667,4.27043437957764
42.3578125,4.27120923995972
42.3611458333333,4.27210330963135
42.3644791666667,4.27299737930298
42.3678125,4.27389144897461
42.3711458333333,4.27478551864624
42.3744791666667,4.2756199836731
42.3778125,4.27639484405518
42.3811458333333,4.27699089050293
42.3844791666667,4.27752733230591
42.3878125,4.27788496017456
42.3911458333333,4.27806377410889
42.3944791666667,4.27800416946411
42.3978125,4.27776575088501
42.4011458333333,4.27728891372681
42.4044791666667,4.2765736579895
42.4078125,4.2756199836731
42.4111458333333,4.27442789077759
42.4144791666667,4.27305698394775
42.4178125,4.27150726318359
42.4211458333333,4.26971912384033
42.4244791666667,4.26781177520752
42.4278125,4.26572561264038
42.4311458333333,4.26346063613892
42.4344791666667,4.26101684570313
42.4378125,4.25845384597778
42.4411458333333,4.25571203231812
42.4444791666667,4.25279140472412
42.4478125,4.24981117248535
42.4511458333333,4.24677133560181
42.4544791666667,4.24373149871826
42.4578125,4.24063205718994
42.4611458333333,4.2375922203064
42.4644791666667,4.23461198806763
42.4678125,4.23163175582886
42.4711458333333,4.22883033752441
42.4744791666667,4.22608852386475
42.4778125,4.2235255241394
42.4811458333333,4.22114133834839
42.4844791666667,4.2189359664917
42.4878125,4.21690940856934
42.4911458333333,4.21524047851563
42.4944791666667,4.21380996704102
42.4978125,4.21267747879028
42.5011458333333,4.21178340911865
42.5044791666667,4.21124696731567
42.5078125,4.21088933944702
42.5111458333333,4.21082973480225
42.5144791666667,4.21088933944702
42.5178125,4.2111873626709
42.5211458333333,4.2116641998291
42.5244791666667,4.21231985092163
42.5278125,4.21309471130371
42.5311458333333,4.21404838562012
42.5344791666667,4.21518087387085
42.5378125,4.21643257141113
42.5411458333333,4.21780347824097
42.5444791666667,4.21923398971558
42.5478125,4.22066450119019
42.5511458333333,4.22215461730957
42.5544791666667,4.2235255241394
42.5578125,4.22489643096924
42.5611458333333,4.22614812850952
42.5644791666667,4.22728061676025
42.5678125,4.22835350036621
42.5711458333333,4.22924757003784
42.5744791666667,4.2300820350647
42.5778125,4.23073768615723
42.5811458333333,4.23127412796021
42.5844791666667,4.23169136047363
42.5878125,4.23198938369751
42.5911458333333,4.23204898834229
42.5944791666667,4.23198938369751
42.5978125,4.23175096511841
42.6011458333333,4.23127412796021
42.6044791666667,4.23073768615723
42.6078125,4.2300820350647
42.6111458333333,4.22930717468262
42.6144791666667,4.22853231430054
42.6178125,4.22775745391846
42.6211458333333,4.22698259353638
42.6244791666667,4.2262077331543
42.6278125,4.22543287277222
42.6311458333333,4.22471761703491
42.6344791666667,4.22394275665283
42.6378125,4.22310829162598
42.6411458333333,4.22227382659912
42.6444791666667,4.22137975692749
42.6478125,4.22048568725586
42.6511458333333,4.21953201293945
42.6544791666667,4.21857833862305
42.6578125,4.21768426895142
42.6611458333333,4.21684980392456
42.6644791666667,4.21613454818726
42.6678125,4.21547889709473
42.6711458333333,4.21500205993652
42.6744791666667,4.2145848274231
42.6778125,4.21428680419922
42.6811458333333,4.21410799026489
42.6844791666667,4.21410799026489
42.6878125,4.21422719955444
42.6911458333333,4.21446561813354
42.6944791666667,4.21494245529175
42.6978125,4.2155385017395
42.7011458333333,4.21637296676636
42.7044791666667,4.21744585037231
42.7078125,4.2186975479126
42.7111458333333,4.22018766403198
42.7144791666667,4.22191619873047
42.7178125,4.22388315200806
42.7211458333333,4.22602891921997
42.7244791666667,4.22847270965576
42.7278125,4.2310357093811
42.7311458333333,4.23383712768555
42.7344791666667,4.23675775527954
42.7378125,4.23985719680786
42.7411458333333,4.24301624298096
42.7444791666667,4.24617528915405
42.7478125,4.24939393997192
42.7511458333333,4.25255298614502
42.7544791666667,4.25559282302856
42.7578125,4.25851345062256
42.7611458333333,4.26125526428223
42.7644791666667,4.26369905471802
42.7678125,4.26596403121948
42.7711458333333,4.26787137985229
42.7744791666667,4.26942110061646
42.7778125,4.27067279815674
42.7811458333333,4.27150726318359
42.7844791666667,4.2719841003418
42.7878125,4.27210330963135
42.7911458333333,4.27180528640747
42.7944791666667,4.27126884460449
42.7978125,4.27037477493286
42.8011458333333,4.2693018913269
42.8044791666667,4.26799058914185
42.8078125,4.26650047302246
42.8111458333333,4.26489114761353
42.8144791666667,4.26322221755981
42.8178125,4.26143407821655
42.8211458333333,4.25964593887329
42.8244791666667,4.25773859024048
42.8278125,4.25583124160767
42.8311458333333,4.25392389297485
42.8344791666667,4.25189733505249
42.8378125,4.2499303817749
42.8411458333333,4.24796342849731
42.8444791666667,4.24611568450928
42.8478125,4.24432754516602
42.8511458333333,4.24271821975708
42.8544791666667,4.24128770828247
42.8578125,4.24009561538696
42.8611458333333,4.23914194107056
42.8644791666667,4.23842668533325
42.8678125,4.23794984817505
42.8711458333333,4.23765182495117
42.8744791666667,4.23747301101685
42.8778125,4.23747301101685
42.8811458333333,4.23753261566162
42.8844791666667,4.23765182495117
42.8878125,4.23789024353027
42.8911458333333,4.23812866210938
42.8944791666667,4.23842668533325
42.8978125,4.2387843132019
42.9011458333333,4.23920154571533
42.9044791666667,4.23967838287354
42.9078125,4.24021482467651
42.9111458333333,4.24075126647949
42.9144791666667,4.24140691757202
42.9178125,4.24200296401978
42.9211458333333,4.2426586151123
42.9244791666667,4.24325466156006
42.9278125,4.24391031265259
42.9311458333333,4.24450635910034
42.9344791666667,4.2451024055481
42.9378125,4.24575805664063
42.9411458333333,4.24635410308838
42.9444791666667,4.24706935882568
42.9478125,4.24784421920776
42.9511458333333,4.24879789352417
42.9544791666667,4.24987077713013
42.9578125,4.25118207931519
42.9611458333333,4.25273180007935
42.9644791666667,4.25457954406738
42.9678125,4.2567253112793
42.9711458333333,4.25916910171509
42.9744791666667,4.26197052001953
42.9778125,4.26506996154785
42.9811458333333,4.26840782165527
42.9844791666667,4.27204370498657
42.9878125,4.2758584022522
42.9911458333333,4.27991151809692
42.9944791666667,4.2840838432312
42.9978125,4.28837537765503
43.0011458333333,4.29272651672363
43.0044791666667,4.29707765579224
43.0078125,4.30148839950562
43.0111458333333,4.30577993392944
43.0144791666667,4.30995225906372
43.0178125,4.31394577026367
43.0211458333333,4.31764125823975
43.0244791666667,4.32109832763672
43.0278125,4.32413816452026
43.0311458333333,4.32676076889038
43.0344791666667,4.32902574539185
43.0378125,4.33081388473511
43.0411458333333,4.33224439620972
43.0444791666667,4.3332576751709
43.0478125,4.33385372161865
43.0511458333333,4.33409214019775
43.0544791666667,4.33391332626343
43.0578125,4.33343648910522
43.0611458333333,4.33254241943359
43.0644791666667,4.33135032653809
43.0678125,4.32980060577393
43.0711458333333,4.32795286178589
43.0744791666667,4.32586669921875
43.0778125,4.32354211807251
43.0811458333333,4.32103872299194
43.0844791666667,4.3184757232666
43.0878125,4.31579351425171
43.0911458333333,4.31305170059204
43.0944791666667,4.31036949157715
43.0978125,4.30762767791748
43.1011458333333,4.30500507354736
43.1044791666667,4.30238246917725
43.1078125,4.29987907409668
43.1111458333333,4.29743528366089
43.1144791666667,4.29517030715942
43.1178125,4.29302453994751
43.1211458333333,4.29099798202515
43.1244791666667,4.28915023803711
43.1278125,4.28742170333862
43.1311458333333,4.28587198257446
43.1344791666667,4.28444147109985
43.1378125,4.28324937820435
43.1411458333333,4.28211688995361
43.1444791666667,4.28116321563721
43.1478125,4.28026914596558
43.1511458333333,4.27955389022827
43.1544791666667,4.27895784378052
43.1578125,4.27848100662231
43.1611458333333,4.27812337875366
43.1644791666667,4.27782535552979
43.1678125,4.27752733230591
43.1711458333333,4.27734851837158
43.1744791666667,4.27716970443726
43.1778125,4.27693128585815
43.1811458333333,4.27675247192383
43.1844791666667,4.2765736579895
43.1878125,4.27639484405518
43.1911458333333,4.27615642547607
43.1944791666667,4.27591800689697
43.1978125,4.27567958831787
43.2011458333333,4.27544116973877
43.2044791666667,4.27520275115967
43.2078125,4.27490472793579
43.2111458333333,4.27460670471191
43.2144791666667,4.27430868148804
43.2178125,4.27395105361938
43.2211458333333,4.27365303039551
43.2244791666667,4.27335500717163
43.2278125,4.27311658859253
43.2311458333333,4.27287817001343
43.2344791666667,4.27263975143433
43.2378125,4.2724609375
43.2411458333333,4.2722225189209
43.2444791666667,4.27204370498657
43.2478125,4.27180528640747
43.2511458333333,4.27150726318359
43.2544791666667,4.27120923995972
43.2578125,4.27079200744629
43.2611458333333,4.27043437957764
43.2644791666667,4.27001714706421
43.2678125,4.26959991455078
43.2711458333333,4.26918268203735
43.2744791666667,4.26888465881348
43.2778125,4.26864624023438
43.2811458333333,4.26846742630005
43.2844791666667,4.26846742630005
43.2878125,4.26864624023438
43.2911458333333,4.26900386810303
43.2944791666667,4.26959991455078
43.2978125,4.27043437957764
43.3011458333333,4.27150726318359
43.3044791666667,4.27287817001343
43.3078125,4.27454710006714
43.3111458333333,4.2765736579895
43.3144791666667,4.27889823913574
43.3178125,4.28158044815063
43.3211458333333,4.28467988967896
43.3244791666667,4.28813695907593
43.3278125,4.29195165634155
43.3311458333333,4.29624319076538
43.3344791666667,4.30089235305786
43.3378125,4.30589914321899
43.3411458333333,4.31132316589355
43.3444791666667,4.31710481643677
43.3478125,4.32318449020386
43.3511458333333,4.3296217918396
43.3544791666667,4.33629751205444
43.3578125,4.34333086013794
43.3611458333333,4.35060262680054
43.3644791666667,4.35811281204224
43.3678125,4.36586141586304
43.3711458333333,4.37378883361816
43.3744791666667,4.38183546066284
43.3778125,4.39000129699707
43.3811458333333,4.39828634262085
43.3844791666667,4.40651178359985
43.3878125,4.41467761993408
43.3911458333333,4.42272424697876
43.3944791666667,4.43059206008911
43.3978125,4.43828105926514
43.4011458333333,4.44567203521729
43.4044791666667,4.45270538330078
43.4078125,4.45938110351563
43.4111458333333,4.46563959121704
43.4144791666667,4.47148084640503
43.4178125,4.47678565979004
43.4211458333333,4.48155403137207
43.4244791666667,4.4858455657959
43.4278125,4.4894814491272
43.4311458333333,4.49258089065552
43.4344791666667,4.49502468109131
43.4378125,4.49687242507935
43.4411458333333,4.49806451797485
43.4444791666667,4.49860095977783
43.4478125,4.49848175048828
43.4511458333333,4.4977068901062
43.4544791666667,4.49633598327637
43.4578125,4.49436902999878
43.4611458333333,4.49186563491821
43.4644791666667,4.48882579803467
43.4678125,4.4853687286377
43.4711458333333,4.48155403137207
43.4744791666667,4.47738170623779
43.4778125,4.47285175323486
43.4811458333333,4.46808338165283
43.4844791666667,4.4630765914917
43.4878125,4.45789098739624
43.4911458333333,4.45246696472168
43.4944791666667,4.44698333740234
43.4978125,4.44132089614868
43.5011458333333,4.43553924560547
43.5044791666667,4.42975759506226
43.5078125,4.42397594451904
43.5111458333333,4.41825389862061
43.5144791666667,4.41259145736694
43.5178125,4.40698862075806
43.5211458333333,4.40162420272827
43.5244791666667,4.39637899398804
43.5278125,4.3913722038269
43.5311458333333,4.38660383224487
43.5344791666667,4.38207387924194
43.5378125,4.37784194946289
43.5411458333333,4.37390804290771
43.5444791666667,4.37021255493164
43.5478125,4.36675548553467
43.5511458333333,4.36359643936157
43.5544791666667,4.36067581176758
43.5578125,4.35793399810791
43.5611458333333,4.35537099838257
43.5644791666667,4.35292720794678
43.5678125,4.35066223144531
43.5711458333333,4.34845685958862
43.5744791666667,4.34643030166626
43.5778125,4.34446334838867
43.5811458333333,4.34261560440063
43.5844791666667,4.34088706970215
43.5878125,4.33927774429321
43.5911458333333,4.3378472328186
43.5944791666667,4.33659553527832
43.5978125,4.33546304702759
43.6011458333333,4.33456897735596
43.6044791666667,4.33385372161865
43.6078125,4.3332576751709
43.6111458333333,4.33284044265747
43.6144791666667,4.33248281478882
43.6178125,4.33212518692017
43.6211458333333,4.33188676834106
43.6244791666667,4.33164834976196
43.6278125,4.33140993118286
43.6311458333333,4.33117151260376
43.6344791666667,4.33093309402466
43.6378125,4.33069467544556
43.6411458333333,4.33051586151123
43.6444791666667,4.33039665222168
43.6478125,4.3303370475769
43.6511458333333,4.33027744293213
43.6544791666667,4.33021783828735
43.6578125,4.33015823364258
43.6611458333333,4.33015823364258
43.6644791666667,4.3300986289978
43.6678125,4.33003902435303
43.6711458333333,4.32991981506348
43.6744791666667,4.3298602104187
43.6778125,4.3298602104187
43.6811458333333,4.3298602104187
43.6844791666667,4.3298602104187
43.6878125,4.32997941970825
43.6911458333333,4.33015823364258
43.6944791666667,4.3303370475769
43.6978125,4.33057546615601
43.7011458333333,4.33081388473511
43.7044791666667,4.33111190795898
43.7078125,4.33135032653809
43.7111458333333,4.33158874511719
43.7144791666667,4.33188676834106
43.7178125,4.33218479156494
43.7211458333333,4.33254241943359
43.7244791666667,4.33295965194702
43.7278125,4.33337688446045
43.7311458333333,4.33391332626343
43.7344791666667,4.33439016342163
43.7378125,4.33498620986938
43.7411458333333,4.33552265167236
43.7444791666667,4.33605909347534
43.7478125,4.3366551399231
43.7511458333333,4.33719158172607
43.7544791666667,4.33766841888428
43.7578125,4.33814525604248
43.7611458333333,4.33862209320068
43.7644791666667,4.33903932571411
43.7678125,4.33939695358276
43.7711458333333,4.33969497680664
43.7744791666667,4.34005260467529
43.7778125,4.34035062789917
43.7811458333333,4.34070825576782
43.7844791666667,4.34112548828125
43.7878125,4.34160232543945
43.7911458333333,4.34225797653198
43.7944791666667,4.34291362762451
43.7978125,4.34368848800659
43.8011458333333,4.34452295303345
43.8044791666667,4.3453574180603
43.8078125,4.34619188308716
43.8111458333333,4.34696674346924
43.8144791666667,4.34762239456177
43.8178125,4.3482780456543
43.8211458333333,4.34887409210205
43.8244791666667,4.34941053390503
43.8278125,4.34994697570801
43.8311458333333,4.35054302215576
43.8344791666667,4.35113906860352
43.8378125,4.35185432434082
43.8411458333333,4.3526291847229
43.8444791666667,4.35352325439453
43.8478125,4.35441732406616
43.8511458333333,4.35543060302734
43.8544791666667,4.35644388198853
43.8578125,4.35745716094971
43.8611458333333,4.35858964920044
43.8644791666667,4.3596625328064
43.8678125,4.3608546257019
43.8711458333333,4.36204671859741
43.8744791666667,4.36341762542725
43.8778125,4.36484813690186
43.8811458333333,4.36639785766602
43.8844791666667,4.36806678771973
43.8878125,4.36985492706299
43.8911458333333,4.37170267105103
43.8944791666667,4.37372922897339
43.8978125,4.37581539154053
43.9011458333333,4.37802076339722
43.9044791666667,4.38028573989868
43.9078125,4.3826699256897
43.9111458333333,4.38517332077026
43.9144791666667,4.38767671585083
43.9178125,4.39035892486572
43.9211458333333,4.39304113388062
43.9244791666667,4.39584255218506
43.9278125,4.39870357513428
43.9311458333333,4.4015645980835
43.9344791666667,4.40442562103271
43.9378125,4.40722703933716
43.9411458333333,4.41008806228638
43.9444791666667,4.41282987594604
43.9478125,4.41551208496094
43.9511458333333,4.41807508468628
43.9544791666667,4.42057847976685
43.9578125,4.42296266555786
43.9611458333333,4.42522764205933
43.9644791666667,4.42731380462646
43.9678125,4.42934036254883
43.9711458333333,4.43118810653687
43.9744791666667,4.43297624588013
43.9778125,4.43470478057861
43.9811458333333,4.43631410598755
43.9844791666667,4.43792343139648
43.9878125,4.43941354751587
43.9911458333333,4.44084405899048
43.9944791666667,4.44221496582031
43.9978125,4.44352626800537
44.0011458333333,4.4446587562561
44.0044791666667,4.44579124450684
44.0078125,4.44674491882324
44.0111458333333,4.4475793838501
44.0144791666667,4.4482946395874
44.0178125,4.44895029067993
44.0211458333333,4.44948673248291
44.0244791666667,4.44996356964111
44.0278125,4.45038080215454
44.0311458333333,4.45079803466797
44.0344791666667,4.45109605789185
44.0378125,4.45139408111572
44.0411458333333,4.45157289505005
44.0444791666667,4.45175170898438
44.0478125,4.45181131362915
44.0511458333333,4.45181131362915
44.0544791666667,4.4516921043396
44.0578125,4.45151329040527
44.0611458333333,4.4512152671814
44.0644791666667,4.45085763931274
44.0678125,4.45044040679932
44.0711458333333,4.44996356964111
44.0744791666667,4.44936752319336
44.0778125,4.44877147674561
44.0811458333333,4.44817543029785
44.0844791666667,4.44751977920532
44.0878125,4.44686412811279
44.0911458333333,4.44620847702026
44.0944791666667,4.44561243057251
44.0978125,4.44495677947998
44.1011458333333,4.44436073303223
44.1044791666667,4.44376468658447
44.1078125,4.44316864013672
44.1111458333333,4.44263219833374
44.1144791666667,4.44209575653076
44.1178125,4.44155931472778
44.1211458333333,4.44108247756958
44.1244791666667,4.44066524505615
44.1278125,4.44024801254272
44.1311458333333,4.43994998931885
44.1344791666667,4.43965196609497
44.1378125,4.43947315216064
44.1411458333333,4.43941354751587
44.1444791666667,4.43947315216064
44.1478125,4.4395923614502
44.1511458333333,4.4398307800293
44.1544791666667,4.44018840789795
44.1578125,4.44066524505615
44.1611458333333,4.44126129150391
44.1644791666667,4.44191694259644
44.1678125,4.44269180297852
44.1711458333333,4.44364547729492
44.1744791666667,4.44459915161133
44.1778125,4.44567203521729
44.1811458333333,4.44680452346802
44.1844791666667,4.44793701171875
44.1878125,4.44906949996948
44.1911458333333,4.45020198822021
44.1944791666667,4.45133447647095
44.1978125,4.45234775543213
44.2011458333333,4.45342063903809
44.2044791666667,4.45443391799927
44.2078125,4.45538759231567
44.2111458333333,4.45634126663208
44.2144791666667,4.45729494094849
44.2178125,4.45824861526489
44.2211458333333,4.4592022895813
44.2244791666667,4.46009635925293
44.2278125,4.46099042892456
44.2311458333333,4.46170568466187
44.2344791666667,4.46236133575439
44.2378125,4.46295738220215
44.2411458333333,4.46337461471558
44.2444791666667,4.463791847229
44.2478125,4.46408987045288
44.2511458333333,4.46432828903198
44.2544791666667,4.46444749832153
44.2578125,4.46444749832153
44.2611458333333,4.46438789367676
44.2644791666667,4.46408987045288
44.2678125,4.46367263793945
44.2711458333333,4.4630765914917
44.2744791666667,4.46224212646484
44.2778125,4.46128845214844
44.2811458333333,4.46009635925293
44.2844791666667,4.45884466171265
44.2878125,4.45747375488281
44.2911458333333,4.45610284805298
44.2944791666667,4.45473194122314
44.2978125,4.45336103439331
44.3011458333333,4.45210933685303
44.3044791666667,4.45085763931274
44.3078125,4.44972515106201
44.3111458333333,4.44859266281128
44.3144791666667,4.44751977920532
44.3178125,4.44644689559937
44.3211458333333,4.44531440734863
44.3244791666667,4.4441819190979
44.3278125,4.44304943084717
44.3311458333333,4.44191694259644
44.3344791666667,4.4407844543457
44.3378125,4.43971157073975
44.3411458333333,4.43863868713379
44.3444791666667,4.43768501281738
44.3478125,4.43673133850098
44.3511458333333,4.43583726882935
44.3544791666667,4.43506240844727
44.3578125,4.43428754806519
44.3611458333333,4.43351268768311
44.3644791666667,4.43285703659058
44.3678125,4.43214178085327
44.3711458333333,4.43154573440552
44.3744791666667,4.43094968795776
44.3778125,4.43041324615479
44.3811458333333,4.42999601364136
44.3844791666667,4.42963838577271
44.3878125,4.42934036254883
44.3911458333333,4.4291615486145
44.3944791666667,4.42904233932495
44.3978125,4.42898273468018
44.4011458333333,4.42898273468018
44.4044791666667,4.42898273468018
44.4078125,4.42904233932495
44.4111458333333,4.42904233932495
44.4144791666667,4.42910194396973
44.4178125,4.42910194396973
44.4211458333333,4.4291615486145
44.4244791666667,4.42922115325928
44.4278125,4.42928075790405
44.4311458333333,4.4293999671936
44.4344791666667,4.42951917648315
44.4378125,4.42969799041748
44.4411458333333,4.42993640899658
44.4444791666667,4.43017482757568
44.4478125,4.43041324615479
44.4511458333333,4.43065166473389
44.4544791666667,4.43094968795776
44.4578125,4.43118810653687
44.4611458333333,4.43148612976074
44.4644791666667,4.43178415298462
44.4678125,4.43220138549805
44.4711458333333,4.43261861801147
44.4744791666667,4.43315505981445
44.4778125,4.43369150161743
44.4811458333333,4.43434715270996
44.4844791666667,4.43494319915771
44.4878125,4.43559885025024
44.4911458333333,4.436194896698
44.4944791666667,4.43673133850098
44.4978125,4.43720817565918
44.5011458333333,4.43762540817261
44.5044791666667,4.43798303604126
44.5078125,4.43834066390991
44.5111458333333,4.43869829177856
44.5144791666667,4.43911552429199
44.5178125,4.4395923614502
44.5211458333333,4.44000959396362
44.5244791666667,4.44048643112183
44.5278125,4.44084405899048
44.5311458333333,4.44114208221436
44.5344791666667,4.44138050079346
44.5378125,4.44149971008301
44.5411458333333,4.44149971008301
44.5444791666667,4.44144010543823
44.5478125,4.44126129150391
44.5511458333333,4.44114208221436
44.5544791666667,4.44096326828003
44.5578125,4.44084405899048
44.5611458333333,4.4407844543457
44.5644791666667,4.4407844543457
44.5678125,4.4407844543457
44.5711458333333,4.44090366363525
44.5744791666667,4.44096326828003
44.5778125,4.44108247756958
44.5811458333333,4.44126129150391
44.5844791666667,4.44138050079346
44.5878125,4.44149971008301
44.5911458333333,4.44161891937256
44.5944791666667,4.44167852401733
44.5978125,4.44173812866211
44.6011458333333,4.44179773330688
44.6044791666667,4.44179773330688
44.6078125,4.44173812866211
44.6111458333333,4.44167852401733
44.6144791666667,4.44161891937256
44.6178125,4.44155931472778
44.6211458333333,4.44144010543823
44.6244791666667,4.44144010543823
44.6278125,4.44138050079346
44.6311458333333,4.44138050079346
44.6344791666667,4.44144010543823
44.6378125,4.44149971008301
44.6411458333333,4.44155931472778
44.6444791666667,4.44167852401733
44.6478125,4.44173812866211
44.6511458333333,4.44191694259644
44.6544791666667,4.44209575653076
44.6578125,4.44233417510986
44.6611458333333,4.44263219833374
44.6644791666667,4.44304943084717
44.6678125,4.44358587265015
44.6711458333333,4.4441819190979
44.6744791666667,4.44495677947998
44.6778125,4.44579124450684
44.6811458333333,4.44674491882324
44.6844791666667,4.4478178024292
44.6878125,4.44889068603516
44.6911458333333,4.44996356964111
44.6944791666667,4.45109605789185
44.6978125,4.45228815078735
44.7011458333333,4.45353984832764
44.7044791666667,4.4548511505127
44.7078125,4.45622205734253
44.7111458333333,4.45771217346191
44.7144791666667,4.45932149887085
44.7178125,4.46099042892456
44.7211458333333,4.4628381729126
44.7244791666667,4.46468591690063
44.7278125,4.46659326553345
44.7311458333333,4.46850061416626
44.7344791666667,4.47040796279907
44.7378125,4.47219610214233
44.7411458333333,4.47392463684082
44.7444791666667,4.47559356689453
44.7478125,4.47708368301392
44.7511458333333,4.47851419448853
44.7544791666667,4.47976589202881
44.7578125,4.48089838027954
44.7611458333333,4.4819712638855
44.7644791666667,4.4829249382019
44.7678125,4.48369979858398
44.7711458333333,4.48441505432129
44.7744791666667,4.48507070541382
44.7778125,4.4856071472168
44.7811458333333,4.486083984375
44.7844791666667,4.48650121688843
44.7878125,4.48691844940186
44.7911458333333,4.48721647262573
44.7944791666667,4.48757410049438
44.7978125,4.48787212371826
44.8011458333333,4.48811054229736
44.8044791666667,4.48834896087646
44.8078125,4.48852777481079
44.8111458333333,4.48864698410034
44.8144791666667,4.48870658874512
44.8178125,4.48864698410034
44.8211458333333,4.48852777481079
44.8244791666667,4.48840856552124
44.8278125,4.48822975158691
44.8311458333333,4.48817014694214
44.8344791666667,4.48811054229736
44.8378125,4.48811054229736
44.8411458333333,4.48828935623169
44.8444791666667,4.48852777481079
44.8478125,4.48888540267944
44.8511458333333,4.48936223983765
44.8544791666667,4.48983907699585
44.8578125,4.4904351234436
44.8611458333333,4.49103116989136
44.8644791666667,4.49168682098389
44.8678125,4.49234247207642
44.8711458333333,4.49299812316895
44.8744791666667,4.49371337890625
44.8778125,4.49448823928833
44.8811458333333,4.49532270431519
44.8844791666667,4.49627637863159
44.8878125,4.497230052948
44.8911458333333,4.49824333190918
44.8944791666667,4.49931621551514
44.8978125,4.50038909912109
44.9011458333333,4.5015811920166
44.9044791666667,4.50271368026733
44.9078125,4.50390577316284
44.9111458333333,4.50509786605835
44.9144791666667,4.50628995895386
44.9178125,4.50748205184937
44.9211458333333,4.5086145401001
44.9244791666667,4.50974702835083
44.9278125,4.51087951660156
44.9311458333333,4.51189279556274
44.9344791666667,4.51278686523438
44.9378125,4.51362133026123
44.9411458333333,4.51433658599854
44.9444791666667,4.51493263244629
44.9478125,4.51540946960449
44.9511458333333,4.51582670211792
44.9544791666667,4.51606512069702
44.9578125,4.51624393463135
44.9611458333333,4.5163631439209
44.9644791666667,4.51642274856567
44.9678125,4.51642274856567
44.9711458333333,4.5163631439209
44.9744791666667,4.51624393463135
44.9778125,4.51618432998657
44.9811458333333,4.51606512069702
44.9844791666667,4.51594591140747
44.9878125,4.5158863067627
44.9911458333333,4.5158863067627
44.9944791666667,4.5158863067627
44.9978125,4.51594591140747
45.0011458333333,4.51606512069702
45.0044791666667,4.51630353927612
45.0078125,4.5166015625
45.0111458333333,4.51695919036865
45.0144791666667,4.5173168182373
45.0178125,4.51779365539551
45.0211458333333,4.51833009719849
45.0244791666667,4.51892614364624
45.0278125,4.51952219009399
45.0311458333333,4.52011823654175
45.0344791666667,4.52077388763428
45.0378125,4.52136993408203
45.0411458333333,4.52196598052979
45.0444791666667,4.52256202697754
45.0478125,4.52315807342529
45.0511458333333,4.52369451522827
45.0544791666667,4.52429056167603
45.0578125,4.524827003479
45.0611458333333,4.52536344528198
45.0644791666667,4.52589988708496
45.0678125,4.52649593353271
45.0711458333333,4.52703237533569
45.0744791666667,4.5275092124939
45.0778125,4.5279860496521
45.0811458333333,4.52840328216553
45.0844791666667,4.52882051467896
45.0878125,4.52917814254761
45.0911458333333,4.52947616577148
45.0944791666667,4.52983379364014
45.0978125,4.53013181686401
45.1011458333333,4.53048944473267
45.1044791666667,4.53084707260132
45.1078125,4.53120470046997
45.1111458333333,4.53156232833862
45.1144791666667,4.53191995620728
45.1178125,4.53227758407593
45.1211458333333,4.53251600265503
45.1244791666667,4.53275442123413
45.1278125,4.53287363052368
45.1311458333333,4.53299283981323
45.1344791666667,4.53305244445801
45.1378125,4.53311204910278
45.1411458333333,4.53317165374756
45.1444791666667,4.53323125839233
45.1478125,4.53329086303711
45.1511458333333,4.53335046768188
45.1544791666667,4.53335046768188
45.1578125,4.53341007232666
45.1611458333333,4.53341007232666
45.1644791666667,4.53346967697144
45.1678125,4.53346967697144
45.1711458333333,4.53352928161621
45.1744791666667,4.53364849090576
45.1778125,4.53376770019531
45.1811458333333,4.53394651412964
45.1844791666667,4.53424453735352
45.1878125,4.53460216522217
45.1911458333333,4.5350193977356
45.1944791666667,4.53555583953857
45.1978125,4.5362114906311
45.2011458333333,4.53710556030273
45.2044791666667,4.53823804855347
45.2078125,4.53972816467285
45.2111458333333,4.54163551330566
45.2144791666667,4.54425811767578
45.2178125,4.54771518707275
45.2211458333333,4.55242395401001
45.2244791666667,4.55868244171143
45.2278125,4.56702709197998
45.2311458333333,4.57823276519775
45.2344791666667,4.59307432174683
45.2378125,4.6125054359436
45.2411458333333,4.63783740997314
45.2444791666667,4.67050075531006
45.2478125,4.71198558807373
45.2511458333333,4.76419925689697
45.2544791666667,4.82910871505737
45.2578125,4.90880012512207
45.2611458333333,5.0055980682373
45.2644791666667,5.12164831161499
45.2678125,5.25909662246704
45.2711458333333,5.4200291633606
45.2744791666667,5.60611486434937
45.2778125,5.81866502761841
45.2811458333333,6.0584545135498
45.2844791666667,6.32560253143311
45.2878125,6.61945343017578
45.2911458333333,6.938636302948
45.2944791666667,7.28088617324829
45.2978125,7.64298439025879
45.3011458333333,8.02105665206909
45.3044791666667,8.41027498245239
45.3078125,8.80539417266846
45.3111458333333,9.20045375823975
45.3144791666667,9.58943367004395
45.3178125,9.96601581573486
45.3211458333333,10.3240609169006
45.3244791666667,10.6577277183533
45.3278125,10.9618306159973
45.3311458333333,11.2317204475403
45.3344791666667,11.4635825157166
45.3378125,11.6546154022217
45.3411458333333,11.8029713630676
45.3444791666667,11.9076371192932
45.3478125,11.9687914848328
45.3511458333333,11.9872689247131
45.3544791666667,11.9647979736328
45.3578125,11.9038224220276
45.3611458333333,11.8070840835571
45.3644791666667,11.6779208183289
45.3678125,11.5199089050293
45.3711458333333,11.336624622345
45.3744791666667,11.1318826675415
45.3778125,10.9091997146606
45.3811458333333,10.6721520423889
45.3844791666667,10.4240775108337
45.3878125,10.1680755615234
45.3911458333333,9.907066822052
45.3944791666667,9.64367389678955
45.3978125,9.38034057617188
45.4011458333333,9.11927223205566
45.4044791666667,8.86225700378418
45.4078125,8.61114263534546
45.4111458333333,8.36735963821411
45.4144791666667,8.13215970993042
45.4178125,7.90667533874512
45.4211458333333,7.69162178039551
45.4244791666667,7.48765468597412
45.4278125,7.29525089263916
45.4311458333333,7.11458921432495
45.4344791666667,6.94584846496582
45.4378125,6.78884983062744
45.4411458333333,6.64335489273071
45.4444791666667,6.50906562805176
45.4478125,6.38550519943237
45.4511458333333,6.27213716506958
45.4544791666667,6.16830587387085
45.4578125,6.07341527938843
45.4611458333333,5.98669052124023
45.4644791666667,5.90753555297852
45.4678125,5.83523511886597
45.4711458333333,5.76901435852051
45.4744791666667,5.70833683013916
45.4778125,5.65254688262939
45.4811458333333,5.60110807418823
45.4844791666667,5.55342435836792
45.4878125,5.5091381072998
45.4911458333333,5.46783208847046
45.4944791666667,5.42908906936646
45.4978125,5.39261102676392
45.5011458333333,5.35809993743896
45.5044791666667,5.3253173828125
45.5078125,5.29414415359497
45.5111458333333,5.2642822265625
45.5144791666667,5.23567199707031
45.5178125,5.20813465118408
45.5211458333333,5.18167018890381
45.5244791666667,5.15615940093994
45.5278125,5.13154268264771
45.5311458333333,5.1078200340271
45.5344791666667,5.08499145507813
45.5378125,5.06299734115601
45.5411458333333,5.04195690155029
45.5444791666667,5.02175092697144
45.5478125,5.00249862670898
45.5511458333333,4.98420000076294
45.5544791666667,4.96679544448853
45.5578125,4.95028495788574
45.5611458333333,4.93478775024414
45.5644791666667,4.92012500762939
45.5678125,4.90641593933105
45.5711458333333,4.89348173141479
45.5744791666667,4.88144159317017
45.5778125,4.87011671066284
45.5811458333333,4.85944747924805
45.5844791666667,4.84949350357056
45.5878125,4.84013557434082
45.5911458333333,4.83131408691406
45.5944791666667,4.82296943664551
45.5978125,4.81522083282471
45.6011458333333,4.80788946151733
45.6044791666667,4.80103492736816
45.6078125,4.7946572303772
45.6111458333333,4.78875637054443
45.6144791666667,4.78333234786987
45.6178125,4.77832555770874
45.6211458333333,4.77379560470581
45.6244791666667,4.76956367492676
45.6278125,4.76574897766113
45.6311458333333,4.76223230361938
45.6344791666667,4.75895404815674
45.6378125,4.75591421127319
45.6411458333333,4.75311279296875
45.6444791666667,4.75049018859863
45.6478125,4.74798679351807
45.6511458333333,4.74560260772705
45.6544791666667,4.74333763122559
45.6578125,4.74119186401367
45.6611458333333,4.73910570144653
45.6644791666667,4.73701953887939
45.6678125,4.73505258560181
45.6711458333333,4.73314523696899
45.6744791666667,4.73123788833618
45.6778125,4.72944974899292
45.6811458333333,4.72778081893921
45.6844791666667,4.72629070281982
45.6878125,4.72486019134521
45.6911458333333,4.72366809844971
45.6944791666667,4.72265481948853
45.6978125,4.72182035446167
45.7011458333333,4.72116470336914
45.7044791666667,4.72062826156616
45.7078125,4.72021102905273
45.7111458333333,4.71991300582886
45.7144791666667,4.71967458724976
45.7178125,4.71943616867065
45.7211458333333,4.71925735473633
45.7244791666667,4.71913814544678
45.7278125,4.71901893615723
45.7311458333333,4.71895933151245
45.7344791666667,4.71889972686768
45.7378125,4.71889972686768
45.7411458333333,4.71895933151245
45.7444791666667,4.719078540802
45.7478125,4.71913814544678
45.7511458333333,4.71925735473633
45.7544791666667,4.7193169593811
45.7578125,4.7193169593811
45.7611458333333,4.7193169593811
45.7644791666667,4.71925735473633
45.7678125,4.719078540802
45.7711458333333,4.71889972686768
45.7744791666667,4.71866130828857
45.7778125,4.71842288970947
45.7811458333333,4.7181248664856
45.7844791666667,4.71782684326172
45.7878125,4.71746921539307
45.7911458333333,4.71711158752441
45.7944791666667,4.71675395965576
45.7978125,4.71639633178711
45.8011458333333,4.71603870391846
45.8044791666667,4.71562147140503
45.8078125,4.7152042388916
45.8111458333333,4.71466779708862
45.8144791666667,4.71419095993042
45.8178125,4.71359491348267
45.8211458333333,4.71299886703491
45.8244791666667,4.71240282058716
45.8278125,4.71174716949463
45.8311458333333,4.7110915184021
45.8344791666667,4.71037626266479
45.8378125,4.70966100692749
45.8411458333333,4.70894575119019
45.8444791666667,4.70829010009766
45.8478125,4.70757484436035
45.8511458333333,4.70685958862305
45.8544791666667,4.70614433288574
45.8578125,4.70536947250366
45.8611458333333,4.70465421676636
45.8644791666667,4.70393896102905
45.8678125,4.70328330993652
45.8711458333333,4.70256805419922
45.8744791666667,4.70191240310669
45.8778125,4.70125675201416
45.8811458333333,4.70066070556641
45.8844791666667,4.70012426376343
45.8878125,4.69970703125
45.8911458333333,4.69928979873657
45.8944791666667,4.6989917755127
45.8978125,4.69875335693359
45.9011458333333,4.69857454299927
45.9044791666667,4.69845533370972
45.9078125,4.69833612442017
45.9111458333333,4.69833612442017
45.9144791666667,4.69833612442017
45.9178125,4.69833612442017
45.9211458333333,4.69839572906494
45.9244791666667,4.69845533370972
45.9278125,4.69851493835449
45.9311458333333,4.69851493835449
45.9344791666667,4.69857454299927
45.9378125,4.69863414764404
45.9411458333333,4.69863414764404
45.9444791666667,4.69869375228882
45.9478125,4.69869375228882
45.9511458333333,4.69869375228882
45.9544791666667,4.69881296157837
45.9578125,4.69893217086792
45.9611458333333,4.69911098480225
45.9644791666667,4.69934940338135
45.9678125,4.69970703125
45.9711458333333,4.70012426376343
45.9744791666667,4.70072031021118
45.9778125,4.70131635665894
45.9811458333333,4.70203161239624
45.9844791666667,4.70274686813354
45.9878125,4.70346212387085
45.9911458333333,4.70417737960815
45.9944791666667,4.70489263534546
45.9978125,4.70548868179321
46.0011458333333,4.70602512359619
46.0044791666667,4.70644235610962
46.0078125,4.70679998397827
46.0111458333333,4.70709800720215
46.0144791666667,4.70733642578125
46.0178125,4.70751523971558
46.0211458333333,4.70775365829468
46.0244791666667,4.70799207687378
46.0278125,4.70829010009766
46.0311458333333,4.70858812332153
46.0344791666667,4.70900535583496
46.0378125,4.70948219299316
46.0411458333333,4.71001863479614
46.0444791666667,4.71055507659912
46.0478125,4.7110915184021
46.0511458333333,4.7115683555603
46.0544791666667,4.71204519271851
46.0578125,4.71246242523193
46.0611458333333,4.71287965774536
46.0644791666667,4.71317768096924
46.0678125,4.71347570419312
46.0711458333333,4.71377372741699
46.0744791666667,4.71407175064087
46.0778125,4.71436977386475
46.0811458333333,4.71466779708862
46.0844791666667,4.71508502960205
46.0878125,4.71556186676025
46.0911458333333,4.71615791320801
46.0944791666667,4.71687316894531
46.0978125,4.71770763397217
46.1011458333333,4.71866130828857
46.1044791666667,4.71967458724976
46.1078125,4.72080707550049
46.1111458333333,4.72193956375122
46.1144791666667,4.72313165664673
46.1178125,4.72420454025269
46.1211458333333,4.72527742385864
46.1244791666667,4.72623109817505
46.1278125,4.72712516784668
46.1311458333333,4.72801923751831
46.1344791666667,4.72885370254517
46.1378125,4.72968816757202
46.1411458333333,4.73052263259888
46.1444791666667,4.73141670227051
46.1478125,4.73242998123169
46.1511458333333,4.73356246948242
46.1544791666667,4.73481416702271
46.1578125,4.73612546920776
46.1611458333333,4.73761558532715
46.1644791666667,4.73916530609131
46.1678125,4.74077463150024
46.1711458333333,4.74250316619873
46.1744791666667,4.74417209625244
46.1778125,4.74584102630615
46.1811458333333,4.74750995635986
46.1844791666667,4.74905967712402
46.1878125,4.75043058395386
46.1911458333333,4.75174188613892
46.1944791666667,4.75281476974487
46.1978125,4.75382804870605
46.2011458333333,4.75466251373291
46.2044791666667,4.75537776947021
46.2078125,4.75597381591797
46.2111458333333,4.75645065307617
46.2144791666667,4.7568678855896
46.2178125,4.75716590881348
46.2211458333333,4.75740432739258
46.2244791666667,4.7575831413269
46.2278125,4.75764274597168
46.2311458333333,4.75752353668213
46.2344791666667,4.75740432739258
46.2378125,4.7571063041687
46.2411458333333,4.75674867630005
46.2444791666667,4.75633144378662
46.2478125,4.75579500198364
46.2511458333333,4.75519895553589
46.2544791666667,4.75448369979858
46.2578125,4.75376844406128
46.2611458333333,4.7529935836792
46.2644791666667,4.75215911865234
46.2678125,4.75132465362549
46.2711458333333,4.75037097930908
46.2744791666667,4.74941730499268
46.2778125,4.74846363067627
46.2811458333333,4.74750995635986
46.2844791666667,4.74655628204346
46.2878125,4.74566221237183
46.2911458333333,4.74482774734497
46.2944791666667,4.74411249160767
46.2978125,4.74345684051514
46.3011458333333,4.74292039871216
46.3044791666667,4.74238395690918
46.3078125,4.74196672439575
46.3111458333333,4.74154949188232
46.3144791666667,4.7411322593689
46.3178125,4.74065542221069
46.3211458333333,4.74023818969727
46.3244791666667,4.73976135253906
46.3278125,4.73934412002563
46.3311458333333,4.73904609680176
46.3344791666667,4.73886728286743
46.3378125,4.73880767822266
46.3411458333333,4.73892688751221
46.3444791666667,4.73916530609131
46.3478125,4.73964214324951
46.3511458333333,4.74023818969727
46.3544791666667,4.74095344543457
46.3578125,4.74172830581665
46.3611458333333,4.74250316619873
46.3644791666667,4.74333763122559
46.3678125,4.74417209625244
46.3711458333333,4.7450065612793
46.3744791666667,4.74590063095093
46.3778125,4.74673509597778
46.3811458333333,4.74756956100464
46.3844791666667,4.74846363067627
46.3878125,4.7493577003479
46.3911458333333,4.75025177001953
46.3944791666667,4.75126504898071
46.3978125,4.75227832794189
46.4011458333333,4.75335121154785
46.4044791666667,4.75448369979858
46.4078125,4.75561618804932
46.4111458333333,4.75674867630005
46.4144791666667,4.75794076919556
46.4178125,4.75919246673584
46.4211458333333,4.76044416427612
46.4244791666667,4.76163625717163
46.4278125,4.76288795471191
46.4311458333333,4.76408004760742
46.4344791666667,4.76533174514771
46.4378125,4.76652383804321
46.4411458333333,4.76771593093872
46.4444791666667,4.76890802383423
46.4478125,4.77010011672974
46.4511458333333,4.77129220962524
46.4544791666667,4.77248430252075
46.4578125,4.77361679077148
46.4611458333333,4.77468967437744
46.4644791666667,4.77570295333862
46.4678125,4.77659702301025
46.4711458333333,4.77737188339233
46.4744791666667,4.77802753448486
46.4778125,4.77844476699829
46.4811458333333,4.77880239486694
46.4844791666667,4.77898120880127
46.4878125,4.77904081344604
46.4911458333333,4.77904081344604
46.4944791666667,4.77892160415649
46.4978125,4.77874279022217
46.5011458333333,4.77850437164307
46.5044791666667,4.77826595306396
46.5078125,4.77796792984009
46.5111458333333,4.77766990661621
46.5144791666667,4.77737188339233
46.5178125,4.77701425552368
46.5211458333333,4.77659702301025
46.5244791666667,4.7762393951416
46.5278125,4.7757625579834
46.5311458333333,4.77534532546997
46.5344791666667,4.77492809295654
46.5378125,4.77451086044312
46.5411458333333,4.77415323257446
46.5444791666667,4.77385520935059
46.5478125,4.77367639541626
46.5511458333333,4.77355718612671
46.5544791666667,4.77361679077148
46.5578125,4.77379560470581
46.5611458333333,4.77409362792969
46.5644791666667,4.77457046508789
46.5678125,4.77510690689087
46.5711458333333,4.7757625579834
46.5744791666667,4.7764778137207
46.5778125,4.77725267410278
46.5811458333333,4.77802753448486
46.5844791666667,4.77880239486694
46.5878125,4.7796368598938
46.5911458333333,4.78053092956543
46.5944791666667,4.78136539459229
46.5978125,4.78231906890869
46.6011458333333,4.78333234786987
46.6044791666667,4.78440523147583
46.6078125,4.78553771972656
46.6111458333333,4.78678941726685
46.6144791666667,4.7881007194519
46.6178125,4.78947162628174
46.6211458333333,4.79090213775635
46.6244791666667,4.79239225387573
46.6278125,4.79388236999512
46.6311458333333,4.7953724861145
46.6344791666667,4.79686260223389
46.6378125,4.7982931137085
46.6411458333333,4.79972362518311
46.6444791666667,4.80115413665771
46.6478125,4.80258464813232
46.6511458333333,4.80401515960693
46.6544791666667,4.80544567108154
46.6578125,4.80681657791138
46.6611458333333,4.80824708938599
46.6644791666667,4.80961799621582
46.6678125,4.8108696937561
46.6711458333333,4.81206178665161
46.6744791666667,4.81307506561279
46.6778125,4.81396913528442
46.6811458333333,4.8147439956665
46.6844791666667,4.81534004211426
46.6878125,4.81575727462769
46.6911458333333,4.81617450714111
46.6944791666667,4.81641292572021
46.6978125,4.81671094894409
46.7011458333333,4.81694936752319
46.7044791666667,4.81718778610229
46.7078125,4.81754541397095
46.7111458333333,4.8179030418396
46.7144791666667,4.81832027435303
46.7178125,4.81885671615601
46.7211458333333,4.81933355331421
46.7244791666667,4.81986999511719
46.7278125,4.82028722763062
46.7311458333333,4.82064485549927
46.7344791666667,4.82088327407837
46.7378125,4.82100248336792
46.7411458333333,4.82094287872314
46.7444791666667,4.82076406478882
46.7478125,4.82046604156494
46.7511458333333,4.82004880905151
46.7544791666667,4.81957197189331
46.7578125,4.81909513473511
46.7611458333333,4.81855869293213
46.7644791666667,4.81808185577393
46.7678125,4.81760501861572
46.7711458333333,4.81712818145752
46.7744791666667,4.81659173965454
46.7778125,4.81611490249634
46.7811458333333,4.81563806533813
46.7844791666667,4.81516122817993
46.7878125,4.81462478637695
46.7911458333333,4.81408834457397
46.7944791666667,4.81349229812622
46.7978125,4.81289625167847
46.8011458333333,4.81230020523071
46.8044791666667,4.81164455413818
46.8078125,4.81104850769043
46.8111458333333,4.81033325195313
46.8144791666667,4.8096776008606
46.8178125,4.80896234512329
46.8211458333333,4.80824708938599
46.8244791666667,4.80747222900391
46.8278125,4.80669736862183
46.8311458333333,4.80592250823975
46.8344791666667,4.80508804321289
46.8378125,4.80425357818604
46.8411458333333,4.8033595085144
46.8444791666667,4.80252504348755
46.8478125,4.80169057846069
46.8511458333333,4.80085611343384
46.8544791666667,4.80002164840698
46.8578125,4.7992467880249
46.8611458333333,4.7985315322876
46.8644791666667,4.79787588119507
46.8678125,4.79722023010254
46.8711458333333,4.79662418365479
46.8744791666667,4.79608774185181
46.8778125,4.79555130004883
46.8811458333333,4.7951340675354
46.8844791666667,4.79477643966675
46.8878125,4.79459762573242
46.8911458333333,4.79447841644287
46.8944791666667,4.79453802108765
46.8978125,4.79477643966675
46.9011458333333,4.79519367218018
46.9044791666667,4.79573011398315
46.9078125,4.79638576507568
46.9111458333333,4.79716062545776
46.9144791666667,4.79799509048462
46.9178125,4.79894876480103
46.9211458333333,4.79990243911743
46.9244791666667,4.80091571807861
46.9278125,4.80192899703979
46.9311458333333,4.80300188064575
46.9344791666667,4.80401515960693
46.9378125,4.80514764785767
46.9411458333333,4.8062801361084
46.9444791666667,4.80747222900391
46.9478125,4.80872392654419
46.9511458333333,4.81009483337402
46.9544791666667,4.81146574020386
46.9578125,4.81295585632324
46.9611458333333,4.8145055770874
46.9644791666667,4.81617450714111
46.9678125,4.81778383255005
46.9711458333333,4.81945276260376
46.9744791666667,4.82112169265747
46.9778125,4.82273101806641
46.9811458333333,4.82428073883057
46.9844791666667,4.82577085494995
46.9878125,4.82726097106934
46.9911458333333,4.82863187789917
46.9944791666667,4.82994318008423
46.9978125,4.83125448226929
47.0011458333333,4.83256578445435
47.0044791666667,4.8338770866394
47.0078125,4.83512878417969
47.0111458333333,4.83644008636475
47.0144791666667,4.83769178390503
47.0178125,4.83900308609009
47.0211458333333,4.8401951789856
47.0244791666667,4.8413872718811
47.0278125,4.84251976013184
47.0311458333333,4.84359264373779
47.0344791666667,4.84460592269897
47.0378125,4.84555959701538
47.0411458333333,4.84639406204224
47.0444791666667,4.84722852706909
47.0478125,4.84800338745117
47.0511458333333,4.84871864318848
47.0544791666667,4.84937429428101
47.0578125,4.84997034072876
47.0611458333333,4.85050678253174
47.0644791666667,4.85104322433472
47.0678125,4.85152006149292
47.0711458333333,4.85193729400635
47.0744791666667,4.85235452651978
47.0778125,4.8527717590332
47.0811458333333,4.85318899154663
47.0844791666667,4.85366582870483
47.0878125,4.85408306121826
47.0911458333333,4.85455989837646
47.0944791666667,4.85497713088989
47.0978125,4.8554539680481
47.1011458333333,4.8559308052063
47.1044791666667,4.8564076423645
47.1078125,4.85688447952271
47.1111458333333,4.85736131668091
47.1144791666667,4.85783815383911
47.1178125,4.85825538635254
47.1211458333333,4.85873222351074
47.1244791666667,4.85914945602417
47.1278125,4.85950708389282
47.1311458333333,4.85986471176147
47.1344791666667,4.86022233963013
47.1378125,4.860520362854
47.1411458333333,4.86075878143311
47.1444791666667,4.86099720001221
47.1478125,4.86123561859131
47.1511458333333,4.86141443252563
47.1544791666667,4.86153364181519
47.1578125,4.86165285110474
47.1611458333333,4.86177206039429
47.1644791666667,4.86189126968384
47.1678125,4.86195087432861
47.1711458333333,4.86195087432861
47.1744791666667,4.86201047897339
47.1778125,4.86207008361816
47.1811458333333,4.86212968826294
47.1844791666667,4.86218929290771
47.1878125,4.86224889755249
47.1911458333333,4.86224889755249
47.1944791666667,4.86224889755249
47.1978125,4.86224889755249
47.2011458333333,4.86224889755249
47.2044791666667,4.86218929290771
47.2078125,4.86207008361816
47.2111458333333,4.86201047897339
47.2144791666667,4.86189126968384
47.2178125,4.86183166503906
47.2211458333333,4.86183166503906
47.2244791666667,4.86183166503906
47.2278125,4.86183166503906
47.2311458333333,4.86183166503906
47.2344791666667,4.86189126968384
47.2378125,4.86189126968384
47.2411458333333,4.86195087432861
47.2444791666667,4.86195087432861
47.2478125,4.86207008361816
47.2511458333333,4.86218929290771
47.2544791666667,4.86242771148682
47.2578125,4.86272573471069
47.2611458333333,4.86308336257935
47.2644791666667,4.86356019973755
47.2678125,4.86409664154053
47.2711458333333,4.86469268798828
47.2744791666667,4.86528873443604
47.2778125,4.86588478088379
47.2811458333333,4.86660003662109
47.2844791666667,4.8673152923584
47.2878125,4.8680305480957
47.2911458333333,4.86880540847778
47.2944791666667,4.86969947814941
47.2978125,4.87065315246582
47.3011458333333,4.871666431427
47.3044791666667,4.87267971038818
47.3078125,4.87375259399414
47.3111458333333,4.87488508224487
47.3144791666667,4.87595796585083
47.3178125,4.87697124481201
47.3211458333333,4.87804412841797
47.3244791666667,4.87905740737915
47.3278125,4.88013029098511
47.3311458333333,4.88114356994629
47.3344791666667,4.88215684890747
47.3378125,4.88322973251343
47.3411458333333,4.88436222076416
47.3444791666667,4.88555431365967
47.3478125,4.88680601119995
47.3511458333333,4.88811731338501
47.3544791666667,4.88942861557007
47.3578125,4.8907995223999
47.3611458333333,4.89217042922974
47.3644791666667,4.89354133605957
47.3678125,4.89497184753418
47.3711458333333,4.89628314971924
47.3744791666667,4.8975944519043
47.3778125,4.89884614944458
47.3811458333333,4.90003824234009
47.3844791666667,4.90117073059082
47.3878125,4.90224361419678
47.3911458333333,4.90325689315796
47.3944791666667,4.90415096282959
47.3978125,4.90504503250122
47.4011458333333,4.9058198928833
47.4044791666667,4.90653514862061
47.4078125,4.90725040435791
47.4111458333333,4.90784645080566
47.4144791666667,4.90844249725342
47.4178125,4.9089789390564
47.4211458333333,4.9094557762146
47.4244791666667,4.90987300872803
47.4278125,4.91029024124146
47.4311458333333,4.91064786911011
47.4344791666667,4.91094589233398
47.4378125,4.91118431091309
47.4411458333333,4.91136312484741
47.4444791666667,4.91154193878174
47.4478125,4.91160154342651
47.4511458333333,4.91160154342651
47.4544791666667,4.91148233413696
47.4578125,4.91124391555786
47.4611458333333,4.91088628768921
47.4644791666667,4.91040945053101
47.4678125,4.90981340408325
47.4711458333333,4.90909814834595
47.4744791666667,4.90838289260864
47.4778125,4.90760803222656
47.4811458333333,4.90683317184448
47.4844791666667,4.90617752075195
47.4878125,4.90552186965942
47.4911458333333,4.90498542785645
47.4944791666667,4.90456819534302
47.4978125,4.90421056747437
47.5011458333333,4.90397214889526
47.5044791666667,4.90373373031616
47.5078125,4.90361452102661
47.5111458333333,4.90349531173706
47.5144791666667,4.90343570709229
47.5178125,4.90343570709229
47.5211458333333,4.90349531173706
47.5244791666667,4.90355491638184
47.5278125,4.90367412567139
47.5311458333333,4.90373373031616
47.5344791666667,4.90385293960571
47.5378125,4.90397214889526
47.5411458333333,4.90415096282959
47.5444791666667,4.90432977676392
47.5478125,4.90450859069824
47.5511458333333,4.90480661392212
47.5544791666667,4.90516424179077
47.5578125,4.9055814743042
47.5611458333333,4.90611791610718
47.5644791666667,4.90677356719971
47.5678125,4.90742921829224
47.5711458333333,4.90808486938477
47.5744791666667,4.90880012512207
47.5778125,4.9094557762146
47.5811458333333,4.91011142730713
47.5844791666667,4.91076707839966
47.5878125,4.91142272949219
47.5911458333333,4.91207838058472
47.5944791666667,4.9128532409668
47.5978125,4.91368770599365
47.6011458333333,4.91458177566528
47.6044791666667,4.91559505462646
47.6078125,4.91666793823242
47.6111458333333,4.91780042648315
47.6144791666667,4.91893291473389
47.6178125,4.92012500762939
47.6211458333333,4.92125749588013
47.6244791666667,4.92238998413086
47.6278125,4.92352247238159
47.6311458333333,4.92459535598755
47.6344791666667,4.92572784423828
47.6378125,4.92680072784424
47.6411458333333,4.9278736114502
47.6444791666667,4.92900609970093
47.6478125,4.93007898330688
47.6511458333333,4.93115186691284
47.6544791666667,4.9322247505188
47.6578125,4.93323802947998
47.6611458333333,4.93425130844116
47.6644791666667,4.93526458740234
47.6678125,4.93621826171875
47.6711458333333,4.93723154067993
47.6744791666667,4.93818521499634
47.6778125,4.93913888931274
47.6811458333333,4.94015216827393
47.6844791666667,4.94104623794556
47.6878125,4.94194030761719
47.6911458333333,4.94277477264404
47.6944791666667,4.94349002838135
47.6978125,4.9440860748291
47.7011458333333,4.94462251663208
47.7044791666667,4.94509935379028
47.7078125,4.94545698165894
47.7111458333333,4.94581460952759
47.7144791666667,4.94617223739624
47.7178125,4.94652986526489
47.7211458333333,4.94688749313354
47.7244791666667,4.94736433029175
47.7278125,4.94784116744995
47.7311458333333,4.94837760925293
47.7344791666667,4.94897365570068
47.7378125,4.94962930679321
47.7411458333333,4.95028495788574
47.7444791666667,4.95094060897827
47.7478125,4.95165586471558
47.7511458333333,4.95237112045288
47.7544791666667,4.95308637619019
47.7578125,4.95386123657227
47.7611458333333,4.95469570159912
47.7644791666667,4.95558977127075
47.7678125,4.95648384094238
47.7711458333333,4.95749711990356
47.7744791666667,4.95845079421997
47.7778125,4.95946407318115
47.7811458333333,4.96053695678711
47.7844791666667,4.96160984039307
47.7878125,4.96268272399902
47.7911458333333,4.96375560760498
47.7944791666667,4.96488809585571
47.7978125,4.96608018875122
47.8011458333333,4.96727228164673
47.8044791666667,4.96840476989746
47.8078125,4.96959686279297
47.8111458333333,4.97066974639893
47.8144791666667,4.97174263000488
47.8178125,4.97269630432129
47.8211458333333,4.97353076934814
47.8244791666667,4.97430562973022
47.8278125,4.97502088546753
47.8311458333333,4.97567653656006
47.8344791666667,4.97627258300781
47.8378125,4.97680902481079
47.8411458333333,4.97734546661377
47.8444791666667,4.97794151306152
47.8478125,4.9784779548645
47.8511458333333,4.97901439666748
47.8544791666667,4.97949123382568
47.8578125,4.97996807098389
47.8611458333333,4.98038530349731
47.8644791666667,4.98074293136597
47.8678125,4.98098134994507
47.8711458333333,4.98116016387939
47.8744791666667,4.98127937316895
47.8778125,4.98133897781372
47.8811458333333,4.98127937316895
47.8844791666667,4.98121976852417
47.8878125,4.98110055923462
47.8911458333333,4.98104095458984
47.8944791666667,4.98092174530029
47.8978125,4.98086214065552
47.9011458333333,4.98080253601074
47.9044791666667,4.98080253601074
47.9078125,4.98074293136597
47.9111458333333,4.98074293136597
47.9144791666667,4.98068332672119
47.9178125,4.98056411743164
47.9211458333333,4.98044490814209
47.9244791666667,4.98026609420776
47.9278125,4.98008728027344
47.9311458333333,4.97984886169434
47.9344791666667,4.97955083847046
47.9378125,4.97931241989136
47.9411458333333,4.97907400131226
47.9444791666667,4.97883558273315
47.9478125,4.9787163734436
47.9511458333333,4.97859716415405
47.9544791666667,4.97853755950928
47.9578125,4.97859716415405
47.9611458333333,4.9787163734436
47.9644791666667,4.97889518737793
47.9678125,4.97925281524658
47.9711458333333,4.97961044311523
47.9744791666667,4.98008728027344
47.9778125,4.98068332672119
47.9811458333333,4.98133897781372
47.9844791666667,4.98205423355103
47.9878125,4.98288869857788
47.9911458333333,4.98378276824951
47.9944791666667,4.98473644256592
47.9978125,4.9857497215271
48.0011458333333,4.98682260513306
48.0044791666667,4.98801469802856
48.0078125,4.98926639556885
48.0111458333333,4.99057769775391
48.0144791666667,4.99194860458374
48.0178125,4.99337911605835
48.0211458333333,4.99486923217773
48.0244791666667,4.99635934829712
48.0278125,4.99790906906128
48.0311458333333,4.99939918518066
48.0344791666667,5.00094890594482
48.0378125,5.00255823135376
48.0411458333333,5.00410795211792
48.0444791666667,5.00571727752686
48.0478125,5.00732660293579
48.0511458333333,5.00893592834473
48.0544791666667,5.01048564910889
48.0578125,5.01203536987305
48.0611458333333,5.01358509063721
48.0644791666667,5.01495599746704
48.0678125,5.0162672996521
48.0711458333333,5.01739978790283
48.0744791666667,5.01841306686401
48.0778125,5.01930713653564
48.0811458333333,5.02008199691772
48.0844791666667,5.02073764801025
48.0878125,5.02133369445801
48.0911458333333,5.02181053161621
48.0944791666667,5.02222776412964
48.0978125,5.02258539199829
48.1011458333333,5.02288341522217
48.1044791666667,5.02318143844604
48.1078125,5.02341985702515
48.1111458333333,5.02365827560425
48.1144791666667,5.02389669418335
48.1178125,5.02413511276245
48.1211458333333,5.02443313598633
48.1244791666667,5.02473115921021
48.1278125,5.02514839172363
48.1311458333333,5.02556562423706
48.1344791666667,5.02616167068481
48.1378125,5.02675771713257
48.1411458333333,5.02747297286987
48.1444791666667,5.02830743789673
48.1478125,5.02920150756836
48.1511458333333,5.03015518188477
48.1544791666667,5.03116846084595
48.1578125,5.03218173980713
48.1611458333333,5.03325462341309
48.1644791666667,5.03432750701904
48.1678125,5.035400390625
48.1711458333333,5.03653287887573
48.1744791666667,5.03760576248169
48.1778125,5.03873825073242
48.1811458333333,5.03987073898315
48.1844791666667,5.04106283187866
48.1878125,5.04225492477417
48.1911458333333,5.04344701766968
48.1944791666667,5.04469871520996
48.1978125,5.04589080810547
48.2011458333333,5.04708290100098
48.2044791666667,5.04821538925171
48.2078125,5.04928827285767
48.2111458333333,5.05024194717407
48.2144791666667,5.05107641220093
48.2178125,5.05185127258301
48.2211458333333,5.05256652832031
48.2244791666667,5.05316257476807
48.2278125,5.05369901657104
48.2311458333333,5.05423545837402
48.2344791666667,5.05471229553223
48.2378125,5.05518913269043
48.2411458333333,5.05566596984863
48.2444791666667,5.05614280700684
48.2478125,5.05661964416504
48.2511458333333,5.05709648132324
48.2544791666667,5.05757331848145
48.2578125,5.05799055099487
48.2611458333333,5.0584077835083
48.2644791666667,5.05870580673218
48.2678125,5.05894422531128
48.2711458333333,5.05918264389038
48.2744791666667,5.05930185317993
48.2778125,5.05942106246948
48.2811458333333,5.05954027175903
48.2844791666667,5.05965948104858
48.2878125,5.05983829498291
48.2911458333333,5.05995750427246
48.2944791666667,5.06013631820679
48.2978125,5.06031513214111
48.3011458333333,5.06049394607544
48.3044791666667,5.06061315536499
48.3078125,5.06073236465454
48.3111458333333,5.06079196929932
48.3144791666667,5.06085157394409
48.3178125,5.06085157394409
48.3211458333333,5.06085157394409
48.3244791666667,5.06091117858887
48.3278125,5.06103038787842
48.3311458333333,5.06120920181274
48.3344791666667,5.06150722503662
48.3378125,5.06192445755005
48.3411458333333,5.06246089935303
48.3444791666667,5.06311655044556
48.3478125,5.06383180618286
48.3511458333333,5.06466627120972
48.3544791666667,5.06561994552612
48.3578125,5.0666332244873
48.3611458333333,5.06764650344849
48.3644791666667,5.06877899169922
48.3678125,5.06997108459473
48.3711458333333,5.07122278213501
48.3744791666667,5.07253408432007
48.3778125,5.07378578186035
48.3811458333333,5.07509708404541
48.3844791666667,5.07634878158569
48.3878125,5.0775408744812
48.3911458333333,5.07867336273193
48.3944791666667,5.07974624633789
48.3978125,5.08075952529907
48.4011458333333,5.0816535949707
48.4044791666667,5.08248805999756
48.4078125,5.08332252502441
48.4111458333333,5.08403778076172
48.4144791666667,5.08475303649902
48.4178125,5.08546829223633
48.4211458333333,5.08618354797363
48.4244791666667,5.08689880371094
48.4278125,5.08755445480347
48.4311458333333,5.08826971054077
48.4344791666667,5.0889253616333
48.4378125,5.08964061737061
48.4411458333333,5.09035587310791
48.4444791666667,5.09101152420044
48.4478125,5.09172677993774
48.4511458333333,5.09238243103027
48.4544791666667,5.0930380821228
48.4578125,5.09363412857056
48.4611458333333,5.09411096572876
48.4644791666667,5.09446859359741
48.4678125,5.09470701217651
48.4711458333333,5.09482622146606
48.4744791666667,5.09482622146606
48.4778125,5.09470701217651
48.4811458333333,5.09446859359741
48.4844791666667,5.09423017501831
48.4878125,5.09399175643921
48.4911458333333,5.09375333786011
48.4944791666667,5.09351491928101
48.4978125,5.09339570999146
48.5011458333333,5.0932765007019
48.5044791666667,5.09321689605713
48.5078125,5.09315729141235
48.5111458333333,5.09309768676758
48.5144791666667,5.09297847747803
48.5178125,5.09285926818848
48.5211458333333,5.09268045425415
48.5244791666667,5.09250164031982
48.5278125,5.0923228263855
48.5311458333333,5.09220361709595
48.5344791666667,5.09220361709595
48.5378125,5.09226322174072
48.5411458333333,5.09244203567505
48.5444791666667,5.0927996635437
48.5478125,5.0932765007019
48.5511458333333,5.09381294250488
48.5544791666667,5.09452819824219
48.5578125,5.09530305862427
48.5611458333333,5.09613752365112
48.5644791666667,5.09703159332275
48.5678125,5.09798526763916
48.5711458333333,5.09893894195557
48.5744791666667,5.09989261627197
48.5778125,5.10090589523315
48.5811458333333,5.10191917419434
48.5844791666667,5.10287284851074
48.5878125,5.10388612747192
48.5911458333333,5.10483980178833
48.5944791666667,5.10579347610474
48.5978125,5.10674715042114
48.6011458333333,5.10764122009277
48.6044791666667,5.1085352897644
48.6078125,5.10936975479126
48.6111458333333,5.11020421981812
48.6144791666667,5.1109790802002
48.6178125,5.11175394058228
48.6211458333333,5.11246919631958
48.6244791666667,5.11306524276733
48.6278125,5.11366128921509
48.6311458333333,5.11413812637329
48.6344791666667,5.11455535888672
48.6378125,5.1148533821106
48.6411458333333,5.11515140533447
48.6444791666667,5.1153302192688
48.6478125,5.11550903320313
48.6511458333333,5.11562824249268
48.6544791666667,5.11574745178223
48.6578125,5.11592626571655
48.6611458333333,5.11616468429565
48.6644791666667,5.11640310287476
48.6678125,5.11676073074341
48.6711458333333,5.11717796325684
48.6744791666667,5.11765480041504
48.6778125,5.11819124221802
48.6811458333333,5.11878728866577
48.6844791666667,5.1194429397583
48.6878125,5.12003898620605
48.6911458333333,5.12069463729858
48.6944791666667,5.12129068374634
48.6978125,5.12188673019409
48.7011458333333,5.12254238128662
48.7044791666667,5.12319803237915
48.7078125,5.12391328811646
48.7111458333333,5.12456893920898
48.7144791666667,5.12528419494629
48.7178125,5.12599945068359
48.7211458333333,5.12677431106567
48.7244791666667,5.12748956680298
48.7278125,5.12814521789551
48.7311458333333,5.12886047363281
48.7344791666667,5.12945652008057
48.7378125,5.13005256652832
48.7411458333333,5.13064861297607
48.7444791666667,5.13112545013428
48.7478125,5.13160228729248
48.7511458333333,5.13207912445068
48.7544791666667,5.13249635696411
48.7578125,5.13297319412231
48.7611458333333,5.13345003128052
48.7644791666667,5.1339864730835
48.7678125,5.13458251953125
48.7711458333333,5.13529777526855
48.7744791666667,5.13613224029541
48.7778125,5.13708591461182
48.7811458333333,5.13803958892822
48.7844791666667,5.13911247253418
48.7878125,5.14018535614014
48.7911458333333,5.14131784439087
48.7944791666667,5.1424503326416
48.7978125,5.14358282089233
48.8011458333333,5.14477491378784
48.8044791666667,5.14590740203857
48.8078125,5.14715909957886
48.8111458333333,5.14835119247437
48.8144791666667,5.14966249465942
48.8178125,5.15103340148926
48.8211458333333,5.15240430831909
48.8244791666667,5.15377521514893
48.8278125,5.15514612197876
48.8311458333333,5.15651702880859
48.8344791666667,5.15788793563843
48.8378125,5.15913963317871
48.8411458333333,5.16039133071899
48.8444791666667,5.16152381896973
48.8478125,5.16259670257568
48.8511458333333,5.16355037689209
48.8544791666667,5.16444444656372
48.8578125,5.1652193069458
48.8611458333333,5.16599416732788
48.8644791666667,5.16664981842041
48.8678125,5.16730546951294
48.8711458333333,5.16790151596069
48.8744791666667,5.16849756240845
48.8778125,5.16903400421143
48.8811458333333,5.16963005065918
48.8844791666667,5.17016649246216
48.8878125,5.17064332962036
48.8911458333333,5.17112016677856
48.8944791666667,5.17159700393677
48.8978125,5.1720142364502
48.9011458333333,5.17237186431885
48.9044791666667,5.17284870147705
48.9078125,5.17326593399048
48.9111458333333,5.17380237579346
48.9144791666667,5.17433881759644
48.9178125,5.17499446868896
48.9211458333333,5.17565011978149
48.9244791666667,5.1763653755188
48.9278125,5.1770806312561
48.9311458333333,5.17779588699341
48.9344791666667,5.17851114273071
48.9378125,5.17910718917847
48.9411458333333,5.17970323562622
48.9444791666667,5.1802396774292
48.9478125,5.1807165145874
48.9511458333333,5.18113374710083
48.9544791666667,5.18149137496948
48.9578125,5.18184900283813
48.9611458333333,5.18214702606201
48.9644791666667,5.18250465393066
48.9678125,5.18280267715454
48.9711458333333,5.18316030502319
48.9744791666667,5.18351793289185
48.9778125,5.18393516540527
48.9811458333333,5.1843523979187
48.9844791666667,5.1848292350769
48.9878125,5.18530607223511
48.9911458333333,5.18584251403809
48.9944791666667,5.18637895584106
48.9978125,5.18697500228882
49.0011458333333,5.18757104873657
49.0044791666667,5.1882266998291
49.0078125,5.18894195556641
49.0111458333333,5.18965721130371
49.0144791666667,5.19043207168579
49.0178125,5.19126653671265
49.0211458333333,5.19216060638428
49.0244791666667,5.19305467605591
49.0278125,5.19394874572754
49.0311458333333,5.19484281539917
49.0344791666667,5.19567728042603
49.0378125,5.19657135009766
49.0411458333333,5.19740581512451
49.0444791666667,5.19824028015137
49.0478125,5.199134349823
49.0511458333333,5.2000880241394
49.0544791666667,5.20104169845581
49.0578125,5.20211458206177
49.0611458333333,5.20330667495728
49.0644791666667,5.20449876785278
49.0678125,5.20575046539307
49.0711458333333,5.20694255828857
49.0744791666667,5.20819425582886
49.0778125,5.20938634872437
49.0811458333333,5.21045923233032
49.0844791666667,5.21159172058105
49.0878125,5.21266460418701
49.0911458333333,5.21373748779297
49.0944791666667,5.21492958068848
49.0978125,5.21630048751831
49.1011458333333,5.2177906036377
49.1044791666667,5.21951913833618
49.1078125,5.22148609161377
49.1111458333333,5.22363185882568
49.1144791666667,5.22595643997192
49.1178125,5.22834062576294
49.1211458333333,5.23084402084351
49.1244791666667,5.2332878112793
49.1278125,5.23567199707031
49.1311458333333,5.23799657821655
49.1344791666667,5.24014234542847
49.1378125,5.24222850799561
49.1411458333333,5.24413585662842
49.1444791666667,5.24604320526123
49.1478125,5.24789094924927
49.1511458333333,5.24967908859253
49.1544791666667,5.25146722793579
49.1578125,5.25325536727905
49.1611458333333,5.25510311126709
49.1644791666667,5.25695085525513
49.1678125,5.25879859924316
49.1711458333333,5.2606463432312
49.1744791666667,5.26237487792969
49.1778125,5.26410341262817
49.1811458333333,5.26577234268188
49.1844791666667,5.26732206344604
49.1878125,5.26875257492065
49.1911458333333,5.27000427246094
49.1944791666667,5.27107715606689
49.1978125,5.2720308303833
49.2011458333333,5.27280569076538
49.2044791666667,5.27346134185791
49.2078125,5.27399778366089
49.2111458333333,5.27447462081909
49.2144791666667,5.27483224868774
49.2178125,5.27513027191162
49.2211458333333,5.27536869049072
49.2244791666667,5.27548789978027
49.2278125,5.27554750442505
49.2311458333333,5.27548789978027
49.2344791666667,5.27530908584595
49.2378125,5.27501106262207
49.2411458333333,5.27459383010864
49.2444791666667,5.27411699295044
49.2478125,5.27358055114746
49.2511458333333,5.27304410934448
49.2544791666667,5.27238845825195
49.2578125,5.2717924118042
49.2611458333333,5.27113676071167
49.2644791666667,5.27048110961914
49.2678125,5.26976585388184
49.2711458333333,5.26905059814453
49.2744791666667,5.26833534240723
49.2778125,5.26756048202515
49.2811458333333,5.26678562164307
49.2844791666667,5.26601076126099
49.2878125,5.26529550552368
49.2911458333333,5.26458024978638
49.2944791666667,5.26392459869385
49.2978125,5.26332855224609
49.3011458333333,5.26279211044312
49.3044791666667,5.26225566864014
49.3078125,5.26171922683716
49.3111458333333,5.26118278503418
49.3144791666667,5.2606463432312
49.3178125,5.26010990142822
49.3211458333333,5.25963306427002
49.3244791666667,5.25915622711182
49.3278125,5.25867938995361
49.3311458333333,5.25832176208496
49.3344791666667,5.25802373886108
49.3378125,5.25784492492676
49.3411458333333,5.25772571563721
49.3444791666667,5.25772571563721
49.3478125,5.25784492492676
49.3511458333333,5.25802373886108
49.3544791666667,5.25826215744019
49.3578125,5.25861978530884
49.3611458333333,5.25897741317749
49.3644791666667,5.25933504104614
49.3678125,5.25981187820435
49.3711458333333,5.26022911071777
49.3744791666667,5.2606463432312
49.3778125,5.26106357574463
49.3811458333333,5.26142120361328
49.3844791666667,5.26183843612671
49.3878125,5.26225566864014
49.3911458333333,5.26261329650879
49.3944791666667,5.26303052902222
49.3978125,5.26344776153564
49.4011458333333,5.26386499404907
49.4044791666667,5.2642822265625
49.4078125,5.26469945907593
49.4111458333333,5.26511669158936
49.4144791666667,5.26547431945801
49.4178125,5.26577234268188
49.4211458333333,5.26607036590576
49.4244791666667,5.26630878448486
49.4278125,5.26648759841919
49.4311458333333,5.26660680770874
49.4344791666667,5.26672601699829
49.4378125,5.26684522628784
49.4411458333333,5.26696443557739
49.4444791666667,5.26714324951172
49.4478125,5.26732206344604
49.4511458333333,5.26750087738037
49.4544791666667,5.26779890060425
49.4578125,5.2681565284729
49.4611458333333,5.26857376098633
49.4644791666667,5.26911020278931
49.4678125,5.26976585388184
49.4711458333333,5.27048110961914
49.4744791666667,5.271315574646
49.4778125,5.27220964431763
49.4811458333333,5.27322292327881
49.4844791666667,5.27423620223999
49.4878125,5.27530908584595
49.4911458333333,5.27632236480713
49.4944791666667,5.27739524841309
49.4978125,5.27840852737427
49.5011458333333,5.27936220169067
49.5044791666667,5.28031587600708
49.5078125,5.28126955032349
49.5111458333333,5.28228282928467
49.5144791666667,5.28329610824585
49.5178125,5.28436899185181
49.5211458333333,5.28544187545776
49.5244791666667,5.28663396835327
49.5278125,5.28794527053833
49.5311458333333,5.28925657272339
49.5344791666667,5.29062747955322
49.5378125,5.29211759567261
49.5411458333333,5.29360771179199
49.5444791666667,5.29521703720093
49.5478125,5.29676675796509
49.5511458333333,5.2984356880188
49.5544791666667,5.30010461807251
49.5578125,5.301833152771
49.5611458333333,5.30350208282471
49.5644791666667,5.30523061752319
49.5678125,5.3068995475769
49.5711458333333,5.30856847763062
49.5744791666667,5.31017780303955
49.5778125,5.31172752380371
49.5811458333333,5.3132176399231
49.5844791666667,5.31464815139771
49.5878125,5.31607866287231
49.5911458333333,5.31744956970215
49.5944791666667,5.31882047653198
49.5978125,5.32019138336182
49.6011458333333,5.32150268554688
49.6044791666667,5.32281398773193
49.6078125,5.32406568527222
49.6111458333333,5.32525777816772
49.6144791666667,5.32627105712891
49.6178125,5.32716512680054
49.6211458333333,5.32788038253784
49.6244791666667,5.32841682434082
49.6278125,5.32877445220947
49.6311458333333,5.32901287078857
49.6344791666667,5.32907247543335
49.6378125,5.32907247543335
49.6411458333333,5.3289532661438
49.6444791666667,5.32883405685425
49.6478125,5.3287148475647
49.6511458333333,5.32859563827515
49.6544791666667,5.32853603363037
49.6578125,5.3284764289856
49.6611458333333,5.32841682434082
49.6644791666667,5.32841682434082
49.6678125,5.32841682434082
49.6711458333333,5.32841682434082
49.6744791666667,5.32835721969604
49.6778125,5.32835721969604
49.6811458333333,5.32823801040649
49.6844791666667,5.32811880111694
49.6878125,5.32799959182739
49.6911458333333,5.32788038253784
49.6944791666667,5.32776117324829
49.6978125,5.32770156860352
49.7011458333333,5.32770156860352
49.7044791666667,5.32776117324829
49.7078125,5.32793998718262
49.7111458333333,5.32811880111694
49.7144791666667,5.32841682434082
49.7178125,5.32865524291992
49.7211458333333,5.3289532661438
49.7244791666667,5.32925128936768
49.7278125,5.329430103302
49.7311458333333,5.3296685218811
49.7344791666667,5.32978773117065
49.7378125,5.32996654510498
49.7411458333333,5.33014535903931
49.7444791666667,5.33038377761841
49.7478125,5.33068180084229
49.7511458333333,5.33103942871094
49.7544791666667,5.33151626586914
49.7578125,5.33199310302734
49.7611458333333,5.33252954483032
49.7644791666667,5.33312559127808
49.7678125,5.33366203308105
49.7711458333333,5.33419847488403
49.7744791666667,5.33461570739746
49.7778125,5.33503293991089
49.7811458333333,5.33545017242432
49.7844791666667,5.33574819564819
49.7878125,5.33610582351685
49.7911458333333,5.33640384674072
49.7944791666667,5.33676147460938
49.7978125,5.33711910247803
49.8011458333333,5.33747673034668
49.8044791666667,5.33789396286011
49.8078125,5.33831119537354
49.8111458333333,5.33872842788696
49.8144791666667,5.33908605575562
49.8178125,5.33944368362427
49.8211458333333,5.33974170684814
49.8244791666667,5.34003973007202
49.8278125,5.34027814865112
49.8311458333333,5.34051656723022
49.8344791666667,5.34075498580933
49.8378125,5.34111261367798
49.8411458333333,5.34158945083618
49.8444791666667,5.34212589263916
49.8478125,5.34284114837646
49.8511458333333,5.34367561340332
49.8544791666667,5.34462928771973
49.8578125,5.34570217132568
49.8611458333333,5.34683465957642
49.8644791666667,5.34796714782715
49.8678125,5.34915924072266
49.8711458333333,5.35029172897339
49.8744791666667,5.35142421722412
49.8778125,5.3524374961853
49.8811458333333,5.35345077514648
49.8844791666667,5.35446405410767
49.8878125,5.35547733306885
49.8911458333333,5.3565502166748
49.8944791666667,5.35768270492554
49.8978125,5.35893440246582
49.9011458333333,5.36024570465088
49.9044791666667,5.36167621612549
49.9078125,5.36322593688965
49.9111458333333,5.36483526229858
49.9144791666667,5.36650419235229
49.9178125,5.36823272705078
49.9211458333333,5.36984205245972
49.9244791666667,5.37139177322388
49.9278125,5.37288188934326
49.9311458333333,5.37419319152832
49.9344791666667,5.37538528442383
49.9378125,5.37645816802979
49.9411458333333,5.37729263305664
49.9444791666667,5.37800788879395
49.9478125,5.37866353988647
49.9511458333333,5.37925958633423
49.9544791666667,5.37979602813721
49.9578125,5.38033246994019
49.9611458333333,5.38098812103271
49.9644791666667,5.38158416748047
49.9678125,5.38229942321777
49.9711458333333,5.38313388824463
49.9744791666667,5.38396835327148
49.9778125,5.38492202758789
49.9811458333333,5.38593530654907
49.9844791666667,5.38700819015503
49.9878125,5.38820028305054
49.9911458333333,5.38939237594604
49.9944791666667,5.39064407348633
49.9978125,5.39189577102661
50.0011458333333,5.39326667785645
50.0044791666667,5.39463758468628
50.0078125,5.39594888687134
50.0111458333333,5.39731979370117
50.0144791666667,5.39863109588623
50.0178125,5.39988279342651
50.0211458333333,5.4011344909668
50.0244791666667,5.4023265838623
50.0278125,5.40345907211304
50.0311458333333,5.40453195571899
50.0344791666667,5.4054856300354
50.0378125,5.40643930435181
50.0411458333333,5.40727376937866
50.0444791666667,5.40798902511597
50.0478125,5.4086446762085
50.0511458333333,5.40918111801147
50.0544791666667,5.40965795516968
50.0578125,5.41007518768311
50.0611458333333,5.41037321090698
50.0644791666667,5.41055202484131
50.0678125,5.41073083877563
50.0711458333333,5.41079044342041
50.0744791666667,5.41079044342041
50.0778125,5.41073083877563
50.0811458333333,5.41067123413086
50.0844791666667,5.41055202484131
50.0878125,5.41043281555176
50.0911458333333,5.41037321090698
50.0944791666667,5.41043281555176
50.0978125,5.41061162948608
50.1011458333333,5.41090965270996
50.1044791666667,5.41138648986816
50.1078125,5.41204214096069
50.1111458333333,5.41287660598755
50.1144791666667,5.41377067565918
50.1178125,5.41478395462036
50.1211458333333,5.41585683822632
50.1244791666667,5.41692972183228
50.1278125,5.41800260543823
50.1311458333333,5.41907548904419
50.1344791666667,5.42008876800537
50.1378125,5.42110204696655
50.1411458333333,5.42217493057251
50.1444791666667,5.42324781417847
50.1478125,5.42432069778442
50.1511458333333,5.42539358139038
50.1544791666667,5.42652606964111
50.1578125,5.42765855789185
50.1611458333333,5.4287314414978
50.1644791666667,5.42986392974854
50.1678125,5.43099641799927
50.1711458333333,5.43206930160522
50.1744791666667,5.43320178985596
50.1778125,5.43433427810669
50.1811458333333,5.43546676635742
50.1844791666667,5.43659925460815
50.1878125,5.43779134750366
50.1911458333333,5.43904304504395
50.1944791666667,5.44029474258423
50.1978125,5.44154644012451
50.2011458333333,5.44285774230957
50.2044791666667,5.44410943984985
50.2078125,5.44536113739014
50.2111458333333,5.44655323028564
50.2144791666667,5.44774532318115
50.2178125,5.44887781143188
50.2211458333333,5.44989109039307
50.2244791666667,5.45084476470947
50.2278125,5.45167922973633
50.2311458333333,5.45239448547363
50.2344791666667,5.45293092727661
50.2378125,5.45340776443481
50.2411458333333,5.45370578765869
50.2444791666667,5.45382499694824
50.2478125,5.45376539230347
50.2511458333333,5.45364618301392
50.2544791666667,5.45340776443481
50.2578125,5.45316934585571
50.2611458333333,5.45293092727661
50.2644791666667,5.45269250869751
50.2678125,5.45251369476318
50.2711458333333,5.45245409011841
50.2744791666667,5.45251369476318
50.2778125,5.45269250869751
50.2811458333333,5.45299053192139
50.2844791666667,5.45334815979004
50.2878125,5.45376539230347
50.2911458333333,5.45418262481689
50.2944791666667,5.45459985733032
50.2978125,5.45501708984375
50.3011458333333,5.4553747177124
50.3044791666667,5.45567274093628
50.3078125,5.45597076416016
50.3111458333333,5.45620918273926
50.3144791666667,5.45644760131836
50.3178125,5.45662641525269
50.3211458333333,5.45692443847656
50.3244791666667,5.45716285705566
50.3278125,5.45752048492432
50.3311458333333,5.45793771743774
50.3344791666667,5.45847415924072
50.3378125,5.45907020568848
50.3411458333333,5.45972585678101
50.3444791666667,5.46056032180786
50.3478125,5.46151399612427
50.3511458333333,5.46252727508545
50.3544791666667,5.46360015869141
50.3578125,5.46473264694214
50.3611458333333,5.46592473983765
50.3644791666667,5.46705722808838
50.3678125,5.46818971633911
50.3711458333333,5.46926259994507
50.3744791666667,5.47027587890625
50.3778125,5.47128915786743
50.3811458333333,5.47218322753906
50.3844791666667,5.47307729721069
50.3878125,5.47397136688232
50.3911458333333,5.47480583190918
50.3944791666667,5.47564029693604
50.3978125,5.47647476196289
50.4011458333333,5.47730922698975
50.4044791666667,5.47820329666138
50.4078125,5.47909736633301
50.4111458333333,5.47999143600464
50.4144791666667,5.48100471496582
50.4178125,5.482017993927
50.4211458333333,5.48303127288818
50.4244791666667,5.48410415649414
50.4278125,5.48523664474487
50.4311458333333,5.48630952835083
50.4344791666667,5.48744201660156
50.4378125,5.48851490020752
50.4411458333333,5.48958778381348
50.4444791666667,5.49072027206421
50.4478125,5.49173355102539
50.4511458333333,5.49274682998657
50.4544791666667,5.49370050430298
50.4578125,5.49459457397461
50.4611458333333,5.49542903900146
50.4644791666667,5.49620389938354
50.4678125,5.49685955047607
50.4711458333333,5.49739599227905
50.4744791666667,5.49781322479248
50.4778125,5.49823045730591
50.4811458333333,5.49852848052979
50.4844791666667,5.49882650375366
50.4878125,5.49912452697754
50.4911458333333,5.49942255020142
50.4944791666667,5.49978017807007
50.4978125,5.5001974105835
50.5011458333333,5.5006742477417
50.5044791666667,5.50121068954468
50.5078125,5.50186634063721
50.5111458333333,5.50252199172974
50.5144791666667,5.50323724746704
50.5178125,5.50395250320435
50.5211458333333,5.50466775894165
50.5244791666667,5.50532341003418
50.5278125,5.50597906112671
50.5311458333333,5.50657510757446
50.5344791666667,5.50711154937744
50.5378125,5.50764799118042
50.5411458333333,5.50806522369385
50.5444791666667,5.50848245620728
50.5478125,5.5088996887207
50.5511458333333,5.50925731658936
50.5544791666667,5.50955533981323
50.5578125,5.50991296768188
50.5611458333333,5.51021099090576
50.5644791666667,5.51050901412964
50.5678125,5.51086664199829
50.5711458333333,5.51116466522217
50.5744791666667,5.51152229309082
50.5778125,5.51187992095947
50.5811458333333,5.5122971534729
50.5844791666667,5.5127739906311
50.5878125,5.51325082778931
50.5911458333333,5.51378726959229
50.5944791666667,5.51432371139526
50.5978125,5.51497936248779
50.6011458333333,5.51563501358032
50.6044791666667,5.51635026931763
50.6078125,5.51706552505493
50.6111458333333,5.51778078079224
50.6144791666667,5.51849603652954
50.6178125,5.51915168762207
50.6211458333333,5.51968812942505
50.6244791666667,5.52022457122803
50.6278125,5.52058219909668
50.6311458333333,5.52093982696533
50.6344791666667,5.52117824554443
50.6378125,5.52135705947876
50.6411458333333,5.52153587341309
50.6444791666667,5.52177429199219
50.6478125,5.52201271057129
50.6511458333333,5.52231073379517
50.6544791666667,5.52278757095337
50.6578125,5.52338361740112
50.6611458333333,5.52409887313843
50.6644791666667,5.52499294281006
50.6678125,5.52606582641602
50.6711458333333,5.52719831466675
50.6744791666667,5.52845001220703
50.6778125,5.52970170974731
50.6811458333333,5.53101301193237
50.6844791666667,5.53232431411743
50.6878125,5.53357601165771
50.6911458333333,5.53476810455322
50.6944791666667,5.53596019744873
50.6978125,5.53709268569946
50.7011458333333,5.53810596466064
50.7044791666667,5.53911924362183
50.7078125,5.54007291793823
50.7111458333333,5.54096698760986
50.7144791666667,5.54186105728149
50.7178125,5.54263591766357
50.7211458333333,5.54335117340088
50.7244791666667,5.54406642913818
50.7278125,5.54472208023071
50.7311458333333,5.54531812667847
50.7344791666667,5.54585456848145
50.7378125,5.54639101028442
50.7411458333333,5.54686784744263
50.7444791666667,5.54734468460083
50.7478125,5.54776191711426
50.7511458333333,5.54817914962769
50.7544791666667,5.54859638214111
50.7578125,5.54901361465454
50.7611458333333,5.54949045181274
50.7644791666667,5.54990768432617
50.7678125,5.55044412612915
50.7711458333333,5.55092096328735
50.7744791666667,5.55145740509033
50.7778125,5.55199384689331
50.7811458333333,5.55241107940674
50.7844791666667,5.55288791656494
50.7878125,5.55324554443359
50.7911458333333,5.55354356765747
50.7944791666667,5.5537223815918
50.7978125,5.55384159088135
50.8011458333333,5.55390119552612
50.8044791666667,5.5539608001709
50.8078125,5.5539608001709
50.8111458333333,5.55402040481567
50.8144791666667,5.55413961410522
50.8178125,5.55425882339478
50.8211458333333,5.55449724197388
50.8244791666667,5.55479526519775
50.8278125,5.55527210235596
50.8311458333333,5.55580854415894
50.8344791666667,5.55652379989624
50.8378125,5.5573582649231
50.8411458333333,5.5583119392395
50.8444791666667,5.55938482284546
50.8478125,5.56051731109619
50.8511458333333,5.5617094039917
50.8544791666667,5.56284189224243
50.8578125,5.56397438049316
50.8611458333333,5.56504726409912
50.8644791666667,5.56600093841553
50.8678125,5.56689500808716
50.8711458333333,5.56766986846924
50.8744791666667,5.56844472885132
50.8778125,5.5692195892334
50.8811458333333,5.57005405426025
50.8844791666667,5.57106733322144
50.8878125,5.57219982147217
50.8911458333333,5.57345151901245
50.8944791666667,5.57494163513184
50.8978125,5.57655096054077
50.9011458333333,5.57833909988403
50.9044791666667,5.58018684387207
50.9078125,5.58203458786011
50.9111458333333,5.58388233184814
50.9144791666667,5.58567047119141
50.9178125,5.58727979660034
50.9211458333333,5.5888295173645
50.9244791666667,5.59020042419434
50.9278125,5.59145212173462
50.9311458333333,5.59258460998535
50.9344791666667,5.59371709823608
50.9378125,5.59478998184204
50.9411458333333,5.595862865448
50.9444791666667,5.59699535369873
50.9478125,5.59812784194946
50.9511458333333,5.59937953948975
50.9544791666667,5.6006908416748
50.9578125,5.60200214385986
50.9611458333333,5.6033730506897
50.9644791666667,5.60480356216431
50.9678125,5.60617446899414
50.9711458333333,5.60760498046875
50.9744791666667,5.60903549194336
50.9778125,5.61040639877319
50.9811458333333,5.61177730560303
50.9844791666667,5.61302900314331
50.9878125,5.61416149139404
50.9911458333333,5.615234375
50.9944791666667,5.61618804931641
50.9978125,5.61708211898804
51.0011458333333,5.61779737472534
51.0044791666667,5.61845302581787
51.0078125,5.61904907226563
51.0111458333333,5.6195855140686
51.0144791666667,5.62012195587158
51.0178125,5.62053918838501
51.0211458333333,5.62101602554321
51.0244791666667,5.62149286270142
51.0278125,5.62191009521484
51.0311458333333,5.62232732772827
51.0344791666667,5.6227445602417
51.0378125,5.6232213973999
51.0411458333333,5.62363862991333
51.0444791666667,5.62405586242676
51.0478125,5.62447309494019
51.0511458333333,5.62494993209839
51.0544791666667,5.62542676925659
51.0578125,5.62596321105957
51.0611458333333,5.62655925750732
51.0644791666667,5.62727451324463
51.0678125,5.62798976898193
51.0711458333333,5.62882423400879
51.0744791666667,5.6297779083252
51.0778125,5.6307315826416
51.0811458333333,5.63174486160278
51.0844791666667,5.63269853591919
51.0878125,5.63371181488037
51.0911458333333,5.634605884552
51.0944791666667,5.63549995422363
51.0978125,5.63633441925049
51.1011458333333,5.63710927963257
51.1044791666667,5.63782453536987
51.1078125,5.63853979110718
51.1111458333333,5.63919544219971
51.1144791666667,5.63985109329224
51.1178125,5.64050674438477
51.1211458333333,5.64116239547729
51.1244791666667,5.64181804656982
51.1278125,5.6425929069519
51.1311458333333,5.64342737197876
51.1344791666667,5.64444065093994
51.1378125,5.64563274383545
51.1411458333333,5.64700365066528
51.1444791666667,5.64861297607422
51.1478125,5.65046072006226
51.1511458333333,5.65248727798462
51.1544791666667,5.65469264984131
51.1578125,5.65695762634277
51.1611458333333,5.65934181213379
51.1644791666667,5.66166639328003
51.1678125,5.66399097442627
51.1711458333333,5.66613674163818
51.1744791666667,5.66816329956055
51.1778125,5.66995143890381
51.1811458333333,5.67156076431274
51.1844791666667,5.67293167114258
51.1878125,5.67406415939331
51.1911458333333,5.67507743835449
51.1944791666667,5.67585229873657
51.1978125,5.67644834518433
51.2011458333333,5.6769847869873
51.2044791666667,5.67740201950073
51.2078125,5.67770004272461
51.2111458333333,5.67793846130371
51.2144791666667,5.67811727523804
51.2178125,5.67823648452759
51.2211458333333,5.67823648452759
51.2244791666667,5.67817687988281
51.2278125,5.67793846130371
51.2311458333333,5.67758083343506
51.2344791666667,5.67710399627686
51.2378125,5.67638874053955
51.2411458333333,5.6755542755127
51.2444791666667,5.67454099655151
51.2478125,5.67340850830078
51.2511458333333,5.67209720611572
51.2544791666667,5.67078590393066
51.2578125,5.66935539245605
51.2611458333333,5.66792488098145
51.2644791666667,5.66649436950684
51.2678125,5.66506385803223
51.2711458333333,5.66375255584717
51.2744791666667,5.66244125366211
51.2778125,5.66118955612183
51.2811458333333,5.66011667251587
51.2844791666667,5.65910339355469
51.2878125,5.65820932388306
51.2911458333333,5.65743446350098
51.2944791666667,5.65683841705322
51.2978125,5.65636157989502
51.3011458333333,5.65606355667114
51.3044791666667,5.65600395202637
51.3078125,5.65618276596069
51.3111458333333,5.65654039382935
51.3144791666667,5.65707683563232
51.3178125,5.6578516960144
51.3211458333333,5.65874576568604
51.3244791666667,5.65987825393677
51.3278125,5.66107034683228
51.3311458333333,5.66238164901733
51.3344791666667,5.66375255584717
51.3378125,5.665123462677
51.3411458333333,5.66655397415161
51.3444791666667,5.66798448562622
51.3478125,5.66935539245605
51.3511458333333,5.67072629928589
51.3544791666667,5.67209720611572
51.3578125,5.67334890365601
51.3611458333333,5.67454099655151
51.3644791666667,5.67567348480225
51.3678125,5.6767463684082
51.3711458333333,5.67775964736938
51.3744791666667,5.67877292633057
51.3778125,5.67972660064697
51.3811458333333,5.68073987960815
51.3844791666667,5.68175315856934
51.3878125,5.68276643753052
51.3911458333333,5.68389892578125
51.3944791666667,5.68503141403198
51.3978125,5.68622350692749
51.4011458333333,5.687415599823
51.4044791666667,5.68872690200806
51.4078125,5.69003820419312
51.4111458333333,5.69134950637817
51.4144791666667,5.69272041320801
51.4178125,5.69415092468262
51.4211458333333,5.69558143615723
51.4244791666667,5.69707155227661
51.4278125,5.698561668396
51.4311458333333,5.70005178451538
51.4344791666667,5.70160150527954
51.4378125,5.70309162139893
51.4411458333333,5.70458173751831
51.4444791666667,5.70595264434814
51.4478125,5.70732355117798
51.4511458333333,5.70857524871826
51.4544791666667,5.70976734161377
51.4578125,5.71084022521973
51.4611458333333,5.71185350418091
51.4644791666667,5.71280717849731
51.4678125,5.71364164352417
51.4711458333333,5.71441650390625
51.4744791666667,5.71513175964355
51.4778125,5.71578741073608
51.4811458333333,5.71644306182861
51.4844791666667,5.71703910827637
51.4878125,5.71757555007935
51.4911458333333,5.7181715965271
51.4944791666667,5.71870803833008
51.4978125,5.71924448013306
51.5011458333333,5.71978092193604
51.5044791666667,5.72031736373901
51.5078125,5.72079420089722
51.5111458333333,5.72127103805542
51.5144791666667,5.72174787521362
51.5178125,5.72216510772705
51.5211458333333,5.72264194488525
51.5244791666667,5.72305917739868
51.5278125,5.72347640991211
51.5311458333333,5.72389364242554
51.5344791666667,5.72431087493896
51.5378125,5.72472810745239
51.5411458333333,5.72514533996582
51.5444791666667,5.72550296783447
51.5478125,5.72586059570313
51.5511458333333,5.72627782821655
51.5544791666667,5.72675466537476
51.5578125,5.72729110717773
51.5611458333333,5.72794675827026
51.5644791666667,5.72872161865234
51.5678125,5.7295560836792
51.5711458333333,5.73050975799561
51.5744791666667,5.73158264160156
51.5778125,5.73271512985229
51.5811458333333,5.73384761810303
51.5844791666667,5.73498010635376
51.5878125,5.73611259460449
51.5911458333333,5.73712587356567
51.5944791666667,5.73807954788208
51.5978125,5.73891401290894
51.6011458333333,5.73968887329102
51.6044791666667,5.74040412902832
51.6078125,5.74100017547607
51.6111458333333,5.74153661727905
51.6144791666667,5.74207305908203
51.6178125,5.74260950088501
51.6211458333333,5.74314594268799
51.6244791666667,5.74374198913574
51.6278125,5.74439764022827
51.6311458333333,5.74517250061035
51.6344791666667,5.74612617492676
51.6378125,5.74713945388794
51.6411458333333,5.74839115142822
51.6444791666667,5.74976205825806
51.6478125,5.75131177902222
51.6511458333333,5.75292110443115
51.6544791666667,5.75464963912964
51.6578125,5.75637817382813
51.6611458333333,5.75810670852661
51.6644791666667,5.7598352432251
51.6678125,5.76150417327881
51.6711458333333,5.76305389404297
51.6744791666667,5.76454401016235
51.6778125,5.76591491699219
51.6811458333333,5.76716661453247
51.6844791666667,5.76841831207275
51.6878125,5.76955080032349
51.6911458333333,5.77068328857422
51.6944791666667,5.77175617218018
51.6978125,5.77282905578613
51.7011458333333,5.77384233474731
51.7044791666667,5.7748556137085
51.7078125,5.77586889266968
51.7111458333333,5.77694177627563
51.7144791666667,5.77801465988159
51.7178125,5.77914714813232
51.7211458333333,5.78027963638306
51.7244791666667,5.78153133392334
51.7278125,5.7828426361084
51.7311458333333,5.78427314758301
51.7344791666667,5.78576326370239
51.7378125,5.78737258911133
51.7411458333333,5.78904151916504
51.7444791666667,5.7908296585083
51.7478125,5.79267740249634
51.7511458333333,5.79458475112915
51.7544791666667,5.79649209976196
51.7578125,5.79833984375
51.7611458333333,5.80012798309326
51.7644791666667,5.80185651779175
51.7678125,5.80340623855591
51.7711458333333,5.80477714538574
51.7744791666667,5.80596923828125
51.7778125,5.80698251724243
51.7811458333333,5.80775737762451
51.7844791666667,5.80841302871704
51.7878125,5.80888986587524
51.7911458333333,5.8092474937439
51.7944791666667,5.809485912323
51.7978125,5.80966472625732
51.8011458333333,5.80978393554688
51.8044791666667,5.80984354019165
51.8078125,5.80990314483643
51.8111458333333,5.8099627494812
51.8144791666667,5.81002235412598
51.8178125,5.81008195877075
51.8211458333333,5.8102011680603
51.8244791666667,5.81032037734985
51.8278125,5.8104395866394
51.8311458333333,5.81055879592896
51.8344791666667,5.81067800521851
51.8378125,5.81085681915283
51.8411458333333,5.81097602844238
51.8444791666667,5.81109523773193
51.8478125,5.81121444702148
51.8511458333333,5.81127405166626
51.8544791666667,5.81133365631104
51.8578125,5.81139326095581
51.8611458333333,5.81145286560059
51.8644791666667,5.81145286560059
51.8678125,5.81151247024536
51.8711458333333,5.81163167953491
51.8744791666667,5.81175088882446
51.8778125,5.81192970275879
51.8811458333333,5.81222772598267
51.8844791666667,5.81258535385132
51.8878125,5.81300258636475
51.8911458333333,5.81353902816772
51.8944791666667,5.81419467926025
51.8978125,5.81490993499756
51.9011458333333,5.81574440002441
51.9044791666667,5.81663846969604
51.9078125,5.817711353302
51.9111458333333,5.81884384155273
51.9144791666667,5.82009553909302
51.9178125,5.82146644592285
51.9211458333333,5.82289695739746
51.9244791666667,5.82432746887207
51.9278125,5.82581758499146
51.9311458333333,5.82718849182129
51.9344791666667,5.82849979400635
51.9378125,5.82969188690186
51.9411458333333,5.83070516586304
51.9444791666667,5.83159923553467
51.9478125,5.83237409591675
51.9511458333333,5.83302974700928
51.9544791666667,5.83356618881226
51.9578125,5.83410263061523
51.9611458333333,5.83451986312866
51.9644791666667,5.83493709564209
51.9678125,5.83529472351074
51.9711458333333,5.83571195602417
51.9744791666667,5.83606958389282
51.9778125,5.83642721176147
51.9811458333333,5.83678483963013
51.9844791666667,5.83720207214355
51.9878125,5.83761930465698
51.9911458333333,5.83803653717041
51.9944791666667,5.83845376968384
51.9978125,5.83887100219727
52.0011458333333,5.83928823471069
52.0044791666667,5.83964586257935
52.0078125,5.83994388580322
52.0111458333333,5.84012269973755
52.0144791666667,5.8402419090271
52.0178125,5.84030151367188
52.0211458333333,5.8402419090271
52.0244791666667,5.84018230438232
52.0278125,5.84006309509277
52.0311458333333,5.840003490448
52.0344791666667,5.83994388580322
52.0378125,5.83994388580322
52.0411458333333,5.840003490448
52.0444791666667,5.84018230438232
52.0478125,5.84036111831665
52.0511458333333,5.84065914154053
52.0544791666667,5.84101676940918
52.0578125,5.84143400192261
52.0611458333333,5.84185123443604
52.0644791666667,5.84238767623901
52.0678125,5.84292411804199
52.0711458333333,5.84352016448975
52.0744791666667,5.84417581558228
52.0778125,5.84501028060913
52.0811458333333,5.84584474563599
52.0844791666667,5.84685802459717
52.0878125,5.8479905128479
52.0911458333333,5.84924221038818
52.0944791666667,5.85055351257324
52.0978125,5.85198402404785
52.1011458333333,5.85335493087769
52.1044791666667,5.85478544235229
52.1078125,5.85615634918213
52.1111458333333,5.85746765136719
52.1144791666667,5.85871934890747
52.1178125,5.8598518371582
52.1211458333333,5.86098432540894
52.1244791666667,5.86199760437012
52.1278125,5.8630108833313
52.1311458333333,5.86402416229248
52.1344791666667,5.86509704589844
52.1378125,5.86622953414917
52.1411458333333,5.86748123168945
52.1444791666667,5.86879253387451
52.1478125,5.87022304534912
52.1511458333333,5.87177276611328
52.1544791666667,5.87344169616699
52.1578125,5.87522983551025
52.1611458333333,5.87707757949829
52.1644791666667,5.87904453277588
52.1678125,5.88113069534302
52.1711458333333,5.88327646255493
52.1744791666667,5.8855414390564
52.1778125,5.88786602020264
52.1811458333333,5.89019060134888
52.1844791666667,5.89251518249512
52.1878125,5.89483976364136
52.1911458333333,5.89704513549805
52.1944791666667,5.89907169342041
52.1978125,5.90097904205322
52.2011458333333,5.90270757675171
52.2044791666667,5.90419769287109
52.2078125,5.90550899505615
52.2111458333333,5.90664148330688
52.2144791666667,5.90765476226807
52.2178125,5.90860843658447
52.2211458333333,5.9095025062561
52.2244791666667,5.91039657592773
52.2278125,5.91129064559937
52.2311458333333,5.91224431991577
52.2344791666667,5.91325759887695
52.2378125,5.91427087783813
52.2411458333333,5.91534376144409
52.2444791666667,5.91641664505005
52.2478125,5.91748952865601
52.2511458333333,5.91862201690674
52.2544791666667,5.9196949005127
52.2578125,5.92082738876343
52.2611458333333,5.92190027236938
52.2644791666667,5.92303276062012
52.2678125,5.92410564422607
52.2711458333333,5.92523813247681
52.2744791666667,5.92631101608276
52.2778125,5.92738389968872
52.2811458333333,5.92845678329468
52.2844791666667,5.92935085296631
52.2878125,5.93018531799316
52.2911458333333,5.93084096908569
52.2944791666667,5.93137741088867
52.2978125,5.93173503875732
52.3011458333333,5.93191385269165
52.3044791666667,5.93191385269165
52.3078125,5.9317946434021
52.3111458333333,5.931556224823
52.3144791666667,5.93125820159912
52.3178125,5.93090057373047
52.3211458333333,5.93060255050659
52.3244791666667,5.93024492263794
52.3278125,5.93000650405884
52.3311458333333,5.92982769012451
52.3344791666667,5.92970848083496
52.3378125,5.92964887619019
52.3411458333333,5.92970848083496
52.3444791666667,5.92976808547974
52.3478125,5.92994689941406
52.3511458333333,5.93012571334839
52.3544791666667,5.93036413192749
52.3578125,5.93060255050659
52.3611458333333,5.93090057373047
52.3644791666667,5.93125820159912
52.3678125,5.93161582946777
52.3711458333333,5.93197345733643
52.3744791666667,5.93239068984985
52.3778125,5.93280792236328
52.3811458333333,5.93322515487671
52.3844791666667,5.93364238739014
52.3878125,5.93405961990356
52.3911458333333,5.93447685241699
52.3944791666667,5.93477487564087
52.3978125,5.93507289886475
52.4011458333333,5.93531131744385
52.4044791666667,5.93549013137817
52.4078125,5.93560934066772
52.4111458333333,5.93578815460205
52.4144791666667,5.93608617782593
52.4178125,5.93644380569458
52.4211458333333,5.93698024749756
52.4244791666667,5.93763589859009
52.4278125,5.93847036361694
52.4311458333333,5.9395432472229
52.4344791666667,5.94079494476318
52.4378125,5.94222545623779
52.4411458333333,5.94383478164673
52.4444791666667,5.94550371170044
52.4478125,5.94723224639893
52.4511458333333,5.94902038574219
52.4544791666667,5.95080852508545
52.4578125,5.95259666442871
52.4611458333333,5.95438480377197
52.4644791666667,5.95611333847046
52.4678125,5.95778226852417
52.4711458333333,5.95933198928833
52.4744791666667,5.96088171005249
52.4778125,5.9623122215271
52.4811458333333,5.96368312835693
52.4844791666667,5.96499443054199
52.4878125,5.9661865234375
52.4911458333333,5.96731901168823
52.4944791666667,5.96845149993896
52.4978125,5.96952438354492
52.5011458333333,5.97065687179565
52.5044791666667,5.97184896469116
52.5078125,5.97304105758667
52.5111458333333,5.97429275512695
52.5144791666667,5.97560405731201
52.5178125,5.97691535949707
52.5211458333333,5.97822666168213
52.5244791666667,5.97947835922241
52.5278125,5.98067045211792
52.5311458333333,5.98174333572388
52.5344791666667,5.98269701004028
52.5378125,5.98353147506714
52.5411458333333,5.98418712615967
52.5444791666667,5.98466396331787
52.5478125,5.98496198654175
52.5511458333333,5.98514080047607
52.5544791666667,5.98520040512085
52.5578125,5.98514080047607
52.5611458333333,5.98502159118652
52.5644791666667,5.98478317260742
52.5678125,5.98454475402832
52.5711458333333,5.98430633544922
52.5744791666667,5.98400831222534
52.5778125,5.98376989364624
52.5811458333333,5.98353147506714
52.5844791666667,5.98329305648804
52.5878125,5.98317384719849
52.5911458333333,5.98305463790894
52.5944791666667,5.98305463790894
52.5978125,5.98305463790894
52.6011458333333,5.98317384719849
52.6044791666667,5.98329305648804
52.6078125,5.98353147506714
52.6111458333333,5.98376989364624
52.6144791666667,5.98412752151489
52.6178125,5.98448514938354
52.6211458333333,5.98490238189697
52.6244791666667,5.98543882369995
52.6278125,5.98597526550293
52.6311458333333,5.98669052124023
52.6344791666667,5.98752498626709
52.6378125,5.98841905593872
52.6411458333333,5.98949193954468
52.6444791666667,5.99062442779541
52.6478125,5.99187612533569
52.6511458333333,5.99318742752075
52.6544791666667,5.99455833435059
52.6578125,5.9959888458252
52.6611458333333,5.9974193572998
52.6644791666667,5.99884986877441
52.6678125,6.00028038024902
52.6711458333333,6.00171089172363
52.6744791666667,6.00314140319824
52.6778125,6.00457191467285
52.6811458333333,6.00594282150269
52.6844791666667,6.00737333297729
52.6878125,6.00874423980713
52.6911458333333,6.01011514663696
52.6944791666667,6.01154565811157
52.6978125,6.01297616958618
52.7011458333333,6.01440668106079
52.7044791666667,6.0158371925354
52.7078125,6.01726770401001
52.7111458333333,6.01863861083984
52.7144791666667,6.01989030838013
52.7178125,6.02108240127563
52.7211458333333,6.02209568023682
52.7244791666667,6.02304935455322
52.7278125,6.0238242149353
52.7311458333333,6.02453947067261
52.7344791666667,6.02507591247559
52.7378125,6.02549314498901
52.7411458333333,6.02585077285767
52.7444791666667,6.02614879608154
52.7478125,6.02638721466064
52.7511458333333,6.02656602859497
52.7544791666667,6.0267448425293
52.7578125,6.0269832611084
52.7611458333333,6.0272216796875
52.7644791666667,6.0274600982666
52.7678125,6.02775812149048
52.7711458333333,6.02817535400391
52.7744791666667,6.02859258651733
52.7778125,6.02912902832031
52.7811458333333,6.02966547012329
52.7844791666667,6.03026151657104
52.7878125,6.03097677230835
52.7911458333333,6.03175163269043
52.7944791666667,6.03264570236206
52.7978125,6.03365898132324
52.8011458333333,6.0347318649292
52.8044791666667,6.03598356246948
52.8078125,6.03735446929932
52.8111458333333,6.0388445854187
52.8144791666667,6.04051351547241
52.8178125,6.0422420501709
52.8211458333333,6.04414939880371
52.8244791666667,6.04605674743652
52.8278125,6.04808330535889
52.8311458333333,6.05010986328125
52.8344791666667,6.05213642120361
52.8378125,6.0541033744812
52.8411458333333,6.05595111846924
52.8444791666667,6.05767965316772
52.8478125,6.05922937393188
52.8511458333333,6.06065988540649
52.8544791666667,6.06191158294678
52.8578125,6.06304407119751
52.8611458333333,6.06405735015869
52.8644791666667,6.06513023376465
52.8678125,6.06614351272583
52.8711458333333,6.06727600097656
52.8744791666667,6.06840848922729
52.8778125,6.06966018676758
52.8811458333333,6.07091188430786
52.8844791666667,6.07222318649292
52.8878125,6.0734748840332
52.8911458333333,6.07466697692871
52.8944791666667,6.07573986053467
52.8978125,6.07675313949585
52.9011458333333,6.07770681381226
52.9044791666667,6.07860088348389
52.9078125,6.07949495315552
52.9111458333333,6.08032941818237
52.9144791666667,6.081223487854
52.9178125,6.08205795288086
52.9211458333333,6.08289241790771
52.9244791666667,6.08372688293457
52.9278125,6.08444213867188
52.9311458333333,6.0850977897644
52.9344791666667,6.08569383621216
52.9378125,6.08611106872559
52.9411458333333,6.08646869659424
52.9444791666667,6.08670711517334
52.9478125,6.08694553375244
52.9511458333333,6.08706474304199
52.9544791666667,6.08724355697632
52.9578125,6.08742237091064
52.9611458333333,6.08766078948975
52.9644791666667,6.08795881271362
52.9678125,6.08831644058228
52.9711458333333,6.08879327774048
52.9744791666667,6.08932971954346
52.9778125,6.09004497528076
52.9811458333333,6.09087944030762
52.9844791666667,6.09183311462402
52.9878125,6.09290599822998
52.9911458333333,6.09409809112549
52.9944791666667,6.09546899795532
52.9978125,6.09695911407471
53.0011458333333,6.09850883483887
53.0044791666667,6.10017776489258
53.0078125,6.10184669494629
53.0111458333333,6.10357522964478
53.0144791666667,6.10524415969849
53.0178125,6.10685348510742
53.0211458333333,6.10840320587158
53.0244791666667,6.10983371734619
53.0278125,6.11120462417603
53.0311458333333,6.11251592636108
53.0344791666667,6.11370801925659
53.0378125,6.1149001121521
53.0411458333333,6.11597299575806
53.0444791666667,6.11704587936401
53.0478125,6.1180591583252
53.0511458333333,6.1190128326416
53.0544791666667,6.11996650695801
53.0578125,6.12092018127441
53.0611458333333,6.12181425094604
53.0644791666667,6.1226487159729
53.0678125,6.12354278564453
53.0711458333333,6.12437725067139
53.0744791666667,6.12521171569824
53.0778125,6.12598657608032
53.0811458333333,6.1267614364624
53.0844791666667,6.12747669219971
53.0878125,6.12807273864746
53.0911458333333,6.12866878509521
53.0944791666667,6.12908601760864
53.0978125,6.12944364547729
53.1011458333333,6.1296820640564
53.1044791666667,6.12986087799072
53.1078125,6.13003969192505
53.1111458333333,6.13009929656982
53.1144791666667,6.13009929656982
53.1178125,6.13003969192505
53.1211458333333,6.1299204826355
53.1244791666667,6.12980127334595
53.1278125,6.12956285476685
53.1311458333333,6.12932443618774
53.1344791666667,6.12902641296387
53.1378125,6.12878799438477
53.1411458333333,6.12848997116089
53.1444791666667,6.12831115722656
53.1478125,6.12825155258179
53.1511458333333,6.12831115722656
53.1544791666667,6.12854957580566
53.1578125,6.12896680831909
53.1611458333333,6.12956285476685
53.1644791666667,6.13027811050415
53.1678125,6.13117218017578
53.1711458333333,6.13212585449219
53.1744791666667,6.13313913345337
53.1778125,6.13421201705933
53.1811458333333,6.13528490066528
53.1844791666667,6.13629817962646
53.1878125,6.13731145858765
53.1911458333333,6.13826513290405
53.1944791666667,6.13921880722046
53.1978125,6.14023208618164
53.2011458333333,6.14118576049805
53.2044791666667,6.14219903945923
53.2078125,6.14327192306519
53.2111458333333,6.14434480667114
53.2144791666667,6.14553689956665
53.2178125,6.14678859710693
53.2211458333333,6.14809989929199
53.2244791666667,6.14941120147705
53.2278125,6.15084171295166
53.2311458333333,6.15233182907104
53.2344791666667,6.15382194519043
53.2378125,6.15537166595459
53.2411458333333,6.15698099136353
53.2444791666667,6.15864992141724
53.2478125,6.16037845611572
53.2511458333333,6.16216659545898
53.2544791666667,6.16395473480225
53.2578125,6.16586208343506
53.2611458333333,6.16776943206787
53.2644791666667,6.16973638534546
53.2678125,6.17176294326782
53.2711458333333,6.17390871047974
53.2744791666667,6.17599487304688
53.2778125,6.17808103561401
53.2811458333333,6.18016719818115
53.2844791666667,6.18219375610352
53.2878125,6.1841607093811
53.2911458333333,6.18600845336914
53.2944791666667,6.18773698806763
53.2978125,6.18934631347656
53.3011458333333,6.19077682495117
53.3044791666667,6.19208812713623
53.3078125,6.19328022003174
53.3111458333333,6.1943531036377
53.3144791666667,6.19536638259888
53.3178125,6.19626045227051
53.3211458333333,6.19709491729736
53.3244791666667,6.19786977767944
53.3278125,6.1987042427063
53.3311458333333,6.19947910308838
53.3344791666667,6.20031356811523
53.3378125,6.20108842849731
53.3411458333333,6.20186328887939
53.3444791666667,6.20263814926147
53.3478125,6.20341300964355
53.3511458333333,6.20418787002563
53.3544791666667,6.20496273040771
53.3578125,6.20579719543457
53.3611458333333,6.2066912651062
53.3644791666667,6.20764493942261
53.3678125,6.20871782302856
53.3711458333333,6.20979070663452
53.3744791666667,6.21086359024048
53.3778125,6.21187686920166
53.3811458333333,6.21277093887329
53.3844791666667,6.21354579925537
53.3878125,6.21414184570313
53.3911458333333,6.214439868927
53.3944791666667,6.21455907821655
53.3978125,6.21449947357178
53.4011458333333,6.21432065963745
53.4044791666667,6.2139630317688
53.4078125,6.21360540390015
53.4111458333333,6.21318817138672
53.4144791666667,6.21283054351807
53.4178125,6.21253252029419
53.4211458333333,6.21235370635986
53.4244791666667,6.21229410171509
53.4278125,6.21241331100464
53.4311458333333,6.21259212493896
53.4344791666667,6.21300935745239
53.4378125,6.2134861946106
53.4411458333333,6.2142014503479
53.4444791666667,6.21503591537476
53.4478125,6.21598958969116
53.4511458333333,6.21706247329712
53.4544791666667,6.21819496154785
53.4578125,6.21938705444336
53.4611458333333,6.22063875198364
53.4644791666667,6.22189044952393
53.4678125,6.22314214706421
53.4711458333333,6.22439384460449
53.4744791666667,6.2255859375
53.4778125,6.22683763504028
53.4811458333333,6.22808933258057
53.4844791666667,6.22928142547607
53.4878125,6.23053312301636
53.4911458333333,6.23172521591187
53.4944791666667,6.23291730880737
53.4978125,6.23410940170288
53.5011458333333,6.23524188995361
53.5044791666667,6.23631477355957
53.5078125,6.23732805252075
53.5111458333333,6.23828172683716
53.5144791666667,6.23911619186401
53.5178125,6.23989105224609
53.5211458333333,6.24066591262817
53.5244791666667,6.2413215637207
53.5278125,6.24197721481323
53.5311458333333,6.24263286590576
53.5344791666667,6.24328851699829
53.5378125,6.24394416809082
53.5411458333333,6.24477863311768
53.5444791666667,6.24567270278931
53.5478125,6.24680519104004
53.5511458333333,6.24805688858032
53.5544791666667,6.24948740005493
53.5578125,6.25115633010864
53.5611458333333,6.25288486480713
53.5644791666667,6.25479221343994
53.5678125,6.25669956207275
53.5711458333333,6.25866651535034
53.5744791666667,6.26057386398315
53.5778125,6.26242160797119
53.5811458333333,6.26420974731445
53.5844791666667,6.26581907272339
53.5878125,6.26730918884277
53.5911458333333,6.26868009567261
53.5944791666667,6.26987218856812
53.5978125,6.2708854675293
53.6011458333333,6.2718391418457
53.6044791666667,6.27261400222778
53.6078125,6.27326965332031
53.6111458333333,6.27380609512329
53.6144791666667,6.27428293228149
53.6178125,6.27464056015015
53.6211458333333,6.27493858337402
53.6244791666667,6.2752366065979
53.6278125,6.27553462982178
53.6311458333333,6.27577304840088
53.6344791666667,6.27607107162476
53.6378125,6.27642869949341
53.6411458333333,6.27690553665161
53.6444791666667,6.27744197845459
53.6478125,6.27821683883667
53.6511458333333,6.2791109085083
53.6544791666667,6.28024339675903
53.6578125,6.28155469894409
53.6611458333333,6.28310441970825
53.6644791666667,6.28477334976196
53.6678125,6.28662109375
53.6711458333333,6.28864765167236
53.6744791666667,6.2907338142395
53.6778125,6.29287958145142
53.6811458333333,6.29502534866333
53.6844791666667,6.29717111587524
53.6878125,6.29925727844238
53.6911458333333,6.30128383636475
53.6944791666667,6.30319118499756
53.6978125,6.30497932434082
53.7011458333333,6.30652904510498
53.7044791666667,6.30795955657959
53.7078125,6.30921125411987
53.7111458333333,6.31022453308105
53.7144791666667,6.31111860275269
53.7178125,6.31183385848999
53.7211458333333,6.31242990493774
53.7244791666667,6.31290674209595
53.7278125,6.31332397460938
53.7311458333333,6.3137412071228
53.7344791666667,6.31409883499146
53.7378125,6.31451606750488
53.7411458333333,6.31493330001831
53.7444791666667,6.31541013717651
53.7478125,6.31594657897949
53.7511458333333,6.31654262542725
53.7544791666667,6.31719827651978
53.7578125,6.31797313690186
53.7611458333333,6.31880760192871
53.7644791666667,6.31964206695557
53.7678125,6.3205361366272
53.7711458333333,6.32137060165405
53.7744791666667,6.32214546203613
53.7778125,6.32286071777344
53.7811458333333,6.32351636886597
53.7844791666667,6.32399320602417
53.7878125,6.32435083389282
53.7911458333333,6.32458925247192
53.7944791666667,6.32476806640625
53.7978125,6.32482767105103
53.8011458333333,6.3248872756958
53.8044791666667,6.32494688034058
53.8078125,6.32494688034058
53.8111458333333,6.32500648498535
53.8144791666667,6.3251256942749
53.8178125,6.32530450820923
53.8211458333333,6.32554292678833
53.8244791666667,6.32584095001221
53.8278125,6.32619857788086
53.8311458333333,6.32661581039429
53.8344791666667,6.32715225219727
53.8378125,6.32780790328979
53.8411458333333,6.32846355438232
53.8444791666667,6.32929801940918
53.8478125,6.33019208908081
53.8511458333333,6.33114576339722
53.8544791666667,6.3321590423584
53.8578125,6.33329153060913
53.8611458333333,6.33448362350464
53.8644791666667,6.33573532104492
53.8678125,6.33704662322998
53.8711458333333,6.33829832077026
53.8744791666667,6.33955001831055
53.8778125,6.34074211120605
53.8811458333333,6.34187459945679
53.8844791666667,6.34288787841797
53.8878125,6.3437819480896
53.8911458333333,6.34455680847168
53.8944791666667,6.34521245956421
53.8978125,6.34574890136719
53.9011458333333,6.34616613388062
53.9044791666667,6.34658336639404
53.9078125,6.3469409942627
53.9111458333333,6.34729862213135
53.9144791666667,6.34759664535522
53.9178125,6.34795427322388
53.9211458333333,6.34819269180298
53.9244791666667,6.34849071502686
53.9278125,6.34872913360596
53.9311458333333,6.34890794754028
53.9344791666667,6.34902715682983
53.9378125,6.34908676147461
53.9411458333333,6.34920597076416
53.9444791666667,6.34932518005371
53.9478125,6.34944438934326
53.9511458333333,6.34974241256714
53.9544791666667,6.35010004043579
53.9578125,6.35057687759399
53.9611458333333,6.3512921333313
53.9644791666667,6.35218620300293
53.9678125,6.35325908660889
53.9711458333333,6.35451078414917
53.9744791666667,6.355881690979
53.9778125,6.35749101638794
53.9811458333333,6.35915994644165
53.9844791666667,6.36094808578491
53.9878125,6.36279582977295
53.9911458333333,6.36470317840576
53.9944791666667,6.36661052703857
53.9978125,6.36845827102661
54.0011458333333,6.37030601501465
54.0044791666667,6.37197494506836
54.0078125,6.37358427047729
54.0111458333333,6.37507438659668
54.0144791666667,6.37644529342651
54.0178125,6.37763738632202
54.0211458333333,6.3786506652832
54.0244791666667,6.37960433959961
54.0278125,6.38037919998169
54.0311458333333,6.38103485107422
54.0344791666667,6.38163089752197
54.0378125,6.38216733932495
54.0411458333333,6.38258457183838
54.0444791666667,6.38306140899658
54.0478125,6.38353824615479
54.0511458333333,6.38407468795776
54.0544791666667,6.38473033905029
54.0578125,6.38556480407715
54.0611458333333,6.38657808303833
54.0644791666667,6.38777017593384
54.0678125,6.38914108276367
54.0711458333333,6.39069080352783
54.0744791666667,6.39241933822632
54.0778125,6.39420747756958
54.0811458333333,6.39599561691284
54.0844791666667,6.39790296554565
54.0878125,6.39969110488892
54.0911458333333,6.40147924423218
54.0944791666667,6.40308856964111
54.0978125,6.40469789505005
54.1011458333333,6.40612840652466
54.1044791666667,6.40749931335449
54.1078125,6.40875101089478
54.1111458333333,6.40994310379028
54.1144791666667,6.41107559204102
54.1178125,6.41214847564697
54.1211458333333,6.41316175460815
54.1244791666667,6.41417503356934
54.1278125,6.41512870788574
54.1311458333333,6.41608238220215
54.1344791666667,6.41697645187378
54.1378125,6.41793012619019
54.1411458333333,6.41882419586182
54.1444791666667,6.419837474823
54.1478125,6.42091035842896
54.1511458333333,6.42216205596924
54.1544791666667,6.4234733581543
54.1578125,6.42502307891846
54.1611458333333,6.42669200897217
54.1644791666667,6.42853975296021
54.1678125,6.43050670623779
54.1711458333333,6.43259286880493
54.1744791666667,6.43467903137207
54.1778125,6.43688440322876
54.1811458333333,6.43908977508545
54.1844791666667,6.44129514694214
54.1878125,6.44350051879883
54.1911458333333,6.44570589065552
54.1944791666667,6.44785165786743
54.1978125,6.44993782043457
54.2011458333333,6.45196437835693
54.2044791666667,6.45393133163452
54.2078125,6.45571947097778
54.2111458333333,6.45744800567627
54.2144791666667,6.45893812179565
54.2178125,6.46024942398071
54.2211458333333,6.46132230758667
54.2244791666667,6.4622163772583
54.2278125,6.46293163299561
54.2311458333333,6.46340847015381
54.2344791666667,6.46370649337769
54.2378125,6.46382570266724
54.2411458333333,6.46382570266724
54.2444791666667,6.46370649337769
54.2478125,6.46358728408813
54.2511458333333,6.46340847015381
54.2544791666667,6.46322965621948
54.2578125,6.46305084228516
54.2611458333333,6.46293163299561
54.2644791666667,6.46281242370605
54.2678125,6.46275281906128
54.2711458333333,6.46275281906128
54.2744791666667,6.46287202835083
54.2778125,6.46305084228516
54.2811458333333,6.46334886550903
54.2844791666667,6.46376609802246
54.2878125,6.46436214447021
54.2911458333333,6.46513700485229
54.2944791666667,6.4660906791687
54.2978125,6.46722316741943
54.3011458333333,6.46847486495972
54.3044791666667,6.46984577178955
54.3078125,6.47121667861938
54.3111458333333,6.47258758544922
54.3144791666667,6.47395849227905
54.3178125,6.47515058517456
54.3211458333333,6.47622346878052
54.3244791666667,6.47717714309692
54.3278125,6.47789239883423
54.3311458333333,6.47842884063721
54.3344791666667,6.47878646850586
54.3378125,6.47902488708496
54.3411458333333,6.47914409637451
54.3444791666667,6.47926330566406
54.3478125,6.47932291030884
54.3511458333333,6.47944211959839
54.3544791666667,6.47968053817749
54.3578125,6.47997856140137
54.3611458333333,6.48045539855957
54.3644791666667,6.48105144500732
54.3678125,6.4818263053894
54.3711458333333,6.48283958435059
54.3744791666667,6.48397207260132
54.3778125,6.48534297943115
54.3811458333333,6.48689270019531
54.3844791666667,6.48868083953857
54.3878125,6.49058818817139
54.3911458333333,6.49261474609375
54.3944791666667,6.49482011795044
54.3978125,6.4970850944519
54.4011458333333,6.49940967559814
54.4044791666667,6.50179386138916
54.4078125,6.50417804718018
54.4111458333333,6.50650262832642
54.4144791666667,6.50876760482788
54.4178125,6.51091337203979
54.4211458333333,6.51293992996216
54.4244791666667,6.5147876739502
54.4278125,6.51651620864868
54.4311458333333,6.51806592941284
54.4344791666667,6.51943683624268
54.4378125,6.52068853378296
54.4411458333333,6.52182102203369
54.4444791666667,6.52289390563965
54.4478125,6.52384757995605
54.4511458333333,6.52468204498291
54.4544791666667,6.52551651000977
54.4578125,6.52629137039185
54.4611458333333,6.52706623077393
54.4644791666667,6.52772188186646
54.4678125,6.52837753295898
54.4711458333333,6.52903318405151
54.4744791666667,6.52962923049927
54.4778125,6.53022527694702
54.4811458333333,6.53088092803955
54.4844791666667,6.53165578842163
54.4878125,6.53243064880371
54.4911458333333,6.53332471847534
54.4944791666667,6.53427839279175
54.4978125,6.53529167175293
54.5011458333333,6.53636455535889
54.5044791666667,6.53749704360962
54.5078125,6.53856992721558
54.5111458333333,6.53970241546631
54.5144791666667,6.54077529907227
54.5178125,6.54184818267822
54.5211458333333,6.5428614616394
54.5244791666667,6.54387474060059
54.5278125,6.54482841491699
54.5311458333333,6.54572248458862
54.5344791666667,6.54655694961548
54.5378125,6.54733180999756
54.5411458333333,6.54804706573486
54.5444791666667,6.54870271682739
54.5478125,6.5491795539856
54.5511458333333,6.5496563911438
54.5544791666667,6.55001401901245
54.5578125,6.55031204223633
54.5611458333333,6.55061006546021
54.5644791666667,6.55090808868408
54.5678125,6.55114650726318
54.5711458333333,6.55150413513184
54.5744791666667,6.55186176300049
54.5778125,6.55233860015869
54.5811458333333,6.55281543731689
54.5844791666667,6.55341148376465
54.5878125,6.55406713485718
54.5911458333333,6.55484199523926
54.5944791666667,6.55573606491089
54.5978125,6.55668973922729
54.6011458333333,6.55782222747803
54.6044791666667,6.55907392501831
54.6078125,6.56038522720337
54.6111458333333,6.56187534332275
54.6144791666667,6.56342506408691
54.6178125,6.56503438949585
54.6211458333333,6.56664371490479
54.6244791666667,6.56825304031372
54.6278125,6.56986236572266
54.6311458333333,6.57141208648682
54.6344791666667,6.57284259796143
54.6378125,6.57427310943604
54.6411458333333,6.57558441162109
54.6444791666667,6.57683610916138
54.6478125,6.57796859741211
54.6511458333333,6.57904148101807
54.6544791666667,6.57999515533447
54.6578125,6.58082962036133
54.6611458333333,6.58148527145386
54.6644791666667,6.58214092254639
54.6678125,6.58261775970459
54.6711458333333,6.58309459686279
54.6744791666667,6.583571434021
54.6778125,6.5840482711792
54.6811458333333,6.58464431762695
54.6844791666667,6.58535957336426
54.6878125,6.58619403839111
54.6911458333333,6.58726692199707
54.6944791666667,6.58851861953735
54.6978125,6.59000873565674
54.7011458333333,6.59167766571045
54.7044791666667,6.59352540969849
54.7078125,6.59555196762085
54.7111458333333,6.59763813018799
54.7144791666667,6.59984350204468
54.7178125,6.60210847854614
54.7211458333333,6.60437345504761
54.7244791666667,6.60663843154907
54.7278125,6.60884380340576
54.7311458333333,6.6109299659729
54.7344791666667,6.61289691925049
54.7378125,6.61474466323853
54.7411458333333,6.61641359329224
54.7444791666667,6.61790370941162
54.7478125,6.61921501159668
54.7511458333333,6.62028789520264
54.7544791666667,6.62118196487427
54.7578125,6.62189722061157
54.7611458333333,6.62243366241455
54.7644791666667,6.6227912902832
54.7678125,6.62297010421753
54.7711458333333,6.6230297088623
54.7744791666667,6.62297010421753
54.7778125,6.62285089492798
54.7811458333333,6.62261247634888
54.7844791666667,6.62225484848022
54.7878125,6.62189722061157
54.7911458333333,6.62147998809814
54.7944791666667,6.62106275558472
54.7978125,6.62064552307129
54.8011458333333,6.62028789520264
54.8044791666667,6.61998987197876
54.8078125,6.61987066268921
54.8111458333333,6.61981105804443
54.8144791666667,6.61998987197876
54.8178125,6.62034749984741
54.8211458333333,6.62088394165039
54.8244791666667,6.6215991973877
54.8278125,6.62249326705933
54.8311458333333,6.62350654602051
54.8344791666667,6.62457942962646
54.8378125,6.6257119178772
54.8411458333333,6.62678480148315
54.8444791666667,6.62785768508911
54.8478125,6.62875175476074
54.8511458333333,6.6295862197876
54.8544791666667,6.63024187088013
54.8578125,6.63083791732788
54.8611458333333,6.63137435913086
54.8644791666667,6.63185119628906
54.8678125,6.63232803344727
54.8711458333333,6.63280487060547
54.8744791666667,6.63334131240845
54.8778125,6.6339373588562
54.8811458333333,6.63465261459351
54.8844791666667,6.63536787033081
54.8878125,6.63620233535767
54.8911458333333,6.63703680038452
54.8944791666667,6.63799047470093
54.8978125,6.63906335830688
54.9011458333333,6.64019584655762
54.9044791666667,6.64150714874268
54.9078125,6.64305686950684
54.9111458333333,6.64472579956055
54.9144791666667,6.64669275283813
54.9178125,6.64889812469482
54.9211458333333,6.65134191513062
54.9244791666667,6.65408372879028
54.9278125,6.65706396102905
54.9311458333333,6.66028261184692
54.9344791666667,6.6637396812439
54.9378125,6.66731595993042
54.9411458333333,6.67101144790649
54.9444791666667,6.67476654052734
54.9478125,6.67864084243774
54.9511458333333,6.68245553970337
54.9544791666667,6.68627023696899
54.9578125,6.69002532958984
54.9611458333333,6.69372081756592
54.9644791666667,6.69723749160767
54.9678125,6.70057535171509
54.9711458333333,6.70379400253296
54.9744791666667,6.70677423477173
54.9778125,6.7095160484314
54.9811458333333,6.71201944351196
54.9844791666667,6.71422481536865
54.9878125,6.71619176864624
54.9911458333333,6.71786069869995
54.9944791666667,6.71935081481934
54.9978125,6.72054290771484
55.0011458333333,6.72155618667603
55.0044791666667,6.72239065170288
55.0078125,6.72304630279541
55.0111458333333,6.72358274459839
55.0144791666667,6.72399997711182
55.0178125,6.72435760498047
55.0211458333333,6.72471523284912
55.0244791666667,6.72513246536255
55.0278125,6.72560930252075
55.0311458333333,6.72614574432373
55.0344791666667,6.72686100006104
55.0378125,6.72769546508789
55.0411458333333,6.7286491394043
55.0444791666667,6.72972202301025
55.0478125,6.73085451126099
55.0511458333333,6.73204660415649
55.0544791666667,6.733238697052
55.0578125,6.73443078994751
55.0611458333333,6.73556327819824
55.0644791666667,6.73669576644897
55.0678125,6.73782825469971
55.0711458333333,6.73890113830566
55.0744791666667,6.73991441726685
55.0778125,6.74092769622803
55.0811458333333,6.74194097518921
55.0844791666667,6.74289464950562
55.0878125,6.74378871917725
55.0911458333333,6.7446231842041
55.0944791666667,6.74533843994141
55.0978125,6.74593448638916
55.1011458333333,6.74641132354736
55.1044791666667,6.74682855606079
55.1078125,6.74712657928467
55.1111458333333,6.74730539321899
55.1144791666667,6.74742460250854
55.1178125,6.74748420715332
55.1211458333333,6.7475438117981
55.1244791666667,6.74760341644287
55.1278125,6.7477822303772
55.1311458333333,6.7480206489563
55.1344791666667,6.74837827682495
55.1378125,6.74891471862793
55.1411458333333,6.74968957901001
55.1444791666667,6.75064325332642
55.1478125,6.7518949508667
55.1511458333333,6.75332546234131
55.1544791666667,6.75493478775024
55.1578125,6.75672292709351
55.1611458333333,6.75868988037109
55.1644791666667,6.76065683364868
55.1678125,6.76274299621582
55.1711458333333,6.76482915878296
55.1744791666667,6.76697492599487
55.1778125,6.76906108856201
55.1811458333333,6.77114725112915
55.1844791666667,6.77323341369629
55.1878125,6.77531957626343
55.1911458333333,6.77734613418579
55.1944791666667,6.77937269210815
55.1978125,6.78133964538574
55.2011458333333,6.78318738937378
55.2044791666667,6.78497552871704
55.2078125,6.78658485412598
55.2111458333333,6.78807497024536
55.2144791666667,6.78938627243042
55.2178125,6.79057836532593
55.2211458333333,6.79153203964233
55.2244791666667,6.79224729537964
55.2278125,6.79284334182739
55.2311458333333,6.7933201789856
55.2344791666667,6.79361820220947
55.2378125,6.79385662078857
55.2411458333333,6.79409503936768
55.2444791666667,6.794273853302
55.2478125,6.7945122718811
55.2511458333333,6.79481029510498
55.2544791666667,6.79516792297363
55.2578125,6.79558515548706
55.2611458333333,6.79612159729004
55.2644791666667,6.79671764373779
55.2678125,6.7974328994751
55.2711458333333,6.79820775985718
55.2744791666667,6.79904222488403
55.2778125,6.79999589920044
55.2811458333333,6.80100917816162
55.2844791666667,6.80208206176758
55.2878125,6.80321455001831
55.2911458333333,6.80440664291382
55.2944791666667,6.8056583404541
55.2978125,6.80696964263916
55.3011458333333,6.80828094482422
55.3044791666667,6.80971145629883
55.3078125,6.81114196777344
55.3111458333333,6.81263208389282
55.3144791666667,6.81406259536743
55.3178125,6.81543350219727
55.3211458333333,6.81674480438232
55.3244791666667,6.81793689727783
55.3278125,6.81895017623901
55.3311458333333,6.81978464126587
55.3344791666667,6.8204402923584
55.3378125,6.82085752487183
55.3411458333333,6.8211555480957
55.3444791666667,6.82127475738525
55.3478125,6.82121515274048
55.3511458333333,6.82109594345093
55.3544791666667,6.8209171295166
55.3578125,6.82073831558228
55.3611458333333,6.82055950164795
55.3644791666667,6.82038068771362
55.3678125,6.82032108306885
55.3711458333333,6.82032108306885
55.3744791666667,6.8204402923584
55.3778125,6.82073831558228
55.3811458333333,6.82121515274048
55.3844791666667,6.82181119918823
55.3878125,6.82258605957031
55.3911458333333,6.82348012924194
55.3944791666667,6.82449340820313
55.3978125,6.82568550109863
55.4011458333333,6.82693719863892
55.4044791666667,6.8281888961792
55.4078125,6.82955980300903
55.4111458333333,6.83093070983887
55.4144791666667,6.8323016166687
55.4178125,6.83367252349854
55.4211458333333,6.83498382568359
55.4244791666667,6.83629512786865
55.4278125,6.83748722076416
55.4311458333333,6.83861970901489
55.4344791666667,6.83969259262085
55.4378125,6.84070587158203
55.4411458333333,6.84159994125366
55.4444791666667,6.84243440628052
55.4478125,6.8432092666626
55.4511458333333,6.84386491775513
55.4544791666667,6.84446096420288
55.4578125,6.84499740600586
55.4611458333333,6.84559345245361
55.4644791666667,6.84612989425659
55.4678125,6.84672594070435
55.4711458333333,6.84744119644165
55.4744791666667,6.84827566146851
55.4778125,6.84934854507446
55.4811458333333,6.85060024261475
55.4844791666667,6.85220956802368
55.4878125,6.85405731201172
55.4911458333333,6.85620307922363
55.4944791666667,6.85858726501465
55.4978125,6.86132907867432
55.5011458333333,6.86424970626831
55.5044791666667,6.86746835708618
55.5078125,6.8708062171936
55.5111458333333,6.87438249588013
55.5144791666667,6.87801837921143
55.5178125,6.88177347183228
55.5211458333333,6.8855881690979
55.5244791666667,6.88952207565308
55.5278125,6.89345598220825
55.5311458333333,6.89738988876343
55.5344791666667,6.90126419067383
55.5378125,6.90507888793945
55.5411458333333,6.90877437591553
55.5444791666667,6.91229104995728
55.5478125,6.9156289100647
55.5511458333333,6.91866874694824
55.5544791666667,6.92147016525269
55.5578125,6.92397356033325
55.5611458333333,6.92617893218994
55.5644791666667,6.92808628082275
55.5678125,6.92969560623169
55.5711458333333,6.93106651306152
55.5744791666667,6.93207979202271
55.5778125,6.93291425704956
55.5811458333333,6.93345069885254
55.5844791666667,6.93374872207642
55.5878125,6.93386793136597
55.5911458333333,6.93386793136597
55.5944791666667,6.93362951278687
55.5978125,6.93333148956299
55.6011458333333,6.93297386169434
55.6044791666667,6.93261623382568
55.6078125,6.93225860595703
55.6111458333333,6.93202018737793
55.6144791666667,6.93190097808838
55.6178125,6.93190097808838
55.6211458333333,6.93213939666748
55.6244791666667,6.93255662918091
55.6278125,6.93315267562866
55.6311458333333,6.93398714065552
55.6344791666667,6.9350004196167
55.6378125,6.93607330322266
55.6411458333333,6.93732500076294
55.6444791666667,6.93857669830322
55.6478125,6.93988800048828
55.6511458333333,6.94119930267334
55.6544791666667,6.94239139556885
55.6578125,6.94358348846436
55.6611458333333,6.94465637207031
55.6644791666667,6.94561004638672
55.6678125,6.94644451141357
55.6711458333333,6.94721937179565
55.6744791666667,6.94781541824341
55.6778125,6.94841146469116
55.6811458333333,6.94882869720459
55.6844791666667,6.94924592971802
55.6878125,6.94954395294189
55.6911458333333,6.94984197616577
55.6944791666667,6.9500207901001
55.6978125,6.95019960403442
55.7011458333333,6.95031881332397
55.7044791666667,6.95043802261353
55.7078125,6.9504976272583
55.7111458333333,6.9504976272583
55.7144791666667,6.95055723190308
55.7178125,6.95055723190308
55.7211458333333,6.95055723190308
55.7244791666667,6.95061683654785
55.7278125,6.9507360458374
55.7311458333333,6.95091485977173
55.7344791666667,6.95121288299561
55.7378125,6.95174932479858
55.7411458333333,6.95240497589111
55.7444791666667,6.95335865020752
55.7478125,6.95455074310303
55.7511458333333,6.95598125457764
55.7544791666667,6.95770978927612
55.7578125,6.95973634719849
55.7611458333333,6.96206092834473
55.7644791666667,6.96450471878052
55.7678125,6.96712732315063
55.7711458333333,6.9698691368103
55.7744791666667,6.97267055511475
55.7778125,6.97547197341919
55.7811458333333,6.97827339172363
55.7844791666667,6.98095560073853
55.7878125,6.98357820510864
55.7911458333333,6.98608160018921
55.7944791666667,6.98846578598022
55.7978125,6.99073076248169
55.8011458333333,6.99293613433838
55.8044791666667,6.99502229690552
55.8078125,6.99704885482788
55.8111458333333,6.99901580810547
55.8144791666667,7.00092315673828
55.8178125,7.00277090072632
55.8211458333333,7.0044994354248
55.8244791666667,7.00616836547852
55.8278125,7.00777769088745
55.8311458333333,7.00920820236206
55.8344791666667,7.01057910919189
55.8378125,7.01183080673218
55.8411458333333,7.01296329498291
55.8444791666667,7.01397657394409
55.8478125,7.0149302482605
55.8511458333333,7.0158839225769
55.8544791666667,7.01677799224854
55.8578125,7.01779127120972
55.8611458333333,7.0188045501709
55.8644791666667,7.01999664306641
55.8678125,7.02136754989624
55.8711458333333,7.02279806137085
55.8744791666667,7.02440738677979
55.8778125,7.0260763168335
55.8811458333333,7.02780485153198
55.8844791666667,7.02953338623047
55.8878125,7.0311427116394
55.8911458333333,7.03275203704834
55.8944791666667,7.03418254852295
55.8978125,7.03549385070801
55.9011458333333,7.03668594360352
55.9044791666667,7.03775882720947
55.9078125,7.03871250152588
55.9111458333333,7.03960657119751
55.9144791666667,7.04038143157959
55.9178125,7.04109668731689
55.9211458333333,7.04175233840942
55.9244791666667,7.04234838485718
55.9278125,7.04288482666016
55.9311458333333,7.04336166381836
55.9344791666667,7.04371929168701
55.9378125,7.04401731491089
55.9411458333333,7.04419612884521
55.9444791666667,7.04425573348999
55.9478125,7.04425573348999
55.9511458333333,7.04419612884521
55.9544791666667,7.04401731491089
55.9578125,7.04383850097656
55.9611458333333,7.04365968704224
55.9644791666667,7.04354047775269
55.9678125,7.04342126846313
55.9711458333333,7.04348087310791
55.9744791666667,7.04360008239746
55.9778125,7.04383850097656
55.9811458333333,7.04425573348999
55.9844791666667,7.04491138458252
55.9878125,7.04574584960938
55.9911458333333,7.04681873321533
55.9944791666667,7.04813003540039
55.9978125,7.04967975616455
56.0011458333333,7.05152750015259
56.0044791666667,7.05355405807495
56.0078125,7.05587863922119
56.0111458333333,7.05844163894653
56.0144791666667,7.06112384796143
56.0178125,7.06398487091064
56.0211458333333,7.06690549850464
56.0244791666667,7.06988573074341
56.0278125,7.07286596298218
56.0311458333333,7.0757269859314
56.0344791666667,7.07852840423584
56.0378125,7.08115100860596
56.0411458333333,7.08353519439697
56.0444791666667,7.08574056625366
56.0478125,7.08776712417603
56.0511458333333,7.08949565887451
56.0544791666667,7.09104537963867
56.0578125,7.09235668182373
56.0611458333333,7.09354877471924
56.0644791666667,7.09450244903564
56.0678125,7.0953369140625
56.0711458333333,7.09599256515503
56.0744791666667,7.09658861160278
56.0778125,7.09712505340576
56.0811458333333,7.09760189056396
56.0844791666667,7.09801912307739
56.0878125,7.09843635559082
56.0911458333333,7.09885358810425
56.0944791666667,7.09927082061768
56.0978125,7.09974765777588
56.1011458333333,7.10034370422363
56.1044791666667,7.10093975067139
56.1078125,7.10171461105347
56.1111458333333,7.1026086807251
56.1144791666667,7.10368156433105
56.1178125,7.10487365722656
56.1211458333333,7.10630416870117
56.1244791666667,7.10791349411011
56.1278125,7.10970163345337
56.1311458333333,7.11166858673096
56.1344791666667,7.1137547492981
56.1378125,7.11596012115479
56.1411458333333,7.1181058883667
56.1444791666667,7.12031126022339
56.1478125,7.12239742279053
56.1511458333333,7.12436437606812
56.1544791666667,7.12615251541138
56.1578125,7.12782144546509
56.1611458333333,7.1292519569397
56.1644791666667,7.13056325912476
56.1678125,7.13175535202026
56.1711458333333,7.13276863098145
56.1744791666667,7.1336030960083
56.1778125,7.13437795639038
56.1811458333333,7.13503360748291
56.1844791666667,7.13557004928589
56.1878125,7.13598728179932
56.1911458333333,7.13622570037842
56.1944791666667,7.13634490966797
56.1978125,7.13634490966797
56.2011458333333,7.13616609573364
56.2044791666667,7.13586807250977
56.2078125,7.13551044464111
56.2111458333333,7.13509321212769
56.2144791666667,7.13461637496948
56.2178125,7.13419914245605
56.2211458333333,7.13390111923218
56.2244791666667,7.13372230529785
56.2278125,7.13372230529785
56.2311458333333,7.13402032852173
56.2344791666667,7.13449716567993
56.2378125,7.13527202606201
56.2411458333333,7.13634490966797
56.2444791666667,7.13765621185303
56.2478125,7.13932514190674
56.2511458333333,7.14123249053955
56.2544791666667,7.14337825775146
56.2578125,7.14576244354248
56.2611458333333,7.1483850479126
56.2644791666667,7.15118646621704
56.2678125,7.15416669845581
56.2711458333333,7.15732574462891
56.2744791666667,7.16054439544678
56.2778125,7.1638822555542
56.2811458333333,7.16722011566162
56.2844791666667,7.17049837112427
56.2878125,7.17371702194214
56.2911458333333,7.17675685882568
56.2944791666667,7.17973709106445
56.2978125,7.18247890472412
56.3011458333333,7.18510150909424
56.3044791666667,7.18748569488525
56.3078125,7.18969106674194
56.3111458333333,7.19171762466431
56.3144791666667,7.19350576400757
56.3178125,7.19517469406128
56.3211458333333,7.19660520553589
56.3244791666667,7.19785690307617
56.3278125,7.19892978668213
56.3311458333333,7.19982385635376
56.3344791666667,7.20053911209106
56.3378125,7.20113515853882
56.3411458333333,7.2016716003418
56.3444791666667,7.20202922821045
56.3478125,7.2023868560791
56.3511458333333,7.2026252746582
56.3544791666667,7.20292329788208
56.3578125,7.20322132110596
56.3611458333333,7.20351934432983
56.3644791666667,7.20393657684326
56.3678125,7.20441341400146
56.3711458333333,7.20500946044922
56.3744791666667,7.20572471618652
56.3778125,7.20655918121338
56.3811458333333,7.20757246017456
56.3844791666667,7.20876455307007
56.3878125,7.21019506454468
56.3911458333333,7.21180438995361
56.3944791666667,7.21365213394165
56.3978125,7.21567869186401
56.4011458333333,7.2178840637207
56.4044791666667,7.22026824951172
56.4078125,7.22277164459229
56.4111458333333,7.22527503967285
56.4144791666667,7.22783803939819
56.4178125,7.23028182983398
56.4211458333333,7.23260641098022
56.4244791666667,7.23481178283691
56.4278125,7.23683834075928
56.4311458333333,7.23874568939209
56.4344791666667,7.24047422409058
56.4378125,7.24208354949951
56.4411458333333,7.2435736656189
56.4444791666667,7.24494457244873
56.4478125,7.24625587463379
56.4511458333333,7.24750757217407
56.4544791666667,7.24869966506958
56.4578125,7.24977254867554
56.4611458333333,7.25072622299194
56.4644791666667,7.2515606880188
56.4678125,7.2522759437561
56.4711458333333,7.25287199020386
56.4744791666667,7.25340843200684
56.4778125,7.25382566452026
56.4811458333333,7.25424289703369
56.4844791666667,7.25466012954712
56.4878125,7.25513696670532
56.4911458333333,7.2556734085083
56.4944791666667,7.25632905960083
56.4978125,7.25710391998291
56.5011458333333,7.25805759429932
56.5044791666667,7.25924968719482
56.5078125,7.26056098937988
56.5111458333333,7.26205110549927
56.5144791666667,7.26372003555298
56.5178125,7.26556777954102
56.5211458333333,7.2675347328186
56.5244791666667,7.26968050003052
56.5278125,7.27200508117676
56.5311458333333,7.27438926696777
56.5344791666667,7.27689266204834
56.5378125,7.27945566177368
56.5411458333333,7.28201866149902
56.5444791666667,7.28464126586914
56.5478125,7.28720426559448
56.5511458333333,7.28970766067505
56.5544791666667,7.29203224182129
56.5578125,7.29423761367798
56.5611458333333,7.29620456695557
56.5644791666667,7.29799270629883
56.5678125,7.29954242706299
56.5711458333333,7.30085372924805
56.5744791666667,7.301926612854
56.5778125,7.30276107788086
56.5811458333333,7.30335712432861
56.5844791666667,7.30371475219727
56.5878125,7.30389356613159
56.5911458333333,7.30389356613159
56.5944791666667,7.30371475219727
56.5978125,7.30335712432861
56.6011458333333,7.30288028717041
56.6044791666667,7.30234384536743
56.6078125,7.30180740356445
56.6111458333333,7.30133056640625
56.6144791666667,7.30091333389282
56.6178125,7.30061531066895
56.6211458333333,7.30049610137939
56.6244791666667,7.30049610137939
56.6278125,7.30067491531372
56.6311458333333,7.30103254318237
56.6344791666667,7.30156898498535
56.6378125,7.30234384536743
56.6411458333333,7.30323791503906
56.6444791666667,7.30437040328979
56.6478125,7.30568170547485
56.6511458333333,7.30729103088379
56.6544791666667,7.30913877487183
56.6578125,7.31116533279419
56.6611458333333,7.31348991394043
56.6644791666667,7.31605291366577
56.6678125,7.31879472732544
56.6711458333333,7.32165575027466
56.6744791666667,7.3246955871582
56.6778125,7.32779502868652
56.6811458333333,7.33095407485962
56.6844791666667,7.33417272567749
56.6878125,7.33739137649536
56.6911458333333,7.34061002731323
56.6944791666667,7.3438286781311
56.6978125,7.3469877243042
56.7011458333333,7.35008716583252
56.7044791666667,7.35312700271606
56.7078125,7.35598802566528
56.7111458333333,7.35872983932495
56.7144791666667,7.36129283905029
56.7178125,7.36361742019653
56.7211458333333,7.36570358276367
56.7244791666667,7.36755132675171
56.7278125,7.36916065216064
56.7311458333333,7.37053155899048
56.7344791666667,7.37166404724121
56.7378125,7.37261772155762
56.7411458333333,7.37345218658447
56.7444791666667,7.374107837677
56.7478125,7.37476348876953
56.7511458333333,7.37535953521729
56.7544791666667,7.37601518630981
56.7578125,7.37673044204712
56.7611458333333,7.37756490707397
56.7644791666667,7.37857818603516
56.7678125,7.37965106964111
56.7711458333333,7.38084316253662
56.7744791666667,7.38215446472168
56.7778125,7.38358497619629
56.7811458333333,7.38507509231567
56.7844791666667,7.38668441772461
56.7878125,7.38835334777832
56.7911458333333,7.39002227783203
56.7944791666667,7.39181041717529
56.7978125,7.39359855651855
56.8011458333333,7.39544630050659
56.8044791666667,7.3973536491394
56.8078125,7.39926099777222
56.8111458333333,7.4012279510498
56.8144791666667,7.40313529968262
56.8178125,7.40504264831543
56.8211458333333,7.40689039230347
56.8244791666667,7.40861892700195
56.8278125,7.41028785705566
56.8311458333333,7.41183757781982
56.8344791666667,7.41326808929443
56.8378125,7.41446018218994
56.8411458333333,7.4155330657959
56.8444791666667,7.41630792617798
56.8478125,7.41690397262573
56.8511458333333,7.41732120513916
56.8544791666667,7.41755962371826
56.8578125,7.41761922836304
56.8611458333333,7.41750001907349
56.8644791666667,7.41732120513916
56.8678125,7.41708278656006
56.8711458333333,7.41678476333618
56.8744791666667,7.4164867401123
56.8778125,7.41612911224365
56.8811458333333,7.41583108901978
56.8844791666667,7.4155330657959
56.8878125,7.4152946472168
56.8911458333333,7.41517543792725
56.8944791666667,7.4150562286377
56.8978125,7.4150562286377
56.9011458333333,7.41511583328247
56.9044791666667,7.41541385650635
56.9078125,7.41583108901978
56.9111458333333,7.41642713546753
56.9144791666667,7.41732120513916
56.9178125,7.41839408874512
56.9211458333333,7.41970539093018
56.9244791666667,7.42125511169434
56.9278125,7.42310285568237
56.9311458333333,7.42512941360474
56.9344791666667,7.42733478546143
56.9378125,7.42965936660767
56.9411458333333,7.43210315704346
56.9444791666667,7.43460655212402
56.9478125,7.43710994720459
56.9511458333333,7.43955373764038
56.9544791666667,7.4419379234314
56.9578125,7.44420289993286
56.9611458333333,7.44634866714478
56.9644791666667,7.44843482971191
56.9678125,7.45046138763428
56.9711458333333,7.45236873626709
56.9744791666667,7.4542760848999
56.9778125,7.45618343353271
56.9811458333333,7.45803117752075
56.9844791666667,7.45981931686401
56.9878125,7.4615478515625
56.9911458333333,7.46321678161621
56.9944791666667,7.46476650238037
56.9978125,7.46619701385498
57.0011458333333,7.46738910675049
57.0044791666667,7.46846199035645
57.0078125,7.46923685073853
57.0111458333333,7.46989250183105
57.0144791666667,7.47025012969971
57.0178125,7.47048854827881
57.0211458333333,7.47060775756836
57.0244791666667,7.47054815292358
57.0278125,7.47036933898926
57.0311458333333,7.47019052505493
57.0344791666667,7.47001171112061
57.0378125,7.46989250183105
57.0411458333333,7.46989250183105
57.0444791666667,7.47001171112061
57.0478125,7.47030973434448
57.0511458333333,7.47078657150269
57.0544791666667,7.47150182723999
57.0578125,7.4724555015564
57.0611458333333,7.47358798980713
57.0644791666667,7.47495889663696
57.0678125,7.47650861740112
57.0711458333333,7.47823715209961
57.0744791666667,7.48008489608765
57.0778125,7.48211145401001
57.0811458333333,7.48413801193237
57.0844791666667,7.48622417449951
57.0878125,7.48836994171143
57.0911458333333,7.49045610427856
57.0944791666667,7.4925422668457
57.0978125,7.49462842941284
57.1011458333333,7.49659538269043
57.1044791666667,7.49856233596802
57.1078125,7.50046968460083
57.1111458333333,7.50231742858887
57.1144791666667,7.5041651725769
57.1178125,7.50595331192017
57.1211458333333,7.50768184661865
57.1244791666667,7.50935077667236
57.1278125,7.5109601020813
57.1311458333333,7.51245021820068
57.1344791666667,7.51382112503052
57.1378125,7.51501321792603
57.1411458333333,7.51608610153198
57.1444791666667,7.51692056655884
57.1478125,7.51763582229614
57.1511458333333,7.5182318687439
57.1544791666667,7.51858949661255
57.1578125,7.51888751983643
57.1611458333333,7.51900672912598
57.1644791666667,7.51900672912598
57.1678125,7.51888751983643
57.1711458333333,7.5187087059021
57.1744791666667,7.51852989196777
57.1778125,7.51841068267822
57.1811458333333,7.51829147338867
57.1844791666667,7.51835107803345
57.1878125,7.51858949661255
57.1911458333333,7.51906633377075
57.1944791666667,7.51978158950806
57.1978125,7.52079486846924
57.2011458333333,7.52216577529907
57.2044791666667,7.52383470535278
57.2078125,7.52580165863037
57.2111458333333,7.52800703048706
57.2144791666667,7.53051042556763
57.2178125,7.53319263458252
57.2211458333333,7.53605365753174
57.2244791666667,7.53903388977051
57.2278125,7.54207372665405
57.2311458333333,7.5451135635376
57.2344791666667,7.54815340042114
57.2378125,7.55113363265991
57.2411458333333,7.55405426025391
57.2444791666667,7.55685567855835
57.2478125,7.55959749221802
57.2511458333333,7.56222009658813
57.2544791666667,7.5647234916687
57.2578125,7.56716728210449
57.2611458333333,7.56955146789551
57.2644791666667,7.57187604904175
57.2678125,7.57408142089844
57.2711458333333,7.57622718811035
57.2744791666667,7.57825374603271
57.2778125,7.58016109466553
57.2811458333333,7.58200883865356
57.2844791666667,7.58373737335205
57.2878125,7.58528709411621
57.2911458333333,7.58671760559082
57.2944791666667,7.5879693031311
57.2978125,7.58904218673706
57.3011458333333,7.58999586105347
57.3044791666667,7.59077072143555
57.3078125,7.59142637252808
57.3111458333333,7.59196281433105
57.3144791666667,7.59238004684448
57.3178125,7.59267807006836
57.3211458333333,7.59291648864746
57.3244791666667,7.59321451187134
57.3278125,7.59345293045044
57.3311458333333,7.59375095367432
57.3344791666667,7.59422779083252
57.3378125,7.59482383728027
57.3411458333333,7.59559869766235
57.3444791666667,7.59667158126831
57.3478125,7.59798288345337
57.3511458333333,7.59965181350708
57.3544791666667,7.60161876678467
57.3578125,7.60388374328613
57.3611458333333,7.60644674301147
57.3644791666667,7.60924816131592
57.3678125,7.61234760284424
57.3711458333333,7.61556625366211
57.3744791666667,7.61890411376953
57.3778125,7.62224197387695
57.3811458333333,7.62563943862915
57.3844791666667,7.6289176940918
57.3878125,7.63207674026489
57.3911458333333,7.63505697250366
57.3944791666667,7.63785839080811
57.3978125,7.64048099517822
57.4011458333333,7.64286518096924
57.4044791666667,7.6451301574707
57.4078125,7.64721632003784
57.4111458333333,7.64930248260498
57.4144791666667,7.65126943588257
57.4178125,7.65323638916016
57.4211458333333,7.65520334243774
57.4244791666667,7.65717029571533
57.4278125,7.6591968536377
57.4311458333333,7.66122341156006
57.4344791666667,7.66324996948242
57.4378125,7.66527652740479
57.4411458333333,7.6671838760376
57.4444791666667,7.66903162002563
57.4478125,7.67076015472412
57.4511458333333,7.67236948013306
57.4544791666667,7.67379999160767
57.4578125,7.67505168914795
57.4611458333333,7.67600536346436
57.4644791666667,7.67678022384644
57.4678125,7.67737627029419
57.4711458333333,7.67773389816284
57.4744791666667,7.67785310745239
57.4778125,7.67791271209717
57.4811458333333,7.67785310745239
57.4844791666667,7.67779350280762
57.4878125,7.67767429351807
57.4911458333333,7.67767429351807
57.4944791666667,7.67779350280762
57.4978125,7.67803192138672
57.5011458333333,7.67850875854492
57.5044791666667,7.67916440963745
57.5078125,7.68005847930908
57.5111458333333,7.68119096755981
57.5144791666667,7.68256187438965
57.5178125,7.68411159515381
57.5211458333333,7.68584012985229
57.5244791666667,7.68768787384033
57.5278125,7.68959522247314
57.5311458333333,7.69150257110596
57.5344791666667,7.69335031509399
57.5378125,7.69507884979248
57.5411458333333,7.69662857055664
57.5444791666667,7.69805908203125
57.5478125,7.69931077957153
57.5511458333333,7.70044326782227
57.5544791666667,7.7013373374939
57.5578125,7.70217180252075
57.5611458333333,7.70294666290283
57.5644791666667,7.70360231399536
57.5678125,7.70431756973267
57.5711458333333,7.70509243011475
57.5744791666667,7.70586729049683
57.5778125,7.70676136016846
57.5811458333333,7.70777463912964
57.5844791666667,7.7088475227356
57.5878125,7.70998001098633
57.5911458333333,7.71117210388184
57.5944791666667,7.71236419677734
57.5978125,7.71355628967285
57.6011458333333,7.71462917327881
57.6044791666667,7.71564245223999
57.6078125,7.71653652191162
57.6111458333333,7.71743059158325
57.6144791666667,7.71820545196533
57.6178125,7.71892070770264
57.6211458333333,7.71957635879517
57.6244791666667,7.7202320098877
57.6278125,7.72082805633545
57.6311458333333,7.72148370742798
57.6344791666667,7.72213935852051
57.6378125,7.72279500961304
57.6411458333333,7.72345066070557
57.6444791666667,7.72422552108765
57.6478125,7.72511959075928
57.6511458333333,7.72613286972046
57.6544791666667,7.72744417190552
57.6578125,7.72905349731445
57.6611458333333,7.73096084594727
57.6644791666667,7.73316621780396
57.6678125,7.73578882217407
57.6711458333333,7.73876905441284
57.6744791666667,7.74210691452026
57.6778125,7.74568319320679
57.6811458333333,7.74955749511719
57.6844791666667,7.75361061096191
57.6878125,7.75778293609619
57.6911458333333,7.76207447052002
57.6944791666667,7.76636600494385
57.6978125,7.77065753936768
57.7011458333333,7.7749490737915
57.7044791666667,7.77912139892578
57.7078125,7.78323411941528
57.7111458333333,7.78722763061523
57.7144791666667,7.79110193252563
57.7178125,7.79485702514648
57.7211458333333,7.79855251312256
57.7244791666667,7.80206918716431
57.7278125,7.80552625656128
57.7311458333333,7.8088641166687
57.7344791666667,7.81208276748657
57.7378125,7.81524181365967
57.7411458333333,7.81828165054321
57.7444791666667,7.82126188278198
57.7478125,7.82418251037598
57.7511458333333,7.82698392868042
57.7544791666667,7.82960653305054
57.7578125,7.8321099281311
57.7611458333333,7.83443450927734
57.7644791666667,7.83646106719971
57.7678125,7.83824920654297
57.7711458333333,7.83973932266235
57.7744791666667,7.84093141555786
57.7778125,7.84176588058472
57.7811458333333,7.84236192703247
57.7844791666667,7.84260034561157
57.7878125,7.84265995025635
57.7911458333333,7.8425407409668
57.7944791666667,7.84224271774292
57.7978125,7.84182548522949
57.8011458333333,7.84134864807129
57.8044791666667,7.84081220626831
57.8078125,7.84039497375488
57.8111458333333,7.83997774124146
57.8144791666667,7.8396201133728
57.8178125,7.83944129943848
57.8211458333333,7.83944129943848
57.8244791666667,7.8396201133728
57.8278125,7.83997774124146
57.8311458333333,7.84051418304443
57.8344791666667,7.84122943878174
57.8378125,7.84218311309814
57.8411458333333,7.84331560134888
57.8444791666667,7.84456729888916
57.8478125,7.84605741500854
57.8511458333333,7.84766674041748
57.8544791666667,7.84939527511597
57.8578125,7.85130262374878
57.8611458333333,7.85332918167114
57.8644791666667,7.85541534423828
57.8678125,7.85750150680542
57.8711458333333,7.85964727401733
57.8744791666667,7.86179304122925
57.8778125,7.86381959915161
57.8811458333333,7.8657865524292
57.8844791666667,7.86769390106201
57.8878125,7.86948204040527
57.8911458333333,7.87115097045898
57.8944791666667,7.87270069122314
57.8978125,7.8742504119873
57.9011458333333,7.87568092346191
57.9044791666667,7.87705183029175
57.9078125,7.87836313247681
57.9111458333333,7.87967443466187
57.9144791666667,7.88086652755737
57.9178125,7.88205862045288
57.9211458333333,7.88319110870361
57.9244791666667,7.88426399230957
57.9278125,7.88533687591553
57.9311458333333,7.88629055023193
57.9344791666667,7.88724422454834
57.9378125,7.88813829421997
57.9411458333333,7.88897275924683
57.9444791666667,7.88974761962891
57.9478125,7.89046287536621
57.9511458333333,7.89117813110352
57.9544791666667,7.89183378219604
57.9578125,7.8924298286438
57.9611458333333,7.89302587509155
57.9644791666667,7.89356231689453
57.9678125,7.89415836334229
57.9711458333333,7.89469480514526
57.9744791666667,7.89535045623779
57.9778125,7.8960657119751
57.9811458333333,7.89690017700195
57.9844791666667,7.89797306060791
57.9878125,7.89928436279297
57.9911458333333,7.90083408355713
57.9944791666667,7.90268182754517
57.9978125,7.90482759475708
58.0011458333333,7.90727138519287
58.0044791666667,7.90995359420776
58.0078125,7.91281461715698
58.0111458333333,7.91579484939575
58.0144791666667,7.91895389556885
58.0178125,7.92217254638672
58.0211458333333,7.92539119720459
58.0244791666667,7.92866945266724
58.0278125,7.93188810348511
58.0311458333333,7.93510675430298
58.0344791666667,7.9382061958313
58.0378125,7.94124603271484
58.0411458333333,7.94422626495361
58.0444791666667,7.94702768325806
58.0478125,7.94970989227295
58.0511458333333,7.95227289199829
58.0544791666667,7.95465707778931
58.0578125,7.956862449646
58.0611458333333,7.95900821685791
58.0644791666667,7.9609751701355
58.0678125,7.96294212341309
58.0711458333333,7.9648494720459
58.0744791666667,7.96669721603394
58.0778125,7.96860456466675
58.0811458333333,7.97051191329956
58.0844791666667,7.97247886657715
58.0878125,7.97432661056519
58.0911458333333,7.97617435455322
58.0944791666667,7.97796249389648
58.0978125,7.9796314239502
58.1011458333333,7.98118114471436
58.1044791666667,7.98255205154419
58.1078125,7.98392295837402
58.1111458333333,7.98511505126953
58.1144791666667,7.98630714416504
58.1178125,7.98743963241577
58.1211458333333,7.98863172531128
58.1244791666667,7.98994302749634
58.1278125,7.9912543296814
58.1311458333333,7.99268484115601
58.1344791666667,7.99417495727539
58.1378125,7.99578428268433
58.1411458333333,7.99745321273804
58.1444791666667,7.99918174743652
58.1478125,8.00091028213501
58.1511458333333,8.00275802612305
58.1544791666667,8.00460577011108
58.1578125,8.0065131187439
58.1611458333333,8.00848007202148
58.1644791666667,8.01050662994385
58.1678125,8.01265239715576
58.1711458333333,8.01485776901245
58.1744791666667,8.01712274551392
58.1778125,8.01950693130493
58.1811458333333,8.02195072174072
58.1844791666667,8.02451372146606
58.1878125,8.02707672119141
58.1911458333333,8.02958011627197
58.1944791666667,8.03214311599731
58.1978125,8.03458690643311
58.2011458333333,8.03697109222412
58.2044791666667,8.03917646408081
58.2078125,8.04132223129272
58.2111458333333,8.04328918457031
58.2144791666667,8.04519653320313
58.2178125,8.04704427719116
58.2211458333333,8.04871320724487
58.2244791666667,8.05038213729858
58.2278125,8.05193185806274
58.2311458333333,8.05336236953735
58.2344791666667,8.05473327636719
58.2378125,8.05598497390747
58.2411458333333,8.0571174621582
58.2444791666667,8.05807113647461
58.2478125,8.05890560150146
58.2511458333333,8.05962085723877
58.2544791666667,8.06015729904175
58.2578125,8.06057453155518
58.2611458333333,8.06093215942383
58.2644791666667,8.06117057800293
58.2678125,8.06128978729248
58.2711458333333,8.06128978729248
58.2744791666667,8.06117057800293
58.2778125,8.06105136871338
58.2811458333333,8.06081295013428
58.2844791666667,8.0605149269104
58.2878125,8.06015729904175
58.2911458333333,8.05985927581787
58.2944791666667,8.05962085723877
58.2978125,8.05950164794922
58.3011458333333,8.05956125259399
58.3044791666667,8.0597996711731
58.3078125,8.06021690368652
58.3111458333333,8.06087255477905
58.3144791666667,8.06164741516113
58.3178125,8.06266069412231
58.3211458333333,8.06373357772827
58.3244791666667,8.06492567062378
58.3278125,8.06611776351929
58.3311458333333,8.06736946105957
58.3344791666667,8.06856155395508
58.3378125,8.06981325149536
58.3411458333333,8.07106494903564
58.3444791666667,8.07231664657593
58.3478125,8.07368755340576
58.3511458333333,8.0750584602356
58.3544791666667,8.07654857635498
58.3578125,8.07815790176392
58.3611458333333,8.07982683181763
58.3644791666667,8.08155536651611
58.3678125,8.08340311050415
58.3711458333333,8.08525085449219
58.3744791666667,8.087158203125
58.3778125,8.08912515640259
58.3811458333333,8.0910325050354
58.3844791666667,8.09299945831299
58.3878125,8.09496641159058
58.3911458333333,8.09687376022339
58.3944791666667,8.0987811088562
58.3978125,8.10062885284424
58.4011458333333,8.1024169921875
58.4044791666667,8.10414552688599
58.4078125,8.10575485229492
58.4111458333333,8.10724496841431
58.4144791666667,8.10861587524414
58.4178125,8.10986757278442
58.4211458333333,8.11094045639038
58.4244791666667,8.11189413070679
58.4278125,8.11266899108887
58.4311458333333,8.11338424682617
58.4344791666667,8.11392068862915
58.4378125,8.11439752578735
58.4411458333333,8.11475515365601
58.4444791666667,8.11511278152466
58.4478125,8.11541080474854
58.4511458333333,8.11570882797241
58.4544791666667,8.11606645584106
58.4578125,8.11642408370972
58.4611458333333,8.11684131622314
58.4644791666667,8.11731815338135
58.4678125,8.11773538589478
58.4711458333333,8.1181526184082
58.4744791666667,8.11851024627686
58.4778125,8.11886787414551
58.4811458333333,8.11916589736938
58.4844791666667,8.11940431594849
58.4878125,8.11958312988281
58.4911458333333,8.11982154846191
58.4944791666667,8.12005996704102
58.4978125,8.12041759490967
58.5011458333333,8.12077522277832
58.5044791666667,8.12125205993652
58.5078125,8.12184810638428
58.5111458333333,8.12250375747681
58.5144791666667,8.12327861785889
58.5178125,8.12411308288574
58.5211458333333,8.12506675720215
58.5244791666667,8.12608003616333
58.5278125,8.12727212905884
58.5311458333333,8.12852382659912
58.5344791666667,8.12995433807373
58.5378125,8.13162326812744
58.5411458333333,8.13347101211548
58.5444791666667,8.13549757003784
58.5478125,8.13776254653931
58.5511458333333,8.14026594161987
58.5544791666667,8.14294815063477
58.5578125,8.14580917358398
58.5611458333333,8.14878940582275
58.5644791666667,8.15176963806152
58.5678125,8.15480947494507
58.5711458333333,8.15778970718384
58.5744791666667,8.16065073013306
58.5778125,8.16339254379272
58.5811458333333,8.16601514816284
58.5844791666667,8.16845893859863
58.5878125,8.17066431045532
58.5911458333333,8.17269086837769
58.5944791666667,8.17453861236572
58.5978125,8.17614793777466
58.6011458333333,8.17757844924927
58.6044791666667,8.17883014678955
58.6078125,8.18002223968506
58.6111458333333,8.18109512329102
58.6144791666667,8.1821084022522
58.6178125,8.18312168121338
58.6211458333333,8.18413496017456
58.6244791666667,8.18526744842529
58.6278125,8.1864595413208
58.6311458333333,8.18777084350586
58.6344791666667,8.18926095962524
58.6378125,8.1908106803894
58.6411458333333,8.19247961044312
58.6444791666667,8.19432735443115
58.6478125,8.19623470306396
58.6511458333333,8.1983208656311
58.6544791666667,8.20040702819824
58.6578125,8.20267200469971
58.6611458333333,8.20493698120117
58.6644791666667,8.20726156234741
58.6678125,8.20958614349365
58.6711458333333,8.21197032928467
58.6744791666667,8.21429491043091
58.6778125,8.21661949157715
58.6811458333333,8.21888446807861
58.6844791666667,8.2210898399353
58.6878125,8.22323560714722
58.6911458333333,8.22532176971436
58.6944791666667,8.22728872299194
58.6978125,8.22913646697998
58.7011458333333,8.23086500167847
58.7044791666667,8.2324743270874
58.7078125,8.23390483856201
58.7111458333333,8.23521614074707
58.7144791666667,8.23640823364258
58.7178125,8.23742151260376
58.7211458333333,8.23825597763062
58.7244791666667,8.2390308380127
58.7278125,8.23974609375
58.7311458333333,8.24034214019775
58.7344791666667,8.24099779129028
58.7378125,8.24159383773804
58.7411458333333,8.24224948883057
58.7444791666667,8.24296474456787
58.7478125,8.24373960494995
58.7511458333333,8.24457406997681
58.7544791666667,8.24546813964844
58.7578125,8.24630260467529
58.7611458333333,8.24713706970215
58.7644791666667,8.24791193008423
58.7678125,8.24850797653198
58.7711458333333,8.24904441833496
58.7744791666667,8.24934244155884
58.7778125,8.24958086013794
58.7811458333333,8.24964046478271
58.7844791666667,8.24958086013794
58.7878125,8.24946165084839
58.7911458333333,8.24940204620361
58.7944791666667,8.24940204620361
58.7978125,8.24952125549316
58.8011458333333,8.24981927871704
58.8044791666667,8.25035572052002
58.8078125,8.25124979019165
58.8111458333333,8.25238227844238
58.8144791666667,8.25387239456177
58.8178125,8.25566053390503
58.8211458333333,8.25774669647217
58.8244791666667,8.26013088226318
58.8278125,8.2627534866333
58.8311458333333,8.26561450958252
58.8344791666667,8.26859474182129
58.8378125,8.27175378799438
58.8411458333333,8.27497243881226
58.8444791666667,8.2782506942749
58.8478125,8.28158855438232
58.8511458333333,8.28492641448975
58.8544791666667,8.28826427459717
58.8578125,8.29160213470459
58.8611458333333,8.29493999481201
58.8644791666667,8.29821825027466
58.8678125,8.3014965057373
58.8711458333333,8.30477476119995
58.8744791666667,8.30793380737305
58.8778125,8.31103324890137
58.8811458333333,8.31413269042969
58.8844791666667,8.31705331802368
58.8878125,8.31997394561768
58.8911458333333,8.32277536392212
58.8944791666667,8.32551717758179
58.8978125,8.32819938659668
58.9011458333333,8.3308219909668
58.9044791666667,8.33338499069214
58.9078125,8.33588838577271
58.9111458333333,8.3383321762085
58.9144791666667,8.34077596664429
58.9178125,8.34321975708008
58.9211458333333,8.34560394287109
58.9244791666667,8.34792852401733
58.9278125,8.35025310516357
58.9311458333333,8.35251808166504
58.9344791666667,8.35472345352173
58.9378125,8.35686922073364
58.9411458333333,8.35883617401123
58.9444791666667,8.36074352264404
58.9478125,8.36247205734253
58.9511458333333,8.36408138275146
58.9544791666667,8.36551189422607
58.9578125,8.36676359176636
58.9611458333333,8.36789608001709
58.9644791666667,8.3688497543335
58.9678125,8.36962461471558
58.9711458333333,8.37033987045288
58.9744791666667,8.37093591690063
58.9778125,8.37147235870361
58.9811458333333,8.37200880050659
58.9844791666667,8.37254524230957
58.9878125,8.37314128875732
58.9911458333333,8.37385654449463
58.9944791666667,8.37481021881104
58.9978125,8.37594270706177
59.0011458333333,8.37725400924683
59.0044791666667,8.37880373001099
59.0078125,8.38065147399902
59.0111458333333,8.38273763656616
59.0144791666667,8.3850622177124
59.0178125,8.38768482208252
59.0211458333333,8.39054584503174
59.0244791666667,8.39364528656006
59.0278125,8.39692354202271
59.0311458333333,8.40044021606445
59.0344791666667,8.40407609939575
59.0378125,8.40789079666138
59.0411458333333,8.41176509857178
59.0444791666667,8.41563940048218
59.0478125,8.4194540977478
59.0511458333333,8.42314958572388
59.0544791666667,8.42678546905518
59.0578125,8.43018293380737
59.0611458333333,8.43334197998047
59.0644791666667,8.43626260757446
59.0678125,8.43900442123413
59.0711458333333,8.44144821166992
59.0744791666667,8.44371318817139
59.0778125,8.44579935073853
59.0811458333333,8.44764709472656
59.0844791666667,8.44937562942505
59.0878125,8.45098495483398
59.0911458333333,8.45253467559814
59.0944791666667,8.45402479171753
59.0978125,8.45557451248169
59.1011458333333,8.45712423324585
59.1044791666667,8.45873355865479
59.1078125,8.4604024887085
59.1111458333333,8.46213102340698
59.1144791666667,8.46391916275024
59.1178125,8.46570730209351
59.1211458333333,8.46755504608154
59.1244791666667,8.4693431854248
59.1278125,8.47119092941284
59.1311458333333,8.4729790687561
59.1344791666667,8.47476720809937
59.1378125,8.47655534744263
59.1411458333333,8.47834348678589
59.1444791666667,8.48013162612915
59.1478125,8.48191976547241
59.1511458333333,8.4836483001709
59.1544791666667,8.48543643951416
59.1578125,8.48710536956787
59.1611458333333,8.48865509033203
59.1644791666667,8.49002599716187
59.1678125,8.4911584854126
59.1711458333333,8.49205255508423
59.1744791666667,8.49270820617676
59.1778125,8.49300622940063
59.1811458333333,8.49306583404541
59.1844791666667,8.49288702011108
59.1878125,8.49246978759766
59.1911458333333,8.49205255508423
59.1944791666667,8.49157571792603
59.1978125,8.49121809005737
59.2011458333333,8.49097967147827
59.2044791666667,8.49103927612305
59.2078125,8.49133729934692
59.2111458333333,8.49193334579468
59.2144791666667,8.49294662475586
59.2178125,8.49425792694092
59.2211458333333,8.49586725234985
59.2244791666667,8.49777460098267
59.2278125,8.49997997283936
59.2311458333333,8.50236415863037
59.2344791666667,8.50492715835571
59.2378125,8.50760936737061
59.2411458333333,8.51023197174072
59.2444791666667,8.51285457611084
59.2478125,8.51529836654663
59.2511458333333,8.5175633430481
59.2544791666667,8.51964950561523
59.2578125,8.52149724960327
59.2611458333333,8.52310657501221
59.2644791666667,8.52453708648682
59.2678125,8.5257887840271
59.2711458333333,8.52698087692261
59.2744791666667,8.52799415588379
59.2778125,8.52900743484497
59.2811458333333,8.53002071380615
59.2844791666667,8.53091478347778
59.2878125,8.53180885314941
59.2911458333333,8.53270292282104
59.2944791666667,8.53359699249268
59.2978125,8.53443145751953
59.3011458333333,8.53532552719116
59.3044791666667,8.53633880615234
59.3078125,8.5374116897583
59.3111458333333,8.53860378265381
59.3144791666667,8.54009389877319
59.3178125,8.5417628288269
59.3211458333333,8.54367017745972
59.3244791666667,8.54581594467163
59.3278125,8.54825973510742
59.3311458333333,8.55094194412231
59.3344791666667,8.55374336242676
59.3378125,8.55672359466553
59.3411458333333,8.55976343154907
59.3444791666667,8.56286287307739
59.3478125,8.56596231460571
59.3511458333333,8.56894254684448
59.3544791666667,8.57174396514893
59.3578125,8.57436656951904
59.3611458333333,8.57681035995483
59.3644791666667,8.57895612716675
59.3678125,8.58080387115479
59.3711458333333,8.58235359191895
59.3744791666667,8.58360528945923
59.3778125,8.58449935913086
59.3811458333333,8.58509540557861
59.3844791666667,8.58545303344727
59.3878125,8.58551263809204
59.3911458333333,8.58539342880249
59.3944791666667,8.58515501022339
59.3978125,8.58479738235474
59.4011458333333,8.58449935913086
59.4044791666667,8.58438014984131
59.4078125,8.58438014984131
59.4111458333333,8.58473777770996
59.4144791666667,8.58539342880249
59.4178125,8.58640670776367
59.4211458333333,8.58777761459351
59.4244791666667,8.58944654464722
59.4278125,8.59147310256958
59.4311458333333,8.59373807907104
59.4344791666667,8.59612226486206
59.4378125,8.5986852645874
59.4411458333333,8.60118865966797
59.4444791666667,8.60369205474854
59.4478125,8.60613584518433
59.4511458333333,8.60846042633057
59.4544791666667,8.61066579818726
59.4578125,8.61275196075439
59.4611458333333,8.61465930938721
59.4644791666667,8.61644744873047
59.4678125,8.61811637878418
59.4711458333333,8.61960649490356
59.4744791666667,8.62091779708862
59.4778125,8.62205028533936
59.4811458333333,8.62306356430054
59.4844791666667,8.62389802932739
59.4878125,8.62455368041992
59.4911458333333,8.62520933151245
59.4944791666667,8.62574577331543
59.4978125,8.62628221511841
59.5011458333333,8.62687826156616
59.5044791666667,8.62753391265869
59.5078125,8.628249168396
59.5111458333333,8.62914323806763
59.5144791666667,8.63027572631836
59.5178125,8.63152742385864
59.5211458333333,8.6330771446228
59.5244791666667,8.63480567932129
59.5278125,8.63683223724365
59.5311458333333,8.63903760910034
59.5344791666667,8.64142179489136
59.5378125,8.64404439926147
59.5411458333333,8.64678621292114
59.5444791666667,8.64958763122559
59.5478125,8.6524486541748
59.5511458333333,8.65525007247925
59.5544791666667,8.65799188613892
59.5578125,8.66067409515381
59.5611458333333,8.6631178855896
59.5644791666667,8.66538286209106
59.5678125,8.6674690246582
59.5711458333333,8.66925716400146
59.5744791666667,8.6708664894104
59.5778125,8.67223739624023
59.5811458333333,8.67336988449097
59.5844791666667,8.67438316345215
59.5878125,8.67515802383423
59.5911458333333,8.67587327957153
59.5944791666667,8.67646932601929
59.5978125,8.67700576782227
59.6011458333333,8.67748260498047
59.6044791666667,8.67795944213867
59.6078125,8.6783766746521
59.6111458333333,8.6788535118103
59.6144791666667,8.67933034896851
59.6178125,8.67986679077148
59.6211458333333,8.68052244186401
59.6244791666667,8.68135690689087
59.6278125,8.68242979049683
59.6311458333333,8.68374109268188
59.6344791666667,8.6854100227356
59.6378125,8.68737697601318
59.6411458333333,8.68970155715942
59.6444791666667,8.69226455688477
59.6478125,8.69512557983398
59.6511458333333,8.69810581207275
59.6544791666667,8.7011456489563
59.6578125,8.70418548583984
59.6611458333333,8.70704650878906
59.6644791666667,8.70972871780396
59.6678125,8.71223211288452
59.6711458333333,8.71449708938599
59.6744791666667,8.71652364730835
59.6778125,8.71837139129639
59.6811458333333,8.7200403213501
59.6844791666667,8.72159004211426
59.6878125,8.72302055358887
59.6911458333333,8.72427225112915
59.6944791666667,8.72546434402466
59.6978125,8.72653722763062
59.7011458333333,8.72743129730225
59.7044791666667,8.72820615768433
59.7078125,8.72886180877686
59.7111458333333,8.72939825057983
59.7144791666667,8.72987508773804
59.7178125,8.73041152954102
59.7211458333333,8.73100757598877
59.7244791666667,8.73172283172607
59.7278125,8.73261690139771
59.7311458333333,8.73363018035889
59.7344791666667,8.73488187789917
59.7378125,8.73619318008423
59.7411458333333,8.73768329620361
59.7444791666667,8.739173412323
59.7478125,8.74072313308716
59.7511458333333,8.74227285385132
59.7544791666667,8.7437629699707
59.7578125,8.74525308609009
59.7611458333333,8.7466835975647
59.7644791666667,8.74817371368408
59.7678125,8.74960422515869
59.7711458333333,8.75115394592285
59.7744791666667,8.75270366668701
59.7778125,8.75437259674072
59.7811458333333,8.75610113143921
59.7844791666667,8.75794887542725
59.7878125,8.75985622406006
59.7911458333333,8.76188278198242
59.7944791666667,8.76396894454956
59.7978125,8.76611471176147
59.8011458333333,8.76837968826294
59.8044791666667,8.77070426940918
59.8078125,8.7730884552002
59.8111458333333,8.77559185028076
59.8144791666667,8.77809524536133
59.8178125,8.78065824508667
59.8211458333333,8.78328084945679
59.8244791666667,8.7859034538269
59.8278125,8.78852605819702
59.8311458333333,8.79114866256714
59.8344791666667,8.79377126693726
59.8378125,8.79639387130737
59.8411458333333,8.79907608032227
59.8444791666667,8.80181789398193
59.8478125,8.80473852157593
59.8511458333333,8.8077187538147
59.8544791666667,8.81099700927734
59.8578125,8.81439447402954
59.8611458333333,8.81803035736084
59.8644791666667,8.82184505462646
59.8678125,8.82577896118164
59.8711458333333,8.82977247238159
59.8744791666667,8.83370637893677
59.8778125,8.83764028549194
59.8811458333333,8.84139537811279
59.8844791666667,8.84497165679932
59.8878125,8.84836912155151
59.8911458333333,8.85152816772461
59.8944791666667,8.8544487953186
59.8978125,8.8571310043335
59.9011458333333,8.85957479476929
59.9044791666667,8.86178016662598
59.9078125,8.86380672454834
59.9111458333333,8.86565446853638
59.9144791666667,8.86726379394531
59.9178125,8.8687539100647
59.9211458333333,8.87006521224976
59.9244791666667,8.87125730514526
59.9278125,8.87227058410645
59.9311458333333,8.87322425842285
59.9344791666667,8.87411832809448
59.9378125,8.87495279312134
59.9411458333333,8.87572765350342
59.9444791666667,8.87656211853027
59.9478125,8.87739658355713
59.9511458333333,8.87823104858398
59.9544791666667,8.87912511825562
59.9578125,8.88007879257202
59.9611458333333,8.88103246688843
59.9644791666667,8.88198614120483
59.9678125,8.88293981552124
59.9711458333333,8.88389348983765
59.9744791666667,8.88490676879883
59.9778125,8.88580083847046
59.9811458333333,8.88675451278687
59.9844791666667,8.88770818710327
59.9878125,8.88872146606445
59.9911458333333,8.88967514038086
59.9944791666667,8.89062881469727
59.9978125,8.89164209365845
60.0011458333333,8.89259576797485
60.0044791666667,8.89360904693604
60.0078125,8.89462232589722
60.0111458333333,8.8956356048584
60.0144791666667,8.89670848846436
60.0178125,8.89790058135986
60.0211458333333,8.89921188354492
60.0244791666667,8.90070199966431
60.0278125,8.90237092971802
60.0311458333333,8.90439748764038
60.0344791666667,8.90666246414185
60.0378125,8.90916585922241
60.0411458333333,8.91202688217163
60.0444791666667,8.91506671905518
60.0478125,8.91828536987305
60.0511458333333,8.92168283462524
60.0544791666667,8.92513990402222
60.0578125,8.92859697341919
60.0611458333333,8.93205404281616
60.0644791666667,8.93545150756836
60.0678125,8.93878936767578
60.0711458333333,8.94206762313843
60.0744791666667,8.9452862739563
60.0778125,8.94850492477417
60.0811458333333,8.95172357559204
60.0844791666667,8.95500183105469
60.0878125,8.95828008651733
60.0911458333333,8.96161794662476
60.0944791666667,8.96501541137695
60.0978125,8.96847248077393
60.1011458333333,8.97198915481567
60.1044791666667,8.97544622421265
60.1078125,8.97884368896484
60.1111458333333,8.98218154907227
60.1144791666667,8.98534059524536
60.1178125,8.98838043212891
60.1211458333333,8.99112224578857
60.1244791666667,8.99362564086914
60.1278125,8.99583101272583
60.1311458333333,8.99779796600342
60.1344791666667,8.99946689605713
60.1378125,9.00089740753174
60.1411458333333,9.00214910507202
60.1444791666667,9.0031623840332
60.1478125,9.00405645370483
60.1511458333333,9.00483131408691
60.1544791666667,9.00548696517944
60.1578125,9.00614261627197
60.1611458333333,9.00673866271973
60.1644791666667,9.00727510452271
60.1678125,9.00781154632568
60.1711458333333,9.00834798812866
60.1744791666667,9.00888442993164
60.1778125,9.00936126708984
60.1811458333333,9.00977849960327
60.1844791666667,9.01013612747192
60.1878125,9.01049375534058
60.1911458333333,9.01079177856445
60.1944791666667,9.01097059249878
60.1978125,9.01114940643311
60.2011458333333,9.01120901107788
60.2044791666667,9.01120901107788
60.2078125,9.01120901107788
60.2111458333333,9.01114940643311
60.2144791666667,9.01114940643311
60.2178125,9.01114940643311
60.2211458333333,9.01114940643311
60.2244791666667,9.01126861572266
60.2278125,9.01150703430176
60.2311458333333,9.01186466217041
60.2344791666667,9.01240110397339
60.2378125,9.01311635971069
60.2411458333333,9.01401042938232
60.2444791666667,9.01514291763306
60.2478125,9.01645421981812
60.2511458333333,9.01800394058228
60.2544791666667,9.01973247528076
60.2578125,9.02169942855835
60.2611458333333,9.02384519577026
60.2644791666667,9.02622938156128
60.2678125,9.0288519859314
60.2711458333333,9.03171300888062
60.2744791666667,9.03487205505371
60.2778125,9.03832912445068
60.2811458333333,9.04214382171631
60.2844791666667,9.04619693756104
60.2878125,9.05060768127441
60.2911458333333,9.05531644821167
60.2944791666667,9.06020402908325
60.2978125,9.06527042388916
60.3011458333333,9.07045602798462
60.3044791666667,9.07570123672485
60.3078125,9.08088684082031
60.3111458333333,9.08595323562622
60.3144791666667,9.0908408164978
60.3178125,9.09548997879028
60.3211458333333,9.09990072250366
60.3244791666667,9.10407304763794
60.3278125,9.10788774490356
60.3311458333333,9.11140441894531
60.3344791666667,9.11468267440796
60.3378125,9.11778211593628
60.3411458333333,9.1206431388855
60.3444791666667,9.12332534790039
60.3478125,9.12594795227051
60.3511458333333,9.12857055664063
60.3544791666667,9.13113355636597
60.3578125,9.13363695144653
60.3611458333333,9.13619995117188
60.3644791666667,9.13864374160767
60.3678125,9.14102792739868
60.3711458333333,9.14323329925537
60.3744791666667,9.14531946182251
60.3778125,9.14722681045532
60.3811458333333,9.14889574050903
60.3844791666667,9.15038585662842
60.3878125,9.15169715881348
60.3911458333333,9.15282964706421
60.3944791666667,9.15390253067017
60.3978125,9.15497541427612
60.4011458333333,9.15610790252686
60.4044791666667,9.15724039077759
60.4078125,9.15855169296265
60.4111458333333,9.16004180908203
60.4144791666667,9.16159152984619
60.4178125,9.16337966918945
60.4211458333333,9.16528701782227
60.4244791666667,9.16731357574463
60.4278125,9.16939973831177
60.4311458333333,9.17148590087891
60.4344791666667,9.17363166809082
60.4378125,9.17571783065796
60.4411458333333,9.1778039932251
60.4444791666667,9.17983055114746
60.4478125,9.18179750442505
60.4511458333333,9.18364524841309
60.4544791666667,9.18549299240112
60.4578125,9.18722152709961
60.4611458333333,9.18883085250854
60.4644791666667,9.19044017791748
60.4678125,9.19193029403687
60.4711458333333,9.1933012008667
60.4744791666667,9.19455289840698
60.4778125,9.19568538665771
60.4811458333333,9.1966986656189
60.4844791666667,9.19753313064575
60.4878125,9.19824838638306
60.4911458333333,9.19878482818604
60.4944791666667,9.19926166534424
60.4978125,9.19961929321289
60.5011458333333,9.19997692108154
60.5044791666667,9.2003345489502
60.5078125,9.20075178146362
60.5111458333333,9.20134782791138
60.5144791666667,9.20206308364868
60.5178125,9.20301675796509
60.5211458333333,9.20414924621582
60.5244791666667,9.20552015304565
60.5278125,9.20706987380981
60.5311458333333,9.20885801315308
60.5344791666667,9.21076536178589
60.5378125,9.21285152435303
60.5411458333333,9.21511650085449
60.5444791666667,9.21756029129028
60.5478125,9.22024250030518
60.5511458333333,9.22304391860962
60.5544791666667,9.22602415084839
60.5578125,9.22924280166626
60.5611458333333,9.23258066177368
60.5644791666667,9.23603773117065
60.5678125,9.2395544052124
60.5711458333333,9.24307107925415
60.5744791666667,9.24646854400635
60.5778125,9.24980640411377
60.5811458333333,9.25290584564209
60.5844791666667,9.25576686859131
60.5878125,9.25838947296143
60.5911458333333,9.26071405410767
60.5944791666667,9.26274061203003
60.5978125,9.26446914672852
60.6011458333333,9.2659592628479
60.6044791666667,9.26721096038818
60.6078125,9.26828384399414
60.6111458333333,9.26923751831055
60.6144791666667,9.2700719833374
60.6178125,9.27090644836426
60.6211458333333,9.27180051803589
60.6244791666667,9.27269458770752
60.6278125,9.27364826202393
60.6311458333333,9.27466154098511
60.6344791666667,9.27573442459106
60.6378125,9.27680730819702
60.6411458333333,9.27793979644775
60.6444791666667,9.27895307540894
60.6478125,9.28002595901489
60.6511458333333,9.2809796333313
60.6544791666667,9.28187370300293
60.6578125,9.28276777267456
60.6611458333333,9.28360223770142
60.6644791666667,9.28449630737305
60.6678125,9.28539037704468
60.6711458333333,9.28640365600586
60.6744791666667,9.28753614425659
60.6778125,9.28884744644165
60.6811458333333,9.29033756256104
60.6844791666667,9.29206609725952
60.6878125,9.29391384124756
60.6911458333333,9.29594039916992
60.6944791666667,9.29820537567139
60.6978125,9.3005895614624
60.7011458333333,9.30303335189819
60.7044791666667,9.30559635162354
60.7078125,9.30815935134888
60.7111458333333,9.31072235107422
60.7144791666667,9.31322574615479
60.7178125,9.31566953659058
60.7211458333333,9.31793451309204
60.7244791666667,9.32002067565918
60.7278125,9.32192802429199
60.7311458333333,9.3235969543457
60.7344791666667,9.32508707046509
60.7378125,9.32633876800537
60.7411458333333,9.3274712562561
60.7444791666667,9.32836532592773
60.7478125,9.32919979095459
60.7511458333333,9.32997465133667
60.7544791666667,9.33074951171875
60.7578125,9.33158397674561
60.7611458333333,9.33241844177246
60.7644791666667,9.33337211608887
60.7678125,9.3345046043396
60.7711458333333,9.33575630187988
60.7744791666667,9.33718681335449
60.7778125,9.33879613876343
60.7811458333333,9.34058427810669
60.7844791666667,9.34261083602905
60.7878125,9.34481620788574
60.7911458333333,9.34725999832153
60.7944791666667,9.34988260269165
60.7978125,9.35268402099609
60.8011458333333,9.35566425323486
60.8044791666667,9.35882329940796
60.8078125,9.36216115951538
60.8111458333333,9.36561822891235
60.8144791666667,9.36931371688843
60.8178125,9.37312841415405
60.8211458333333,9.377121925354
60.8244791666667,9.38129425048828
60.8278125,9.38564538955688
60.8311458333333,9.39011573791504
60.8344791666667,9.39470529556274
60.8378125,9.39929485321045
60.8411458333333,9.40388441085815
60.8444791666667,9.40847396850586
60.8478125,9.41300392150879
60.8511458333333,9.41735506057739
60.8544791666667,9.42152738571167
60.8578125,9.42546129226685
60.8611458333333,9.42915678024292
60.8644791666667,9.43255424499512
60.8678125,9.43565368652344
60.8711458333333,9.43833589553833
60.8744791666667,9.44066047668457
60.8778125,9.44262742996216
60.8811458333333,9.44417715072632
60.8844791666667,9.44536924362183
60.8878125,9.44626331329346
60.8911458333333,9.44685935974121
60.8944791666667,9.44733619689941
60.8978125,9.44775342941284
60.9011458333333,9.44817066192627
60.9044791666667,9.44864749908447
60.9078125,9.44936275482178
60.9111458333333,9.45025682449341
60.9144791666667,9.45138931274414
60.9178125,9.45281982421875
60.9211458333333,9.45442914962769
60.9244791666667,9.45627689361572
60.9278125,9.45836305618286
60.9311458333333,9.46062803268433
60.9344791666667,9.46301221847534
60.9378125,9.46557521820068
60.9411458333333,9.46825742721558
60.9444791666667,9.47105884552002
60.9478125,9.47397947311401
60.9511458333333,9.47707891464233
60.9544791666667,9.48029756546021
60.9578125,9.48357582092285
60.9611458333333,9.48703289031982
60.9644791666667,9.49060916900635
60.9678125,9.49424505233765
60.9711458333333,9.49794054031372
60.9744791666667,9.50169563293457
60.9778125,9.50545072555542
60.9811458333333,9.50914621353149
60.9844791666667,9.51284170150757
60.9878125,9.51647758483887
60.9911458333333,9.51999425888062
60.9944791666667,9.52339172363281
60.9978125,9.52666997909546
61.0011458333333,9.52976942062378
61.0044791666667,9.53274965286255
61.0078125,9.53543186187744
61.0111458333333,9.53793525695801
61.0144791666667,9.5401406288147
61.0178125,9.54204797744751
61.0211458333333,9.54365730285645
61.0244791666667,9.54490900039673
61.0278125,9.54592227935791
61.0311458333333,9.54657793045044
61.0344791666667,9.54693555831909
61.0378125,9.54699516296387
61.0411458333333,9.54681634902954
61.0444791666667,9.54651832580566
61.0478125,9.54598188400269
61.0511458333333,9.54544544219971
61.0544791666667,9.54484939575195
61.0578125,9.54437255859375
61.0611458333333,9.54395532608032
61.0644791666667,9.543776512146
61.0678125,9.54383611679077
61.0711458333333,9.54419374465942
61.0744791666667,9.54490900039673
61.0778125,9.54586267471313
61.0811458333333,9.54717397689819
61.0844791666667,9.54872369766235
61.0878125,9.55057144165039
61.0911458333333,9.55265760421753
61.0944791666667,9.55498218536377
61.0978125,9.55742597579956
61.1011458333333,9.5599889755249
61.1044791666667,9.56273078918457
61.1078125,9.56553220748901
61.1111458333333,9.56839323043823
61.1144791666667,9.571373462677
61.1178125,9.57441329956055
61.1211458333333,9.57757234573364
61.1244791666667,9.58085060119629
61.1278125,9.58424806594849
61.1311458333333,9.58770513534546
61.1344791666667,9.59128141403198
61.1378125,9.59497690200806
61.1411458333333,9.59867238998413
61.1444791666667,9.60236787796021
61.1478125,9.6060037612915
61.1511458333333,9.6096396446228
61.1544791666667,9.61315631866455
61.1578125,9.61655378341675
61.1611458333333,9.61989164352417
61.1644791666667,9.62299108505249
61.1678125,9.62597131729126
61.1711458333333,9.62871313095093
61.1744791666667,9.63115692138672
61.1778125,9.63330268859863
61.1811458333333,9.63515043258667
61.1844791666667,9.63664054870605
61.1878125,9.63777303695679
61.1911458333333,9.63854789733887
61.1944791666667,9.63908433914185
61.1978125,9.63938236236572
61.2011458333333,9.63950157165527
61.2044791666667,9.63956117630005
61.2078125,9.63962078094482
61.2111458333333,9.63973999023438
61.2144791666667,9.63997840881348
61.2178125,9.64045524597168
61.2211458333333,9.64111089706421
61.2244791666667,9.64200496673584
61.2278125,9.64313745498657
61.2311458333333,9.64450836181641
61.2344791666667,9.64611768722534
61.2378125,9.6479058265686
61.2411458333333,9.64993238449097
61.2444791666667,9.65213775634766
61.2478125,9.6544623374939
61.2511458333333,9.65696573257446
61.2544791666667,9.6595287322998
61.2578125,9.66227054595947
61.2611458333333,9.66501235961914
61.2644791666667,9.66787338256836
61.2678125,9.67073440551758
61.2711458333333,9.6735954284668
61.2744791666667,9.67651605606079
61.2778125,9.67943668365479
61.2811458333333,9.68235731124878
61.2844791666667,9.68533754348755
61.2878125,9.68831777572632
61.2911458333333,9.69129800796509
61.2944791666667,9.69433784484863
61.2978125,9.69737768173218
61.3011458333333,9.70041751861572
61.3044791666667,9.70339775085449
61.3078125,9.70631837844849
61.3111458333333,9.70917940139771
61.3144791666667,9.71198081970215
61.3178125,9.71472263336182
61.3211458333333,9.71734523773193
61.3244791666667,9.71996784210205
61.3278125,9.72247123718262
61.3311458333333,9.72497463226318
61.3344791666667,9.72747802734375
61.3378125,9.72986221313477
61.3411458333333,9.73224639892578
61.3444791666667,9.73457098007202
61.3478125,9.73677635192871
61.3511458333333,9.73892211914063
61.3544791666667,9.74088907241821
61.3578125,9.74273681640625
61.3611458333333,9.74440574645996
61.3644791666667,9.7460150718689
61.3678125,9.74762439727783
61.3711458333333,9.74917411804199
61.3744791666667,9.75078344345093
61.3778125,9.75245237350464
61.3811458333333,9.75435972213745
61.3844791666667,9.75650548934937
61.3878125,9.75888967514038
61.3911458333333,9.76163148880005
61.3944791666667,9.76473093032837
61.3978125,9.76812839508057
61.4011458333333,9.77194309234619
61.4044791666667,9.77611541748047
61.4078125,9.78052616119385
61.4111458333333,9.78529453277588
61.4144791666667,9.79024171829224
61.4178125,9.79536771774292
61.4211458333333,9.80067253112793
61.4244791666667,9.80609655380249
61.4278125,9.8116397857666
61.4311458333333,9.81730222702026
61.4344791666667,9.82308387756348
61.4378125,9.82898473739624
61.4411458333333,9.83500480651855
61.4444791666667,9.84114408493042
61.4478125,9.84740257263184
61.4511458333333,9.85366106033325
61.4544791666667,9.85997915267944
61.4578125,9.86623764038086
61.4611458333333,9.87237691879272
61.4644791666667,9.87839698791504
61.4678125,9.8842978477478
61.4711458333333,9.88996028900146
61.4744791666667,9.89550352096558
61.4778125,9.90086793899536
61.4811458333333,9.9061131477356
61.4844791666667,9.9111795425415
61.4878125,9.91612672805786
61.4911458333333,9.92089509963989
61.4944791666667,9.92560386657715
61.4978125,9.93013381958008
61.5011458333333,9.93454456329346
61.5044791666667,9.93883609771729
61.5078125,9.94294881820679
61.5111458333333,9.94694232940674
61.5144791666667,9.95069742202759
61.5178125,9.95433330535889
61.5211458333333,9.95779037475586
61.5244791666667,9.96100902557373
61.5278125,9.96410846710205
61.5311458333333,9.96696949005127
61.5344791666667,9.96971130371094
61.5378125,9.9722146987915
61.5411458333333,9.97459888458252
61.5444791666667,9.97686386108398
61.5478125,9.97906923294067
61.5511458333333,9.98115539550781
61.5544791666667,9.98318195343018
61.5578125,9.98514890670776
61.5611458333333,9.98711585998535
61.5644791666667,9.98908281326294
61.5678125,9.99099016189575
61.5711458333333,9.99289751052856
61.5744791666667,9.99480485916138
61.5778125,9.99659299850464
61.5811458333333,9.9983811378479
61.5844791666667,10.0001692771912
61.5878125,10.0018382072449
61.5911458333333,10.0035071372986
61.5944791666667,10.0051760673523
61.5978125,10.0067853927612
61.6011458333333,10.0084543228149
61.6044791666667,10.0101232528687
61.6078125,10.0118517875671
61.6111458333333,10.0136399269104
61.6144791666667,10.0155472755432
61.6178125,10.0175142288208
61.6211458333333,10.0196003913879
61.6244791666667,10.0217461585999
61.6278125,10.0239515304565
61.6311458333333,10.0260972976685
61.6344791666667,10.0282430648804
61.6378125,10.0302696228027
61.6411458333333,10.0321769714355
61.6444791666667,10.0337862968445
61.6478125,10.0352168083191
61.6511458333333,10.0363492965698
61.6544791666667,10.0372433662415
61.6578125,10.0378394126892
61.6611458333333,10.0382566452026
61.6644791666667,10.0383758544922
61.6678125,10.0383162498474
61.6711458333333,10.0380778312683
61.6744791666667,10.0376009941101
61.6778125,10.0370049476624
61.6811458333333,10.0362300872803
61.6844791666667,10.0352764129639
61.6878125,10.0342035293579
61.6911458333333,10.0330114364624
61.6944791666667,10.0317597389221
61.6978125,10.0304484367371
61.7011458333333,10.0290775299072
61.7044791666667,10.0277662277222
61.7078125,10.0264549255371
61.7111458333333,10.0252032279968
61.7144791666667,10.0240111351013
61.7178125,10.0229978561401
61.7211458333333,10.0221037864685
61.7244791666667,10.0213885307312
61.7278125,10.020911693573
61.7311458333333,10.0206136703491
61.7344791666667,10.0204944610596
61.7378125,10.0206732749939
61.7411458333333,10.0210309028625
61.7444791666667,10.0215673446655
61.7478125,10.0222229957581
61.7511458333333,10.0230574607849
61.7544791666667,10.0239515304565
61.7578125,10.0249052047729
61.7611458333333,10.0257992744446
61.7644791666667,10.0266933441162
61.7678125,10.0274682044983
61.7711458333333,10.028064250946
61.7744791666667,10.0284814834595
61.7778125,10.0287199020386
61.7811458333333,10.0287199020386
61.7844791666667,10.0285410881042
61.7878125,10.0281238555908
61.7911458333333,10.0274682044983
61.7944791666667,10.0266337394714
61.7978125,10.0256204605103
61.8011458333333,10.02436876297
61.8044791666667,10.0229382514954
61.8078125,10.0213289260864
61.8111458333333,10.0194811820984
61.8144791666667,10.017454624176
61.8178125,10.0151896476746
61.8211458333333,10.0127458572388
61.8244791666667,10.0101232528687
61.8278125,10.0074410438538
61.8311458333333,10.0045800209045
61.8344791666667,10.0016593933105
61.8378125,9.99867916107178
61.8411458333333,9.99563932418823
61.8444791666667,9.99259948730469
61.8478125,9.98955965042114
61.8511458333333,9.98657941818237
61.8544791666667,9.9835991859436
61.8578125,9.98073816299438
61.8611458333333,9.97787714004517
61.8644791666667,9.9751353263855
61.8678125,9.97251272201538
61.8711458333333,9.96994972229004
61.8744791666667,9.96744632720947
61.8778125,9.96506214141846
61.8811458333333,9.96273756027222
61.8844791666667,9.96047258377075
61.8878125,9.95826721191406
61.8911458333333,9.95612144470215
61.8944791666667,9.95397567749023
61.8978125,9.95194911956787
61.9011458333333,9.94998216629028
61.9044791666667,9.94813442230225
61.9078125,9.94628667831421
61.9111458333333,9.9446177482605
61.9144791666667,9.94300842285156
61.9178125,9.9414587020874
61.9211458333333,9.94002819061279
61.9244791666667,9.93859767913818
61.9278125,9.93722677230835
61.9311458333333,9.93585586547852
61.9344791666667,9.93454456329346
61.9378125,9.93335247039795
61.9411458333333,9.93216037750244
61.9444791666667,9.93114709854126
61.9478125,9.93025302886963
61.9511458333333,9.92953777313232
61.9544791666667,9.92900133132935
61.9578125,9.92870330810547
61.9611458333333,9.92852449417114
61.9644791666667,9.92852449417114
61.9678125,9.92870330810547
61.9711458333333,9.92888212203979
61.9744791666667,9.92918014526367
61.9778125,9.92941856384277
61.9811458333333,9.92971658706665
61.9844791666667,9.92989540100098
61.9878125,9.93001461029053
61.9911458333333,9.9300742149353
61.9944791666667,9.93001461029053
61.9978125,9.92989540100098
62.0011458333333,9.92965698242188
62.0044791666667,9.929358959198
62.0078125,9.92894172668457
62.0111458333333,9.92840528488159
62.0144791666667,9.92769002914429
62.0178125,9.92691516876221
62.0211458333333,9.92602109909058
62.0244791666667,9.92506742477417
62.0278125,9.92399454116821
62.0311458333333,9.92280244827271
62.0344791666667,9.9216103553772
62.0378125,9.92041826248169
62.0411458333333,9.91916656494141
62.0444791666667,9.9179744720459
62.0478125,9.91684198379517
62.0511458333333,9.91576910018921
62.0544791666667,9.9148154258728
62.0578125,9.91398096084595
62.0611458333333,9.91326570510864
62.0644791666667,9.91266965866089
62.0678125,9.91231203079224
62.0711458333333,9.91207361221313
62.0744791666667,9.91195440292358
62.0778125,9.91195440292358
62.0811458333333,9.91213321685791
62.0844791666667,9.91243124008179
62.0878125,9.91290807723999
62.0911458333333,9.91338491439819
62.0944791666667,9.91404056549072
62.0978125,9.91475582122803
62.1011458333333,9.91559028625488
62.1044791666667,9.91642475128174
62.1078125,9.91737842559814
62.1111458333333,9.91839170455933
62.1144791666667,9.91940498352051
62.1178125,9.92047786712646
62.1211458333333,9.92155075073242
62.1244791666667,9.9225640296936
62.1278125,9.92357730865479
62.1311458333333,9.92453098297119
62.1344791666667,9.92536544799805
62.1378125,9.92608070373535
62.1411458333333,9.92655754089355
62.1444791666667,9.92685556411743
62.1478125,9.92691516876221
62.1511458333333,9.92667675018311
62.1544791666667,9.9261999130249
62.1578125,9.92542505264282
62.1611458333333,9.92441177368164
62.1644791666667,9.92321968078613
62.1678125,9.92178916931152
62.1711458333333,9.92017984390259
62.1744791666667,9.91839170455933
62.1778125,9.91648435592651
62.1811458333333,9.91445779800415
62.1844791666667,9.91225242614746
62.1878125,9.91004705429077
62.1911458333333,9.90772247314453
62.1944791666667,9.90539789199829
62.1978125,9.90301370620728
62.2011458333333,9.90074872970581
62.2044791666667,9.89854335784912
62.2078125,9.89645719528198
62.2111458333333,9.89449024200439
62.2144791666667,9.89270210266113
62.2178125,9.89103317260742
62.2211458333333,9.88960266113281
62.2244791666667,9.88829135894775
62.2278125,9.88715887069702
62.2311458333333,9.88614559173584
62.2344791666667,9.88519191741943
62.2378125,9.8842978477478
62.2411458333333,9.88346338272095
62.2444791666667,9.88262891769409
62.2478125,9.88179445266724
62.2511458333333,9.88101959228516
62.2544791666667,9.88024473190308
62.2578125,9.879469871521
62.2611458333333,9.87881422042847
62.2644791666667,9.87821817398071
62.2678125,9.87774133682251
62.2711458333333,9.87738370895386
62.2744791666667,9.87708568572998
62.2778125,9.87696647644043
62.2811458333333,9.87702608108521
62.2844791666667,9.87720489501953
62.2878125,9.87750291824341
62.2911458333333,9.87792015075684
62.2944791666667,9.87845659255981
62.2978125,9.87899303436279
62.3011458333333,9.87964868545532
62.3044791666667,9.88024473190308
62.3078125,9.88078117370605
62.3111458333333,9.88119840621948
62.3144791666667,9.88155603408813
62.3178125,9.88167524337769
62.3211458333333,9.88173484802246
62.3244791666667,9.88161563873291
62.3278125,9.88137722015381
62.3311458333333,9.88107919692993
62.3344791666667,9.8806619644165
62.3378125,9.88024473190308
62.3411458333333,9.8797082901001
62.3444791666667,9.87911224365234
62.3478125,9.87839698791504
62.3511458333333,9.87756252288818
62.3544791666667,9.87660884857178
62.3578125,9.87547636032104
62.3611458333333,9.87416505813599
62.3644791666667,9.87279415130615
62.3678125,9.87136363983154
62.3711458333333,9.86987352371216
62.3744791666667,9.86850261688232
62.3778125,9.86719131469727
62.3811458333333,9.86605882644653
62.3844791666667,9.86510515213013
62.3878125,9.86438989639282
62.3911458333333,9.86385345458984
62.3944791666667,9.86361503601074
62.3978125,9.86349582672119
62.4011458333333,9.86361503601074
62.4044791666667,9.86379384994507
62.4078125,9.86415147781372
62.4111458333333,9.86462831497192
62.4144791666667,9.8651647567749
62.4178125,9.86582040786743
62.4211458333333,9.86653566360474
62.4244791666667,9.86731052398682
62.4278125,9.86820459365845
62.4311458333333,9.86909866333008
62.4344791666667,9.87011194229126
62.4378125,9.87124443054199
62.4411458333333,9.87237691879272
62.4444791666667,9.87356901168823
62.4478125,9.87476110458374
62.4511458333333,9.87601280212402
62.4544791666667,9.87720489501953
62.4578125,9.87839698791504
62.4611458333333,9.879469871521
62.4644791666667,9.88048315048218
62.4678125,9.88137722015381
62.4711458333333,9.88209247589111
62.4744791666667,9.88262891769409
62.4778125,9.88298654556274
62.4811458333333,9.88316535949707
62.4844791666667,9.88310575485229
62.4878125,9.88280773162842
62.4911458333333,9.88239049911499
62.4944791666667,9.88173484802246
62.4978125,9.88095998764038
62.5011458333333,9.88006591796875
62.5044791666667,9.87911224365234
62.5078125,9.87809896469116
62.5111458333333,9.87702608108521
62.5144791666667,9.87589359283447
62.5178125,9.87476110458374
62.5211458333333,9.87362861633301
62.5244791666667,9.87255573272705
62.5278125,9.87148284912109
62.5311458333333,9.87046957015991
62.5344791666667,9.86957550048828
62.5378125,9.8688006401062
62.5411458333333,9.86814498901367
62.5444791666667,9.86760854721069
62.5478125,9.86725091934204
62.5511458333333,9.86695289611816
62.5544791666667,9.86671447753906
62.5578125,9.86653566360474
62.5611458333333,9.86635684967041
62.5644791666667,9.86611843109131
62.5678125,9.86582040786743
62.5711458333333,9.86546277999878
62.5744791666667,9.86498594284058
62.5778125,9.8644495010376
62.5811458333333,9.86379384994507
62.5844791666667,9.86307859420776
62.5878125,9.86236333847046
62.5911458333333,9.86158847808838
62.5944791666667,9.8608136177063
62.5978125,9.86009836196899
62.6011458333333,9.85950231552124
62.6044791666667,9.85896587371826
62.6078125,9.85860824584961
62.6111458333333,9.85842943191528
62.6144791666667,9.85842943191528
62.6178125,9.85854864120483
62.6211458333333,9.85878705978394
62.6244791666667,9.85914468765259
62.6278125,9.85956192016602
62.6311458333333,9.85997915267944
62.6344791666667,9.8603367805481
62.6378125,9.86063480377197
62.6411458333333,9.86093282699585
62.6444791666667,9.86111164093018
62.6478125,9.86123085021973
62.6511458333333,9.86135005950928
62.6544791666667,9.86135005950928
62.6578125,9.86123085021973
62.6611458333333,9.8610520362854
62.6644791666667,9.8608136177063
62.6678125,9.86039638519287
62.6711458333333,9.85991954803467
62.6744791666667,9.85926389694214
62.6778125,9.85848903656006
62.6811458333333,9.85771417617798
62.6844791666667,9.85682010650635
62.6878125,9.85592603683472
62.6911458333333,9.85503196716309
62.6944791666667,9.85413789749146
62.6978125,9.85336303710938
62.7011458333333,9.85258817672729
62.7044791666667,9.85193252563477
62.7078125,9.85139608383179
62.7111458333333,9.85085964202881
62.7144791666667,9.85044240951538
62.7178125,9.8501443862915
62.7211458333333,9.84996557235718
62.7244791666667,9.84984636306763
62.7278125,9.8499059677124
62.7311458333333,9.85008478164673
62.7344791666667,9.85038280487061
62.7378125,9.85085964202881
62.7411458333333,9.85139608383179
62.7444791666667,9.85199213027954
62.7478125,9.85270738601685
62.7511458333333,9.85342264175415
62.7544791666667,9.85407829284668
62.7578125,9.85479354858398
62.7611458333333,9.85550880432129
62.7644791666667,9.85616445541382
62.7678125,9.85682010650635
62.7711458333333,9.85753536224365
62.7744791666667,9.85825061798096
62.7778125,9.85902547836304
62.7811458333333,9.85980033874512
62.7844791666667,9.86063480377197
62.7878125,9.86146926879883
62.7911458333333,9.86218452453613
62.7944791666667,9.86289978027344
62.7978125,9.86349582672119
62.8011458333333,9.86397266387939
62.8044791666667,9.8642110824585
62.8078125,9.86433029174805
62.8111458333333,9.8642110824585
62.8144791666667,9.86391305923462
62.8178125,9.86337661743164
62.8211458333333,9.86266136169434
62.8244791666667,9.86176729202271
62.8278125,9.86075401306152
62.8311458333333,9.85956192016602
62.8344791666667,9.85831022262573
62.8378125,9.85699892044067
62.8411458333333,9.85556840896606
62.8444791666667,9.85413789749146
62.8478125,9.85276699066162
62.8511458333333,9.85133647918701
62.8544791666667,9.85002517700195
62.8578125,9.84877347946167
62.8611458333333,9.84764099121094
62.8644791666667,9.84668731689453
62.8678125,9.84585285186768
62.8711458333333,9.84525680541992
62.8744791666667,9.84477996826172
62.8778125,9.84454154968262
62.8811458333333,9.84442234039307
62.8844791666667,9.84448194503784
62.8878125,9.84466075897217
62.8911458333333,9.84495878219604
62.8944791666667,9.84525680541992
62.8978125,9.84561443328857
62.9011458333333,9.84597206115723
62.9044791666667,9.84632968902588
62.9078125,9.84662771224976
62.9111458333333,9.84692573547363
62.9144791666667,9.84722375869751
62.9178125,9.84746217727661
62.9211458333333,9.84764099121094
62.9244791666667,9.84776020050049
62.9278125,9.84781980514526
62.9311458333333,9.84781980514526
62.9344791666667,9.84781980514526
62.9378125,9.84770059585571
62.9411458333333,9.84764099121094
62.9444791666667,9.84752178192139
62.9478125,9.84746217727661
62.9511458333333,9.84746217727661
62.9544791666667,9.84758138656616
62.9578125,9.84770059585571
62.9611458333333,9.84793901443481
62.9644791666667,9.84823703765869
62.9678125,9.84859466552734
62.9711458333333,9.84889268875122
62.9744791666667,9.84913110733032
62.9778125,9.84936952590942
62.9811458333333,9.8494291305542
62.9844791666667,9.8494291305542
62.9878125,9.84925031661987
62.9911458333333,9.84889268875122
62.9944791666667,9.84841585159302
62.9978125,9.84776020050049
63.0011458333333,9.84692573547363
63.0044791666667,9.84591245651245
63.0078125,9.84477996826172
63.0111458333333,9.84352827072144
63.0144791666667,9.84221696853638
63.0178125,9.84078645706177
63.0211458333333,9.83935594558716
63.0244791666667,9.83786582946777
63.0278125,9.83643531799316
63.0311458333333,9.83506441116333
63.0344791666667,9.83375310897827
63.0378125,9.83250141143799
63.0411458333333,9.83130931854248
63.0444791666667,9.83023643493652
63.0478125,9.82922315597534
63.0511458333333,9.82838869094849
63.0544791666667,9.82767343521118
63.0578125,9.8271369934082
63.0611458333333,9.82677936553955
63.0644791666667,9.82660055160522
63.0678125,9.82666015625
63.0711458333333,9.8268985748291
63.0744791666667,9.8273754119873
63.0778125,9.82797145843506
63.0811458333333,9.82880592346191
63.0844791666667,9.82975959777832
63.0878125,9.83095169067383
63.0911458333333,9.83220338821411
63.0944791666667,9.8336935043335
63.0978125,9.83524322509766
